label,f0,f1,f2,f3,f4,f5,f6,f7,f8,f9,f10,f11,f12,f13,f14,f15,f16,f17,f18,f19,f20,f21,f22,f23,f24,f25,f26,f27,f28,f29,f30,f31,f32,f33,f34,f35,f36,f37,f38,f39,f40,f41,f42,f43,f44,f45,f46,f47,f48,f49,f50,f51,f52,f53,f54,f55,f56,f57,f58,f59,f60,f61,f62
B,0.0,0.0,0.0,0.11566206812858582,-0.06213486194610596,-0.07680928151910393,0.1675233542919159,-0.20348066091537476,-0.09817386608426659,0.05713507533073425,-0.293052077293396,-0.11003348421161263,-0.05603703856468201,-0.29913002252578735,-0.12062879841630547,0.18188020586967468,-0.3754050135612488,-0.0400322880954036,0.18807217478752136,-0.5357639193534851,-0.07401807796065896,0.17965218424797058,-0.6361639499664307,-0.10893126021926491,0.16933318972587585,-0.7213937640190125,-0.13587872128789513,0.09111273288726807,-0.39725983142852783,-0.03126397918765633,0.0969468355178833,-0.565393328666687,-0.05865160193150132,0.0899190604686737,-0.6764867305755615,-0.09477487396304696,0.08214908838272095,-0.7700779438018799,-0.12083512734477608,0.014157474040985107,-0.3871522545814514,-0.0318722259611377,0.009721308946609497,-0.543313592672348,-0.05957461710875123,0.006041586399078369,-0.6461024582386017,-0.08952298950259774,-0.0014886558055877686,-0.7296424806118011,-0.10904012810294716,-0.06348589062690735,-0.3503866195678711,-0.04048664312665551,-0.06245949864387512,-0.47913265228271484,-0.06398429166381447,-0.05901658535003662,-0.5621533393859863,-0.07469548474853127,-0.05847357213497162,-0.6375912427902222,-0.08101557385032265
B,0.0,0.0,0.0,0.1154586672782898,-0.06589460372924805,-0.07632650852013967,0.16525337100028992,-0.2060956358909607,-0.10033661544133565,0.05266296863555908,-0.29553353786468506,-0.115971442757143,-0.05966193974018097,-0.307242751121521,-0.13039448529292486,0.18118727207183838,-0.382732093334198,-0.03935845985819242,0.1885819435119629,-0.5430379509925842,-0.07674806982089422,0.1808742880821228,-0.6438086330890656,-0.11327685087729833,0.169194757938385,-0.7287266254425049,-0.14118265777636907,0.0899992287158966,-0.4032195806503296,-0.033489093629611943,0.09660530090332031,-0.5735794305801392,-0.0649712350945606,0.09106141328811646,-0.6846408247947693,-0.10210470527221105,0.08444014191627502,-0.7779999375343323,-0.1284926053862705,0.011669784784317017,-0.3913538455963135,-0.03776402815987012,0.010098457336425781,-0.5526170134544373,-0.07047598480988881,0.004822969436645508,-0.6588446199893951,-0.1027946290354862,-0.004509955644607544,-0.7467008233070374,-0.12330941527892492,-0.06520344316959381,-0.35378891229629517,-0.049907885936988805,-0.06343898177146912,-0.48354583978652954,-0.07775272100974462,-0.06029289960861206,-0.5661013424396515,-0.09119828462411306,-0.060363784432411194,-0.6417282521724701,-0.09919818907786748
B,0.0,0.0,0.0,0.11070588231086731,-0.07570242881774902,-0.07944867031790181,0.16230550408363342,-0.20500075817108154,-0.1114267559549944,0.05336567759513855,-0.28358525037765503,-0.13534136878467962,-0.05405968427658081,-0.30040407180786133,-0.1570425854823725,0.18139877915382385,-0.3903965353965759,-0.045405466278566564,0.1848120391368866,-0.5494991540908813,-0.09111870097137853,0.1757310926914215,-0.6494692265987396,-0.1334091352126734,0.1666235625743866,-0.734731137752533,-0.16393623517967626,0.08850309252738953,-0.40791136026382446,-0.03885072859145566,0.09770944714546204,-0.5813807249069214,-0.07640708999849721,0.09236147999763489,-0.691325843334198,-0.11456842737413808,0.08771422505378723,-0.7834479212760925,-0.14136783050514623,0.010871648788452148,-0.39471739530563354,-0.043127399106992925,0.011005699634552002,-0.5581687986850739,-0.08006979541994497,0.006699919700622559,-0.6628523468971252,-0.11022751795269414,-0.00013151764869689941,-0.7478680312633514,-0.12894126044727727,-0.06721439957618713,-0.35360777378082275,-0.05555360781170293,-0.0622846782207489,-0.4851883053779602,-0.0852453412315981,-0.05877181887626648,-0.5662818253040314,-0.0981743933460848,-0.0607781708240509,-0.6394151747226715,-0.10528123395658895
B,0.0,0.0,0.0,0.09441012144088745,-0.09135514497756958,-0.08306413997473783,0.12813353538513184,-0.22690963745117188,-0.11670019586148328,0.029494434595108032,-0.3082600235939026,-0.1438709582811839,-0.08272033929824829,-0.3308870196342468,-0.16749266643586225,0.10719519853591919,-0.40745681524276733,-0.037002970618630115,0.12226086854934692,-0.5667007565498352,-0.08618684966626233,0.1201966404914856,-0.6598774790763855,-0.13113779683175153,0.11243313550949097,-0.7501671016216278,-0.16412193436684674,0.02136644721031189,-0.42405906319618225,-0.030142861572528545,0.0376814603805542,-0.5994373559951782,-0.06596240509810514,0.029241323471069336,-0.7041328251361847,-0.09999970455231733,0.021783769130706787,-0.802860677242279,-0.1282086755758769,-0.052524954080581665,-0.4081072211265564,-0.037248683316136066,-0.04821258783340454,-0.5738732218742371,-0.07834290076556272,-0.05258822441101074,-0.6765159070491791,-0.10150265802207059,-0.058134257793426514,-0.7678702771663666,-0.11727035899224347,-0.12797829508781433,-0.3600851893424988,-0.0541536409086234,-0.1237151026725769,-0.49808555841445923,-0.08652822781863279,-0.11773860454559326,-0.5828151106834412,-0.09788749475541181,-0.11534702777862549,-0.6570228338241577,-0.1062890600091464
B,0.0,0.0,0.0,0.10762256383895874,-0.07695162296295166,-0.07140086192612216,0.154504656791687,-0.2158600091934204,-0.09480825412992999,0.04429274797439575,-0.3027154207229614,-0.11104869443897769,-0.06516975164413452,-0.3157746195793152,-0.125483263022943,0.16109353303909302,-0.3780841827392578,-0.03732337031487987,0.16326630115509033,-0.5345982909202576,-0.07445680696491763,0.1558997631072998,-0.6292221248149872,-0.11007650542978809,0.14468789100646973,-0.7097508013248444,-0.13628228355173633,0.0712994933128357,-0.39878639578819275,-0.033513761795802566,0.07337591052055359,-0.5653765201568604,-0.06251788485769794,0.06500473618507385,-0.671771377325058,-0.09692482251648471,0.05489325523376465,-0.7615974247455597,-0.12102426934961841,-0.0038330256938934326,-0.38777947425842285,-0.03928612146501109,-0.009307920932769775,-0.543621301651001,-0.06815179783825442,-0.012940019369125366,-0.6435240209102631,-0.09702700722937152,-0.022165298461914062,-0.7271628081798553,-0.11507632929806277,-0.07730954885482788,-0.35008758306503296,-0.052658382542176696,-0.08135277032852173,-0.4751869738101959,-0.07596571344856784,-0.08072343468666077,-0.5531395077705383,-0.08479008425001666,-0.08445468544960022,-0.6208973824977875,-0.08927344877247378
B,0.0,0.0,0.0,0.10883873701095581,-0.07127195596694946,-0.06569325985753949,0.1548643708229065,-0.20342379808425903,-0.08795318814361508,0.04601660370826721,-0.2830228805541992,-0.10355614187562878,-0.06320974230766296,-0.29350149631500244,-0.11818327071512158,0.15910989046096802,-0.3657054305076599,-0.03945057528460438,0.1614554524421692,-0.5214647948741913,-0.07557080002868588,0.15208148956298828,-0.618097722530365,-0.10872745575750287,0.13513576984405518,-0.6982398629188538,-0.13237278225267346,0.07021316885948181,-0.38505929708480835,-0.03753002794826443,0.07367557287216187,-0.5528440177440643,-0.06516981186712201,0.06592515110969543,-0.6610640287399292,-0.09711491378391202,0.05359718203544617,-0.7480376958847046,-0.11870302321756299,-0.006530255079269409,-0.37311112880706787,-0.0442679456099313,-0.01205107569694519,-0.5305967330932617,-0.07140377970779355,-0.016057848930358887,-0.6296599805355072,-0.10018088730419095,-0.0254744291305542,-0.7098395228385925,-0.11756008180225308,-0.08225306868553162,-0.33559107780456543,-0.05782269748294766,-0.0849958062171936,-0.4604249596595764,-0.07994190665328915,-0.08379867672920227,-0.5371966361999512,-0.0892261570915025,-0.0863451361656189,-0.6024600565433502,-0.09364883663499768
B,0.0,0.0,0.0,0.13777554035186768,-0.07045906782150269,-0.11376291368264901,0.21910715103149414,-0.20421051979064941,-0.1572642907883619,0.17222744226455688,-0.32359784841537476,-0.1871054307009672,0.0848228931427002,-0.40819454193115234,-0.21366654191274392,0.13348126411437988,-0.3816533386707306,-0.07398894284028756,0.14021122455596924,-0.5551355481147766,-0.12363120768327462,0.1313679814338684,-0.6546858102083206,-0.16854123626012552,0.11683762073516846,-0.7447474002838135,-0.201503409483621,0.05197572708129883,-0.39745354652404785,-0.05204131309051263,0.05895274877548218,-0.5893433094024658,-0.09359814081449258,0.050809502601623535,-0.7002633512020111,-0.13879714761037576,0.042142629623413086,-0.7949506938457489,-0.17405034456510293,-0.023103833198547363,-0.38601458072662354,-0.04411418218273866,-0.015074610710144043,-0.5668256282806396,-0.08741182688731897,-0.01759776473045349,-0.6755091398954391,-0.12761992070932138,-0.020359724760055542,-0.7632899880409241,-0.156066580155084,-0.10024482011795044,-0.3511577844619751,-0.04704762477535951,-0.09135031700134277,-0.49458804726600647,-0.08303438726920831,-0.0873212218284607,-0.5810473561286926,-0.10705499950904596,-0.08666229248046875,-0.6575628221035004,-0.125563068726251
B,0.0,0.0,0.0,0.13698339462280273,-0.070198655128479,-0.13510529279074035,0.21716642379760742,-0.1911824345588684,-0.19078492700418792,0.17587196826934814,-0.30888932943344116,-0.23248228012880645,0.07975912094116211,-0.38825857639312744,-0.2730347174342569,0.14558535814285278,-0.3595210015773773,-0.059064097249120096,0.15529710054397583,-0.5227596759796143,-0.090130004578441,0.14562207460403442,-0.6219278275966644,-0.13011516212782226,0.13158011436462402,-0.7048353254795074,-0.16344424664339385,0.06302332878112793,-0.3699154853820801,-0.027982109704225877,0.07158076763153076,-0.5517941117286682,-0.048760029965251306,0.06163191795349121,-0.6636068224906921,-0.09736059188207946,0.05388826131820679,-0.7593027055263519,-0.1400635796721872,-0.013015836477279663,-0.3624032735824585,-0.013953794271856168,-0.004647374153137207,-0.531791090965271,-0.0372965778346952,-0.006899833679199219,-0.6411268264055252,-0.0872717904981073,-0.009711742401123047,-0.7223922610282898,-0.12936999976000152,-0.09113579988479614,-0.33723029494285583,-0.013838006661444524,-0.0837564468383789,-0.4701322317123413,-0.03727931111416183,-0.08396553993225098,-0.5558221340179443,-0.06814214914402328,-0.0849841833114624,-0.6270720213651657,-0.09784958093723617
B,0.0,0.0,0.0,0.12245333194732666,-0.050649404525756836,-0.06684059282196131,0.1891571283340454,-0.15803545713424683,-0.08715957035673227,0.15126383304595947,-0.2621135711669922,-0.09959196676862803,0.07580447196960449,-0.3115224242210388,-0.11329778661382761,0.1263459324836731,-0.29597991704940796,-0.04511091118109789,0.13059180974960327,-0.4325084090232849,-0.08128989120376673,0.1225094199180603,-0.5201982259750366,-0.11514213313711252,0.11122369766235352,-0.5945194065570831,-0.13999236007583704,0.05363374948501587,-0.3141687512397766,-0.03623109315884676,0.05578070878982544,-0.4619750380516052,-0.07046763976467219,0.05132633447647095,-0.5620557814836502,-0.10882081468952265,0.043910324573516846,-0.6426836252212524,-0.13528733333004084,-0.012099921703338623,-0.3054960370063782,-0.034847501715546514,-0.012016057968139648,-0.44719329476356506,-0.07015673448694315,-0.009562373161315918,-0.5414770245552063,-0.10602184762609568,-0.011607527732849121,-0.6170560419559479,-0.12848699470413294,-0.081942617893219,-0.27482181787490845,-0.03883330528987017,-0.08159369230270386,-0.38809338212013245,-0.07245298107517328,-0.07703810930252075,-0.462610125541687,-0.0936919712032136,-0.07469773292541504,-0.5267702043056488,-0.1065747477616128
B,0.0,0.0,0.0,0.11917158961296082,-0.019666731357574463,-0.07196491589905918,0.19752642512321472,-0.1224096417427063,-0.09119299432398975,0.16592392325401306,-0.21544575691223145,-0.10107763489844501,0.10794195532798767,-0.25984251499176025,-0.11045656731488407,0.18774929642677307,-0.27661651372909546,-0.044682793376466634,0.21044877171516418,-0.4001118242740631,-0.07568925997378528,0.2084921896457672,-0.4823675751686096,-0.10535502066971958,0.20269188284873962,-0.5537460446357727,-0.12844217201831043,0.11732783913612366,-0.3034557104110718,-0.03041307633878887,0.13800224661827087,-0.4386526942253113,-0.057808835116645696,0.14597758650779724,-0.5282029509544373,-0.09006956597926319,0.15222856402397156,-0.602093905210495,-0.11306167772175968,0.052510231733322144,-0.2987622618675232,-0.02455098746480644,0.06404140591621399,-0.4280385673046112,-0.05421916028620899,0.07321825623512268,-0.5072204768657684,-0.08639905234934986,0.08278891444206238,-0.5750728249549866,-0.1070850231325835,-0.010932713747024536,-0.27029263973236084,-0.025464613047859075,9.09268856048584e-05,-0.3678106665611267,-0.05204146361114681,0.013535469770431519,-0.4247826039791107,-0.06997140130164325,0.027438253164291382,-0.47565943002700806,-0.08203443518044651
B,0.0,0.0,0.0,0.11151450872421265,-0.02595311403274536,-0.07301908874637775,0.1928291916847229,-0.12690794467926025,-0.09355931872255496,0.17103910446166992,-0.2192944884300232,-0.10521782332784824,0.114443838596344,-0.2555757164955139,-0.11659289294607333,0.18899506330490112,-0.27604782581329346,-0.04429448911673717,0.211381196975708,-0.39754366874694824,-0.07445746058351688,0.21022534370422363,-0.4807355999946594,-0.10485258841640643,0.20637774467468262,-0.5544682443141937,-0.12943515324718646,0.12238258123397827,-0.30418020486831665,-0.030074659304091256,0.14297741651535034,-0.4378790855407715,-0.057728113175699036,0.1498781442642212,-0.5280839800834656,-0.09122528278953723,0.15546643733978271,-0.6034188866615295,-0.11551115805036716,0.06026589870452881,-0.3006213903427124,-0.023945273400613587,0.07188600301742554,-0.428318053483963,-0.053008282126256745,0.07859545946121216,-0.5094754099845886,-0.08405888223774127,0.08585125207901001,-0.5771921277046204,-0.10445978635675601,-0.002546340227127075,-0.2734394073486328,-0.024969562457272332,0.005414068698883057,-0.37089312076568604,-0.049852059723207276,0.016682565212249756,-0.42802831530570984,-0.06577909881002597,0.02922642230987549,-0.477929949760437,-0.076981396914789
B,0.0,0.0,0.0,0.1256069540977478,-0.026566147804260254,-0.07700913536791631,0.2144850492477417,-0.13045769929885864,-0.09986931222920248,0.17840725183486938,-0.21871882677078247,-0.1125611825609667,0.1025283932685852,-0.24793046712875366,-0.12557551402096578,0.1959167718887329,-0.27799665927886963,-0.054109347494886606,0.2207014560699463,-0.4044058918952942,-0.08584696936850378,0.21993035078048706,-0.48580023646354675,-0.1170225678706629,0.21610325574874878,-0.5549940466880798,-0.14120669800286123,0.12295502424240112,-0.30266624689102173,-0.03865303981547186,0.15058398246765137,-0.4402167797088623,-0.06739319998268911,0.16019022464752197,-0.5325702428817749,-0.10377645629887411,0.16662001609802246,-0.6083222329616547,-0.13020819562916586,0.05917078256607056,-0.29859596490859985,-0.030840614321277826,0.07688277959823608,-0.427627831697464,-0.06036817047242948,0.08923912048339844,-0.511590301990509,-0.09520168739800283,0.0986446738243103,-0.5785733759403229,-0.11843712020163366,-0.0033063888549804688,-0.2724740505218506,-0.029872960853026598,0.010430574417114258,-0.37138232588768005,-0.05481350186710188,0.024044394493103027,-0.434175044298172,-0.07238003748898336,0.035432636737823486,-0.4881528615951538,-0.0851755453968508
B,0.0,0.0,0.0,0.09690678119659424,-0.03424060344696045,-0.06256921602454213,0.19047588109970093,-0.13528162240982056,-0.0829305501100066,0.19869202375411987,-0.21601659059524536,-0.09640856100287465,0.16692274808883667,-0.26904749870300293,-0.11016055209603337,0.21282148361206055,-0.2615703344345093,-0.05085266394581822,0.24841874837875366,-0.3854061961174011,-0.0868012161370757,0.24947941303253174,-0.4723466634750366,-0.11860917521681813,0.24710339307785034,-0.5462125539779663,-0.14311286075081853,0.15798985958099365,-0.287489116191864,-0.04433120427694348,0.18647050857543945,-0.42301124334335327,-0.08217869712080983,0.19526588916778564,-0.5178985595703125,-0.12076785428490666,0.2019711136817932,-0.5958422124385834,-0.1468508468386176,0.1079367995262146,-0.2866983413696289,-0.04395933462348012,0.11687231063842773,-0.41830968856811523,-0.08517199767794637,0.12030357122421265,-0.5083670020103455,-0.11822356296744374,0.12512624263763428,-0.5787301659584045,-0.1382209138390067,0.053483545780181885,-0.2648189663887024,-0.04853554083075551,0.04269367456436157,-0.36371397972106934,-0.08481449646916417,0.041828453540802,-0.424321711063385,-0.10151438428130177,0.048237621784210205,-0.47310778498649597,-0.11095770461525944
B,0.0,0.0,0.0,0.10723036527633667,-0.02420175075531006,-0.07345655753198344,0.19986867904663086,-0.12618392705917358,-0.09624372615400034,0.20838087797164917,-0.2121974229812622,-0.1093973760205813,0.18354958295822144,-0.2658713459968567,-0.12252052321019846,0.20292407274246216,-0.26269054412841797,-0.058058066358000815,0.23412072658538818,-0.3882692754268646,-0.09636360599580485,0.23723798990249634,-0.4741317629814148,-0.12941049232068735,0.2358134388923645,-0.5457381904125214,-0.15429642989221293,0.13899123668670654,-0.29148155450820923,-0.04498822807255465,0.16851001977920532,-0.4256933331489563,-0.08382222994151789,0.18060094118118286,-0.5207555890083313,-0.12286704971376139,0.1901019811630249,-0.600816547870636,-0.14935809566560465,0.08054125308990479,-0.29131901264190674,-0.039398869563967764,0.09649968147277832,-0.421438604593277,-0.08069526596847254,0.10649728775024414,-0.5104961395263672,-0.11641517474237162,0.11575865745544434,-0.5832425653934479,-0.1387061346966334,0.020800888538360596,-0.2696009874343872,-0.03956015600743967,0.02564561367034912,-0.36708295345306396,-0.07705390646043497,0.035624802112579346,-0.4289320111274719,-0.09815596981826502,0.04854238033294678,-0.48375600576400757,-0.11137025250974375
B,0.0,0.0,0.0,0.11791729927062988,-0.019317448139190674,-0.08073655292088233,0.20082920789718628,-0.117184579372406,-0.110375744846408,0.15362733602523804,-0.21102923154830933,-0.12899956628376685,0.06858116388320923,-0.24386441707611084,-0.14859337135845863,0.18687236309051514,-0.26798903942108154,-0.07080739512736045,0.21216833591461182,-0.39677974581718445,-0.1089355923205062,0.21488404273986816,-0.4789964556694031,-0.14201194569164954,0.21308088302612305,-0.5475232601165771,-0.16684747263485633,0.11234354972839355,-0.2968289256095886,-0.056633663919512856,0.1426263451576233,-0.4344344139099121,-0.09201711192423545,0.15567320585250854,-0.5276182889938354,-0.12900493070179664,0.1630224585533142,-0.6032253801822662,-0.15480368360573493,0.04668635129928589,-0.294303297996521,-0.0499468162625476,0.06927978992462158,-0.42729395627975464,-0.08479852750593864,0.08421432971954346,-0.5125003457069397,-0.12044540568882667,0.09381181001663208,-0.5827340185642242,-0.14356922134453498,-0.018532276153564453,-0.2694013714790344,-0.0498983725875064,0.005589008331298828,-0.3706798851490021,-0.08007949366862022,0.025857925415039062,-0.43453770875930786,-0.09985727592999183,0.04018813371658325,-0.4903866648674011,-0.11352063491636954
B,0.0,0.0,0.0,0.11901921033859253,-0.01717156171798706,-0.0803002492460223,0.20156091451644897,-0.11161643266677856,-0.10766395190086087,0.15232044458389282,-0.20457994937896729,-0.12391746797885617,0.07258874177932739,-0.24231886863708496,-0.14087561526622494,0.188967764377594,-0.26311880350112915,-0.06451727458562573,0.21186798810958862,-0.38767802715301514,-0.10095204421605786,0.21653974056243896,-0.4694666266441345,-0.13308659949626644,0.21615839004516602,-0.5396108031272888,-0.15774583080138882,0.11555898189544678,-0.2935161590576172,-0.04969335356082638,0.1440332531929016,-0.4241981506347656,-0.08406616756047924,0.15855729579925537,-0.5170097351074219,-0.12143222996320446,0.16773879528045654,-0.5941879451274872,-0.14771040537681301,0.0490148663520813,-0.29198509454727173,-0.042947504756114085,0.06909459829330444,-0.41759341955184937,-0.07827281215514859,0.08393019437789917,-0.5021392405033112,-0.11609457441892346,0.09410601854324341,-0.5742459297180176,-0.14067160346831997,-0.017877578735351562,-0.26760655641555786,-0.04285763212766369,0.0036951303482055664,-0.3613574206829071,-0.07473232605781277,0.02240806818008423,-0.42411482334136963,-0.09728702166404446,0.03673052787780762,-0.481747567653656,-0.11296249934758862
B,0.0,0.0,0.0,0.11732339859008789,-0.04653662443161011,-0.07304178719721222,0.18434900045394897,-0.14635401964187622,-0.10006646608314895,0.15167564153671265,-0.24650847911834717,-0.11798786168299102,0.08079290390014648,-0.29415005445480347,-0.1369432116051712,0.125329852104187,-0.29476630687713623,-0.05791106988988304,0.12829846143722534,-0.42580902576446533,-0.09743352030716323,0.11925667524337769,-0.5108262300491333,-0.13300994579992675,0.10746711492538452,-0.5836590230464935,-0.15898551588259124,0.05325049161911011,-0.3106493055820465,-0.047701714386562344,0.05505579710006714,-0.453866183757782,-0.08421515469751739,0.04940396547317505,-0.5500939637422562,-0.12188608740768814,0.04236042499542236,-0.6280341148376465,-0.14801033382616424,-0.012761056423187256,-0.30022862553596497,-0.04511538316808128,-0.012265264987945557,-0.43846654891967773,-0.08133324032030487,-0.010919809341430664,-0.5289564430713654,-0.11514504050217056,-0.012437105178833008,-0.6013911664485931,-0.13635382597647094,-0.0825377106666565,-0.2678984999656677,-0.04853950609765434,-0.08247679471969604,-0.37887638807296753,-0.08228775655231857,-0.07933151721954346,-0.4514267146587372,-0.10244367813072586,-0.07718586921691895,-0.5140000283718109,-0.11455693637333297
B,0.0,0.0,0.0,0.1182870864868164,-0.015913844108581543,-0.07359549751777195,0.20922815799713135,-0.10738635063171387,-0.09955320110816501,0.18961262702941895,-0.1950952410697937,-0.1164314036657288,0.12628990411758423,-0.24721437692642212,-0.13347625335950397,0.1993100643157959,-0.24966078996658325,-0.05922225838799022,0.23146498203277588,-0.37297120690345764,-0.09922127774257206,0.2370760440826416,-0.45896047353744507,-0.13322397670049213,0.236982524394989,-0.532208651304245,-0.15892137190598987,0.13380634784698486,-0.2824089527130127,-0.048674847691245304,0.16560548543930054,-0.4146134853363037,-0.0886853446652367,0.1800418496131897,-0.5096040666103363,-0.12801393470067524,0.19076430797576904,-0.5896643400192261,-0.15435885986585163,0.07347112894058228,-0.283768892288208,-0.045566182344146,0.09370023012161255,-0.4126224219799042,-0.08888411870498203,0.10751068592071533,-0.5015255510807037,-0.12523629864949726,0.11846357583999634,-0.5763287544250488,-0.14735920330781482,0.01339578628540039,-0.2624492645263672,-0.04816021746296428,0.02600926160812378,-0.35538268089294434,-0.08788064470786594,0.03943502902984619,-0.4175969958305359,-0.10919296345014118,0.05164992809295654,-0.47294193506240845,-0.12198107293147586
B,0.0,0.0,0.0,0.099232017993927,-0.028907835483551025,-0.06711790253729077,0.19636386632919312,-0.12283748388290405,-0.09032537331194135,0.2017797827720642,-0.20256638526916504,-0.10654747029155942,0.17232125997543335,-0.24821877479553223,-0.12298896451801511,0.21547037363052368,-0.2501961588859558,-0.04968119328231069,0.24908411502838135,-0.36766427755355835,-0.0881895153722212,0.254980206489563,-0.45624035596847534,-0.12283911099046918,0.2570628523826599,-0.5325825214385986,-0.14994196136802884,0.16149991750717163,-0.2801002860069275,-0.04160010357708188,0.18839699029922485,-0.4079074263572693,-0.08234037746996137,0.20006364583969116,-0.5039065480232239,-0.12415682812542173,0.20923203229904175,-0.5882043540477753,-0.15248597701400968,0.11113691329956055,-0.2817814350128174,-0.04023072039097997,0.12002706527709961,-0.40764421224594116,-0.08373724957317563,0.12442970275878906,-0.4981195628643036,-0.11837969263405057,0.12821263074874878,-0.5737846195697784,-0.1395072295269415,0.055634260177612305,-0.2622888684272766,-0.04438422908395978,0.047944724559783936,-0.3588828146457672,-0.08169665475696775,0.05086129903793335,-0.41875991225242615,-0.09944679131120893,0.05840599536895752,-0.4697512090206146,-0.11003394713014814
B,0.0,0.0,0.0,0.11509662866592407,-0.025634407997131348,-0.06595365438550971,0.21287113428115845,-0.12450981140136719,-0.08580771569103263,0.20265573263168335,-0.2136191725730896,-0.09821857247442267,0.15177226066589355,-0.2612312436103821,-0.11067199442476294,0.21284741163253784,-0.264759361743927,-0.04423022750705741,0.24239200353622437,-0.38675519824028015,-0.07956042621225379,0.24799257516860962,-0.47274184226989746,-0.11096334192842505,0.2509830594062805,-0.546297699213028,-0.13491172078937552,0.1489761471748352,-0.2942562699317932,-0.03525820109933875,0.17667114734649658,-0.4272151589393616,-0.07084426764339469,0.1887415647506714,-0.5226984620094299,-0.10758261118024848,0.1988753080368042,-0.6053136587142944,-0.13201289359420798,0.08999133110046387,-0.2942882776260376,-0.033563443607988575,0.10474401712417603,-0.42232686281204224,-0.07220757488101981,0.11459219455718994,-0.5118169188499451,-0.10577255222887061,0.1227579116821289,-0.5878345370292664,-0.12581855539173148,0.0296475887298584,-0.27156174182891846,-0.03751998130172751,0.03824508190155029,-0.3705999255180359,-0.07101316485494635,0.049321651458740234,-0.43258166313171387,-0.08895284417957328,0.05989104509353638,-0.48823338747024536,-0.09965631101221106
B,0.0,0.0,0.0,0.12234443426132202,-0.03301191329956055,-0.0655120598264034,0.21531516313552856,-0.1372407078742981,-0.08461767305806234,0.19051122665405273,-0.2291698455810547,-0.09655512740090444,0.12132173776626587,-0.2635701894760132,-0.10864788164570882,0.1980046033859253,-0.2781059145927429,-0.03855056558921888,0.2287607192993164,-0.4035402536392212,-0.07069234420731618,0.23534876108169556,-0.49007028341293335,-0.10097580273821904,0.2377132773399353,-0.5632392764091492,-0.12480694671347692,0.1290043592453003,-0.3091648817062378,-0.02979019341245248,0.15779823064804077,-0.44531720876693726,-0.06206294764950826,0.17160719633102417,-0.5415920317173004,-0.0984322937317188,0.18169838190078735,-0.6230611503124237,-0.12330926080420568,0.06690841913223267,-0.3092530369758606,-0.02845340279117181,0.08412843942642212,-0.44185739755630493,-0.06297404189780309,0.09671944379806519,-0.5332129597663879,-0.09733372797444417,0.1067347526550293,-0.6105927228927612,-0.11911478509381368,0.006133019924163818,-0.28570443391799927,-0.03295357768610074,0.01774698495864868,-0.3879222273826599,-0.062096579570322774,0.03263360261917114,-0.4524734616279602,-0.07965367158129766,0.04608815908432007,-0.5097471177577972,-0.091443284053355
B,0.0,0.0,0.0,0.12073731422424316,-0.03367048501968384,-0.072101133579622,0.20952188968658447,-0.13746142387390137,-0.09323477249802181,0.15962547063827515,-0.23601597547531128,-0.10564428817690441,0.06577640771865845,-0.25885647535324097,-0.1174800346440179,0.17702895402908325,-0.2871924638748169,-0.03894872840703556,0.19927209615707397,-0.41845953464508057,-0.06827848654450008,0.20483964681625366,-0.5020037889480591,-0.0975784609860284,0.20674556493759155,-0.5734280943870544,-0.1201120565480096,0.10207581520080566,-0.3155796527862549,-0.02691145677329132,0.12883347272872925,-0.4535480737686157,-0.05171866592229435,0.14096277952194214,-0.5484252870082855,-0.08355726551474163,0.14721345901489258,-0.6262171864509583,-0.10616666328371593,0.03578376770019531,-0.3145337700843811,-0.02339330937923023,0.05430781841278076,-0.44416531920433044,-0.04767041530669758,0.0677647590637207,-0.5335122346878052,-0.07810916256369183,0.07479345798492432,-0.6067575812339783,-0.09813986223400661,-0.03223216533660889,-0.2911164164543152,-0.02714164432347843,-0.014093637466430664,-0.39390355348587036,-0.04641182597936222,0.0032672882080078125,-0.46014177799224854,-0.06005621206224987,0.0156518816947937,-0.5171006321907043,-0.06981512408913204
B,0.0,0.0,0.0,0.12159168720245361,-0.03680217266082764,-0.07319247717526878,0.20892947912216187,-0.14276355504989624,-0.0946302934971186,0.15790027379989624,-0.2407001256942749,-0.10694012785819496,0.06530708074569702,-0.2598224878311157,-0.11859835679200614,0.1723536252975464,-0.2915716767311096,-0.0397613793101641,0.19302135705947876,-0.4194379150867462,-0.0695959552612635,0.1958419680595398,-0.5014142394065857,-0.09916126722959007,0.19611507654190063,-0.5713558495044708,-0.12232859427598441,0.09648311138153076,-0.3205651342868805,-0.02803715685871566,0.12027692794799805,-0.45657986402511597,-0.05433268467453445,0.1313534379005432,-0.5500695109367371,-0.08710201079514945,0.1379212737083435,-0.6274873614311218,-0.11035761977103675,0.030870497226715088,-0.3175397515296936,-0.025018643536839136,0.047862708568573,-0.4463748335838318,-0.052801459976706155,0.06098175048828125,-0.5346448421478271,-0.08545576030877555,0.06860792636871338,-0.6081066727638245,-0.10685513163474525,-0.03380459547042847,-0.2899773120880127,-0.029154596799287447,-0.017201900482177734,-0.3907583951950073,-0.05256140972045387,-0.0006256699562072754,-0.456500381231308,-0.06881783897546256,0.010792672634124756,-0.514898270368576,-0.0804582684722277
B,0.0,0.0,0.0,0.11993718147277832,-0.03486526012420654,-0.07651273397124214,0.20502632856369019,-0.14115792512893677,-0.09841794756567879,0.15791583061218262,-0.2418292760848999,-0.11045160380518837,0.06667786836624146,-0.269104540348053,-0.12210036305106087,0.16148275136947632,-0.2975515127182007,-0.044375392173890305,0.17552083730697632,-0.4293097257614136,-0.07449178633606834,0.17569482326507568,-0.5119169652462006,-0.10476773468172951,0.17308783531188965,-0.5823648869991302,-0.1284803846231739,0.08573555946350098,-0.3251400589942932,-0.030782590185765457,0.10420674085617065,-0.46526509523391724,-0.05704952267325325,0.11227107048034668,-0.5601435303688049,-0.09071208027518196,0.11616194248199463,-0.6360798478126526,-0.11493271080172462,0.01826918125152588,-0.3211011588573456,-0.02606277031219406,0.030728459358215332,-0.45408228039741516,-0.05331228536880417,0.04242914915084839,-0.5425608158111572,-0.08748734233296318,0.04920703172683716,-0.6132734417915344,-0.11028652129090233,-0.0492091178894043,-0.2932426333427429,-0.02869242106891079,-0.03541296720504761,-0.3977007567882538,-0.052473253136042786,-0.020489096641540527,-0.46497875452041626,-0.07042537865555687,-0.008049190044403076,-0.5233171582221985,-0.08338527617371483
B,0.0,0.0,0.0,0.11752128601074219,-0.054512083530426025,-0.059576801580362826,0.1824231743812561,-0.1571020483970642,-0.0777130346717172,0.14497339725494385,-0.2571820616722107,-0.08916974030154279,0.07338929176330566,-0.3039267063140869,-0.10187005959170392,0.12041360139846802,-0.2975310683250427,-0.036513577771358996,0.12438082695007324,-0.4274345338344574,-0.06937871090786984,0.11640709638595581,-0.5114396512508392,-0.10160282216685346,0.10432910919189453,-0.5823856294155121,-0.1255357410730653,0.05079919099807739,-0.31484246253967285,-0.030098784339600115,0.053380608558654785,-0.45592018961906433,-0.060465249788933306,0.049871087074279785,-0.5526391863822937,-0.09588394276516965,0.04207348823547363,-0.6297530829906464,-0.12066398523467115,-0.0132216215133667,-0.3045327663421631,-0.030864080038838893,-0.0138435959815979,-0.44141924381256104,-0.06226327977793744,-0.011520922183990479,-0.5309101045131683,-0.09513279013054898,-0.01421576738357544,-0.6023314297199249,-0.1160142715992265,-0.08269166946411133,-0.2720302939414978,-0.03657513819354108,-0.08212220668792725,-0.38186898827552795,-0.06685280017273953,-0.07761222124099731,-0.4542233943939209,-0.08571028671877912,-0.07469207048416138,-0.5165054798126221,-0.09710530899184278
B,0.0,0.0,0.0,0.12265169620513916,-0.04161703586578369,-0.06661506156132191,0.20423758029937744,-0.14527994394302368,-0.08668859461948841,0.15725934505462646,-0.2430870532989502,-0.09861998418972462,0.06999170780181885,-0.27479493618011475,-0.11099428842470616,0.1544821858406067,-0.2935694456100464,-0.04288036907718151,0.17143404483795166,-0.4293890595436096,-0.07410998801395863,0.17077350616455078,-0.5149986147880554,-0.10342326919243305,0.16679221391677856,-0.5855590403079987,-0.12543907920525044,0.07920831441879272,-0.3196692168712616,-0.032404621789908106,0.09881669282913208,-0.46483027935028076,-0.06109311590597599,0.10540831089019775,-0.5630984902381897,-0.09520160565779179,0.10697859525680542,-0.63981032371521,-0.11917084614441364,0.013516664505004883,-0.3167494535446167,-0.029217647115444834,0.025477826595306396,-0.4540245234966278,-0.05819470221803158,0.035331904888153076,-0.5458900928497314,-0.09164825240776509,0.040003299713134766,-0.6187018156051636,-0.11361608813211888,-0.050432682037353516,-0.2918802499771118,-0.03189683119461506,-0.035743653774261475,-0.3986020088195801,-0.05661216537163227,-0.021487534046173096,-0.4674301743507385,-0.07375872294113606,-0.011579692363739014,-0.5263978242874146,-0.0856890470783469
B,0.0,0.0,0.0,0.1249966025352478,-0.03165942430496216,-0.06367399299733734,0.1998780369758606,-0.132468581199646,-0.08346896374814605,0.1552520990371704,-0.2263355255126953,-0.09409022087447738,0.07349199056625366,-0.256175696849823,-0.10585738474719619,0.14865005016326904,-0.2729279398918152,-0.05369221547834968,0.15835320949554443,-0.41041383147239685,-0.08416610712401962,0.15834593772888184,-0.49861398339271545,-0.10993248725526428,0.1550072431564331,-0.5706124305725098,-0.1294016739188919,0.07456791400909424,-0.29660090804100037,-0.04349969083659744,0.08617138862609863,-0.445660263299942,-0.07286106551282501,0.09348458051681519,-0.5430852770805359,-0.10200453305833435,0.09870213270187378,-0.6178474426269531,-0.12150880450599288,0.00712209939956665,-0.29548609256744385,-0.03989061841957664,0.014335989952087402,-0.442091166973114,-0.07124421501748657,0.021502196788787842,-0.5348792672157288,-0.10450606549375152,0.026602566242218018,-0.6089348495006561,-0.12498391920917129,-0.05944931507110596,-0.27681857347488403,-0.04102667177312469,-0.0493311882019043,-0.38856041431427,-0.07092465216510391,-0.0386124849319458,-0.46065741777420044,-0.09238759184472656,-0.028094887733459473,-0.5232735276222229,-0.10617528612010574
B,0.0,0.0,0.0,0.1274106502532959,-0.041018784046173096,-0.06573873399332797,0.20327109098434448,-0.14649593830108643,-0.08293873457745349,0.15529781579971313,-0.2476854920387268,-0.09121361760929858,0.06890249252319336,-0.2768077850341797,-0.10029215751723086,0.1475658416748047,-0.28698545694351196,-0.042058751122510785,0.1562403440475464,-0.42746883630752563,-0.06908645121887957,0.15295517444610596,-0.5159527063369751,-0.0956732445819739,0.14704477787017822,-0.5875825583934784,-0.1160950699313048,0.07041394710540771,-0.3115404546260834,-0.029098935560739392,0.0842820405960083,-0.46151024103164673,-0.0539574177427653,0.0901573896408081,-0.5604763329029083,-0.08539399145678317,0.0921027660369873,-0.6350094079971313,-0.1074685492976073,0.003997385501861572,-0.30960115790367126,-0.023243555934584492,0.01231318712234497,-0.4532230794429779,-0.048595540360963696,0.01950758695602417,-0.5485425889492035,-0.08206481872633731,0.02234870195388794,-0.6200920343399048,-0.10422235368326938,-0.05876439809799194,-0.28743696212768555,-0.022953219847238415,-0.049402594566345215,-0.3985156714916229,-0.044509943710124844,-0.03746914863586426,-0.4689224362373352,-0.06187075762585437,-0.02646583318710327,-0.526949405670166,-0.07434191940859591
B,0.0,0.0,0.0,0.12006372213363647,-0.05252730846405029,-0.06017828459073371,0.18434858322143555,-0.15353041887283325,-0.07675850117732352,0.14894229173660278,-0.25079673528671265,-0.08627582812835044,0.07520043849945068,-0.2922096848487854,-0.09724737430144614,0.12072867155075073,-0.2887462377548218,-0.035571002458823386,0.12536168098449707,-0.418900728225708,-0.06611318612624473,0.11719870567321777,-0.5018104016780853,-0.09621880674887962,0.1054222583770752,-0.5731725096702576,-0.11873220378686256,0.05133289098739624,-0.3052075505256653,-0.028139171247971717,0.053573548793792725,-0.4470059871673584,-0.056342386698020164,0.04996764659881592,-0.5425555109977722,-0.09111161256362266,0.043635666370391846,-0.6183624863624573,-0.1153603764824993,-0.013227701187133789,-0.2961016595363617,-0.027870421355260078,-0.015957236289978027,-0.4336759150028229,-0.057239675020468894,-0.014616906642913818,-0.5229645669460297,-0.09095918113519019,-0.01656794548034668,-0.595180094242096,-0.11246216768552131,-0.08281499147415161,-0.2658712863922119,-0.03254575008679694,-0.08363908529281616,-0.37782129645347595,-0.0614094222538597,-0.0792086124420166,-0.44956904649734497,-0.08101303601790733,-0.07502466440200806,-0.5123561024665833,-0.09301493788291282
B,0.0,0.0,0.0,0.13179391622543335,-0.04675573110580444,-0.061280672946679715,0.2052033543586731,-0.1488223671913147,-0.08562951306413424,0.16673493385314941,-0.2380201816558838,-0.10087405661653293,0.08942550420761108,-0.2758252024650574,-0.1166163511068703,0.13569462299346924,-0.2888922095298767,-0.06467012087415469,0.1397545337677002,-0.44123977422714233,-0.0996071449906708,0.13204026222229004,-0.5330310165882111,-0.12579083959172976,0.1218753457069397,-0.6055455505847931,-0.1430019340903641,0.061767637729644775,-0.31037700176239014,-0.053566241213786725,0.07127904891967773,-0.47503596544265747,-0.08764889607738269,0.06703519821166992,-0.5790149420499802,-0.11666483203481448,0.05999612808227539,-0.6559024155139923,-0.13467057565759433,-0.0029870271682739258,-0.30832093954086304,-0.04693630109142077,0.007095634937286377,-0.46205592155456543,-0.07574689904760135,0.011354982852935791,-0.5579766184091568,-0.1012252993376137,0.013167321681976318,-0.630876749753952,-0.11615212033103717,-0.06507205963134766,-0.2872961759567261,-0.04467198024104846,-0.05594587326049805,-0.4086377024650574,-0.06625003139089358,-0.04682654142379761,-0.4851563572883606,-0.07802616576265109,-0.03804665803909302,-0.5477504134178162,-0.08438127259324801
B,0.0,0.0,0.0,0.1294613480567932,-0.052521705627441406,-0.056955057135326115,0.2002820372581482,-0.15893489122390747,-0.06410698120902225,0.14607828855514526,-0.2586739659309387,-0.06560255115340397,0.062294185161590576,-0.2884536385536194,-0.06805222754786655,0.12996309995651245,-0.31432878971099854,-0.005449537126821724,0.13582199811935425,-0.45318126678466797,-0.019968946403366772,0.1280497908592224,-0.5363270342350006,-0.044846794507009236,0.11865603923797607,-0.6071996986865997,-0.06672840093682453,0.0566597580909729,-0.331723690032959,0.004123764173584732,0.06476545333862305,-0.484724223613739,-0.009326239055496899,0.06359207630157471,-0.5813857465982437,-0.04476751660416767,0.05898237228393555,-0.6577096283435822,-0.07409765844653293,-0.008699119091033936,-0.3243461847305298,0.005342846797304901,-0.0007570385932922363,-0.4722946286201477,-0.012817185311121193,0.004769623279571533,-0.5630917251110077,-0.05275824194262668,0.0066155195236206055,-0.6344840228557587,-0.08195182209323093,-0.07472184300422668,-0.2964633107185364,0.0010597939281637991,-0.06827715039253235,-0.4133636951446533,-0.01457301893691465,-0.06062060594558716,-0.48306402564048767,-0.03409619530151531,-0.051338016986846924,-0.543422132730484,-0.05118877713988468
B,0.0,0.0,0.0,0.12050938606262207,-0.0539739727973938,-0.04787317898598076,0.18931257724761963,-0.15305018424987793,-0.06059725445237518,0.14979100227355957,-0.249630868434906,-0.06851161506500603,0.07993811368942261,-0.2926766872406006,-0.07798963275280357,0.1253395676612854,-0.282636821269989,-0.029179573548105964,0.1289171576499939,-0.4070349335670471,-0.05858327311005951,0.12052816152572632,-0.48761528730392456,-0.08688950028744102,0.10901039838790894,-0.5566769242286682,-0.10847690191593529,0.05630195140838623,-0.3003615736961365,-0.027377296728161582,0.05635350942611694,-0.4363555312156677,-0.05551892381635071,0.05176281929016113,-0.5291692167520523,-0.08810910072651268,0.04399895668029785,-0.6045800745487213,-0.11084819075193764,-0.0066242218017578125,-0.2912331819534302,-0.031352738407520064,-0.01043611764907837,-0.42339834570884705,-0.06083430957522751,-0.009420394897460938,-0.5084644854068756,-0.09140163895216347,-0.012819230556488037,-0.5780094563961029,-0.11055550214376808,-0.07361423969268799,-0.25999367237091064,-0.03926271062817932,-0.07374626398086548,-0.36617422103881836,-0.06855700400200249,-0.06872177124023438,-0.43420642614364624,-0.08648206528749824,-0.06567156314849854,-0.49440497159957886,-0.09676970776644112
B,0.0,0.0,0.0,0.11439204216003418,-0.056708455085754395,-0.041831844673311025,0.18379837274551392,-0.15461480617523193,-0.05115805678144625,0.14645224809646606,-0.25245630741119385,-0.05666098110452822,0.0767291784286499,-0.2934698462486267,-0.06327691413537195,0.12166571617126465,-0.2790699005126953,-0.017932170257722646,0.12603557109832764,-0.40057340264320374,-0.042616554722940236,0.11860090494155884,-0.4753282964229584,-0.06820638217106989,0.10890358686447144,-0.5389212816953659,-0.08780938871279886,0.05784553289413452,-0.2952156960964203,-0.017171637342130452,0.05899059772491455,-0.4278590679168701,-0.038866163418447286,0.05479145050048828,-0.5148504078388214,-0.06728020794764689,0.04567313194274902,-0.5856282114982605,-0.0879679296173208,0.00019049644470214844,-0.2870262861251831,-0.022102403641497403,-0.00423884391784668,-0.4129537045955658,-0.04548740126267603,-0.002119779586791992,-0.4933971166610718,-0.0717648167170637,-0.0060386061668396,-0.5591226518154144,-0.08918437101021937,-0.06396931409835815,-0.257524698972702,-0.030861648917948514,-0.06569665670394897,-0.3592154383659363,-0.05431330315843752,-0.06015288829803467,-0.4238300621509552,-0.06838126219884089,-0.058418989181518555,-0.479603111743927,-0.07699702419415644
B,0.0,0.0,0.0,0.14096826314926147,-0.043914794921875,-0.09828458772540216,0.2200833559036255,-0.17397987842559814,-0.13442461983800058,0.16689550876617432,-0.2855072021484375,-0.1575464983427537,0.06009519100189209,-0.3046358823776245,-0.17959120170712595,0.14691781997680664,-0.36762434244155884,-0.06966596887946253,0.14172792434692383,-0.522596538066864,-0.10822407202363138,0.12757647037506104,-0.6125971972942352,-0.14570912019848947,0.11210525035858154,-0.6921764612197876,-0.17471217410206918,0.061655402183532715,-0.3800337314605713,-0.050537311002017304,0.05897021293640137,-0.5504881143569946,-0.08125934795975809,0.05036449432373047,-0.65501868724823,-0.11923800454974298,0.045333683490753174,-0.741048663854599,-0.14947132067322855,-0.013522326946258545,-0.3618318438529968,-0.0417332504832757,-0.019932329654693604,-0.5224263072013855,-0.07284696446299677,-0.021985173225402832,-0.6219658553600311,-0.10633175121188287,-0.023076534271240234,-0.7016119956970215,-0.13122446136117105,-0.08768472075462341,-0.3202972412109375,-0.042300954922438905,-0.08757787942886353,-0.44829463958740234,-0.068596698805095,-0.08476102352142334,-0.5261902511119843,-0.0864991326773179,-0.08283817768096924,-0.5962530970573425,-0.10108972386956339
B,0.0,0.0,0.0,0.10804647207260132,-0.06718307733535767,-0.04050228989979132,0.17289400100708008,-0.1608934998512268,-0.048696010031903825,0.1345387101173401,-0.25484204292297363,-0.053899931379760346,0.07095593214035034,-0.3003220558166504,-0.05953685066958769,0.10472285747528076,-0.2722228467464447,-0.006535104134286485,0.10896807909011841,-0.3870912194252014,-0.028154235922897897,0.10245728492736816,-0.4542631506919861,-0.05182671419640883,0.09492075443267822,-0.5142224282026291,-0.07027632615825041,0.045469701290130615,-0.28853708505630493,-0.006016676438207469,0.04613083600997925,-0.41808193922042847,-0.026009001427496514,0.03992927074432373,-0.500948578119278,-0.05370681605597838,0.030046820640563965,-0.5709147751331329,-0.07379690430423125,-0.007114529609680176,-0.28182321786880493,-0.01193333662411078,-0.014544785022735596,-0.40428316593170166,-0.03487380839248999,-0.01562821865081787,-0.47991013526916504,-0.05956692121287688,-0.02076941728591919,-0.5437536835670471,-0.07565314940472945,-0.06668806076049805,-0.25326240062713623,-0.021749642335976205,-0.07313323020935059,-0.3506443202495575,-0.04369079566856726,-0.07092779874801636,-0.41243916749954224,-0.05585702381392821,-0.07130074501037598,-0.46685802936553955,-0.06322792790194853
B,0.0,0.0,0.0,0.10604357719421387,-0.06963306665420532,-0.03617723212360602,0.16834133863449097,-0.16404783725738525,-0.043038609631054214,0.1307496428489685,-0.25487127900123596,-0.047701402760736755,0.06840550899505615,-0.29823487997055054,-0.053118656582825,0.10010063648223877,-0.2763083279132843,-0.004710955273054651,0.10325366258621216,-0.39164602756500244,-0.026072603843800835,0.09570026397705078,-0.4610101580619812,-0.050014539815180115,0.08618944883346558,-0.5222287774085999,-0.06853650809048872,0.042101502418518066,-0.2905143201351166,-0.00554634044661384,0.04109376668930054,-0.4188728332519531,-0.024559577189080528,0.0332409143447876,-0.5022068619728088,-0.05204987452148657,0.020570993423461914,-0.5712471604347229,-0.07239434421776991,-0.009705901145935059,-0.28305697441101074,-0.012251476019315533,-0.01744997501373291,-0.40383589267730713,-0.03263522983311873,-0.020063161849975586,-0.47968965768814087,-0.0567972280156539,-0.027958810329437256,-0.5423963963985443,-0.0731987387013362,-0.06813746690750122,-0.2545844316482544,-0.022615558661215118,-0.07476603984832764,-0.3514877259731293,-0.04212234467982512,-0.0731579065322876,-0.4135968089103699,-0.0538128011000083,-0.07483035326004028,-0.4671167731285095,-0.061256147183172516
B,0.0,0.0,0.0,0.09880733489990234,-0.04839169979095459,-0.03647929029631314,0.15013504028320312,-0.13840526342391968,-0.04277655826973614,0.11349594593048096,-0.22171783447265625,-0.04588841246533093,0.056371867656707764,-0.2593717575073242,-0.05016535120176968,0.07385063171386719,-0.25259965658187866,-0.014737827424880834,0.06798344850540161,-0.35773640871047974,-0.03575865523981747,0.05665123462677002,-0.42393845319747925,-0.05754424231218991,0.042494893074035645,-0.4827646017074585,-0.0745553855793446,0.02037370204925537,-0.2625046670436859,-0.014366489556607576,0.014960110187530518,-0.38099241256713867,-0.03389902012514767,0.007776379585266113,-0.4592132270336151,-0.05813425006437001,-0.0037266016006469727,-0.5263325273990631,-0.07580262767243084,-0.0257723331451416,-0.25365450978279114,-0.0193054971294373,-0.035824716091156006,-0.3673979938030243,-0.04122576462197003,-0.03616362810134888,-0.43894439935684204,-0.06352514373230633,-0.04054057598114014,-0.5004628896713257,-0.07776983426975903,-0.07785409688949585,-0.22548532485961914,-0.027639563848254056,-0.08797937631607056,-0.3196624219417572,-0.05011169957089123,-0.08757007122039795,-0.37982088327407837,-0.06316397683787045,-0.08778899908065796,-0.4351664185523987,-0.07096774475741086
B,0.0,0.0,0.0,0.0938679575920105,-0.055730581283569336,-0.03298144296473993,0.14843285083770752,-0.13999027013778687,-0.03987286866373552,0.11331260204315186,-0.21954631805419922,-0.04451236382789148,0.05758082866668701,-0.26044613122940063,-0.05029608563251031,0.07420295476913452,-0.2545657455921173,-0.008789395659334787,0.06865161657333374,-0.36322861909866333,-0.029917801476187833,0.05625641345977783,-0.429864764213562,-0.052022042430110105,0.04100269079208374,-0.4868808388710022,-0.06877760098046792,0.021670818328857422,-0.265425443649292,-0.010468800298042424,0.016293108463287354,-0.3877485394477844,-0.030155951834387906,0.007216393947601318,-0.466459721326828,-0.05565610036916269,-0.007232546806335449,-0.5298324227333069,-0.07383459315366281,-0.023959994316101074,-0.2563613951206207,-0.01732647486693395,-0.03479433059692383,-0.37510329484939575,-0.03840836018986238,-0.038511574268341064,-0.449910968542099,-0.06130463138885034,-0.04703313112258911,-0.511994481086731,-0.07632171616620553,-0.07418620586395264,-0.22693568468093872,-0.027163226834602483,-0.08634215593338013,-0.3206585645675659,-0.04798690111107362,-0.08691692352294922,-0.3819792866706848,-0.06008602560228837,-0.08816194534301758,-0.437197208404541,-0.0673949222332908
B,0.0,0.0,0.0,0.09461236000061035,-0.05558139085769653,-0.03754837082118456,0.14987218379974365,-0.13941317796707153,-0.0456385912129349,0.11253476142883301,-0.21666288375854492,-0.05099185199827616,0.054846346378326416,-0.253134548664093,-0.05659879760236208,0.07410770654678345,-0.25939124822616577,-0.005821630986190485,0.07423436641693115,-0.3674972355365753,-0.026417540548152374,0.0654289722442627,-0.4343113303184509,-0.049274716688103126,0.054405927658081055,-0.48998257517814636,-0.06632145137876932,0.018764793872833252,-0.2685919404029846,-0.004079864522225307,0.019335627555847168,-0.38762030005455017,-0.022830071089572357,0.011779248714447021,-0.4681295156478882,-0.049234517080492424,0.0005634427070617676,-0.532623291015625,-0.06800499202103083,-0.027193784713745117,-0.2568475604057312,-0.008194327516264366,-0.030103683471679688,-0.3714451193809509,-0.028166726393408226,-0.03265035152435303,-0.4445784389972687,-0.051542081100649284,-0.03905642032623291,-0.5031933784484863,-0.06687055171818201,-0.07490462064743042,-0.22559839487075806,-0.01594602519065802,-0.07710355520248413,-0.3093431293964386,-0.03382378460258906,-0.07631653547286987,-0.3628784418106079,-0.0440429562458462,-0.07780313491821289,-0.40959808230400085,-0.05012720839471285
B,0.0,0.0,0.0,0.10345369577407837,-0.04719609022140503,-0.03425892582754386,0.16264396905899048,-0.11786901950836182,-0.040120934607784875,0.13702362775802612,-0.19068437814712524,-0.044899696024458535,0.09703606367111206,-0.23272782564163208,-0.05033353483895553,0.08659499883651733,-0.24486595392227173,5.503310012500151e-05,0.08678758144378662,-0.34939783811569214,-0.020632115664284356,0.07832545042037964,-0.41699454188346863,-0.043914975138704904,0.06629478931427002,-0.4764038920402527,-0.06167204445819152,0.027025222778320312,-0.2597910761833191,-0.00023110016491045826,0.029971301555633545,-0.3754352629184723,-0.0215234379343201,0.025355637073516846,-0.45627617835998535,-0.04998966074208511,0.015332162380218506,-0.522809237241745,-0.06972781336526168,-0.023097693920135498,-0.2533014416694641,-0.006489309022526868,-0.02439779043197632,-0.3663873076438904,-0.02962721279482139,-0.02347099781036377,-0.4409014582633972,-0.05469582370142234,-0.027260005474090576,-0.5003533363342285,-0.069958602549832,-0.07302051782608032,-0.22756969928741455,-0.015998947905700334,-0.07529371976852417,-0.3191080689430237,-0.03673513746480239,-0.07065755128860474,-0.3778161108493805,-0.04885030678133262,-0.06575983762741089,-0.4282950162887573,-0.05543657905082
B,0.0,0.0,0.0,0.09372282028198242,-0.0512118935585022,-0.05593824983890272,0.15595263242721558,-0.12985444068908691,-0.07132324801142431,0.13952338695526123,-0.21387523412704468,-0.08108546809609152,0.09984827041625977,-0.2746293246746063,-0.08888383434469915,0.09657979011535645,-0.2677764296531677,-0.014283747797264823,0.10396283864974976,-0.37424445152282715,-0.03687437848503805,0.0986282229423523,-0.44023245573043823,-0.06329002456124044,0.08954787254333496,-0.49830925464630127,-0.08317631707842565,0.040876805782318115,-0.28440117835998535,-0.003812834306984314,0.05157238245010376,-0.40352681279182434,-0.02352429592366434,0.04998421669006348,-0.4814053773880005,-0.05133356006200529,0.041946589946746826,-0.5443087518215179,-0.07144864873345114,-0.008719325065612793,-0.27836281061172485,-0.0013735931491396514,-0.0033432841300964355,-0.39517074823379517,-0.022383766633822688,-0.0029727816581726074,-0.46556663513183594,-0.04535860420520521,-0.007713437080383301,-0.5236086845397949,-0.06037409455831266,-0.06259173154830933,-0.2533736228942871,-0.004511726473822364,-0.05590105056762695,-0.343336284160614,-0.023370586720659503,-0.05056840181350708,-0.40142834186553955,-0.03520043791587568,-0.046398282051086426,-0.4535018801689148,-0.0425355158870957
B,0.0,0.0,0.0,0.0942157506942749,-0.04984390735626221,-0.03641133195333168,0.15876644849777222,-0.12393110990524292,-0.04345295390658066,0.16470825672149658,-0.1984681487083435,-0.04892921260170624,0.14880597591400146,-0.25878891348838806,-0.053056536229178164,0.0918799638748169,-0.2579721510410309,0.00032763987701400765,0.10509449243545532,-0.36180436611175537,-0.020991975428387377,0.10305345058441162,-0.4276059567928314,-0.04436622372440979,0.09337294101715088,-0.4858524203300476,-0.06074889189176247,0.03556948900222778,-0.2707185745239258,0.0016270706096292997,0.04959827661514282,-0.3867620825767517,-0.017733674483224604,0.04966217279434204,-0.46388912200927734,-0.043409658582731936,0.042025983333587646,-0.5267471075057983,-0.060059929253384325,-0.015529036521911621,-0.26032596826553345,-0.0032264899796246027,-0.009840905666351318,-0.37239131331443787,-0.023922225447222445,-0.005881011486053467,-0.4452188313007355,-0.043578429134413454,-0.008647382259368896,-0.5037942081689835,-0.054595349343344424,-0.0676952600479126,-0.22847026586532593,-0.011793100261911604,-0.06352865695953369,-0.32055097818374634,-0.030986579121872637,-0.058759212493896484,-0.38037192821502686,-0.038910785676762316,-0.05419868230819702,-0.43206334114074707,-0.0412827115374057
B,0.0,0.0,0.0,0.0841417908668518,-0.06153982877731323,-0.03446583810750781,0.14005506038665771,-0.1431857943534851,-0.04430256027285395,0.12706172466278076,-0.22222018241882324,-0.05365780729357539,0.0755467414855957,-0.2705850899219513,-0.06305456522409258,0.09438002109527588,-0.2664862275123596,0.004321665619272608,0.10655373334884644,-0.3663795292377472,-0.017017666134279352,0.10235399007797241,-0.4287753701210022,-0.042398571851890665,0.0923570990562439,-0.4822078347206116,-0.06068793672625361,0.04245859384536743,-0.2812078893184662,0.0025290095943546476,0.05688214302062988,-0.393000066280365,-0.015157062444131952,0.055929481983184814,-0.4663792848587036,-0.04007619607750712,0.04819285869598389,-0.5267181098461151,-0.057380083832185846,-0.008449971675872803,-0.2732766270637512,-0.006007271236967426,-0.002224147319793701,-0.38543567061424255,-0.023754414054792505,0.0017244815826416016,-0.453360378742218,-0.04111874091927348,0.0005918741226196289,-0.5086995214223862,-0.0519906989068204,-0.0661691427230835,-0.24602580070495605,-0.018682759138982874,-0.062464892864227295,-0.3362235128879547,-0.03294638905231295,-0.05549657344818115,-0.3946481943130493,-0.03824302915040789,-0.049547433853149414,-0.4454897940158844,-0.040667090448778254
B,0.0,0.0,0.0,0.08655834197998047,-0.06202441453933716,-0.023091733618315402,0.14185696840286255,-0.14426231384277344,-0.026602411805328074,0.12364137172698975,-0.22342932224273682,-0.03082554803663129,0.06974196434020996,-0.26664623618125916,-0.035742301656540576,0.10047703981399536,-0.2551186680793762,0.013358480134371575,0.11157196760177612,-0.35557591915130615,-0.0026116219113134775,0.10839253664016724,-0.42087239027023315,-0.02355022930973405,0.09973102807998657,-0.476263165473938,-0.03947858528667325,0.049948275089263916,-0.26955926418304443,0.007706453861061391,0.06116372346878052,-0.38250866532325745,-0.005355801595982257,0.05988675355911255,-0.4574126601219177,-0.027906341640886012,0.05168735980987549,-0.5195792615413666,-0.04402699337774152,7.468461990356445e-05,-0.26410922408103943,-0.0033503411567323838,0.0011546611785888672,-0.37478166818618774,-0.017656710161503497,0.004192829132080078,-0.44375917315483093,-0.034591376944121066,0.0018501877784729004,-0.49958227574825287,-0.04572580025964612,-0.0569453239440918,-0.2405693531036377,-0.017355412407454196,-0.057292282581329346,-0.3296571671962738,-0.0290551392125451,-0.05065709352493286,-0.38546669483184814,-0.03323087112480039,-0.04568368196487427,-0.4328629672527313,-0.035321138961847964
B,0.0,0.0,0.0,0.08920419216156006,-0.05887562036514282,-0.0246470616918657,0.14462929964065552,-0.1428300142288208,-0.029014413223848123,0.12322777509689331,-0.22168558835983276,-0.03325040356932618,0.06845152378082275,-0.26035135984420776,-0.03824611099182107,0.11427593231201172,-0.2485046684741974,0.003499407575219493,0.1302233338356018,-0.35090771317481995,-0.013641480335280676,0.12800496816635132,-0.4161621928215027,-0.03405073748646714,0.11956977844238281,-0.4712674021720886,-0.04931378828106858,0.06164771318435669,-0.2640756666660309,-0.0017151428407657932,0.0733136534690857,-0.3768116235733032,-0.015274399870321531,0.07168000936508179,-0.4516483545303345,-0.0369180412751291,0.06399047374725342,-0.5123045742511749,-0.052459706531152506,0.009248197078704834,-0.25949594378471375,-0.011719407492563505,0.013062000274658203,-0.36959391832351685,-0.02643382267771699,0.01665884256362915,-0.4379836320877075,-0.042709414826020975,0.015380024909973145,-0.49234330654144287,-0.05329829172907807,-0.0507165789604187,-0.2374914586544037,-0.024590405614361543,-0.05023914575576782,-0.32632744312286377,-0.037412700222120066,-0.04286909103393555,-0.38201701641082764,-0.041527875677928705,-0.03685826063156128,-0.4285450577735901,-0.04326718019066789
B,0.0,0.0,0.0,0.08670693635940552,-0.058811843395233154,-0.02733153722061843,0.142747163772583,-0.13944768905639648,-0.036442181680342856,0.12496984004974365,-0.21688437461853027,-0.045220105562350454,0.07149577140808105,-0.260633647441864,-0.05513835198058814,0.11627238988876343,-0.24696743488311768,-0.006598920680573883,0.13184583187103271,-0.34977251291275024,-0.028576344836494627,0.12914049625396729,-0.41405540704727173,-0.05165978020801276,0.1203845739364624,-0.46883726119995117,-0.06836941710486144,0.06400763988494873,-0.26173847913742065,-0.01241483411564559,0.07696402072906494,-0.3748580813407898,-0.030368511218568983,0.07437461614608765,-0.4486538767814636,-0.05365512392296523,0.06605696678161621,-0.5088487863540649,-0.07002851239218444,0.01124352216720581,-0.2558461129665375,-0.02286414674296111,0.01556628942489624,-0.36686617136001587,-0.040993558827779,0.017856955528259277,-0.43562549352645874,-0.05761393404378623,0.015744268894195557,-0.4917226582765579,-0.06824772677197188,-0.049540579319000244,-0.23224374651908875,-0.03616988531126708,-0.04900944232940674,-0.3211101293563843,-0.05178771785273284,-0.04220646619796753,-0.37696516513824463,-0.056490487072608175,-0.03714257478713989,-0.4247094392776489,-0.05829791596903533
B,0.0,0.0,0.0,0.08919429779052734,-0.04811966419219971,-0.03496584825035143,0.14637356996536255,-0.12609267234802246,-0.046441869510374545,0.13940811157226562,-0.20379799604415894,-0.05668779618855524,0.09281140565872192,-0.24899083375930786,-0.06756022728797006,0.12379723787307739,-0.23033803701400757,-0.011001574507019996,0.14218449592590332,-0.3317720890045166,-0.03436077914949465,0.14246410131454468,-0.40053194761276245,-0.05845841549154329,0.13621526956558228,-0.45741328597068787,-0.07572056509371805,0.07031756639480591,-0.2487541139125824,-0.012474042063615798,0.08891886472702026,-0.3637351393699646,-0.03303422190066385,0.08912110328674316,-0.4400426745414734,-0.05711114562865305,0.08449578285217285,-0.5023785531520844,-0.07307612307187128,0.016023695468902588,-0.24705743789672852,-0.019164453892074107,0.0266801118850708,-0.3595259487628937,-0.038632759524546145,0.0326462984085083,-0.4302164316177368,-0.05538735322471666,0.03492248058319092,-0.4863879233598709,-0.06547015316601801,-0.04552292823791504,-0.22916969656944275,-0.02962044410224962,-0.03706979751586914,-0.3168395161628723,-0.04561396099444437,-0.028944015502929688,-0.3738095760345459,-0.05115885071273851,-0.02127516269683838,-0.42228949069976807,-0.05325516469594049
B,0.0,0.0,0.0,0.09152889251708984,-0.05450451374053955,-0.03600555860901977,0.15289169549942017,-0.13812416791915894,-0.04818459430242683,0.14507228136062622,-0.22087186574935913,-0.058635400771152035,0.09293395280838013,-0.26619571447372437,-0.06961710581089164,0.12797725200653076,-0.24426481127738953,-0.010002459562372223,0.14218294620513916,-0.34913596510887146,-0.03129258954430725,0.1401790976524353,-0.41685420274734497,-0.0541883988072982,0.13321304321289062,-0.47259148955345154,-0.07106206396127845,0.07272660732269287,-0.2615411579608917,-0.010103635652910725,0.0887337327003479,-0.37775948643684387,-0.028530197381030575,0.08965182304382324,-0.45284783840179443,-0.05244536527897026,0.08686619997024536,-0.5163750052452087,-0.0692178291967025,0.01747947931289673,-0.25754186511039734,-0.01530055997426416,0.02819901704788208,-0.37026745080947876,-0.03308207744265701,0.03528362512588501,-0.4396888017654419,-0.050088154315005795,0.037856996059417725,-0.49521155655384064,-0.061162544577371136,-0.04577583074569702,-0.23686489462852478,-0.024192504747759358,-0.036398231983184814,-0.3247765302658081,-0.038777927099715725,-0.026508748531341553,-0.38201481103897095,-0.04449673572088386,-0.017594754695892334,-0.43094325065612793,-0.047448212443839566
B,0.0,0.0,0.0,0.09046858549118042,-0.047948479652404785,-0.04183601372000112,0.14858871698379517,-0.127153217792511,-0.05445948027130498,0.14145255088806152,-0.20319229364395142,-0.06384337849971189,0.10573512315750122,-0.25222957134246826,-0.07297711975928678,0.1168586015701294,-0.24259793758392334,-0.01586025178488626,0.13455325365066528,-0.3463238477706909,-0.037870024964774984,0.13678646087646484,-0.4136742651462555,-0.06112289957758321,0.13239294290542603,-0.47087423503398895,-0.07794688798543348,0.06422728300094604,-0.26014626026153564,-0.01256639573779239,0.08286714553833008,-0.3760834336280823,-0.03314719133135213,0.08683061599731445,-0.4529101848602295,-0.058912375644410986,0.08550065755844116,-0.5159466564655304,-0.07623191334363355,0.011823475360870361,-0.2564243674278259,-0.01469210319277181,0.025802671909332275,-0.3689967691898346,-0.033716218248571295,0.035415470600128174,-0.4407898783683777,-0.053237514272893804,0.04095256328582764,-0.49705231189727783,-0.06531735666152372,-0.04660218954086304,-0.23555409908294678,-0.020892100111211676,-0.035096943378448486,-0.32451939582824707,-0.036787060723270315,-0.02530205249786377,-0.38330012559890747,-0.04420490346905126,-0.015546262264251709,-0.4321539103984833,-0.047648245171274084
B,0.0,0.0,0.0,0.08052825927734375,-0.04826158285140991,-0.04589437065646962,0.13883191347122192,-0.12564963102340698,-0.06415161607787923,0.12740671634674072,-0.20530539751052856,-0.07847248135135487,0.07944917678833008,-0.2543081045150757,-0.09240500746295766,0.11627000570297241,-0.24211746454238892,-0.021665145885208403,0.13206779956817627,-0.34356290102005005,-0.04525303585455731,0.1322396993637085,-0.4090139865875244,-0.06891928730533436,0.12695127725601196,-0.4626028537750244,-0.0857210692577155,0.06404513120651245,-0.2575118839740753,-0.01818089490757302,0.08101356029510498,-0.37117329239845276,-0.038179801087835585,0.08154600858688354,-0.4444863200187683,-0.06156778080389813,0.07848513126373291,-0.5058497488498688,-0.07745632646606282,0.012753129005432129,-0.25339213013648987,-0.020514794867494857,0.02392977476119995,-0.36368680000305176,-0.03846268845722989,0.03065735101699829,-0.4325214624404907,-0.054036733936527526,0.03444737195968628,-0.4870980381965637,-0.06399484096095875,-0.04679173231124878,-0.23230749368667603,-0.02761121584103421,-0.03960895538330078,-0.31808406114578247,-0.04205631954596356,-0.031661033630371094,-0.37439659237861633,-0.046839841883638655,-0.023493170738220215,-0.42227643728256226,-0.04885590938852147
B,0.0,0.0,0.0,0.08193802833557129,-0.05570971965789795,-0.0418733058207863,0.13927149772644043,-0.13940268754959106,-0.056458782189451995,0.12016129493713379,-0.22145646810531616,-0.06747325860794717,0.07536214590072632,-0.2725032866001129,-0.07783835732277566,0.11450278759002686,-0.25334396958351135,-0.015603257127963843,0.13007593154907227,-0.3589983880519867,-0.0394587775402897,0.13021516799926758,-0.42480483651161194,-0.06386366092499429,0.12522423267364502,-0.4789167493581772,-0.08089273773964578,0.06072765588760376,-0.2694209814071655,-0.013220526994132342,0.07634162902832031,-0.385744571685791,-0.033268790476881804,0.07912743091583252,-0.4607176184654236,-0.057684059970938506,0.07747548818588257,-0.5227091312408447,-0.07435582929190332,0.008891284465789795,-0.265865296125412,-0.0167452243798607,0.01849842071533203,-0.3783908784389496,-0.034728206478916945,0.026087939739227295,-0.4473365247249603,-0.05184467487868005,0.030071735382080078,-0.5023115426301956,-0.06278979384239847,-0.04958951473236084,-0.24484238028526306,-0.024654503696524444,-0.04382121562957764,-0.3328862190246582,-0.038632180326544585,-0.034638285636901855,-0.3899562358856201,-0.04394615420039827,-0.026196181774139404,-0.4381796717643738,-0.046389188402258696
B,0.0,0.0,0.0,0.09079962968826294,-0.043090105056762695,-0.03994275510120815,0.16336339712142944,-0.11337006092071533,-0.055338347999338566,0.13801372051239014,-0.19471901655197144,-0.06606356680202907,0.08806115388870239,-0.2412773072719574,-0.07743999242592281,0.13372808694839478,-0.22690615057945251,-0.02976170249093002,0.14878088235855103,-0.3275754451751709,-0.053916859177832066,0.14713555574417114,-0.39284300804138184,-0.0764872047286076,0.1405743956565857,-0.44891493022441864,-0.0928923103194279,0.07845747470855713,-0.24461513757705688,-0.028119801280979573,0.0925552248954773,-0.3549441695213318,-0.049652247426990925,0.09184551239013672,-0.42806047201156616,-0.07329138994026607,0.08636659383773804,-0.48759475350379944,-0.08936300009298748,0.026924073696136475,-0.24166420102119446,-0.030528981907252728,0.03525698184967041,-0.34932392835617065,-0.050756401119713246,0.03940051794052124,-0.41599395871162415,-0.06837093710709041,0.038748323917388916,-0.46976131200790405,-0.07906685650158352,-0.03218358755111694,-0.22115099430084229,-0.036283782420639454,-0.028048574924468994,-0.30712780356407166,-0.05455938979793018,-0.02017533779144287,-0.3593015670776367,-0.06138938545990413,-0.01387709379196167,-0.4050862193107605,-0.06372275084066814
B,0.0,0.0,0.0,0.08722245693206787,-0.04410123825073242,-0.04045855992671932,0.16216111183166504,-0.12450706958770752,-0.05251626291510547,0.14044290781021118,-0.20705029368400574,-0.06042394780752147,0.08501005172729492,-0.24602708220481873,-0.06806860857841457,0.13641232252120972,-0.24425294995307922,-0.015935854923100123,0.15209341049194336,-0.34157758951187134,-0.03486514457699741,0.15048718452453613,-0.4034039378166199,-0.05575393133995021,0.14437919855117798,-0.45631416141986847,-0.07214831554529155,0.08202433586120605,-0.26028427481651306,-0.014421375405163417,0.0948743224143982,-0.36834079027175903,-0.031234875258178363,0.09615623950958252,-0.43739455938339233,-0.05458296829101528,0.09329396486282349,-0.49448132514953613,-0.07151293003198589,0.030422687530517578,-0.25370222330093384,-0.017919521715612063,0.03662174940109253,-0.3582867383956909,-0.03661627316114391,0.04218202829360962,-0.42306384444236755,-0.05573909723398174,0.043656349182128906,-0.47562141716480255,-0.06837185465928997,-0.02941763401031494,-0.22925245761871338,-0.02519162365433658,-0.027592718601226807,-0.31254130601882935,-0.04220801213023151,-0.02015763521194458,-0.3641243875026703,-0.04980724671122516,-0.012606203556060791,-0.4083961248397827,-0.05408411466714824
B,0.0,0.0,0.0,0.08773887157440186,-0.04269188642501831,-0.03961594381360101,0.16279840469360352,-0.12102919816970825,-0.051672983700314035,0.14197182655334473,-0.2036588191986084,-0.05909555383948373,0.08811259269714355,-0.2450198531150818,-0.06637204044488954,0.1343475580215454,-0.23831140995025635,-0.019310587802806367,0.1500144600868225,-0.33622023463249207,-0.039175696456709375,0.14857006072998047,-0.40048009157180786,-0.060220207804718484,0.14216768741607666,-0.4553489089012146,-0.0764017512741475,0.0806659460067749,-0.2556358575820923,-0.017478398764410485,0.09367215633392334,-0.36501437425613403,-0.03573245533732461,0.09431493282318115,-0.4371302127838135,-0.05930880063203858,0.09009087085723877,-0.4961531162261963,-0.07592691832212495,0.029429733753204346,-0.25109681487083435,-0.020031578624525537,0.03638255596160889,-0.35589465498924255,-0.03878221639422463,0.04133033752441406,-0.4236772656440735,-0.05768636965183305,0.04112929105758667,-0.4785683900117874,-0.0698927899542241,-0.02968132495880127,-0.22921493649482727,-0.0261091457399516,-0.0247347354888916,-0.3132219612598419,-0.0432112289312272,-0.016406595706939697,-0.36504414677619934,-0.050236280793228616,-0.009125947952270508,-0.40961986780166626,-0.05349598058489846
B,0.0,0.0,0.0,0.08320736885070801,-0.03936183452606201,-0.039360213321572246,0.15576058626174927,-0.11308729648590088,-0.05357003141654104,0.14406317472457886,-0.19017288088798523,-0.06315316189539999,0.09804314374923706,-0.2326885163784027,-0.07330524851096243,0.13289707899093628,-0.22099214792251587,-0.0283208314747867,0.15040647983551025,-0.31686457991600037,-0.05070119280827612,0.14904677867889404,-0.3802257180213928,-0.07172094960225195,0.14244693517684937,-0.43375860154628754,-0.08712550182355017,0.08147680759429932,-0.23604446649551392,-0.027233132389312686,0.09686845541000366,-0.34408456087112427,-0.04776086587918371,0.09707009792327881,-0.4146503806114197,-0.07062430609477133,0.09350854158401489,-0.4724302887916565,-0.08628058363211721,0.03082197904586792,-0.2331666648387909,-0.03010533307207197,0.04070425033569336,-0.33883020281791687,-0.050626165461665096,0.046231985092163086,-0.4054619073867798,-0.06924442131531805,0.048195719718933105,-0.45779895782470703,-0.0809754051686582,-0.028079509735107422,-0.21496757864952087,-0.03622752730262846,-0.0227242112159729,-0.29828357696533203,-0.05424586240661711,-0.014209985733032227,-0.34940510988235474,-0.06181212816846937,-0.005612492561340332,-0.3926318287849426,-0.06549832154524893
B,0.0,0.0,0.0,0.08031535148620605,-0.03965049982070923,-0.04053458358993112,0.14905107021331787,-0.11375641822814941,-0.055069224647184,0.1336151361465454,-0.1920943558216095,-0.06529587667336045,0.08824574947357178,-0.2400597631931305,-0.07573353659262239,0.13153469562530518,-0.22465774416923523,-0.02453806038846551,0.14694744348526,-0.3163677752017975,-0.04753267180075227,0.14519524574279785,-0.3795827329158783,-0.06995803277840196,0.13757401704788208,-0.43364979326725006,-0.0868184135471779,0.08069580793380737,-0.24059024453163147,-0.023375909513731585,0.09528869390487671,-0.3444405198097229,-0.04461698021640359,0.09554487466812134,-0.4131943881511688,-0.06854675870289384,0.09178382158279419,-0.47059252858161926,-0.08506965797295152,0.03038889169692993,-0.23587319254875183,-0.02678352381934701,0.03987407684326172,-0.3386218547821045,-0.048720201215644465,0.04429769515991211,-0.40311098098754883,-0.06753761481394349,0.04449373483657837,-0.4554535001516342,-0.07916826169838487,-0.029120206832885742,-0.21461695432662964,-0.03366193707933007,-0.023416638374328613,-0.2966231405735016,-0.05360385563125192,-0.015901923179626465,-0.3482256829738617,-0.06197029139747201,-0.008510351181030273,-0.3927224278450012,-0.06594117145886003
B,0.0,0.0,0.0,0.08228498697280884,-0.037795424461364746,-0.03855280163173802,0.1537386178970337,-0.11081385612487793,-0.05098668815975316,0.14260917901992798,-0.1873537003993988,-0.0591335627663625,0.09901541471481323,-0.23000603914260864,-0.06744094150548108,0.13012456893920898,-0.21232908964157104,-0.024055528961469008,0.14785295724868774,-0.3056069612503052,-0.04631124021892674,0.14818406105041504,-0.36883461475372314,-0.06745548503880627,0.14289438724517822,-0.4221469461917877,-0.08304808246379025,0.08094507455825806,-0.22959595918655396,-0.022687689908195807,0.09651654958724976,-0.3353073298931122,-0.04321555378322728,0.09899783134460449,-0.404450461268425,-0.06599165456776745,0.09728676080703735,-0.46107079088687897,-0.08148217158799298,0.03313183784484863,-0.22820016741752625,-0.025557212107230498,0.0423123836517334,-0.33065176010131836,-0.046144060366202666,0.04848182201385498,-0.394749253988266,-0.06427252250199444,0.05092775821685791,-0.4455330967903137,-0.07538892286305554,-0.022134602069854736,-0.2117007076740265,-0.0318074967194093,-0.017298102378845215,-0.2923733592033386,-0.04966242941503651,-0.00938868522644043,-0.34258437156677246,-0.0572383287776006,-0.001606583595275879,-0.38449326157569885,-0.06087842913751729
B,0.0,0.0,0.0,0.0808531641960144,-0.03501671552658081,-0.03798543011816946,0.15261739492416382,-0.10254502296447754,-0.051791639086332,0.14391273260116577,-0.17633965611457825,-0.060883701798047696,0.1081046462059021,-0.22406962513923645,-0.07046041732701269,0.13005703687667847,-0.20368000864982605,-0.03204448988708464,0.14883273839950562,-0.29558539390563965,-0.056801685151185666,0.14928168058395386,-0.35884296894073486,-0.07828805690678564,0.1442083716392517,-0.41305670142173767,-0.09358687048825232,0.08149343729019165,-0.2206205129623413,-0.031270270254935895,0.0978999137878418,-0.3253956437110901,-0.054527015444364224,0.09942209720611572,-0.39592719078063965,-0.07751027589711157,0.09773939847946167,-0.45543327927589417,-0.0928307632175347,0.03320276737213135,-0.21977409720420837,-0.034077161010827695,0.043733179569244385,-0.3215402364730835,-0.05657262822660414,0.04892885684967041,-0.38596493005752563,-0.07452876215847937,0.05080002546310425,-0.43787209689617157,-0.0853222022024056,-0.023089468479156494,-0.20329803228378296,-0.039914158192004834,-0.016412198543548584,-0.2823503315448761,-0.059561830964412366,-0.008354902267456055,-0.3315187990665436,-0.06729072427424398,-0.0005975961685180664,-0.3737408518791199,-0.07062270587357489
B,0.0,0.0,0.0,0.08566111326217651,-0.03443324565887451,-0.03758526099281312,0.16164171695709229,-0.10229372978210449,-0.05120944110112191,0.14919692277908325,-0.17836812138557434,-0.060494477575588235,0.10312116146087646,-0.21972444653511047,-0.06992550817685128,0.1391434669494629,-0.2179059386253357,-0.024798326840567597,0.15541505813598633,-0.3114870488643646,-0.04721636203484536,0.15475207567214966,-0.3735376298427582,-0.06903175888018609,0.14868873357772827,-0.4263286292552948,-0.08525746939139367,0.08806610107421875,-0.2352134883403778,-0.024305068602728852,0.1022026538848877,-0.3403307795524597,-0.04509671655850411,0.10417723655700684,-0.40889258682727814,-0.06863482919888497,0.10099470615386963,-0.4655054360628128,-0.08489961800532342,0.03845071792602539,-0.23191049695014954,-0.027585050737428674,0.046080827713012695,-0.3322765827178955,-0.047918132221269616,0.05173051357269287,-0.3960994780063629,-0.06550077972369195,0.05276679992675781,-0.4482780247926712,-0.0765191900487423,-0.018691956996917725,-0.21213549375534058,-0.034096578782367715,-0.01290440559387207,-0.2918851375579834,-0.05219144997553826,-0.004150390625,-0.34058696031570435,-0.058816588198709496,0.003648698329925537,-0.38280367851257324,-0.061532149737644204
B,0.0,0.0,0.0,0.08515620231628418,-0.0303189754486084,-0.03963997927570517,0.1594797968864441,-0.09704571962356567,-0.056573889824392154,0.1445237398147583,-0.17356440424919128,-0.0682290789213198,0.097817063331604,-0.21826496720314026,-0.0803692710127848,0.13817691802978516,-0.20553115010261536,-0.03817099300289328,0.1530281901359558,-0.30134251713752747,-0.06426413324737723,0.151425302028656,-0.36570149660110474,-0.08626636085176642,0.14460396766662598,-0.421142041683197,-0.1020396348562258,0.08489465713500977,-0.22364279627799988,-0.037587571563960864,0.10027086734771729,-0.3305817246437073,-0.06237011370325263,0.10188627243041992,-0.40113942325115204,-0.08589193192386801,0.09922373294830322,-0.4592827409505844,-0.1013455015149134,0.0337643027305603,-0.22219115495681763,-0.0401269827511328,0.04312664270401001,-0.3266596794128418,-0.0630214583601969,0.048967599868774414,-0.39162151515483856,-0.08017957923078711,0.05037558078765869,-0.444407120347023,-0.09010076490307029,-0.02424788475036621,-0.2048989236354828,-0.045696455660106494,-0.01746237277984619,-0.28873685002326965,-0.06582234022283728,-0.008608698844909668,-0.33954745531082153,-0.07283276286983664,-0.0015010833740234375,-0.3839307278394699,-0.07508291271591361
B,0.0,0.0,0.0,0.08603805303573608,-0.02686220407485962,-0.03888378029378714,0.15972399711608887,-0.09130048751831055,-0.05354452242764296,0.1447698473930359,-0.16836512088775635,-0.06357905005725684,0.10268169641494751,-0.21610993146896362,-0.07429013138326468,0.13876456022262573,-0.19810545444488525,-0.03453069289835753,0.15419071912765503,-0.2945355474948883,-0.060549237929905075,0.15577518939971924,-0.35955625772476196,-0.08296489452632727,0.15171122550964355,-0.4152929186820984,-0.09913238620075049,0.0852622389793396,-0.21710234880447388,-0.03350113441857161,0.09985160827636719,-0.3228132426738739,-0.058001456015432495,0.10180920362472534,-0.39394624531269073,-0.08216692244323553,0.09853357076644897,-0.45251111686229706,-0.09820750092777075,0.03498321771621704,-0.21643295884132385,-0.03598504623087706,0.04376661777496338,-0.31816545128822327,-0.05912899335535826,0.0494808554649353,-0.3815242499113083,-0.0768021989396459,0.05015307664871216,-0.4322862923145294,-0.0869669962457067,-0.021399974822998047,-0.20038077235221863,-0.041640696280325074,-0.014336109161376953,-0.281544953584671,-0.06204383929880919,-0.005101919174194336,-0.32990404963493347,-0.06971526628049673,0.003157198429107666,-0.37100328505039215,-0.0724871281317121
B,0.0,0.0,0.0,0.08419114351272583,-0.03594082593917847,-0.039090675442366773,0.15333962440490723,-0.10373848676681519,-0.05490050199523466,0.13803863525390625,-0.18056082725524902,-0.06617189678445357,0.09256988763809204,-0.22675585746765137,-0.07764719161286848,0.13234984874725342,-0.21168431639671326,-0.029844650207905943,0.14545714855194092,-0.3084234595298767,-0.05410093176260489,0.14351904392242432,-0.3713844418525696,-0.07631563874974745,0.13677042722702026,-0.4245990812778473,-0.0924639228273918,0.07877564430236816,-0.22842475771903992,-0.028314932390003378,0.08990705013275146,-0.3349211812019348,-0.05112372073426741,0.08994060754776001,-0.40483103692531586,-0.07483079019084471,0.08564215898513794,-0.46168938279151917,-0.09076936277642744,0.027918696403503418,-0.22523656487464905,-0.030546329124717886,0.03469431400299072,-0.32747089862823486,-0.051849463163762266,0.0403594970703125,-0.39153604209423065,-0.0685115057517578,0.040865182876586914,-0.44253645837306976,-0.0783495280434181,-0.028041422367095947,-0.20619693398475647,-0.03604614096775549,-0.023345530033111572,-0.28840115666389465,-0.05457932981744307,-0.015411734580993652,-0.3389129638671875,-0.060880803643613035,-0.008677184581756592,-0.3817698657512665,-0.06292810770764845
B,0.0,0.0,0.0,0.07930994033813477,-0.040454745292663574,-0.04046430682424784,0.146744966506958,-0.10862725973129272,-0.05770947655324221,0.13218939304351807,-0.18517428636550903,-0.07038409506563426,0.08650678396224976,-0.23383784294128418,-0.08303050940517664,0.12715452909469604,-0.2219662070274353,-0.029316999592225557,0.13910335302352905,-0.31819915771484375,-0.05360717197541476,0.13655173778533936,-0.38075660169124603,-0.07672157382253886,0.1291777491569519,-0.43505556881427765,-0.09375529979948283,0.07470303773880005,-0.237066388130188,-0.02761074026707888,0.08563703298568726,-0.34290245175361633,-0.050309418343346124,0.08511251211166382,-0.4119171053171158,-0.0750388825464654,0.08023321628570557,-0.4692080169916153,-0.09208879863504649,0.02463740110397339,-0.23149806261062622,-0.02971548458222628,0.029455959796905518,-0.33229488134384155,-0.050677782498638635,0.033702969551086426,-0.39667917788028717,-0.06763115023855448,0.033342719078063965,-0.44860032200813293,-0.07811819260601283,-0.0313686728477478,-0.20988526940345764,-0.03528741990808726,-0.02792304754257202,-0.29123273491859436,-0.05327735339884043,-0.020707547664642334,-0.34197133779525757,-0.059319587998430734,-0.013933539390563965,-0.385027676820755,-0.061511060797016626
B,0.0,0.0,0.0,0.08070152997970581,-0.04188305139541626,-0.04101010033289754,0.1491202712059021,-0.11143946647644043,-0.05797009163896405,0.13291531801223755,-0.18812119960784912,-0.07027084746758305,0.08402097225189209,-0.2331850230693817,-0.08260821917454564,0.12630844116210938,-0.22501209378242493,-0.02937407785455548,0.13831889629364014,-0.3210981786251068,-0.053236029980581634,0.13452517986297607,-0.3839355856180191,-0.07625987002055012,0.1259019374847412,-0.4381084442138672,-0.09336806455056035,0.07365554571151733,-0.23944082856178284,-0.027395291192334525,0.08309704065322876,-0.34453946352005005,-0.04964498796860539,0.0812651515007019,-0.4138830304145813,-0.07425888249079549,0.07557028532028198,-0.471404567360878,-0.0913305393735584,0.023881256580352783,-0.23256611824035645,-0.02926511311332547,0.027575254440307617,-0.33325332403182983,-0.050277806756895416,0.03078228235244751,-0.39760348200798035,-0.06723773845831715,0.0296134352684021,-0.4492902010679245,-0.07765034207503163,-0.03217250108718872,-0.20899179577827454,-0.034677900312345855,-0.029150962829589844,-0.28981849551200867,-0.05275974044005238,-0.0225600004196167,-0.34096434712409973,-0.05874278390209042,-0.01724851131439209,-0.3838392347097397,-0.0609020813683685
B,0.0,0.0,0.0,0.07879811525344849,-0.03939831256866455,-0.043622483105139054,0.14696729183197021,-0.10767519474029541,-0.06328751200504712,0.13048404455184937,-0.18248897790908813,-0.07782794588871411,0.08129888772964478,-0.2257496416568756,-0.09269255453415326,0.12503081560134888,-0.22001340985298157,-0.03710349330373219,0.13706570863723755,-0.31558650732040405,-0.06315649354525021,0.1329001784324646,-0.3784620016813278,-0.0873014932281535,0.12399637699127197,-0.4327591359615326,-0.10488717311687878,0.07149577140808105,-0.23469379544258118,-0.03464156442947797,0.08076947927474976,-0.3405291438102722,-0.05774423906274251,0.07828736305236816,-0.4090617448091507,-0.08235842043228558,0.07238799333572388,-0.46527816355228424,-0.0993692582256358,0.021303772926330566,-0.22894522547721863,-0.035827950180248536,0.02597898244857788,-0.3316183090209961,-0.0567531591064494,0.02782416343688965,-0.39496321976184845,-0.07334005886383466,0.026153862476348877,-0.445166751742363,-0.08371415042944363,-0.03466528654098511,-0.20655667781829834,-0.04070653075046948,-0.0332605242729187,-0.28791868686676025,-0.05833174341984204,-0.027079522609710693,-0.33807116746902466,-0.06385047787495068,-0.020961344242095947,-0.37926581501960754,-0.06574951911039761
B,0.0,0.0,0.0,0.07731133699417114,-0.03361618518829346,-0.042646048956328286,0.14355647563934326,-0.0996360182762146,-0.06115284039896096,0.1291959285736084,-0.1726357638835907,-0.07450923546474542,0.08671879768371582,-0.2185858190059662,-0.08834210261028375,0.12350445985794067,-0.21053466200828552,-0.03840009718459214,0.13502788543701172,-0.3050904870033264,-0.06497533842247094,0.13151085376739502,-0.3692436218261719,-0.08890563472431268,0.12298983335494995,-0.42374590039253235,-0.10611034407537545,0.07150352001190186,-0.22426080703735352,-0.03596536292951669,0.08007663488388062,-0.3294224143028259,-0.06020899712365235,0.07866102457046509,-0.3990465849637985,-0.0850811771981057,0.07388359308242798,-0.4551085978746414,-0.10200228019874658,0.022303879261016846,-0.21917292475700378,-0.037063321464472665,0.026229143142700195,-0.3209576904773712,-0.05946263521235551,0.028666794300079346,-0.38585972785949707,-0.0770712815157708,0.02737337350845337,-0.4367031306028366,-0.08776910080831613,-0.0331384539604187,-0.19887429475784302,-0.04159587472003068,-0.03107735514640808,-0.2797453701496124,-0.06132197602909173,-0.024643808603286743,-0.33022671937942505,-0.06851639821451272,-0.018650352954864502,-0.3718249797821045,-0.07124079241674508
B,0.0,0.0,0.0,0.08050188422203064,-0.03457772731781006,-0.03836914768811539,0.14966115355491638,-0.10262960195541382,-0.05332513770457581,0.1347043216228485,-0.17819556593894958,-0.06355888268348053,0.08819523453712463,-0.22274866700172424,-0.0741115125119336,0.12660565972328186,-0.20912304520606995,-0.030953510314191135,0.13698658347129822,-0.3047831356525421,-0.05542033037539795,0.13319727778434753,-0.3678719401359558,-0.07758695504065827,0.12486842274665833,-0.4209754019975662,-0.09360962232943848,0.07334855198860168,-0.22534853219985962,-0.02932080498334244,0.08206406235694885,-0.33038532733917236,-0.051861154496634754,0.08072414994239807,-0.39929085969924927,-0.07520446053143814,0.07555976510047913,-0.4554581046104431,-0.09091421833630875,0.024207979440689087,-0.22149911522865295,-0.031141939222777637,0.02780267596244812,-0.32214489579200745,-0.05198689794536904,0.03166058659553528,-0.38533979654312134,-0.06816085299846009,0.0310039222240448,-0.436032697558403,-0.07781093439456299,-0.02942851185798645,-0.20115116238594055,-0.03617779037352875,-0.027540236711502075,-0.28229498863220215,-0.05426476395126656,-0.02111169695854187,-0.33145976066589355,-0.06015347561236695,-0.015589386224746704,-0.373511403799057,-0.06198965257402733
B,0.0,0.0,0.0,0.07699298858642578,-0.029492974281311035,-0.04187256789481353,0.14515626430511475,-0.09248238801956177,-0.0609594503668518,0.13198316097259521,-0.16581109166145325,-0.07449168286001395,0.08752691745758057,-0.21216470003128052,-0.08821414730226707,0.12676328420639038,-0.1971762776374817,-0.040150049540159216,0.13788968324661255,-0.29201358556747437,-0.06761721095716666,0.13396072387695312,-0.3566281497478485,-0.09052635303413581,0.1250794529914856,-0.4108806848526001,-0.10638033172762107,0.0732884407043457,-0.21370857954025269,-0.037307995769140234,0.08516484498977661,-0.31774836778640747,-0.062175847056266775,0.08376669883728027,-0.38625046610832214,-0.0848009543744297,0.0788642168045044,-0.4410974234342575,-0.09949770143902015,0.023355484008789062,-0.21229872107505798,-0.037829603466150274,0.03056269884109497,-0.31170183420181274,-0.059109437677022925,0.03431689739227295,-0.3746054172515869,-0.07357685587084006,0.03400295972824097,-0.4248535484075546,-0.08195532432472419,-0.031483352184295654,-0.1956532895565033,-0.04181085101043891,-0.02584412693977356,-0.27463120222091675,-0.059583696934339514,-0.01835644245147705,-0.32269251346588135,-0.06453294626152228,-0.012205958366394043,-0.3644537329673767,-0.06550284049188804
B,0.0,0.0,0.0,0.07557255029678345,-0.025835931301116943,-0.045218154548820166,0.1430853009223938,-0.08598732948303223,-0.06677612638395658,0.13382869958877563,-0.15545248985290527,-0.0821145398012959,0.09330391883850098,-0.20010703802108765,-0.09801997965496412,0.12606656551361084,-0.18658104538917542,-0.05010272538584104,0.13905936479568481,-0.2820439636707306,-0.07985054677646986,0.13646066188812256,-0.34639042615890503,-0.1036156339041554,0.12913203239440918,-0.4009530395269394,-0.12002736306112638,0.07411164045333862,-0.20193132758140564,-0.04592620557468763,0.0870179533958435,-0.3057388365268707,-0.0741552782646977,0.08684402704238892,-0.37411339581012726,-0.09867329126518598,0.08323878049850464,-0.428851380944252,-0.11460263258140913,0.025309503078460693,-0.200212299823761,-0.044723067193444876,0.03292661905288696,-0.2994656562805176,-0.06879999464672437,0.03614002466201782,-0.3626936972141266,-0.08496429002207151,0.03586447238922119,-0.41264063119888306,-0.09434716379564634,-0.02752259373664856,-0.1854545772075653,-0.04697534790557256,-0.02164405584335327,-0.2625628113746643,-0.06705439811867109,-0.014686167240142822,-0.30994153022766113,-0.07372175133150449,-0.008518397808074951,-0.3506048917770386,-0.07593637680929533
B,0.0,0.0,0.0,0.07957333326339722,-0.04808014631271362,-0.03292321358685513,0.1409478485584259,-0.12360185384750366,-0.04315643329982777,0.1213427484035492,-0.198350727558136,-0.04988892321352978,0.07032817602157593,-0.2313801348209381,-0.0567642854607584,0.11056801676750183,-0.2202732264995575,-0.01753663216595669,0.11863252520561218,-0.31721770763397217,-0.03709297572140713,0.11332902312278748,-0.37777426838874817,-0.05695984830026646,0.1050286591053009,-0.4285879284143448,-0.07174824868206997,0.05984017252922058,-0.23508211970329285,-0.01699593235616703,0.06581464409828186,-0.33874282240867615,-0.033490143165636255,0.06285512447357178,-0.406253457069397,-0.05429635886912365,0.056183040142059326,-0.4615245759487152,-0.0690081412053587,0.01307457685470581,-0.23043447732925415,-0.020234560043263627,0.01347997784614563,-0.3293532729148865,-0.03569768686656971,0.015625208616256714,-0.3904854953289032,-0.05097677503590603,0.014061301946640015,-0.43956159055233,-0.06103805770044346,-0.036725640296936035,-0.2095508575439453,-0.026669365734505845,-0.036613136529922485,-0.28944700956344604,-0.03953228835825939,-0.0316275954246521,-0.3377223014831543,-0.04370698277716656,-0.027939289808273315,-0.37742021679878235,-0.04544549007778187
B,0.0,0.0,0.0,0.07969623804092407,-0.047493934631347656,-0.02971919867209749,0.14081832766532898,-0.12158060073852539,-0.03877556378952818,0.12022307515144348,-0.19525885581970215,-0.04500794838182287,0.0710124671459198,-0.22975370287895203,-0.051302940202873515,0.11225321888923645,-0.22014692425727844,-0.013527043713253306,0.1183914840221405,-0.3159720003604889,-0.03276875297538595,0.11078199744224548,-0.3758190870285034,-0.05267351175658064,0.1000012457370758,-0.4246455579996109,-0.06726210246793585,0.06120330095291138,-0.23347914218902588,-0.014253053432327079,0.06391996145248413,-0.33678826689720154,-0.029909657863896655,0.05842775106430054,-0.40352362394332886,-0.05042811538092451,0.04953736066818237,-0.45732787251472473,-0.06512175927869635,0.01419249176979065,-0.2284681797027588,-0.018801380498331355,0.011365234851837158,-0.32645371556282043,-0.0334840943943675,0.010924845933914185,-0.38721656799316406,-0.048638225151222514,0.006999224424362183,-0.43581797182559967,-0.05868897269479589,-0.03567427396774292,-0.20812535285949707,-0.02635609413496809,-0.037692099809646606,-0.2875729203224182,-0.038728803945701884,-0.03438118100166321,-0.33644720911979675,-0.04325584749690847,-0.03269600868225098,-0.37701213359832764,-0.04527520070783453
B,0.0,0.0,0.0,0.0739545226097107,-0.03941553831100464,-0.038818872043634656,0.13742601871490479,-0.10705596208572388,-0.05498942218139291,0.1224251389503479,-0.1771942377090454,-0.06660579375341058,0.07437580823898315,-0.2143554985523224,-0.07888961813762307,0.1079181432723999,-0.20196476578712463,-0.03354167423560739,0.11652833223342896,-0.29374879598617554,-0.05765033371164918,0.11160767078399658,-0.3537604808807373,-0.07925275198533654,0.1036454439163208,-0.40478962659835815,-0.09494070939138055,0.058708012104034424,-0.21435463428497314,-0.031771855870033505,0.06361308693885803,-0.3148272931575775,-0.053714016893650296,0.0600181519985199,-0.38043755292892456,-0.0768560343177569,0.05406922101974487,-0.43383315205574036,-0.09298244349076867,0.013372421264648438,-0.20934471487998962,-0.03332494429662347,0.012706398963928223,-0.30563539266586304,-0.05400229848339677,0.013292670249938965,-0.36807698011398315,-0.071907582202698,0.011694341897964478,-0.41708844900131226,-0.08330580077483773,-0.03674286603927612,-0.18976792693138123,-0.0379998781473887,-0.040277838706970215,-0.26687902212142944,-0.05589495457127214,-0.036954522132873535,-0.3152874708175659,-0.06351180605008722,-0.033652663230895996,-0.35483694076538086,-0.06730847291066766
B,0.0,0.0,0.0,0.07284960150718689,-0.040431976318359375,-0.039982331495735934,0.13634833693504333,-0.10778677463531494,-0.05651145572588234,0.12149408459663391,-0.1775609254837036,-0.06834981734678536,0.07403150200843811,-0.21460619568824768,-0.08060710276291161,0.10764434933662415,-0.20087161660194397,-0.034143713813278964,0.11695113778114319,-0.29258835315704346,-0.0588376797251442,0.11285099387168884,-0.3524623215198517,-0.08070116634294777,0.106072336435318,-0.40325336158275604,-0.09628632808849602,0.0597328245639801,-0.21396243572235107,-0.03180892909691124,0.06543019413948059,-0.3152724504470825,-0.053676897238943866,0.0626693069934845,-0.38101018965244293,-0.07607408012077599,0.057911843061447144,-0.43455827236175537,-0.09150051469728737,0.015560150146484375,-0.20994359254837036,-0.03300229231641083,0.015573203563690186,-0.30609622597694397,-0.05324101592228203,0.0172731876373291,-0.3664208650588989,-0.06965535278246193,0.017197519540786743,-0.41331014037132263,-0.07987483735010414,-0.03392097353935242,-0.1912526786327362,-0.037632839333269885,-0.036990076303482056,-0.2667810320854187,-0.0545516438297966,-0.03325927257537842,-0.314089298248291,-0.06107335309312134,-0.029955655336380005,-0.352358341217041,-0.06406328226253777
B,0.0,0.0,0.0,0.07456347346305847,-0.03797328472137451,-0.04314256423265306,0.13833239674568176,-0.10323286056518555,-0.06198885255605546,0.12588390707969666,-0.17321497201919556,-0.07536736467034189,0.0798744261264801,-0.2114308774471283,-0.08869547733218042,0.11512842774391174,-0.19791993498802185,-0.03814809360653726,0.1253865659236908,-0.2892049252986908,-0.06384467669874994,0.11874452233314514,-0.3490464687347412,-0.08614208140522805,0.10958632826805115,-0.39931444823741913,-0.10168674179465143,0.06688514351844788,-0.21074730157852173,-0.03406811096817819,0.07648935914039612,-0.31000077724456787,-0.05639380180389253,0.07247588038444519,-0.3758105933666229,-0.07800214328915445,0.06608656048774719,-0.4285339117050171,-0.09274702855498163,0.02159866690635681,-0.20701047778129578,-0.03372751885206071,0.025045126676559448,-0.3018466830253601,-0.05319718235284654,0.026459425687789917,-0.3622129559516907,-0.06793178954274026,0.02511352300643921,-0.40891146659851074,-0.07704208382517663,-0.02917519211769104,-0.1887795627117157,-0.03726538979560701,-0.027884215116500854,-0.2636585831642151,-0.053175974275177396,-0.02399393916130066,-0.31147754192352295,-0.05873148852140275,-0.022036075592041016,-0.35010552406311035,-0.06090410017520753
B,0.0,0.0,0.0,0.07323190569877625,-0.038583457469940186,-0.03896361232330037,0.13740691542625427,-0.1031419038772583,-0.05498312429119778,0.12645986676216125,-0.17162087559700012,-0.06640935704638196,0.07952329516410828,-0.20800799131393433,-0.07832866177488995,0.10940638184547424,-0.19535493850708008,-0.032491035913722044,0.12081727385520935,-0.28543442487716675,-0.05647008508969975,0.1177951991558075,-0.3449842929840088,-0.07797106370856,0.1114642322063446,-0.39566877484321594,-0.09337119773556424,0.06161430478096008,-0.20870441198349,-0.03039092399706078,0.07037469744682312,-0.30710387229919434,-0.05152797714401913,0.06888619065284729,-0.3718996047973633,-0.07382245377232266,0.06419685482978821,-0.42493055760860443,-0.08923380092312527,0.01695653796195984,-0.20459923148155212,-0.031768154507176405,0.019863158464431763,-0.2986922264099121,-0.05160649881293011,0.021964073181152344,-0.359467476606369,-0.06824644670416546,0.021041661500930786,-0.40715640783309937,-0.07859431967665387,-0.03269752860069275,-0.18630295991897583,-0.0364317895524664,-0.03325676918029785,-0.26158004999160767,-0.05325455979038907,-0.028186708688735962,-0.3084661662578583,-0.0596559049241705,-0.02405896782875061,-0.34622398018836975,-0.06251474485327435
B,0.0,0.0,0.0,0.0726546049118042,-0.0310705304145813,-0.04032727583393125,0.13661342859268188,-0.09229844808578491,-0.05825808151706724,0.126475989818573,-0.1607222557067871,-0.07108269884332685,0.08368068933486938,-0.20202702283859253,-0.0843233267877963,0.1182560920715332,-0.18954041600227356,-0.03857080890878706,0.1283564567565918,-0.27956920862197876,-0.06510240092023878,0.12403136491775513,-0.3388747572898865,-0.08771645530208616,0.1156851053237915,-0.38865725696086884,-0.10350819184526472,0.06864923238754272,-0.20396721363067627,-0.03599877162918119,0.07823789119720459,-0.30200421810150146,-0.060223906031694696,0.07552939653396606,-0.36705754697322845,-0.08327935143455534,0.06928682327270508,-0.4190101772546768,-0.0986900950883296,0.022504985332489014,-0.2005418837070465,-0.03669658928259878,0.02751713991165161,-0.2940189242362976,-0.05791965751990347,0.029382944107055664,-0.3537191152572632,-0.0737124185179141,0.027454078197479248,-0.4011616110801697,-0.08330814792856245,-0.02751067280769348,-0.18237802386283875,-0.04072162016376524,-0.02420198917388916,-0.2563050091266632,-0.058853751710501,-0.018807411193847656,-0.3018331527709961,-0.06508762641891508,-0.0147208571434021,-0.34074699878692627,-0.06737450762733488
B,0.0,0.0,0.0,0.07505860924720764,-0.03772628307342529,-0.03769700599553971,0.14274713397026062,-0.10097229480743408,-0.05328856778982072,0.13057813048362732,-0.1688844859600067,-0.06456433606985001,0.0831860601902008,-0.20376473665237427,-0.07634304834249406,0.1189298927783966,-0.19312450289726257,-0.032082129248408364,0.13175246119499207,-0.28196072578430176,-0.055517278590230035,0.12845495343208313,-0.3394652009010315,-0.07648130131605058,0.1219957172870636,-0.38910356163978577,-0.09150807929876237,0.07071426510810852,-0.2071528136730194,-0.03078986888471036,0.08161202073097229,-0.30454838275909424,-0.05086871979477792,0.08086273074150085,-0.3672759234905243,-0.07218172026517777,0.07732835412025452,-0.419169157743454,-0.08712937308195023,0.025966674089431763,-0.20506858825683594,-0.032863713779477166,0.03096523880958557,-0.2979266345500946,-0.051319073864249276,0.0349290668964386,-0.3561140298843384,-0.06694470716360001,0.03628203272819519,-0.4022945165634155,-0.07697114718797593,-0.02390134334564209,-0.18858212232589722,-0.03830889237764268,-0.023303687572479248,-0.2629881501197815,-0.05369267238023667,-0.01739165186882019,-0.3085492253303528,-0.05942428482416062,-0.01232612133026123,-0.3456859290599823,-0.06210245562436967
B,0.0,0.0,0.0,0.07410943508148193,-0.03475046157836914,-0.039274631776208935,0.1388798952102661,-0.09858763217926025,-0.05562157440959936,0.12763524055480957,-0.16816285252571106,-0.06690705452143675,0.07993626594543457,-0.2034892737865448,-0.07874479029356962,0.11582303047180176,-0.18452498316764832,-0.03603707138478285,0.12842541933059692,-0.27305078506469727,-0.059458474405403194,0.12435340881347656,-0.33141976594924927,-0.07964841160952574,0.11784917116165161,-0.38163475692272186,-0.09420914087473875,0.06869173049926758,-0.19803422689437866,-0.03364012647449499,0.08025360107421875,-0.29477033019065857,-0.05378763262211805,0.07931220531463623,-0.3593641519546509,-0.07462380711018568,0.07620108127593994,-0.4132785499095917,-0.08948240313708311,0.023821115493774414,-0.19639292359352112,-0.03449015948950773,0.030548453330993652,-0.28971123695373535,-0.05352235842525488,0.033988237380981445,-0.349961519241333,-0.06973238918959623,0.03445124626159668,-0.3978884220123291,-0.08026624355494505,-0.026377350091934204,-0.1814517080783844,-0.03862335417449003,-0.024269521236419678,-0.2546587586402893,-0.055658045001621304,-0.018021047115325928,-0.3010896146297455,-0.06303468976199156,-0.013686716556549072,-0.33913159370422363,-0.06688737008749968
B,0.0,0.0,0.0,0.07873493432998657,-0.041825056076049805,-0.040164425585800245,0.14437013864517212,-0.10683274269104004,-0.05665767154508217,0.1345253586769104,-0.1759907603263855,-0.06861682197862251,0.08573567867279053,-0.21069034934043884,-0.08033690563254936,0.11960166692733765,-0.1965913474559784,-0.027040142182642057,0.1312180757522583,-0.28657644987106323,-0.04956263637953384,0.12476193904876709,-0.34330615401268005,-0.07052532545142753,0.11741936206817627,-0.3920573890209198,-0.08539944848828895,0.07251548767089844,-0.21019908785820007,-0.02338231502884014,0.08497369289398193,-0.3088345527648926,-0.0430058237057267,0.08227545022964478,-0.37398383021354675,-0.06414049080424888,0.07768923044204712,-0.42746230959892273,-0.07889415285401924,0.028384625911712646,-0.20811444520950317,-0.023824059952431753,0.03515958786010742,-0.3019343912601471,-0.04146473443918808,0.0380399227142334,-0.3619881272315979,-0.05622060558610542,0.03772157430648804,-0.40875986218452454,-0.06556470653825386,-0.02099597454071045,-0.19234859943389893,-0.02807129322403057,-0.017192840576171875,-0.2660018503665924,-0.04107372051888092,-0.01079559326171875,-0.31270110607147217,-0.04557405001335724,-0.0066391825675964355,-0.350920170545578,-0.04770522898846252
B,0.0,0.0,0.0,0.07842963933944702,-0.04121643304824829,-0.038581633513132374,0.14459580183029175,-0.10563439130783081,-0.05458696702615384,0.13485676050186157,-0.17278316617012024,-0.06623172531024579,0.08751773834228516,-0.2039724588394165,-0.07795258382455472,0.11964166164398193,-0.1939048171043396,-0.028392206450263302,0.13159167766571045,-0.2826489210128784,-0.05156309301153783,0.12648075819015503,-0.33874592185020447,-0.07257505277291898,0.12058871984481812,-0.385916531085968,-0.08711243936912183,0.07232457399368286,-0.2070767879486084,-0.025648599063316624,0.08505386114120483,-0.30522897839546204,-0.045758300964990894,0.08245372772216797,-0.3699118494987488,-0.06683784494296674,0.07821148633956909,-0.4226071238517761,-0.08121832231179837,0.028149187564849854,-0.20505228638648987,-0.026678224598327915,0.03569602966308594,-0.2986973524093628,-0.044725136404196064,0.03878360986709595,-0.35841691493988037,-0.059411672448078434,0.039106011390686035,-0.40463216602802277,-0.06848812619344358,-0.021408021450042725,-0.18897050619125366,-0.03128443429366712,-0.017033815383911133,-0.2626554071903229,-0.04445174479977254,-0.009980857372283936,-0.30877500772476196,-0.04862479264036779,-0.004733741283416748,-0.3465048372745514,-0.05037140989796285
B,0.0,0.0,0.0,0.07611995935440063,-0.039248108863830566,-0.042398270175795005,0.14212638139724731,-0.10147279500961304,-0.060309085951189445,0.13589608669281006,-0.16971543431282043,-0.07331375028286402,0.09096801280975342,-0.20751333236694336,-0.08603803809080546,0.12084507942199707,-0.19134178757667542,-0.03130473192129557,0.13393628597259521,-0.2787260413169861,-0.05561557407770579,0.12837988138198853,-0.33438384532928467,-0.07731715585384791,0.12122541666030884,-0.3817070871591568,-0.09235940124187891,0.07397961616516113,-0.205730140209198,-0.0268499422380728,0.087554931640625,-0.3023056387901306,-0.04777872558031504,0.08511769771575928,-0.365277498960495,-0.06915099169407313,0.08093893527984619,-0.4171450287103653,-0.08381435270700877,0.030026733875274658,-0.2043866515159607,-0.026638360650281356,0.03802436590194702,-0.2974410355091095,-0.04585101078544085,0.041310250759124756,-0.35553184151649475,-0.06088922168407862,0.04209619760513306,-0.4009166657924652,-0.07021395857725565,-0.019388973712921143,-0.18889182806015015,-0.03034274648223345,-0.015899062156677246,-0.261543869972229,-0.045342296318153785,-0.009445667266845703,-0.30756062269210815,-0.050917837725023674,-0.0041765570640563965,-0.3456614017486572,-0.053520087108950065
B,0.0,0.0,0.0,0.07363927364349365,-0.043223798274993896,-0.040994626950578095,0.13323980569839478,-0.10823523998260498,-0.05815462909276903,0.12082409858703613,-0.17504003643989563,-0.07073369763429582,0.07303565740585327,-0.20963749289512634,-0.08300294868286073,0.10782420635223389,-0.19235259294509888,-0.03059034749503553,0.11671304702758789,-0.2799888551235199,-0.054504615735368134,0.10930740833282471,-0.3359859585762024,-0.07563830308254182,0.100555419921875,-0.38371969759464264,-0.09028892360265672,0.06124979257583618,-0.20481014251708984,-0.026283410858468415,0.06959348917007446,-0.2999504506587982,-0.0470811701529783,0.06531572341918945,-0.3624033033847809,-0.06775335363681734,0.05987584590911865,-0.41361622512340546,-0.08187234542901933,0.018145203590393066,-0.201809823513031,-0.026062612902478577,0.021162807941436768,-0.292624294757843,-0.04455819122131288,0.0227697491645813,-0.3499637842178345,-0.05853410206373155,0.02235192060470581,-0.3949994891881943,-0.0670733540468973,-0.029421359300613403,-0.18513399362564087,-0.02970308392877996,-0.029712677001953125,-0.25712746381759644,-0.04381283141310632,-0.02595120668411255,-0.30330798029899597,-0.04860071606572092,-0.02358075976371765,-0.3410818576812744,-0.05064750976498544
B,0.0,0.0,0.0,0.07464152574539185,-0.04608786106109619,-0.03750008260973914,0.13387435674667358,-0.11464709043502808,-0.04974309643873198,0.12021458148956299,-0.1827625334262848,-0.05805144375332816,0.06871354579925537,-0.20841249823570251,-0.06587371146449073,0.10549622774124146,-0.1961035132408142,-0.01518133757778628,0.11519104242324829,-0.28088074922561646,-0.033146611509408785,0.11008042097091675,-0.3346009850502014,-0.05223911916979773,0.10491377115249634,-0.38077881932258606,-0.06624683654078467,0.06044489145278931,-0.20793962478637695,-0.010763194506552054,0.06958156824111938,-0.30159544944763184,-0.024974023086514308,0.06631600856781006,-0.3629620671272278,-0.0443513720310591,0.06185257434844971,-0.41370776295661926,-0.05847426047691329,0.019001364707946777,-0.20540738105773926,-0.010870208126988246,0.02281332015991211,-0.2932797074317932,-0.02490193871923907,0.025338947772979736,-0.3494924306869507,-0.03896973943480475,0.02523285150527954,-0.3927212506532669,-0.04821433415779097,-0.027334988117218018,-0.18988046050071716,-0.014837090951886012,-0.026869654655456543,-0.25913992524147034,-0.025098598656740023,-0.021427154541015625,-0.3036192059516907,-0.02885173550018294,-0.017677605152130127,-0.3394162058830261,-0.03094064360627158
B,0.0,0.0,0.0,0.07698118686676025,-0.05002075433731079,-0.03385837727708463,0.13490432500839233,-0.11776083707809448,-0.04422996917290334,0.12216216325759888,-0.18437808752059937,-0.051513146399685183,0.0732266902923584,-0.21172142028808594,-0.058181352703996936,0.10719448328018188,-0.19760945439338684,-0.009579326748081485,0.11810147762298584,-0.28319162130355835,-0.02633155116362218,0.11219066381454468,-0.33630165457725525,-0.044603258161970416,0.10580670833587646,-0.3818030059337616,-0.057952642231413165,0.06188839673995972,-0.21033814549446106,-0.0065040856368625555,0.07297742366790771,-0.30406972765922546,-0.019825270190068522,0.06971001625061035,-0.3654574751853943,-0.038729622750707904,0.0649956464767456,-0.4163268357515335,-0.05241790020389203,0.019979417324066162,-0.20826634764671326,-0.007954329974182883,0.02508145570755005,-0.2955470681190491,-0.020577495708295146,0.027672767639160156,-0.35155189037323,-0.03413138517660741,0.027385711669921875,-0.3950141817331314,-0.04318362080974225,-0.026567399501800537,-0.19244498014450073,-0.013054791628547946,-0.024937570095062256,-0.2605181932449341,-0.021264489530750552,-0.01928246021270752,-0.30448228120803833,-0.023903451650568286,-0.015495061874389648,-0.3401798903942108,-0.025417249440380374
B,0.0,0.0,0.0,0.0756797194480896,-0.054085612297058105,-0.031003144925620063,0.1325252652168274,-0.1237952709197998,-0.04099827202239226,0.11502856016159058,-0.18859946727752686,-0.04850130843200873,0.06596213579177856,-0.21170198917388916,-0.055702275952484115,0.10192710161209106,-0.2044101357460022,-0.009777352569784625,0.11190718412399292,-0.2912631928920746,-0.026986909454848274,0.1066170334815979,-0.34407106041908264,-0.04525794403829764,0.10094577074050903,-0.3889399766921997,-0.0585048379210491,0.05592381954193115,-0.21583759784698486,-0.009184847010459407,0.06674879789352417,-0.309960275888443,-0.022522810271169647,0.0646776556968689,-0.3711668848991394,-0.040473374894048675,0.060715675354003906,-0.4228667765855789,-0.05340106727757643,0.014120995998382568,-0.21179842948913574,-0.012907070463683112,0.017763733863830566,-0.30049800872802734,-0.02540005499699305,0.020259976387023926,-0.356173574924469,-0.03781397955694388,0.020365417003631592,-0.40042461454868317,-0.046098488738920196,-0.03203970193862915,-0.1933916211128235,-0.020111267810847266,-0.0330844521522522,-0.26300308108329773,-0.028146774863984092,-0.027448713779449463,-0.30728763341903687,-0.029595696723248466,-0.02316969633102417,-0.3437610864639282,-0.030314366689111694
B,0.0,0.0,0.0,0.07110327482223511,-0.04579561948776245,-0.03706666759759969,0.1295313835144043,-0.11441010236740112,-0.04989320344836301,0.11986452341079712,-0.18299204111099243,-0.058899487625666325,0.07179814577102661,-0.2143893837928772,-0.06734022803217954,0.10535317659378052,-0.19879591464996338,-0.017158638011522953,0.1172565221786499,-0.2824991047382355,-0.0361947149744708,0.11266553401947021,-0.3356804847717285,-0.05528945780903882,0.10725873708724976,-0.38060474395751953,-0.06892545826346463,0.06088244915008545,-0.21120527386665344,-0.01339757188767976,0.07112640142440796,-0.3047128915786743,-0.02790032445997781,0.0683780312538147,-0.3646528720855713,-0.04601785473138875,0.06432443857192993,-0.4141852557659149,-0.05897348679215497,0.019569039344787598,-0.2085513472557068,-0.014148129407175247,0.023728668689727783,-0.2974022328853607,-0.02849285050839967,0.02626931667327881,-0.35288339853286743,-0.04095257006198949,0.026589930057525635,-0.3962019979953766,-0.04910987548143453,-0.026668846607208252,-0.19163957238197327,-0.018732073973723118,-0.026519954204559326,-0.26053088903427124,-0.029731898825474445,-0.020621001720428467,-0.30460014939308167,-0.032867244701691334,-0.01587158441543579,-0.34060490131378174,-0.03427328846962041
B,0.0,0.0,0.0,0.07642602920532227,-0.051569223403930664,-0.02961516868666081,0.1335025429725647,-0.12278550863265991,-0.037051436718257946,0.12173575162887573,-0.19080647826194763,-0.04207402211025624,0.07102376222610474,-0.2113480567932129,-0.0469346356053677,0.10683238506317139,-0.20332732796669006,-0.005546294845345301,0.11832433938980103,-0.2881395220756531,-0.02006960776046185,0.11267751455307007,-0.3410193920135498,-0.03739926334813504,0.10587650537490845,-0.38586190342903137,-0.05056482669309048,0.06315165758132935,-0.21419575810432434,-0.004521851654800457,0.07395917177200317,-0.3078942894935608,-0.015545977506491226,0.07123112678527832,-0.3691348433494568,-0.033418563421520275,0.06582516431808472,-0.41957564651966095,-0.046811470057519955,0.022109270095825195,-0.21003064513206482,-0.007642707548740191,0.02580714225769043,-0.29819709062576294,-0.01885091629222302,0.028472542762756348,-0.3541182279586792,-0.03206597011879353,0.027332007884979248,-0.3972645401954651,-0.041224909241947216,-0.024495244026184082,-0.1924072802066803,-0.01412416272208361,-0.023389875888824463,-0.2614825367927551,-0.021963528584393543,-0.01752108335494995,-0.3062330186367035,-0.024497038911732716,-0.013794779777526855,-0.3421856164932251,-0.026233542006167454
B,0.0,0.0,0.0,0.07651686668395996,-0.053287506103515625,-0.026881643016139378,0.13128840923309326,-0.12308192253112793,-0.034014240283767094,0.1192278265953064,-0.18746453523635864,-0.03956439756254326,0.07036417722702026,-0.20747944712638855,-0.045419603962699284,0.10797274112701416,-0.19714921712875366,-0.004699766546735873,0.11853688955307007,-0.28212541341781616,-0.020098226521412244,0.11402273178100586,-0.3348761200904846,-0.03790452368954789,0.10968565940856934,-0.37972572445869446,-0.051235840101043095,0.06349027156829834,-0.20857158303260803,-0.005406035021195521,0.07361036539077759,-0.30312323570251465,-0.017250446979204526,0.07255905866622925,-0.36493033170700073,-0.035755366463462224,0.07051151990890503,-0.41570228338241577,-0.04957056828240525,0.021948158740997314,-0.20543745160102844,-0.010042824227610936,0.02771812677383423,-0.2950325012207031,-0.021921523291865697,0.031510114669799805,-0.35178446769714355,-0.035771612454453816,0.03302323818206787,-0.3957149237394333,-0.04538366981248032,-0.024380624294281006,-0.18901318311691284,-0.017716301981607785,-0.023089230060577393,-0.2586006224155426,-0.026060369242230763,-0.016911327838897705,-0.3034436106681824,-0.028843252364794125,-0.012283384799957275,-0.3395514190196991,-0.030742416534820904
B,0.0,0.0,0.0,0.07448059320449829,-0.05012154579162598,-0.033846909073702136,0.11066293716430664,-0.1209406852722168,-0.04688853573571805,0.07569295167922974,-0.1799716353416443,-0.05814290967356328,0.024571776390075684,-0.19934135675430298,-0.06965586346160535,0.11477822065353394,-0.19145888090133667,-0.01670786168944005,0.125266432762146,-0.27679774165153503,-0.036397574362865726,0.12322837114334106,-0.3318452537059784,-0.056114526358953754,0.11746102571487427,-0.37731997668743134,-0.07120622497569684,0.07025796175003052,-0.20513206720352173,-0.01668911975394849,0.08140206336975098,-0.29849135875701904,-0.03497042682539586,0.08019673824310303,-0.35999566316604614,-0.055655108658186236,0.07562416791915894,-0.4085373282432556,-0.07036968868743543,0.02724015712738037,-0.20232224464416504,-0.02140497964393262,0.03414583206176758,-0.29405564069747925,-0.039041267601362506,0.035854220390319824,-0.35151588916778564,-0.056569455084911624,0.03487342596054077,-0.3935416042804718,-0.06781866949569348,-0.0198858380317688,-0.18828704953193665,-0.029603080717436114,-0.016042113304138184,-0.2597491443157196,-0.043259674576631824,-0.009061872959136963,-0.30559760332107544,-0.050754932580105105,-0.003348052501678467,-0.34054726362228394,-0.05566571455966596
B,0.0,0.0,0.0,0.07898855209350586,-0.04032474756240845,-0.033365990073690455,0.12427353858947754,-0.10303992033004761,-0.04752391114951138,0.11267000436782837,-0.15867361426353455,-0.059680960179576914,0.07617759704589844,-0.18715474009513855,-0.07207830906034474,0.12857729196548462,-0.17487448453903198,-0.02442146748424534,0.1452372670173645,-0.2620735764503479,-0.04771679178000454,0.14599984884262085,-0.32067909836769104,-0.06838087648273472,0.14115619659423828,-0.36730289459228516,-0.0827689832460976,0.08312046527862549,-0.19230973720550537,-0.023484862447986643,0.10059964656829834,-0.2882232069969177,-0.04475089818359379,0.10276520252227783,-0.3519543707370758,-0.06503622144580845,0.10125654935836792,-0.4005466103553772,-0.07843542754770283,0.03802347183227539,-0.19475120306015015,-0.0265167439740992,0.05282992124557495,-0.28833964467048645,-0.04543105423570637,0.05841130018234253,-0.3460978865623474,-0.06099671408654217,0.061269164085388184,-0.3871035873889923,-0.0703728190076447,-0.009723424911499023,-0.18569135665893555,-0.03273244485379223,0.0017102360725402832,-0.25704580545425415,-0.0471382728231049,0.01037377119064331,-0.30217036604881287,-0.05357273951292996,0.01715165376663208,-0.33584731817245483,-0.05684135392428402
B,0.0,0.0,0.0,0.07723522186279297,-0.04191070795059204,-0.03236217377025241,0.1209293007850647,-0.10603362321853638,-0.045512236182275956,0.10491985082626343,-0.16031163930892944,-0.056583072517696564,0.062143683433532715,-0.17953091859817505,-0.06823908862907047,0.12828314304351807,-0.1665317416191101,-0.02350982790130729,0.144597589969635,-0.25370916724205017,-0.044974229757372086,0.14574062824249268,-0.3132384717464447,-0.06418843892652148,0.14147347211837769,-0.3611130714416504,-0.07806433317500705,0.08226990699768066,-0.18387609720230103,-0.02286134985524768,0.09880214929580688,-0.27967339754104614,-0.04298992407757396,0.10128772258758545,-0.3442017138004303,-0.06360769597131366,0.10013687610626221,-0.3932569772005081,-0.07742339697915668,0.03776395320892334,-0.1868712306022644,-0.02581591856915111,0.05284106731414795,-0.2790924906730652,-0.044491812114301865,0.05800330638885498,-0.3376814126968384,-0.06240901303726787,0.06019872426986694,-0.37870220839977264,-0.07326367077666873,-0.007935881614685059,-0.17945048213005066,-0.031670528922859376,0.00206148624420166,-0.2505408823490143,-0.04621720639306659,0.010169923305511475,-0.2947772741317749,-0.053991041605058854,0.017060697078704834,-0.32655829191207886,-0.05832174000579471
B,0.0,0.0,0.0,0.07587450742721558,-0.04096531867980957,-0.03340524761176766,0.11828017234802246,-0.10496246814727783,-0.04702219320631684,0.10359150171279907,-0.16057932376861572,-0.05852690665221871,0.06432807445526123,-0.18570774793624878,-0.07055532885885896,0.12512248754501343,-0.17133617401123047,-0.02377182757652463,0.14242815971374512,-0.2575358748435974,-0.04630884109235467,0.14438045024871826,-0.31731241941452026,-0.06648398889399232,0.1402260661125183,-0.365129292011261,-0.0809239367971486,0.08092671632766724,-0.1885755956172943,-0.022869335023528947,0.09850531816482544,-0.28349608182907104,-0.044297161979443445,0.10149329900741577,-0.3473320007324219,-0.06522043002939881,0.10035055875778198,-0.3965420424938202,-0.07910381211138429,0.036836206912994385,-0.19058412313461304,-0.0258835474977559,0.050970494747161865,-0.2827136516571045,-0.04606382874942483,0.05589789152145386,-0.341435968875885,-0.06363333715296449,0.05753296613693237,-0.38376663625240326,-0.07415158255196275,-0.009961962699890137,-0.1820143163204193,-0.03189627779818238,0.0007457137107849121,-0.2529805898666382,-0.04804441286421479,0.008641839027404785,-0.2986055612564087,-0.056294951123959436,0.014925956726074219,-0.3333793878555298,-0.06085736630654992
B,0.0,0.0,0.0,0.07936251163482666,-0.03945738077163696,-0.03572274649002338,0.12098824977874756,-0.1073567271232605,-0.04901131892063404,0.09313523769378662,-0.1665675938129425,-0.059353201626322516,0.04514819383621216,-0.1894930899143219,-0.06984727734186436,0.12226605415344238,-0.17558008432388306,-0.02395580240943218,0.13950157165527344,-0.26357123255729675,-0.04526838937260891,0.14125949144363403,-0.32047945261001587,-0.06430964821436191,0.13852787017822266,-0.3653041124343872,-0.07763323837377811,0.07678675651550293,-0.19365647435188293,-0.021539448736689337,0.09553319215774536,-0.28987666964530945,-0.040324940322420844,0.09959793090820312,-0.35338497161865234,-0.059398475079319724,0.09947293996810913,-0.4004209637641907,-0.07213600629427219,0.03259313106536865,-0.1962859332561493,-0.023552213771722563,0.04722064733505249,-0.29067113995552063,-0.04065943041302944,0.053891539573669434,-0.348577082157135,-0.05676560008384968,0.057682931423187256,-0.389542818069458,-0.06680265718557621,-0.01553201675415039,-0.1877979040145874,-0.02889788427808071,-0.004621267318725586,-0.25862565636634827,-0.04167161413886333,0.005876302719116211,-0.30397820472717285,-0.04808288717129017,0.014718413352966309,-0.33810389041900635,-0.05189555042841221
B,0.0,0.0,0.0,0.0784417986869812,-0.04097890853881836,-0.03478471470344857,0.12191629409790039,-0.1115950345993042,-0.04664063361752824,0.09662890434265137,-0.1732095181941986,-0.0557112349318345,0.05131816864013672,-0.19924339652061462,-0.06475150865782098,0.12178272008895874,-0.18457865715026855,-0.01946847607661084,0.13731908798217773,-0.27242210507392883,-0.03923926783073739,0.13802987337112427,-0.3291735053062439,-0.05774723273981408,0.13546907901763916,-0.3748732805252075,-0.07105776203144387,0.07755643129348755,-0.2013075351715088,-0.017191541393287935,0.09498554468154907,-0.296090692281723,-0.034587069426663675,0.09781277179718018,-0.35978081822395325,-0.05392626581061677,0.09751921892166138,-0.4097893536090851,-0.0674648387478669,0.03439533710479736,-0.20260828733444214,-0.0194507753597577,0.04756748676300049,-0.2935069799423218,-0.035216967587359704,0.05358213186264038,-0.3515969514846802,-0.05156711769569711,0.056968092918395996,-0.39476150274276733,-0.06245592144597367,-0.014071404933929443,-0.1928337812423706,-0.02514986043144063,-0.004140973091125488,-0.2622823119163513,-0.03708636668790177,0.005642354488372803,-0.30869293212890625,-0.04394370225537614,0.013630509376525879,-0.3458887040615082,-0.04859469739068345
B,0.0,0.0,0.0,0.07931333780288696,-0.03545325994491577,-0.0326058471783881,0.13459700345993042,-0.10459470748901367,-0.04363541847317265,0.11606454849243164,-0.16902455687522888,-0.05147333985416935,0.06986570358276367,-0.19337156414985657,-0.05921892991511868,0.12946689128875732,-0.18583276867866516,-0.020737755878258213,0.1447080373764038,-0.2697606682777405,-0.03847578710167454,0.14385664463043213,-0.323343425989151,-0.05543061143009709,0.13983315229415894,-0.36767852306365967,-0.06806138700096653,0.08449339866638184,-0.20355284214019775,-0.01956240071206139,0.10102826356887817,-0.29599636793136597,-0.034728070555615886,0.10333555936813354,-0.3556806743144989,-0.05182050338237332,0.10133224725723267,-0.4028257131576538,-0.06385865604727314,0.04113161563873291,-0.20420488715171814,-0.022071532739687427,0.05363309383392334,-0.2936740517616272,-0.03651493212430523,0.05973416566848755,-0.34904828667640686,-0.05069856887905644,0.060968220233917236,-0.3917759954929352,-0.06008336862771557,-0.006612956523895264,-0.19114843010902405,-0.027708930729318126,0.001929163932800293,-0.2619963586330414,-0.039616530595708355,0.011248648166656494,-0.3077408969402313,-0.04523657804577397,0.017873764038085938,-0.34499531984329224,-0.04865748977510975
B,0.0,0.0,0.0,0.07791471481323242,-0.032276809215545654,-0.03286832617234836,0.1362922191619873,-0.09862560033798218,-0.04395097540330539,0.11216741800308228,-0.16147375106811523,-0.05090610729169498,0.061994314193725586,-0.18528777360916138,-0.058271900281425815,0.12928462028503418,-0.17695847153663635,-0.026852552309748035,0.1442718505859375,-0.26059338450431824,-0.045328367963549,0.14262253046035767,-0.3158491551876068,-0.06214289413404117,0.13817036151885986,-0.36256763339042664,-0.07468330533814083,0.08418405055999756,-0.194273442029953,-0.02570735523116241,0.10103446245193481,-0.28620535135269165,-0.040887490376945834,0.10365569591522217,-0.34853726625442505,-0.05815359996270786,0.10303235054016113,-0.3980531692504883,-0.07052980782103191,0.04138821363449097,-0.19549700617790222,-0.027695483058806758,0.05181705951690674,-0.28546208143234253,-0.04295655013632427,0.05655795335769653,-0.3427641987800598,-0.05808125482511173,0.058240294456481934,-0.38702720403671265,-0.06805447907757411,-0.006030857563018799,-0.18264949321746826,-0.03249864698958049,-7.092952728271484e-06,-0.25284814834594727,-0.046275005206581454,0.00901573896408081,-0.2971296012401581,-0.052418534174677234,0.016173720359802246,-0.33289724588394165,-0.05584753350925098
B,0.0,0.0,0.0,0.07560092210769653,-0.02467215061187744,-0.03417818905739978,0.14005810022354126,-0.0837714672088623,-0.046982011813213376,0.12491852045059204,-0.14900439977645874,-0.05547853844194606,0.07851541042327881,-0.1802200973033905,-0.06457748176484301,0.12630969285964966,-0.1730709969997406,-0.029784846175004986,0.14171701669692993,-0.25459569692611694,-0.05077162297396853,0.14166337251663208,-0.31111544370651245,-0.06947272183327868,0.1380869746208191,-0.35966187715530396,-0.08325990201859668,0.08104032278060913,-0.19140341877937317,-0.029054460171153096,0.09671550989151001,-0.28357023000717163,-0.04779964970379069,0.09955394268035889,-0.3468884527683258,-0.06805206747679904,0.09831404685974121,-0.39963287115097046,-0.08191994490056231,0.03751575946807861,-0.19265633821487427,-0.031183545533110646,0.04725402593612671,-0.28142058849334717,-0.049391935634901074,0.05236166715621948,-0.33876359462738037,-0.06652450473933413,0.05327582359313965,-0.3848212659358978,-0.07729376019864276,-0.011197030544281006,-0.17947730422019958,-0.036116520929624585,-0.004661440849304199,-0.2486693561077118,-0.052570703494836835,0.003060460090637207,-0.2918901741504669,-0.06027882458596423,0.009144425392150879,-0.3279638886451721,-0.06414335878520205
B,0.0,0.0,0.0,0.07527101039886475,-0.024911105632781982,-0.03645197815279744,0.14031380414962769,-0.08360922336578369,-0.050795053607032514,0.12561577558517456,-0.14879149198532104,-0.06041895738820813,0.07952779531478882,-0.18074819445610046,-0.07039687550644658,0.12572318315505981,-0.1777118742465973,-0.03141046456079266,0.14142322540283203,-0.2596844732761383,-0.05348070479016087,0.1419495940208435,-0.3164479732513428,-0.07310312754492543,0.13846129179000854,-0.3649285137653351,-0.0874767429290273,0.07989054918289185,-0.19627967476844788,-0.02980327746848843,0.09726911783218384,-0.28787165880203247,-0.049466641163633085,0.10118597745895386,-0.3498738706111908,-0.06996882474999211,0.09987884759902954,-0.4000386893749237,-0.08390564239601872,0.035883545875549316,-0.19735857844352722,-0.03136219969968579,0.048501431941986084,-0.2859451472759247,-0.049661060339019514,0.05489414930343628,-0.3433776795864105,-0.06638536370377324,0.05618172883987427,-0.38935428857803345,-0.07695801324229024,-0.013339757919311523,-0.18364378809928894,-0.035961864059970594,-0.0038402676582336426,-0.2533923089504242,-0.05253926060180447,0.0055623650550842285,-0.29716867208480835,-0.06005485123972676,0.012174725532531738,-0.3342709541320801,-0.06368922210316441
B,0.0,0.0,0.0,0.07194679975509644,-0.029464364051818848,-0.03891928562921976,0.1436048150062561,-0.08614474534988403,-0.05424566635889505,0.13436609506607056,-0.1517542600631714,-0.06517418542904352,0.08753961324691772,-0.18556079268455505,-0.07552121648592447,0.12892216444015503,-0.19004252552986145,-0.02368161337477659,0.14733529090881348,-0.27140626311302185,-0.04534173453254198,0.1478063464164734,-0.32526934146881104,-0.06619505653185342,0.14445197582244873,-0.3713783025741577,-0.08125872978968118,0.08407384157180786,-0.20695948600769043,-0.021460645590252625,0.10221272706985474,-0.2986718416213989,-0.0396782539228866,0.10506516695022583,-0.3584870994091034,-0.06026475945515131,0.10278093814849854,-0.4068807363510132,-0.07447125086588358,0.04124557971954346,-0.2068435251712799,-0.02357825892073606,0.054475247859954834,-0.2956484258174896,-0.04098362544579004,0.059341490268707275,-0.3513757586479187,-0.056060508583016144,0.059295654296875,-0.3956100344657898,-0.06546159157556986,-0.007580935955047607,-0.19145232439041138,-0.029454857800431,-9.173154830932617e-05,-0.2620945870876312,-0.043564260695404755,0.0073615312576293945,-0.3057625889778137,-0.04875148529214357,0.013221323490142822,-0.34241652488708496,-0.05098813841146921
B,0.0,0.0,0.0,0.07372325658798218,-0.026687562465667725,-0.03551528117921521,0.1450558304786682,-0.07462549209594727,-0.05006438753869702,0.14747536182403564,-0.136865496635437,-0.061799111583496824,0.11052745580673218,-0.17687362432479858,-0.07327388859656025,0.12496691942214966,-0.19288235902786255,-0.017265002050663725,0.14290350675582886,-0.2754862904548645,-0.038828796514536634,0.14394456148147583,-0.32644930481910706,-0.06035278252628018,0.14225178956985474,-0.3691219389438629,-0.0753908742156284,0.08246278762817383,-0.20904779434204102,-0.016075030707980886,0.1009628176689148,-0.3014048635959625,-0.03406146056320836,0.1041409969329834,-0.3606494069099426,-0.05492874867584874,0.10280865430831909,-0.4088924527168274,-0.06959870345261265,0.04012328386306763,-0.20980551838874817,-0.019446278729702726,0.05297648906707764,-0.2988048493862152,-0.03602567202713658,0.05821633338928223,-0.35256776213645935,-0.049724033841158644,0.05897897481918335,-0.395839661359787,-0.05850823856260945,-0.00945746898651123,-0.19705888628959656,-0.02659692316618134,0.0014775991439819336,-0.26673609018325806,-0.03961010909941365,0.010207295417785645,-0.30971500277519226,-0.04377594850328137,0.01574784517288208,-0.3462918698787689,-0.04554744324948956
B,0.0,0.0,0.0,0.07388532161712646,-0.026228368282318115,-0.03433468168651643,0.14548951387405396,-0.07498478889465332,-0.04818814968740526,0.148151695728302,-0.1361231803894043,-0.05930560430562082,0.10777789354324341,-0.17310625314712524,-0.0700674576131064,0.1252560019493103,-0.19009751081466675,-0.016169618573542266,0.14236915111541748,-0.2734927833080292,-0.03704407041942659,0.14298129081726074,-0.32475563883781433,-0.05765443271076265,0.14171898365020752,-0.3667718768119812,-0.07194492941772523,0.08147960901260376,-0.20665568113327026,-0.015420956295486121,0.09965932369232178,-0.30018046498298645,-0.03233995636975351,0.10271000862121582,-0.35911208391189575,-0.051436196771021514,0.10205298662185669,-0.4064044952392578,-0.06475536501085344,0.0386502742767334,-0.20817115902900696,-0.019230924305077224,0.053166091442108154,-0.29793983697891235,-0.03450902154719415,0.05904144048690796,-0.35109618306159973,-0.04605704894339624,0.060714542865753174,-0.39324116706848145,-0.053375463691111236,-0.01054394245147705,-0.19615894556045532,-0.026862127464767127,0.0012499094009399414,-0.26560094952583313,-0.03807829296266618,0.010701179504394531,-0.3077508509159088,-0.04014145186221185,0.017435073852539062,-0.3438720703125,-0.04048610827004495
B,0.0,0.0,0.0,0.07316285371780396,-0.025704503059387207,-0.03557081233032022,0.1454978585243225,-0.07244503498077393,-0.050738939002826555,0.14653509855270386,-0.13235539197921753,-0.06280357848174845,0.10758662223815918,-0.17087912559509277,-0.07454164038665567,0.12524628639221191,-0.18659651279449463,-0.020127330825403078,0.14303016662597656,-0.2693559229373932,-0.042885963723733767,0.14364993572235107,-0.3214723765850067,-0.06442937712438379,0.14126437902450562,-0.3650605380535126,-0.07919915477998529,0.0823202133178711,-0.20266956090927124,-0.019279959530308588,0.10075604915618896,-0.2943635880947113,-0.038413518027141436,0.1036766767501831,-0.3539186120033264,-0.05903660963542734,0.10206866264343262,-0.40277379751205444,-0.07306228290565286,0.04013633728027344,-0.20390361547470093,-0.0228456434912232,0.053242623805999756,-0.2922497093677521,-0.040616695687845095,0.05900949239730835,-0.3458826243877411,-0.05426072414286409,0.06020164489746094,-0.3889707922935486,-0.06243497963316713,-0.008511722087860107,-0.19170024991035461,-0.03006237457759653,0.0014685988426208496,-0.2615881860256195,-0.043814525858238085,0.010192036628723145,-0.30433201789855957,-0.047968984500244005,0.01628023386001587,-0.34081947803497314,-0.04932778413660799
B,0.0,0.0,0.0,0.07441020011901855,-0.026692211627960205,-0.03567707218320493,0.1493062973022461,-0.07524341344833374,-0.049315307811809816,0.15039414167404175,-0.13698339462280273,-0.05963445879609708,0.10954749584197998,-0.17343634366989136,-0.0697439467170966,0.1254836916923523,-0.19105610251426697,-0.017441396192623415,0.1441516876220703,-0.2718679904937744,-0.03739272855312947,0.146592378616333,-0.322491854429245,-0.057689089850498476,0.14533013105392456,-0.3663744628429413,-0.07230762444527272,0.08305966854095459,-0.20662319660186768,-0.01645603083164815,0.10140067338943481,-0.29711923003196716,-0.03298047609717969,0.10412847995758057,-0.355168879032135,-0.05326189525516156,0.10179436206817627,-0.403778612613678,-0.06758535705597524,0.04118269681930542,-0.2066935896873474,-0.019838380218459406,0.055339157581329346,-0.293658971786499,-0.035841797069622316,0.06127452850341797,-0.34662240743637085,-0.04965196229608182,0.062323570251464844,-0.38952791690826416,-0.058333207444263735,-0.0087013840675354,-0.19259071350097656,-0.02689554035754327,6.252527236938477e-05,-0.2628544569015503,-0.03955713339240674,0.009009897708892822,-0.30457305908203125,-0.043180354461981096,0.015706241130828857,-0.3400564193725586,-0.04442224703819875
B,0.0,0.0,0.0,0.07352888584136963,-0.0231170654296875,-0.03749919318482853,0.14966601133346558,-0.0708996057510376,-0.053482320242380865,0.15194910764694214,-0.13323736190795898,-0.06546407946274257,0.11030054092407227,-0.1715114712715149,-0.07692930110619045,0.125632643699646,-0.1939479112625122,-0.02248521529958225,0.14359009265899658,-0.2750561237335205,-0.044217594050621756,0.14457422494888306,-0.3261556327342987,-0.06522239752933956,0.14170622825622559,-0.3705197274684906,-0.08005072929785229,0.0820544958114624,-0.20971763134002686,-0.020870188333844908,0.09988921880722046,-0.30248379707336426,-0.03826158874556995,0.101814866065979,-0.36110740900039673,-0.05840677403733707,0.09805256128311157,-0.408361554145813,-0.07254233964607693,0.03834855556488037,-0.20942935347557068,-0.023526126601552733,0.051535069942474365,-0.299506813287735,-0.04007622607872463,0.05640053749084473,-0.3534998893737793,-0.053623426788306006,0.05566990375518799,-0.3961394131183624,-0.06209822752401806,-0.013338088989257812,-0.1942022740840912,-0.02985397548303581,-0.004509091377258301,-0.2660945951938629,-0.04317647599503971,0.003921210765838623,-0.3091406524181366,-0.04717880123183704,0.009974956512451172,-0.3457810878753662,-0.048432655715203055
B,0.0,0.0,0.0,0.073955237865448,-0.02240234613418579,-0.03597432560499669,0.15070223808288574,-0.06930547952651978,-0.05125240422066213,0.15594112873077393,-0.12990933656692505,-0.06316226533826352,0.11692488193511963,-0.1684642732143402,-0.07455180398400785,0.12989461421966553,-0.19174867868423462,-0.020846465595326436,0.1472170352935791,-0.27349933981895447,-0.0430485773759699,0.14763659238815308,-0.324806272983551,-0.06430055759128095,0.14456945657730103,-0.3691152334213257,-0.07925373128827573,0.08610790967941284,-0.20815294981002808,-0.020298214622101796,0.10318100452423096,-0.30073103308677673,-0.03851028717335225,0.1053730845451355,-0.3590186536312103,-0.05905540100511075,0.10266947746276855,-0.40613114833831787,-0.07329890690024854,0.04247689247131348,-0.20839136838912964,-0.02405905536588193,0.054518699645996094,-0.298051655292511,-0.041456853963694584,0.05911964178085327,-0.3522704839706421,-0.05535922385033132,0.059266090393066406,-0.3956959545612335,-0.06400440446313382,-0.008035480976104736,-0.19311365485191345,-0.031439604230484974,-0.0007176995277404785,-0.26414763927459717,-0.045546403147540104,0.006960630416870117,-0.306330144405365,-0.04995110071476461,0.013294875621795654,-0.34265440702438354,-0.051451431580147755
B,0.0,0.0,0.0,0.07381248474121094,-0.023159921169281006,-0.038206832217696274,0.15098291635513306,-0.06977617740631104,-0.05423868607235249,0.15019792318344116,-0.13249456882476807,-0.06613947238278683,0.10786610841751099,-0.17107966542243958,-0.07751440789056119,0.12780648469924927,-0.1932588815689087,-0.02270173068595227,0.1450069546699524,-0.27393004298210144,-0.044675754117491806,0.14583158493041992,-0.3249864876270294,-0.06591082896542844,0.14350414276123047,-0.36941301822662354,-0.08090410913777646,0.08281385898590088,-0.20997214317321777,-0.02071934725594815,0.10073477029800415,-0.301495760679245,-0.03848096142959889,0.10362565517425537,-0.360105037689209,-0.05885995339107808,0.1012798547744751,-0.40797364711761475,-0.07307443554950055,0.03860682249069214,-0.20962533354759216,-0.02307685810578164,0.05181145668029785,-0.29781702160835266,-0.03969662796211537,0.0580441951751709,-0.3516259789466858,-0.053196167307618225,0.05916094779968262,-0.3953847587108612,-0.06163428883505162,-0.012941479682922363,-0.1940712034702301,-0.029219191255691612,-0.003419339656829834,-0.26517048478126526,-0.04276199798536595,0.0057035088539123535,-0.3073396682739258,-0.04661474909138974,0.012543022632598877,-0.3442078232765198,-0.047707119690898026
B,0.0,0.0,0.0,0.07389211654663086,-0.02053767442703247,-0.037187270774211356,0.1508927345275879,-0.06424456834793091,-0.05420863996323533,0.1517883539199829,-0.12502193450927734,-0.06705268840369172,0.10997694730758667,-0.16238969564437866,-0.07983129094418473,0.12704098224639893,-0.18724602460861206,-0.027073938353623817,0.14638757705688477,-0.267279714345932,-0.05072578410681672,0.14807367324829102,-0.32017040252685547,-0.0724487564998526,0.14607322216033936,-0.3658297061920166,-0.08789901803311295,0.08330798149108887,-0.20333629846572876,-0.026396011887754867,0.10365438461303711,-0.29385852813720703,-0.046672839625443885,0.10726606845855713,-0.35253235697746277,-0.0680273510056395,0.10522687435150146,-0.40095949172973633,-0.08282368253048844,0.039209067821502686,-0.20287665724754333,-0.029629491223658988,0.054676055908203125,-0.2908404767513275,-0.04822350661333985,0.06110948324203491,-0.3453594446182251,-0.06285563479241318,0.06261080503463745,-0.39116209745407104,-0.07202789555367417,-0.012445390224456787,-0.18777430057525635,-0.03630905966338105,-0.001562356948852539,-0.259149968624115,-0.05207531522091813,0.008195877075195312,-0.3014410138130188,-0.0573728419381041,0.015940189361572266,-0.3400355577468872,-0.05936395744856782
B,0.0,0.0,0.0,0.07738429307937622,-0.014545023441314697,-0.04380581808146644,0.15781211853027344,-0.05662250518798828,-0.06303463783916641,0.161810040473938,-0.11851620674133301,-0.07700306084808517,0.11676335334777832,-0.155722975730896,-0.09087300208267379,0.13168364763259888,-0.18400734663009644,-0.033123689711658244,0.14925634860992432,-0.26631343364715576,-0.05711369124111343,0.14968740940093994,-0.3195214569568634,-0.07925937232431579,0.14699691534042358,-0.3661906123161316,-0.09517199453767944,0.0862073302268982,-0.20074039697647095,-0.029080563232867007,0.10398000478744507,-0.2937071621417999,-0.04929731321391273,0.1067192554473877,-0.35293543338775635,-0.07134793606456924,0.10496878623962402,-0.40109723806381226,-0.08701096382793594,0.04109424352645874,-0.2012203335762024,-0.029283043936459308,0.05445122718811035,-0.2919335961341858,-0.04848589283284355,0.059887051582336426,-0.34698760509490967,-0.06445980724748779,0.06092172861099243,-0.3914072513580322,-0.07469850686248947,-0.011952817440032959,-0.18727150559425354,-0.03343060147818733,-0.0025804638862609863,-0.25952374935150146,-0.049519668341247325,0.0057798027992248535,-0.3025755286216736,-0.0560592031186502,0.012664735317230225,-0.33948031067848206,-0.059222056538430934
B,0.0,0.0,0.0,0.07749789953231812,-0.022077083587646484,-0.04126122089800788,0.1564750075340271,-0.06754231452941895,-0.058438385452603825,0.15739089250564575,-0.13225305080413818,-0.07121557238278342,0.11281412839889526,-0.17174509167671204,-0.08346131684956504,0.13048064708709717,-0.193846195936203,-0.024220428045367726,0.14729970693588257,-0.27815860509872437,-0.047311170573806294,0.14677709341049194,-0.33088016510009766,-0.06969100477871848,0.14309346675872803,-0.3762078583240509,-0.08537677171406699,0.08390176296234131,-0.21146336197853088,-0.020685477729415425,0.10220766067504883,-0.30535656213760376,-0.03902336450991584,0.10375481843948364,-0.3655998110771179,-0.060219931032037266,0.10030794143676758,-0.4141111969947815,-0.07510592284378959,0.03860032558441162,-0.21286040544509888,-0.02181318829534007,0.05191612243652344,-0.3029578924179077,-0.03853817152557326,0.05699104070663452,-0.35660552978515625,-0.052032797213172444,0.05713343620300293,-0.39909103512763977,-0.06059322747168494,-0.01406031847000122,-0.1988106071949005,-0.02715410346863223,-0.0040149688720703125,-0.26941484212875366,-0.040099891449784764,0.004712939262390137,-0.3112286329269409,-0.04364389049587203,0.0110856294631958,-0.3465929329395294,-0.044701742555474766
B,0.0,0.0,0.0,0.07639873027801514,-0.021416902542114258,-0.043273073375843296,0.1531619429588318,-0.06611061096191406,-0.06153822758855654,0.1542941927909851,-0.12797558307647705,-0.07503420928182436,0.11064839363098145,-0.1654784083366394,-0.0880498743957503,0.12679678201675415,-0.190982848405838,-0.026987057865284214,0.1430751085281372,-0.2755574584007263,-0.05076854744615389,0.14177322387695312,-0.328650563955307,-0.07353457877101732,0.13741880655288696,-0.37454354763031006,-0.08941457489194704,0.08069884777069092,-0.20757576823234558,-0.022693278954051266,0.09729123115539551,-0.30163317918777466,-0.04189470478954149,0.09791737794876099,-0.3629249930381775,-0.06333070316972567,0.09388911724090576,-0.41193966567516327,-0.0781907520598395,0.03546100854873657,-0.20849019289016724,-0.023237154573820362,0.047587037086486816,-0.298936665058136,-0.04090727189245058,0.052063167095184326,-0.35359442234039307,-0.05460612917008234,0.051960766315460205,-0.39666426181793213,-0.06298186698617769,-0.016560137271881104,-0.1947895586490631,-0.02812079222562147,-0.007676541805267334,-0.2658410966396332,-0.04211010852517916,0.00047206878662109375,-0.30848872661590576,-0.04606440731944872,0.006745040416717529,-0.3445473313331604,-0.04718514972987009
B,0.0,0.0,0.0,0.07639145851135254,-0.021804332733154297,-0.04595973787073149,0.15552973747253418,-0.06648862361907959,-0.06646114659670843,0.16078245639801025,-0.12852996587753296,-0.08204024356965078,0.11779439449310303,-0.16811752319335938,-0.09711327475670828,0.12886518239974976,-0.19301724433898926,-0.030812457922735348,0.1446763277053833,-0.279859334230423,-0.056149755392112866,0.14270448684692383,-0.3334282636642456,-0.07992187214259161,0.139093279838562,-0.37943756580352783,-0.09628726613883032,0.08196091651916504,-0.20878872275352478,-0.02603279126051916,0.098876953125,-0.3055511713027954,-0.04654285756114973,0.100372314453125,-0.3670302629470825,-0.06887029183272375,0.09812194108963013,-0.41669437289237976,-0.08447156918410315,0.037049949169158936,-0.20938333868980408,-0.026227638844289913,0.04782968759536743,-0.30168861150741577,-0.04453492236498846,0.052552223205566406,-0.3566252291202545,-0.058452644172945156,0.05371737480163574,-0.4000155031681061,-0.06722113561991705,-0.013896048069000244,-0.19600990414619446,-0.031102836850919857,-0.006573021411895752,-0.26830872893333435,-0.044900492552557125,0.0015580058097839355,-0.3114590346813202,-0.04894856807950987,0.008460581302642822,-0.34752875566482544,-0.050505553159752026
B,0.0,0.0,0.0,0.07644718885421753,-0.02324199676513672,-0.045144203782285786,0.15305233001708984,-0.07125240564346313,-0.06578864875456247,0.15566295385360718,-0.13058865070343018,-0.08190195980688486,0.11281543970108032,-0.1694980263710022,-0.09648541334291849,0.12349337339401245,-0.2036164104938507,-0.026423638418521023,0.13858991861343384,-0.28983041644096375,-0.05112703862806711,0.13526701927185059,-0.3423902988433838,-0.07413057211061869,0.13054561614990234,-0.38657906651496887,-0.08954099538942728,0.0778319239616394,-0.21820911765098572,-0.02162972065826807,0.0930817723274231,-0.31524792313575745,-0.04107568386217508,0.09357017278671265,-0.3754310607910156,-0.06156654256602678,0.09154731035232544,-0.422859862446785,-0.07560567531010065,0.033400774002075195,-0.21816545724868774,-0.02228771682104025,0.042166173458099365,-0.3116878569126129,-0.03988030526062403,0.04499316215515137,-0.36476677656173706,-0.05198110240718279,0.045066237449645996,-0.40595079958438873,-0.059098534018005466,-0.017212390899658203,-0.20314112305641174,-0.027743065461720562,-0.011178374290466309,-0.2760593593120575,-0.04056930142661486,-0.005067288875579834,-0.3198624849319458,-0.043692756176199055,-0.0003648996353149414,-0.3573136031627655,-0.04420316937586222
B,0.0,0.0,0.0,0.07847815752029419,-0.02472764253616333,-0.04841748515048039,0.1552148461341858,-0.07327306270599365,-0.06944679358878147,0.15554094314575195,-0.13509321212768555,-0.08531389275469792,0.11051088571548462,-0.1731489896774292,-0.09985937068142903,0.12177646160125732,-0.20510604977607727,-0.028601071628713726,0.13676011562347412,-0.29268884658813477,-0.0536548596052171,0.13298600912094116,-0.3468778133392334,-0.07699990162529957,0.12749099731445312,-0.39254289865493774,-0.09278719762244236,0.07394719123840332,-0.21989139914512634,-0.022067108022952198,0.09027868509292603,-0.3174453675746918,-0.04221114778795254,0.0900915265083313,-0.3792167007923126,-0.06326795259394657,0.08692461252212524,-0.42789484560489655,-0.07764767000355732,0.02819305658340454,-0.21936756372451782,-0.02125519217827332,0.03882879018783569,-0.31345972418785095,-0.039418197068357586,0.04129987955093384,-0.36882102489471436,-0.05234094971694958,0.04060870409011841,-0.411215677857399,-0.059947422536993145,-0.023502051830291748,-0.2038203775882721,-0.025510885584139942,-0.016783416271209717,-0.2773323953151703,-0.0387196529833318,-0.01097935438156128,-0.3226696848869324,-0.04239253589787495,-0.006940007209777832,-0.36105209589004517,-0.04336370045223248
B,0.0,0.0,0.0,0.08047324419021606,-0.02616727352142334,-0.04227657035391985,0.1602000594139099,-0.07691085338592529,-0.06011115923922716,0.15823286771774292,-0.14325731992721558,-0.07374283463161646,0.11061263084411621,-0.1816948652267456,-0.08701246768634974,0.12839043140411377,-0.20781388878822327,-0.024207371998841154,0.14079612493515015,-0.2988967001438141,-0.04760722607773005,0.13835811614990234,-0.3540678024291992,-0.07074423671167551,0.13426506519317627,-0.4008149206638336,-0.08703909606140314,0.07868760824203491,-0.22351548075675964,-0.021118389223033773,0.09284257888793945,-0.3243216574192047,-0.03977793991964518,0.09331834316253662,-0.3872462660074234,-0.06190533355277239,0.0894128680229187,-0.43734899163246155,-0.07770888299148737,0.03136909008026123,-0.22319698333740234,-0.02293688409429251,0.04109722375869751,-0.32012438774108887,-0.04022203922670542,0.04506021738052368,-0.3772698640823364,-0.05458402425449549,0.04461783170700073,-0.42189931869506836,-0.06379030436676203,-0.02201181650161743,-0.20782288908958435,-0.029097273726279127,-0.01572239398956299,-0.284595787525177,-0.042572846416646826,-0.008205890655517578,-0.3305000066757202,-0.04664317310255228,-0.0027707815170288086,-0.36863094568252563,-0.048220561597759115
B,0.0,0.0,0.0,0.07910579442977905,-0.027575194835662842,-0.04333097158874466,0.1594260334968567,-0.07954877614974976,-0.061576083739652177,0.16047996282577515,-0.14577531814575195,-0.0755506683787246,0.11363750696182251,-0.1851341426372528,-0.08910427286232903,0.12921828031539917,-0.21184107661247253,-0.024000255828156014,0.14386385679244995,-0.3021552264690399,-0.04823810650910332,0.14159780740737915,-0.35762453079223633,-0.07203834547604515,0.1365615725517273,-0.4039357155561447,-0.08853245570267632,0.08048069477081299,-0.22684741020202637,-0.020858210017337342,0.09628599882125854,-0.32709169387817383,-0.0399957452615638,0.09717947244644165,-0.3899737447500229,-0.06248673840369179,0.09334003925323486,-0.4393763691186905,-0.07835841222609474,0.033343374729156494,-0.22580605745315552,-0.022899048840059777,0.044835031032562256,-0.32308849692344666,-0.04048735692109062,0.049162447452545166,-0.38051314651966095,-0.054763183434857865,0.049286723136901855,-0.42493103444576263,-0.06380920155848457,-0.021225333213806152,-0.20944976806640625,-0.02944344139601185,-0.015335500240325928,-0.2862820029258728,-0.042975601246013184,-0.0076637864112854,-0.332316130399704,-0.04683402969445183,-0.0016733407974243164,-0.370474636554718,-0.048151698400630494
B,0.0,0.0,0.0,0.07925128936767578,-0.016253113746643066,-0.041805240223595774,0.1648920178413391,-0.05832570791244507,-0.061448565582225,0.16948789358139038,-0.12091788649559021,-0.07640407503623692,0.12684208154678345,-0.15903934836387634,-0.09115854174871174,0.14128881692886353,-0.19983750581741333,-0.031257367590853846,0.1628550887107849,-0.29122400283813477,-0.05679696322459904,0.16573643684387207,-0.3495213985443115,-0.07967078209895817,0.16412752866744995,-0.3972920775413513,-0.09536200285930363,0.0922173261642456,-0.2182304561138153,-0.029146141270587123,0.11427748203277588,-0.3189842402935028,-0.050947091440150416,0.11868792772293091,-0.38373106718063354,-0.07335177333135334,0.11740761995315552,-0.43570075929164886,-0.0882737737991306,0.042984068393707275,-0.2196100354194641,-0.03137128324289051,0.058795392513275146,-0.31752389669418335,-0.051085776547381556,0.0654340386390686,-0.3771292418241501,-0.06604633749503819,0.06774014234542847,-0.4253343790769577,-0.07483903587836949,-0.013685047626495361,-0.20587295293807983,-0.037472857991645014,-0.0014327168464660645,-0.28348082304000854,-0.05363960833329884,0.008718550205230713,-0.3290274441242218,-0.058627447942683375,0.01763242483139038,-0.3696330487728119,-0.0598681931294891
B,0.0,0.0,0.0,0.08109980821609497,-0.01952528953552246,-0.05355502189462413,0.16739553213119507,-0.06529158353805542,-0.07770557598536243,0.1671348214149475,-0.13548925518989563,-0.09548977659409275,0.11982935667037964,-0.18048793077468872,-0.1121929203099512,0.14389103651046753,-0.21289139986038208,-0.03508258880441417,0.16195106506347656,-0.3046630918979645,-0.06216447697346439,0.16227126121520996,-0.3618474155664444,-0.08785548703139057,0.16012543439865112,-0.41124415397644043,-0.10603834585612049,0.09239143133163452,-0.23217058181762695,-0.028296827239444156,0.11378568410873413,-0.3326430916786194,-0.05114528433745136,0.11694216728210449,-0.39886775612831116,-0.07576417819922199,0.11554276943206787,-0.4529831260442734,-0.0926900123185419,0.041297972202301025,-0.23214656114578247,-0.02735726246004333,0.056630492210388184,-0.32958120107650757,-0.0488190677887701,0.06243729591369629,-0.3901945650577545,-0.06564459101622333,0.06439119577407837,-0.43952809274196625,-0.07581606404249897,-0.01787567138671875,-0.2159428894519806,-0.03152350978319873,-0.0040326714515686035,-0.2933644950389862,-0.04914783210818996,0.006160080432891846,-0.34022045135498047,-0.05558419869606723,0.014761567115783691,-0.38108617067337036,-0.05811272831027736
B,0.0,0.0,0.0,0.0797966718673706,-0.015612423419952393,-0.042488043855712476,0.16537082195281982,-0.057569146156311035,-0.06223642240075833,0.16693735122680664,-0.12225121259689331,-0.077213609319017,0.12033724784851074,-0.16033855080604553,-0.09202341894416577,0.13978612422943115,-0.20305278897285461,-0.031302118401811185,0.15949612855911255,-0.2931976914405823,-0.05647154683975941,0.16126346588134766,-0.3509543687105179,-0.07944125841169125,0.15940111875534058,-0.39921435713768005,-0.09570203135518796,0.08905106782913208,-0.22265169024467468,-0.029204979266808095,0.10997992753982544,-0.32215046882629395,-0.051147019218490186,0.11478275060653687,-0.3865455240011215,-0.07396502951888806,0.11440044641494751,-0.43954992294311523,-0.08943480412273175,0.038509219884872437,-0.22342801094055176,-0.03149793456105954,0.05368304252624512,-0.3212195336818695,-0.05199159468321568,0.060694754123687744,-0.3812500387430191,-0.06746860752610928,0.06371951103210449,-0.43057191371917725,-0.07662926773338086,-0.01892244815826416,-0.20770898461341858,-0.0376608871927715,-0.0068624913692474365,-0.2863257825374603,-0.054618274520919385,0.003471940755844116,-0.3326980173587799,-0.06004152978567845,0.013069868087768555,-0.37402093410491943,-0.06170955086855656
B,0.0,0.0,0.0,0.0787101686000824,-0.021251559257507324,-0.04926826492373948,0.16222763061523438,-0.06710314750671387,-0.07136371791784768,0.1591622233390808,-0.13633397221565247,-0.08779113799755578,0.11180174350738525,-0.17775821685791016,-0.10331399053757195,0.1372389793395996,-0.2216852605342865,-0.03302444205110078,0.15380853414535522,-0.3158704936504364,-0.05918381795709138,0.15308994054794312,-0.37539026141166687,-0.0841604700726748,0.14973098039627075,-0.425330325961113,-0.10184939265673165,0.08556300401687622,-0.24202001094818115,-0.02869939119045739,0.10652074217796326,-0.3448953330516815,-0.04962650001471047,0.10975965857505798,-0.41122815012931824,-0.07197791397993569,0.10887771844863892,-0.46520282328128815,-0.08753453255121713,0.03412514925003052,-0.24275824427604675,-0.0300592171442986,0.04974395036697388,-0.3436647355556488,-0.049120411877083825,0.05535426735877991,-0.40442416071891785,-0.0640997669142962,0.058180004358291626,-0.45383575558662415,-0.07350176632826333,-0.025068223476409912,-0.22631099820137024,-0.036433600489544915,-0.014794111251831055,-0.3085402846336365,-0.052018706355738686,-0.006226301193237305,-0.3566032648086548,-0.05666661695067887,0.0029526352882385254,-0.3987458795309067,-0.05834177568976884
B,0.0,0.0,0.0,0.08284634351730347,-0.024065792560577393,-0.04637305753658438,0.17061597108840942,-0.07753193378448486,-0.06487421261499549,0.16770154237747192,-0.14992189407348633,-0.07849055098722602,0.12055838108062744,-0.1921895146369934,-0.09106826352308417,0.1387285590171814,-0.2360764443874359,-0.022844420172077662,0.15684643387794495,-0.3292733430862427,-0.04655799584816123,0.15673089027404785,-0.3846348822116852,-0.07092265354822302,0.15407094359397888,-0.43240225315093994,-0.08832508640716696,0.08598899841308594,-0.2552047669887543,-0.019766065649491793,0.1066267192363739,-0.3590391278266907,-0.0380962075514617,0.11074665188789368,-0.4229314923286438,-0.06013615744541312,0.10987287759780884,-0.4760662466287613,-0.07568953501413489,0.033915579319000244,-0.25349748134613037,-0.022728083081346995,0.045685648918151855,-0.35509470105171204,-0.040883737973672396,0.05190545320510864,-0.41494977474212646,-0.0556518206221881,0.056055158376693726,-0.46478986740112305,-0.06491203176210547,-0.02639588713645935,-0.23434585332870483,-0.03063824715445662,-0.017840564250946045,-0.3178652226924896,-0.04519173818061972,-0.007730007171630859,-0.3643902987241745,-0.04861421825717116,0.003571420907974243,-0.4054573178291321,-0.0495570147259059
B,0.0,0.0,0.0,0.08478453755378723,-0.02584296464920044,-0.05220695184547708,0.1742079257965088,-0.07981312274932861,-0.07390880556781099,0.16933321952819824,-0.15271827578544617,-0.08969173552472398,0.11824038624763489,-0.19588881731033325,-0.10389909865338609,0.13241690397262573,-0.2454414665699005,-0.027224832866380666,0.1515951156616211,-0.34310799837112427,-0.05204356433827684,0.1510666310787201,-0.4006403684616089,-0.07708415361125276,0.14690563082695007,-0.44933708012104034,-0.09441269161183641,0.07984188199043274,-0.2632157802581787,-0.02126496070999906,0.0999237596988678,-0.3710038810968399,-0.03983223782856271,0.10279759764671326,-0.4372689127922058,-0.06157107250768945,0.10062140226364136,-0.4908677786588669,-0.076697975117753,0.02778559923171997,-0.2605801224708557,-0.021843393985221837,0.038277626037597656,-0.3653951585292816,-0.03966381000358865,0.0437396764755249,-0.42576247453689575,-0.053342964220831846,0.04720905423164368,-0.4747263640165329,-0.0615942065604429,-0.0331386923789978,-0.24077841639518738,-0.02798543469984338,-0.024094223976135254,-0.32589444518089294,-0.04180435808379457,-0.013883441686630249,-0.3736928552389145,-0.044290944654534314,-0.002943485975265503,-0.41551706194877625,-0.04432723643262193
B,0.0,0.0,0.0,0.08319753408432007,-0.022594034671783447,-0.05018080935855096,0.16891485452651978,-0.07420486211776733,-0.07275348321576303,0.16389250755310059,-0.1462385058403015,-0.08941257164855188,0.11608591675758362,-0.18895471096038818,-0.1053327487506408,0.1324169635772705,-0.23430564999580383,-0.035317959050132686,0.1450604796409607,-0.3326101303100586,-0.06321156934876626,0.1406969130039215,-0.39352117478847504,-0.08896318987984841,0.1348244547843933,-0.44447197020053864,-0.10721925810952371,0.07709833979606628,-0.2525098919868469,-0.03085899331648534,0.09302809834480286,-0.35946303606033325,-0.054168278137638026,0.09287416934967041,-0.42670978605747223,-0.07778890595812982,0.09014865756034851,-0.48177483677864075,-0.09409901664633935,0.023450583219528198,-0.2499912679195404,-0.032034149179651195,0.03391125798225403,-0.35623106360435486,-0.05343139709015077,0.036855071783065796,-0.41957326233386993,-0.0694976241983909,0.038668304681777954,-0.47189827263355255,-0.07968945221085733,-0.03614544868469238,-0.22875916957855225,-0.038116836706592494,-0.02985033392906189,-0.3137163817882538,-0.0558656954862613,-0.023051798343658447,-0.36298203468322754,-0.06181950287003701,-0.014330476522445679,-0.40704360604286194,-0.06439394668717568
B,0.0,0.0,0.0,0.08649793267250061,-0.031712114810943604,-0.05499979307120384,0.1704319715499878,-0.08963006734848022,-0.07857030456131042,0.16566979885101318,-0.16252386569976807,-0.09700123791759552,0.11528575420379639,-0.20432832837104797,-0.11432579730814041,0.12310877442359924,-0.2567795515060425,-0.026839878532939565,0.13578572869300842,-0.35541287064552307,-0.05473281641667427,0.13239991664886475,-0.41363511979579926,-0.08322275255983413,0.12770536541938782,-0.4647102952003479,-0.10334008758132995,0.06740912795066833,-0.27178755402565,-0.02084269945686401,0.0831114649772644,-0.380297914147377,-0.04311651189988197,0.08421453833580017,-0.4474391043186188,-0.06798043673103393,0.08255946636199951,-0.5030670166015625,-0.08556947683160843,0.013948678970336914,-0.267707884311676,-0.022052254650645864,0.02382799983024597,-0.3734103739261627,-0.042564639944487226,0.027511417865753174,-0.4354477673768997,-0.05658226658766807,0.029572725296020508,-0.48621462285518646,-0.0652327296621138,-0.0464339405298233,-0.2460860311985016,-0.029409773770623815,-0.038717031478881836,-0.33113664388656616,-0.0449358766264254,-0.03039267659187317,-0.3813375234603882,-0.047947457183056486,-0.022540301084518433,-0.425864115357399,-0.04862999742096008
B,0.0,0.0,0.0,0.08430376648902893,-0.037141501903533936,-0.053829053437482344,0.16514569520950317,-0.09418237209320068,-0.07797081211782597,0.16172456741333008,-0.1643226444721222,-0.0976596791503539,0.11234211921691895,-0.2076411247253418,-0.1161208767650237,0.11945551633834839,-0.2610308527946472,-0.02329448240078591,0.1308063268661499,-0.35962745547294617,-0.0510784592685809,0.12663188576698303,-0.41755859553813934,-0.0802397076246848,0.12185531854629517,-0.46891334652900696,-0.10080857763267659,0.06330481171607971,-0.2749747037887573,-0.018561096882592665,0.07667815685272217,-0.3839895874261856,-0.03993351573325299,0.07685422897338867,-0.45122385025024414,-0.06459064224935673,0.07552197575569153,-0.5074820071458817,-0.08222857305980824,0.009136229753494263,-0.2701317071914673,-0.021346593296300398,0.017386645078659058,-0.37613147497177124,-0.0409512240645995,0.02103179693222046,-0.4383503794670105,-0.053832074647914396,0.024490833282470703,-0.48969942331314087,-0.06191371942139767,-0.051652535796165466,-0.24757099151611328,-0.030443351736437307,-0.046069949865341187,-0.3322543799877167,-0.04494971225238942,-0.03759269416332245,-0.3827071338891983,-0.046542475020658,-0.02854055166244507,-0.4277768135070801,-0.046261565780412184
B,0.0,0.0,0.0,0.08439967036247253,-0.037311553955078125,-0.051975579828706486,0.1628113090991974,-0.09738481044769287,-0.0744316483742864,0.157792329788208,-0.16984501481056213,-0.09191212606498311,0.10854285955429077,-0.20970746874809265,-0.10883080017634938,0.10485631227493286,-0.2607308030128479,-0.028090763733473523,0.11528804898262024,-0.3598223626613617,-0.05625481334396909,0.11061593890190125,-0.4197404831647873,-0.08460429859229635,0.1034332811832428,-0.47313614189624786,-0.10497836572000097,0.04914864897727966,-0.27389833331108093,-0.02379173588821004,0.06112557649612427,-0.38368815183639526,-0.047437397659507496,0.05892255902290344,-0.45483212172985077,-0.07362252277204107,0.05306658148765564,-0.5143367946147919,-0.09199374717542241,-0.004633575677871704,-0.2664169669151306,-0.026106893912640317,0.00013655424118041992,-0.37554338574409485,-0.04836862710186551,0.0012237727642059326,-0.441707581281662,-0.0658428649313123,0.00013783574104309082,-0.4963131248950958,-0.07684340876409124,-0.06368573009967804,-0.24032056331634521,-0.03386857536503385,-0.05966603755950928,-0.32692950963974,-0.052391031653371556,-0.0533919632434845,-0.37996330857276917,-0.05875924032994817,-0.046924740076065063,-0.42736323177814484,-0.06162547496029447
B,0.0,0.0,0.0,0.08295276761054993,-0.03367394208908081,-0.04701182970245554,0.15779176354408264,-0.09293389320373535,-0.06823539712866022,0.15068823099136353,-0.16261833906173706,-0.08474025854309275,0.10263565182685852,-0.19957077503204346,-0.10099796184738352,0.10319259762763977,-0.25158455967903137,-0.03096547515531256,0.11193129420280457,-0.3490068316459656,-0.05824777462919428,0.10695981979370117,-0.4096745699644089,-0.08479868599613383,0.09889394044876099,-0.462784007191658,-0.10395658740242197,0.04517996311187744,-0.26554250717163086,-0.02806468659480288,0.054581254720687866,-0.3736305236816406,-0.05124783867438509,0.05146196484565735,-0.4432506561279297,-0.07593357541998103,0.04475963115692139,-0.502635657787323,-0.09319417902668192,-0.009131401777267456,-0.2580365538597107,-0.03058976845284178,-0.004917651414871216,-0.36370307207107544,-0.05187619456489756,-0.0037527382373809814,-0.42823949456214905,-0.06856106200655177,-0.005996793508529663,-0.48179663717746735,-0.07884530702074244,-0.0662228912115097,-0.23178169131278992,-0.03776822963197901,-0.06422631442546844,-0.31837475299835205,-0.05534086355407908,-0.059598714113235474,-0.3708294630050659,-0.06115625777681544,-0.05493280291557312,-0.41788648068904877,-0.06332174667556956
B,0.0,0.0,0.0,0.08357927203178406,-0.0419536828994751,-0.05086666148105223,0.1595352590084076,-0.10617280006408691,-0.07248319860497077,0.1528545320034027,-0.17752349376678467,-0.0897565427044924,0.10264715552330017,-0.21646526455879211,-0.1064007299760874,0.09640419483184814,-0.2690295875072479,-0.02460069943168719,0.10185304284095764,-0.3697164058685303,-0.05249591719308455,0.09440329670906067,-0.4291994124650955,-0.08188842412033637,0.08402442932128906,-0.4829079210758209,-0.10303714301386435,0.040055274963378906,-0.2795456051826477,-0.02069449599781592,0.04552459716796875,-0.39119091629981995,-0.04315307911434729,0.04060453176498413,-0.4620988667011261,-0.06983848091164191,0.03216889500617981,-0.5221143960952759,-0.08917389985123236,-0.012149989604949951,-0.2703464925289154,-0.023401545248418643,-0.012651115655899048,-0.37896817922592163,-0.044182048998266055,-0.01386338472366333,-0.4436994343996048,-0.06082545023360808,-0.017812877893447876,-0.4975947141647339,-0.07167473610439856,-0.06766985356807709,-0.24294260144233704,-0.03174157243171294,-0.06911076605319977,-0.329337477684021,-0.04826786171594222,-0.06648682057857513,-0.3812562823295593,-0.05330391403236945,-0.06476636230945587,-0.4270160645246506,-0.05556705769100745
B,0.0,0.0,0.0,0.07947385311126709,-0.04603296518325806,-0.05273374618980142,0.15214034914970398,-0.11628210544586182,-0.07495013328286859,0.14897814393043518,-0.18899646401405334,-0.09289967717620584,0.0981559157371521,-0.2244393229484558,-0.10954817088338586,0.09080114960670471,-0.27777940034866333,-0.02097885573300573,0.09384632110595703,-0.37690258026123047,-0.04796687589976045,0.08440980315208435,-0.43317145109176636,-0.07773440035077783,0.0733579695224762,-0.4842098206281662,-0.09929424228164407,0.03434246778488159,-0.2870122492313385,-0.01655889751407358,0.03619369864463806,-0.3979935050010681,-0.03745629714819643,0.02956441044807434,-0.4658736437559128,-0.06269833894464227,0.02082693576812744,-0.5232589393854141,-0.08113080712053033,-0.0179559588432312,-0.2764780521392822,-0.01954199077579233,-0.019739121198654175,-0.38362470269203186,-0.03905274422857019,-0.023291945457458496,-0.44760456681251526,-0.052713543940512864,-0.028518855571746826,-0.5004020780324936,-0.061401364226071564,-0.07428568601608276,-0.24706879258155823,-0.02877933980914804,-0.07748256623744965,-0.33425238728523254,-0.043779880572287766,-0.0762413740158081,-0.3873010575771332,-0.046092049051253525,-0.07581527531147003,-0.4344344735145569,-0.046356388200251786
B,0.0,0.0,0.0,0.0798322856426239,-0.04486274719238281,-0.05294897718692937,0.1583177149295807,-0.11598348617553711,-0.0750630119290463,0.1501845121383667,-0.19301572442054749,-0.09200646667147794,0.09782013297080994,-0.23205292224884033,-0.1075957262363545,0.0947895348072052,-0.2742120325565338,-0.027287236734878206,0.09926027059555054,-0.37655341625213623,-0.05311597822571912,0.09021139144897461,-0.43516871333122253,-0.08053924082184949,0.07870933413505554,-0.4880106449127197,-0.10050281821156659,0.037591367959976196,-0.28393399715423584,-0.022679663583289766,0.0421605110168457,-0.3982139229774475,-0.042573715880166674,0.0352196991443634,-0.46655669808387756,-0.06656892536545911,0.02494335174560547,-0.5237670093774796,-0.08423072038556256,-0.013432949781417847,-0.27336084842681885,-0.024730741366397524,-0.014005780220031738,-0.38107314705848694,-0.043483331188213015,-0.01731547713279724,-0.4450725317001343,-0.05854347287083783,-0.02235540747642517,-0.49764563143253326,-0.06852075396443524,-0.06826847791671753,-0.24429723620414734,-0.03272947980428853,-0.07038581371307373,-0.33266955614089966,-0.04780089794064679,-0.06768256425857544,-0.38495752215385437,-0.05135670615698018,-0.06516188383102417,-0.431196466088295,-0.052605419739734316
B,0.0,0.0,0.0,0.08035758137702942,-0.045588016510009766,-0.05278055190279929,0.15419352054595947,-0.11526769399642944,-0.07473464875653235,0.14587125182151794,-0.1896272599697113,-0.0920401868148133,0.09363400936126709,-0.2266424298286438,-0.10846598266795127,0.09477999806404114,-0.2728862166404724,-0.022415541179327647,0.09603390097618103,-0.3708432614803314,-0.050398277185706775,0.0859106183052063,-0.42845776677131653,-0.08028852760031668,0.07374784350395203,-0.4807118624448776,-0.10182551860049216,0.038799166679382324,-0.2832154333591461,-0.018495343692450206,0.040228188037872314,-0.3926580846309662,-0.04052257730796782,0.03253689408302307,-0.46106427907943726,-0.06702476560309378,0.022487610578536987,-0.5194591283798218,-0.08637641190722434,-0.01215428113937378,-0.2723574638366699,-0.021853705935029666,-0.014853060245513916,-0.3778361678123474,-0.04295735254123656,-0.01861882209777832,-0.4429561048746109,-0.059364603899268786,-0.0242159366607666,-0.4965064525604248,-0.06987875520422904,-0.06787371635437012,-0.24109873175621033,-0.031142508677987735,-0.07208478450775146,-0.32722991704940796,-0.04781592085197417,-0.070281982421875,-0.37977033853530884,-0.0520701427681729,-0.06902632117271423,-0.4257323741912842,-0.05367379455998389
B,0.0,0.0,0.0,0.08110913634300232,-0.0452083945274353,-0.04937076324654299,0.15588098764419556,-0.1117103099822998,-0.07099112624359805,0.1453096866607666,-0.1815010905265808,-0.0882670929474898,0.09536248445510864,-0.21653667092323303,-0.10498518997860629,0.09526139497756958,-0.2633090317249298,-0.026184947584397378,0.09653732180595398,-0.36201202869415283,-0.05482026690674502,0.08744999766349792,-0.42080211639404297,-0.08380640799236971,0.07713529467582703,-0.47332797944545746,-0.10446420813036639,0.03865048289299011,-0.27378004789352417,-0.02389881515932757,0.04185265302658081,-0.3844015598297119,-0.047308230195767464,0.03582853078842163,-0.45352649688720703,-0.07334437722397524,0.027808785438537598,-0.5108392983675003,-0.09161590540838915,-0.012907743453979492,-0.26427415013313293,-0.02804467024338919,-0.01470184326171875,-0.3722915053367615,-0.05008321384025294,-0.017140984535217285,-0.43843379616737366,-0.06641077006293017,-0.020809412002563477,-0.49144430458545685,-0.07637788111401278,-0.06786930561065674,-0.23467734456062317,-0.03755000362230021,-0.07156002521514893,-0.32148948311805725,-0.054957141522891106,-0.06936812400817871,-0.3746972680091858,-0.05935057753754336,-0.06724664568901062,-0.4201938956975937,-0.060576324705607476
B,0.0,0.0,0.0,0.08242496848106384,-0.04281353950500488,-0.05010673469439553,0.15922123193740845,-0.11022424697875977,-0.07038068464532898,0.15174561738967896,-0.18246236443519592,-0.08640229395166443,0.09941366314888,-0.21269339323043823,-0.10157898506656693,0.09715443849563599,-0.2662123143672943,-0.01967896214262055,0.10152113437652588,-0.3629318177700043,-0.04519675737753914,0.09376251697540283,-0.41965603828430176,-0.07321904292837189,0.08463665843009949,-0.47129054367542267,-0.0937752767516713,0.04170587658882141,-0.27711573243141174,-0.01664858935907887,0.046550869941711426,-0.3865581452846527,-0.03657871922985123,0.04153159260749817,-0.45432521402835846,-0.061190043301735386,0.03441300988197327,-0.5115451365709305,-0.0792988061024289,-0.009068071842193604,-0.2677176594734192,-0.020652263150964245,-0.009853601455688477,-0.37327709794044495,-0.040218871743832096,-0.011154621839523315,-0.43755169212818146,-0.05553345820442246,-0.014085173606872559,-0.4901009351015091,-0.06531320950523423,-0.06383591890335083,-0.23864397406578064,-0.030491764382873043,-0.06695878505706787,-0.32510146498680115,-0.04589636317029999,-0.06527861952781677,-0.3768257796764374,-0.04938474363223122,-0.0644838809967041,-0.4218984842300415,-0.050612100125704274
B,0.0,0.0,0.0,0.08468270301818848,-0.040962815284729004,-0.04816697482206678,0.16809791326522827,-0.10246396064758301,-0.06786400769092893,0.1634308099746704,-0.17646443843841553,-0.08347968701460218,0.11378207802772522,-0.21485108137130737,-0.09816063884832715,0.11001613736152649,-0.26194876432418823,-0.018599759230397694,0.11476099491119385,-0.3596944212913513,-0.044780618885539525,0.10586756467819214,-0.41833874583244324,-0.07243505064585065,0.09633001685142517,-0.4698518216609955,-0.0925411650929675,0.05604350566864014,-0.27428263425827026,-0.016028938258074277,0.062335073947906494,-0.38410815596580505,-0.037282961795114034,0.05651414394378662,-0.4525359272956848,-0.062239266375087254,0.048432230949401855,-0.5093393325805664,-0.08022944573500013,0.0049017369747161865,-0.2676801383495331,-0.020288835654042714,0.00513303279876709,-0.3739902973175049,-0.04110832456686353,0.0021396279335021973,-0.43712951242923737,-0.05622748974897718,-0.0020792484283447266,-0.48907485604286194,-0.0657954359445796,-0.05254995822906494,-0.24249958992004395,-0.030084490219138615,-0.05242079496383667,-0.32700252532958984,-0.04657680485584592,-0.0483514666557312,-0.37669840455055237,-0.050529840776704305,-0.044456660747528076,-0.42028068006038666,-0.051926530340693944
B,0.0,0.0,0.0,0.08249351382255554,-0.04154312610626221,-0.043032523180869475,0.16330736875534058,-0.10547643899917603,-0.059944666858342543,0.15874254703521729,-0.18096888065338135,-0.0732804834205183,0.11061358451843262,-0.21593907475471497,-0.08575467013898219,0.10859417915344238,-0.2614353597164154,-0.016870234097865477,0.11470890045166016,-0.3608107268810272,-0.04017815360012378,0.10568490624427795,-0.42052991688251495,-0.06617698812070216,0.09501934051513672,-0.4725913405418396,-0.08546549075427379,0.05422240495681763,-0.2746255397796631,-0.016122728522447005,0.06070324778556824,-0.3852757215499878,-0.03412043296876277,0.054554909467697144,-0.4537433385848999,-0.05713918426218356,0.044520407915115356,-0.5103896707296371,-0.0740586667615446,0.004672408103942871,-0.268449604511261,-0.021372308890846625,0.005741238594055176,-0.37495020031929016,-0.03801655762973155,0.004442662000656128,-0.43712419271469116,-0.05171752342167224,0.00023636221885681152,-0.48754023015499115,-0.06090956919970836,-0.04965466260910034,-0.24268722534179688,-0.03181284659686412,-0.052052080631256104,-0.3291136920452118,-0.044795881893065825,-0.04865717887878418,-0.3792104721069336,-0.04688528173747386,-0.04587709903717041,-0.4221510887145996,-0.04725886129918422
B,0.0,0.0,0.0,0.08268213272094727,-0.027739882469177246,-0.050460573741816006,0.16772562265396118,-0.08302634954452515,-0.07137132854165884,0.17110180854797363,-0.15194964408874512,-0.08665426493587347,0.1207880973815918,-0.18880164623260498,-0.10098311723174902,0.11615031957626343,-0.235135018825531,-0.027729008802793942,0.12557554244995117,-0.3274882435798645,-0.05280041740240904,0.12029409408569336,-0.38513344526290894,-0.077953067132853,0.11275601387023926,-0.43491797149181366,-0.09594528795184942,0.06398400664329529,-0.24902871251106262,-0.022427643173955403,0.07435691356658936,-0.353872150182724,-0.04224601433577391,0.07124483585357666,-0.42082788050174713,-0.06562883825006338,0.0644262433052063,-0.47483763098716736,-0.08196695567073675,0.013757079839706421,-0.24392083287239075,-0.02304815360309931,0.016326099634170532,-0.3467950224876404,-0.042496264436863385,0.017292439937591553,-0.4085226356983185,-0.058268327721975766,0.015542954206466675,-0.45738501846790314,-0.06798968882264944,-0.043205857276916504,-0.2205631136894226,-0.028851060652755223,-0.0414695143699646,-0.3016197979450226,-0.04471611277165266,-0.03620031476020813,-0.3497461676597595,-0.04967483551206442,-0.03060823678970337,-0.3906051516532898,-0.05140714392962309
B,0.0,0.0,0.0,0.08313509821891785,-0.025924205780029297,-0.048938817873022344,0.16736659407615662,-0.07769227027893066,-0.07029934932234028,0.1723615825176239,-0.14495426416397095,-0.08645261038782337,0.1236012876033783,-0.18316912651062012,-0.10218805779459217,0.1186319887638092,-0.2251872420310974,-0.02957213443460205,0.12967637181282043,-0.3176337480545044,-0.05498893891217449,0.12453064322471619,-0.37494274973869324,-0.08013920445682743,0.1175142228603363,-0.4247216135263443,-0.0979344095730994,0.0683959424495697,-0.23826834559440613,-0.024956937476417806,0.08017352223396301,-0.34275713562965393,-0.04486662481667736,0.07712194323539734,-0.40957897901535034,-0.0685045789623473,0.07036629319190979,-0.4635476917028427,-0.08551567007543781,0.019408315420150757,-0.2340337336063385,-0.02588132356049755,0.025004297494888306,-0.3355614244937897,-0.04443472211005428,0.02641710638999939,-0.3963167667388916,-0.05976736132743099,0.02415013313293457,-0.44376006722450256,-0.06973057945015171,-0.03773358464241028,-0.2135883867740631,-0.03181356896402576,-0.03500482439994812,-0.29426810145378113,-0.04676997621299961,-0.02919653058052063,-0.3425867557525635,-0.051479093327543524,-0.02388778328895569,-0.38348066806793213,-0.05346637551429012
B,0.0,0.0,0.0,0.0804307758808136,-0.02788454294204712,-0.04659791761960719,0.1673699915409088,-0.07899731397628784,-0.06617215001907084,0.17488840222358704,-0.14698821306228638,-0.08110411936368678,0.12840202450752258,-0.1818528175354004,-0.09526660019483302,0.12144580483436584,-0.22717314958572388,-0.022472473848125674,0.13185009360313416,-0.31884557008743286,-0.04653912136282656,0.12734410166740417,-0.3741582930088043,-0.0717523592146847,0.12205567955970764,-0.4219949096441269,-0.08987233513917658,0.07134154438972473,-0.2424394190311432,-0.01895256811704371,0.082182377576828,-0.3456866145133972,-0.03773915121283267,0.07967862486839294,-0.4105086326599121,-0.0612501958939049,0.0745261013507843,-0.4630068242549896,-0.07822374725665782,0.022333085536956787,-0.24032512307167053,-0.021267266068122126,0.026719629764556885,-0.3404325246810913,-0.039462816956898905,0.02778497338294983,-0.4007081985473633,-0.05464874306645129,0.026781737804412842,-0.4484005868434906,-0.06450213963117335,-0.034060925245285034,-0.22108891606330872,-0.02861627476241324,-0.032110005617141724,-0.3002954125404358,-0.04303680458988879,-0.026323944330215454,-0.3469715118408203,-0.0469573224517319,-0.019881606101989746,-0.3867638111114502,-0.04844659293021891
B,0.0,0.0,0.0,0.08218216896057129,-0.028560996055603027,-0.046435258182356165,0.16734838485717773,-0.07938534021377563,-0.06634065398819189,0.1715763807296753,-0.14817720651626587,-0.08168206253893118,0.12387466430664062,-0.1847706139087677,-0.09667058924085836,0.12002724409103394,-0.22616341710090637,-0.024556192400524424,0.1304072141647339,-0.3187848925590515,-0.04930424207694273,0.125113844871521,-0.3745822310447693,-0.07480922976381521,0.11881697177886963,-0.4237664192914963,-0.09324075916654806,0.06936949491500854,-0.2409290373325348,-0.021267461421558664,0.08067518472671509,-0.3446108400821686,-0.04062994832045774,0.07795518636703491,-0.4095379114151001,-0.06471305975563268,0.07211154699325562,-0.4627857655286789,-0.08230092266447286,0.02026134729385376,-0.23840120434761047,-0.02355623880274038,0.02517026662826538,-0.33844244480133057,-0.04194421583659391,0.02656024694442749,-0.3989497721195221,-0.057627166452476786,0.024840861558914185,-0.4474993944168091,-0.06811464467890005,-0.03597113490104675,-0.21905803680419922,-0.030761386098930643,-0.03320300579071045,-0.29822131991386414,-0.04566225299484472,-0.02679234743118286,-0.345635324716568,-0.050228229554960535,-0.020815342664718628,-0.3864419460296631,-0.05230929219968061
B,0.0,0.0,0.0,0.07904839515686035,-0.027630627155303955,-0.048128330708891554,0.16514652967453003,-0.07591211795806885,-0.06868970543280284,0.1727619767189026,-0.1443505883216858,-0.08433424830570857,0.12619465589523315,-0.18097755312919617,-0.09921325147286097,0.1197085976600647,-0.22845441102981567,-0.024478543178588552,0.1300671100616455,-0.3207210302352905,-0.0481580026461188,0.12417399883270264,-0.37705373764038086,-0.07289794981613795,0.11691552400588989,-0.4261898398399353,-0.09095194339886348,0.07081389427185059,-0.24334290623664856,-0.020300484822541875,0.0817074179649353,-0.3461628258228302,-0.03874499127402942,0.07832890748977661,-0.4094454348087311,-0.06158603504434268,0.07222068309783936,-0.46182261407375336,-0.07823980748787562,0.022783249616622925,-0.24107754230499268,-0.022023737059384985,0.02685883641242981,-0.3411528766155243,-0.039634076507240934,0.02689078450202942,-0.4009776711463928,-0.054061332346350355,0.024970144033432007,-0.4502492696046829,-0.06375577449932734,-0.033354997634887695,-0.22246485948562622,-0.028976175562888784,-0.031002402305603027,-0.30199921131134033,-0.042902217806727094,-0.02481597661972046,-0.3481881320476532,-0.04644232019916217,-0.017723381519317627,-0.38838088512420654,-0.047941373289972944
B,0.0,0.0,0.0,0.08098331093788147,-0.028391361236572266,-0.05129410099272036,0.16216769814491272,-0.08243930339813232,-0.07332592230324053,0.16502901911735535,-0.1494852900505066,-0.08962104242328905,0.11520549654960632,-0.18251842260360718,-0.10514786612276339,0.11385932564735413,-0.22453975677490234,-0.029635564945976967,0.124818354845047,-0.31719452142715454,-0.05397078167681002,0.11850288510322571,-0.37497562170028687,-0.07808378111604952,0.1110394299030304,-0.4236758053302765,-0.09504291933063769,0.06497529149055481,-0.23693162202835083,-0.023353742026131386,0.07592394948005676,-0.34100961685180664,-0.042018709294836754,0.0724235475063324,-0.4077112674713135,-0.06405730318311953,0.06628236174583435,-0.4618695378303528,-0.07993447553400301,0.017951935529708862,-0.23225000500679016,-0.023059956319968933,0.020411163568496704,-0.3314867615699768,-0.04072893556241297,0.02050924301147461,-0.39211487770080566,-0.055736669861119026,0.017575711011886597,-0.43922728300094604,-0.06551646214012408,-0.0362972617149353,-0.21186155080795288,-0.02812173735384249,-0.03534907102584839,-0.2906181812286377,-0.04243319999460482,-0.03136381506919861,-0.3391852378845215,-0.047450953685086006,-0.028012782335281372,-0.380729615688324,-0.04986566077951693
B,0.0,0.0,0.0,0.08156812191009521,-0.029146790504455566,-0.0540918789506577,0.1621984839439392,-0.08248567581176758,-0.07813864272839055,0.16580182313919067,-0.15076422691345215,-0.09599341523653493,0.11524444818496704,-0.18274539709091187,-0.11318935525423512,0.11531585454940796,-0.22479170560836792,-0.03358911421901212,0.12603849172592163,-0.31794843077659607,-0.058493979990544176,0.11915349960327148,-0.3761048913002014,-0.08284343850618825,0.11098474264144897,-0.42495518922805786,-0.09992774647480474,0.06625199317932129,-0.23698526620864868,-0.0261060490906857,0.07723158597946167,-0.3410479724407196,-0.04503052753216252,0.07307630777359009,-0.40754494071006775,-0.06694395911699758,0.06634259223937988,-0.46186965703964233,-0.08270932805544362,0.01916000247001648,-0.23197734355926514,-0.024683632671894884,0.02132260799407959,-0.33102893829345703,-0.04221582484251485,0.02094864845275879,-0.3917483985424042,-0.05711353269225583,0.017680257558822632,-0.4387957453727722,-0.06690602076059804,-0.03511488437652588,-0.21144503355026245,-0.028873710677089548,-0.034248530864715576,-0.2902753949165344,-0.04300985184318051,-0.030444592237472534,-0.33900243043899536,-0.048012212634148455,-0.027233123779296875,-0.3799839913845062,-0.050476309627356386
B,0.0,0.0,0.0,0.08210879564285278,-0.0306968092918396,-0.05293200318988056,0.16023176908493042,-0.0840802788734436,-0.0753671579557249,0.16379892826080322,-0.14852863550186157,-0.09220314552362652,0.11697471141815186,-0.18448728322982788,-0.10783930649336071,0.1058620810508728,-0.23461204767227173,-0.025040110250074576,0.11592799425125122,-0.3233896791934967,-0.04777648081358166,0.10866820812225342,-0.3790751099586487,-0.07165513714130611,0.09906595945358276,-0.4266519248485565,-0.08861458082969875,0.0578608512878418,-0.24443158507347107,-0.01729103518005104,0.06721687316894531,-0.3450646996498108,-0.03414004822548122,0.06165593862533569,-0.4091518521308899,-0.0555397026735136,0.053716838359832764,-0.461845725774765,-0.07140092333133907,0.011205196380615234,-0.2370997667312622,-0.01618036036666126,0.012961864471435547,-0.3333432078361511,-0.032506892134506415,0.01106959581375122,-0.3921351730823517,-0.0466302648680994,0.0069214701652526855,-0.43801918625831604,-0.05600210433181019,-0.04264920949935913,-0.21389776468276978,-0.020800575290877532,-0.042813122272491455,-0.2910004258155823,-0.03393805553491802,-0.04032579064369202,-0.33858194947242737,-0.038323493351299476,-0.037985384464263916,-0.3793675899505615,-0.040417777051288795
B,0.0,0.0,0.0,0.0798501968383789,-0.028096556663513184,-0.05613146244695599,0.15909558534622192,-0.08278346061706543,-0.08003346889427121,0.15988963842391968,-0.14970362186431885,-0.09757986932208951,0.11206966638565063,-0.1890624761581421,-0.11391491710355695,0.10914212465286255,-0.2274312973022461,-0.031729872218875244,0.11786633729934692,-0.3171101212501526,-0.056881974331645324,0.11022013425827026,-0.37273329496383667,-0.08164028345754559,0.10081338882446289,-0.420369029045105,-0.09897660731485303,0.06071716547012329,-0.2373913824558258,-0.022928436167148902,0.06948953866958618,-0.33738136291503906,-0.04249990253856595,0.0638996958732605,-0.4014063775539398,-0.06525083153655942,0.05615496635437012,-0.4542064070701599,-0.08154014765432294,0.014651000499725342,-0.23073703050613403,-0.02064766257217343,0.016088008880615234,-0.32611048221588135,-0.03938203944971974,0.014127790927886963,-0.3847710192203522,-0.05439712002089436,0.009913980960845947,-0.43106210231781006,-0.0638967257659715,-0.03851902484893799,-0.20870190858840942,-0.024153173781542137,-0.03871506452560425,-0.28481221199035645,-0.039346012167243316,-0.035990357398986816,-0.3317568004131317,-0.04477703466227467,-0.033814936876297,-0.3720991313457489,-0.0472120818417352
B,0.0,0.0,0.0,0.07296818494796753,-0.02663475275039673,-0.051152381495455757,0.14533668756484985,-0.07892078161239624,-0.07286105622432615,0.14510709047317505,-0.1383455991744995,-0.08864680995128538,0.10369503498077393,-0.17885535955429077,-0.10297778566263105,0.10028111934661865,-0.2189306616783142,-0.030368953392724052,0.1076803207397461,-0.30398955941200256,-0.05511004422686483,0.09976524114608765,-0.35651981830596924,-0.07934975196502592,0.09047722816467285,-0.40285927057266235,-0.09631227274320509,0.0525362491607666,-0.22927096486091614,-0.02299927865050222,0.05870705842971802,-0.32473281025886536,-0.04273949508450414,0.053686320781707764,-0.38553693890571594,-0.06491609235189344,0.04786527156829834,-0.43553924560546875,-0.08062374909303571,0.007343709468841553,-0.22223946452140808,-0.02144271080277349,0.006268978118896484,-0.31237542629241943,-0.039707853839615836,0.0044844746589660645,-0.36771920323371887,-0.05325637330196287,0.002409636974334717,-0.41275015473365784,-0.06173393075249578,-0.04222369194030762,-0.19905799627304077,-0.025221339807728782,-0.04397404193878174,-0.270817369222641,-0.039560086474637046,-0.041970670223236084,-0.31450170278549194,-0.0435986848630705,-0.03930258750915527,-0.3534510135650635,-0.04493760635040189
B,0.0,0.0,0.0,0.07333314418792725,-0.03438127040863037,-0.05177298694144383,0.140738844871521,-0.08968168497085571,-0.07542982830892697,0.13653868436813354,-0.15033090114593506,-0.09332133217941418,0.09089070558547974,-0.1857115626335144,-0.11031840875040189,0.09155267477035522,-0.22353783249855042,-0.03279665245901242,0.09569364786148071,-0.31073278188705444,-0.05807054548751012,0.08679729700088501,-0.3616456389427185,-0.082643547498094,0.07721197605133057,-0.4055878818035126,-0.099670895778047,0.04253971576690674,-0.23192453384399414,-0.02501069887767926,0.04682701826095581,-0.3288530707359314,-0.04512030764709607,0.040336430072784424,-0.38900628685951233,-0.0674440725077261,0.032866835594177246,-0.4384975731372833,-0.08338844164501324,-0.0028047561645507812,-0.22293531894683838,-0.02297798863838807,-0.0056760311126708984,-0.3156852126121521,-0.040909351252423676,-0.008658826351165771,-0.37020373344421387,-0.05435921012650624,-0.012140274047851562,-0.41426992416381836,-0.0631769610870947,-0.05197715759277344,-0.19823473691940308,-0.026248847537146958,-0.05526414513587952,-0.27161645889282227,-0.03965999319444791,-0.05379617214202881,-0.31655704975128174,-0.0434059290517439,-0.051540374755859375,-0.3559674918651581,-0.04510342090617314
B,0.0,0.0,0.0,0.06958276033401489,-0.031292617321014404,-0.050531495539871685,0.13969194889068604,-0.08686161041259766,-0.07460407185408258,0.13875585794448853,-0.14886611700057983,-0.09310653823467874,0.09126460552215576,-0.18318510055541992,-0.1105278136119523,0.09192878007888794,-0.22159141302108765,-0.033365450976816646,0.09550940990447998,-0.308649480342865,-0.05940829980227136,0.08652567863464355,-0.35930782556533813,-0.08371479827019357,0.07832634449005127,-0.4024212956428528,-0.10040252673479699,0.04231184720993042,-0.23089250922203064,-0.02733502368482732,0.04630911350250244,-0.33033886551856995,-0.04719236883374833,0.03984326124191284,-0.39071014523506165,-0.06825991737696313,0.03338521718978882,-0.44094330072402954,-0.0832358824000039,-0.0034763216972351074,-0.22271734476089478,-0.027089903308478824,-0.006606042385101318,-0.31656476855278015,-0.044779248712984554,-0.00903630256652832,-0.3734782934188843,-0.0577328840181508,-0.011589229106903076,-0.42020440101623535,-0.06650266814085626,-0.052816033363342285,-0.1982617974281311,-0.03211196902248048,-0.05520826578140259,-0.27109265327453613,-0.04552185180637025,-0.053463876247406006,-0.31574952602386475,-0.04875686037394189,-0.051194727420806885,-0.3561103343963623,-0.050209220676151745
B,0.0,0.0,0.0,0.07078218460083008,-0.03401648998260498,-0.05041721571802782,0.1374969482421875,-0.08840495347976685,-0.07338266928314852,0.13340210914611816,-0.14915162324905396,-0.09067676324963259,0.08859407901763916,-0.18558108806610107,-0.10713584829687761,0.09033608436584473,-0.21676889061927795,-0.033951972765919436,0.09564560651779175,-0.3030061721801758,-0.05960421745299982,0.08608686923980713,-0.3545360267162323,-0.08399586488127397,0.07495194673538208,-0.39895135164260864,-0.10055972744345354,0.04276478290557861,-0.22486579418182373,-0.026834434984323252,0.04697960615158081,-0.32026004791259766,-0.04655807946443247,0.03873485326766968,-0.3806607723236084,-0.06820323426842378,0.029031872749328613,-0.43036240339279175,-0.08355265219330477,-0.001218259334564209,-0.21645519137382507,-0.025201830236312617,-0.004869818687438965,-0.30637121200561523,-0.042653215272423495,-0.009306877851486206,-0.36069968342781067,-0.055547372592684496,-0.014599978923797607,-0.40386253595352173,-0.06375210840820955,-0.04953259229660034,-0.19289791584014893,-0.028777227891680468,-0.05370244383811951,-0.2652800679206848,-0.042250481588837374,-0.05341354012489319,-0.30973121523857117,-0.04570534188866304,-0.05288609862327576,-0.3478009104728699,-0.04677418355464624
B,0.0,0.0,0.0,0.06894683837890625,-0.034388840198516846,-0.05186399149368981,0.13037943840026855,-0.08961230516433716,-0.07418217214416245,0.12230724096298218,-0.14890092611312866,-0.09060404899190644,0.0771569013595581,-0.18375450372695923,-0.106223826134908,0.08084160089492798,-0.2150290608406067,-0.031727799052703176,0.08355677127838135,-0.29942113161087036,-0.05600043090652207,0.07319849729537964,-0.3498457670211792,-0.08016238066028336,0.06167149543762207,-0.3933926820755005,-0.09697531613181809,0.03333306312561035,-0.22185659408569336,-0.022978267470705305,0.03441494703292847,-0.31505513191223145,-0.04183795380066613,0.024895131587982178,-0.37378400564193726,-0.0640402853734372,0.01469603180885315,-0.4228435456752777,-0.08008785250257233,-0.009550034999847412,-0.21229702234268188,-0.019996986562716756,-0.014512509107589722,-0.30009615421295166,-0.037052103156554494,-0.02016448974609375,-0.35382235050201416,-0.05116169604133347,-0.026517808437347412,-0.3968442678451538,-0.060425781483161245,-0.05543842911720276,-0.18803149461746216,-0.022305042321193014,-0.06010344624519348,-0.25850144028663635,-0.03570951225827912,-0.06119871139526367,-0.30171555280685425,-0.04008793907831887,-0.061981379985809326,-0.33878612518310547,-0.042163842195975576
B,0.0,0.0,0.0,0.06709721684455872,-0.036808133125305176,-0.04953602428025761,0.12765327095985413,-0.09632706642150879,-0.07018595660514393,0.11235913634300232,-0.15602731704711914,-0.08545478159970799,0.06263765692710876,-0.18562108278274536,-0.09928154671973743,0.07515379786491394,-0.2195422351360321,-0.026136086382336998,0.07621714472770691,-0.3013670742511749,-0.049147871382899666,0.06603512167930603,-0.34816470742225647,-0.07220063085145512,0.05484309792518616,-0.3885299861431122,-0.08814007515496769,0.026776999235153198,-0.22651445865631104,-0.018318555377788925,0.027151793241500854,-0.3168908953666687,-0.035759423919387245,0.01781141757965088,-0.37250447273254395,-0.056086191036172295,0.007563889026641846,-0.41822242736816406,-0.07055437291450062,-0.015503138303756714,-0.2160424292087555,-0.016515835248299027,-0.02029314637184143,-0.30039817094802856,-0.032656268276639366,-0.02530398964881897,-0.3512468934059143,-0.045119871445365334,-0.030869215726852417,-0.39169061183929443,-0.05297692964262524,-0.05973806977272034,-0.18983924388885498,-0.01995353313571968,-0.06565690040588379,-0.25742295384407043,-0.03190508583969631,-0.06652313470840454,-0.2985212802886963,-0.03469308192319431,-0.06725391745567322,-0.3338436484336853,-0.035516132660575295
B,0.0,0.0,0.0,0.0702170729637146,-0.03378164768218994,-0.04819935935927333,0.13308250904083252,-0.09576505422592163,-0.06683510545087756,0.11846011877059937,-0.15430742502212524,-0.07985480877948703,0.07150977849960327,-0.18427002429962158,-0.09131164851976337,0.08367043733596802,-0.22179323434829712,-0.02523176002694072,0.08398860692977905,-0.3038974404335022,-0.04663085568142833,0.07255536317825317,-0.3515557050704956,-0.06866616013837756,0.058892250061035156,-0.3928782045841217,-0.0844208821971506,0.033829450607299805,-0.22975963354110718,-0.01760303977323474,0.032121360301971436,-0.31998705863952637,-0.034207448395022766,0.02229967713356018,-0.37586861848831177,-0.05524163696361484,0.011223554611206055,-0.42206573486328125,-0.07023660841775836,-0.00901845097541809,-0.2190706431865692,-0.015439315730759517,-0.014678865671157837,-0.3041916489601135,-0.031335115464457886,-0.019967198371887207,-0.3551003932952881,-0.04520260918332042,-0.026077330112457275,-0.3967120945453644,-0.05405052381945552,-0.05268886685371399,-0.19132214784622192,-0.01816071386826934,-0.06058529019355774,-0.25806519389152527,-0.03050212378991546,-0.061139851808547974,-0.29862651228904724,-0.03418813276482524,-0.06061318516731262,-0.33345261216163635,-0.035467486860284225
B,0.0,0.0,0.0,0.07045111060142517,-0.03267538547515869,-0.052913963289483945,0.13082334399223328,-0.09419423341751099,-0.07365090721987144,0.12083366513252258,-0.153306782245636,-0.08820405924461738,0.07801690697669983,-0.18664085865020752,-0.10128616118572609,0.08330771327018738,-0.22266361117362976,-0.02980701388560192,0.08419111371040344,-0.3062504231929779,-0.05284330198310272,0.07363376021385193,-0.3549222946166992,-0.07606926137350456,0.06066116690635681,-0.3963250517845154,-0.09239158356331245,0.0337313711643219,-0.22908678650856018,-0.020149783657416265,0.033782780170440674,-0.3207435607910156,-0.03888724693797485,0.023324191570281982,-0.37833863496780396,-0.06115493872903244,0.011076241731643677,-0.4251801371574402,-0.07666467452190773,-0.009263187646865845,-0.21772882342338562,-0.016425424681528966,-0.01280069351196289,-0.30509135127067566,-0.03391678208254234,-0.018442898988723755,-0.35736364126205444,-0.048515486957057874,-0.025170832872390747,-0.399464875459671,-0.0575508060469474,-0.05345383286476135,-0.19083958864212036,-0.018034787343367498,-0.058846116065979004,-0.25960320234298706,-0.03170679831646339,-0.059331029653549194,-0.30162686109542847,-0.03644565069816963,-0.059098511934280396,-0.3373439311981201,-0.03833373958013908
B,0.0,0.0,0.0,0.0693795382976532,-0.03481537103652954,-0.049519726724412294,0.13157984614372253,-0.09666460752487183,-0.06915072882273421,0.11912086606025696,-0.15711748600006104,-0.08335625165798888,0.07117876410484314,-0.18735015392303467,-0.09593143099644408,0.08023479580879211,-0.227552592754364,-0.02342703537740931,0.08031448721885681,-0.3089542090892792,-0.04495681980350241,0.06959524750709534,-0.35509610176086426,-0.06778540992834792,0.057034045457839966,-0.3954046368598938,-0.08408967191078887,0.03210529685020447,-0.23406541347503662,-0.015446290091659876,0.030288994312286377,-0.32491886615753174,-0.03262186953523383,0.02073541283607483,-0.3806647062301636,-0.05396724277832732,0.009338170289993286,-0.42674291133880615,-0.06934845978119597,-0.010130256414413452,-0.22242078185081482,-0.013429052845623346,-0.016399264335632324,-0.3076256513595581,-0.029912009553100916,-0.022229105234146118,-0.35759487748146057,-0.04335182690718398,-0.029258519411087036,-0.39774683117866516,-0.05174364307620749,-0.05376151204109192,-0.19534039497375488,-0.01663694688775763,-0.06042969226837158,-0.2642382085323334,-0.02888307505943999,-0.061727672815322876,-0.30526837706565857,-0.03246386879780516,-0.06283619999885559,-0.3403262495994568,-0.03382249334552512
B,0.0,0.0,0.0,0.07091647386550903,-0.03560066223144531,-0.05043197742429584,0.13422495126724243,-0.09692561626434326,-0.07095954513874858,0.12353509664535522,-0.15813207626342773,-0.08619464880553096,0.07469242811203003,-0.1893213987350464,-0.09995509630766719,0.07840621471405029,-0.2328224778175354,-0.02525814196792453,0.07754838466644287,-0.3152638077735901,-0.048162780168922836,0.06601721048355103,-0.36287564039230347,-0.07201418972340434,0.052170753479003906,-0.40445470809936523,-0.08915834075537532,0.029713064432144165,-0.23963043093681335,-0.01760067551163047,0.026983201503753662,-0.33144187927246094,-0.03636028936830371,0.016100525856018066,-0.3884832262992859,-0.0591310257348141,0.0036756694316864014,-0.4359199106693268,-0.07554904318180888,-0.013116449117660522,-0.22767317295074463,-0.015891333508761818,-0.020090103149414062,-0.3147616982460022,-0.033804021242531235,-0.027371138334274292,-0.3678431510925293,-0.048978134456547195,-0.035671383142471313,-0.4104355573654175,-0.05870130977359622,-0.057778894901275635,-0.19964343309402466,-0.019382163349064285,-0.06524300575256348,-0.2695111334323883,-0.03290285116759151,-0.06667956709861755,-0.31169214844703674,-0.03759921288815349,-0.06747102737426758,-0.3474726676940918,-0.03979130781021922
B,0.0,0.0,0.0,0.07355880737304688,-0.03426450490951538,-0.04871757659950049,0.14236712455749512,-0.09222078323364258,-0.06914546299614699,0.1413227915763855,-0.1546015739440918,-0.08507870841660292,0.09608036279678345,-0.18381744623184204,-0.10001961845793517,0.07787173986434937,-0.23804998397827148,-0.02165427576639445,0.07640397548675537,-0.3226308524608612,-0.04455582756438048,0.06530874967575073,-0.370877206325531,-0.06938962597288878,0.053127169609069824,-0.41357362270355225,-0.08745276141800673,0.028226196765899658,-0.24417522549629211,-0.016256812549016786,0.025026768445968628,-0.340713232755661,-0.034291609710834337,0.014790356159210205,-0.4006781578063965,-0.057071819490573716,0.0033397376537323,-0.45137691497802734,-0.07403549510874541,-0.01661437749862671,-0.23252761363983154,-0.017217509037635637,-0.02457374334335327,-0.3245621919631958,-0.03491178858914168,-0.03128254413604736,-0.38152629137039185,-0.05054613534250052,-0.039676785469055176,-0.42798787355422974,-0.060988608336828065,-0.06387561559677124,-0.20448821783065796,-0.023521154708049608,-0.07120075821876526,-0.27832281589508057,-0.03783962461986334,-0.07381600141525269,-0.32320547103881836,-0.04293227154650481,-0.07686507701873779,-0.3622790277004242,-0.04571248177327902
B,0.0,0.0,0.0,0.07392200827598572,-0.034918129444122314,-0.049733195185638124,0.14416536688804626,-0.0947372317314148,-0.07095979872343605,0.14290174841880798,-0.16010433435440063,-0.08721215251085823,0.09528574347496033,-0.18848025798797607,-0.1026705798804528,0.07899799942970276,-0.2385394275188446,-0.025785533443070108,0.07595506310462952,-0.3244363069534302,-0.04960390898583,0.06351146101951599,-0.37386468052864075,-0.07479397925732201,0.05146917700767517,-0.4176751971244812,-0.09331101897356575,0.02841278910636902,-0.24534708261489868,-0.02012965056297844,0.023917436599731445,-0.3435400128364563,-0.039455093175149614,0.01316976547241211,-0.40469735860824585,-0.0627933365404374,0.0017228424549102783,-0.45671409368515015,-0.08008189472553795,-0.01679489016532898,-0.23389816284179688,-0.02050356912610596,-0.026180028915405273,-0.3275277316570282,-0.038973763316846544,-0.03322616219520569,-0.3853175938129425,-0.05455074059960907,-0.04140812158584595,-0.4324135184288025,-0.06501641097662514,-0.0640576183795929,-0.20578384399414062,-0.026225872069574052,-0.07159039378166199,-0.28083014488220215,-0.041068479150510484,-0.07312479615211487,-0.32637345790863037,-0.04621869298813408,-0.0747690200805664,-0.36631643772125244,-0.04907724234459465
B,0.0,0.0,0.0,0.07490795850753784,-0.03622323274612427,-0.05146553720732072,0.14292627573013306,-0.09585857391357422,-0.07291090096731523,0.13856565952301025,-0.1590389609336853,-0.08905775453348497,0.09226793050765991,-0.1875433325767517,-0.10431800390978196,0.07830560207366943,-0.24028274416923523,-0.026960542233780416,0.07224512100219727,-0.3279055953025818,-0.05098891239066461,0.058655381202697754,-0.3801165223121643,-0.07642791773577073,0.04455050826072693,-0.42556291818618774,-0.09497847761412004,0.02738139033317566,-0.24571314454078674,-0.020255703287318738,0.021384716033935547,-0.3434547185897827,-0.039681333856776746,0.008561402559280396,-0.4063306450843811,-0.06354553605814317,-0.005582898855209351,-0.4584239721298218,-0.08104659970302919,-0.018691062927246094,-0.23312970995903015,-0.019720265450075658,-0.028895795345306396,-0.32685142755508423,-0.03830263744492868,-0.037070900201797485,-0.3843749761581421,-0.054555505322412046,-0.04677635431289673,-0.4304015636444092,-0.06532665695448259,-0.06720104813575745,-0.20448845624923706,-0.024640651228025945,-0.0757562518119812,-0.27902132272720337,-0.039959527360394986,-0.07836145162582397,-0.32445770502090454,-0.04583817701239923,-0.08051908016204834,-0.3636001944541931,-0.049006055848792585
B,0.0,0.0,0.0,0.07416266202926636,-0.03857356309890747,-0.04868599276005625,0.1440027356147766,-0.10297036170959473,-0.06825159366189837,0.13627833127975464,-0.1661670207977295,-0.0835328387743175,0.08797997236251831,-0.19502270221710205,-0.09780397142230868,0.06653821468353271,-0.25055187940597534,-0.020292776328915352,0.059286415576934814,-0.33925241231918335,-0.04531849424301981,0.04593038558959961,-0.39005839824676514,-0.0722689392691791,0.030173808336257935,-0.4358515441417694,-0.09171320374071001,0.014536023139953613,-0.25518107414245605,-0.01597737583279013,0.00818026065826416,-0.3550291061401367,-0.03672647352277636,-0.005866736173629761,-0.4188838601112366,-0.06207238013803362,-0.022001653909683228,-0.47288626432418823,-0.0805716427689731,-0.0310593843460083,-0.24166548252105713,-0.01818462523579001,-0.04080045223236084,-0.33672118186950684,-0.03785853709041476,-0.049401164054870605,-0.3966822028160095,-0.05469335491716265,-0.06000626087188721,-0.44559159874916077,-0.06568629170715212,-0.0780564546585083,-0.2105843424797058,-0.02580001826345324,-0.08528080582618713,-0.28754615783691406,-0.04110931108652949,-0.08850884437561035,-0.3348236382007599,-0.04620465884863734,-0.09268078207969666,-0.37700599431991577,-0.04887125144659876
B,0.0,0.0,0.0,0.07129046320915222,-0.04396265745162964,-0.044097195456373584,0.13765379786491394,-0.11177390813827515,-0.06038688410316695,0.13024398684501648,-0.1765003800392151,-0.07340266097580184,0.08689042925834656,-0.20787405967712402,-0.08544221807514418,0.056551843881607056,-0.2565537691116333,-0.013930182049620043,0.04971429705619812,-0.3464389443397522,-0.03747955996786345,0.03631693124771118,-0.39845678210258484,-0.06389878977333296,0.020917445421218872,-0.44632232189178467,-0.08350249666963805,0.005733072757720947,-0.26209816336631775,-0.01204715769981135,-0.0010881423950195312,-0.3646400272846222,-0.03137247178946723,-0.014204621315002441,-0.4295048713684082,-0.056121188292848956,-0.029923707246780396,-0.48571401834487915,-0.07439236629997481,-0.03816145658493042,-0.2498551607131958,-0.016647863278734576,-0.048543721437454224,-0.3482831120491028,-0.035813569168198,-0.05862915515899658,-0.40873807668685913,-0.05250608090554465,-0.07112595438957214,-0.4602712094783783,-0.0635993360379814,-0.08251595497131348,-0.21923178434371948,-0.02637571942304362,-0.09281370043754578,-0.29800596833229065,-0.041901237408268344,-0.09639731049537659,-0.3452039957046509,-0.04706649769340743,-0.10045495629310608,-0.38844746351242065,-0.04988272402678717
B,0.0,0.0,0.0,0.07788002490997314,-0.047199904918670654,-0.04139350772021544,0.1399674415588379,-0.11416083574295044,-0.05754349798081648,0.13099151849746704,-0.18266385793685913,-0.07091996118543875,0.08243405818939209,-0.21557509899139404,-0.0835863207292391,0.053830862045288086,-0.255220890045166,-0.013612106890661835,0.04757380485534668,-0.34657397866249084,-0.03754169538734686,0.03322690725326538,-0.39960354566574097,-0.06391067847727072,0.017473936080932617,-0.4479284882545471,-0.08363118067501318,0.005217850208282471,-0.26181459426879883,-0.012829166353924393,-0.0017627477645874023,-0.36684292554855347,-0.03253410056350958,-0.01600569486618042,-0.4339773654937744,-0.058209602237923264,-0.032943904399871826,-0.49079591035842896,-0.07800851807115805,-0.03752875328063965,-0.24990403652191162,-0.018141888530237793,-0.04496711492538452,-0.3511740267276764,-0.03763466000674498,-0.05364108085632324,-0.4132368564605713,-0.05661211207626593,-0.06604999303817749,-0.4640161991119385,-0.07013234540937674,-0.08086594939231873,-0.22015774250030518,-0.028078159765584587,-0.09046995639801025,-0.2991984784603119,-0.04391292527435553,-0.09376335144042969,-0.34811267256736755,-0.051086459757073044,-0.09859246015548706,-0.3909296989440918,-0.05610273450730574
B,0.0,0.0,0.0,0.07570457458496094,-0.027758657932281494,-0.04899825851398987,0.15211623907089233,-0.07678782939910889,-0.0693141738601355,0.15766900777816772,-0.13869953155517578,-0.0840948591657309,0.11739975214004517,-0.1788763403892517,-0.09817855010706467,0.12271875143051147,-0.21206098794937134,-0.030504276482048454,0.1349860429763794,-0.30249282717704773,-0.055337130529466094,0.13108378648757935,-0.3568729758262634,-0.07964830051142258,0.12513965368270874,-0.40265142917633057,-0.09635382841307205,0.0729212760925293,-0.22698235511779785,-0.02410945060628933,0.08457857370376587,-0.32556667923927307,-0.0424102614350943,0.0834764838218689,-0.3870229721069336,-0.06423378686386627,0.08022147417068481,-0.43626439571380615,-0.07990802775103134,0.02449434995651245,-0.2234777808189392,-0.023368484777989806,0.0287625789642334,-0.3173605799674988,-0.039998705936255874,0.030892372131347656,-0.3728176951408386,-0.05342933486181778,0.03208690881729126,-0.4176522493362427,-0.06239595959860367,-0.02978336811065674,-0.20454370975494385,-0.0277739311285643,-0.025500714778900146,-0.27836623787879944,-0.0410992088444857,-0.018358737230300903,-0.3215053081512451,-0.04439013029414696,-0.009748131036758423,-0.35874632000923157,-0.045593134564938964
B,0.0,0.0,0.0,0.07640871405601501,-0.02744072675704956,-0.0507535983988987,0.15209397673606873,-0.08195680379867554,-0.070985545701717,0.15063247084617615,-0.1492774486541748,-0.08543154347631798,0.10604962706565857,-0.19101989269256592,-0.09902263183090554,0.12428471446037292,-0.2158111333847046,-0.030358775816296202,0.13655617833137512,-0.30881041288375854,-0.05638538051340447,0.1326349675655365,-0.36551928520202637,-0.08175750572178231,0.12722554802894592,-0.4126816689968109,-0.09918544936869012,0.07266703248023987,-0.23162800073623657,-0.02334533195886479,0.08543530106544495,-0.33245575428009033,-0.043261842168305975,0.08485618233680725,-0.3973724842071533,-0.06655000645611153,0.08230289816856384,-0.44866207242012024,-0.08308950561973916,0.02383175492286682,-0.2287108302116394,-0.02222034644279347,0.030171185731887817,-0.3247978091239929,-0.04019639391395913,0.03349718451499939,-0.3816848397254944,-0.05468494195434914,0.03520295023918152,-0.42629632353782654,-0.06415751326773034,-0.03034326434135437,-0.20961010456085205,-0.02640915226135121,-0.024611681699752808,-0.2842091917991638,-0.04083500552866326,-0.017855018377304077,-0.32824862003326416,-0.045003981626962286,-0.011037379503250122,-0.36588847637176514,-0.0466603760788189
B,0.0,0.0,0.0,0.08267879486083984,-0.032846033573150635,-0.048372298484309795,0.1549409031867981,-0.09608197212219238,-0.06606369093583453,0.13754183053970337,-0.16945290565490723,-0.07806748524831164,0.08614891767501831,-0.20500439405441284,-0.08859984949754107,0.12703871726989746,-0.22231945395469666,-0.022973150020106914,0.13483184576034546,-0.3221014738082886,-0.04453525320218432,0.1287420392036438,-0.38155877590179443,-0.06707959995196688,0.12347114086151123,-0.42820703983306885,-0.0826616920583092,0.07137620449066162,-0.23924404382705688,-0.014953883370026233,0.07972365617752075,-0.3430823087692261,-0.02961663902328837,0.07739114761352539,-0.4085018038749695,-0.050314571713670375,0.07483536005020142,-0.4594656825065613,-0.06541443989203799,0.021364212036132812,-0.23727962374687195,-0.013014432979389312,0.02701711654663086,-0.3318609893321991,-0.025278942664726856,0.02975177764892578,-0.38780176639556885,-0.03910879046247828,0.030733764171600342,-0.43094295263290405,-0.048939343547090175,-0.03035712242126465,-0.2193140983581543,-0.01643803902493346,-0.023973405361175537,-0.29154786467552185,-0.024650475015505435,-0.016980618238449097,-0.3339826464653015,-0.027160499250157955,-0.009789973497390747,-0.3694116473197937,-0.028552943845852496
B,0.0,0.0,0.0,0.0776137113571167,-0.030486106872558594,-0.041067429312590775,0.14622938632965088,-0.09119230508804321,-0.055433243938807664,0.12656116485595703,-0.15158402919769287,-0.06552201924574774,0.07671535015106201,-0.1783573031425476,-0.07515518037331503,0.11876404285430908,-0.20199495553970337,-0.023234768265012917,0.12870854139328003,-0.2945561408996582,-0.04546871451390189,0.12393957376480103,-0.3545208275318146,-0.06600328949940604,0.11816626787185669,-0.4019032120704651,-0.0797835033918659,0.06653517484664917,-0.21821001172065735,-0.017935064115647492,0.07759356498718262,-0.31416088342666626,-0.035371590831402955,0.07779115438461304,-0.37827882170677185,-0.05543101621520918,0.07699370384216309,-0.42878738045692444,-0.06871229825270575,0.020351320505142212,-0.21631765365600586,-0.017410329037431893,0.028147876262664795,-0.3046608567237854,-0.032230824657801804,0.030809998512268066,-0.35966965556144714,-0.045466393658045945,0.03187704086303711,-0.4032312035560608,-0.05367655349624556,-0.02646622061729431,-0.19852215051651,-0.021192662843589005,-0.021343231201171875,-0.26339006423950195,-0.03102626321566504,-0.016222447156906128,-0.30266350507736206,-0.032829329797152695,-0.01133739948272705,-0.3357890546321869,-0.032831028529528794
B,0.0,0.0,0.0,0.08118292689323425,-0.030826151371002197,-0.04176793049191474,0.15307924151420593,-0.09287869930267334,-0.058272769554605475,0.13043120503425598,-0.15448778867721558,-0.07006072427248,0.07783058285713196,-0.17960143089294434,-0.081136682882061,0.11789879202842712,-0.20101872086524963,-0.02860097947632312,0.12481847405433655,-0.29583948850631714,-0.05266367445801734,0.11967435479164124,-0.353396475315094,-0.07288717652772903,0.1137973964214325,-0.3977885842323303,-0.08561532373641967,0.06245407462120056,-0.21285462379455566,-0.023718580483546248,0.07121911644935608,-0.31372135877609253,-0.042360784365882864,0.07115992903709412,-0.37647855281829834,-0.06141485075568198,0.07050475478172302,-0.424187034368515,-0.07341987068866729,0.015356451272964478,-0.20909717679023743,-0.023457465573301306,0.02019384503364563,-0.30153924226760864,-0.039800742521038046,0.025607317686080933,-0.3567768335342407,-0.052924590065231314,0.030248135328292847,-0.3985423445701599,-0.06064982886528014,-0.03043726086616516,-0.19078019261360168,-0.027330180510034552,-0.0281335711479187,-0.25789502263069153,-0.03876414696787833,-0.020630091428756714,-0.2977178692817688,-0.041173895700922,-0.013052374124526978,-0.3307095766067505,-0.04113134543513297
B,0.0,0.0,0.0,0.0802522599697113,-0.028845906257629395,-0.04273232652178649,0.15025857090950012,-0.08888745307922363,-0.060117213263424674,0.13211753964424133,-0.1519259214401245,-0.072665671094569,0.08222261071205139,-0.18247953057289124,-0.08465453444352988,0.12151983380317688,-0.19682371616363525,-0.03279756589165572,0.1305987536907196,-0.2904561460018158,-0.05704196749559287,0.12366101145744324,-0.3496702015399933,-0.07731339542499427,0.11559584736824036,-0.39733025431632996,-0.09058743922344092,0.06781235337257385,-0.2096857726573944,-0.027299873738797942,0.07718810439109802,-0.31005433201789856,-0.04719067199459914,0.07638922333717346,-0.3738701641559601,-0.06622620133987311,0.07445672154426575,-0.4226248562335968,-0.07852162627807502,0.021088331937789917,-0.20605206489562988,-0.026228243693026343,0.025712162256240845,-0.2983245253562927,-0.04369474036923293,0.02918139100074768,-0.35207879543304443,-0.0562116263650978,0.03153923153877258,-0.3926032483577728,-0.06352795122495536,-0.024565905332565308,-0.18867537379264832,-0.029395206108006278,-0.020338743925094604,-0.2565910220146179,-0.042084759309204856,-0.014562457799911499,-0.29659223556518555,-0.0450521206699932,-0.009644001722335815,-0.3290020823478699,-0.04544257207146529
B,0.0,0.0,0.0,0.08995842933654785,-0.032642900943756104,-0.034566878819020985,0.16383302211761475,-0.09569042921066284,-0.045996654325278996,0.14531010389328003,-0.1644873023033142,-0.05366529478982329,0.09859305620193481,-0.19720643758773804,-0.0599746699567163,0.1325753927230835,-0.20585739612579346,-0.013195727498384713,0.14639443159103394,-0.3019487261772156,-0.02961420036211848,0.14125019311904907,-0.3585379719734192,-0.045487183624061345,0.13528239727020264,-0.4020255208015442,-0.056042003923209904,0.07710731029510498,-0.22107598185539246,-0.00878589648112893,0.0914347767829895,-0.32321035861968994,-0.020737166994365452,0.0917932391166687,-0.38640862703323364,-0.037515408837350606,0.09114676713943481,-0.43385618925094604,-0.04929450854018569,0.029620230197906494,-0.21890932321548462,-0.008755176806005238,0.03977048397064209,-0.3117787837982178,-0.019796346792134045,0.0444716215133667,-0.3677547574043274,-0.03305463074997306,0.047950029373168945,-0.408927321434021,-0.04219439580396056,-0.016324520111083984,-0.20126459002494812,-0.01232196438417077,-0.011118084192276001,-0.2670673131942749,-0.02062006435647845,-0.004422903060913086,-0.30691075325012207,-0.0242290138389194,0.0012191832065582275,-0.33843791484832764,-0.025785512768777608
B,0.0,0.0,0.0,0.0922294557094574,-0.05230355262756348,-0.06277610925593535,0.161772221326828,-0.11398816108703613,-0.0801308062449948,0.14332315325737,-0.17751216888427734,-0.09164965716757933,0.09084323048591614,-0.2086414098739624,-0.1014441904202954,0.12668266892433167,-0.2695125341415405,0.0026120664029463114,0.13600048422813416,-0.3731793761253357,-0.00523906811707775,0.12908831238746643,-0.43317940831184387,-0.02569515077033202,0.12441322207450867,-0.4841137081384659,-0.04301176784196059,0.06380358338356018,-0.2817278802394867,0.01861074934146245,0.07061490416526794,-0.39942270517349243,0.016749190114353496,0.07000955939292908,-0.47070589661598206,-0.007548142742450636,0.07231000065803528,-0.5290834605693817,-0.02838706602909724,0.011176437139511108,-0.2733837068080902,0.02489878045759042,0.016910821199417114,-0.3825984597206116,0.01969846519074281,0.01794832944869995,-0.4466279149055481,-0.004324888397093218,0.02033984661102295,-0.4981570839881897,-0.02315804926314513,-0.043763965368270874,-0.24709782004356384,0.023747764475558597,-0.03934034705162048,-0.3302120268344879,0.01900598029038747,-0.035728663206100464,-0.3792927861213684,0.010295709542845088,-0.03056812286376953,-0.42193955183029175,0.00232961302987178
B,0.0,0.0,0.0,0.09207862615585327,-0.0561068058013916,-0.07037922729190882,0.16504454612731934,-0.13597345352172852,-0.0939073487037092,0.14307427406311035,-0.22878116369247437,-0.10927976657089289,0.07991266250610352,-0.28039517998695374,-0.1219886093252569,0.11875617504119873,-0.2780524492263794,-0.0221221427285343,0.12862372398376465,-0.39106547832489014,-0.0415171532743841,0.11976796388626099,-0.4560459703207016,-0.067330904197064,0.1120942234992981,-0.5119059085845947,-0.0875223873966604,0.05701476335525513,-0.29065266251564026,-0.004684597611543495,0.0634467601776123,-0.4165211021900177,-0.017506739016738493,0.06172740459442139,-0.48915573954582214,-0.044000740986433584,0.05989193916320801,-0.5469387173652649,-0.06563512970146235,0.005076766014099121,-0.283630907535553,0.00385292141314153,0.007236897945404053,-0.39733627438545227,-0.009270998541381914,0.00913044810295105,-0.4621015340089798,-0.030304524939623434,0.009366214275360107,-0.5106431394815445,-0.046445004534092504,-0.048652470111846924,-0.2599644362926483,0.004721328258398216,-0.047821760177612305,-0.3467577397823334,-0.005355529844877083,-0.043856680393218994,-0.399547815322876,-0.012936683263745863,-0.04170036315917969,-0.44169825315475464,-0.019361337538924772
B,0.0,0.0,0.0,0.08288609981536865,-0.0519789457321167,-0.10231464686381742,0.15468186140060425,-0.13177835941314697,-0.13920128675687238,0.1453952193260193,-0.22916501760482788,-0.1610949072479002,0.08147019147872925,-0.28742122650146484,-0.1786595168946974,0.10774755477905273,-0.29931652545928955,-0.041659220629810534,0.11384236812591553,-0.423897922039032,-0.05378087940204068,0.10325169563293457,-0.4904066175222397,-0.07451700749385282,0.09226584434509277,-0.5404711067676544,-0.09141524466264173,0.04741305112838745,-0.3094211220741272,-0.005350886420785628,0.05319243669509888,-0.44750022888183594,-0.0047695814124040226,0.046188950538635254,-0.5170315802097321,-0.02622060435402318,0.039469242095947266,-0.5775256752967834,-0.04753781067717,-0.0045545101165771484,-0.30070173740386963,0.019064203328014173,-0.0032626688480377197,-0.42222848534584045,0.016401498070479192,-0.007901966571807861,-0.4863334596157074,-0.008855558508514605,-0.01181754469871521,-0.5306763350963593,-0.032630402171491824,-0.058067917823791504,-0.2755797803401947,0.0329692628742464,-0.05957901477813721,-0.36204540729522705,0.030878929844618597,-0.0581204891204834,-0.40465718507766724,0.019873544997096815,-0.05907720327377319,-0.42881667613983154,0.00661909436297492
B,0.0,0.0,0.0,0.08324643969535828,-0.04762911796569824,-0.10154030993589913,0.15389421582221985,-0.1287367343902588,-0.1403393872083143,0.14537397027015686,-0.22308361530303955,-0.1651732005179838,0.09525546431541443,-0.29778531193733215,-0.1861702479423002,0.10963627696037292,-0.2995542287826538,-0.04431081712255036,0.11707755923271179,-0.4211133122444153,-0.0625759787858442,0.10488024353981018,-0.4856889098882675,-0.0883492730558828,0.09220150113105774,-0.5352221727371216,-0.10793151482948815,0.046906977891922,-0.30533596873283386,-0.010639713704676979,0.05411812663078308,-0.44017136096954346,-0.017069030180664413,0.046165138483047485,-0.5143061280250549,-0.04363238587984597,0.039247602224349976,-0.57188281416893,-0.06755424067387139,-0.0060367584228515625,-0.2937541604042053,0.011276783794073708,-0.003258228302001953,-0.41282081604003906,0.005181482434181817,-0.007489413022994995,-0.47932013869285583,-0.020366718620152824,-0.011841535568237305,-0.5268878936767578,-0.04364214241513764,-0.06018069386482239,-0.26535364985466003,0.022722402959971078,-0.06173798441886902,-0.3507653772830963,0.017151371017007477,-0.06314417719841003,-0.40421831607818604,0.0046280272304102255,-0.06604516506195068,-0.44610345363616943,-0.008769692480655067
B,0.0,0.0,0.0,0.08775627613067627,-0.0477755069732666,-0.09023710514190952,0.16609907150268555,-0.12124776840209961,-0.12693755502584736,0.14894205331802368,-0.20914298295974731,-0.15184642548445026,0.08502918481826782,-0.2618086338043213,-0.17413295979383747,0.11748754978179932,-0.29005101323127747,-0.0482628996181802,0.12631690502166748,-0.3963485062122345,-0.07634310598257343,0.11413764953613281,-0.4516451358795166,-0.11141016508224766,0.09866786003112793,-0.5039573460817337,-0.13893045658949177,0.05655425786972046,-0.3020853102207184,-0.024796059231789513,0.0611606240272522,-0.42362290620803833,-0.04502200509193699,0.05168026685714722,-0.4939121901988983,-0.08048696244838993,0.03890115022659302,-0.5557294934988022,-0.11042051191213886,0.0012446343898773193,-0.2895174026489258,-0.011011090006263657,0.0012897849082946777,-0.4026523232460022,-0.030823901172311707,-0.003367304801940918,-0.4718438386917114,-0.05921273479941647,-0.010511845350265503,-0.5287243723869324,-0.0819148140657262,-0.05616581439971924,-0.2585911154747009,-0.006147191736431523,-0.05679672956466675,-0.3482474982738495,-0.022734444465072556,-0.05590265989303589,-0.40469515323638916,-0.03604385803225796,-0.056162089109420776,-0.4527007043361664,-0.04784753720048229
B,0.0,0.0,0.0,0.10766223073005676,-0.03547435998916626,-0.08605404402555905,0.1912578046321869,-0.11307978630065918,-0.1226321404749342,0.16174420714378357,-0.19818758964538574,-0.14741139318289243,0.09518209099769592,-0.2422742247581482,-0.17162776197733365,0.12355592846870422,-0.2829107344150543,-0.07351234014572583,0.12521132826805115,-0.4081537127494812,-0.11510927434505902,0.11305204033851624,-0.49005842208862305,-0.15151398088278256,0.09916844964027405,-0.5613551437854767,-0.17751613463701688,0.05270668864250183,-0.2958349883556366,-0.05527099053801976,0.05259355902671814,-0.42934906482696533,-0.0925115367347189,0.044583410024642944,-0.5196099579334259,-0.1287932863408514,0.036138683557510376,-0.5952280461788177,-0.15341314877809964,-0.006445139646530151,-0.28373631834983826,-0.04475725646557294,-0.009547442197799683,-0.40856921672821045,-0.07853847946466885,-0.012153178453445435,-0.48887836933135986,-0.10675690527500592,-0.017411112785339355,-0.5535972416400909,-0.1238552799397894,-0.06623360514640808,-0.2500378489494324,-0.04184615816416226,-0.06919249892234802,-0.3466934561729431,-0.07183043118061505,-0.06787869334220886,-0.40955260396003723,-0.08747626300396405,-0.06837525963783264,-0.4645410180091858,-0.09546143765987836
B,0.0,0.0,0.0,0.12033870816230774,-0.041780829429626465,-0.1477712411927996,0.20192763209342957,-0.1281713843345642,-0.2154844422387896,0.1660255491733551,-0.22560536861419678,-0.26182376039503197,0.0793280303478241,-0.28415441513061523,-0.3075812031078158,0.1306079924106598,-0.3277462422847748,-0.12032154393671135,0.12413498759269714,-0.46831637620925903,-0.16878181887148003,0.10767731070518494,-0.559973418712616,-0.21701535773752312,0.08797881007194519,-0.6351444721221924,-0.2534981836128054,0.05252477526664734,-0.33781924843788147,-0.07525997055051903,0.04746493697166443,-0.4842669367790222,-0.11625497979400734,0.035619527101516724,-0.5849380791187286,-0.16547498298166374,0.02383139729499817,-0.6695342361927032,-0.20455928338049034,-0.01651504635810852,-0.3227452337741852,-0.04334948403118233,-0.021029919385910034,-0.4595864713191986,-0.07938025337932686,-0.027218669652938843,-0.5501149445772171,-0.12408945155618767,-0.036195188760757446,-0.6189375519752502,-0.15792380464552025,-0.08900460600852966,-0.2938469350337982,-0.024697709878068963,-0.09113413095474243,-0.3956434726715088,-0.054994734053593675,-0.09214720129966736,-0.46712321043014526,-0.08398231310127358,-0.09082242846488953,-0.5273677855730057,-0.10858579916236977
B,0.0,0.0,0.0,0.12020328640937805,-0.0966140627861023,-0.07701402680197589,0.18851980566978455,-0.2076359987258911,-0.0963326074294173,0.12525931000709534,-0.30239930748939514,-0.10689245687046878,0.0321178138256073,-0.32802510261535645,-0.11712511406460635,0.07550063729286194,-0.3472096025943756,-0.013001968722733181,0.04731878638267517,-0.4838015139102936,-0.03474509493628375,0.016487807035446167,-0.5608898401260376,-0.06904952005663745,-0.014677882194519043,-0.6271219551563263,-0.09672055916109912,0.0012331902980804443,-0.3431748151779175,0.0061093181260503115,-0.02701374888420105,-0.4842770993709564,-0.010543499711843651,-0.05782139301300049,-0.5735342800617218,-0.051845384400280636,-0.09024783968925476,-0.6467696726322174,-0.08548131362715594,-0.060906559228897095,-0.31768709421157837,0.014783598844019252,-0.08942493796348572,-0.44764161109924316,-0.0032847704011373935,-0.10948681831359863,-0.5281337797641754,-0.04143532515684001,-0.13194575905799866,-0.5909144580364227,-0.06984508560219638,-0.12600764632225037,-0.271328330039978,0.0155756672733105,-0.14784279465675354,-0.36985453963279724,0.0006995841516754808,-0.15692725777626038,-0.43232449889183044,-0.016992501553090733,-0.16611117124557495,-0.4867001473903656,-0.03201835380116336
B,0.0,0.0,0.0,0.1237107515335083,-0.11863034963607788,-0.0396010358611818,0.1794184446334839,-0.23508763313293457,-0.03300774141948182,0.11044919490814209,-0.32926321029663086,-0.023636905921506468,0.011478424072265625,-0.33133456110954285,-0.014159542953478876,0.051122426986694336,-0.35225167870521545,0.04858812645275634,0.007938504219055176,-0.484474778175354,0.04622800603706878,-0.03310680389404297,-0.5569288283586502,0.020932914244127687,-0.07099297642707825,-0.6206680536270142,-0.002329048214363638,-0.026535600423812866,-0.34069663286209106,0.056038040222716745,-0.07658842206001282,-0.4799731373786926,0.057904023232055124,-0.11462390422821045,-0.5642130821943283,0.020217429401469644,-0.15162381529808044,-0.6341651380062103,-0.012588180115329806,-0.09127306938171387,-0.30829137563705444,0.054888493867707666,-0.14135009050369263,-0.4345041811466217,0.049096069784951624,-0.16869497299194336,-0.5137967467308044,0.012341839747620043,-0.1949424147605896,-0.5771986246109009,-0.016038019655155722,-0.15392452478408813,-0.2527049779891968,0.04894969195325416,-0.19056588411331177,-0.3520759344100952,0.04225505843956512,-0.20583030581474304,-0.41276809573173523,0.02926560819346946,-0.21989846229553223,-0.4660104215145111,0.01757197968859714
B,0.0,0.0,0.0,0.12191897630691528,-0.12789201736450195,-0.05697980996774277,0.17694616317749023,-0.2487255334854126,-0.05746254053519806,0.10472619533538818,-0.3397936224937439,-0.05187162112997612,0.0018950998783111572,-0.34159743785858154,-0.04532086950348457,0.043321430683135986,-0.36158373951911926,0.04079899835778633,-0.00196230411529541,-0.4947112798690796,0.043317100884451065,-0.044441014528274536,-0.5676198750734329,0.018769339578284416,-0.08527523279190063,-0.6307604610919952,-0.004990119567082729,-0.034556955099105835,-0.34694793820381165,0.05925343457056442,-0.08696597814559937,-0.48692506551742554,0.06589988145424286,-0.12693271040916443,-0.5728853642940521,0.026696211578382645,-0.16629567742347717,-0.6438473165035248,-0.008922041473852005,-0.09838271141052246,-0.31275302171707153,0.0680514973719255,-0.1468619704246521,-0.4398253560066223,0.07003017786337296,-0.17568174004554749,-0.521747887134552,0.030705788092745934,-0.20202255249023438,-0.5866242796182632,-0.002177371956349816,-0.15905219316482544,-0.25797516107559204,0.07040249082638184,-0.19366368651390076,-0.3555818498134613,0.072203117342724,-0.21143698692321777,-0.41846951842308044,0.05821851539803902,-0.2257324457168579,-0.47240832448005676,0.04294823754025856
B,0.0,0.0,0.0,0.12601706385612488,-0.12347203493118286,-0.061363196535410225,0.17933163046836853,-0.24316108226776123,-0.06655776740461761,0.10600033402442932,-0.33492037653923035,-0.06647648902088577,0.002989530563354492,-0.35067611932754517,-0.06602186204344207,0.046181827783584595,-0.3673286736011505,0.03314101828783578,0.0038512349128723145,-0.5023989379405975,0.027189470292626083,-0.039495378732681274,-0.5777082592248917,-0.0011722753517346973,-0.08049276471138,-0.6411704421043396,-0.0264481199666875,-0.03490060567855835,-0.3551647663116455,0.049403210566936195,-0.08614835143089294,-0.49772727489471436,0.04644369466751641,-0.12774842977523804,-0.5871383100748062,0.004581326549498499,-0.16654959321022034,-0.6607058942317963,-0.03080796503871852,-0.10184761881828308,-0.32274454832077026,0.054748171405492485,-0.15076211094856262,-0.45522385835647583,0.04644039778560227,-0.18084517121315002,-0.5380295515060425,0.0055576008051616554,-0.20780643820762634,-0.6046368926763535,-0.02601919935494834,-0.16694822907447815,-0.2684149742126465,0.05330987779944962,-0.19895780086517334,-0.3703419268131256,0.04635633288472718,-0.21558305621147156,-0.43415600061416626,0.029620602191982925,-0.22752699255943298,-0.4918181300163269,0.01398280395716256
B,0.0,0.0,0.0,0.14780765771865845,-0.10058927536010742,-0.08969636075653398,0.20323985815048218,-0.2176569700241089,-0.10852381401218736,0.135664165019989,-0.31908121705055237,-0.11770866625465715,0.03391873836517334,-0.33993086218833923,-0.12623030506529176,0.06634974479675293,-0.3722383975982666,0.007713246620369318,0.024877965450286865,-0.5208496451377869,0.003124837526229385,-0.012112200260162354,-0.6098323613405228,-0.021838659425156948,-0.05021721124649048,-0.6789885759353638,-0.04488998093165719,-0.02505028247833252,-0.3596264123916626,0.03300274349294341,-0.06986004114151001,-0.5254720747470856,0.03392710722528136,-0.10252469778060913,-0.6255954056978226,-0.00239607762068772,-0.13278374075889587,-0.705082893371582,-0.03411921672977769,-0.10171863436698914,-0.32863134145736694,0.044122794638497,-0.14343971014022827,-0.4828263521194458,0.03493806533060706,-0.16595697402954102,-0.5766671597957611,-0.01111842040427291,-0.18807029724121094,-0.6504536867141724,-0.046322869141476986,-0.17582425475120544,-0.28262755274772644,0.045559043060166005,-0.20130911469459534,-0.39700737595558167,0.03520083240709937,-0.21317839622497559,-0.46770668029785156,0.010127919721526268,-0.22111794352531433,-0.5308614373207092,-0.012998428200262424
B,0.0,0.0,0.0,0.13774511218070984,-0.10254120826721191,-0.09750535964468554,0.2075604498386383,-0.22325170040130615,-0.12482650458315447,0.139644593000412,-0.3285818099975586,-0.14229570954540804,0.03483495116233826,-0.3612946569919586,-0.15891731410721377,0.07741323113441467,-0.38858553767204285,-0.006909230923895393,0.03728601336479187,-0.5400507897138596,-0.02485012702146605,-0.0007458329200744629,-0.6258997619152069,-0.060488107348476206,-0.03714725375175476,-0.6950786709785461,-0.09073591857651309,-0.010772794485092163,-0.37998688220977783,0.017304002573098387,-0.05078265070915222,-0.5463624447584152,0.005135269170011725,-0.08514446020126343,-0.6440115123987198,-0.04164840906361178,-0.11697283387184143,-0.72471484541893,-0.0812255430171831,-0.08640018105506897,-0.3506622910499573,0.02723870546122953,-0.12453293800354004,-0.5023491084575653,0.008822848354782309,-0.1486746072769165,-0.5962259918451309,-0.04084918900827006,-0.17186060547828674,-0.6682417988777161,-0.07859387874106005,-0.16196122765541077,-0.3021467924118042,0.026861100723351683,-0.1859133243560791,-0.41848161816596985,0.011353094396497454,-0.198857843875885,-0.4911394715309143,-0.01435369226584271,-0.20834040641784668,-0.5558445006608963,-0.037940489793811594
B,0.0,0.0,0.0,0.15104055404663086,-0.08699584007263184,-0.13035407348036188,0.2220202088356018,-0.20376139879226685,-0.17595450265764612,0.15713828802108765,-0.3040200173854828,-0.2078732965743484,0.04692596197128296,-0.34513747692108154,-0.24125060124754327,0.0986139178276062,-0.3900375962257385,-0.03152545227169412,0.05606567859649658,-0.5440957993268967,-0.054002099320882735,0.02053314447402954,-0.6353001892566681,-0.09813628031372446,-0.01780015230178833,-0.7029795944690704,-0.13536435051321405,-0.0009267926216125488,-0.371517151594162,-0.00042878719943928445,-0.03357774019241333,-0.5439131557941437,-0.016384462476366934,-0.06764179468154907,-0.6464803516864777,-0.0740817753827514,-0.09993809461593628,-0.7246529161930084,-0.1236970691239776,-0.08299273252487183,-0.3385654091835022,0.012349845259791437,-0.110446035861969,-0.500171035528183,-0.01322605984717029,-0.13309770822525024,-0.6002088636159897,-0.07990246696829217,-0.1573496162891388,-0.677332878112793,-0.13141472323297876,-0.16121193766593933,-0.29668915271759033,0.011716109118765416,-0.17894461750984192,-0.418849915266037,-0.010164644219571528,-0.19201114773750305,-0.4935860335826874,-0.04749375267385858,-0.20338135957717896,-0.5583412498235703,-0.08371858729481119
B,0.0,0.0,0.0,0.19091683626174927,-0.04305720329284668,-0.06999570370371089,0.2914488911628723,-0.15154099464416504,-0.11802156508619532,0.2613009810447693,-0.24621114134788513,-0.15488814801628337,0.13928645849227905,-0.3133712708950043,-0.2049465873902534,0.2269626259803772,-0.3321782648563385,-0.1399996081059669,0.16223841905593872,-0.5165641456842422,-0.19509051234180674,0.10577040910720825,-0.6131479144096375,-0.24050043017322764,0.04764983057975769,-0.7062527537345886,-0.2717779377167915,0.1052054762840271,-0.32736968994140625,-0.13479580969269023,0.04727974534034729,-0.5345413386821747,-0.19122693926746592,-0.0015440285205841064,-0.64962038397789,-0.24896256119663462,-0.055805057287216187,-0.7396306097507477,-0.2973719337647651,-0.002216815948486328,-0.30473366379737854,-0.12842888624126658,-0.04473450779914856,-0.48537907004356384,-0.18186528474743113,-0.07275831699371338,-0.6009068787097931,-0.23095201939995036,-0.10003155469894409,-0.6882230043411255,-0.26843223959858165,-0.0895209014415741,-0.27915629744529724,-0.12425475806648478,-0.11829417943954468,-0.41280627250671387,-0.16269434482509837,-0.1386902928352356,-0.4985962063074112,-0.18245250970775828,-0.15240073204040527,-0.5672504901885986,-0.202711547321627
B,0.0,0.0,0.0,0.162592351436615,-0.08306598663330078,-0.14587804702568974,0.2386089563369751,-0.1993870735168457,-0.20164167908478703,0.1778387427330017,-0.3021421432495117,-0.2435995194082352,0.06378555297851562,-0.3503020107746124,-0.2865985485677811,0.11394745111465454,-0.4139001667499542,-0.03860793290186848,0.08705222606658936,-0.5808306038379669,-0.05829320130396809,0.06174582242965698,-0.6825866401195526,-0.10064137754488911,0.029479563236236572,-0.7616026997566223,-0.13774551478672947,0.00729823112487793,-0.39910149574279785,-0.006309444825092214,-0.013122797012329102,-0.5836677700281143,-0.01708497879553761,-0.0405423641204834,-0.6949560046195984,-0.07307706055689778,-0.0681656002998352,-0.7799395322799683,-0.12217383859206166,-0.07768255472183228,-0.37107497453689575,0.005481207002958399,-0.09651368856430054,-0.5370292663574219,-0.01249683768946852,-0.11033153533935547,-0.6447698026895523,-0.07566024390507664,-0.12796273827552795,-0.7278178334236145,-0.1260633024339768,-0.15796568989753723,-0.33239302039146423,0.0007750229142402532,-0.16640105843544006,-0.4681902527809143,-0.015566006577500957,-0.17270010709762573,-0.5590745657682419,-0.051058028167972225,-0.178262859582901,-0.6346039324998856,-0.08680401769925083
B,0.0,0.0,0.0,0.18244832754135132,-0.06154048442840576,-0.08072468336609973,0.27448731660842896,-0.17764967679977417,-0.08507260378388537,0.23756879568099976,-0.30165451765060425,-0.07981378283290042,0.13393962383270264,-0.357012540102005,-0.0764002173760332,0.15968865156173706,-0.42264506220817566,0.04200201783390867,0.1385849118232727,-0.5982902944087982,0.05609858337851392,0.10934329032897949,-0.6947253942489624,0.0357623055955969,0.06987082958221436,-0.7710245847702026,0.015000754260142912,0.05580282211303711,-0.41726505756378174,0.06873089376898633,0.0385783314704895,-0.6052711009979248,0.09167165611000883,0.014960765838623047,-0.713921457529068,0.05391752276631223,-0.016126275062561035,-0.794735848903656,0.01728829857023584,-0.02759861946105957,-0.39009973406791687,0.08121457252713071,-0.047892630100250244,-0.5639972984790802,0.0865372673055731,-0.06291350722312927,-0.6694720685482025,0.033230881430824866,-0.08315050601959229,-0.7507991194725037,-0.009880082457641493,-0.10800120234489441,-0.35185617208480835,0.08477512303801404,-0.12385314702987671,-0.48950910568237305,0.0767503112933241,-0.13520213961601257,-0.5752938538789749,0.045727468319853415,-0.14024874567985535,-0.6477009356021881,0.01755561608882772
B,0.0,0.0,0.0,0.17131617665290833,-0.02399200201034546,-0.1930034575739228,0.27766504883766174,-0.12460976839065552,-0.2838501898327195,0.2508327066898346,-0.2415345311164856,-0.3474301365890824,0.13173142075538635,-0.3075600266456604,-0.41017460503962866,0.1902039349079132,-0.38434433937072754,-0.16132020631221167,0.18459340929985046,-0.5581010580062866,-0.22111236730006567,0.1668713390827179,-0.6802468597888947,-0.2728671995678269,0.14403268694877625,-0.7743140161037445,-0.3107840386905991,0.08420863747596741,-0.39630722999572754,-0.11045284995225302,0.08318594098091125,-0.5985022783279419,-0.15673996189025274,0.07212206721305847,-0.7269222438335419,-0.2054345277824723,0.061405569314956665,-0.8291887640953064,-0.2417170224466645,-0.011333584785461426,-0.3828465938568115,-0.07859838434842459,-0.012062132358551025,-0.5726892948150635,-0.12502436020758978,-0.011546462774276733,-0.6923151016235352,-0.17649764993575445,-0.01527741551399231,-0.7891789376735687,-0.21361386456874243,-0.10699179768562317,-0.354419469833374,-0.06445363589909903,-0.09756138920783997,-0.4965766370296478,-0.10792189517405859,-0.09239044785499573,-0.5882107019424438,-0.14422563889411322,-0.08718457818031311,-0.6712039411067963,-0.1732614604511582
B,0.0,0.0,0.0,0.1822916865348816,-0.014809131622314453,-0.05542853159522565,0.3263358473777771,-0.11510175466537476,-0.0669182917258695,0.33143770694732666,-0.2466021180152893,-0.07542240677094014,0.1971651315689087,-0.292367160320282,-0.0894441237828687,0.22924357652664185,-0.39317941665649414,-0.013749470577295142,0.23590987920761108,-0.5748119950294495,-0.044556025990004855,0.22302156686782837,-0.6886720061302185,-0.08839375583147557,0.2025582194328308,-0.7829279005527496,-0.12573350278353246,0.13346505165100098,-0.41378599405288696,-0.020097911932225543,0.13240891695022583,-0.6121953427791595,-0.04640661237453969,0.12547355890274048,-0.7361399829387665,-0.09831227419590505,0.11381354928016663,-0.8357117772102356,-0.1423151126286939,0.04579800367355347,-0.3953545093536377,-0.03435217274045499,0.0369144082069397,-0.5830186605453491,-0.06723253486370595,0.035542309284210205,-0.7044717073440552,-0.11734208522057088,0.026606440544128418,-0.8021522760391235,-0.15478473214125188,-0.044709473848342896,-0.35167044401168823,-0.05443719086861165,-0.053926438093185425,-0.5051044821739197,-0.08621052710032018,-0.054608285427093506,-0.6005804240703583,-0.11169463453506978,-0.04971405863761902,-0.6831046640872955,-0.1328016450784162
B,0.0,0.0,0.0,0.1362432837486267,-0.05136001110076904,-0.11894556468996598,0.23755168914794922,-0.14977598190307617,-0.17138202077421738,0.21991080045700073,-0.2719464898109436,-0.2101090509322603,0.12145406007766724,-0.31982421875,-0.24792573935064866,0.13317722082138062,-0.40083470940589905,-0.07274666017565323,0.12430602312088013,-0.5675739645957947,-0.11577639317783905,0.10415709018707275,-0.6692364811897278,-0.16119496113333298,0.08250999450683594,-0.7469598650932312,-0.19531517809900834,0.03744465112686157,-0.41289448738098145,-0.04682050606879784,0.03126838803291321,-0.5951344966888428,-0.08180673009428574,0.01799359917640686,-0.711126983165741,-0.12712694293531968,0.007095634937286377,-0.8030319809913635,-0.16189033872160508,-0.04667043685913086,-0.3946787118911743,-0.03443562200936867,-0.05632936954498291,-0.5696116387844086,-0.06903875953230454,-0.05964177846908569,-0.6777330338954926,-0.11185038423809601,-0.0637652575969696,-0.758728563785553,-0.1423066962388475,-0.13310396671295166,-0.353890061378479,-0.03386233708533837,-0.13601544499397278,-0.48937880992889404,-0.06456814295324875,-0.13731661438941956,-0.5760774612426758,-0.0906542647508104,-0.1347215175628662,-0.6498466432094574,-0.11087379193577362
B,0.0,0.0,0.0,0.14902031421661377,-0.04815894365310669,-0.05974423816161334,0.24449914693832397,-0.1545284390449524,-0.07569095050649821,0.23020464181900024,-0.27638429403305054,-0.08769540047006785,0.1338908076286316,-0.3122261166572571,-0.10276012425975978,0.14361143112182617,-0.399801641702652,-0.016959837877323025,0.13255786895751953,-0.5719833374023438,-0.0421921231384772,0.11412686109542847,-0.6650865375995636,-0.07934782957391917,0.095858633518219,-0.7453144192695618,-0.11147731845932185,0.05255407094955444,-0.4106473922729492,-0.016140875646044606,0.04265493154525757,-0.5997856259346008,-0.036428700440694683,0.03519603610038757,-0.7068914771080017,-0.07981761103229701,0.02347370982170105,-0.792572408914566,-0.11810828303651988,-0.026772022247314453,-0.3873119354248047,-0.023590388947297924,-0.04190528392791748,-0.5620838403701782,-0.05004003574805438,-0.04511779546737671,-0.6678054630756378,-0.09422281687812983,-0.05382037162780762,-0.7508036494255066,-0.12823720579700648,-0.10478568077087402,-0.33970701694488525,-0.037252187037040585,-0.1180998682975769,-0.48186489939689636,-0.06260744040565669,-0.1201564371585846,-0.5653320848941803,-0.08546124702053248,-0.12004685401916504,-0.6383155435323715,-0.10559085314827144
B,0.0,0.0,0.0,0.12562060356140137,-0.04367196559906006,-0.11735184302909829,0.22392308712005615,-0.14632189273834229,-0.17030168881996133,0.2009715437889099,-0.2604862451553345,-0.2092562001047895,0.10408145189285278,-0.30973708629608154,-0.2479867022333906,0.11925488710403442,-0.38233742117881775,-0.09590894541128137,0.11224490404129028,-0.5411453545093536,-0.14786147883518197,0.09406757354736328,-0.6373625993728638,-0.19651065579040505,0.07614105939865112,-0.7184098660945892,-0.23348128607852914,0.027833223342895508,-0.3948991298675537,-0.0752903576789663,0.02100396156311035,-0.5720774531364441,-0.1202492918668554,0.01026114821434021,-0.6818501949310303,-0.1696131955681608,0.0024123191833496094,-0.7713650166988373,-0.20741532555206277,-0.05236274003982544,-0.37523153424263,-0.06654459050281503,-0.06462860107421875,-0.5421052575111389,-0.10980318298919656,-0.06905817985534668,-0.6459240615367889,-0.15633672288043954,-0.07227185368537903,-0.7262060940265656,-0.1895563881693647,-0.13156628608703613,-0.3318445086479187,-0.06884661129100778,-0.13821083307266235,-0.45933160185813904,-0.10693087241037347,-0.14069947600364685,-0.5401881039142609,-0.13620868137462594,-0.13896650075912476,-0.6102621555328369,-0.15880107691867806
B,0.0,0.0,0.0,0.12244492769241333,-0.046808063983917236,-0.0940454183077577,0.2140294313430786,-0.14906162023544312,-0.1341118467902902,0.1916416883468628,-0.26148301362991333,-0.16339739690778288,0.100902259349823,-0.2980762720108032,-0.19274527858254942,0.11152750253677368,-0.3751721978187561,-0.07352260778901609,0.10508394241333008,-0.5281251072883606,-0.11865937243459257,0.08793574571609497,-0.6192129850387573,-0.1623558951473001,0.07133257389068604,-0.6972449421882629,-0.19591812323091062,0.02472597360610962,-0.38837316632270813,-0.06052197422144445,0.015237748622894287,-0.5571514964103699,-0.10107310395000013,0.00458449125289917,-0.6639840304851532,-0.14532942603585752,-0.003988027572631836,-0.7505753338336945,-0.17851148079392942,-0.05173748731613159,-0.3688751459121704,-0.05725971888062986,-0.06619924306869507,-0.5289320349693298,-0.09637390355823072,-0.07032972574234009,-0.6293440014123917,-0.13584534357545408,-0.07338789105415344,-0.7092388570308685,-0.16316736768243345,-0.12817567586898804,-0.32429325580596924,-0.06300788651464018,-0.13504168391227722,-0.4477842450141907,-0.09796761255023512,-0.1361446976661682,-0.5255599319934845,-0.12120177130458387,-0.13335227966308594,-0.5933478772640228,-0.13786075542924436
B,0.0,0.0,0.0,0.12174898386001587,-0.047528624534606934,-0.13513971744873743,0.21391397714614868,-0.13710081577301025,-0.19703993080952387,0.19855886697769165,-0.24339044094085693,-0.24206399797299127,0.11300736665725708,-0.29140084981918335,-0.2864650475869439,0.12117308378219604,-0.36746224761009216,-0.09932658701040964,0.11339205503463745,-0.5160567462444305,-0.14383986471989374,0.09686976671218872,-0.6091360449790955,-0.1894319790492318,0.07928186655044556,-0.6859289109706879,-0.2252993422637246,0.031987667083740234,-0.3790740668773651,-0.06716634212830286,0.025330007076263428,-0.5464452505111694,-0.10360977678396921,0.014829039573669434,-0.6500913202762604,-0.1495501536021493,0.007792115211486816,-0.7370010912418365,-0.18675644575455408,-0.04556310176849365,-0.3627278804779053,-0.04888638361194353,-0.0533602237701416,-0.5201137661933899,-0.08427285282709818,-0.055418699979782104,-0.6183053404092789,-0.12978799520828943,-0.05694746971130371,-0.6957354247570038,-0.16450346886017542,-0.12283527851104736,-0.32788562774658203,-0.043718992460753725,-0.12376958131790161,-0.44561663269996643,-0.07484155773022394,-0.12360644340515137,-0.5204869508743286,-0.1037979933510087,-0.1198771595954895,-0.5851061046123505,-0.12866687654354791
B,0.0,0.0,0.0,0.12775421142578125,-0.031320929527282715,-0.1436843313636018,0.22696810960769653,-0.11965161561965942,-0.21307205039875043,0.21257656812667847,-0.2198636531829834,-0.2627123184861375,0.11804342269897461,-0.2627072334289551,-0.3116204627217485,0.14046919345855713,-0.34637054800987244,-0.12651333588974012,0.14128196239471436,-0.4936176836490631,-0.17771372575180067,0.12782210111618042,-0.5860333442687988,-0.22329031307117475,0.11237043142318726,-0.6614877581596375,-0.25696112591640485,0.05724477767944336,-0.3570483922958374,-0.08991483230010999,0.06122744083404541,-0.5239779949188232,-0.13347508389369978,0.0506550669670105,-0.6265541613101959,-0.17925390977279676,0.039751648902893066,-0.7133066654205322,-0.21406069774047864,-0.017458736896514893,-0.34197187423706055,-0.06617718566076292,-0.015528619289398193,-0.4980289041996002,-0.10577334839717878,-0.01622939109802246,-0.5991603434085846,-0.15062450248615278,-0.019059836864471436,-0.6779484152793884,-0.18397063393013013,-0.09399652481079102,-0.3107835650444031,-0.055326614564819465,-0.08603209257125854,-0.4280402958393097,-0.08811334151641859,-0.08384627103805542,-0.5042172074317932,-0.11658041555301679,-0.0799974799156189,-0.5720608532428741,-0.14061193544284833
B,0.0,0.0,0.0,0.12294971942901611,-0.03223872184753418,-0.10744831950432854,0.22541898488998413,-0.12469303607940674,-0.1546845236516674,0.211533784866333,-0.23195457458496094,-0.18717455358273583,0.12278091907501221,-0.27146100997924805,-0.21832401544816094,0.1455402970314026,-0.35151880979537964,-0.0870336020088871,0.1475358009338379,-0.5005207657814026,-0.12997242302662926,0.13558971881866455,-0.5887720882892609,-0.16950000316865044,0.12381285429000854,-0.663751095533371,-0.19846046955353813,0.06266283988952637,-0.3673189878463745,-0.06376036495930748,0.06786412000656128,-0.5314295291900635,-0.10002831609017448,0.06000334024429321,-0.6336299329996109,-0.13957185537583428,0.05240011215209961,-0.7157449722290039,-0.16835773975617485,-0.012182950973510742,-0.353329598903656,-0.05052566767699318,-0.010959267616271973,-0.509194016456604,-0.08479436726338463,-0.009980857372283936,-0.6089345812797546,-0.12067467213637428,-0.01086568832397461,-0.6872376799583435,-0.1453129449582775,-0.08928501605987549,-0.31677913665771484,-0.04700763762957649,-0.08458730578422546,-0.43840110301971436,-0.07633956016070442,-0.08010080456733704,-0.5152645111083984,-0.09625192225939827,-0.07445889711380005,-0.5826699137687683,-0.11042209954030113
B,0.0,0.0,0.0,0.1261206865310669,-0.03238147497177124,-0.14472679165567115,0.223158061504364,-0.11368244886398315,-0.21821995941365913,0.2170906662940979,-0.2147318720817566,-0.2726251271125193,0.12670254707336426,-0.25750476121902466,-0.32651320961679176,0.1429891586303711,-0.33566784858703613,-0.12617623177732185,0.14733260869979858,-0.48298853635787964,-0.17492199805940345,0.1377893090248108,-0.578630119562149,-0.2168389644976969,0.12633252143859863,-0.6533966064453125,-0.24752835301126197,0.06097167730331421,-0.3482334017753601,-0.08815635112489417,0.06786268949508667,-0.5169387459754944,-0.1281066772099848,0.05990743637084961,-0.6173323392868042,-0.16912856069768623,0.05284309387207031,-0.7038925290107727,-0.2001441505309458,-0.01261603832244873,-0.33712872862815857,-0.06295564142430976,-0.009190797805786133,-0.4937271475791931,-0.09814731148446754,-0.008148014545440674,-0.5943350791931152,-0.13882186380590156,-0.008961141109466553,-0.669207751750946,-0.16963008907998756,-0.0888587236404419,-0.30954182147979736,-0.05095989373887733,-0.08103740215301514,-0.4256771206855774,-0.07920439658130363,-0.07798469066619873,-0.5026655197143555,-0.10489394632543281,-0.07257205247879028,-0.5678373873233795,-0.12720971671308234
B,0.0,0.0,0.0,0.1201545000076294,-0.02790248394012451,-0.11441332657068415,0.21980714797973633,-0.1160205602645874,-0.16839358765810175,0.20926016569137573,-0.22123181819915771,-0.20648477036684199,0.11991465091705322,-0.2678396701812744,-0.24415614266126795,0.13941442966461182,-0.3345222473144531,-0.10756247300832911,0.14321202039718628,-0.4825900197029114,-0.15832256335943384,0.13475960493087769,-0.572853147983551,-0.20054983157842798,0.12486368417739868,-0.6499893665313721,-0.23039462227552576,0.05845755338668823,-0.3500884175300598,-0.08242974240511103,0.06379514932632446,-0.5147947669029236,-0.12720330614774866,0.05596715211868286,-0.6182416379451752,-0.16844802159994288,0.04771256446838379,-0.7008433938026428,-0.19738898236482783,-0.015199363231658936,-0.3375096321105957,-0.0672211628052537,-0.014484047889709473,-0.4928169548511505,-0.10813596654861612,-0.015118062496185303,-0.5926656872034073,-0.14487705189912958,-0.016910970211029053,-0.6691800355911255,-0.16921371776788874,-0.09051746129989624,-0.30412209033966064,-0.061832783708268835,-0.08646506071090698,-0.424127459526062,-0.09651339609354181,-0.0834730863571167,-0.5014628767967224,-0.1186893116328065,-0.07880908250808716,-0.5679098069667816,-0.13383775014608545
B,0.0,0.0,0.0,0.1221076250076294,-0.028455078601837158,-0.1357221188064841,0.22028666734695435,-0.10974925756454468,-0.2035224767442969,0.2143768072128296,-0.2132636308670044,-0.2533334376331595,0.12364023923873901,-0.26437318325042725,-0.30300633926356113,0.14529019594192505,-0.3323709964752197,-0.12264623810017383,0.1497703194618225,-0.4782302677631378,-0.17401625533068454,0.13819998502731323,-0.569456934928894,-0.21917201895678318,0.12536054849624634,-0.643271416425705,-0.2523409308906821,0.06257450580596924,-0.3469390273094177,-0.08962598760092533,0.07028979063034058,-0.5097637474536896,-0.13314088005984104,0.06387579441070557,-0.6112774908542633,-0.1787717523094443,0.05804896354675293,-0.7002536356449127,-0.2136596472975043,-0.010889530181884766,-0.33506065607070923,-0.06827926952803409,-0.004164636135101318,-0.48773473501205444,-0.10701758731568134,-0.002002716064453125,-0.5876828581094742,-0.15008807499373233,-0.002756655216217041,-0.6652434766292572,-0.18251683134997165,-0.08563339710235596,-0.30614131689071655,-0.059034298550727726,-0.07634127140045166,-0.4205230176448822,-0.09101204891169346,-0.07065051794052124,-0.49652063846588135,-0.1178269641515044,-0.0637664794921875,-0.5614484250545502,-0.14046499450171268
B,0.0,0.0,0.0,0.12186539173126221,-0.026162385940551758,-0.12545912207792753,0.2192155122756958,-0.10664737224578857,-0.1874050671024179,0.21659475564956665,-0.21059197187423706,-0.23213307799528593,0.13165414333343506,-0.25688719749450684,-0.2761079991025781,0.14340633153915405,-0.3292710781097412,-0.11642869056890959,0.14915573596954346,-0.47371798753738403,-0.16782045604418272,0.13980865478515625,-0.5656070709228516,-0.21048388125132078,0.12930339574813843,-0.6389995217323303,-0.24079424382875914,0.0631607174873352,-0.3463714122772217,-0.0866733068389749,0.07212579250335693,-0.5080363154411316,-0.13047611953447813,0.06747305393218994,-0.6089779883623123,-0.17061709107588285,0.06226319074630737,-0.6916976869106293,-0.19936605037878508,-0.008871138095855713,-0.3359118700027466,-0.06796666474770063,-0.0036298632621765137,-0.4883773624897003,-0.10737121345232481,-0.0010567903518676758,-0.5871957540512085,-0.14491941274832243,-0.0010672211647033691,-0.6625005006790161,-0.17126566411684507,-0.08239513635635376,-0.3066936135292053,-0.06040272356699461,-0.07410794496536255,-0.42105379700660706,-0.09359823407362455,-0.06857156753540039,-0.4968201220035553,-0.11774132640789503,-0.06202596426010132,-0.5612069666385651,-0.13596703352163786
B,0.0,0.0,0.0,0.11996692419052124,-0.02942478656768799,-0.10838671806163802,0.2184479832649231,-0.11025363206863403,-0.15961016002006545,0.21954578161239624,-0.21327555179595947,-0.1967504400283815,0.1394384503364563,-0.2620236873626709,-0.23307085814781203,0.14183646440505981,-0.3307466506958008,-0.09225922110385909,0.14895451068878174,-0.47447940707206726,-0.13923845472641005,0.14029401540756226,-0.5642183721065521,-0.1794944334299089,0.1311926245689392,-0.6365594863891602,-0.20779895069904342,0.06386858224868774,-0.34729886054992676,-0.06921587916917815,0.07355064153671265,-0.5074817538261414,-0.10909329387254729,0.0698513388633728,-0.60811647772789,-0.14745523813076034,0.06580716371536255,-0.6902745962142944,-0.17441207948036208,-0.00678330659866333,-0.33623456954956055,-0.05659326198406234,-0.0022849440574645996,-0.48875194787979126,-0.09334708037681594,0.0007976889610290527,-0.5875825881958008,-0.12843816759891524,0.0015677809715270996,-0.664415568113327,-0.15221128645248427,-0.08089548349380493,-0.3046185374259949,-0.053803332474899435,-0.07371127605438232,-0.4206441044807434,-0.08511265399761214,-0.06805115938186646,-0.49654194712638855,-0.10645967009372725,-0.060922205448150635,-0.561798632144928,-0.1215476024419786
B,0.0,0.0,0.0,0.11632335186004639,-0.02451026439666748,-0.11316154209907836,0.2157343626022339,-0.10656261444091797,-0.16468399820860213,0.20916104316711426,-0.20457559823989868,-0.20122034905489272,0.12711673974990845,-0.25711530447006226,-0.23768055496748275,0.1448218822479248,-0.3198363184928894,-0.09942494390543288,0.1505599021911621,-0.46015825867652893,-0.14913208840425796,0.14267724752426147,-0.5471062064170837,-0.19366350827749557,0.1326194405555725,-0.6215238273143768,-0.22609409747656173,0.06496626138687134,-0.33540621399879456,-0.07615810690458602,0.07200217247009277,-0.48872289061546326,-0.12123133299883193,0.06815415620803833,-0.5890084505081177,-0.16740676818426437,0.0631595253944397,-0.6718437075614929,-0.20112559257086104,-0.008642613887786865,-0.3225034475326538,-0.06322170106705016,-0.0028852224349975586,-0.46772393584251404,-0.10598227439459151,0.000552058219909668,-0.5616837739944458,-0.14741240499552077,0.0015113353729248047,-0.637133777141571,-0.1759281015210945,-0.08437913656234741,-0.2911158800125122,-0.06011588184173888,-0.0739104151725769,-0.40390267968177795,-0.09739890752371139,-0.06786304712295532,-0.47500574588775635,-0.12267292348678893,-0.06207364797592163,-0.5377733409404755,-0.14121078012522048
B,0.0,0.0,0.0,0.11424332857131958,-0.024726688861846924,-0.09918420950975815,0.21705889701843262,-0.10800367593765259,-0.14312531988230148,0.2148604393005371,-0.2099134922027588,-0.17324891130533615,0.13388264179229736,-0.25761306285858154,-0.2022552881678621,0.1450863480567932,-0.3212161064147949,-0.08627940903511444,0.15344804525375366,-0.46136757731437683,-0.13268796543684402,0.14436614513397217,-0.5488108992576599,-0.1724114660462419,0.13359707593917847,-0.6232942342758179,-0.2003922555884401,0.06870788335800171,-0.3415152132511139,-0.06659843216743866,0.07668638229370117,-0.49667006731033325,-0.10671208988037506,0.07218766212463379,-0.5968450307846069,-0.14453526775446335,0.06675946712493896,-0.6767390072345734,-0.1703043524464647,-0.002131640911102295,-0.3324461579322815,-0.05607802237477699,-2.1278858184814453e-05,-0.4788447320461273,-0.0934772882899324,0.0034072399139404297,-0.5737699270248413,-0.12563833038416305,0.004512190818786621,-0.649719625711441,-0.1461918298443834,-0.07436126470565796,-0.30084413290023804,-0.05445848594513336,-0.0677790641784668,-0.41347551345825195,-0.08678287456837097,-0.06297570466995239,-0.48587748408317566,-0.10502889941540161,-0.05810791254043579,-0.5502327084541321,-0.11622179488745132
B,0.0,0.0,0.0,0.11223804950714111,-0.021194279193878174,-0.10448624842217669,0.2123822569847107,-0.09172165393829346,-0.15432517134001955,0.20418357849121094,-0.18887728452682495,-0.19005155466845736,0.12510335445404053,-0.23414206504821777,-0.22570581637671694,0.14436113834381104,-0.29483258724212646,-0.0955605497246097,0.1528359055519104,-0.4272516369819641,-0.14630779527476534,0.14622092247009277,-0.5121634006500244,-0.18995055459788546,0.13803529739379883,-0.5856722295284271,-0.22120790087035402,0.06859368085861206,-0.314164936542511,-0.07522069566300615,0.0759737491607666,-0.45888277888298035,-0.12129747771075472,0.07476866245269775,-0.5551844835281372,-0.1642841836099933,0.07272613048553467,-0.6344915926456451,-0.19423027240088686,-0.0009485483169555664,-0.3039427399635315,-0.06413049154332384,0.003066539764404297,-0.44129490852355957,-0.10622902863076433,0.009623885154724121,-0.5313667058944702,-0.14267989896586641,0.013865113258361816,-0.6044403910636902,-0.16634665333083376,-0.07267141342163086,-0.27268749475479126,-0.062084740925342885,-0.06487524509429932,-0.37973278760910034,-0.09893593095591768,-0.05911719799041748,-0.44994068145751953,-0.12142455481341585,-0.05347341299057007,-0.5126390755176544,-0.13585598670294985
B,0.0,0.0,0.0,0.11181491613388062,-0.02439779043197632,-0.12332488179004031,0.20625007152557373,-0.09038805961608887,-0.18396296679770785,0.2000388503074646,-0.18414777517318726,-0.22780772626197177,0.12727612257003784,-0.24472999572753906,-0.27166781902110415,0.1390993595123291,-0.2963417172431946,-0.11195943832194644,0.14968597888946533,-0.4277859926223755,-0.16532900512015658,0.1433146595954895,-0.5117647051811218,-0.2121918755749448,0.13400012254714966,-0.583204060792923,-0.24614029705321627,0.06419491767883301,-0.3156127333641052,-0.08282742976939517,0.0727764368057251,-0.45986703038215637,-0.13112355351245242,0.07070660591125488,-0.5538760125637054,-0.17958584010398226,0.0676228404045105,-0.6349217295646667,-0.21512724041735964,-0.003936409950256348,-0.30557000637054443,-0.06427305519378024,0.002123594284057617,-0.44116634130477905,-0.10812392413413363,0.007827341556549072,-0.5296511948108673,-0.15121227085387545,0.010876834392547607,-0.6013486683368683,-0.18143507420813876,-0.0740322470664978,-0.27734243869781494,-0.05613527029549914,-0.0637902021408081,-0.3812744915485382,-0.09384706944024401,-0.056992530822753906,-0.45044898986816406,-0.12187694340741473,-0.04911738634109497,-0.5114487111568451,-0.14280712187087374
B,0.0,0.0,0.0,0.10829854011535645,-0.03219252824783325,-0.09058805722605712,0.20515352487564087,-0.09910207986831665,-0.13223606515538222,0.19750595092773438,-0.19666439294815063,-0.1626265214742375,0.12417566776275635,-0.24802672863006592,-0.19167745280873305,0.13755041360855103,-0.29840975999832153,-0.06916753370177275,0.1441950798034668,-0.42940381169319153,-0.11316347289692885,0.1359257698059082,-0.510105550289154,-0.15309833157670028,0.12899231910705566,-0.5786634683609009,-0.18184575605999953,0.06392467021942139,-0.32034584879875183,-0.05285831708323485,0.07300674915313721,-0.4610590934753418,-0.09131185877930648,0.07131147384643555,-0.5543740391731262,-0.12978618014466292,0.07007277011871338,-0.630805492401123,-0.15690905023228652,-0.002584397792816162,-0.3125677704811096,-0.04591167513143546,0.0036578774452209473,-0.44734299182891846,-0.08233146536957747,0.009360790252685547,-0.5330477356910706,-0.11420117486130721,0.012372195720672607,-0.602390706539154,-0.1345329599441243,-0.07160139083862305,-0.281310498714447,-0.04735989291083342,-0.06374913454055786,-0.3858391344547272,-0.07989561725270278,-0.05890548229217529,-0.4535396099090576,-0.09901058096301085,-0.05516636371612549,-0.5144256353378296,-0.11045993286978728
B,0.0,0.0,0.0,0.10673964023590088,-0.025789737701416016,-0.10123441227170815,0.20111441612243652,-0.08853912353515625,-0.15015330024453988,0.19465923309326172,-0.1793668270111084,-0.18544208117219796,0.12491428852081299,-0.2349613904953003,-0.22021514781209817,0.14180219173431396,-0.28545987606048584,-0.09193827070686211,0.15169674158096313,-0.4144526720046997,-0.14072000094148507,0.14438694715499878,-0.49746090173721313,-0.1832979679891764,0.13575994968414307,-0.570530116558075,-0.21437177665922036,0.06837612390518188,-0.30663132667541504,-0.07153994448873391,0.07786870002746582,-0.4444107115268707,-0.1159590394088923,0.07789665460586548,-0.5363687872886658,-0.1588188023159205,0.07633239030838013,-0.6130668520927429,-0.18944962926599374,0.0011717677116394043,-0.2986288368701935,-0.06017996974679818,0.010017931461334229,-0.4298141598701477,-0.10097491600009789,0.01712822914123535,-0.5142125189304352,-0.13746101268026223,0.02071666717529297,-0.5825344324111938,-0.1615692437479197,-0.06773459911346436,-0.2694122791290283,-0.05755102120730271,-0.05872201919555664,-0.3703429102897644,-0.0941893369743525,-0.05201601982116699,-0.4367654621601105,-0.11788603522273888,-0.04641169309616089,-0.4960329234600067,-0.13325465329381814
B,0.0,0.0,0.0,0.10625052452087402,-0.027104675769805908,-0.09291695247117104,0.20280754566192627,-0.0951504111289978,-0.13682908008519234,0.1950708031654358,-0.18794071674346924,-0.16878102908555093,0.125809907913208,-0.24166351556777954,-0.19985710273209634,0.1404462456703186,-0.28920453786849976,-0.08045941034976067,0.15006136894226074,-0.41812771558761597,-0.12634727547589364,0.14363479614257812,-0.4984086751937866,-0.16622401962700906,0.13624274730682373,-0.5694232881069183,-0.1948561836284739,0.06659036874771118,-0.30833086371421814,-0.06362005511942925,0.07555139064788818,-0.44852277636528015,-0.105815814833079,0.07410287857055664,-0.5403654277324677,-0.1463300604623896,0.07223474979400635,-0.6177110075950623,-0.1745498646301371,-3.1948089599609375e-05,-0.29840582609176636,-0.05518997276845994,0.006080210208892822,-0.42943793535232544,-0.0935043860477549,0.013284027576446533,-0.5151997208595276,-0.12643440256539407,0.018099546432495117,-0.5864686071872711,-0.14780865798417153,-0.068043053150177,-0.26702338457107544,-0.054971074710522316,-0.05822056531906128,-0.36884281039237976,-0.08816249857369485,-0.05072754621505737,-0.4345129132270813,-0.10727744738284173,-0.04371345043182373,-0.493721067905426,-0.11906913856688561
B,0.0,0.0,0.0,0.10505855083465576,-0.02686452865600586,-0.0870315451044803,0.2043963074684143,-0.09594261646270752,-0.1266552302856212,0.19920343160629272,-0.18908947706222534,-0.1556267980355983,0.12998253107070923,-0.2425937056541443,-0.1839834842700725,0.14213824272155762,-0.29344961047172546,-0.07105857318828157,0.15253251791000366,-0.4224393665790558,-0.11515165305326036,0.1449335217475891,-0.5004042088985443,-0.1550564411897426,0.13733673095703125,-0.5685334801673889,-0.18403379059026292,0.0712394118309021,-0.3142849802970886,-0.056851925315356766,0.08184915781021118,-0.4515153169631958,-0.09543071127126268,0.0786622166633606,-0.5416464507579803,-0.13584333098123125,0.07502114772796631,-0.617840439081192,-0.16531067526528886,0.006658494472503662,-0.30656641721725464,-0.05116072854588083,0.011915504932403564,-0.4382004141807556,-0.08690005725810579,0.015466034412384033,-0.5208134353160858,-0.11979519760797075,0.017196357250213623,-0.5894655585289001,-0.14238206482121996,-0.06117314100265503,-0.2751680612564087,-0.05345522052238039,-0.053387343883514404,-0.3777095079421997,-0.0847315806765323,-0.04724305868148804,-0.44189655780792236,-0.10378362423369936,-0.04200339317321777,-0.4993547797203064,-0.11672837472150377
B,0.0,0.0,0.0,0.10362634062767029,-0.02715766429901123,-0.10277198558310374,0.20251420140266418,-0.09527254104614258,-0.15087618982056483,0.1944042146205902,-0.19086694717407227,-0.1850411698744665,0.1235719621181488,-0.250579297542572,-0.21813621675232753,0.1456340253353119,-0.2899068593978882,-0.08755912934998378,0.15413543581962585,-0.42079269886016846,-0.13340779697159633,0.1444598138332367,-0.5013201832771301,-0.1761208281443487,0.13578662276268005,-0.5702092945575714,-0.20762788807610377,0.07224306464195251,-0.31142672896385193,-0.06511547719696864,0.08341357111930847,-0.4488910436630249,-0.10431508278111323,0.07984337210655212,-0.5397570580244064,-0.14762216364601954,0.07754924893379211,-0.6178339123725891,-0.1806716129706274,0.006007760763168335,-0.30558162927627563,-0.05192743172506198,0.016048163175582886,-0.4360121190547943,-0.0866249010489355,0.020800620317459106,-0.5180612802505493,-0.12288885121802195,0.02320191264152527,-0.5855708718299866,-0.14934953605393275,-0.06255990266799927,-0.27843549847602844,-0.04798831721404895,-0.050852179527282715,-0.37891465425491333,-0.07785094087580546,-0.04512342810630798,-0.4435560703277588,-0.09954333608607158,-0.04019013047218323,-0.5015310049057007,-0.11592072551707133
B,0.0,0.0,0.0,0.10458806157112122,-0.028670907020568848,-0.10229511354890519,0.2050667107105255,-0.1015622615814209,-0.14744613860574418,0.19600239396095276,-0.19890892505645752,-0.1784991750570839,0.12060418725013733,-0.2562916874885559,-0.2084105292412346,0.14413943886756897,-0.2951003313064575,-0.08331215922561341,0.15616342425346375,-0.42443332076072693,-0.12708639894452745,0.14916029572486877,-0.5032561123371124,-0.1692080328318184,0.1431356966495514,-0.574073076248169,-0.2009978720995491,0.0717749297618866,-0.3170091211795807,-0.06109401007023507,0.08444777131080627,-0.4546940326690674,-0.09877139125791246,0.08336654305458069,-0.5456638336181641,-0.14240723644223863,0.08282700181007385,-0.6234933733940125,-0.1758218536230629,0.006257534027099609,-0.31066444516181946,-0.048260854378611384,0.016258925199508667,-0.44176769256591797,-0.08258876000371629,0.022077351808547974,-0.5247892737388611,-0.11998914723125154,0.025998860597610474,-0.5932356119155884,-0.14721669052568132,-0.061768144369125366,-0.28218063712120056,-0.04470757190910035,-0.049510449171066284,-0.3835827112197876,-0.07455351744619065,-0.04334565997123718,-0.44814103841781616,-0.09665381704297715,-0.03779122233390808,-0.5053982734680176,-0.11348501388755494
B,0.0,0.0,0.0,0.10301238298416138,-0.030899882316589355,-0.10294239378390557,0.20155435800552368,-0.1004834771156311,-0.15042896724162347,0.19448620080947876,-0.19727331399917603,-0.1844104245942617,0.12336796522140503,-0.25703465938568115,-0.21738813972888238,0.14111292362213135,-0.29617705941200256,-0.08505936867413766,0.15423601865768433,-0.42540645599365234,-0.13185808217940576,0.14740169048309326,-0.5050904750823975,-0.17507293975768334,0.14078950881958008,-0.5751998722553253,-0.20667797482428796,0.07024967670440674,-0.3185150921344757,-0.06352036601720101,0.0840333104133606,-0.45776546001434326,-0.10350768423495538,0.08255022764205933,-0.5493118911981583,-0.14628413474974877,0.08079105615615845,-0.62717604637146,-0.17818144119200952,0.005825042724609375,-0.3129751682281494,-0.05170357382712609,0.013795197010040283,-0.44525355100631714,-0.08752234435496575,0.018068015575408936,-0.5285532921552658,-0.12220185405431039,0.020761430263519287,-0.5966382324695587,-0.1469229922336126,-0.0625678300857544,-0.2852937877178192,-0.049438217346050806,-0.05242365598678589,-0.3877478241920471,-0.07985782778678185,-0.04583770036697388,-0.4529901444911957,-0.10019523805794961,-0.03967958688735962,-0.5103518962860107,-0.11521904325900323
B,0.0,0.0,0.0,0.10347867012023926,-0.029083251953125,-0.0890675784562518,0.20379918813705444,-0.0973471999168396,-0.12843771292909878,0.19555902481079102,-0.19270479679107666,-0.15604449822649258,0.12393301725387573,-0.24677741527557373,-0.18199571981176632,0.14328783750534058,-0.2970302104949951,-0.06878760471090573,0.1550663709640503,-0.4266882836818695,-0.1107343064163615,0.1469748616218567,-0.5049191117286682,-0.15037782504305142,0.1397889256477356,-0.5732630491256714,-0.1790350975011279,0.07186812162399292,-0.31918832659721375,-0.05164790540084141,0.08374106884002686,-0.45590031147003174,-0.08644820763811367,0.0812523365020752,-0.547481119632721,-0.12402760996565121,0.0781967043876648,-0.6231542527675629,-0.15170693411573666,0.0070746541023254395,-0.31320643424987793,-0.04333079247817295,0.01624661684036255,-0.4425722360610962,-0.07430994524702328,0.021663188934326172,-0.5232240855693817,-0.10315717770799893,0.024580419063568115,-0.5905196368694305,-0.12311425074085491,-0.06003457307815552,-0.2843256890773773,-0.04361832155927914,-0.05064651370048523,-0.3853117823600769,-0.07036119713529843,-0.04480355978012085,-0.4488409757614136,-0.0855875761722018,-0.03932821750640869,-0.5060356855392456,-0.09555853172287243
B,0.0,0.0,0.0,0.13565051555633545,-0.057515501976013184,-0.08404008770827431,0.2177770733833313,-0.1906951665878296,-0.116727118440906,0.1613389253616333,-0.30002790689468384,-0.14007751370314736,0.054097533226013184,-0.31542259454727173,-0.1623891713703074,0.14893299341201782,-0.38224589824676514,-0.056329590328971335,0.14588910341262817,-0.5333876609802246,-0.09879718447569985,0.13144546747207642,-0.6224988102912903,-0.1382243307912745,0.11593818664550781,-0.7026779055595398,-0.1682928326213755,0.06388342380523682,-0.396268367767334,-0.04637024650816102,0.0640152096748352,-0.5648866891860962,-0.08033606881741662,0.05685389041900635,-0.6670496165752411,-0.11559865350369591,0.05239415168762207,-0.7521827518939972,-0.1432524743163981,-0.009403049945831299,-0.3787122368812561,-0.04662417347077508,-0.012150943279266357,-0.5383762717247009,-0.08172148937825341,-0.011185407638549805,-0.6387026011943817,-0.10802419210318703,-0.009128808975219727,-0.7200584709644318,-0.1266552629554667,-0.0833013653755188,-0.3353978395462036,-0.05559627810959,-0.08121597766876221,-0.4637562036514282,-0.08457251364831109,-0.07689356803894043,-0.541971743106842,-0.09802446241025109,-0.07571643590927124,-0.612238347530365,-0.10785640502814431
B,0.0,0.0,0.0,0.10587537288665771,-0.029125213623046875,-0.10062779832566093,0.1990094780921936,-0.09597891569137573,-0.14785604525292229,0.18851464986801147,-0.19171488285064697,-0.18182029176438164,0.1196250319480896,-0.2514248490333557,-0.21440534640038322,0.14139503240585327,-0.2962830364704132,-0.08123877990925621,0.14946353435516357,-0.4246372878551483,-0.126539993769768,0.14149636030197144,-0.5037327408790588,-0.16835180271351646,0.13424956798553467,-0.5699829161167145,-0.19830747295105766,0.0684124231338501,-0.31733769178390503,-0.0595379022129805,0.07784247398376465,-0.4547918140888214,-0.09724013108694862,0.07479804754257202,-0.5456750094890594,-0.1363562231131823,0.07394987344741821,-0.6218176186084747,-0.16520753849232506,0.0022426843643188477,-0.3108035624027252,-0.04778682041848015,0.011499106884002686,-0.4410969614982605,-0.08181769747221779,0.016158699989318848,-0.5219478607177734,-0.11355514425719093,0.01978549361228943,-0.5881974101066589,-0.13562408436024498,-0.06663918495178223,-0.2834026515483856,-0.045402243471983184,-0.05571180582046509,-0.38261622190475464,-0.07494499880755257,-0.04958838224411011,-0.44688093662261963,-0.09368045229399513,-0.04339239001274109,-0.5045448839664459,-0.10666850555622887
B,0.0,0.0,0.0,0.10685783624649048,-0.02704334259033203,-0.12018760049988941,0.200996994972229,-0.09262293577194214,-0.17884283269097523,0.19360113143920898,-0.18673253059387207,-0.22172317410161213,0.12022042274475098,-0.2498289942741394,-0.2638772627179833,0.1472274661064148,-0.2940573990345001,-0.10210636759450153,0.1548261046409607,-0.42473897337913513,-0.1504981418912621,0.14509272575378418,-0.5078499913215637,-0.19537599886109547,0.13555270433425903,-0.5759004354476929,-0.2281711896722527,0.07145160436630249,-0.31344544887542725,-0.07249002659966663,0.08138149976730347,-0.45424118638038635,-0.1122121264999123,0.07669037580490112,-0.5456850677728653,-0.15539531911065296,0.07652103900909424,-0.6252808272838593,-0.18908122683217243,0.0037637054920196533,-0.3079657256603241,-0.05406425649573521,0.013889789581298828,-0.43928390741348267,-0.08848877007415012,0.01800510287284851,-0.5223967730998993,-0.1258106132810326,0.02153635025024414,-0.5879653096199036,-0.1541839739148827,-0.06620311737060547,-0.2846808433532715,-0.04687707254936413,-0.053523242473602295,-0.3833327889442444,-0.07589338476111607,-0.04792332649230957,-0.4493340253829956,-0.09953891242196278,-0.04168808460235596,-0.5065745711326599,-0.1190207054679604
B,0.0,0.0,0.0,0.10639581084251404,-0.029412806034088135,-0.10739395765881454,0.21057087182998657,-0.10852330923080444,-0.15615209190468704,0.1977718472480774,-0.21090513467788696,-0.19058261065106308,0.11464455723762512,-0.2694356441497803,-0.22373323886017715,0.15419629216194153,-0.30912578105926514,-0.08503650127272522,0.1639883816242218,-0.4468531012535095,-0.12945277242283737,0.1531871259212494,-0.5294419825077057,-0.17072612790684616,0.14364007115364075,-0.6006541848182678,-0.2005489691935054,0.07839128375053406,-0.32756751775741577,-0.06116440518121635,0.09309154748916626,-0.47492480278015137,-0.09705352781634247,0.08788251876831055,-0.5697013586759567,-0.13783781973938858,0.08398979902267456,-0.6507293879985809,-0.16868514566044723,0.011302530765533447,-0.3201882839202881,-0.04733413828830635,0.02227175235748291,-0.45929384231567383,-0.07986885307650482,0.025942295789718628,-0.5465294718742371,-0.11242612449746048,0.02779918909072876,-0.6170833706855774,-0.13614166526417648,-0.06002014875411987,-0.29184234142303467,-0.04360298065762436,-0.04947972297668457,-0.3988215923309326,-0.07052650301079666,-0.04188588261604309,-0.4652363657951355,-0.08744249491314804,-0.03507357835769653,-0.52373868227005,-0.10035309939007675
B,0.0,0.0,0.0,0.10619854927062988,-0.026175856590270996,-0.09480598782715788,0.20708826184272766,-0.10451847314834595,-0.13520816182312956,0.19453933835029602,-0.20327377319335938,-0.16302353357491484,0.119148850440979,-0.25680291652679443,-0.18971911286530485,0.15152716636657715,-0.3021867871284485,-0.07646647309479704,0.16166946291923523,-0.4380438029766083,-0.11945650195298185,0.1532558798789978,-0.5210601687431335,-0.15852195238289823,0.14492252469062805,-0.5913759469985962,-0.18678270494160643,0.07597646117210388,-0.3235083222389221,-0.05765301948008528,0.08789294958114624,-0.46730953454971313,-0.09439607923445692,0.08463454246520996,-0.5626872777938843,-0.13345004831967344,0.08086484670639038,-0.6394302248954773,-0.16161178266224852,0.007702261209487915,-0.3159678280353546,-0.047946619145250224,0.016330569982528687,-0.45371171832084656,-0.08261694972929945,0.020528435707092285,-0.5397558361291885,-0.11555064683375349,0.022453278303146362,-0.6097587049007416,-0.1378495565575122,-0.0638384073972702,-0.28503677248954773,-0.04688646485624304,-0.052859604358673096,-0.3902823030948639,-0.07798956548390379,-0.04617986083030701,-0.4553215205669403,-0.09692235504803648,-0.0412658154964447,-0.5117701888084412,-0.10940335159716597
B,0.0,0.0,0.0,0.10920456051826477,-0.019759774208068848,-0.1026661128142905,0.21047770977020264,-0.09429770708084106,-0.14742274138723133,0.19909322261810303,-0.1913820505142212,-0.17838348004613636,0.12277454137802124,-0.2492348551750183,-0.20823454413209674,0.1579960584640503,-0.298286497592926,-0.08344957533870456,0.1677141785621643,-0.43315479159355164,-0.12747117433343647,0.1588962972164154,-0.5174567848443985,-0.1680292144754958,0.1491168737411499,-0.5899902582168579,-0.1975583687761855,0.08259236812591553,-0.3216482400894165,-0.06078586656246898,0.0936020016670227,-0.46589821577072144,-0.09888461533580539,0.0896090567111969,-0.5618191063404083,-0.14010405096803424,0.08581826090812683,-0.6407623589038849,-0.17026380750928638,0.013212770223617554,-0.3157847821712494,-0.047435122762067294,0.02245280146598816,-0.4530872404575348,-0.08226881477628467,0.026763349771499634,-0.539136677980423,-0.1158545494416785,0.028854429721832275,-0.6086933314800262,-0.13908697221074817,-0.06015726923942566,-0.28766435384750366,-0.04343645948563335,-0.049466341733932495,-0.3931942582130432,-0.07358297261987445,-0.04293620586395264,-0.4589175581932068,-0.09250922802482364,-0.036893680691719055,-0.5160014182329178,-0.1056238890031409
B,0.0,0.0,0.0,0.10739430785179138,-0.01810753345489502,-0.10479180730123971,0.2092459797859192,-0.09000074863433838,-0.15229378855963205,0.19867154955863953,-0.18662136793136597,-0.18516604817648386,0.12464654445648193,-0.2451338768005371,-0.21723863697786783,0.1571008265018463,-0.295283704996109,-0.09431167907257532,0.1707477569580078,-0.4294714331626892,-0.14345170772810434,0.16324731707572937,-0.5159002840518951,-0.1859719625784919,0.1533871293067932,-0.5894550383090973,-0.2160480192973182,0.08039382100105286,-0.31715935468673706,-0.07229168928404306,0.09567183256149292,-0.4615251421928406,-0.11459490872164224,0.09401345252990723,-0.558365672826767,-0.15594051993628,0.09067830443382263,-0.636630654335022,-0.18526907480497812,0.009590864181518555,-0.3100050687789917,-0.05967452592392419,0.020177394151687622,-0.4479849934577942,-0.09763325966139291,0.02593967318534851,-0.5365486890077591,-0.13227613485594247,0.029255926609039307,-0.6095490455627441,-0.1556036046816871,-0.06526687741279602,-0.28076931834220886,-0.05636033258576845,-0.05053099989891052,-0.3874652087688446,-0.09007479465742563,-0.04223419725894928,-0.4555867612361908,-0.11113799578686212,-0.03553956747055054,-0.5155994445085526,-0.12487793184061502
B,0.0,0.0,0.0,0.11012405157089233,-0.02145099639892578,-0.09626507294223074,0.20911166071891785,-0.0894690752029419,-0.1393112270240522,0.19689014554023743,-0.18360525369644165,-0.1686872718934751,0.1279018521308899,-0.2388925552368164,-0.19678490144059424,0.15210190415382385,-0.29073813557624817,-0.0822416348461843,0.1641472578048706,-0.4249723255634308,-0.12646867615029578,0.15603023767471313,-0.5083757936954498,-0.16542208474919562,0.14607790112495422,-0.5800364911556244,-0.19282727223679785,0.07432043552398682,-0.312844842672348,-0.06130542886302237,0.08604428172111511,-0.4560486078262329,-0.09996238631055121,0.08497795462608337,-0.5512643158435822,-0.1384312836532331,0.08163413405418396,-0.6280498504638672,-0.1651784507636762,0.0034432709217071533,-0.3062518537044525,-0.049083779573891206,0.011403471231460571,-0.4418572783470154,-0.08340338897750144,0.018331378698349,-0.5290631204843521,-0.11521665287062888,0.02152237296104431,-0.6000747382640839,-0.13584691566273932,-0.0689888596534729,-0.27830934524536133,-0.04536239337966208,-0.05722859501838684,-0.3845614492893219,-0.07540794742152457,-0.049233853816986084,-0.45150601863861084,-0.09357944411084418,-0.042213842272758484,-0.5106828510761261,-0.1044405056242681
B,0.0,0.0,0.0,0.10870912671089172,-0.02560800313949585,-0.12168045375597103,0.20677059888839722,-0.09510910511016846,-0.17942237887632473,0.19566765427589417,-0.1920684576034546,-0.22000022266161068,0.11850255727767944,-0.25100091099739075,-0.2595912221456729,0.15284910798072815,-0.29910096526145935,-0.10287608984958752,0.16264930367469788,-0.4346298575401306,-0.14905679259550197,0.15437939763069153,-0.5190479755401611,-0.19199225340139492,0.14438170194625854,-0.5905625820159912,-0.22353532943975551,0.07475289702415466,-0.31932711601257324,-0.0712066445137225,0.08509153127670288,-0.463813841342926,-0.11122156713258846,0.0823678970336914,-0.5588841736316681,-0.15518462691557033,0.0791495144367218,-0.6395412385463715,-0.18822658095609768,0.0032229721546173096,-0.3114815950393677,-0.050080657341595725,0.012245476245880127,-0.44828641414642334,-0.08516363088142498,0.017346113920211792,-0.5359418392181396,-0.1232403222109042,0.018732726573944092,-0.606237530708313,-0.15067483518373592,-0.07025735080242157,-0.28569599986076355,-0.039695334025736884,-0.05611082911491394,-0.3913589119911194,-0.06939940188181026,-0.048993006348609924,-0.45898228883743286,-0.09239524636518581,-0.04184073209762573,-0.5177330672740936,-0.10996938530456646
B,0.0,0.0,0.0,0.11553415656089783,-0.028798699378967285,-0.14012187270202503,0.21505054831504822,-0.11503970623016357,-0.2078338816551195,0.19406947493553162,-0.22102242708206177,-0.25548742262401447,0.0991843044757843,-0.27665191888809204,-0.30210740415134296,0.15074315667152405,-0.32177940011024475,-0.12684200254955158,0.1557113528251648,-0.46600520610809326,-0.17783304599799976,0.14225861430168152,-0.5549816787242889,-0.22227835206069813,0.1302291750907898,-0.6311591863632202,-0.25501633731403217,0.07137897610664368,-0.3413044810295105,-0.08925704208888874,0.07967880368232727,-0.5004177391529083,-0.13160568026580677,0.06988713145256042,-0.5995148122310638,-0.17600146976985798,0.06169569492340088,-0.6859032809734344,-0.21034691778697834,0.0002605170011520386,-0.3352641761302948,-0.06325677333154545,0.007410913705825806,-0.4839584231376648,-0.09954589901246891,0.00785207748413086,-0.5788071900606155,-0.13862473813571796,0.006422698497772217,-0.6532002985477448,-0.16847818640746937,-0.07531709969043732,-0.31065839529037476,-0.04980171395220623,-0.06671266257762909,-0.42434340715408325,-0.07871462700643406,-0.06167227029800415,-0.4975755214691162,-0.10224612353124485,-0.05589078366756439,-0.5608335584402084,-0.12228280601777897
B,0.0,0.0,0.0,0.12183752655982971,-0.03885895013809204,-0.12886778402139498,0.20967304706573486,-0.12956231832504272,-0.18906770038415743,0.18225827813148499,-0.22783875465393066,-0.23160670089532687,0.09572049975395203,-0.2843322157859802,-0.2707527368049796,0.15122923254966736,-0.34307220578193665,-0.10466141390611483,0.15590766072273254,-0.490173876285553,-0.15467866647054507,0.14349806308746338,-0.5765321850776672,-0.19849781083871676,0.12923923134803772,-0.6540862619876862,-0.2302384464721854,0.07470467686653137,-0.3632327914237976,-0.07047653335143877,0.08043721318244934,-0.5248258113861084,-0.1103256507497008,0.07042363286018372,-0.6198678910732269,-0.15071145582010104,0.06006753444671631,-0.7043529152870178,-0.18239472198297335,0.004027619957923889,-0.35615599155426025,-0.04891699316908671,0.013223305344581604,-0.503687858581543,-0.08529386806299044,0.009694322943687439,-0.5962048321962357,-0.11790111052800967,0.0059234946966171265,-0.6729061007499695,-0.1425398825388129,-0.07127761840820312,-0.325606107711792,-0.03933023053218676,-0.06388606131076813,-0.43900203704833984,-0.06797002392818285,-0.06199491024017334,-0.5089157521724701,-0.08729210632850481,-0.06244385242462158,-0.574242427945137,-0.10288138824512316
B,0.0,0.0,0.0,0.11731088161468506,-0.025508344173431396,-0.13058945629450136,0.2166312336921692,-0.11025410890579224,-0.1925424644693976,0.20208722352981567,-0.2121846079826355,-0.23555597755762392,0.11654895544052124,-0.26747530698776245,-0.27647855970712953,0.15237018465995789,-0.327793687582016,-0.11876681539865785,0.15413135290145874,-0.47672104835510254,-0.16952195856424623,0.13995108008384705,-0.5685641765594482,-0.21143366489263826,0.1260276436805725,-0.6449496448040009,-0.2407180825218802,0.07145646214485168,-0.3464372754096985,-0.08414545003029161,0.07852533459663391,-0.5100277662277222,-0.1256677815661078,0.06740936636924744,-0.6096461713314056,-0.16497910115572267,0.057293206453323364,-0.6930424273014069,-0.19341467413755709,-0.00036910176277160645,-0.3397327959537506,-0.060807784085000094,0.00431467592716217,-0.4920065402984619,-0.09647815767380052,0.0036118924617767334,-0.5861041247844696,-0.13010072800966554,0.0018888413906097412,-0.6603712439537048,-0.15398708078714662,-0.07450781762599945,-0.3140150308609009,-0.04926844034048372,-0.06801202893257141,-0.42962807416915894,-0.07786341849418932,-0.06435367465019226,-0.5030056238174438,-0.09772162977310472,-0.059084370732307434,-0.5680000633001328,-0.11260389629455858
B,0.0,0.0,0.0,0.11020442843437195,-0.035446882247924805,-0.13481567795270166,0.20556968450546265,-0.11485755443572998,-0.20129626984589777,0.18895500898361206,-0.21830898523330688,-0.24944259221547327,0.10936883091926575,-0.2840641140937805,-0.29648184771531305,0.13824769854545593,-0.33840852975845337,-0.11816912884705744,0.14293625950813293,-0.4837479591369629,-0.1717333495139428,0.13060131669044495,-0.5738052725791931,-0.22006607050889215,0.11541327834129333,-0.6487602591514587,-0.25466305012696466,0.05528178811073303,-0.35666441917419434,-0.0838267579197236,0.06197768449783325,-0.5154038667678833,-0.1285522430657693,0.05410483479499817,-0.6187529861927032,-0.1752799301862069,0.04615733027458191,-0.705656111240387,-0.21041932697289667,-0.019005462527275085,-0.3466683328151703,-0.061457276296550845,-0.013923317193984985,-0.4958864450454712,-0.09877128149264536,-0.01411697268486023,-0.591674193739891,-0.13838756079667291,-0.016058385372161865,-0.667303204536438,-0.1677498518943139,-0.09613299369812012,-0.3183741867542267,-0.05140683422678194,-0.08603855967521667,-0.43408066034317017,-0.08163036401265344,-0.08208136260509491,-0.5085853934288025,-0.10550140584700785,-0.07622718811035156,-0.5717167258262634,-0.12474486972087107
B,0.0,0.0,0.0,0.1196693480014801,-0.02703148126602173,-0.1406887241472532,0.22364729642868042,-0.10785186290740967,-0.20896544240611092,0.20771998167037964,-0.20922094583511353,-0.25743044100897805,0.11899584531784058,-0.27440428733825684,-0.30461356722014443,0.15740615129470825,-0.33933812379837036,-0.1304137625564863,0.15777072310447693,-0.49207454919815063,-0.18673840843337075,0.14071965217590332,-0.5894642025232315,-0.23464355550902383,0.12296950817108154,-0.6686032712459564,-0.26840875230925576,0.06997913122177124,-0.3571465313434601,-0.0943695821632673,0.07325759530067444,-0.5221773386001587,-0.1417652883400251,0.05954676866531372,-0.626570463180542,-0.18785158477919595,0.047470301389694214,-0.7140377163887024,-0.2216390141119291,-0.007301211357116699,-0.3469429612159729,-0.07021690838234917,-0.0033327043056488037,-0.5032612085342407,-0.11148470573323266,-0.007293045520782471,-0.5996272563934326,-0.1509811200966169,-0.01256108283996582,-0.6761455833911896,-0.17932745002406136,-0.08603931963443756,-0.3180329203605652,-0.058563675062828224,-0.07787840068340302,-0.4377925992012024,-0.09243234925168053,-0.0743526816368103,-0.512097954750061,-0.11619258605139748,-0.06895947456359863,-0.5767402499914169,-0.1343453892339994
B,0.0,0.0,0.0,0.11728698015213013,-0.028853654861450195,-0.15848627679008587,0.2142280638217926,-0.10772299766540527,-0.2395711391415034,0.19878187775611877,-0.20644056797027588,-0.29894852630752666,0.11867597699165344,-0.2798246145248413,-0.35819044701713665,0.15378478169441223,-0.3370038866996765,-0.1513406931604777,0.1529238224029541,-0.49174362421035767,-0.2117907106127177,0.13579192757606506,-0.5916877388954163,-0.2632995545114909,0.11538082361221313,-0.6702901721000671,-0.30048528306144817,0.06659296154975891,-0.35432159900665283,-0.10861502580303295,0.06879788637161255,-0.5224254429340363,-0.16057184331077679,0.056391626596450806,-0.6287272572517395,-0.2122322320188914,0.04624032974243164,-0.7176972031593323,-0.2515550553049479,-0.012877851724624634,-0.3455626368522644,-0.07905413202900036,-0.010492295026779175,-0.5069065093994141,-0.12369143955368145,-0.014395743608474731,-0.6069275587797165,-0.17036476723808391,-0.017984837293624878,-0.6838587820529938,-0.2060001044716273,-0.0949544608592987,-0.321384996175766,-0.06323394171852215,-0.08741581439971924,-0.4406006932258606,-0.1001772730793391,-0.08532607555389404,-0.516069233417511,-0.13080488137859447,-0.07966533303260803,-0.5794798284769058,-0.1567336320127879
B,0.0,0.0,0.0,0.11904561519622803,-0.03045058250427246,-0.14681686295875807,0.21680012345314026,-0.11107909679412842,-0.22198702229866285,0.19975069165229797,-0.21245527267456055,-0.2775918079794337,0.11409386992454529,-0.27828067541122437,-0.3328175975264003,0.1504148542881012,-0.3417747914791107,-0.13770833446392317,0.15041646361351013,-0.4959251284599304,-0.19609968199142713,0.1344984769821167,-0.5941969603300095,-0.245941488283961,0.11676058173179626,-0.6732073128223419,-0.281425280708163,0.06345468759536743,-0.3569345772266388,-0.10085238351234693,0.06793072819709778,-0.5242664217948914,-0.15025903119453687,0.0560150146484375,-0.6300775408744812,-0.19914212657818098,0.0465979278087616,-0.7216071784496307,-0.23556735946544904,-0.014380335807800293,-0.3457893133163452,-0.0762683732689311,-0.009852051734924316,-0.5049750208854675,-0.11859869791874189,-0.01231721043586731,-0.605369970202446,-0.16103273465046186,-0.015365511178970337,-0.6842927932739258,-0.19238598479637403,-0.09531223773956299,-0.3167373538017273,-0.06475701017984647,-0.08635488152503967,-0.4376577138900757,-0.09950835092672605,-0.0822630524635315,-0.5140748023986816,-0.1256273968399455,-0.07624948024749756,-0.5787249356508255,-0.1466959102333476
B,0.0,0.0,0.0,0.12274223566055298,-0.026845455169677734,-0.14175687141766957,0.22748702764511108,-0.10720598697662354,-0.21037688262811116,0.2085587978363037,-0.21088910102844238,-0.2582762927567046,0.11866983771324158,-0.273304283618927,-0.30450717516293935,0.1576431393623352,-0.3367651104927063,-0.13251111812940053,0.16073250770568848,-0.4894106686115265,-0.1875431180750411,0.14524734020233154,-0.5848949998617172,-0.23478586383214406,0.13142672181129456,-0.6652393639087677,-0.26846520014157704,0.07223725318908691,-0.3576691150665283,-0.09453696914067677,0.07678535580635071,-0.5251015424728394,-0.14063047774186543,0.0649891197681427,-0.6303057968616486,-0.1867414058004897,0.05595135688781738,-0.7204858958721161,-0.22075606294026784,-0.003050893545150757,-0.35000109672546387,-0.06784510023942403,0.0025208890438079834,-0.504631519317627,-0.10754826076379231,0.0007958412170410156,-0.6033359915018082,-0.1471620292221587,-0.002280980348587036,-0.6819414794445038,-0.1757727653538268,-0.08050206303596497,-0.32273024320602417,-0.05356926627507619,-0.07230579853057861,-0.43810683488845825,-0.08550965942492894,-0.0679062008857727,-0.511740654706955,-0.1083214224134963,-0.062333643436431885,-0.5755369514226913,-0.12592782981744222
B,0.0,0.0,0.0,0.12767890095710754,-0.029237985610961914,-0.15405654063999918,0.23164203763008118,-0.10908645391464233,-0.23116970709145335,0.21573427319526672,-0.21463346481323242,-0.2877533202487257,0.1226174533367157,-0.27953624725341797,-0.34301955154717234,0.16907045245170593,-0.3387037217617035,-0.13040701201737193,0.17248639464378357,-0.4904489517211914,-0.1816216324883726,0.16045519709587097,-0.5874886065721512,-0.22695556929886607,0.14786967635154724,-0.6650099158287048,-0.26022223285019663,0.08195146918296814,-0.35570862889289856,-0.08959241113245753,0.09101003408432007,-0.5253604650497437,-0.13048880449116496,0.0845579206943512,-0.6303261518478394,-0.17346166721165446,0.08088725805282593,-0.7206323742866516,-0.20651408186733988,0.004753679037094116,-0.34835952520370483,-0.06299332431137827,0.012741178274154663,-0.5062339603900909,-0.09891400388062266,0.014802724123001099,-0.6061811000108719,-0.13871266594708231,0.016270756721496582,-0.6849340498447418,-0.16925626149952677,-0.07490023970603943,-0.32631954550743103,-0.05089567503512171,-0.06528893113136292,-0.44544029235839844,-0.08068554005205897,-0.05962046980857849,-0.5211336016654968,-0.10563878616869715,-0.050819069147109985,-0.5864126235246658,-0.12727930298626688
B,0.0,0.0,0.0,0.12569040060043335,-0.023691534996032715,-0.14947282133653061,0.23180919885635376,-0.10144948959350586,-0.22465527413442032,0.2214205265045166,-0.2104172706604004,-0.27911387739732163,0.1297890543937683,-0.27975958585739136,-0.33274583874299424,0.16847002506256104,-0.33309242129325867,-0.1371197438056697,0.17756050825119019,-0.48392945528030396,-0.19241996465279954,0.1674654483795166,-0.5796093493700027,-0.23985344527318375,0.15811753273010254,-0.6575705111026764,-0.27433689294412034,0.08267995715141296,-0.3552277088165283,-0.09757652489497559,0.09526512026786804,-0.521830677986145,-0.14293478785111802,0.09011855721473694,-0.6239529550075531,-0.18896243331982987,0.08830064535140991,-0.7138842940330505,-0.2242826109941234,0.006576508283615112,-0.3494991362094879,-0.07052223740174668,0.01950925588607788,-0.5049050748348236,-0.10986320285155671,0.023989558219909668,-0.6020263880491257,-0.15074001608445542,0.02651965618133545,-0.6779943704605103,-0.1820668464715709,-0.0725332498550415,-0.3242039680480957,-0.05684169737651246,-0.05814647674560547,-0.44030389189720154,-0.08887622116162675,-0.049726277589797974,-0.5144548416137695,-0.11413382349564927,-0.04050701856613159,-0.5778589248657227,-0.13560580072953599
B,0.0,0.0,0.0,0.12381500005722046,-0.025033175945281982,-0.14860041867825657,0.23015445470809937,-0.1050950288772583,-0.2225359572086063,0.2191990613937378,-0.2125030755996704,-0.2755326969537464,0.12867778539657593,-0.28222477436065674,-0.32771206330392033,0.1710471510887146,-0.3303646743297577,-0.13657463025185734,0.17907428741455078,-0.47995564341545105,-0.19160974454018742,0.1673843264579773,-0.5745519697666168,-0.2389289630565372,0.15475153923034668,-0.6515032947063446,-0.2730522496614185,0.08547630906105042,-0.35073724389076233,-0.0966221285972324,0.09789091348648071,-0.5152181386947632,-0.14207703303429753,0.09138575196266174,-0.6165829300880432,-0.18741038869950444,0.08652442693710327,-0.7048682272434235,-0.22207075785729558,0.00827297568321228,-0.3440251648426056,-0.06922384034726292,0.019768714904785156,-0.49852824211120605,-0.10934863667819172,0.020926296710968018,-0.5936243981122971,-0.15007865857216984,0.019730031490325928,-0.668768972158432,-0.18083911072346837,-0.07186329364776611,-0.3205412030220032,-0.055004884115192,-0.05708795785903931,-0.4376092851161957,-0.087804977408382,-0.04957848787307739,-0.5103598535060883,-0.11338776778313786,-0.042161136865615845,-0.5732835978269577,-0.13496442567441136
B,0.0,0.0,0.0,0.12682154774665833,-0.02453160285949707,-0.18172836779046975,0.22480526566505432,-0.09758651256561279,-0.27787879584718667,0.21616598963737488,-0.19569849967956543,-0.34956780551362954,0.1314898431301117,-0.2689269185066223,-0.4214394438116642,0.16982421278953552,-0.32413703203201294,-0.16218699990201912,0.1780640184879303,-0.4720628559589386,-0.2201549458353611,0.1694527566432953,-0.5717094242572784,-0.2701080787031742,0.15605786442756653,-0.6456246972084045,-0.30637842892099343,0.08416196703910828,-0.33884310722351074,-0.11025723545242272,0.09787598252296448,-0.5040464699268341,-0.15672623096395455,0.09344425797462463,-0.6062170267105103,-0.20480648158479653,0.09238645434379578,-0.6968561708927155,-0.24254014073301278,0.006681531667709351,-0.33299046754837036,-0.07422101227928124,0.01959332823753357,-0.4875280559062958,-0.11459349571157418,0.025130093097686768,-0.5844036191701889,-0.1600006866304966,0.028534382581710815,-0.6588332653045654,-0.19640659271169625,-0.07407942414283752,-0.3142119348049164,-0.0546956780402752,-0.060054272413253784,-0.42749395966529846,-0.08794136820722542,-0.052981406450271606,-0.5013837814331055,-0.11858435450483285,-0.044430285692214966,-0.5644091665744781,-0.14687316595006905
B,0.0,0.0,0.0,0.12245643138885498,-0.02202218770980835,-0.1706985098289806,0.2221481204032898,-0.09532684087753296,-0.2582900834249813,0.21256786584854126,-0.1933336853981018,-0.3223352444338161,0.12752389907836914,-0.26764893531799316,-0.38592624785178486,0.16775178909301758,-0.3139256238937378,-0.15608403207534138,0.17679953575134277,-0.4601996839046478,-0.2154167008566219,0.16705751419067383,-0.559099942445755,-0.2650138747858364,0.152776300907135,-0.6335125863552094,-0.30010435106032674,0.08307000994682312,-0.32927343249320984,-0.10841088862889592,0.09761154651641846,-0.49276769161224365,-0.1572019916939098,0.09272721409797668,-0.595870316028595,-0.20462334276908223,0.08922195434570312,-0.6842785477638245,-0.24064953746074025,0.006507962942123413,-0.32367756962776184,-0.07581400247090642,0.019065022468566895,-0.47690099477767944,-0.11911003412478749,0.024049609899520874,-0.5733277499675751,-0.1640684765743572,0.026030421257019043,-0.6465898156166077,-0.19852820159667317,-0.07350176572799683,-0.30642908811569214,-0.05853323759311024,-0.05873703956604004,-0.418977290391922,-0.094831341223653,-0.05231750011444092,-0.491877943277359,-0.1256843966411907,-0.045709311962127686,-0.5538351982831955,-0.15239335717433278
B,0.0,0.0,0.0,0.11287480592727661,-0.025076091289520264,-0.10930556980440542,0.21892130374908447,-0.09687954187393188,-0.15885146138737127,0.2130948305130005,-0.19930791854858398,-0.19308424172470495,0.13852757215499878,-0.2607123851776123,-0.22608415958950445,0.15868216753005981,-0.3044060170650482,-0.09330508289406225,0.17052686214447021,-0.44232144951820374,-0.14078337130615637,0.16216838359832764,-0.5263613909482956,-0.18485933718750402,0.15496695041656494,-0.5981807112693787,-0.21698597250053808,0.0814429521560669,-0.32994014024734497,-0.06815611002514288,0.09417736530303955,-0.47820064425468445,-0.10853328732321188,0.09329283237457275,-0.5759621262550354,-0.15237330076763556,0.09250456094741821,-0.6566985249519348,-0.1851827221877329,0.011077314615249634,-0.32568642497062683,-0.0527829508251898,0.021438509225845337,-0.46615612506866455,-0.08871723142931387,0.02708372473716736,-0.5533812195062637,-0.1256320494181864,0.03019726276397705,-0.6231349408626556,-0.15182158527443335,-0.06069827079772949,-0.298892080783844,-0.04722545844981596,-0.04857766628265381,-0.4073476791381836,-0.0780633631117098,-0.041998058557510376,-0.47579532861709595,-0.09976062355110571,-0.03608816862106323,-0.5354216545820236,-0.11553312269518301
B,0.0,0.0,0.0,0.11223268508911133,-0.030070483684539795,-0.12514106541613046,0.21346670389175415,-0.1005050539970398,-0.18379668503740731,0.20898288488388062,-0.2017751932144165,-0.22506868451574746,0.13613802194595337,-0.27228933572769165,-0.2655746152971119,0.1529645323753357,-0.30934885144233704,-0.10804276525715295,0.16441506147384644,-0.44838809967041016,-0.15674765020349923,0.15595656633377075,-0.5357164442539215,-0.20249351471403543,0.1479884386062622,-0.6086940765380859,-0.23627544551828805,0.07622796297073364,-0.33291390538215637,-0.0754728651020855,0.08735674619674683,-0.4838137626647949,-0.11640896260479394,0.08418303728103638,-0.5820721238851547,-0.16314209609964792,0.08311784267425537,-0.6662462949752808,-0.19961714356878701,0.006490588188171387,-0.32864344120025635,-0.05366090297439996,0.01686045527458191,-0.46993488073349,-0.08916133254507486,0.021492481231689453,-0.5595491528511047,-0.1301836630676121,0.024713456630706787,-0.6295401155948639,-0.1613677552316517,-0.06620463728904724,-0.30510473251342773,-0.043064530787262356,-0.05262225866317749,-0.4125349521636963,-0.07302191465834085,-0.044868260622024536,-0.4822324216365814,-0.0982983446095318,-0.03611132502555847,-0.5408877283334732,-0.11911626517513696
B,0.0,0.0,0.0,0.10979026556015015,-0.025416314601898193,-0.13089992870180822,0.21108490228652954,-0.09415364265441895,-0.1939669774898789,0.20591628551483154,-0.19363605976104736,-0.23881538976519323,0.13164258003234863,-0.2625015377998352,-0.28311041761725164,0.1529003381729126,-0.30173617601394653,-0.11746505667059637,0.16611546277999878,-0.43848246335983276,-0.1705735700258515,0.15820109844207764,-0.5241295695304871,-0.21864499915926672,0.14985322952270508,-0.5957282483577728,-0.25381908584921575,0.07746285200119019,-0.32448360323905945,-0.08426468093483663,0.08914077281951904,-0.47346121072769165,-0.12910749782412267,0.08640158176422119,-0.5697741806507111,-0.17729529012530065,0.08515071868896484,-0.652882307767868,-0.2145639138349793,0.008761584758758545,-0.32042384147644043,-0.062492080224444635,0.01959848403930664,-0.4618520140647888,-0.10178151000826574,0.024221956729888916,-0.5505426377058029,-0.1442364232668183,0.02742728590965271,-0.6207134127616882,-0.1763147639164231,-0.06322100758552551,-0.2978670001029968,-0.05232716370909429,-0.05096191167831421,-0.4035138189792633,-0.08528965730755544,-0.043909311294555664,-0.47210049629211426,-0.11227174122421957,-0.03643512725830078,-0.5306267738342285,-0.13451791573851324
B,0.0,0.0,0.0,0.10897985100746155,-0.024602532386779785,-0.1382678717499175,0.20734652876853943,-0.09151649475097656,-0.2069566220169463,0.20286938548088074,-0.18833571672439575,-0.2568293333177962,0.1276806890964508,-0.26005494594573975,-0.3060079932337203,0.15027299523353577,-0.3027277886867523,-0.12301645131162786,0.16415593028068542,-0.437171995639801,-0.17802361847213888,0.15619418025016785,-0.5228815823793411,-0.22741928399852895,0.14514127373695374,-0.593829870223999,-0.26317189337066793,0.0745343267917633,-0.3244253098964691,-0.08724231721214437,0.08889815211296082,-0.4720167815685272,-0.13268249930194997,0.08573463559150696,-0.5682527422904968,-0.18081991077713155,0.08260127902030945,-0.6518141329288483,-0.21805575193218374,0.005515247583389282,-0.3192709684371948,-0.06362180860094213,0.0171358585357666,-0.4589654803276062,-0.10230319650224828,0.022203415632247925,-0.5462606102228165,-0.14287173451236868,0.024902254343032837,-0.6153535842895508,-0.17411480547241354,-0.06779918074607849,-0.29630714654922485,-0.05254940391830587,-0.05428150296211243,-0.39945995807647705,-0.08450773061565542,-0.046030133962631226,-0.46819007396698,-0.11049243511013174,-0.037381917238235474,-0.5268823951482773,-0.1324508607511916
B,0.0,0.0,0.0,0.10815048217773438,-0.031052708625793457,-0.12089170117945969,0.21108531951904297,-0.10130339860916138,-0.17856230934233963,0.20403873920440674,-0.20476341247558594,-0.21970329781146347,0.12474024295806885,-0.26856502890586853,-0.26017808516593277,0.15274536609649658,-0.30031806230545044,-0.1038701196488887,0.16389703750610352,-0.4341508746147156,-0.15177215238185227,0.1542034149169922,-0.5184572339057922,-0.19695582588286698,0.1456233263015747,-0.5924225151538849,-0.2311999013003856,0.07955306768417358,-0.3225345313549042,-0.07449077417226135,0.09123611450195312,-0.46741029620170593,-0.11527631779284775,0.085995614528656,-0.5611095726490021,-0.16153446932406723,0.08294254541397095,-0.6454313695430756,-0.19778443475337326,0.013424515724182129,-0.31774887442588806,-0.055521987127974626,0.022470057010650635,-0.45422670245170593,-0.09132008601994812,0.025837957859039307,-0.541755273938179,-0.1310271133956462,0.02788245677947998,-0.6127931177616119,-0.1613017876920253,-0.0573866069316864,-0.2933436632156372,-0.047508898871853944,-0.04553374648094177,-0.39722177386283875,-0.07741956760258972,-0.03885647654533386,-0.4646543860435486,-0.10140272577376663,-0.032089293003082275,-0.5224371552467346,-0.12126791824670136
