label,f0,f1,f2,f3,f4,f5,f6,f7,f8,f9,f10,f11,f12,f13,f14,f15,f16,f17,f18,f19,f20,f21,f22,f23,f24,f25,f26,f27,f28,f29,f30,f31,f32,f33,f34,f35,f36,f37,f38,f39,f40,f41,f42,f43,f44,f45,f46,f47,f48,f49,f50,f51,f52,f53,f54,f55,f56,f57,f58,f59,f60,f61,f62
K,0.0,0.0,0.0,0.09636169672012329,-0.07124346494674683,-0.07164959681279015,0.11306685209274292,-0.21595245599746704,-0.09161012691504311,0.023304998874664307,-0.3261812925338745,-0.10707487982756447,-0.043973565101623535,-0.41147178411483765,-0.11882121187693429,0.10699653625488281,-0.3253527283668518,-0.031152079599564786,0.13943034410476685,-0.4748999774456024,-0.07188851458079171,0.15381914377212524,-0.5722787082195282,-0.096699558916157,0.1651475429534912,-0.6553250253200531,-0.11100449484831643,0.01171863079071045,-0.3167237639427185,-0.030195650430982823,-0.01876002550125122,-0.4858977198600769,-0.08633870703226876,-0.039311885833740234,-0.5931326746940613,-0.12346316945797753,-0.05922746658325195,-0.6790026426315308,-0.1378251321340258,-0.06609240174293518,-0.27018094062805176,-0.037513614418571706,-0.08695852756500244,-0.34703725576400757,-0.13953788650280785,-0.0465756356716156,-0.24045288562774658,-0.15526411009079766,-0.02273651957511902,-0.16886502504348755,-0.13157720935589623,-0.13447633385658264,-0.2034575343132019,-0.047397800507610555,-0.13979411125183105,-0.28138673305511475,-0.1365630037809069,-0.1051638126373291,-0.1943150758743286,-0.1345491118455584,-0.08482038974761963,-0.12898868322372437,-0.10856524181610894
K,0.0,0.0,0.0,0.10021454095840454,-0.07551729679107666,-0.08119177364392272,0.11286342144012451,-0.2158430814743042,-0.10679158859534255,0.020412862300872803,-0.32358264923095703,-0.12643719755692473,-0.05091187357902527,-0.41114121675491333,-0.14167966984791747,0.09931224584579468,-0.343633234500885,-0.03611502342505446,0.1445711851119995,-0.4869576692581177,-0.08107400976700774,0.1649044156074524,-0.5784475207328796,-0.11044784926457396,0.18023818731307983,-0.6600159704685211,-0.1280406221060275,0.0016921162605285645,-0.33179378509521484,-0.031478638878297716,-0.03690025210380554,-0.49932605028152466,-0.09739379130883208,-0.06616532802581787,-0.6041492521762848,-0.14076174341721526,-0.09351301193237305,-0.6906101405620575,-0.15757576667351714,-0.07560178637504578,-0.2800077795982361,-0.03581118502302161,-0.09987401962280273,-0.351520299911499,-0.14965837739987364,-0.05379080772399902,-0.24121558666229248,-0.16864518367333403,-0.02651923894882202,-0.16753900051116943,-0.14381223463101378,-0.14044737815856934,-0.20901262760162354,-0.04297893040461531,-0.14489787817001343,-0.28001195192337036,-0.1423979952244281,-0.10633814334869385,-0.18670344352722168,-0.14295784675164214,-0.08347362279891968,-0.11899089813232422,-0.11608509265465727
K,0.0,0.0,0.0,0.08922934532165527,-0.09286129474639893,-0.06984331250373543,0.09642380475997925,-0.23123806715011597,-0.08756697714511574,0.011720120906829834,-0.3346867859363556,-0.10123766750280083,-0.07204604148864746,-0.40712225437164307,-0.11053522467796029,0.07610532641410828,-0.33613666892051697,-0.01589490451101483,0.10852420330047607,-0.47778645157814026,-0.05531261280361832,0.11937302350997925,-0.5697561502456665,-0.08122340381328286,0.12460833787918091,-0.6500299274921417,-0.09681460797969521,-0.011418133974075317,-0.32132408022880554,-0.014159864524344812,-0.055015742778778076,-0.4850490093231201,-0.0741773673910302,-0.08161884546279907,-0.5870260000228882,-0.11236002832833947,-0.10865974426269531,-0.6689543128013611,-0.12660714030448617,-0.08374640345573425,-0.2688385248184204,-0.021530112029950033,-0.09648725390434265,-0.35170334577560425,-0.12969011604968728,-0.041145846247673035,-0.25133490562438965,-0.14516203642074288,-0.014668494462966919,-0.1814873218536377,-0.11987421453181923,-0.1489296704530716,-0.19872653484344482,-0.031332159193198095,-0.13588160276412964,-0.26964548230171204,-0.12835683465186776,-0.08701440691947937,-0.18780702352523804,-0.1306005173939866,-0.06768140196800232,-0.12737518548965454,-0.10654261499826134
K,0.0,0.0,0.0,0.08601981401443481,-0.09741204977035522,-0.06855480963849914,0.09212008118629456,-0.23592954874038696,-0.08758973921203506,0.007413893938064575,-0.3392243981361389,-0.10261529529952895,-0.07478642463684082,-0.41032713651657104,-0.11353751862907302,0.06771218776702881,-0.33598849177360535,-0.02176718818509471,0.10070908069610596,-0.48187267780303955,-0.0635241105642308,0.11068582534790039,-0.5751875340938568,-0.090201793560027,0.11629924178123474,-0.6566513180732727,-0.10542858237886321,-0.01925143599510193,-0.3213442862033844,-0.019622369059561606,-0.06456547975540161,-0.48741257190704346,-0.08075617844724547,-0.09301088750362396,-0.591696172952652,-0.11890034223461043,-0.11972132325172424,-0.675643265247345,-0.13327436740064513,-0.0918394923210144,-0.26919302344322205,-0.025729261660217162,-0.10379534959793091,-0.35501331090927124,-0.13023803228998077,-0.049183622002601624,-0.2567569613456726,-0.14291447991990935,-0.022244423627853394,-0.1842639446258545,-0.1167298018422116,-0.15670515596866608,-0.19912666082382202,-0.03423713366055381,-0.145095556974411,-0.2747834622859955,-0.12426970744991195,-0.09856158494949341,-0.19570422172546387,-0.12169127757215392,-0.08055302500724792,-0.13318520784378052,-0.09520437414312255
K,0.0,0.0,0.0,0.08547255396842957,-0.09551024436950684,-0.06852308114105199,0.0914706289768219,-0.22988170385360718,-0.0894682799749944,0.006389230489730835,-0.3300958275794983,-0.1062919442825887,-0.07270720601081848,-0.40317562222480774,-0.11900560011201833,0.06707316637039185,-0.33089497685432434,-0.027785595627960902,0.10126259922981262,-0.47493934631347656,-0.07106395264202092,0.11078751087188721,-0.5676161348819733,-0.09755337436729405,0.11548584699630737,-0.6475385129451752,-0.11202258070045445,-0.020470410585403442,-0.3150830864906311,-0.0268199370526645,-0.06377451121807098,-0.4820750951766968,-0.08865232964092229,-0.09145009517669678,-0.5851061940193176,-0.12579208810859654,-0.11717742681503296,-0.6679691672325134,-0.13887848158412908,-0.09290552139282227,-0.26276206970214844,-0.03362762753897641,-0.1034291684627533,-0.34665295481681824,-0.13836296101146672,-0.049496203660964966,-0.2513313591480255,-0.14985621173912023,-0.02213028073310852,-0.18049472570419312,-0.12277151097589467,-0.15794014930725098,-0.191822350025177,-0.042724060016212206,-0.14506667852401733,-0.2665911912918091,-0.13231049676471685,-0.09617067873477936,-0.18979322910308838,-0.1278826465182874,-0.07648086547851562,-0.12818032503128052,-0.0997028147154424
K,0.0,0.0,0.0,0.0829395055770874,-0.09123140573501587,-0.07040026101901731,0.09377455711364746,-0.22747963666915894,-0.09216152194574079,0.011255055665969849,-0.33083388209342957,-0.10936179820134839,-0.07130065560340881,-0.4010242521762848,-0.12238635930850705,0.06775903701782227,-0.33246275782585144,-0.031513456885363667,0.09919309616088867,-0.47753727436065674,-0.07478722992971143,0.10849177837371826,-0.5704293251037598,-0.10103661629989347,0.11437344551086426,-0.6501742899417877,-0.11524656478002271,-0.018488377332687378,-0.316279798746109,-0.029270388816144077,-0.06406673789024353,-0.4825628697872162,-0.09106592151954374,-0.09201416373252869,-0.584794819355011,-0.12790285113885602,-0.11718776822090149,-0.6668284237384796,-0.14088246289327344,-0.08969303965568542,-0.26349225640296936,-0.03463031787111959,-0.10412096977233887,-0.347221702337265,-0.1394034332378169,-0.05000689625740051,-0.2502833306789398,-0.15098504785134992,-0.021242260932922363,-0.17765891551971436,-0.12389489326312741,-0.1539037525653839,-0.19288623332977295,-0.042362314347769825,-0.1445140689611435,-0.2664346992969513,-0.13236244085862836,-0.09506312012672424,-0.18931841850280762,-0.12831533018186292,-0.0737488716840744,-0.127374529838562,-0.10022325131728849
K,0.0,0.0,0.0,0.08546239137649536,-0.0978231430053711,-0.0661216269736542,0.09301650524139404,-0.2332979440689087,-0.08544325488855975,0.011137396097183228,-0.3363388478755951,-0.10095321792414325,-0.06861254572868347,-0.4070798456668854,-0.11257734555056231,0.06600373983383179,-0.33135613799095154,-0.02613274972190993,0.09676331281661987,-0.4778594970703125,-0.06808294016173022,0.10490718483924866,-0.5705608427524567,-0.09342975574782031,0.1102851927280426,-0.6509495079517365,-0.10665613073160785,-0.017237484455108643,-0.3163022994995117,-0.02473676610043185,-0.060381174087524414,-0.4842055141925812,-0.08473583716204303,-0.0902426689863205,-0.5897034704685211,-0.12061492013981479,-0.1162768006324768,-0.6746541857719421,-0.13321075993826526,-0.08721946179866791,-0.2642848789691925,-0.030730843872333935,-0.10012075304985046,-0.34804388880729675,-0.13243360477736132,-0.04695376753807068,-0.2540763020515442,-0.14374956148913043,-0.017573803663253784,-0.1824437975883484,-0.11710354346087115,-0.15100856125354767,-0.19448095560073853,-0.0387529324298157,-0.14204087853431702,-0.2672746479511261,-0.12493656981041568,-0.09222385287284851,-0.1917394995689392,-0.11999688702871936,-0.06970885396003723,-0.13059550523757935,-0.09209169107725756
K,0.0,0.0,0.0,0.0850788950920105,-0.10093557834625244,-0.0625724956061049,0.09295967221260071,-0.23791170120239258,-0.0807340681220694,0.009305030107498169,-0.33615151047706604,-0.09476170089499192,-0.07253903150558472,-0.4013611972332001,-0.1050267830158873,0.06347888708114624,-0.33766359090805054,-0.026889789443771406,0.09629619121551514,-0.4839070737361908,-0.06618377712027268,0.10495695471763611,-0.5744685530662537,-0.09054177400128083,0.11018893122673035,-0.653171956539154,-0.10347750183598237,-0.01970994472503662,-0.32300281524658203,-0.02617765363709168,-0.06397724151611328,-0.48860496282577515,-0.08148792531744675,-0.09123247861862183,-0.5913753807544708,-0.11482013162628846,-0.11618450284004211,-0.6756705939769745,-0.12676150497452454,-0.08862419426441193,-0.2685850262641907,-0.03184862580553727,-0.10327748954296112,-0.3535253703594208,-0.12655484076992707,-0.048088401556015015,-0.2634352445602417,-0.13498097058788971,-0.020034581422805786,-0.1960660219192505,-0.10892707255140976,-0.15041868388652802,-0.1946781873703003,-0.03927528631345467,-0.14733314514160156,-0.2689502537250519,-0.11957024183527665,-0.09699547290802002,-0.19542253017425537,-0.11131497618214325,-0.07579877972602844,-0.13633817434310913,-0.08269842859760956
K,0.0,0.0,0.0,0.08786922693252563,-0.09942644834518433,-0.06408974888745433,0.0929487943649292,-0.2370152473449707,-0.0810733622593034,0.007554471492767334,-0.33867594599723816,-0.09368685248318798,-0.07123833894729614,-0.4066624641418457,-0.10233922663155681,0.06573784351348877,-0.33508849143981934,-0.026149451611672703,0.09927690029144287,-0.4810718894004822,-0.0647382250708688,0.10803842544555664,-0.5719233006238937,-0.08850287261429912,0.1134675145149231,-0.6503188610076904,-0.1009037083667863,-0.017000466585159302,-0.3206861615180969,-0.02361293497506267,-0.058841198682785034,-0.48513197898864746,-0.07890373828831798,-0.08726680278778076,-0.5893566906452179,-0.11286358895722515,-0.11217519640922546,-0.673965185880661,-0.12531718972149974,-0.08630776405334473,-0.2681446373462677,-0.027815710632239643,-0.09969562292098999,-0.3520878255367279,-0.12319863202992565,-0.04561421275138855,-0.2618430554866791,-0.13444699707451946,-0.016066253185272217,-0.19234484434127808,-0.10994535299960262,-0.1488339900970459,-0.19734102487564087,-0.03390227618638164,-0.14197507500648499,-0.2692202627658844,-0.11523475858393795,-0.09335555136203766,-0.19512873888015747,-0.1101667619032014,-0.07108533382415771,-0.1343408226966858,-0.08362444105569011
K,0.0,0.0,0.0,0.08724087476730347,-0.09388887882232666,-0.06832082190658184,0.09560644626617432,-0.23869258165359497,-0.08624332019235226,0.010011374950408936,-0.34214457869529724,-0.09885538735534283,-0.07048580050468445,-0.4139598608016968,-0.10729977854634853,0.06807911396026611,-0.33621639013290405,-0.03165802725698086,0.09474903345108032,-0.48454391956329346,-0.07184246548558804,0.1022154688835144,-0.5766772031784058,-0.09525786706353756,0.10870587825775146,-0.6549763381481171,-0.1068236789956245,-0.017515331506729126,-0.3201912045478821,-0.02842168689812752,-0.06281542778015137,-0.48887866735458374,-0.08287500211145016,-0.09062051773071289,-0.5936015248298645,-0.11510284611131283,-0.11496475338935852,-0.6763050556182861,-0.12583823123122784,-0.08886867761611938,-0.26736295223236084,-0.032695051218524895,-0.101767897605896,-0.3514266014099121,-0.13000651815082165,-0.04509422183036804,-0.25786811113357544,-0.14167856791164013,-0.015287637710571289,-0.18758845329284668,-0.1164771802082214,-0.15312519669532776,-0.1972726583480835,-0.03915150084640118,-0.14384640753269196,-0.27109071612358093,-0.12283279367829891,-0.09389227628707886,-0.194488525390625,-0.1182191036000404,-0.07271260023117065,-0.1329798698425293,-0.09137650945331188
K,0.0,0.0,0.0,0.08500945568084717,-0.09625095129013062,-0.06697470644098757,0.09028083086013794,-0.2317875623703003,-0.0869607622323656,0.005556166172027588,-0.3297713100910187,-0.101559765130105,-0.07302042841911316,-0.39941784739494324,-0.11191920885426043,0.059433162212371826,-0.326041579246521,-0.033681749790730464,0.09124058485031128,-0.4731927514076233,-0.07391340979916095,0.1001126766204834,-0.5637428462505341,-0.09742741236073016,0.10541045665740967,-0.6420429348945618,-0.10936076888424395,-0.023077547550201416,-0.3106040060520172,-0.03121557781082629,-0.06788972020149231,-0.4782075881958008,-0.08712984570843219,-0.09592944383621216,-0.58292156457901,-0.12072727778536319,-0.12144246697425842,-0.6697151958942413,-0.13259329596144198,-0.09105348587036133,-0.2565188407897949,-0.035313635557713496,-0.10499361157417297,-0.3422563970088959,-0.1318603227434778,-0.049510031938552856,-0.2504655718803406,-0.14142868617159365,-0.021257072687149048,-0.18282365798950195,-0.1152430246172571,-0.15149058401584625,-0.18368101119995117,-0.041335269301953304,-0.14742806553840637,-0.2600194811820984,-0.12337624976021289,-0.09603139758110046,-0.18579554557800293,-0.11591289886814593,-0.0741567313671112,-0.12589526176452637,-0.08721736022812365
K,0.0,0.0,0.0,0.08653834462165833,-0.09707391262054443,-0.06620297425604349,0.09223398566246033,-0.23869389295578003,-0.08465684794998651,0.00836893916130066,-0.34126099944114685,-0.098690359231,-0.0720180869102478,-0.4128272533416748,-0.10883944326258188,0.06021738052368164,-0.3372584283351898,-0.02960212745881563,0.09050986170768738,-0.48546385765075684,-0.07080302232122904,0.099266916513443,-0.576560378074646,-0.09501283460474497,0.10548633337020874,-0.6546465158462524,-0.10682745122528559,-0.023437291383743286,-0.32220014929771423,-0.0277560058347035,-0.06735223531723022,-0.4914388060569763,-0.08275072121239191,-0.09720918536186218,-0.5964896827936172,-0.11475800567484384,-0.12358993291854858,-0.680189311504364,-0.1252064838371325,-0.09310358762741089,-0.26854845881462097,-0.033310918446545656,-0.10775682330131531,-0.35552361607551575,-0.13148064756012445,-0.049358516931533813,-0.2610543966293335,-0.14213371121502405,-0.017211735248565674,-0.18901711702346802,-0.11576913886881357,-0.15555164217948914,-0.19537633657455444,-0.040822288330559786,-0.14680689573287964,-0.26792284846305847,-0.12476306998348718,-0.0923222005367279,-0.19270092248916626,-0.11915498816586023,-0.06620723009109497,-0.13062119483947754,-0.09119493358946329
K,0.0,0.0,0.0,0.0981830358505249,-0.06646406650543213,-0.0823108682907332,0.11415231227874756,-0.2075129747390747,-0.10912619331247697,0.01828080415725708,-0.3162294626235962,-0.12974300035602937,-0.05723276734352112,-0.3993035554885864,-0.14606659659511934,0.10338461399078369,-0.3392943739891052,-0.040169803289245465,0.1460411548614502,-0.4804520010948181,-0.08793883570797334,0.1675085425376892,-0.5734869241714478,-0.11883539506561647,0.18211251497268677,-0.6540289223194122,-0.1372417415059317,0.003344118595123291,-0.3298947215080261,-0.035998778281282284,-0.036460280418395996,-0.4944002628326416,-0.10660495409138093,-0.06599140167236328,-0.5966154932975769,-0.15294117280609498,-0.09652405977249146,-0.6791468560695648,-0.17058086940414796,-0.07627928256988525,-0.2782794237136841,-0.040432615069221356,-0.09812134504318237,-0.34288036823272705,-0.15536396750576387,-0.05228164792060852,-0.23314839601516724,-0.17520580240852723,-0.02527746558189392,-0.16129684448242188,-0.15081441947586427,-0.1432717740535736,-0.20701450109481812,-0.047872630742858746,-0.1462951898574829,-0.27252626419067383,-0.1468327994025458,-0.10709267854690552,-0.18082976341247559,-0.14747396656639467,-0.08419185876846313,-0.1155855655670166,-0.12061410942442308
K,0.0,0.0,0.0,0.08480110764503479,-0.10324865579605103,-0.06444191776427033,0.08920019865036011,-0.24061322212219238,-0.08337701700838807,0.005166798830032349,-0.33793410658836365,-0.09800340824040177,-0.07468739151954651,-0.40649229288101196,-0.10886461876543763,0.05592724680900574,-0.3355794847011566,-0.030326642396175885,0.08480960130691528,-0.48266661167144775,-0.07255992882164719,0.09266278147697449,-0.5744546949863434,-0.09801344417246582,0.09691837430000305,-0.653586357831955,-0.11103710375937226,-0.026813089847564697,-0.31843867897987366,-0.029608030172312283,-0.07301223278045654,-0.4858601689338684,-0.08765100531491044,-0.10106423497200012,-0.590064287185669,-0.12245501421602967,-0.1272638738155365,-0.6762556433677673,-0.13500869862946274,-0.09534293413162231,-0.26223963499069214,-0.03557352565439942,-0.10591527819633484,-0.3492308259010315,-0.1332564710846782,-0.047533243894577026,-0.26052314043045044,-0.14281151287468674,-0.01855790615081787,-0.19507408142089844,-0.11661960773380997,-0.15673895180225372,-0.18708497285842896,-0.04331507377537491,-0.1483483612537384,-0.2650657296180725,-0.1247989668718219,-0.09443411231040955,-0.19299644231796265,-0.1165577604642749,-0.07275950908660889,-0.13486182689666748,-0.08765171312006714
K,0.0,0.0,0.0,0.08725166320800781,-0.08750343322753906,-0.06943285292470591,0.09732359647750854,-0.2316056489944458,-0.08755115991914408,0.012410163879394531,-0.3315027058124542,-0.09944566911542552,-0.06900954246520996,-0.3984382152557373,-0.10731378769958155,0.06092870235443115,-0.33256590366363525,-0.035885719717384745,0.08953550457954407,-0.48177459836006165,-0.07647991007650035,0.09795135259628296,-0.5745574086904526,-0.10017166858995097,0.10179156064987183,-0.6526050567626953,-0.11179704046332972,-0.022175461053848267,-0.314991295337677,-0.03174306652033465,-0.06933602690696716,-0.48464828729629517,-0.08563292598807948,-0.09567463397979736,-0.588856428861618,-0.11712034618938105,-0.12016266584396362,-0.6729133427143097,-0.12740066474759715,-0.08984556794166565,-0.2605855464935303,-0.03471100530111926,-0.10122951865196228,-0.3433187007904053,-0.13090383833730357,-0.04415470361709595,-0.2552006244659424,-0.1419898701318516,-0.015645831823349,-0.18924164772033691,-0.11698365783774989,-0.15011215209960938,-0.18981397151947021,-0.03983262381041186,-0.13936126232147217,-0.2598833441734314,-0.12299658185327189,-0.08698758482933044,-0.18613219261169434,-0.11777205592477458,-0.06484171748161316,-0.12652170658111572,-0.09071741825425761
K,0.0,0.0,0.0,0.08543303608894348,-0.09726470708847046,-0.06863677957335312,0.09874829649925232,-0.23549902439117432,-0.08890305915156205,0.013976335525512695,-0.3375157415866852,-0.10432626017609437,-0.06852096319198608,-0.40558186173439026,-0.11638441392460663,0.059698790311813354,-0.32860735058784485,-0.034234457549246144,0.08788803219795227,-0.47814738750457764,-0.07778723248520691,0.09728667140007019,-0.5727635025978088,-0.10315884360352356,0.1041843593120575,-0.6523441672325134,-0.11494522252360184,-0.022776007652282715,-0.310998797416687,-0.031262093123586965,-0.06800922751426697,-0.4830482602119446,-0.08829503217020829,-0.09474384784698486,-0.5901920795440674,-0.12167967566529114,-0.11809656023979187,-0.6770873963832855,-0.1324289635686,-0.09111994504928589,-0.25780272483825684,-0.03557942518273194,-0.09909150004386902,-0.3445197343826294,-0.13460095682421525,-0.04431194067001343,-0.2542726397514343,-0.1454108552006801,-0.016239821910858154,-0.18550610542297363,-0.11860875495949585,-0.1534637212753296,-0.18636345863342285,-0.04183258944431145,-0.14244017004966736,-0.26472437381744385,-0.12425019302645524,-0.08943375945091248,-0.1931639313697815,-0.11647470751086075,-0.06573984026908875,-0.13222581148147583,-0.0866933138040622
K,0.0,0.0,0.0,0.08409374952316284,-0.09872257709503174,-0.06712308316002691,0.09324699640274048,-0.24057966470718384,-0.08599662570725286,0.00996696949005127,-0.3462372422218323,-0.1011119389391979,-0.06927630305290222,-0.4190896153450012,-0.11258177249203527,0.06068903207778931,-0.33462250232696533,-0.029466626927955986,0.08491462469100952,-0.48538917303085327,-0.07514337985287511,0.0922393798828125,-0.580566868185997,-0.10267758904467428,0.09817737340927124,-0.6617764532566071,-0.11597008048067892,-0.02344837784767151,-0.3176421523094177,-0.02791915810178125,-0.07000380754470825,-0.4909343719482422,-0.08704344718228185,-0.09881988167762756,-0.599393755197525,-0.12209632037649953,-0.122598797082901,-0.6867441833019257,-0.13387417583237493,-0.09405297040939331,-0.2651463747024536,-0.03425237698922956,-0.10296529531478882,-0.3489055335521698,-0.13480856804619634,-0.047990113496780396,-0.259244441986084,-0.14738961844216192,-0.0181962251663208,-0.18943220376968384,-0.12140987603436315,-0.15884122252464294,-0.1946333646774292,-0.04276545508275831,-0.14553681015968323,-0.2695147395133972,-0.12586346058617437,-0.09372603893280029,-0.19771021604537964,-0.11963753192196691,-0.07084852457046509,-0.13585132360458374,-0.09095623879204595
K,0.0,0.0,0.0,0.08705136179924011,-0.0977216362953186,-0.06630108954982461,0.094419926404953,-0.23679614067077637,-0.08588479163722695,0.013450086116790771,-0.3421555459499359,-0.10190666916446389,-0.06484037637710571,-0.4143834710121155,-0.11409743579702081,0.06141325831413269,-0.3304141163825989,-0.03252183350400628,0.08641919493675232,-0.48120081424713135,-0.07730573120193185,0.09344145655632019,-0.5746703743934631,-0.103095632816121,0.09970840811729431,-0.6550356447696686,-0.1156339839346856,-0.021934419870376587,-0.3139377534389496,-0.031491779560610667,-0.06727856397628784,-0.48835641145706177,-0.0924033195026368,-0.0955301821231842,-0.5950282216072083,-0.12772811653690042,-0.11775323748588562,-0.6801071166992188,-0.13955361845569314,-0.0922929048538208,-0.2612645626068115,-0.03772456648425759,-0.09928125143051147,-0.3465498983860016,-0.13970672788695992,-0.046383798122406006,-0.2524678111076355,-0.151860800410077,-0.016961365938186646,-0.18052631616592407,-0.1254303723819703,-0.15718957781791687,-0.1912584900856018,-0.045975257480904475,-0.1429239809513092,-0.26388829946517944,-0.13038286271171273,-0.09148555994033813,-0.191353440284729,-0.12537739875392617,-0.06748148798942566,-0.13200193643569946,-0.09759999516086282
K,0.0,0.0,0.0,0.09004440903663635,-0.08992993831634521,-0.07017369225002312,0.09826400876045227,-0.23532378673553467,-0.09013065352417016,0.01414993405342102,-0.3380262553691864,-0.10399853094793343,-0.06591755151748657,-0.40901267528533936,-0.11358028306938195,0.056576699018478394,-0.3279281556606293,-0.04196980624772095,0.08496049046516418,-0.4815881550312042,-0.08316364541030907,0.09297701716423035,-0.5762196928262711,-0.1061362962362864,0.09755399823188782,-0.6564741134643555,-0.11733610584713006,-0.0263347327709198,-0.3122706115245819,-0.037908420258531805,-0.0701894462108612,-0.48647814989089966,-0.09190605237461114,-0.09731635451316833,-0.5954917669296265,-0.12314495100952172,-0.12296375632286072,-0.6825411319732666,-0.13394106581188225,-0.09581789374351501,-0.2611490488052368,-0.040711559647093054,-0.10442575812339783,-0.34954795241355896,-0.13625184848285699,-0.04636654257774353,-0.260525643825531,-0.14794015541053795,-0.016904741525650024,-0.19190144538879395,-0.12389544799304986,-0.1587333381175995,-0.1930885910987854,-0.04577928810692811,-0.1399804651737213,-0.26535534858703613,-0.12731797649837517,-0.08552098274230957,-0.1936817169189453,-0.12325365498043084,-0.061258018016815186,-0.1339377760887146,-0.09783517971015954
K,0.0,0.0,0.0,0.08898818492889404,-0.0964432954788208,-0.06949468413483828,0.09385538101196289,-0.23881542682647705,-0.09063505092751711,0.013155758380889893,-0.34143489599227905,-0.10621631601941317,-0.06625166535377502,-0.4141313433647156,-0.11724418858182162,0.055335164070129395,-0.33432233333587646,-0.0412046060909006,0.08407533168792725,-0.48733991384506226,-0.08381927469861239,0.09082138538360596,-0.5820508897304535,-0.10751803675782412,0.09505486488342285,-0.662692129611969,-0.11907353708636492,-0.0286388099193573,-0.31769758462905884,-0.03816182995331019,-0.07153475284576416,-0.49201831221580505,-0.0966296092618677,-0.09871381521224976,-0.6007344424724579,-0.13005779394995898,-0.12329345941543579,-0.6871022284030914,-0.14169539222609728,-0.09948715567588806,-0.2641734480857849,-0.04181403378140658,-0.10719168186187744,-0.35032328963279724,-0.14068992147338122,-0.04818671941757202,-0.2606421709060669,-0.15212061712634295,-0.01686200499534607,-0.19215863943099976,-0.12704239497077197,-0.1629483699798584,-0.19386279582977295,-0.04763421872746676,-0.14457988739013672,-0.2661336064338684,-0.13077687928569048,-0.08764997124671936,-0.1954668164253235,-0.12616704115760058,-0.062456488609313965,-0.13788384199142456,-0.09994137743603915
K,0.0,0.0,0.0,0.09104692935943604,-0.10044705867767334,-0.06929463776646116,0.09345495700836182,-0.24255681037902832,-0.09081868710813978,0.013600170612335205,-0.3477921783924103,-0.10837611439524153,-0.06604921817779541,-0.42421793937683105,-0.12114548566637495,0.05564397573471069,-0.33976709842681885,-0.03566987695990065,0.08580130338668823,-0.49325618147850037,-0.08128145220575789,0.0936322808265686,-0.5891018956899643,-0.10692014428673247,0.10010504722595215,-0.670350581407547,-0.11891982587872008,-0.02806311845779419,-0.32411670684814453,-0.03353773685989836,-0.07010161876678467,-0.499641090631485,-0.09657976659832457,-0.09784126281738281,-0.610434964299202,-0.13195765646992186,-0.12130516767501831,-0.6959177255630493,-0.14377594622669676,-0.09980839490890503,-0.2716861367225647,-0.03895969199834326,-0.10496550798416138,-0.3554137051105499,-0.14426547917423704,-0.04398229718208313,-0.2629495859146118,-0.15695426496563414,-0.010021388530731201,-0.18959903717041016,-0.12993193301258543,-0.16523128747940063,-0.20241981744766235,-0.046473468419890196,-0.14276191592216492,-0.2771231532096863,-0.1327180627256439,-0.08534982800483704,-0.20360231399536133,-0.1279437455802963,-0.05982854962348938,-0.14016175270080566,-0.10018017771540144
K,0.0,0.0,0.0,0.09301650524139404,-0.09680706262588501,-0.07163127362468913,0.09852296113967896,-0.2461051344871521,-0.09203272908666804,0.017701685428619385,-0.3569299876689911,-0.10760591774919703,-0.06212860345840454,-0.43741291761398315,-0.11799931376913264,0.060930609703063965,-0.34506502747535706,-0.036692915854246166,0.08951276540756226,-0.5035288333892822,-0.08112481087187007,0.09748929738998413,-0.6007475256919861,-0.10531273334959224,0.10385888814926147,-0.6836877167224884,-0.11651255786159709,-0.02461332082748413,-0.3308883011341095,-0.03289142846801951,-0.06476143002510071,-0.510059654712677,-0.09522036313751414,-0.09308484196662903,-0.6227139234542847,-0.13030195086935237,-0.1184418797492981,-0.7091185748577118,-0.1416771545980282,-0.09815925359725952,-0.2797020673751831,-0.03684585392215922,-0.1048693060874939,-0.36836880445480347,-0.14406087845304683,-0.045057475566864014,-0.27095091342926025,-0.15861438065508082,-0.013423800468444824,-0.19606894254684448,-0.13209894150236323,-0.16375917196273804,-0.21157467365264893,-0.042788053301364926,-0.1405629813671112,-0.2871032953262329,-0.1320505574319668,-0.08411720395088196,-0.209538996219635,-0.12963901310899928,-0.060598522424697876,-0.14479273557662964,-0.10299981981256678
K,0.0,0.0,0.0,0.09031563997268677,-0.09658873081207275,-0.07410321970667155,0.09491926431655884,-0.24579060077667236,-0.0972477703281811,0.010555684566497803,-0.3519536554813385,-0.11414835442985805,-0.06978628039360046,-0.4313887655735016,-0.12572003741945537,0.05735522508621216,-0.34776705503463745,-0.045438999582188444,0.08650237321853638,-0.5061016082763672,-0.0899228437730244,0.09360915422439575,-0.6025669872760773,-0.11342952241386683,0.09869033098220825,-0.6854599714279175,-0.12460885037864955,-0.03073197603225708,-0.33162230253219604,-0.04146955003227504,-0.07415130734443665,-0.5125865340232849,-0.10351222594465526,-0.10189449787139893,-0.6236601173877716,-0.13742348392690928,-0.12741035223007202,-0.7107704877853394,-0.14837653775896342,-0.10476946830749512,-0.27695560455322266,-0.04464003284658702,-0.11128979921340942,-0.36848652362823486,-0.1492831840106419,-0.048154592514038086,-0.2695366144180298,-0.16024151285375865,-0.014592468738555908,-0.19482100009918213,-0.13267132480825694,-0.16918742656707764,-0.20551443099975586,-0.05012417798127444,-0.14702412486076355,-0.2813194990158081,-0.1373905374595097,-0.08908706903457642,-0.20449650287628174,-0.13247296055044444,-0.06529992818832397,-0.1432812213897705,-0.10479941060032161
K,0.0,0.0,0.0,0.10566020011901855,-0.05811983346939087,-0.08528624131258766,0.12503749132156372,-0.19934958219528198,-0.11241524322804253,0.023079872131347656,-0.3065844178199768,-0.13162946357306282,-0.054228276014328,-0.3891565799713135,-0.14642953528937142,0.10502058267593384,-0.3275492787361145,-0.045189071734512254,0.15010708570480347,-0.47252610325813293,-0.09199314220722954,0.17107129096984863,-0.5643798112869263,-0.12080509616907875,0.18540918827056885,-0.6438891291618347,-0.13738432182844917,0.005896270275115967,-0.31833791732788086,-0.0381515177982692,-0.03528490662574768,-0.48399245738983154,-0.1044821928339843,-0.06403887271881104,-0.5861318707466125,-0.14763784064825813,-0.09274879097938538,-0.6705930531024933,-0.16388179018076698,-0.07056275010108948,-0.2688193917274475,-0.03970383508976738,-0.09230193495750427,-0.3320222496986389,-0.15354384138163368,-0.043466806411743164,-0.22288227081298828,-0.17226956440981667,-0.015210241079330444,-0.1515868902206421,-0.14735002471979897,-0.13498705625534058,-0.1998426914215088,-0.04404587699946205,-0.13719210028648376,-0.26464974880218506,-0.1441131497817878,-0.09600025415420532,-0.1701347827911377,-0.14404502167280953,-0.07207125425338745,-0.10179930925369263,-0.1162983144718055
K,0.0,0.0,0.0,0.09383654594421387,-0.10057240724563599,-0.06810409656054617,0.09616714715957642,-0.24327915906906128,-0.08931875309235693,0.013033092021942139,-0.34959468245506287,-0.1071914814997399,-0.06509172916412354,-0.42752310633659363,-0.12089126637465597,0.06349754333496094,-0.34640032052993774,-0.035633520095416316,0.09226131439208984,-0.5007554888725281,-0.08175981870181204,0.09881925582885742,-0.597554475069046,-0.1078630917359078,0.10459911823272705,-0.6809996068477631,-0.12082496365792394,-0.024103641510009766,-0.32722562551498413,-0.035608381836482295,-0.06879794597625732,-0.504538357257843,-0.10023607393986822,-0.09676292538642883,-0.614830493927002,-0.1375012629318917,-0.11923360824584961,-0.7023289501667023,-0.15028338959700704,-0.09855401515960693,-0.2696554660797119,-0.04283056488520742,-0.10583281517028809,-0.35755813121795654,-0.15061148336417318,-0.04643833637237549,-0.25936901569366455,-0.16351442864424826,-0.013509690761566162,-0.18427032232284546,-0.13590700259692312,-0.16525644063949585,-0.194230318069458,-0.051820889918872126,-0.1519494354724884,-0.27474528551101685,-0.14123278191573263,-0.09445074200630188,-0.20014029741287231,-0.13633949389941336,-0.0667245090007782,-0.13745975494384766,-0.10751362970358969
K,0.0,0.0,0.0,0.08990257978439331,-0.09962868690490723,-0.07234260311929575,0.0999155044555664,-0.24198615550994873,-0.09591492882577768,0.01008671522140503,-0.34851494431495667,-0.11510242393819681,-0.07358509302139282,-0.4248357117176056,-0.1301841797551333,0.06152820587158203,-0.3474451005458832,-0.03472434973923555,0.09499502182006836,-0.501206636428833,-0.08377866319028726,0.10540205240249634,-0.6012237966060638,-0.11259741208164087,0.11160242557525635,-0.6855088472366333,-0.1267088266333758,-0.02729398012161255,-0.32854267954826355,-0.03332002705542436,-0.07090678811073303,-0.5074507594108582,-0.099042928429526,-0.09519430994987488,-0.6180745661258698,-0.1367427917441546,-0.11744561791419983,-0.7070105373859406,-0.14887940010635248,-0.10026612877845764,-0.2714880704879761,-0.03984045481888643,-0.10905000567436218,-0.35978418588638306,-0.1503790529689013,-0.05025297403335571,-0.25902533531188965,-0.1615845622739016,-0.018603205680847168,-0.18268340826034546,-0.1314038994034945,-0.165785551071167,-0.19412833452224731,-0.048331613304299026,-0.1533864140510559,-0.2757378816604614,-0.13962999603359094,-0.09838956594467163,-0.1960606575012207,-0.1316376092156588,-0.0739080011844635,-0.12927842140197754,-0.09924337139932504
K,0.0,0.0,0.0,0.08994930982589722,-0.0979912281036377,-0.07222107327334015,0.09886270761489868,-0.24307674169540405,-0.09374945140234558,0.0084000825881958,-0.3490067720413208,-0.10982537544123261,-0.07407110929489136,-0.42500460147857666,-0.12147553539625733,0.06619465351104736,-0.35037025809288025,-0.0366265689467582,0.09870094060897827,-0.505725234746933,-0.0810831738149318,0.1082988977432251,-0.6035717725753784,-0.10700790858618348,0.11412495374679565,-0.6860171556472778,-0.11952971196524231,-0.021862447261810303,-0.33236438035964966,-0.03364620259753792,-0.06557345390319824,-0.5109575390815735,-0.09287510341755478,-0.0911715030670166,-0.6230222582817078,-0.12804278260819046,-0.11434966325759888,-0.711977630853653,-0.13978020376316636,-0.09493359923362732,-0.2747865915298462,-0.0380773534511718,-0.10780540108680725,-0.3603302240371704,-0.14049030369869797,-0.049102842807769775,-0.2635968327522278,-0.1517475796376857,-0.01712930202484131,-0.18934041261672974,-0.12416660315147965,-0.16025865077972412,-0.197992742061615,-0.0447352742289695,-0.1531865894794464,-0.27728980779647827,-0.13062688237778275,-0.10001108050346375,-0.1991092562675476,-0.12276154286018937,-0.07599610090255737,-0.13368338346481323,-0.0920358327662143
K,0.0,0.0,0.0,0.09427452087402344,-0.09925121068954468,-0.07054722985742501,0.10624778270721436,-0.24726897478103638,-0.08995907685277871,0.01695704460144043,-0.35396847128868103,-0.10422287067888192,-0.06578946113586426,-0.4324949383735657,-0.11369674584386757,0.07383930683135986,-0.360768586397171,-0.030452463091592108,0.10983169078826904,-0.5163224339485168,-0.07187002083776406,0.12112629413604736,-0.6136145293712616,-0.09595728597162179,0.12993961572647095,-0.6973575055599213,-0.10801111838338784,-0.01562488079071045,-0.3453730046749115,-0.02813362820563725,-0.05421823263168335,-0.5218773484230042,-0.08818886360643319,-0.07918000221252441,-0.6335933208465576,-0.1248915337633889,-0.1013561487197876,-0.7251809537410736,-0.13791257819650582,-0.09007596969604492,-0.2883567214012146,-0.033015511245707785,-0.10071119666099548,-0.374822735786438,-0.1375774212789338,-0.04561972618103027,-0.2740814685821533,-0.1497367539119523,-0.016712486743927002,-0.2011774182319641,-0.12260035356996468,-0.15602272748947144,-0.21148377656936646,-0.03979420966027192,-0.1479947865009308,-0.28924864530563354,-0.12836945733545235,-0.09546968340873718,-0.20690560340881348,-0.12199906191347054,-0.07334047555923462,-0.14287668466567993,-0.09239616921661309
K,0.0,0.0,0.0,0.09695863723754883,-0.09897983074188232,-0.07287325649826926,0.10874199867248535,-0.25017309188842773,-0.09527683942883414,0.021779894828796387,-0.36153358221054077,-0.11342966496317786,-0.060727059841156006,-0.4469381272792816,-0.12641704022257727,0.08031237125396729,-0.3646943271160126,-0.031922425472430405,0.11617183685302734,-0.5205277800559998,-0.07682825564711493,0.1281833052635193,-0.6184835433959961,-0.10316953747837943,0.13880473375320435,-0.7035845518112183,-0.11742646931975287,-0.01254260540008545,-0.3504981994628906,-0.03133047311871451,-0.05189460515975952,-0.5325632095336914,-0.09688955485194128,-0.07579058408737183,-0.6458618640899658,-0.13676641821234625,-0.09769034385681152,-0.7353044152259827,-0.1515058273014347,-0.09133350849151611,-0.29428452253341675,-0.03863180368512076,-0.10356900095939636,-0.38418808579444885,-0.14909918546049994,-0.04557216167449951,-0.2803345322608948,-0.16266091107695502,-0.0153656005859375,-0.20324265956878662,-0.13537673591940802,-0.16161417961120605,-0.21832847595214844,-0.04826930105059546,-0.14844733476638794,-0.29898351430892944,-0.14204256176321906,-0.09417879581451416,-0.21588271856307983,-0.13786479770510596,-0.07153719663619995,-0.14978432655334473,-0.10911969780295294
K,0.0,0.0,0.0,0.09758996963500977,-0.0969003438949585,-0.07565638198707347,0.11117303371429443,-0.24509352445602417,-0.09905396922681575,0.019073069095611572,-0.352563738822937,-0.11725096180293804,-0.06516146659851074,-0.435570627450943,-0.13026784136150127,0.080852210521698,-0.363860547542572,-0.03366028293226009,0.1158745288848877,-0.521056741476059,-0.07806584014747386,0.1291995644569397,-0.6202715039253235,-0.10417151971910243,0.13942837715148926,-0.705959141254425,-0.11831082924459224,-0.011816203594207764,-0.34745684266090393,-0.031987322114446215,-0.05279761552810669,-0.526176929473877,-0.09586200638864284,-0.07608973979949951,-0.6375755965709686,-0.13515886440131908,-0.0997362732887268,-0.7283483743667603,-0.14962303414199596,-0.08844447135925293,-0.2889114022254944,-0.03836477323625331,-0.10236012935638428,-0.37536296248435974,-0.14947528912875896,-0.042754292488098145,-0.2694470286369324,-0.16223482563350444,-0.013274192810058594,-0.19442784786224365,-0.1340138889775062,-0.1571521759033203,-0.20970070362091064,-0.04715209975097423,-0.15036743879318237,-0.2913396954536438,-0.14274395778033977,-0.09547054767608643,-0.20635086297988892,-0.13752315714214092,-0.07386523485183716,-0.14012223482131958,-0.10745257660005336
K,0.0,0.0,0.0,0.09907275438308716,-0.10312467813491821,-0.07636139166856992,0.10785716772079468,-0.2553781270980835,-0.0972909368326782,0.011726796627044678,-0.3642694354057312,-0.11233109605814207,-0.07644087076187134,-0.4447605609893799,-0.12211039287353742,0.07483333349227905,-0.3685063123703003,-0.02926621397341478,0.1120760440826416,-0.5296371579170227,-0.0701741389682411,0.12251311540603638,-0.6292760074138641,-0.09415040535236585,0.13042348623275757,-0.7162318825721741,-0.10693436486030805,-0.01741582155227661,-0.3527408540248871,-0.025339018528711676,-0.05911630392074585,-0.5319503545761108,-0.08736116064096677,-0.08533591032028198,-0.6446906924247742,-0.12516884875799406,-0.10899251699447632,-0.7373327612876892,-0.1387461758902191,-0.09284687042236328,-0.2944997549057007,-0.02956121784950483,-0.10760226845741272,-0.38575735688209534,-0.13924932849909055,-0.0480198860168457,-0.2789050340652466,-0.15092543137575376,-0.017051517963409424,-0.20182985067367554,-0.1220624781897186,-0.15974289178848267,-0.21574944257736206,-0.036137156163704276,-0.15553018450737,-0.29946476221084595,-0.130380202059996,-0.10114046931266785,-0.2123352289199829,-0.12444816154743421,-0.07822763919830322,-0.14389872550964355,-0.09414822233225095
K,0.0,0.0,0.0,0.0964098572731018,-0.10371983051300049,-0.07561063155708325,0.10475152730941772,-0.254395067691803,-0.09856116160926831,0.007214784622192383,-0.359584242105484,-0.11673282221136105,-0.08160436153411865,-0.4383193850517273,-0.13004963234243405,0.0752597451210022,-0.3771504759788513,-0.029290422277426842,0.10739660263061523,-0.5338694453239441,-0.07410582289276135,0.11868596076965332,-0.6349180936813354,-0.10176051542339337,0.12689310312271118,-0.7210417091846466,-0.1165120540576936,-0.01994234323501587,-0.3571106493473053,-0.02856733039197934,-0.06458413600921631,-0.534523606300354,-0.0920427827554704,-0.0916021466255188,-0.6472991406917572,-0.131304846556759,-0.11637258529663086,-0.7386631071567535,-0.14503757789907468,-0.09733551740646362,-0.29544079303741455,-0.03650979459462178,-0.11354798078536987,-0.38144639134407043,-0.14969153836545956,-0.05280756950378418,-0.27290236949920654,-0.1627588136511804,-0.02041018009185791,-0.19531792402267456,-0.13321554795084012,-0.16542232036590576,-0.21185195446014404,-0.04681521788415921,-0.16337013244628906,-0.29472410678863525,-0.14318213001070035,-0.10877212882041931,-0.2077465057373047,-0.13677689567384732,-0.08485084772109985,-0.13879519701004028,-0.10499134048995984
K,0.0,0.0,0.0,0.10068517923355103,-0.09734129905700684,-0.08057928117625579,0.11073970794677734,-0.24389660358428955,-0.10655064913146362,0.01065295934677124,-0.3480660319328308,-0.12692176582925185,-0.07947021722793579,-0.42858895659446716,-0.1422979164373146,0.08177173137664795,-0.371867835521698,-0.03324295985214576,0.11428266763687134,-0.5305758416652679,-0.08086573364846572,0.12352246046066284,-0.6345543563365936,-0.11055297436826095,0.12821060419082642,-0.7237316071987152,-0.12691759350411758,-0.01578199863433838,-0.3522661030292511,-0.03192457961552009,-0.06060153245925903,-0.5298265814781189,-0.09892594846598968,-0.08841156959533691,-0.6438139379024506,-0.1397288519393669,-0.11581039428710938,-0.7365207970142365,-0.1538914221774803,-0.09394288063049316,-0.2901797294616699,-0.0398501645278202,-0.11350637674331665,-0.37346237897872925,-0.15868160905949935,-0.051087260246276855,-0.2611704468727112,-0.1710549223672615,-0.017875075340270996,-0.18381094932556152,-0.13910196008794173,-0.1618025302886963,-0.2054070234298706,-0.050502255881951896,-0.1620229184627533,-0.285905122756958,-0.15229664030186996,-0.10750147700309753,-0.19523698091506958,-0.1462421942006813,-0.08366400003433228,-0.12482744455337524,-0.11327077480666503
K,0.0,0.0,0.0,0.10289877653121948,-0.0929308533668518,-0.08332328501307984,0.11140137910842896,-0.24361306428909302,-0.10877631607615967,0.008999645709991455,-0.3479435443878174,-0.12750711294972916,-0.08429628610610962,-0.427108496427536,-0.14123006913030167,0.08258569240570068,-0.37320077419281006,-0.03785234320127984,0.11495721340179443,-0.5330949425697327,-0.08425027134978791,0.12335324287414551,-0.6388292908668518,-0.11268193277680894,0.12767457962036133,-0.7280595898628235,-0.12815170738065262,-0.017248094081878662,-0.3526060879230499,-0.034318044811129766,-0.06265723705291748,-0.5293424427509308,-0.09933289143407364,-0.09034645557403564,-0.643719494342804,-0.13814184817636033,-0.11792415380477905,-0.735665500164032,-0.15113387259805222,-0.09653276205062866,-0.2902263402938843,-0.04011566567385216,-0.11843964457511902,-0.3731420934200287,-0.1588648036416771,-0.05028223991394043,-0.26267552375793457,-0.17276575419271012,-0.013881027698516846,-0.18500959873199463,-0.14191558214986344,-0.16551709175109863,-0.20570755004882812,-0.04866662624442597,-0.16347259283065796,-0.2858603596687317,-0.1522875503000023,-0.10394531488418579,-0.19688266515731812,-0.14892757686936875,-0.0777437686920166,-0.12691813707351685,-0.11775438490474244
K,0.0,0.0,0.0,0.10634687542915344,-0.059455275535583496,-0.08335815620318954,0.12676873803138733,-0.20187681913375854,-0.10928214591638152,0.027712374925613403,-0.31103527545928955,-0.12795262288943832,-0.05057448148727417,-0.3926692008972168,-0.1424400682439,0.10759159922599792,-0.3341211676597595,-0.041136852173963234,0.151900976896286,-0.4758020043373108,-0.08632520836488311,0.172348290681839,-0.5661149024963379,-0.11493293446199004,0.18717893958091736,-0.6444179713726044,-0.13155463588134353,0.00833854079246521,-0.3251354694366455,-0.03502208617226188,-0.03084537386894226,-0.48844414949417114,-0.09837037575141494,-0.05722886323928833,-0.5905338525772095,-0.13980902981654708,-0.08424058556556702,-0.6736990809440613,-0.15521046769515578,-0.06858575344085693,-0.27505695819854736,-0.037691539793172524,-0.09233108162879944,-0.33768004179000854,-0.14953919005290572,-0.042882055044174194,-0.22798365354537964,-0.1680178518284947,-0.014594584703445435,-0.1550896167755127,-0.1432586784352452,-0.13419440388679504,-0.20425701141357422,-0.04311472427741592,-0.1388557255268097,-0.27025383710861206,-0.141836943744579,-0.09652528166770935,-0.17676234245300293,-0.14159661781684463,-0.0711921751499176,-0.10810732841491699,-0.11394310247794692
K,0.0,0.0,0.0,0.09978288412094116,-0.08978617191314697,-0.08283913828904588,0.11283355951309204,-0.24166148900985718,-0.10949645884807069,0.0108107328414917,-0.34978216886520386,-0.12980452873284776,-0.08377909660339355,-0.42949178814888,-0.1451085130172487,0.08791881799697876,-0.37439247965812683,-0.039016454895090646,0.11880356073379517,-0.5353216230869293,-0.08938323654706437,0.12762755155563354,-0.6399734020233154,-0.11978578515822846,0.13252723217010498,-0.7293061017990112,-0.13611956634099442,-0.01423412561416626,-0.3538968861103058,-0.03653638758237321,-0.06217610836029053,-0.5331213474273682,-0.10563036747748811,-0.08909976482391357,-0.6473783552646637,-0.14621133305604417,-0.11592680215835571,-0.7414464056491852,-0.15945818223531205,-0.09491974115371704,-0.2910498380661011,-0.04342740722472627,-0.11268666386604309,-0.37116849422454834,-0.16437420942361314,-0.0474054217338562,-0.2589784860610962,-0.17783663370187242,-0.013752937316894531,-0.18274366855621338,-0.14600346185739,-0.16396543383598328,-0.20709192752838135,-0.053070384492230005,-0.1583034098148346,-0.28438371419906616,-0.15655510820920426,-0.10302150249481201,-0.1929616928100586,-0.15131128527696092,-0.0806739330291748,-0.12358355522155762,-0.1185187170701738
K,0.0,0.0,0.0,0.10275745391845703,-0.08945751190185547,-0.08095362748224488,0.11251896619796753,-0.24157065153121948,-0.1063192632349228,0.009744644165039062,-0.35054153203964233,-0.1248424720319008,-0.08214205503463745,-0.4285902678966522,-0.13861419971306077,0.08324271440505981,-0.3714562952518463,-0.04303992505390397,0.11528605222702026,-0.5372908711433411,-0.09161446209270707,0.12444013357162476,-0.6429842412471771,-0.11979213322717897,0.12950611114501953,-0.7329325079917908,-0.13470680232364884,-0.017034590244293213,-0.3517628312110901,-0.04057198356110803,-0.06522101163864136,-0.5344337224960327,-0.10775110091287843,-0.09384572505950928,-0.6478251814842224,-0.14727080579120866,-0.1204872727394104,-0.7421949505805969,-0.16023758764583818,-0.0960608720779419,-0.2888219952583313,-0.046128928318807993,-0.118075430393219,-0.3738945424556732,-0.16413082893211595,-0.053541600704193115,-0.26031315326690674,-0.17501912231762162,-0.01797163486480713,-0.18200844526290894,-0.14235656674225083,-0.16304868459701538,-0.20226353406906128,-0.054125960573742304,-0.16473591327667236,-0.28368908166885376,-0.1553622406275963,-0.10824134945869446,-0.19261038303375244,-0.14750582690555802,-0.08255785703659058,-0.12198048830032349,-0.11305533315260163
K,0.0,0.0,0.0,0.1015823483467102,-0.0933646559715271,-0.08630373075232001,0.11282730102539062,-0.24654537439346313,-0.11383095129951926,0.010066688060760498,-0.35107681155204773,-0.13367317363247366,-0.08436065912246704,-0.42920196056365967,-0.14832511290535422,0.08624786138534546,-0.3806588053703308,-0.04275351881608458,0.11946195363998413,-0.5468275547027588,-0.09251440062746497,0.12805145978927612,-0.6532777547836304,-0.12191129222139807,0.1324661374092102,-0.7442806661128998,-0.13707560047134848,-0.016904890537261963,-0.35973697900772095,-0.03805456056818457,-0.06332409381866455,-0.5382101535797119,-0.10839164003357382,-0.09198129177093506,-0.6538973748683929,-0.14976398393139334,-0.11863547563552856,-0.7512200772762299,-0.16283853098377676,-0.09793588519096375,-0.2964058518409729,-0.04237604260072203,-0.1169075071811676,-0.37626323103904724,-0.16497814401611777,-0.051472246646881104,-0.26235103607177734,-0.17831894501671286,-0.01567000150680542,-0.18622076511383057,-0.14539150639996024,-0.16627591848373413,-0.2102147936820984,-0.04937730848416777,-0.16753381490707397,-0.2894939184188843,-0.153807652439923,-0.10917648673057556,-0.19602692127227783,-0.14742815240845175,-0.0830456018447876,-0.12627512216567993,-0.11294483884796591
K,0.0,0.0,0.0,0.10060203075408936,-0.0857391357421875,-0.08563756690807622,0.11397147178649902,-0.24148744344711304,-0.11266611264534276,0.011160790920257568,-0.35356631875038147,-0.13220413522310537,-0.08465266227722168,-0.4317803978919983,-0.14668021099157613,0.09106028079986572,-0.37178999185562134,-0.04370465250201505,0.12357890605926514,-0.5380451083183289,-0.09414457277841848,0.13463139533996582,-0.6462704539299011,-0.12376525001116079,0.14089852571487427,-0.7378860712051392,-0.13905242578573507,-0.012404978275299072,-0.3530830442905426,-0.03963733957596105,-0.06077873706817627,-0.5359566807746887,-0.10848345355577749,-0.08803239464759827,-0.6533138453960419,-0.14907816545553487,-0.11572068929672241,-0.7511701285839081,-0.16201960043497365,-0.09314078092575073,-0.29176080226898193,-0.04464149968214315,-0.11076900362968445,-0.37226271629333496,-0.16541618601866048,-0.047776997089385986,-0.2602118253707886,-0.17929840581007284,-0.014699816703796387,-0.18457913398742676,-0.1472644557196645,-0.16288208961486816,-0.20795303583145142,-0.05242340387292188,-0.1602616310119629,-0.2881518006324768,-0.15498459832258504,-0.10621100664138794,-0.19630777835845947,-0.14875059322901052,-0.08263203501701355,-0.12542319297790527,-0.11489539341516775
K,0.0,0.0,0.0,0.10118108987808228,-0.09728556871414185,-0.07864463661519494,0.11057412624359131,-0.2513653039932251,-0.10326733027307,0.006693363189697266,-0.36336177587509155,-0.1230686563691279,-0.08833250403404236,-0.4432048797607422,-0.13816196058598962,0.08830046653747559,-0.3837428092956543,-0.03540876094905343,0.12090128660202026,-0.5484536290168762,-0.08437741880027261,0.12916690111160278,-0.654148668050766,-0.1142098117312571,0.1331833004951477,-0.7450617253780365,-0.13086147938577142,-0.014063715934753418,-0.3637349009513855,-0.03543055762258973,-0.06359463930130005,-0.5472536981105804,-0.10681273375359979,-0.09445855021476746,-0.6622244119644165,-0.15146340761987176,-0.12358281016349792,-0.7572211921215057,-0.1676906976541659,-0.09609061479568481,-0.2999877333641052,-0.0436931546470305,-0.11310848593711853,-0.3826357126235962,-0.1661715540727755,-0.05081456899642944,-0.27037447690963745,-0.18236340914575067,-0.01789933443069458,-0.19213491678237915,-0.15240916941968408,-0.16754096746444702,-0.2149096131324768,-0.05421047989932504,-0.16057103872299194,-0.29498177766799927,-0.16010699008313622,-0.10602766275405884,-0.2026512622833252,-0.1565175983747622,-0.08208045363426208,-0.1310659646987915,-0.1243699971279284
K,0.0,0.0,0.0,0.09974342584609985,-0.09026789665222168,-0.08475433080877792,0.10752183198928833,-0.24829226732254028,-0.1128366270610286,0.0024285316467285156,-0.360161155462265,-0.1346120962449504,-0.093311607837677,-0.4430067241191864,-0.15074376552786362,0.08366018533706665,-0.38577669858932495,-0.038268109554906005,0.11738264560699463,-0.5500558614730835,-0.09164369642223846,0.12728571891784668,-0.6586024165153503,-0.12428445159878265,0.13176578283309937,-0.7520062029361725,-0.14206117182459366,-0.0230371356010437,-0.36583244800567627,-0.036549774701256865,-0.06916701793670654,-0.5475490391254425,-0.1118639165111972,-0.09772589802742004,-0.6669327318668365,-0.15744152456011307,-0.12770390510559082,-0.7674733400344849,-0.172943679387231,-0.10695016384124756,-0.3021901249885559,-0.04424654483284485,-0.12259489297866821,-0.3805519640445709,-0.17016161769117844,-0.053784191608428955,-0.2647538185119629,-0.18420085101809036,-0.018745779991149902,-0.18774908781051636,-0.15099441796030533,-0.17737805843353271,-0.2158747911453247,-0.054856130624671096,-0.16784003376960754,-0.29571425914764404,-0.16014401405539047,-0.10945019125938416,-0.2015972137451172,-0.15344454138960373,-0.08463633060455322,-0.13143640756607056,-0.11855241447176468
K,0.0,0.0,0.0,0.10406965017318726,-0.0855705738067627,-0.08460006782797791,0.11128324270248413,-0.23982089757919312,-0.11155175337580658,0.005418658256530762,-0.35367223620414734,-0.13148827770737626,-0.08934229612350464,-0.4347721338272095,-0.14580652037648179,0.08734321594238281,-0.3728001117706299,-0.0428392022290609,0.12111961841583252,-0.5426796078681946,-0.09537535080698945,0.12943261861801147,-0.6542229950428009,-0.12577512780217148,0.13340312242507935,-0.7485310733318329,-0.14177638212231614,-0.017101585865020752,-0.3532778024673462,-0.03982550198224999,-0.06557244062423706,-0.5382259488105774,-0.11469783553866364,-0.09523820877075195,-0.6592039465904236,-0.15894879320649125,-0.12318447232246399,-0.7599955201148987,-0.17362168351201035,-0.09953939914703369,-0.29076290130615234,-0.045455376748122944,-0.12120771408081055,-0.3730204105377197,-0.17198026100186325,-0.055066585540771484,-0.25817936658859253,-0.18606009999302842,-0.018019676208496094,-0.17869681119918823,-0.1527254722454927,-0.17020303010940552,-0.20578956604003906,-0.05365886831668831,-0.16605544090270996,-0.2841961979866028,-0.16199162522343613,-0.10714247822761536,-0.1909651756286621,-0.1571808151343248,-0.07938796281814575,-0.11952972412109375,-0.12290991017607666
K,0.0,0.0,0.0,0.10593253374099731,-0.08861321210861206,-0.08492968225471031,0.1112375259399414,-0.24802452325820923,-0.1086123212575103,0.01006770133972168,-0.3622955083847046,-0.12430147820703041,-0.08334144949913025,-0.44476455450057983,-0.13425674283496392,0.08229970932006836,-0.3824614882469177,-0.04234383994332802,0.11487185955047607,-0.5529177784919739,-0.08906688535205376,0.12196820974349976,-0.659656286239624,-0.1162218525408889,0.1250322461128235,-0.7521693408489227,-0.1307702734469558,-0.02004528045654297,-0.3637327551841736,-0.03710612648717415,-0.06838178634643555,-0.5480126440525055,-0.10619848960629952,-0.10142269730567932,-0.6682026982307434,-0.14817550027362358,-0.13052454590797424,-0.7681558728218079,-0.16311966621867668,-0.10176917910575867,-0.3008284568786621,-0.040225714385428546,-0.12007224559783936,-0.38296744227409363,-0.16015114629260552,-0.05354797840118408,-0.2703874707221985,-0.1741858943699981,-0.015254497528076172,-0.1921742558479309,-0.14367232465735924,-0.17128902673721313,-0.2166944146156311,-0.04615793371192467,-0.16822600364685059,-0.2932126522064209,-0.15141699457160485,-0.10676515102386475,-0.2004786729812622,-0.1479402556418563,-0.0766904354095459,-0.13222789764404297,-0.11642616236201775
K,0.0,0.0,0.0,0.1091192364692688,-0.09362107515335083,-0.08575781316858411,0.10965049266815186,-0.25208425521850586,-0.10974254341226697,0.007793068885803223,-0.36591067910194397,-0.12651226551633954,-0.08837908506393433,-0.44884341955184937,-0.13678545386892438,0.0845988392829895,-0.3868895471096039,-0.03517684222561002,0.11641836166381836,-0.5568399429321289,-0.08471280963522076,0.12244224548339844,-0.6648053526878357,-0.11466902376514554,0.12507891654968262,-0.7605063021183014,-0.13186568648916364,-0.01927262544631958,-0.3695913553237915,-0.031480869961797,-0.06580901145935059,-0.5515837669372559,-0.10902234048944592,-0.09873658418655396,-0.674344390630722,-0.15784951181512952,-0.1274021565914154,-0.7783405184745789,-0.17679241926771283,-0.10316890478134155,-0.30595552921295166,-0.036900705410062073,-0.11804869771003723,-0.38567250967025757,-0.1661275389919865,-0.052330076694488525,-0.2696470618247986,-0.18403211863142133,-0.015205323696136475,-0.19248062372207642,-0.15409210951429486,-0.17471063137054443,-0.2216913104057312,-0.045125677002488374,-0.16788771748542786,-0.2962840795516968,-0.15795933337312817,-0.10735267400741577,-0.20047903060913086,-0.15842447311979413,-0.0800740122795105,-0.13484400510787964,-0.12883924574953198
K,0.0,0.0,0.0,0.10583168268203735,-0.06260079145431519,-0.08122289022014684,0.1254679560661316,-0.20759910345077515,-0.10407346328304357,0.02893894910812378,-0.3138863444328308,-0.11986763616607732,-0.04629144072532654,-0.39791303873062134,-0.13132311990068501,0.10698437690734863,-0.33437883853912354,-0.03882828196094579,0.15244072675704956,-0.4796922206878662,-0.08175615807579106,0.17367279529571533,-0.5716712474822998,-0.10789914270446843,0.1875448226928711,-0.6510092616081238,-0.12287504067228383,0.007640838623046875,-0.3249838352203369,-0.0328848271589095,-0.03233170509338379,-0.49434739351272583,-0.09465616037653035,-0.06044092774391174,-0.5983393788337708,-0.1349893568973357,-0.08888545632362366,-0.6834727227687836,-0.14977329065607137,-0.07073384523391724,-0.27434325218200684,-0.03553635468290395,-0.08996102213859558,-0.34513747692108154,-0.14625530531213826,-0.0404515266418457,-0.23519515991210938,-0.16456634392545766,-0.012886643409729004,-0.16421198844909668,-0.1399666725616271,-0.1372283697128296,-0.20469450950622559,-0.04074082364843434,-0.13662713766098022,-0.2731795310974121,-0.1385739653329665,-0.09510329365730286,-0.17906516790390015,-0.13857487430379933,-0.07174926996231079,-0.11215406656265259,-0.11168014844463414
K,0.0,0.0,0.0,0.1094927191734314,-0.09496742486953735,-0.08646203431896993,0.11632096767425537,-0.2519083619117737,-0.1144169256430132,0.01172018051147461,-0.3640099763870239,-0.1353766903620226,-0.08693188428878784,-0.44423869252204895,-0.15090377483181783,0.09061866998672485,-0.3918037414550781,-0.04624324891381093,0.12172424793243408,-0.5628881454467773,-0.0935634807091219,0.12761837244033813,-0.67034712433815,-0.12127750966362782,0.13122713565826416,-0.7625273764133453,-0.13635966036133595,-0.014380991458892822,-0.37030839920043945,-0.04262786585502454,-0.06407374143600464,-0.5578315854072571,-0.11166462156586476,-0.09532886743545532,-0.6795093715190887,-0.15430454764180013,-0.12367656826972961,-0.7788792848587036,-0.16971005353741475,-0.09921032190322876,-0.3040198087692261,-0.047576127980278216,-0.1212252676486969,-0.38412606716156006,-0.17020386311821767,-0.05367887020111084,-0.27026695013046265,-0.18863820884041615,-0.016185343265533447,-0.1912097930908203,-0.16016693267636128,-0.17172878980636597,-0.217396080493927,-0.055070205066726885,-0.17353329062461853,-0.29755711555480957,-0.16228592250161,-0.11441758275032043,-0.20536983013153076,-0.16036653373055287,-0.08470731973648071,-0.13470345735549927,-0.12964117381386586
K,0.0,0.0,0.0,0.10115158557891846,-0.08535194396972656,-0.08807884366717644,0.10886454582214355,-0.2477860450744629,-0.11531965644564934,0.0002512335777282715,-0.36199653148651123,-0.13563230843749352,-0.0970621407032013,-0.4451347589492798,-0.15019133897033043,0.08766871690750122,-0.39160478115081787,-0.042099552466538626,0.12274575233459473,-0.5606217384338379,-0.09364964277949639,0.13310456275939941,-0.6728232204914093,-0.1246024316689045,0.13767367601394653,-0.7669432759284973,-0.14113258035388299,-0.02109450101852417,-0.3713254928588867,-0.038578821583655554,-0.07096126675605774,-0.5587893724441528,-0.11049772263970681,-0.09961509704589844,-0.6807493567466736,-0.15466559143271752,-0.12840640544891357,-0.7814462184906006,-0.16919191391673394,-0.10713392496109009,-0.30609601736068726,-0.04462755681481667,-0.12240850925445557,-0.3842838406562805,-0.17021247954573937,-0.053924739360809326,-0.2685447931289673,-0.1886333993217022,-0.018779635429382324,-0.19145894050598145,-0.15815533907618828,-0.17925938963890076,-0.21981310844421387,-0.053527152403262335,-0.16697320342063904,-0.2970503568649292,-0.16246035905089684,-0.10889449715614319,-0.20178985595703125,-0.16004674346652337,-0.08303406834602356,-0.13002043962478638,-0.12729101093020745
K,0.0,0.0,0.0,0.10600095987319946,-0.08932477235794067,-0.09242213307641123,0.11235296726226807,-0.25006771087646484,-0.12125048576615427,0.002717912197113037,-0.36271893978118896,-0.14129774807713602,-0.09860965609550476,-0.4424112141132355,-0.15577707229874704,0.08814603090286255,-0.3892074227333069,-0.04765639616869066,0.11842083930969238,-0.5618700981140137,-0.09788168011925791,0.1268472671508789,-0.6737731695175171,-0.1283799016358671,0.13091987371444702,-0.768638551235199,-0.14468230842373941,-0.02026355266571045,-0.36866629123687744,-0.041348578173142414,-0.07153987884521484,-0.5596259832382202,-0.1093427368881521,-0.10032963752746582,-0.6843280792236328,-0.1507393473269758,-0.1275883913040161,-0.7875644862651825,-0.16422294615529154,-0.10567918419837952,-0.3028504252433777,-0.04477743222139452,-0.12818896770477295,-0.3869667053222656,-0.16868624626420115,-0.058265089988708496,-0.2702288031578064,-0.18614207743428324,-0.02002793550491333,-0.19090217351913452,-0.15563059388421152,-0.1774381399154663,-0.21521568298339844,-0.05124822049162958,-0.17566776275634766,-0.296012282371521,-0.16143154143117044,-0.11653926968574524,-0.19910168647766113,-0.1588262969138441,-0.08769896626472473,-0.12566250562667847,-0.1260956579329786
K,0.0,0.0,0.0,0.1093747615814209,-0.0915907621383667,-0.09232691018974037,0.11634671688079834,-0.2568840980529785,-0.12136001228486748,0.0024956464767456055,-0.3703913688659668,-0.1411801659980938,-0.10191464424133301,-0.44862353801727295,-0.1549169802585766,0.0902664065361023,-0.39470523595809937,-0.05008840649520607,0.12032091617584229,-0.5697818398475647,-0.09946366488134117,0.12539517879486084,-0.6796884834766388,-0.12791531621610375,0.1282823085784912,-0.7740026712417603,-0.14291999577676506,-0.019206345081329346,-0.3735973834991455,-0.04340652092491837,-0.06838196516036987,-0.5651014447212219,-0.11497385143434258,-0.10102206468582153,-0.6901682615280151,-0.1581864291349575,-0.130318284034729,-0.7934840023517609,-0.1729613178888485,-0.10542178153991699,-0.3072545528411865,-0.04566343217288704,-0.12771761417388916,-0.38866719603538513,-0.17089513777887078,-0.05811351537704468,-0.2719634771347046,-0.18889280497228356,-0.018655478954315186,-0.19222384691238403,-0.1589372539440319,-0.177928626537323,-0.22080397605895996,-0.050724183163993075,-0.17776817083358765,-0.300390362739563,-0.15973227559720726,-0.11690258979797363,-0.2031964659690857,-0.15704523860608788,-0.08648806810379028,-0.1319286823272705,-0.12502076565419884
K,0.0,0.0,0.0,0.1098441481590271,-0.09315747022628784,-0.09219894512830251,0.11749768257141113,-0.2605002522468567,-0.12108122512040609,0.004878401756286621,-0.3781263828277588,-0.14133581473765844,-0.09935003519058228,-0.4570390582084656,-0.15591245844302648,0.09168565273284912,-0.3982275128364563,-0.05075886800227636,0.12084412574768066,-0.5768295526504517,-0.09984695866046422,0.12515395879745483,-0.6874273121356964,-0.12772890880046361,0.1284315586090088,-0.7825364470481873,-0.14245989873347753,-0.01805579662322998,-0.3770018219947815,-0.044385861151795325,-0.06919866800308228,-0.5699602365493774,-0.11438309355912679,-0.10208681225776672,-0.6953999996185303,-0.15574592306552404,-0.13088172674179077,-0.7993006408214569,-0.16971251323161596,-0.10486388206481934,-0.31128478050231934,-0.04727562844095701,-0.1286219358444214,-0.39720287919044495,-0.17221672787604803,-0.061114728450775146,-0.2782323360443115,-0.18912920310435766,-0.023082256317138672,-0.19572889804840088,-0.1585473413699674,-0.17796027660369873,-0.22432512044906616,-0.05311196997104162,-0.18026825785636902,-0.30906546115875244,-0.1614726330274152,-0.12278580665588379,-0.21115869283676147,-0.15797083034453863,-0.09313201904296875,-0.136424720287323,-0.12564028754172796
K,0.0,0.0,0.0,0.10765177011489868,-0.08927857875823975,-0.09350977002259242,0.11838310956954956,-0.25621747970581055,-0.12370262204285609,0.004065513610839844,-0.37129145860671997,-0.1458784481751536,-0.09924507141113281,-0.4556282162666321,-0.16181744544383037,0.0893639326095581,-0.4044542908668518,-0.04717038481112468,0.12040537595748901,-0.577620655298233,-0.09835237918969142,0.12914001941680908,-0.6878570020198822,-0.12824210433836924,0.13503515720367432,-0.7816709876060486,-0.14418053536292064,-0.023554444313049316,-0.38286149501800537,-0.042664422677717084,-0.07678166031837463,-0.575368344783783,-0.11384394674178111,-0.10358107089996338,-0.6990765035152435,-0.15652318208094584,-0.1292870044708252,-0.8019611239433289,-0.1706248363720988,-0.11196202039718628,-0.31422513723373413,-0.048254172341785306,-0.12986469268798828,-0.3918343484401703,-0.17648768334265696,-0.056658387184143066,-0.2709618806838989,-0.19451855032320964,-0.01820671558380127,-0.19117939472198486,-0.16343225448008525,-0.18489301204681396,-0.22344970703125,-0.0570384068655585,-0.18075770139694214,-0.3041056990623474,-0.16765017716761577,-0.11930486559867859,-0.20524919033050537,-0.16398575811263072,-0.09035837650299072,-0.13239234685897827,-0.1307296594845866
K,0.0,0.0,0.0,0.11421096324920654,-0.07990610599517822,-0.10084604604583092,0.12593793869018555,-0.24545639753341675,-0.13415219022374458,0.005162298679351807,-0.3664265275001526,-0.15791867806058235,-0.09959518909454346,-0.45132893323898315,-0.17606598271470375,0.09701699018478394,-0.3960133492946625,-0.05872380493622131,0.12618094682693481,-0.5729454755783081,-0.11554286761622734,0.13335412740707397,-0.6847083568572998,-0.14865754677396126,0.14017832279205322,-0.7804197072982788,-0.16641244424920387,-0.017093122005462646,-0.3755796551704407,-0.05005952848534889,-0.07024914026260376,-0.5668950080871582,-0.1283710165176899,-0.09872597455978394,-0.6919200420379639,-0.17371533943753548,-0.12271338701248169,-0.7974672019481659,-0.18915604187588997,-0.1048852801322937,-0.3101015090942383,-0.051889219716599655,-0.12690949440002441,-0.38640376925468445,-0.18549659980874367,-0.058198779821395874,-0.26661139726638794,-0.20505356921296425,-0.017529189586639404,-0.1861029863357544,-0.17440034581761665,-0.17786380648612976,-0.222558856010437,-0.05729883669357605,-0.1777132749557495,-0.3006014823913574,-0.17313783003430672,-0.11694443225860596,-0.1984853744506836,-0.17236538364034004,-0.08226299285888672,-0.12284862995147705,-0.14041710032563515
K,0.0,0.0,0.0,0.1088913083076477,-0.08104437589645386,-0.09696959333427912,0.12069696187973022,-0.24870365858078003,-0.1277638115168429,0.005307912826538086,-0.3674977421760559,-0.1478960104466296,-0.09623908996582031,-0.4485999643802643,-0.16230242328651912,0.09705650806427002,-0.3893204629421234,-0.05990472065218455,0.13077282905578613,-0.5703229904174805,-0.11461770908840663,0.13953286409378052,-0.6868455111980438,-0.14604644851692683,0.1422622799873352,-0.7843920290470123,-0.16205476598747737,-0.01699012517929077,-0.370316743850708,-0.05178137497910029,-0.06786197423934937,-0.5672773122787476,-0.12449922041901118,-0.09516382217407227,-0.6973515748977661,-0.1662314720631457,-0.12041732668876648,-0.8070438802242279,-0.17903222517975337,-0.10382077097892761,-0.30627429485321045,-0.05281100423940188,-0.13046711683273315,-0.3935396671295166,-0.1778162904263354,-0.06302112340927124,-0.27433979511260986,-0.19124891238220698,-0.024552583694458008,-0.1940496563911438,-0.1577630974531985,-0.17548128962516785,-0.2182074785232544,-0.05722159521587855,-0.1808120608329773,-0.2961670756340027,-0.1665550358773089,-0.12177175283432007,-0.19650906324386597,-0.16024263577469355,-0.0905209481716156,-0.12392354011535645,-0.12440648304232127
K,0.0,0.0,0.0,0.11143529415130615,-0.06858348846435547,-0.09597999685581726,0.12761592864990234,-0.23551607131958008,-0.12612260961111588,0.010467469692230225,-0.3542797565460205,-0.1460577704864363,-0.08774295449256897,-0.43747478723526,-0.1602872469383101,0.10257011651992798,-0.3822055757045746,-0.057589751567206804,0.13710075616836548,-0.5656666159629822,-0.11261793309029144,0.14632755517959595,-0.6830662786960602,-0.14416673862513107,0.14956516027450562,-0.7816095352172852,-0.16029831850107712,-0.014271438121795654,-0.3646264672279358,-0.05090650254066986,-0.06668722629547119,-0.5609083473682404,-0.12284065866049332,-0.09273287653923035,-0.6877581477165222,-0.16474370741423172,-0.11765092611312866,-0.7952080070972443,-0.17736047589357895,-0.10156881809234619,-0.30085325241088867,-0.05352838420446915,-0.1256573498249054,-0.3844795823097229,-0.17913417601164383,-0.05453085899353027,-0.2648332118988037,-0.19281129622038407,-0.014032244682312012,-0.18454009294509888,-0.1592297413307051,-0.17211639881134033,-0.2113654613494873,-0.05948214688476128,-0.1711096465587616,-0.28938907384872437,-0.17036715232904953,-0.11074301600456238,-0.1876193881034851,-0.16393785261686844,-0.07925119996070862,-0.11238694190979004,-0.12735213422354263
K,0.0,0.0,0.0,0.1031053364276886,-0.07377928495407104,-0.07950322822443923,0.11929962038993835,-0.21585065126419067,-0.10416521624438246,0.02385309338569641,-0.32246124744415283,-0.1228694965016075,-0.05028018355369568,-0.4050753116607666,-0.13713971272818526,0.1052541434764862,-0.34266912937164307,-0.03799989194385489,0.14943918585777283,-0.4879140555858612,-0.08348669604174574,0.16918900609016418,-0.5800870060920715,-0.11154110477082213,0.18516454100608826,-0.6604934334754944,-0.1271106948029228,0.0054385364055633545,-0.3329375982284546,-0.03289256364814719,-0.034937888383865356,-0.4981553256511688,-0.0966624145280548,-0.06347915530204773,-0.6036041378974915,-0.1372386564385124,-0.08982086181640625,-0.6902220547199249,-0.15207471445910414,-0.07439863681793213,-0.28198570013046265,-0.036397272057456576,-0.09390071034431458,-0.34935641288757324,-0.14758405581824263,-0.04332470893859863,-0.23621904850006104,-0.1647376467358299,-0.015757709741592407,-0.16015410423278809,-0.13902020946852645,-0.14217686653137207,-0.21069413423538208,-0.04246454433314284,-0.14266124367713928,-0.2805781364440918,-0.13849919036738356,-0.10011667013168335,-0.1870967149734497,-0.13650444642416915,-0.07722291350364685,-0.118122398853302,-0.10806249574534377
K,0.0,0.0,0.0,0.10587126016616821,-0.0670892596244812,-0.08151053526648866,0.12496423721313477,-0.20851320028305054,-0.10443184414157258,0.03187716007232666,-0.3127449154853821,-0.12065594532737123,-0.04070344567298889,-0.3974570631980896,-0.13182002940425264,0.11175322532653809,-0.3369463086128235,-0.035202688362687695,0.15655404329299927,-0.4830363690853119,-0.07830873021134721,0.1776835322380066,-0.5757119655609131,-0.10401718207845079,0.19172650575637817,-0.6541494727134705,-0.11796423682221757,0.011954307556152344,-0.32637643814086914,-0.029013040300696957,-0.030783653259277344,-0.493281751871109,-0.09413177409419404,-0.056913137435913086,-0.5992401242256165,-0.1364827368522583,-0.08357298374176025,-0.6868173480033875,-0.1515720401073395,-0.06607568264007568,-0.27397751808166504,-0.03141872101673471,-0.08783155679702759,-0.3398098945617676,-0.1457184616590439,-0.03459841012954712,-0.22837400436401367,-0.16496563592204438,-0.005235791206359863,-0.15786457061767578,-0.1394725505376755,-0.1329503059387207,-0.20304930210113525,-0.03629628830799447,-0.13386791944503784,-0.27011191844940186,-0.13638598361262666,-0.09156054258346558,-0.17527419328689575,-0.13647726812610017,-0.06994485855102539,-0.10974574089050293,-0.10868945607194291
K,0.0,0.0,0.0,0.12508073449134827,-0.071746826171875,-0.10609307305094262,0.1414743959903717,-0.2524524927139282,-0.14052022413488885,0.01675531268119812,-0.3817349076271057,-0.16148504034754296,-0.08487695455551147,-0.470819354057312,-0.17675890938517114,0.12281450629234314,-0.40225091576576233,-0.07454151080128213,0.17144951224327087,-0.6009775400161743,-0.13496331290480157,0.18582454323768616,-0.7219479382038116,-0.16921065167662164,0.18982580304145813,-0.828193873167038,-0.1879303397345211,-0.004995524883270264,-0.38865888118743896,-0.06448621467825433,-0.060918956995010376,-0.5979604721069336,-0.14405606106993218,-0.09879142045974731,-0.7325325012207031,-0.18882175699945947,-0.13551077246665955,-0.8526899814605713,-0.2030600847410824,-0.10204869508743286,-0.3252600431442261,-0.0632767246770527,-0.12918728590011597,-0.41694796085357666,-0.19698015765425225,-0.05568966269493103,-0.2862948775291443,-0.20616311744925042,-0.015576481819152832,-0.20214223861694336,-0.16748199776884576,-0.17889055609703064,-0.23270577192306519,-0.06580513135668298,-0.1845388114452362,-0.3132671117782593,-0.18356522337671777,-0.12042728066444397,-0.20453590154647827,-0.1734340579914715,-0.08628535270690918,-0.12780308723449707,-0.13254503325697442
K,0.0,0.0,0.0,0.10065829753875732,-0.07730746269226074,-0.07817058875059502,0.11766844987869263,-0.21689105033874512,-0.10337371243929283,0.023538589477539062,-0.3222811818122864,-0.12314592911695854,-0.051990896463394165,-0.4025958180427551,-0.13865279271101372,0.10444891452789307,-0.3431718349456787,-0.03705405308699028,0.1479203701019287,-0.48801901936531067,-0.08430529250597374,0.1669614315032959,-0.5810192823410034,-0.11399409784769432,0.18239647150039673,-0.6616426408290863,-0.12999877943491356,0.0057350099086761475,-0.3321572542190552,-0.03235233439897911,-0.035219937562942505,-0.49753445386886597,-0.09627209468578712,-0.06192284822463989,-0.6046246290206909,-0.13718040897344963,-0.08654016256332397,-0.6933176219463348,-0.15215463056063072,-0.073844313621521,-0.27973562479019165,-0.036050880838388366,-0.09677314758300781,-0.3457930088043213,-0.14592579616999046,-0.045722901821136475,-0.23634731769561768,-0.1622409583518447,-0.017353087663650513,-0.1616595983505249,-0.13610618426298515,-0.14258399605751038,-0.20719623565673828,-0.04224729775285141,-0.14529645442962646,-0.27773159742355347,-0.13544422997927086,-0.1030188798904419,-0.18679702281951904,-0.13086414947008507,-0.08083218336105347,-0.11799108982086182,-0.10079887374138252
K,0.0,0.0,0.0,0.10156527161598206,-0.08149915933609009,-0.07723971007033015,0.11408993601799011,-0.21929693222045898,-0.09950144884749079,0.019187182188034058,-0.3235076665878296,-0.1166583552734437,-0.05223974585533142,-0.4041611850261688,-0.12953795043392802,0.1043255627155304,-0.34090936183929443,-0.027389270417529588,0.14716914296150208,-0.4849289059638977,-0.07348612246676112,0.16610947251319885,-0.5783729255199432,-0.10316948143406535,0.18165364861488342,-0.6592721045017242,-0.11926653531952525,0.005159586668014526,-0.33121562004089355,-0.022345087655025964,-0.03293740749359131,-0.4957784414291382,-0.08649605808420802,-0.059971243143081665,-0.6035491824150085,-0.1284221365825715,-0.08435618877410889,-0.6928366124629974,-0.14342945364876414,-0.07414507865905762,-0.2791088819503784,-0.02644568604989672,-0.09744319319725037,-0.34623754024505615,-0.13880869296951914,-0.045942336320877075,-0.23582005500793457,-0.15723311451836253,-0.016129672527313232,-0.16131997108459473,-0.13126046506329203,-0.1425946056842804,-0.20607876777648926,-0.03288248104615832,-0.14499422907829285,-0.2755166292190552,-0.12997738567753458,-0.10285869240760803,-0.18287599086761475,-0.12822989670200968,-0.0791095495223999,-0.1149219274520874,-0.09922326651974345
K,0.0,0.0,0.0,0.10333561897277832,-0.08419299125671387,-0.07935644713768397,0.11758184432983398,-0.22728419303894043,-0.10231353370079432,0.019148916006088257,-0.3332439064979553,-0.11970044700035487,-0.05437198281288147,-0.41791826486587524,-0.13156021413931285,0.10964453220367432,-0.3494289517402649,-0.02600140524634753,0.15062397718429565,-0.4935978949069977,-0.07076390115150843,0.16695010662078857,-0.5859337449073792,-0.09819974777826701,0.18160748481750488,-0.6643266975879669,-0.1128608214629594,0.009281307458877563,-0.33929532766342163,-0.021532696015924557,-0.027378439903259277,-0.506417840719223,-0.08603842584022914,-0.05531516671180725,-0.6137682199478149,-0.12665902850756083,-0.07980692386627197,-0.7023211717605591,-0.14060328183302317,-0.07198551297187805,-0.28648531436920166,-0.02693126936981116,-0.08801484107971191,-0.3552294969558716,-0.14080188450941478,-0.03824296593666077,-0.2436065673828125,-0.15830522058138286,-0.011503994464874268,-0.17136049270629883,-0.13153042671808635,-0.14243945479393005,-0.21253550052642822,-0.03493619737753306,-0.1387121081352234,-0.2847166061401367,-0.13116320250162516,-0.09654539823532104,-0.1923578977584839,-0.12855487344393168,-0.07562610507011414,-0.12822282314300537,-0.0997222590220872
K,0.0,0.0,0.0,0.11909240484237671,-0.08026254177093506,-0.09654396678172361,0.1280144453048706,-0.2552757263183594,-0.12701406235657942,0.01376718282699585,-0.37759679555892944,-0.14851777906380903,-0.09190306067466736,-0.4609951972961426,-0.16459885890446913,0.09179234504699707,-0.4078138470649719,-0.0604780306931616,0.1283072829246521,-0.596362829208374,-0.11644666547738325,0.1376621127128601,-0.7150872647762299,-0.1470784162994505,0.14228016138076782,-0.8157660067081451,-0.16286993677579176,-0.02325195074081421,-0.3870091438293457,-0.05567816923223745,-0.07901349663734436,-0.5882886052131653,-0.1334251975532652,-0.11420446634292603,-0.7193319201469421,-0.17653680498563062,-0.1464083194732666,-0.8301870226860046,-0.1899168854471327,-0.1135987639427185,-0.3176742196083069,-0.060513454478609674,-0.12969481945037842,-0.4011390209197998,-0.1947703724619032,-0.054680049419403076,-0.2775230407714844,-0.21090518588982832,-0.01218414306640625,-0.19528865814208984,-0.17718269581757795,-0.18919533491134644,-0.22523915767669678,-0.06848050559722196,-0.1821480095386505,-0.30584001541137695,-0.18431513662301313,-0.11534580588340759,-0.20308375358581543,-0.17984787280522596,-0.07873037457466125,-0.1280519962310791,-0.1448705261465193
K,0.0,0.0,0.0,0.11460226774215698,-0.0873141884803772,-0.09315321889721417,0.12439554929733276,-0.25646913051605225,-0.12483771440588498,0.013021469116210938,-0.37356436252593994,-0.14789252278410459,-0.09001100063323975,-0.4603121876716614,-0.1645589798411038,0.09016531705856323,-0.40432676672935486,-0.05796451789342427,0.12545698881149292,-0.5883887410163879,-0.11174888459049725,0.13334256410598755,-0.7046590745449066,-0.14179994461142087,0.1370220184326172,-0.804193913936615,-0.15784432289206052,-0.02093672752380371,-0.382637619972229,-0.05508194786511922,-0.0723389983177185,-0.5797919034957886,-0.13278271553122067,-0.10839498043060303,-0.7124072313308716,-0.1795225172957089,-0.1420351266860962,-0.8227784335613251,-0.19675457772814298,-0.10851249098777771,-0.3140116333961487,-0.060479815276494264,-0.12588173151016235,-0.3986474871635437,-0.19153656360708737,-0.052070438861846924,-0.2801135778427124,-0.20763200816713834,-0.010886967182159424,-0.19955289363861084,-0.17574297186934018,-0.181705504655838,-0.22241348028182983,-0.06875092086397672,-0.17550790309906006,-0.3032926321029663,-0.18267758485876584,-0.10842806100845337,-0.20524072647094727,-0.17810544666849637,-0.07421654462814331,-0.13304436206817627,-0.14375038740240598
K,0.0,0.0,0.0,0.11293214559555054,-0.08773243427276611,-0.09347946197146939,0.12559282779693604,-0.2584289312362671,-0.12392311543578671,0.017032146453857422,-0.3790588974952698,-0.145667910579391,-0.08531954884529114,-0.4639330804347992,-0.16171924770230817,0.09007275104522705,-0.40850964188575745,-0.05628041923398541,0.12403607368469238,-0.5878397226333618,-0.10977382958287762,0.13188648223876953,-0.7029681205749512,-0.1407901942765193,0.13538336753845215,-0.8008891642093658,-0.15742771327848004,-0.020600199699401855,-0.38592833280563354,-0.05261281878108548,-0.07174444198608398,-0.5829161703586578,-0.12535025179738568,-0.10626497864723206,-0.7130824625492096,-0.1686338335310893,-0.13941994309425354,-0.8212376832962036,-0.18388877809400128,-0.10837262868881226,-0.31671518087387085,-0.05800548568720387,-0.12512266635894775,-0.4033716320991516,-0.1860564500128703,-0.05070638656616211,-0.2857474088668823,-0.20247551799172925,-0.010468244552612305,-0.20406901836395264,-0.17132173478955792,-0.181146502494812,-0.22417211532592773,-0.06649897247905301,-0.1732376515865326,-0.30487358570098877,-0.17922718823308514,-0.10564547777175903,-0.20910978317260742,-0.17579130828733014,-0.0712583065032959,-0.13588011264801025,-0.14242349565381573
K,0.0,0.0,0.0,0.11198145151138306,-0.08488059043884277,-0.09125002199812116,0.1218525767326355,-0.2548648715019226,-0.119941298906042,0.013955354690551758,-0.37571918964385986,-0.14023659104509534,-0.08599376678466797,-0.4601767361164093,-0.15458854014082135,0.08625262975692749,-0.400651216506958,-0.05381143936915578,0.12153428792953491,-0.5833051204681396,-0.10587329143686475,0.13045775890350342,-0.6981699764728546,-0.1350830989520091,0.13419795036315918,-0.7953039109706879,-0.15044920617742719,-0.0233762264251709,-0.37793058156967163,-0.05027628416223706,-0.07684189081192017,-0.5769122838973999,-0.12309579277439298,-0.11178708076477051,-0.707696408033371,-0.16585994238062085,-0.14534205198287964,-0.8168765604496002,-0.18054645234747113,-0.10886237025260925,-0.30964893102645874,-0.05541012162370862,-0.12795430421829224,-0.3991672396659851,-0.18251069361372174,-0.05316317081451416,-0.28312408924102783,-0.19718915695352734,-0.013309657573699951,-0.20204466581344604,-0.16486204141779126,-0.18038463592529297,-0.2171461582183838,-0.06346579367323102,-0.17817720770835876,-0.30026549100875854,-0.17472428554697217,-0.11012023687362671,-0.20666420459747314,-0.16976742917699994,-0.07505780458450317,-0.13456177711486816,-0.1354195224682826
K,0.0,0.0,0.0,0.1112905740737915,-0.08432656526565552,-0.09379097810369785,0.12348145246505737,-0.2527156472206116,-0.12376038721185978,0.016378819942474365,-0.3707786798477173,-0.14468493303638752,-0.08212071657180786,-0.45396557450294495,-0.15970879039150532,0.08340644836425781,-0.3914240002632141,-0.05903250342589672,0.11793303489685059,-0.57291579246521,-0.11242222776991184,0.12630760669708252,-0.6878846287727356,-0.14210592946392353,0.1293131709098816,-0.7846781611442566,-0.15730345985275562,-0.02548617124557495,-0.3671422004699707,-0.05352145051938351,-0.07785111665725708,-0.5670629739761353,-0.12647361299377735,-0.1094459593296051,-0.6986773312091827,-0.16828481098991688,-0.13939398527145386,-0.807339996099472,-0.1820315047202712,-0.11111181974411011,-0.29915767908096313,-0.0568912326393729,-0.12672042846679688,-0.38921356201171875,-0.1832810266910201,-0.05238527059555054,-0.2743925452232361,-0.19759234032017048,-0.012550950050354004,-0.1928916573524475,-0.16504666945320423,-0.18367743492126465,-0.20959359407424927,-0.0633490978775626,-0.17644333839416504,-0.29126155376434326,-0.1728154196439391,-0.109404057264328,-0.19911354780197144,-0.1674055530725127,-0.07579034566879272,-0.12716525793075562,-0.1331088765559798
K,0.0,0.0,0.0,0.10770899057388306,-0.08831775188446045,-0.08964681850955003,0.11702072620391846,-0.2567272186279297,-0.11960512625262254,0.00984865427017212,-0.37123554944992065,-0.1414407961277675,-0.08964341878890991,-0.4522043466567993,-0.15773098396346086,0.08120375871658325,-0.39504480361938477,-0.056236086806507046,0.11358702182769775,-0.5734359622001648,-0.10781693684145921,0.12134844064712524,-0.6856398582458496,-0.13662404047533983,0.12469810247421265,-0.7807190716266632,-0.15144044386431688,-0.02640986442565918,-0.37119060754776,-0.05228153841778749,-0.07829207181930542,-0.5658124685287476,-0.12331249790474885,-0.11128640174865723,-0.6936913728713989,-0.1646491460709285,-0.14358147978782654,-0.8001989722251892,-0.17879303025290483,-0.11130017042160034,-0.3033904433250427,-0.05661931859538072,-0.1283823549747467,-0.3904320001602173,-0.17930668818041795,-0.05447310209274292,-0.27829521894454956,-0.19336757289454454,-0.015395045280456543,-0.19914543628692627,-0.16191750990435594,-0.18156230449676514,-0.21426725387573242,-0.0638452343849849,-0.17610371112823486,-0.29649102687835693,-0.16851899253413194,-0.11050784587860107,-0.20652157068252563,-0.1618204884438228,-0.07775282859802246,-0.1354811191558838,-0.12777288483664506
K,0.0,0.0,0.0,0.09932059049606323,-0.06886112689971924,-0.0716226437214118,0.11599111557006836,-0.21134400367736816,-0.08950008834631262,0.026178479194641113,-0.3185321092605591,-0.10296441997320471,-0.04115515947341919,-0.40249103307724,-0.11289067949087439,0.10442984104156494,-0.3238576650619507,-0.025186274302313905,0.14342612028121948,-0.46836957335472107,-0.06585680331022559,0.16153347492218018,-0.5611712038516998,-0.09102543826134024,0.17400848865509033,-0.6419191658496857,-0.10513824607164679,0.009651780128479004,-0.3156810402870178,-0.023387381908605676,-0.019978642463684082,-0.4837287664413452,-0.08135949457914649,-0.04491958022117615,-0.5893849730491638,-0.12018891061575232,-0.06940922141075134,-0.6746098697185516,-0.13412063206465064,-0.06656017899513245,-0.2689170837402344,-0.03029504801065741,-0.0881548523902893,-0.3440089225769043,-0.1358490475538474,-0.04695183038711548,-0.23609471321105957,-0.15369721139700232,-0.022135883569717407,-0.16420185565948486,-0.12943299497396765,-0.13330107927322388,-0.20157760381698608,-0.03944189856679259,-0.13768690824508667,-0.27652209997177124,-0.13085043813021002,-0.1033160388469696,-0.18716144561767578,-0.12954411293299017,-0.0820382833480835,-0.1211709976196289,-0.10291397209198294
K,0.0,0.0,0.0,0.10484284162521362,-0.08402103185653687,-0.07194948157609815,0.11484551429748535,-0.22403568029403687,-0.09076734593452329,0.02415284514427185,-0.3314284086227417,-0.10640397629083509,-0.05181017518043518,-0.41368839144706726,-0.11768111547769422,0.10378843545913696,-0.34673333168029785,-0.01728363296331281,0.14390027523040771,-0.49035632610321045,-0.05765967404784078,0.1593937873840332,-0.5812154412269592,-0.08377763590158338,0.17326277494430542,-0.661005824804306,-0.09889380595029706,0.007557660341262817,-0.33729666471481323,-0.014666980675769992,-0.030489593744277954,-0.49672406911849976,-0.07782082965911741,-0.05744931101799011,-0.6021867394447327,-0.12036099246085996,-0.07993030548095703,-0.6873896420001984,-0.13730707725824232,-0.07183626294136047,-0.2863216996192932,-0.021232362448586173,-0.09240633249282837,-0.35463225841522217,-0.1331349607402217,-0.04311862587928772,-0.24648720026016235,-0.15378187557996625,-0.014376848936080933,-0.17050868272781372,-0.130765452592982,-0.14091336727142334,-0.2160024642944336,-0.029944236933602042,-0.14033421874046326,-0.2834241986274719,-0.12788473030866498,-0.0993635356426239,-0.1924552321434021,-0.1307940628224742,-0.07706212997436523,-0.12446755170822144,-0.10634428968967313
K,0.0,0.0,0.0,0.10583370923995972,-0.09006994962692261,-0.08664757682208801,0.11230194568634033,-0.25600916147232056,-0.11650967521791245,0.006905555725097656,-0.37079137563705444,-0.14022246672038818,-0.094593346118927,-0.4500971734523773,-0.1585339374673822,0.07480829954147339,-0.3961660861968994,-0.05256932525162483,0.10643279552459717,-0.5727255940437317,-0.1071551881564119,0.11380535364151001,-0.6831799745559692,-0.13737886322860504,0.11883765459060669,-0.777865469455719,-0.15346116496448303,-0.030873894691467285,-0.37471020221710205,-0.050872708840415726,-0.08530521392822266,-0.565420925617218,-0.12736549152259613,-0.11477810144424438,-0.6885538101196289,-0.1705299831760385,-0.14058494567871094,-0.7892204821109772,-0.18521057738189484,-0.11466443538665771,-0.30754512548446655,-0.05801560653571869,-0.133721262216568,-0.390170693397522,-0.18528125358943726,-0.06359803676605225,-0.2729682922363281,-0.20108384562854553,-0.022827744483947754,-0.19212579727172852,-0.17009849025134827,-0.18369880318641663,-0.21899712085723877,-0.067935495806978,-0.17877209186553955,-0.29513198137283325,-0.17598802520160461,-0.11649411916732788,-0.20120257139205933,-0.17269187344436432,-0.08210635185241699,-0.1304227113723755,-0.14089810027007843
K,0.0,0.0,0.0,0.10533934831619263,-0.08616006374359131,-0.08573607395703675,0.11271768808364868,-0.2528389096260071,-0.1122809205513704,0.0055345892906188965,-0.36570537090301514,-0.1307719055872667,-0.08996701240539551,-0.4484020173549652,-0.14355260174090745,0.07973480224609375,-0.3956962823867798,-0.0519479032915342,0.116000235080719,-0.5720551013946533,-0.10098683874423386,0.12359017133712769,-0.6803929805755615,-0.1278620813351381,0.125016987323761,-0.7739950120449066,-0.1419709179859865,-0.02781665325164795,-0.37420654296875,-0.047770355300258416,-0.07683128118515015,-0.5627297163009644,-0.11928933154160859,-0.11153018474578857,-0.6836075484752655,-0.16059179644400956,-0.14547944068908691,-0.7863020896911621,-0.17418795864398362,-0.11166650056838989,-0.30725449323654175,-0.051113244549583214,-0.12686365842819214,-0.39346086978912354,-0.17188720445449235,-0.05153381824493408,-0.28276097774505615,-0.18494828085715653,-0.011209309101104736,-0.2057199478149414,-0.15342068712527634,-0.18038398027420044,-0.21700716018676758,-0.05696379061157586,-0.1705440878868103,-0.29663801193237305,-0.16054703335578324,-0.10281765460968018,-0.2060418725013733,-0.15377989451701524,-0.06745827198028564,-0.1367250680923462,-0.11959055106456162
K,0.0,0.0,0.0,0.10731911659240723,-0.0911492109298706,-0.0861286273401447,0.11331117153167725,-0.2510174512863159,-0.1142808472912975,0.010666489601135254,-0.36112159490585327,-0.13537838069612462,-0.08361715078353882,-0.4445253610610962,-0.150357698480434,0.07943731546401978,-0.39026200771331787,-0.04635827747995336,0.11197954416275024,-0.5625911355018616,-0.09544380513841588,0.11789959669113159,-0.6694592237472534,-0.12269723920041997,0.12072581052780151,-0.7613537907600403,-0.1372162899177738,-0.02438575029373169,-0.3682135343551636,-0.04398657141143758,-0.07537811994552612,-0.5525520741939545,-0.1163030168216892,-0.10873079299926758,-0.6743572950363159,-0.15916030613595922,-0.13970178365707397,-0.7773626148700714,-0.17427827922517736,-0.10702818632125854,-0.3013310432434082,-0.050218732486314366,-0.12337040901184082,-0.3836475610733032,-0.1745782843034931,-0.05272352695465088,-0.27030742168426514,-0.19090608267003972,-0.013714015483856201,-0.19413858652114868,-0.1610993942421146,-0.17593109607696533,-0.2123403549194336,-0.05902456251794774,-0.16966921091079712,-0.2867172956466675,-0.16747233776266057,-0.10445111989974976,-0.1952751874923706,-0.16537245122606237,-0.07054412364959717,-0.12838786840438843,-0.13437890021020849
K,0.0,0.0,0.0,0.10452091693878174,-0.08557701110839844,-0.08215026670075076,0.11162698268890381,-0.24912571907043457,-0.10868606083965915,0.009531378746032715,-0.36243295669555664,-0.1285574670968117,-0.08438777923583984,-0.44437375664711,-0.143160113328463,0.07353204488754272,-0.38536202907562256,-0.04946392887211459,0.10532879829406738,-0.5574785470962524,-0.09839996063089984,0.11306655406951904,-0.66438427567482,-0.12547017001486438,0.11814439296722412,-0.7552085518836975,-0.13944310807562488,-0.028798162937164307,-0.3626543879508972,-0.048321933680540496,-0.07777124643325806,-0.5491803884506226,-0.11727532857037204,-0.11088770627975464,-0.6704156398773193,-0.15778092407560962,-0.1427534520626068,-0.7710773348808289,-0.17192990445471423,-0.10911065340042114,-0.2966965436935425,-0.05473857858157771,-0.12570935487747192,-0.3844619393348694,-0.17394495868063586,-0.05296635627746582,-0.2739607095718384,-0.1861640002665581,-0.014192402362823486,-0.1949024200439453,-0.15492642783499377,-0.17586076259613037,-0.20696121454238892,-0.06365320944166797,-0.17034584283828735,-0.28921592235565186,-0.16661497318125384,-0.10412013530731201,-0.20258474349975586,-0.15994899832583087,-0.07212716341018677,-0.1341763138771057,-0.12643858157969134
K,0.0,0.0,0.0,0.10497879981994629,-0.09368020296096802,-0.08183573479868755,0.10995900630950928,-0.25452089309692383,-0.1067106008074461,0.008087992668151855,-0.365307092666626,-0.1251681699893652,-0.08419132232666016,-0.445654958486557,-0.13825788642384396,0.08011019229888916,-0.3902004361152649,-0.043610478892105675,0.11104649305343628,-0.5610597133636475,-0.09017575080611095,0.11550408601760864,-0.6676169633865356,-0.11640657032944546,0.11777597665786743,-0.7582391798496246,-0.13021026100136623,-0.022015810012817383,-0.3678261637687683,-0.04162176991917477,-0.07189863920211792,-0.5524457097053528,-0.10859962101199017,-0.10580414533615112,-0.6721459925174713,-0.14837082768895016,-0.13770461082458496,-0.7709484696388245,-0.16199960853077755,-0.10333222150802612,-0.3017392158508301,-0.04788914988853321,-0.1201326847076416,-0.3886067867279053,-0.16662209774472103,-0.05041706562042236,-0.2786865234375,-0.18217044617153988,-0.013696372509002686,-0.2015121579170227,-0.15311876977898464,-0.17099285125732422,-0.21360868215560913,-0.056546102418678856,-0.16382819414138794,-0.29364389181137085,-0.16017362023808346,-0.10053974390029907,-0.20656448602676392,-0.15713329161621914,-0.06952345371246338,-0.1388065218925476,-0.12642648364521847
K,0.0,0.0,0.0,0.10333740711212158,-0.08105814456939697,-0.08227645712918275,0.11202496290206909,-0.23919260501861572,-0.10985171902007096,0.010728716850280762,-0.3501521944999695,-0.13205505269593232,-0.08253562450408936,-0.4303624629974365,-0.1488298262936496,0.07456827163696289,-0.37446820735931396,-0.05007802802151673,0.10478484630584717,-0.5433984398841858,-0.10027223187512391,0.11296874284744263,-0.6503515541553497,-0.12731895702904694,0.11666911840438843,-0.7403724491596222,-0.1417151178700351,-0.026458323001861572,-0.3532663583755493,-0.048141581146182943,-0.07827359437942505,-0.535257488489151,-0.11998991030282014,-0.10788595676422119,-0.6525551974773407,-0.16202714401310914,-0.13578635454177856,-0.7470705509185791,-0.17737386482781403,-0.1075429916381836,-0.2896760106086731,-0.05446483674472802,-0.12101256847381592,-0.36463433504104614,-0.17499304669922822,-0.05138117074966431,-0.2563176155090332,-0.19286506730145447,-0.011623680591583252,-0.18056488037109375,-0.16584394234246247,-0.17526882886886597,-0.20674484968185425,-0.06331915515488618,-0.16394716501235962,-0.2774422764778137,-0.1652887101752185,-0.10221242904663086,-0.19117289781570435,-0.16473502772873871,-0.06986403465270996,-0.12600505352020264,-0.13695272165364258
K,0.0,0.0,0.0,0.09880584478378296,-0.08996164798736572,-0.08267881444783143,0.10209983587265015,-0.24380695819854736,-0.11017469040245942,0.005751490592956543,-0.35165131092071533,-0.1309075849422925,-0.08479112386703491,-0.43030959367752075,-0.14657536617608002,0.07129275798797607,-0.3727149963378906,-0.05027974865527085,0.09932780265808105,-0.5409512519836426,-0.09961212895007066,0.10461485385894775,-0.646933913230896,-0.12775342635006837,0.10754001140594482,-0.7375749945640564,-0.14226773849816254,-0.02853626012802124,-0.3504013419151306,-0.046500475175093925,-0.07898819446563721,-0.5323657989501953,-0.11396737120242051,-0.11285668611526489,-0.6515766084194183,-0.1532221930393689,-0.14285129308700562,-0.748729795217514,-0.16663001946301392,-0.10861837863922119,-0.28658992052078247,-0.05072630665392808,-0.12516021728515625,-0.3704325556755066,-0.1659649657377713,-0.05828392505645752,-0.2654780149459839,-0.1797587173351758,-0.021036863327026367,-0.18910610675811768,-0.15051033071370057,-0.17379611730575562,-0.20324206352233887,-0.057634306169461524,-0.167727530002594,-0.28144776821136475,-0.15621771386952332,-0.10758644342422485,-0.19856011867523193,-0.15133466295094422,-0.07695108652114868,-0.1320352554321289,-0.12017985901923112
K,0.0,0.0,0.0,0.0964353084564209,-0.09420794248580933,-0.076276306400473,0.09882950782775879,-0.2427973747253418,-0.10311890054720152,-0.0008602738380432129,-0.34621328115463257,-0.12551948834436644,-0.0909346342086792,-0.42023178935050964,-0.14284475554006804,0.06768918037414551,-0.36833256483078003,-0.04290720854180563,0.09657412767410278,-0.5312186479568481,-0.0921769331790756,0.1035338044166565,-0.6330028176307678,-0.12068322707193602,0.10703527927398682,-0.7201099395751953,-0.1359529684879135,-0.0312919020652771,-0.3448740839958191,-0.04281495917814482,-0.08476126194000244,-0.5236184298992157,-0.11217043210046995,-0.11397838592529297,-0.6374313831329346,-0.15341863442438353,-0.14083769917488098,-0.7312349379062653,-0.16814300824182737,-0.11020934581756592,-0.2799196243286133,-0.05035379190223921,-0.12445634603500366,-0.3567655682563782,-0.166934345255072,-0.05584913492202759,-0.2535913586616516,-0.18206751752870787,-0.019040286540985107,-0.1793210506439209,-0.1537142138578247,-0.17533528804779053,-0.19592547416687012,-0.06009362299221266,-0.16549211740493774,-0.2693183422088623,-0.15843487192171324,-0.10554683208465576,-0.18832361698150635,-0.1540600400068115,-0.0768505334854126,-0.12369948625564575,-0.12354452569263685
K,0.0,0.0,0.0,0.09411758184432983,-0.08990347385406494,-0.0759364180406692,0.09938716888427734,-0.23649513721466064,-0.10347325728741907,0.0033798813819885254,-0.3401595950126648,-0.12581655011979365,-0.08514481782913208,-0.41340526938438416,-0.14324500785676264,0.06819736957550049,-0.36231309175491333,-0.04946928472725176,0.0968703031539917,-0.5242155194282532,-0.09888606892434382,0.10433787107467651,-0.6268584430217743,-0.1271207146486404,0.1077086329460144,-0.7139346897602081,-0.1419086121162536,-0.029477238655090332,-0.33965224027633667,-0.04864232988563799,-0.0836229920387268,-0.5179988443851471,-0.11679985003081583,-0.1124897301197052,-0.6321280300617218,-0.1573236249527099,-0.13907039165496826,-0.7262376844882965,-0.17198066042271876,-0.10746839642524719,-0.27506881952285767,-0.054455868913805716,-0.12188771367073059,-0.3501603603363037,-0.16736675427762293,-0.05563831329345703,-0.24874120950698853,-0.18149950729218745,-0.0198022723197937,-0.1755596399307251,-0.1535767279705169,-0.17213118076324463,-0.19165349006652832,-0.06229182334152483,-0.16483604907989502,-0.26332879066467285,-0.15756883846131586,-0.10617071390151978,-0.182733952999115,-0.15176154301968836,-0.0784379243850708,-0.11818099021911621,-0.12068809942809366
K,0.0,0.0,0.0,0.09432363510131836,-0.09392052888870239,-0.0725814198029866,0.09840726852416992,-0.23664122819900513,-0.0993472655189862,0.005859971046447754,-0.34072262048721313,-0.12191732422240875,-0.08126866817474365,-0.41387295722961426,-0.14022913769611023,0.06890511512756348,-0.357277512550354,-0.047600204206787566,0.0975683331489563,-0.5201362371444702,-0.09845506594308517,0.10420984029769897,-0.6236599385738373,-0.12813994482883118,0.1081511378288269,-0.7119703888893127,-0.14381265834697388,-0.02730315923690796,-0.3353022336959839,-0.04798433006533287,-0.0825604796409607,-0.512769341468811,-0.11837081060537002,-0.11349344253540039,-0.6261802017688751,-0.16128057435878418,-0.13963013887405396,-0.720322459936142,-0.17765835121997497,-0.10467931628227234,-0.272075355052948,-0.0544123222006192,-0.12084710597991943,-0.34918826818466187,-0.16733622745402954,-0.05632030963897705,-0.24765586853027344,-0.18067366079219482,-0.01995217800140381,-0.17340552806854248,-0.1524265576971402,-0.1697232723236084,-0.18931984901428223,-0.0627259408009877,-0.16702404618263245,-0.2640145421028137,-0.15767283932098053,-0.10799747705459595,-0.18429315090179443,-0.15104519025214813,-0.07789760828018188,-0.11968362331390381,-0.1192534659875264
K,0.0,0.0,0.0,0.0975884199142456,-0.08643287420272827,-0.0734519140781913,0.11412376165390015,-0.22559332847595215,-0.09244941193480827,0.026963621377944946,-0.3345949649810791,-0.10753612238784171,-0.044771403074264526,-0.42091938853263855,-0.1179363654913459,0.09956753253936768,-0.34410542249679565,-0.01724120993037559,0.1344706416130066,-0.4925977289676666,-0.055661928093627466,0.14778465032577515,-0.587391197681427,-0.08028426039834358,0.15835195779800415,-0.6703590452671051,-0.09396278876681663,0.006694912910461426,-0.33473867177963257,-0.014236676691666617,-0.025005847215652466,-0.49988165497779846,-0.07088629919905998,-0.04911884665489197,-0.6100147068500519,-0.10875809956212379,-0.07196110486984253,-0.6958298981189728,-0.12261298317332603,-0.0698687732219696,-0.2863013744354248,-0.0210738072158847,-0.09437355399131775,-0.35788071155548096,-0.12775799650569297,-0.04942101240158081,-0.24847447872161865,-0.14657028037925102,-0.02191174030303955,-0.1733313798904419,-0.12262260187287666,-0.13680574297904968,-0.21808397769927979,-0.030537843889192118,-0.14094680547714233,-0.28646570444107056,-0.12496787328143455,-0.10337567329406738,-0.19416356086730957,-0.12637574989219047,-0.08161613345146179,-0.12571489810943604,-0.10100292432923652
K,0.0,0.0,0.0,0.09319603443145752,-0.08825528621673584,-0.07224508484614489,0.09785324335098267,-0.22675687074661255,-0.1008032049776375,0.002400517463684082,-0.32750368118286133,-0.12535332998049853,-0.0818767249584198,-0.4001365303993225,-0.14570190867198107,0.06681817770004272,-0.34328293800354004,-0.0518418859483063,0.0952146053314209,-0.5069980919361115,-0.10307140758050082,0.10228019952774048,-0.6089185774326324,-0.13190349301112292,0.10640746355056763,-0.6967474520206451,-0.1476617540956795,-0.028107881546020508,-0.32176846265792847,-0.05304965114009974,-0.0816735029220581,-0.49607884883880615,-0.1262657876850426,-0.11219167709350586,-0.608034074306488,-0.17077072819483874,-0.13865184783935547,-0.7003514766693115,-0.18877392371905444,-0.10446003079414368,-0.2602230906486511,-0.05995934566271899,-0.11972635984420776,-0.3365078568458557,-0.17353911062491534,-0.054960548877716064,-0.23652499914169312,-0.18673747142565844,-0.018076539039611816,-0.16259276866912842,-0.1591542895675957,-0.1685734987258911,-0.1804623007774353,-0.06875029315961001,-0.1625305712223053,-0.2530154585838318,-0.16385648509276507,-0.10512182116508484,-0.17235249280929565,-0.15841571351302264,-0.07733345031738281,-0.10643130540847778,-0.12802309652579424
K,0.0,0.0,0.0,0.09187525510787964,-0.09389138221740723,-0.07097539555297772,0.09471511840820312,-0.23318558931350708,-0.09958938758836666,-0.00020581483840942383,-0.3313283920288086,-0.12465110670791546,-0.08893904089927673,-0.40099579095840454,-0.14541673164831082,0.062326133251190186,-0.35625970363616943,-0.04814474161730686,0.08864039182662964,-0.5161423683166504,-0.097486736886367,0.09335160255432129,-0.6138128042221069,-0.12539343040452877,0.09566324949264526,-0.698053240776062,-0.14020490150915066,-0.03218209743499756,-0.3339869976043701,-0.04935438063012043,-0.08536624908447266,-0.506168395280838,-0.11979666601882855,-0.11596211791038513,-0.6152627170085907,-0.1618674347923843,-0.1413763463497162,-0.7043837904930115,-0.1780441651867477,-0.10894623398780823,-0.27156949043273926,-0.05666709195838848,-0.12299731373786926,-0.34371739625930786,-0.16842662792669216,-0.06122928857803345,-0.24462521076202393,-0.18320296209321896,-0.02478480339050293,-0.1719146966934204,-0.15692729752527157,-0.17187994718551636,-0.19170618057250977,-0.06575428199039379,-0.1660253405570984,-0.261867880821228,-0.1580658058451263,-0.11010086536407471,-0.18151181936264038,-0.15301890175805966,-0.08123093843460083,-0.11701899766921997,-0.12358734261260906
K,0.0,0.0,0.0,0.087848961353302,-0.10204535722732544,-0.07251213097265463,0.08836483955383301,-0.24125653505325317,-0.09796878301790457,-0.004932999610900879,-0.3397546410560608,-0.11953848951748114,-0.09478464722633362,-0.40912702679634094,-0.1367596944539855,0.06032758951187134,-0.36180055141448975,-0.03664172419598799,0.08342742919921875,-0.5175247192382812,-0.08414590710094672,0.08734595775604248,-0.6152487993240356,-0.11308527344158392,0.08958882093429565,-0.7006822526454926,-0.12864401542833548,-0.031686484813690186,-0.3394351005554199,-0.036540034946710875,-0.08256563544273376,-0.5093876123428345,-0.10390252226284247,-0.11508232355117798,-0.6180466711521149,-0.14515654349020224,-0.14302733540534973,-0.7081630527973175,-0.1600772848098586,-0.10542356967926025,-0.2769889235496521,-0.04379048922351103,-0.1225857138633728,-0.35410892963409424,-0.1561310847966979,-0.06062808632850647,-0.25424546003341675,-0.1703471800058196,-0.026876211166381836,-0.1812434196472168,-0.14227743053129416,-0.16837024688720703,-0.19538360834121704,-0.05305793115189772,-0.16490760445594788,-0.26943206787109375,-0.14745728277853232,-0.10752615332603455,-0.19128650426864624,-0.14170246922662955,-0.07994833588600159,-0.12730902433395386,-0.11058002316644888
K,0.0,0.0,0.0,0.08895635604858398,-0.10038673877716064,-0.06850948449175576,0.09150969982147217,-0.23375678062438965,-0.0933141287783883,-0.0013079047203063965,-0.3309258818626404,-0.11511346962254265,-0.08853965997695923,-0.3968067467212677,-0.13303527500431755,0.06536340713500977,-0.35108697414398193,-0.03510336842339257,0.09102451801300049,-0.5029280185699463,-0.0828158136824868,0.09546828269958496,-0.6005524694919586,-0.11224912371437767,0.09825277328491211,-0.6846117079257965,-0.1283809867123864,-0.024020373821258545,-0.3292968273162842,-0.03651516403954247,-0.07527410984039307,-0.4962601959705353,-0.1043212812761567,-0.10680681467056274,-0.6010655462741852,-0.14611909057896355,-0.13382619619369507,-0.6868305802345276,-0.1616744276503823,-0.09606906771659851,-0.2681964635848999,-0.044736268780638966,-0.11405116319656372,-0.3435526490211487,-0.15540613498490075,-0.05265170335769653,-0.24656367301940918,-0.16921900477211693,-0.018740296363830566,-0.17372441291809082,-0.1416803773860238,-0.15838152170181274,-0.1880253553390503,-0.054787087104728016,-0.15609630942344666,-0.2627503275871277,-0.14761670198242882,-0.09997570514678955,-0.1867186427116394,-0.14172704782288292,-0.07310044765472412,-0.12251657247543335,-0.110892961583545
K,0.0,0.0,0.0,0.08693760633468628,-0.09590816497802734,-0.06968749120210305,0.09056997299194336,-0.23131084442138672,-0.09389786972974434,-0.0021076202392578125,-0.32728874683380127,-0.11397868200515404,-0.08838990330696106,-0.3934794068336487,-0.12969455673669472,0.06242793798446655,-0.3426712155342102,-0.035408334725843815,0.08771562576293945,-0.49443840980529785,-0.08232588126634255,0.09262531995773315,-0.5908207595348358,-0.11040972723935738,0.09482908248901367,-0.6729889512062073,-0.12558252170060769,-0.02640998363494873,-0.32220345735549927,-0.03535784959171906,-0.07697144150733948,-0.48976221680641174,-0.10263842149947777,-0.10789051651954651,-0.5939843952655792,-0.14333662941430703,-0.1361280381679535,-0.6795564889907837,-0.1581168676850666,-0.09762513637542725,-0.26354658603668213,-0.04216179057334557,-0.11422237753868103,-0.34056997299194336,-0.15226364686463967,-0.05207708477973938,-0.2425248622894287,-0.16429883792375222,-0.018241524696350098,-0.1705470085144043,-0.1359291876790394,-0.15970370173454285,-0.18629807233810425,-0.05097639738892212,-0.1548716425895691,-0.2571008801460266,-0.1436711753842701,-0.09967774152755737,-0.17942380905151367,-0.13778970196221962,-0.07492518424987793,-0.11725544929504395,-0.10736013754581109
K,0.0,0.0,0.0,0.08553987741470337,-0.09650909900665283,-0.06867776411377235,0.08757704496383667,-0.22992664575576782,-0.09278277653061195,-0.003122687339782715,-0.32371985912323,-0.11265112804971977,-0.08490115404129028,-0.39234092831611633,-0.1281409372647886,0.056986331939697266,-0.34035536646842957,-0.03549469980202957,0.08233702182769775,-0.487629234790802,-0.08227513330780312,0.08862495422363281,-0.5812478363513947,-0.11100197183691307,0.09266650676727295,-0.662897139787674,-0.1265641857942228,-0.029584527015686035,-0.3197306990623474,-0.03524595471822067,-0.07593750953674316,-0.4807014465332031,-0.1001073603590612,-0.10508474707603455,-0.5834211111068726,-0.13965461748443886,-0.131257563829422,-0.669781506061554,-0.15454108613334938,-0.09922924637794495,-0.26151561737060547,-0.04184684502683922,-0.11388754844665527,-0.33770066499710083,-0.14827055829368874,-0.053292304277420044,-0.2413541078567505,-0.1588791121801023,-0.020299792289733887,-0.17063868045806885,-0.13087741630874916,-0.15905141830444336,-0.18358349800109863,-0.050602931257117234,-0.15536954998970032,-0.2548649311065674,-0.14019010561310097,-0.10009843111038208,-0.17950409650802612,-0.1334015687068586,-0.0752784013748169,-0.11893600225448608,-0.10318859266840263
K,0.0,0.0,0.0,0.08294093608856201,-0.09122353792190552,-0.06579229421356558,0.08609318733215332,-0.22521018981933594,-0.08904414809683203,-0.0015789270401000977,-0.3203853368759155,-0.10843396372536063,-0.08404234051704407,-0.38610759377479553,-0.12352657503822684,0.057857394218444824,-0.33759137988090515,-0.036693537602218385,0.08001810312271118,-0.4845842123031616,-0.08137377537229895,0.08511626720428467,-0.5773124098777771,-0.10849610156753897,0.0880361795425415,-0.6577259004116058,-0.12366117722729086,-0.027100443840026855,-0.3179202675819397,-0.0375039186272943,-0.07482284307479858,-0.4783514738082886,-0.10046767629125952,-0.10399168729782104,-0.5807406604290009,-0.13940875417927145,-0.13148275017738342,-0.6659870147705078,-0.15457605011204123,-0.0959387719631195,-0.2601432800292969,-0.04441609791854262,-0.11397325992584229,-0.3359456956386566,-0.14782574958542227,-0.05311581492424011,-0.24190837144851685,-0.15901267714241385,-0.02026998996734619,-0.1723880171775818,-0.13271787948349356,-0.15540027618408203,-0.18284249305725098,-0.05330472625234961,-0.1518506407737732,-0.2508404850959778,-0.1414208877775991,-0.09711900353431702,-0.17789524793624878,-0.1362391430828893,-0.0725286602973938,-0.11895710229873657,-0.10790826565960288
K,0.0,0.0,0.0,0.08247137069702148,-0.09533792734146118,-0.06556635431081759,0.08756101131439209,-0.2293468713760376,-0.08839821151525484,-0.0006974935531616211,-0.32482272386550903,-0.10805874398977267,-0.08546561002731323,-0.3896360993385315,-0.12368569604188906,0.06009650230407715,-0.33688247203826904,-0.033980862117118704,0.0808027982711792,-0.4836076498031616,-0.07793712697059618,0.08349740505218506,-0.5747676491737366,-0.10432750067741381,0.08606475591659546,-0.6536922454833984,-0.11867106041938769,-0.024140775203704834,-0.31621867418289185,-0.03460286638767229,-0.07230040431022644,-0.4772414565086365,-0.09684991917640673,-0.10166144371032715,-0.577932745218277,-0.1350660034182738,-0.1271040141582489,-0.6593151688575745,-0.1495286532405089,-0.09233543276786804,-0.2594195008277893,-0.041808907753534186,-0.11006009578704834,-0.3346624970436096,-0.14453934214145647,-0.051380932331085205,-0.24395906925201416,-0.1577700682643126,-0.01865863800048828,-0.17565035820007324,-0.13296677253276812,-0.15130287408828735,-0.1853640079498291,-0.05092350847155558,-0.14678573608398438,-0.2562338709831238,-0.13714948377639757,-0.0941404402256012,-0.18495100736618042,-0.13228494010002123,-0.06921142339706421,-0.1251373291015625,-0.10466285876066195
K,0.0,0.0,0.0,0.08039486408233643,-0.10030287504196167,-0.061422805649044676,0.0788424015045166,-0.22555524110794067,-0.08487183542251842,-0.00625687837600708,-0.31608253717422485,-0.10637595446110026,-0.08735954761505127,-0.37974458932876587,-0.12446661980152385,0.052003681659698486,-0.32886552810668945,-0.03364986122846858,0.07233685255050659,-0.4723672568798065,-0.0793135681867625,0.07444125413894653,-0.5627524256706238,-0.10705026180744426,0.07715451717376709,-0.6420983970165253,-0.12210301996469752,-0.030855178833007812,-0.3081948757171631,-0.03633436502218501,-0.07824888825416565,-0.46524935960769653,-0.10108135582208888,-0.10967066884040833,-0.5653684735298157,-0.14061918051243083,-0.1356869637966156,-0.6454872190952301,-0.15585135610103862,-0.09776154160499573,-0.25072938203811646,-0.045041046452524824,-0.11528134346008301,-0.3243051767349243,-0.14797063858509318,-0.056302934885025024,-0.2375037670135498,-0.16073536069393413,-0.02227538824081421,-0.16938835382461548,-0.13552420527935283,-0.15515446662902832,-0.17484736442565918,-0.0552829013884093,-0.15358436107635498,-0.2473713755607605,-0.14030990691185252,-0.09816938638687134,-0.1813601851463318,-0.13463715405464427,-0.06988796591758728,-0.12320178747177124,-0.10646007151603953
K,0.0,0.0,0.0,0.08063960075378418,-0.09783780574798584,-0.06279113905736722,0.08146214485168457,-0.23224103450775146,-0.08316997455665387,-0.004965782165527344,-0.3275953531265259,-0.10084600018569745,-0.08868986368179321,-0.3912414610385895,-0.11448521184036053,0.051628708839416504,-0.3365629315376282,-0.029341744428961647,0.06911760568618774,-0.48291876912117004,-0.07176437990972317,0.06992357969284058,-0.5720482468605042,-0.09656889753648557,0.07264834642410278,-0.6501379907131195,-0.10977908985921658,-0.03116413950920105,-0.3147907257080078,-0.029667325487821472,-0.08148714900016785,-0.47129228711128235,-0.09267288463422574,-0.11304911971092224,-0.5681662559509277,-0.13100431876489438,-0.138735830783844,-0.6469842195510864,-0.1455354543239764,-0.09740564227104187,-0.25849366188049316,-0.0363147670240096,-0.11548417806625366,-0.33268171548843384,-0.1384236963302783,-0.05556502938270569,-0.24241667985916138,-0.15157195942708768,-0.02034449577331543,-0.1751765012741089,-0.1270600111992053,-0.15365159511566162,-0.1853504776954651,-0.044668257406442535,-0.15026870369911194,-0.25290024280548096,-0.12999732809373654,-0.09516558051109314,-0.1821243166923523,-0.12632893042871274,-0.06741207838058472,-0.12523865699768066,-0.10002268122741498
K,0.0,0.0,0.0,0.0952567458152771,-0.08072948455810547,-0.0716714565555776,0.11485922336578369,-0.2228102684020996,-0.0903697763483251,0.029242247343063354,-0.33454179763793945,-0.10520380036041388,-0.04577583074569702,-0.41843080520629883,-0.11545724467441687,0.1055726408958435,-0.33274298906326294,-0.01913420156643042,0.12808763980865479,-0.48547691106796265,-0.05839552403494963,0.13538110256195068,-0.5847625732421875,-0.08365635619566092,0.14167970418930054,-0.6704174280166626,-0.0984654282133306,0.014858871698379517,-0.3242603540420532,-0.018278262103649467,-0.011188894510269165,-0.4927625060081482,-0.07294695125028738,-0.027193844318389893,-0.6025166213512421,-0.10921897039816031,-0.04300719499588013,-0.6893304884433746,-0.1235394705931867,-0.06145656108856201,-0.27906984090805054,-0.027231622944327682,-0.0899510383605957,-0.3624797463417053,-0.12920844600603232,-0.05187135934829712,-0.2575113773345947,-0.14450342998907217,-0.027900606393814087,-0.1832740306854248,-0.1207471196453298,-0.13184034824371338,-0.2136712670326233,-0.03927759499356398,-0.13902804255485535,-0.2897456884384155,-0.12922094808027396,-0.10600370168685913,-0.20163828134536743,-0.12868635402128348,-0.08715063333511353,-0.13398802280426025,-0.10404133842394003
K,0.0,0.0,0.0,0.08115273714065552,-0.09604781866073608,-0.0642256276291846,0.0796734094619751,-0.22940510511398315,-0.08347850158634174,-0.010806679725646973,-0.31885868310928345,-0.0985111431759833,-0.09241575002670288,-0.38095492124557495,-0.10938119754018771,0.045605480670928955,-0.32626157999038696,-0.03158255159678447,0.06398379802703857,-0.47018343210220337,-0.0724932388943671,0.06605464220046997,-0.5594733953475952,-0.09683956071557986,0.06675338745117188,-0.6369005143642426,-0.10990596428337085,-0.03430184721946716,-0.30541491508483887,-0.03010671078982341,-0.08455747365951538,-0.45996084809303284,-0.08745086058797824,-0.11502867937088013,-0.5565841794013977,-0.12250409141006458,-0.14308542013168335,-0.6357518434524536,-0.1357803927344321,-0.0972447395324707,-0.24993491172790527,-0.03512604772868144,-0.11514243483543396,-0.3255801200866699,-0.1314602182787894,-0.05306726694107056,-0.24092233180999756,-0.1428490565699576,-0.019718706607818604,-0.17798304557800293,-0.11891648784103381,-0.15114149451255798,-0.1765868067741394,-0.042120842782878753,-0.14908206462860107,-0.24587804079055786,-0.12351357802572238,-0.09323135018348694,-0.17865484952926636,-0.1186476783436774,-0.0666159987449646,-0.12396210432052612,-0.09269813313903796
K,0.0,0.0,0.0,0.07626563310623169,-0.09683495759963989,-0.06298166500062052,0.07534700632095337,-0.2277657389640808,-0.0831443964096934,-0.013923704624176025,-0.3146665692329407,-0.09960633502930705,-0.09355992078781128,-0.37658417224884033,-0.11212699846953456,0.04021197557449341,-0.31959962844848633,-0.032384879753294626,0.05756431818008423,-0.46127042174339294,-0.07444190965622965,0.05872410535812378,-0.550931990146637,-0.09944608794182841,0.05859798192977905,-0.6284654140472412,-0.11270728693932597,-0.03765943646430969,-0.2969077229499817,-0.0322783774289519,-0.0874708890914917,-0.45099228620529175,-0.0897533892247111,-0.11987608671188354,-0.5489796996116638,-0.12497608350247447,-0.14967864751815796,-0.6290356516838074,-0.13827639804810588,-0.09949904680252075,-0.2403714656829834,-0.038524076208773295,-0.12046685814857483,-0.3168501853942871,-0.1353294699046046,-0.059273481369018555,-0.23069190979003906,-0.14596298323601786,-0.02553856372833252,-0.1657359004020691,-0.12096215026110713,-0.15340197086334229,-0.16520267724990845,-0.04662062586874072,-0.15559035539627075,-0.23573869466781616,-0.1280205099436671,-0.09892567992210388,-0.17040032148361206,-0.12209000425070826,-0.0706833004951477,-0.11558395624160767,-0.09487121538847987
K,0.0,0.0,0.0,0.07762521505355835,-0.10039365291595459,-0.061963842069872044,0.0744551420211792,-0.22983306646347046,-0.08183035329557242,-0.012640655040740967,-0.3191903829574585,-0.0986596278903562,-0.09323692321777344,-0.3806000053882599,-0.1117017798183042,0.04109889268875122,-0.32477736473083496,-0.031850592052705906,0.055106520652770996,-0.4690098762512207,-0.07436770275808158,0.05418604612350464,-0.5572969317436218,-0.09911430702186408,0.0544886589050293,-0.6342142224311829,-0.11180227324939551,-0.037116289138793945,-0.30231398344039917,-0.03135524765230002,-0.08843189477920532,-0.45709919929504395,-0.09088030532575431,-0.12256506085395813,-0.5532462894916534,-0.12623704299903693,-0.15082380175590515,-0.6308192312717438,-0.13921082839942756,-0.09987154603004456,-0.24592578411102295,-0.03713321760869803,-0.11896193027496338,-0.3230084776878357,-0.1338781498429853,-0.05958223342895508,-0.2376995086669922,-0.14439425692535224,-0.02502584457397461,-0.17225342988967896,-0.11934166476703467,-0.1550016701221466,-0.17220115661621094,-0.044735551631220005,-0.15420135855674744,-0.24319368600845337,-0.12458875850416007,-0.09950250387191772,-0.17763692140579224,-0.11842968389964881,-0.07207459211349487,-0.122378408908844,-0.09131867513633551
K,0.0,0.0,0.0,0.07372081279754639,-0.09081274271011353,-0.06278267028437767,0.06986743211746216,-0.22031527757644653,-0.08251501890526924,-0.02184206247329712,-0.3061745762825012,-0.09781594845162545,-0.10484039783477783,-0.3633342981338501,-0.10957290502892647,0.03699922561645508,-0.31298506259918213,-0.03310418027149353,0.055401623249053955,-0.45324915647506714,-0.07484241100655709,0.05623829364776611,-0.5401510000228882,-0.10021487894164238,0.0546644926071167,-0.6162412762641907,-0.11378852548705254,-0.04013782739639282,-0.29297006130218506,-0.0314105403672329,-0.09193754196166992,-0.44473493099212646,-0.0874141705285183,-0.1239062249660492,-0.5385076999664307,-0.12095089527474556,-0.15327876806259155,-0.6185706853866577,-0.13346231999503289,-0.10015344619750977,-0.2385772466659546,-0.03571615638838921,-0.12488853931427002,-0.314571738243103,-0.12948148968325768,-0.0632026195526123,-0.23368501663208008,-0.13819147172080193,-0.028224647045135498,-0.1718839406967163,-0.11323669078456078,-0.1509505808353424,-0.16624045372009277,-0.041806141759025195,-0.15309759974479675,-0.23176872730255127,-0.12055187198029671,-0.09686657786369324,-0.16852396726608276,-0.11328418823586617,-0.06788846850395203,-0.11481034755706787,-0.0858863619218937
K,0.0,0.0,0.0,0.07401096820831299,-0.09675061702728271,-0.06072579541103096,0.07327187061309814,-0.22475332021713257,-0.07959457331196518,-0.012585341930389404,-0.311551034450531,-0.09439887695805282,-0.09256479144096375,-0.3667411506175995,-0.10585826479689331,0.03539681434631348,-0.31491172313690186,-0.031614283405701826,0.05526667833328247,-0.4562891721725464,-0.07181092941061706,0.05751532316207886,-0.5432018339633942,-0.0967381208469078,0.057244837284088135,-0.6175578236579895,-0.10962608300940246,-0.03937089443206787,-0.2951914072036743,-0.02939474799529762,-0.09004440903663635,-0.44722726941108704,-0.08209302120701523,-0.11828434467315674,-0.541347324848175,-0.11436723016993255,-0.14432179927825928,-0.6185851991176605,-0.1264518409301445,-0.09811350703239441,-0.24211710691452026,-0.0330881460835144,-0.11495524644851685,-0.31764161586761475,-0.11997037970320434,-0.05654826760292053,-0.24263840913772583,-0.12896946661965103,-0.02567470073699951,-0.18260937929153442,-0.10595165782467575,-0.14877942204475403,-0.1714600920677185,-0.038814155690829466,-0.14688608050346375,-0.23691082000732422,-0.11084510975376816,-0.09405410289764404,-0.17829537391662598,-0.10341887765423508,-0.06921076774597168,-0.1255812644958496,-0.07726061188475342
K,0.0,0.0,0.0,0.07008743286132812,-0.09627020359039307,-0.0588729925456164,0.07071399688720703,-0.2251732349395752,-0.07746307030345179,-0.012325704097747803,-0.31317800283432007,-0.09263938888932444,-0.09107449650764465,-0.36854177713394165,-0.10446106120969034,0.034044623374938965,-0.3117941617965698,-0.0304866772147534,0.05259925127029419,-0.4529149830341339,-0.07152779623891092,0.05526310205459595,-0.5388075709342957,-0.09622226133967615,0.056475162506103516,-0.6117706298828125,-0.10799580290938593,-0.0402032732963562,-0.29216933250427246,-0.029047763347875843,-0.08897700905799866,-0.4449920058250427,-0.08141332343245722,-0.11813998222351074,-0.5402094125747681,-0.11237546280051447,-0.14228981733322144,-0.6160158812999725,-0.12312764152909494,-0.10072430968284607,-0.23990356922149658,-0.033764927089464436,-0.11533787846565247,-0.3127790093421936,-0.1201133005323527,-0.059745579957962036,-0.2382526397705078,-0.12931369468594767,-0.028078556060791016,-0.17735612392425537,-0.10610593333865381,-0.15344315767288208,-0.17132830619812012,-0.04041651487375475,-0.1474331021308899,-0.2354567050933838,-0.11003655418778635,-0.09662339091300964,-0.176397442817688,-0.10154845789099909,-0.07221457362174988,-0.12252342700958252,-0.07480512782956339
K,0.0,0.0,0.0,0.07246488332748413,-0.09364110231399536,-0.06061710190999747,0.07508206367492676,-0.22314006090164185,-0.07751860243308784,-0.00990903377532959,-0.3116344213485718,-0.09014096629846335,-0.08664977550506592,-0.36794692277908325,-0.0997022963784957,0.040741026401519775,-0.30547213554382324,-0.027977641271832,0.057971179485321045,-0.4445399343967438,-0.06659959030378104,0.061751723289489746,-0.5315428376197815,-0.09042565298307181,0.0629509687423706,-0.6041707098484039,-0.10166846734512092,-0.03289985656738281,-0.28704017400741577,-0.024283304410460005,-0.07957658171653748,-0.4388875365257263,-0.07096235972869636,-0.10743927955627441,-0.5334428548812866,-0.09867854190099479,-0.13208776712417603,-0.6085327565670013,-0.10764843744266273,-0.09191840887069702,-0.23798227310180664,-0.02746833634603263,-0.10858890414237976,-0.3156757950782776,-0.10925120634067298,-0.054891228675842285,-0.24189889430999756,-0.11821730208623649,-0.02432149648666382,-0.18181222677230835,-0.09557690990197898,-0.14299440383911133,-0.17165416479110718,-0.032851280244472036,-0.14085102081298828,-0.23750144243240356,-0.10045075935352088,-0.09167388081550598,-0.17981475591659546,-0.09317834449041129,-0.06609177589416504,-0.12685436010360718,-0.06752551120746375
K,0.0,0.0,0.0,0.07006460428237915,-0.09696024656295776,-0.05837272614292033,0.07422316074371338,-0.2257269024848938,-0.0759296020870579,-0.005973875522613525,-0.3185115456581116,-0.08934505790523417,-0.08170533180236816,-0.3730882406234741,-0.09979160636714823,0.04169553518295288,-0.3015804886817932,-0.032892254591502024,0.05936712026596069,-0.44250887632369995,-0.07234537363103755,0.06329178810119629,-0.5288929343223572,-0.09623148798993952,0.0654032826423645,-0.6024117171764374,-0.10737174511007197,-0.03040403127670288,-0.28685736656188965,-0.029717649743474794,-0.07436156272888184,-0.44020676612854004,-0.07691040396741755,-0.10203802585601807,-0.5359438061714172,-0.10470527917198069,-0.12457349896430969,-0.6121932864189148,-0.11427312105945475,-0.08973512053489685,-0.24186432361602783,-0.03252508625439532,-0.10548827052116394,-0.3176300525665283,-0.11176406353763468,-0.057566285133361816,-0.24583160877227783,-0.12019958108714945,-0.02889537811279297,-0.1845666766166687,-0.09823279589465983,-0.14258110523223877,-0.1794026494026184,-0.037533757687128855,-0.13921892642974854,-0.2429046630859375,-0.10127314686826594,-0.0930224359035492,-0.18902969360351562,-0.09308827430061228,-0.06860661506652832,-0.136979877948761,-0.06775513798049815
K,0.0,0.0,0.0,0.07431942224502563,-0.09286004304885864,-0.05901306246926197,0.08410686254501343,-0.21678006649017334,-0.07726748039533504,0.0021486282348632812,-0.306644082069397,-0.09164885183383831,-0.07064545154571533,-0.3658088445663452,-0.10314162572433361,0.04911458492279053,-0.29229259490966797,-0.03281408300210842,0.06781202554702759,-0.4281002879142761,-0.07302813728858837,0.07229334115982056,-0.5129029750823975,-0.09708819290210613,0.07575297355651855,-0.5848770141601562,-0.10906919588853725,-0.0225793719291687,-0.27641040086746216,-0.030399642265933835,-0.06200540065765381,-0.4264315068721771,-0.07870293160488018,-0.08753997087478638,-0.519935131072998,-0.10639919837524303,-0.11045080423355103,-0.59513258934021,-0.11621384819557079,-0.08110588788986206,-0.23142170906066895,-0.03458732490946659,-0.09676691889762878,-0.3089621067047119,-0.11635880669166454,-0.04608726501464844,-0.23525673151016235,-0.12394416829158672,-0.017395198345184326,-0.17508620023727417,-0.101371136806506,-0.13441824913024902,-0.16841638088226318,-0.04102325191308864,-0.13181275129318237,-0.23422890901565552,-0.10785034050752529,-0.08565878868103027,-0.1791260838508606,-0.10060967256833919,-0.06278645992279053,-0.12877744436264038,-0.0758644988160313
K,0.0,0.0,0.0,0.07371556758880615,-0.09357178211212158,-0.053980694380470595,0.08413940668106079,-0.21925652027130127,-0.07032706331915506,0.006233930587768555,-0.3127923309803009,-0.08444703113741525,-0.06788760423660278,-0.36953866481781006,-0.0960949410170997,0.05238461494445801,-0.2944885492324829,-0.028986121755906424,0.0700826644897461,-0.43225225806236267,-0.06792250019020685,0.07469075918197632,-0.5169404745101929,-0.0911593113512481,0.07927393913269043,-0.5885266065597534,-0.1028104920358146,-0.020392239093780518,-0.278964638710022,-0.0294790633440698,-0.05962759256362915,-0.4302718937397003,-0.07715250295109399,-0.08477210998535156,-0.5242061018943787,-0.10586292040056833,-0.10562372207641602,-0.599208265542984,-0.11695572477287897,-0.08089345693588257,-0.23375868797302246,-0.035963964876600585,-0.09244763851165771,-0.31278613209724426,-0.11600001644796976,-0.04403871297836304,-0.2413734793663025,-0.12514653545326837,-0.0161779522895813,-0.1801883578300476,-0.10450248163647302,-0.13695961236953735,-0.17095470428466797,-0.04449465241737016,-0.13179045915603638,-0.23812788724899292,-0.11021020006842264,-0.0848003625869751,-0.1866755485534668,-0.10423063230223306,-0.059709131717681885,-0.13557344675064087,-0.08085006963915475
K,0.0,0.0,0.0,0.09896352887153625,-0.09106874465942383,-0.07757158973060996,0.11358514428138733,-0.23403245210647583,-0.09812697418772132,0.025871872901916504,-0.3433235287666321,-0.11460943170629889,-0.04660239815711975,-0.43443286418914795,-0.1256790573223725,0.1029684841632843,-0.3519718647003174,-0.016157714880932872,0.11902812123298645,-0.4996365010738373,-0.05491565190993697,0.11907371878623962,-0.5978547930717468,-0.08094239630543143,0.1200699508190155,-0.6831210851669312,-0.09695075847946555,0.012678027153015137,-0.3401309847831726,-0.013568771302630012,-0.00788414478302002,-0.5011464357376099,-0.07148159690939337,-0.018591493368148804,-0.6110379099845886,-0.1084450969918862,-0.0288163423538208,-0.6961148381233215,-0.1228721628411904,-0.06667879223823547,-0.291012167930603,-0.02274697110794932,-0.09122210741043091,-0.3748435378074646,-0.13138928659998328,-0.05014556646347046,-0.26376843452453613,-0.14971471973501593,-0.024723470211029053,-0.18644821643829346,-0.12649136432253272,-0.13752707839012146,-0.2233182191848755,-0.035542007766594,-0.13807639479637146,-0.30122119188308716,-0.13178029306970984,-0.10358843207359314,-0.21120226383209229,-0.1361020470484391,-0.08603724837303162,-0.14454489946365356,-0.11462283530079276
K,0.0,0.0,0.0,0.07558184862136841,-0.09880846738815308,-0.05604406639156423,0.08635073900222778,-0.22444701194763184,-0.07228807552871785,0.00791400671005249,-0.3178015351295471,-0.08565681620655141,-0.0642271637916565,-0.37733349204063416,-0.09590680345115743,0.053279876708984375,-0.2968769073486328,-0.026006100766039708,0.07097804546356201,-0.4351685345172882,-0.06453448726949773,0.07860571146011353,-0.5190721154212952,-0.08789260133323751,0.08583897352218628,-0.5894843339920044,-0.09902721836385808,-0.016981422901153564,-0.28436070680618286,-0.02420810244200311,-0.0555880069732666,-0.4376077651977539,-0.06958075060663305,-0.07935565710067749,-0.5313244462013245,-0.09651100828466497,-0.09942519664764404,-0.6034950613975525,-0.10636481835661016,-0.07677394151687622,-0.24250221252441406,-0.02934147051689706,-0.09086745977401733,-0.32300883531570435,-0.1078467611890801,-0.043879806995391846,-0.254946768283844,-0.11816555454549871,-0.017036020755767822,-0.1957903504371643,-0.09861022426900945,-0.1326165795326233,-0.18297898769378662,-0.03675070225415311,-0.12494629621505737,-0.24958044290542603,-0.10144675715980611,-0.07956510782241821,-0.19662874937057495,-0.09690761759100042,-0.057125985622406006,-0.14490854740142822,-0.07500659122285924
K,0.0,0.0,0.0,0.07550078630447388,-0.09898543357849121,-0.05290312027671007,0.0893126130104065,-0.2239481806755066,-0.06920094495751528,0.011914432048797607,-0.3196362257003784,-0.08433972006776003,-0.05994600057601929,-0.3788287043571472,-0.09632095402218965,0.05375152826309204,-0.29744505882263184,-0.022815347519895113,0.07381582260131836,-0.4342142939567566,-0.062092383262893236,0.08089590072631836,-0.5176884531974792,-0.08589513307549623,0.08731240034103394,-0.5877152979373932,-0.09780223375298647,-0.01769489049911499,-0.283624529838562,-0.023615891915937937,-0.055730342864990234,-0.43666407465934753,-0.07229342764355806,-0.07656222581863403,-0.5293814539909363,-0.10081919735409883,-0.0941881537437439,-0.6005254983901978,-0.11160647576787142,-0.07794684171676636,-0.24157166481018066,-0.03129891013838915,-0.0870237946510315,-0.3210989236831665,-0.11278310125806001,-0.03650742769241333,-0.25343167781829834,-0.12441851651408342,-0.008380115032196045,-0.19372302293777466,-0.10532068168856767,-0.13312780857086182,-0.18261271715164185,-0.041096319315215624,-0.12193822860717773,-0.24885207414627075,-0.10717366343476442,-0.07483828067779541,-0.1988661289215088,-0.10397222345807222,-0.05069243907928467,-0.14814633131027222,-0.08301472371556429
K,0.0,0.0,0.0,0.07593882083892822,-0.09959936141967773,-0.05552949209857161,0.08851635456085205,-0.21922695636749268,-0.07352437650013144,0.010320842266082764,-0.31167441606521606,-0.08956028347063238,-0.05868220329284668,-0.3735240697860718,-0.10251609062004263,0.05904555320739746,-0.2869938015937805,-0.024870833504678558,0.08222365379333496,-0.4194934070110321,-0.0639995989685076,0.08937305212020874,-0.5036042332649231,-0.0880070013289469,0.09590572118759155,-0.5748926997184753,-0.10032139544534857,-0.010773003101348877,-0.2753996253013611,-0.023965142789961646,-0.04417586326599121,-0.42498475313186646,-0.07156251941967184,-0.06436657905578613,-0.5174344778060913,-0.09915784572410757,-0.08161157369613647,-0.5897161364555359,-0.10968193237829382,-0.07022428512573242,-0.2369251251220703,-0.03027842392373259,-0.07883012294769287,-0.31568312644958496,-0.10956868355322058,-0.03293871879577637,-0.2486066222190857,-0.1196997446303385,-0.008206546306610107,-0.18934941291809082,-0.10009565030384238,-0.1270316243171692,-0.182020902633667,-0.039118992287399124,-0.11464715003967285,-0.24869763851165771,-0.10216515337276633,-0.06992220878601074,-0.20116448402404785,-0.09798738931465323,-0.04828619956970215,-0.15234696865081787,-0.0769400206689852
K,0.0,0.0,0.0,0.07475638389587402,-0.10140776634216309,-0.05232981095116429,0.0845978856086731,-0.21711057424545288,-0.07146488750379376,0.01069784164428711,-0.30844366550445557,-0.08977570259969525,-0.0542563796043396,-0.3713424503803253,-0.10503131771486096,0.05872178077697754,-0.2841126322746277,-0.02532153638105683,0.08170980215072632,-0.4155917763710022,-0.06517535323303036,0.08764928579330444,-0.49853968620300293,-0.0897903578917294,0.09226071834564209,-0.5692835748195648,-0.10265926146905713,-0.011533021926879883,-0.2722288966178894,-0.026592635233214423,-0.04613763093948364,-0.42142218351364136,-0.07610045993726544,-0.06729871034622192,-0.5144868493080139,-0.1049035775105267,-0.08534908294677734,-0.5895751416683197,-0.11632982516687207,-0.07171863317489624,-0.2339237928390503,-0.034502639118841216,-0.07815665006637573,-0.3139447867870331,-0.11336110407512479,-0.03293812274932861,-0.24780505895614624,-0.12254196280639462,-0.008994519710540771,-0.18904471397399902,-0.10261817896764569,-0.12853747606277466,-0.17968064546585083,-0.044906980041673705,-0.11566674709320068,-0.24955910444259644,-0.10617161417405896,-0.07114917039871216,-0.20487964153289795,-0.10078136498134427,-0.04929918050765991,-0.15643095970153809,-0.07916082317035489
K,0.0,0.0,0.0,0.07722556591033936,-0.10178518295288086,-0.051492816029508504,0.08970552682876587,-0.22343605756759644,-0.06776688453408042,0.01488417387008667,-0.3178695738315582,-0.08317180928440848,-0.051992833614349365,-0.3788822591304779,-0.09532665666790763,0.05805009603500366,-0.2866785526275635,-0.020476788474638852,0.08088064193725586,-0.4173714816570282,-0.05885422807784835,0.08801400661468506,-0.4991108179092407,-0.08274309542628089,0.09339320659637451,-0.568182110786438,-0.09524497595282355,-0.011410057544708252,-0.276252806186676,-0.021893505199273022,-0.04465144872665405,-0.4252340793609619,-0.06935901400299826,-0.06293988227844238,-0.5171622633934021,-0.09745729920120993,-0.07895088195800781,-0.5902984142303467,-0.10877932813616553,-0.0713120698928833,-0.23905301094055176,-0.03038909864278594,-0.07431674003601074,-0.31924179196357727,-0.1084253137991027,-0.028217434883117676,-0.2543095350265503,-0.11876002159567633,-0.005001187324523926,-0.19632142782211304,-0.10026538577528754,-0.12794005870819092,-0.1856544017791748,-0.04135318305941382,-0.11170995235443115,-0.2535932660102844,-0.10286592897625724,-0.06768971681594849,-0.207203209400177,-0.09853803571911612,-0.04683554172515869,-0.15797245502471924,-0.07818787005396644
K,0.0,0.0,0.0,0.0765923261642456,-0.09910827875137329,-0.05138302135878803,0.09212160110473633,-0.2186632752418518,-0.06675516355448963,0.01931387186050415,-0.31359538435935974,-0.08175168472939731,-0.04735159873962402,-0.3752742409706116,-0.09336453217679264,0.05806756019592285,-0.28644269704818726,-0.01696028101855518,0.08367794752120972,-0.4156866669654846,-0.054062566791117206,0.0939563512802124,-0.49464935064315796,-0.07724918711596729,0.10193419456481934,-0.5620396733283997,-0.08902117151433231,-0.010668754577636719,-0.276395320892334,-0.018028118718802943,-0.04117065668106079,-0.42552265524864197,-0.06394163060599567,-0.05824226140975952,-0.515276163816452,-0.09138843703681232,-0.07402461767196655,-0.5827525854110718,-0.1021219669621587,-0.07031464576721191,-0.23902738094329834,-0.026560400683820262,-0.07161778211593628,-0.3151073157787323,-0.10541818577462436,-0.0233156681060791,-0.24953901767730713,-0.11809400755578281,0.0011218786239624023,-0.19101178646087646,-0.10054921645337345,-0.12576955556869507,-0.1858099102973938,-0.03734297591859104,-0.11017781496047974,-0.25492680072784424,-0.09980491835290195,-0.06374955177307129,-0.20839476585388184,-0.09667556274348499,-0.04043930768966675,-0.15737193822860718,-0.07696226525717975
K,0.0,0.0,0.0,0.07809847593307495,-0.09108668565750122,-0.05355013072164638,0.0904926061630249,-0.20778018236160278,-0.07097339912922962,0.01843804121017456,-0.2995380163192749,-0.08612256034882648,-0.04452061653137207,-0.3637862503528595,-0.09838483020337208,0.06216764450073242,-0.2722909450531006,-0.027826090377288892,0.09118342399597168,-0.39822039008140564,-0.06487918927939518,0.10040926933288574,-0.4791504442691803,-0.08697396054537876,0.10719013214111328,-0.5489202439785004,-0.09845619186432941,-0.005413055419921875,-0.26377683877944946,-0.02665700487466438,-0.030179977416992188,-0.4077049195766449,-0.07302404477866276,-0.04719972610473633,-0.4992571473121643,-0.09972432538540943,-0.06468963623046875,-0.5732893943786621,-0.11024871751340015,-0.06412559747695923,-0.22901588678359985,-0.031904975917655065,-0.06766307353973389,-0.30790963768959045,-0.10958604052336796,-0.023939132690429688,-0.23969322443008423,-0.11994631871255024,-0.0036429762840270996,-0.18077796697616577,-0.10133397116931064,-0.1197739839553833,-0.17850393056869507,-0.03930835708649738,-0.10119950771331787,-0.24663043022155762,-0.10258150383504017,-0.05607330799102783,-0.19844627380371094,-0.0998501135376273,-0.03519660234451294,-0.1496613621711731,-0.08013011797936542
K,0.0,0.0,0.0,0.0781179666519165,-0.09810924530029297,-0.05360847937447488,0.08940809965133667,-0.21666979789733887,-0.07024634855372369,0.017760872840881348,-0.308169424533844,-0.08477539795023858,-0.04586291313171387,-0.3721514642238617,-0.09627364056689203,0.05894392728805542,-0.27474141120910645,-0.023839101591534018,0.08702170848846436,-0.3984024226665497,-0.062005481147593855,0.09862697124481201,-0.4776933491230011,-0.08581407594067514,0.10759323835372925,-0.5459916293621063,-0.09776919561011255,-0.0072626471519470215,-0.2695273160934448,-0.022294313111729025,-0.03203451633453369,-0.4137154221534729,-0.06800405161959588,-0.04874390363693237,-0.5057041049003601,-0.09490945416075647,-0.06578606367111206,-0.5789892673492432,-0.10551097469908655,-0.06680083274841309,-0.23745083808898926,-0.027827702858871817,-0.07096147537231445,-0.3155457377433777,-0.10465744363648355,-0.02761542797088623,-0.24815189838409424,-0.11559947060925424,-0.007024824619293213,-0.18901902437210083,-0.09740491437298715,-0.12345224618911743,-0.1892140507698059,-0.03568459528071344,-0.10512852668762207,-0.2578219175338745,-0.09601488935334146,-0.062395453453063965,-0.21008706092834473,-0.09195234852415979,-0.04389166831970215,-0.16014373302459717,-0.07193965690714776
K,0.0,0.0,0.0,0.07978981733322144,-0.09523159265518188,-0.05193762247824907,0.09589362144470215,-0.2140483260154724,-0.0665259114410901,0.024752795696258545,-0.308401882648468,-0.07990930741095781,-0.03817266225814819,-0.37065327167510986,-0.08983225142026185,0.062111079692840576,-0.2789652943611145,-0.01726337288880586,0.09036791324615479,-0.4046456515789032,-0.05302009870672464,0.10377347469329834,-0.481520414352417,-0.07506689195895433,0.11438965797424316,-0.5461694598197937,-0.08635732298159837,-0.003641486167907715,-0.2715247869491577,-0.016420326655747886,-0.0300559401512146,-0.41662582755088806,-0.061159485479834075,-0.04307526350021362,-0.5052453279495239,-0.08799294894004106,-0.05788016319274902,-0.5729917883872986,-0.0988517901804471,-0.06233477592468262,-0.23672759532928467,-0.023020341521146293,-0.06685423851013184,-0.3162790536880493,-0.1007077745106244,-0.018835842609405518,-0.2517552971839905,-0.11422400688195467,0.0033758878707885742,-0.19506603479385376,-0.09807386760974168,-0.11808991432189941,-0.18629103899002075,-0.031688535114767546,-0.09919172525405884,-0.25440335273742676,-0.09447353099847078,-0.0524786114692688,-0.20820510387420654,-0.0936972103025937,-0.03208261728286743,-0.15979069471359253,-0.07621685182118654
K,0.0,0.0,0.0,0.08071309328079224,-0.09395921230316162,-0.051892194733795804,0.10268664360046387,-0.21455520391464233,-0.0648968255378577,0.03190702199935913,-0.3113769292831421,-0.07691870986002414,-0.03559422492980957,-0.3712463676929474,-0.08554043977039782,0.06530022621154785,-0.2852153182029724,-0.012463643983778638,0.09356099367141724,-0.40923088788986206,-0.04440201057570903,0.10629767179489136,-0.48440009355545044,-0.06501372514742343,0.11385244131088257,-0.5491172671318054,-0.07654061524647204,-0.0015544891357421875,-0.27752530574798584,-0.012437503621754331,-0.02735722064971924,-0.421225368976593,-0.05346624164360492,-0.040644705295562744,-0.5076213479042053,-0.07939295826929538,-0.05730360746383667,-0.5732955038547516,-0.0904734468318793,-0.059825122356414795,-0.24172914028167725,-0.020331056625423116,-0.06301766633987427,-0.3201409876346588,-0.09688192962187259,-0.01580256223678589,-0.2560690641403198,-0.1124676725127074,0.004996955394744873,-0.20075702667236328,-0.0985724663593146,-0.11456483602523804,-0.19032156467437744,-0.03041832132714717,-0.09649372100830078,-0.25823259353637695,-0.0948406195499274,-0.049751222133636475,-0.21109634637832642,-0.09661077319162814,-0.027515172958374023,-0.1618528962135315,-0.08126921562927691
K,0.0,0.0,0.0,0.09850069880485535,-0.0897628664970398,-0.07941038898513852,0.1158129870891571,-0.23049241304397583,-0.10194699458168088,0.029286473989486694,-0.3377227187156677,-0.11887650183723508,-0.0438711941242218,-0.4241867661476135,-0.13059749446199476,0.10099229216575623,-0.3460543155670166,-0.02816801696405946,0.11390891671180725,-0.4957188367843628,-0.06869943431900083,0.11054697632789612,-0.5939067900180817,-0.09462691835449277,0.10753974318504333,-0.6791236996650696,-0.10993114850805341,0.011627197265625,-0.33577919006347656,-0.02391542299972116,-0.004447132349014282,-0.4996638894081116,-0.08087042711065351,-0.012401074171066284,-0.6086539030075073,-0.11511427901075422,-0.02083495259284973,-0.6938421428203583,-0.1274414881257826,-0.06702429056167603,-0.28809159994125366,-0.03063260569558679,-0.0892256498336792,-0.37391746044158936,-0.13614877305315076,-0.04875269532203674,-0.2646957039833069,-0.15142340204999982,-0.0238969624042511,-0.1887425184249878,-0.12678723774240552,-0.13768860697746277,-0.2207791805267334,-0.04099693513796865,-0.13754570484161377,-0.2986147999763489,-0.1335975452451521,-0.10229292511940002,-0.21015959978103638,-0.13480477772043287,-0.08458462357521057,-0.14452707767486572,-0.11144414536045133
K,0.0,0.0,0.0,0.08065694570541382,-0.09193015098571777,-0.05207199719353639,0.10218936204910278,-0.21111994981765747,-0.06573068094058954,0.03087836503982544,-0.3052757978439331,-0.07810301077171289,-0.0326879620552063,-0.3660084307193756,-0.0872342933396908,0.06659328937530518,-0.27919483184814453,-0.015512926733038057,0.09580773115158081,-0.4013310670852661,-0.04864037525459253,0.10907769203186035,-0.47627562284469604,-0.06953533482356988,0.11908018589019775,-0.5400717854499817,-0.08056101691528283,-0.00013655424118041992,-0.27265435457229614,-0.014070722503504385,-0.023891746997833252,-0.4119073152542114,-0.05558178317352258,-0.03665733337402344,-0.497057169675827,-0.0811707202772709,-0.05034559965133667,-0.5635128021240234,-0.09160956483884775,-0.05836308002471924,-0.23951905965805054,-0.02018601935907327,-0.058251261711120605,-0.3149184584617615,-0.0954924423675152,-0.014420568943023682,-0.2475900650024414,-0.1090356830935093,0.005047619342803955,-0.18986135721206665,-0.09352970611854516,-0.11337357759475708,-0.19069182872772217,-0.028528674734673132,-0.0940127968788147,-0.2552488446235657,-0.09106385451360666,-0.05084228515625,-0.2067197561264038,-0.0912199814300152,-0.030867695808410645,-0.1566484570503235,-0.07435410958333932
K,0.0,0.0,0.0,0.07932096719741821,-0.09133929014205933,-0.04908875574022886,0.1001882553100586,-0.20465552806854248,-0.06220025394708273,0.031999826431274414,-0.2981240153312683,-0.07483908732086775,-0.03304952383041382,-0.35682931542396545,-0.08413001347929594,0.0697258710861206,-0.27553415298461914,-0.009593093885484905,0.10054683685302734,-0.39473143219947815,-0.04171074379831907,0.1138799786567688,-0.46834805607795715,-0.06236652855426428,0.12363898754119873,-0.5308018326759338,-0.07366139639765379,0.003257274627685547,-0.26926350593566895,-0.00991065811962244,-0.02162843942642212,-0.4072372615337372,-0.052537115408483714,-0.03421264886856079,-0.4914783239364624,-0.07936503191143629,-0.04857712984085083,-0.5563288331031799,-0.09042790730148909,-0.05561256408691406,-0.23409980535507202,-0.017589016003910274,-0.060189008712768555,-0.3091318607330322,-0.09436596383005735,-0.016248643398284912,-0.24194598197937012,-0.10846756596714613,0.0033979415893554688,-0.18497103452682495,-0.09296365280300734,-0.11032682657241821,-0.18244904279708862,-0.02710287657231447,-0.09293937683105469,-0.24732160568237305,-0.09140920837074873,-0.048667728900909424,-0.19728189706802368,-0.09177568752915022,-0.02850276231765747,-0.14695751667022705,-0.07467687328011152
K,0.0,0.0,0.0,0.07541626691818237,-0.09627032279968262,-0.047534154473396484,0.09455651044845581,-0.21263331174850464,-0.06123026621207828,0.02790123224258423,-0.3064451217651367,-0.07539176729187602,-0.03715801239013672,-0.36732053756713867,-0.08624257680639857,0.06366497278213501,-0.2833789587020874,-0.008760629898461048,0.09331601858139038,-0.4049646258354187,-0.041488544760795776,0.10735821723937988,-0.47889846563339233,-0.06297331836685771,0.11655086278915405,-0.5427546799182892,-0.07454246815905208,-0.0027202367782592773,-0.2771340608596802,-0.010785547761770431,-0.025459587574005127,-0.41798514127731323,-0.052448836831899825,-0.038495540618896484,-0.5029477179050446,-0.07905632790789241,-0.05332005023956299,-0.5687416195869446,-0.09004036870464915,-0.061784327030181885,-0.2438790202140808,-0.020327608777733985,-0.0616908073425293,-0.3150268793106079,-0.09420890894398326,-0.018399596214294434,-0.2493424415588379,-0.10760669198498363,0.0009532570838928223,-0.19370818138122559,-0.0922695004628622,-0.11756694316864014,-0.19492441415786743,-0.03209030416473979,-0.10066097974777222,-0.2597985863685608,-0.09131482031807536,-0.0565832257270813,-0.2126879096031189,-0.08951969978079433,-0.034235358238220215,-0.16313111782073975,-0.07177702125773067
K,0.0,0.0,0.0,0.07679134607315063,-0.09395813941955566,-0.046962532376085164,0.09986424446105957,-0.2088671326637268,-0.06036333662751758,0.03282064199447632,-0.30248546600341797,-0.07389821780208194,-0.03459453582763672,-0.35971692204475403,-0.08427860510829532,0.06868219375610352,-0.28330206871032715,-0.007883974512253644,0.0984923243522644,-0.4033656120300293,-0.039648554449115636,0.11160397529602051,-0.4755720794200897,-0.06068406177047336,0.12148815393447876,-0.5374539196491241,-0.07216036987784946,0.0016061663627624512,-0.2763413190841675,-0.009668930594955327,-0.02081245183944702,-0.4134782552719116,-0.05155492496970737,-0.03546565771102905,-0.4974994659423828,-0.07883308750871265,-0.05141115188598633,-0.5625680088996887,-0.0902368642139777,-0.05699038505554199,-0.24126791954040527,-0.018500282590423467,-0.059485018253326416,-0.31364890933036804,-0.0930384017277106,-0.017216145992279053,-0.24579906463623047,-0.10591120940927112,0.002360403537750244,-0.188784658908844,-0.09004444551948154,-0.11062484979629517,-0.18903827667236328,-0.029228420158062818,-0.09641766548156738,-0.25463491678237915,-0.0907430566597327,-0.053671956062316895,-0.2036188244819641,-0.08872208667281711,-0.03216522932052612,-0.1518995761871338,-0.07007517588618839
K,0.0,0.0,0.0,0.07685309648513794,-0.0876803994178772,-0.04571567799411014,0.09963023662567139,-0.20182877779006958,-0.059032540279247314,0.03329950571060181,-0.29402387142181396,-0.07257204453907207,-0.033826589584350586,-0.3511977791786194,-0.08316115986070827,0.06973421573638916,-0.27403998374938965,-0.011110189812995941,0.09765666723251343,-0.3972632884979248,-0.043574925022937805,0.1098257303237915,-0.4718807637691498,-0.06382896702251628,0.11850601434707642,-0.5354024767875671,-0.07445676575861171,0.0027954578399658203,-0.2668619751930237,-0.01357049073538974,-0.020491421222686768,-0.405339777469635,-0.0571404914136906,-0.03661125898361206,-0.49052631855010986,-0.08458929460010722,-0.054890215396881104,-0.5567197799682617,-0.09572056632003978,-0.055873334407806396,-0.23167788982391357,-0.022573241474844963,-0.05912578105926514,-0.3021569848060608,-0.09819624524078563,-0.016098201274871826,-0.23578161001205444,-0.11103082399330333,0.003785431385040283,-0.1812039613723755,-0.09487153540811732,-0.1100844144821167,-0.1802390217781067,-0.033202558266737014,-0.09576296806335449,-0.24472659826278687,-0.09568645011148647,-0.05214059352874756,-0.19360297918319702,-0.09368337641916469,-0.03032618761062622,-0.14312666654586792,-0.07481193493566707
K,0.0,0.0,0.0,0.07677894830703735,-0.08838820457458496,-0.04877220492676315,0.09859830141067505,-0.20451581478118896,-0.06315647091582832,0.02802860736846924,-0.29524195194244385,-0.0770286920280796,-0.041339993476867676,-0.3524540364742279,-0.08783273424819527,0.06294077634811401,-0.27466684579849243,-0.013509250505421733,0.09000635147094727,-0.3965449631214142,-0.046423457822356795,0.1024734377861023,-0.4709286093711853,-0.06719923045352516,0.11193549633026123,-0.5344759225845337,-0.07832312609866676,-0.003406822681427002,-0.2662365436553955,-0.015267296953652476,-0.027926623821258545,-0.4063239097595215,-0.05788854163006363,-0.04099071025848389,-0.49220186471939087,-0.08475174780801353,-0.05656999349594116,-0.5593930780887604,-0.09578920181706962,-0.06081181764602661,-0.23008161783218384,-0.024013379848156546,-0.06367045640945435,-0.30357569456100464,-0.10056312408164558,-0.01880490779876709,-0.236253559589386,-0.11326504524663505,0.0007690191268920898,-0.18100041151046753,-0.09688050325826225,-0.11393892765045166,-0.17809158563613892,-0.03460592802480278,-0.09838354587554932,-0.24459367990493774,-0.09829638924315987,-0.054349541664123535,-0.1924750804901123,-0.09639555986836967,-0.03378331661224365,-0.14103811979293823,-0.07766747500613747
K,0.0,0.0,0.0,0.07660919427871704,-0.08893615007400513,-0.047928251957671364,0.09859007596969604,-0.20302778482437134,-0.0634776062128708,0.028786778450012207,-0.2928962707519531,-0.07882738176562043,-0.04100733995437622,-0.3487972617149353,-0.09109021041371079,0.062430620193481445,-0.27431148290634155,-0.016111324241535385,0.08805495500564575,-0.39681577682495117,-0.05055982682682725,0.09854775667190552,-0.4714222550392151,-0.07235639605499955,0.10667866468429565,-0.5358756184577942,-0.08423689070917817,-0.004336893558502197,-0.26519715785980225,-0.01858795683659764,-0.030529260635375977,-0.4038826525211334,-0.06355228338219376,-0.04524356126785278,-0.48896121978759766,-0.09139046881176682,-0.06156611442565918,-0.5563404262065887,-0.10314044419504853,-0.06197303533554077,-0.22800558805465698,-0.02764460880138131,-0.06382745504379272,-0.2996503710746765,-0.10496804181315156,-0.018506407737731934,-0.23243796825408936,-0.11687301162459107,0.0017285346984863281,-0.17689049243927002,-0.10007003012873383,-0.1146552562713623,-0.1745355725288391,-0.03852346975185128,-0.09935402870178223,-0.2396562099456787,-0.10201240394093247,-0.05419743061065674,-0.18921124935150146,-0.09947825286366196,-0.032568156719207764,-0.1389864683151245,-0.0803719914314911
K,0.0,0.0,0.0,0.07610559463500977,-0.09157043695449829,-0.051722627773870045,0.09337872266769409,-0.2091456651687622,-0.0667618445008884,0.01898980140686035,-0.2976455092430115,-0.08036746148763996,-0.05001664161682129,-0.35372409224510193,-0.09093529050051075,0.05609619617462158,-0.27480947971343994,-0.018954985484469944,0.08054524660110474,-0.40119481086730957,-0.05318572063742977,0.09043049812316895,-0.4785715639591217,-0.07400796626507145,0.09792029857635498,-0.544465184211731,-0.08473090891538959,-0.010095953941345215,-0.26508647203445435,-0.018754902005184704,-0.038733065128326416,-0.405826598405838,-0.06207282160221439,-0.05286449193954468,-0.49215424060821533,-0.08842007879911762,-0.06797540187835693,-0.5607348084449768,-0.09892169450222354,-0.06713145971298218,-0.22865748405456543,-0.02555389207600456,-0.06978398561477661,-0.3023473620414734,-0.1022157526463161,-0.027306437492370605,-0.23442292213439941,-0.11446169082819324,-0.00899350643157959,-0.1786562204360962,-0.09760437969862323,-0.12068372964859009,-0.17640042304992676,-0.034368515655387455,-0.10554975271224976,-0.24159938097000122,-0.097299762710918,-0.06119275093078613,-0.19046318531036377,-0.09504666988550525,-0.04031926393508911,-0.1400892734527588,-0.07610971544681888
K,0.0,0.0,0.0,0.07459622621536255,-0.09005481004714966,-0.0520591292769268,0.09122872352600098,-0.2057657241821289,-0.06672719533150939,0.01689732074737549,-0.29238831996917725,-0.07982494349187164,-0.05094534158706665,-0.34870606660842896,-0.08958408648675231,0.05351078510284424,-0.2731328010559082,-0.01623301433926372,0.0758398175239563,-0.39938175678253174,-0.0497695807606533,0.08558940887451172,-0.47586116194725037,-0.0700138848513916,0.09343785047531128,-0.5408765375614166,-0.08025341148083953,-0.012141227722167969,-0.2613990306854248,-0.015593382926340382,-0.04203683137893677,-0.4020428955554962,-0.05957941005533485,-0.057508111000061035,-0.48795145750045776,-0.0868111294001892,-0.07380491495132446,-0.5554916858673096,-0.09752043748801498,-0.06831490993499756,-0.22290611267089844,-0.022031268501336854,-0.0713924765586853,-0.2967820167541504,-0.10019404108231811,-0.027028381824493408,-0.229661226272583,-0.11319830680793075,-0.007208883762359619,-0.17525869607925415,-0.09634383434956817,-0.12016481161117554,-0.16930580139160156,-0.03032644318943767,-0.10366559028625488,-0.233106791973114,-0.09530306274598388,-0.058685898780822754,-0.18063569068908691,-0.09387710357611923,-0.038765788078308105,-0.13091635704040527,-0.07505728716557769
K,0.0,0.0,0.0,0.06998926401138306,-0.09447157382965088,-0.05231363870007044,0.08116793632507324,-0.21343165636062622,-0.0681882070730353,0.007321000099182129,-0.30130261182785034,-0.08249674163562304,-0.062428951263427734,-0.3568173050880432,-0.09345955572825915,0.04442799091339111,-0.2790471911430359,-0.0209111476669932,0.0639265775680542,-0.4100096523761749,-0.05685096032721049,0.07315373420715332,-0.48767781257629395,-0.07834457777244097,0.08039426803588867,-0.5529221892356873,-0.08867390624982363,-0.02049565315246582,-0.26693105697631836,-0.020620008779587806,-0.05448371171951294,-0.4124689996242523,-0.06504835359555727,-0.07278174161911011,-0.5006492435932159,-0.0919248180816794,-0.09109294414520264,-0.56890007853508,-0.10218142889243609,-0.07629513740539551,-0.22807228565216064,-0.027226826025071205,-0.07962584495544434,-0.3034387230873108,-0.10396199844581133,-0.03401213884353638,-0.23786550760269165,-0.11549622736674792,-0.012944996356964111,-0.18295365571975708,-0.09764148466092593,-0.1280606985092163,-0.17376792430877686,-0.03583728320700175,-0.11340737342834473,-0.24118119478225708,-0.09725801072818285,-0.06863850355148315,-0.19128894805908203,-0.09293303064805514,-0.04831647872924805,-0.141166090965271,-0.07239606402617937
K,0.0,0.0,0.0,0.09476390480995178,-0.07405167818069458,-0.07175420316366399,0.11711934208869934,-0.21666836738586426,-0.09316189678816045,0.035239338874816895,-0.32982194423675537,-0.10991717221645558,-0.03837350010871887,-0.41308772563934326,-0.12154978605417455,0.10694649815559387,-0.33291560411453247,-0.028781794928590898,0.11993470788002014,-0.48533982038497925,-0.07118070962337697,0.11825767159461975,-0.5829918086528778,-0.09719031395820821,0.1170683205127716,-0.6689969301223755,-0.1128916377058431,0.017673134803771973,-0.3263847827911377,-0.02929673621861184,0.0041148364543914795,-0.494972825050354,-0.08942373933700765,-0.0004521310329437256,-0.5991949439048767,-0.1252219313612386,-0.006122589111328125,-0.684374988079071,-0.13809024634269917,-0.05816209316253662,-0.2827104926109314,-0.038844634764473085,-0.08460184931755066,-0.36881905794143677,-0.14438668730167592,-0.046924084424972534,-0.25862300395965576,-0.15605553331283772,-0.021435201168060303,-0.18228870630264282,-0.12941623570827687,-0.1279555857181549,-0.21654057502746582,-0.05143230127600873,-0.1362442970275879,-0.28835833072662354,-0.1433719331255361,-0.10107910633087158,-0.19827806949615479,-0.14168366136459554,-0.08108410239219666,-0.133722722530365,-0.11618871333507741
K,0.0,0.0,0.0,0.07009130716323853,-0.09657108783721924,-0.053745240908938285,0.07918733358383179,-0.21790003776550293,-0.07005462889082992,0.0035715103149414062,-0.3060000538825989,-0.084545911294299,-0.06681329011917114,-0.36304333806037903,-0.09520121012337768,0.04064619541168213,-0.28662317991256714,-0.019519052472787735,0.05919480323791504,-0.41689765453338623,-0.05690411571868026,0.06739413738250732,-0.49419549107551575,-0.07938978914626205,0.07357728481292725,-0.5605191290378571,-0.09072988573916518,-0.02492666244506836,-0.2740878462791443,-0.019108305689769622,-0.06169921159744263,-0.4193607568740845,-0.06785149965890014,-0.08019918203353882,-0.5067298710346222,-0.0965446541131314,-0.09893518686294556,-0.573883593082428,-0.10738425795443618,-0.08069062232971191,-0.23332196474075317,-0.02582530212112033,-0.0882803201675415,-0.3100919723510742,-0.10779738519795501,-0.0374373197555542,-0.24198251962661743,-0.11925195996172988,-0.01286691427230835,-0.18606972694396973,-0.10008090828068816,-0.13135939836502075,-0.17649686336517334,-0.03451506142027938,-0.11808419227600098,-0.24423080682754517,-0.10071497504122817,-0.0715402364730835,-0.19108456373214722,-0.09737817291625106,-0.05245262384414673,-0.1410588026046753,-0.07679667417414748
K,0.0,0.0,0.0,0.07267624139785767,-0.09344768524169922,-0.054120626940289185,0.0831594467163086,-0.2125399112701416,-0.0706797732849509,0.006798863410949707,-0.29973793029785156,-0.08504406799272601,-0.0649573802947998,-0.35517773032188416,-0.0960202558775336,0.04431885480880737,-0.2810984253883362,-0.023077136545339272,0.06222349405288696,-0.4114590287208557,-0.06020227883652751,0.06844866275787354,-0.4897004961967468,-0.0824624567170531,0.07352209091186523,-0.557270348072052,-0.09398881037429874,-0.02095550298690796,-0.2681702971458435,-0.02203888882593219,-0.05774056911468506,-0.41130244731903076,-0.07108510722116534,-0.07885801792144775,-0.4996297359466553,-0.10066903073982303,-0.09984731674194336,-0.5689391493797302,-0.11255550821022098,-0.07638394832611084,-0.2270095944404602,-0.027567813812652275,-0.08778125047683716,-0.3052781820297241,-0.10968000133232181,-0.0384441614151001,-0.23746490478515625,-0.12150916148618762,-0.013554096221923828,-0.1808040738105774,-0.10293747921184604,-0.1272915005683899,-0.16967064142227173,-0.03496543754533832,-0.11437159776687622,-0.23585021495819092,-0.1027103780646712,-0.06738007068634033,-0.1825668215751648,-0.1005063473124892,-0.04658633470535278,-0.13169193267822266,-0.08053575147584979
K,0.0,0.0,0.0,0.07011163234710693,-0.09594494104385376,-0.05148929074135822,0.07703030109405518,-0.2143668532371521,-0.06723849191990894,0.003458559513092041,-0.3010871410369873,-0.0816908450397591,-0.06667274236679077,-0.3552319407463074,-0.09296258255568546,0.03832906484603882,-0.28474050760269165,-0.020249792334709582,0.056456148624420166,-0.4143899381160736,-0.057177920785818515,0.06287091970443726,-0.4923563301563263,-0.07985797241059345,0.06781154870986938,-0.5591107904911041,-0.09171656235781711,-0.026185035705566406,-0.270557701587677,-0.021177477163348613,-0.06532597541809082,-0.4147734045982361,-0.06838174625960391,-0.08724343776702881,-0.5026779770851135,-0.09691977217522663,-0.1081957221031189,-0.5708358585834503,-0.1082358108433823,-0.08057242631912231,-0.2275640368461609,-0.028710565489802775,-0.09311825037002563,-0.306729257106781,-0.10909496709433597,-0.04398006200790405,-0.24028784036636353,-0.12022372051802677,-0.018212437629699707,-0.18387621641159058,-0.1014306218895058,-0.12982630729675293,-0.16766852140426636,-0.03807302653518718,-0.12201279401779175,-0.2362685203552246,-0.10469420715895694,-0.07432013750076294,-0.18480157852172852,-0.10159754469719928,-0.05009645223617554,-0.13374334573745728,-0.08102990403500598
K,0.0,0.0,0.0,0.06892246007919312,-0.08907181024551392,-0.05274402222835306,0.07554346323013306,-0.20869415998458862,-0.0690538795968223,-0.0005518198013305664,-0.2913177013397217,-0.08307914308511499,-0.07174885272979736,-0.3443448841571808,-0.09413898608886484,0.03667670488357544,-0.2812656760215759,-0.022991460405819453,0.05377918481826782,-0.40928101539611816,-0.05909132085048441,0.060400187969207764,-0.4870707392692566,-0.08110876999103311,0.06569820642471313,-0.5540673732757568,-0.09253806493484262,-0.02856314182281494,-0.2673514485359192,-0.022889298044674433,-0.06776690483093262,-0.4086574614048004,-0.06777411571943048,-0.09077435731887817,-0.4942593574523926,-0.09500089160405878,-0.11365127563476562,-0.5617534816265106,-0.10559046886169199,-0.08214139938354492,-0.22421610355377197,-0.02916972956859354,-0.09668350219726562,-0.301288366317749,-0.10794833920203928,-0.046015262603759766,-0.23425722122192383,-0.11792477092944864,-0.02003878355026245,-0.1788812279701233,-0.09873164317809824,-0.13007879257202148,-0.163935124874115,-0.037236432202689684,-0.1235693097114563,-0.23094207048416138,-0.10344973079168085,-0.07456088066101074,-0.1774473786354065,-0.09934653959476236,-0.04998403787612915,-0.12635666131973267,-0.07804865262710337
K,0.0,0.0,0.0,0.07061487436294556,-0.08392733335494995,-0.05275050745524368,0.08196395635604858,-0.20274633169174194,-0.06829808102168045,0.005924880504608154,-0.28442490100860596,-0.08089328752078018,-0.0662071704864502,-0.33508509397506714,-0.0906448085717102,0.04286092519760132,-0.2754722833633423,-0.023325946267618747,0.059710025787353516,-0.3998820185661316,-0.056879421781673045,0.06459248065948486,-0.4758286476135254,-0.0771640260628601,0.06882619857788086,-0.5413094162940979,-0.08781385616578063,-0.022441864013671875,-0.2617748975753784,-0.02169404746211967,-0.06175810098648071,-0.39718887209892273,-0.0657545794657608,-0.08372032642364502,-0.4806305766105652,-0.09319781706847152,-0.10500270128250122,-0.5488226413726807,-0.10419240788735351,-0.07626616954803467,-0.21885526180267334,-0.02583012738443813,-0.08939224481582642,-0.2927377223968506,-0.1037865002564331,-0.04063457250595093,-0.22567719221115112,-0.11442423806704483,-0.016538560390472412,-0.1712278127670288,-0.09622409389533004,-0.12508141994476318,-0.16017752885818481,-0.03145526916898689,-0.11544281244277954,-0.22302132844924927,-0.09809370533741912,-0.06841230392456055,-0.16837573051452637,-0.0949865450076004,-0.046969830989837646,-0.11819320917129517,-0.07448030458010635
K,0.0,0.0,0.0,0.0686306357383728,-0.08819156885147095,-0.053399491674213095,0.07911384105682373,-0.2031126618385315,-0.06995184308937041,0.0015571117401123047,-0.2836441993713379,-0.08367425537755935,-0.06554919481277466,-0.33788591623306274,-0.09429551250389068,0.041124939918518066,-0.2733742594718933,-0.02247327900579421,0.06155288219451904,-0.39647364616394043,-0.056727408981828376,0.0678560733795166,-0.4724297821521759,-0.07793789691379516,0.07213515043258667,-0.538017988204956,-0.08911888635805099,-0.02338463068008423,-0.26015985012054443,-0.020483212164549514,-0.057639241218566895,-0.3952038884162903,-0.06430667973211257,-0.079437255859375,-0.47970137000083923,-0.0915696952407643,-0.10300678014755249,-0.5484875738620758,-0.10235952920368163,-0.07652169466018677,-0.21916955709457397,-0.024791346481947585,-0.08670300245285034,-0.29096490144729614,-0.10112456566741912,-0.0390012264251709,-0.2250005602836609,-0.11147399581125228,-0.01650381088256836,-0.1714690923690796,-0.09316256231716125,-0.12491142749786377,-0.16186314821243286,-0.03097041658213584,-0.11522680521011353,-0.22550421953201294,-0.09483849591663329,-0.06974369287490845,-0.17375367879867554,-0.0912092957561299,-0.04845690727233887,-0.12524914741516113,-0.07066244966438262
K,0.0,0.0,0.0,0.0643267035484314,-0.08914917707443237,-0.04969215570861252,0.0773351788520813,-0.204373300075531,-0.06444266243750008,0.0029976367950439453,-0.2860546112060547,-0.0775443445044175,-0.063632071018219,-0.33924591541290283,-0.08783283634954842,0.04286634922027588,-0.2718362808227539,-0.018440170128883437,0.06249517202377319,-0.39498788118362427,-0.05267393021756561,0.07071959972381592,-0.4702639579772949,-0.07425613506609352,0.07740098237991333,-0.5348623692989349,-0.08518282129341515,-0.020446181297302246,-0.25936955213546753,-0.01835490940982254,-0.0534633994102478,-0.3934418261051178,-0.060037838210405425,-0.07351171970367432,-0.47687825560569763,-0.08640903784805687,-0.0942721962928772,-0.5431690216064453,-0.09685440911823662,-0.07405197620391846,-0.22086375951766968,-0.024701367978991584,-0.08357620239257812,-0.2887260317802429,-0.09832723989063652,-0.0381011962890625,-0.22459840774536133,-0.10921962364488991,-0.01637589931488037,-0.17134606838226318,-0.09203095539385231,-0.12361776828765869,-0.1668274998664856,-0.03292678474360855,-0.11336219310760498,-0.22826099395751953,-0.09394525541836174,-0.06958389282226562,-0.1782824993133545,-0.09013689859682472,-0.0494081974029541,-0.12967872619628906,-0.07003833903843315
K,0.0,0.0,0.0,0.06540387868881226,-0.08411824703216553,-0.04722897229288492,0.08330309391021729,-0.19956594705581665,-0.06224564728830728,0.011585772037506104,-0.28356319665908813,-0.07596611870025072,-0.056038081645965576,-0.33438605070114136,-0.08726843339894685,0.04792594909667969,-0.2618548274040222,-0.02116080453191671,0.0676274299621582,-0.38530203700065613,-0.055184765584215256,0.07494962215423584,-0.460502028465271,-0.07578609032128725,0.07986670732498169,-0.5252655446529388,-0.08601368857119951,-0.015855014324188232,-0.25077348947525024,-0.021859834767326447,-0.04805999994277954,-0.3853820562362671,-0.06307821614240083,-0.06613314151763916,-0.46960631012916565,-0.08844164652322206,-0.08559364080429077,-0.5392530262470245,-0.0980567697951642,-0.06980752944946289,-0.2159087061882019,-0.028385153836950394,-0.07545626163482666,-0.2808854579925537,-0.1005526621410695,-0.03143894672393799,-0.2175864577293396,-0.11157142264340791,-0.011225700378417969,-0.16530513763427734,-0.09459982705806169,-0.12001079320907593,-0.16652250289916992,-0.03657883671615991,-0.10810810327529907,-0.22303760051727295,-0.09562913966868791,-0.06516826152801514,-0.17479455471038818,-0.09214589638207826,-0.04397553205490112,-0.1272650957107544,-0.07238575709556017
K,0.0,0.0,0.0,0.06435149908065796,-0.08946549892425537,-0.049304719871656744,0.07966059446334839,-0.1996505856513977,-0.06552776307501063,0.008636891841888428,-0.28280866146087646,-0.08040532828010782,-0.054117023944854736,-0.33808356523513794,-0.09242266029752955,0.04772526025772095,-0.2628488540649414,-0.021230721703545896,0.07151484489440918,-0.38476818799972534,-0.0565985216263698,0.07871770858764648,-0.4599016308784485,-0.07787281633056864,0.08278089761734009,-0.5236311852931976,-0.08826894671358332,-0.014400005340576172,-0.25184333324432373,-0.020979652038590757,-0.04372000694274902,-0.3867207169532776,-0.06448097885288462,-0.06266677379608154,-0.47033363580703735,-0.08986813188232645,-0.08250796794891357,-0.536668449640274,-0.0989017075363563,-0.06803572177886963,-0.21761906147003174,-0.027177847779171316,-0.07237964868545532,-0.2829627990722656,-0.10088082761205897,-0.029023468494415283,-0.2214369773864746,-0.1120945102039741,-0.0075612664222717285,-0.16860318183898926,-0.09481633067764506,-0.11965984106063843,-0.16927140951156616,-0.035393304980175344,-0.10405641794204712,-0.22144418954849243,-0.09594481051601633,-0.060558021068573,-0.17551112174987793,-0.0944250783387588,-0.03899252414703369,-0.1301395297050476,-0.07567964107431635
K,0.0,0.0,0.0,0.061224162578582764,-0.08711951971054077,-0.04784901012322962,0.07656878232955933,-0.2006853222846985,-0.062053184403396244,0.007661104202270508,-0.28573426604270935,-0.07523747850797236,-0.05562812089920044,-0.33992332220077515,-0.08565903027198374,0.04724836349487305,-0.2660471796989441,-0.016130713193035717,0.0713810920715332,-0.38436755537986755,-0.05027531777164995,0.07973819971084595,-0.459000825881958,-0.07183984984300196,0.08476388454437256,-0.5223884880542755,-0.08291381914756357,-0.015335917472839355,-0.2550753355026245,-0.01690665018401205,-0.04403340816497803,-0.38809967041015625,-0.059058848215556736,-0.06021231412887573,-0.4702659845352173,-0.0847787069215542,-0.07734209299087524,-0.5356473326683044,-0.09420516659162104,-0.06975799798965454,-0.22003501653671265,-0.024237295059776898,-0.07372814416885376,-0.28435006737709045,-0.09709246773860514,-0.030107975006103516,-0.2225213646888733,-0.10874871481797754,-0.009154856204986572,-0.17126065492630005,-0.09216022808692514,-0.12175995111465454,-0.17077791690826416,-0.03353818078181803,-0.10372626781463623,-0.22175300121307373,-0.09354649056336939,-0.06062877178192139,-0.17404258251190186,-0.09171580840489924,-0.040566980838775635,-0.1290297508239746,-0.07307306249282419
K,0.0,0.0,0.0,0.099577397108078,-0.0673338770866394,-0.06883733704114547,0.12454983592033386,-0.20901602506637573,-0.08744958027625671,0.04389616847038269,-0.31852030754089355,-0.1020043192746698,-0.030428320169448853,-0.3978654742240906,-0.11239033921981445,0.11117032170295715,-0.3217795491218567,-0.02707650869513145,0.12625059485435486,-0.4726713299751282,-0.06821817144179931,0.1249636709690094,-0.5702307224273682,-0.09289430066371551,0.12367072701454163,-0.6540940999984741,-0.1071356235387384,0.02142256498336792,-0.3165167570114136,-0.02886363475943199,0.012211203575134277,-0.48520976305007935,-0.08567479982400528,0.011980444192886353,-0.5906347632408142,-0.11765203609490982,0.009464234113693237,-0.6743784546852112,-0.12735745295310608,-0.054398924112319946,-0.27327388525009155,-0.03993139027977577,-0.07906395196914673,-0.3594400882720947,-0.1437886951806604,-0.040189653635025024,-0.2523952126502991,-0.1554861514213144,-0.014326423406600952,-0.17691659927368164,-0.1285456715467035,-0.12420764565467834,-0.2065003514289856,-0.05377820491219154,-0.1299748420715332,-0.27852487564086914,-0.14433926328445068,-0.09450244903564453,-0.1915348768234253,-0.14270478471541992,-0.07449987530708313,-0.126930832862854,-0.11738484337354294
K,0.0,0.0,0.0,0.06568574905395508,-0.0915917158126831,-0.04837148624352494,0.08248931169509888,-0.20504790544509888,-0.06231543036989251,0.012432336807250977,-0.2899995446205139,-0.07531730445913354,-0.050919532775878906,-0.3438366949558258,-0.08540089043668786,0.04837125539779663,-0.27075278759002686,-0.015331431169727239,0.07411777973175049,-0.3918503522872925,-0.04933996858886758,0.08254867792129517,-0.4662516415119171,-0.07036549958280602,0.08842682838439941,-0.5285034775733948,-0.08065037044576684,-0.01390165090560913,-0.26047569513320923,-0.015308066148975286,-0.042498648166656494,-0.39470046758651733,-0.05711475002459565,-0.05977582931518555,-0.4767061769962311,-0.08233408990196267,-0.07634317874908447,-0.5395418703556061,-0.09137729170612374,-0.06808316707611084,-0.22652101516723633,-0.022137556102791223,-0.0729910135269165,-0.2928948998451233,-0.09520021441272775,-0.028781473636627197,-0.2309209704399109,-0.10752839955381432,-0.005047798156738281,-0.1765642762184143,-0.09124216052583733,-0.11982691287994385,-0.1778736114501953,-0.03100212278656045,-0.10380488634109497,-0.230901837348938,-0.09167308720640222,-0.06107872724533081,-0.18347251415252686,-0.09081703784755746,-0.03858762979507446,-0.13628685474395752,-0.07265286507896462
K,0.0,0.0,0.0,0.06545460224151611,-0.08976191282272339,-0.049188665225869954,0.08355218172073364,-0.20291656255722046,-0.06519786186493093,0.014168322086334229,-0.28931817412376404,-0.07989520497596914,-0.05098456144332886,-0.34213122725486755,-0.0917777559903925,0.04722797870635986,-0.2680949866771698,-0.020077415853506864,0.07363641262054443,-0.39088380336761475,-0.054342038109666646,0.08340471982955933,-0.4640912413597107,-0.0751207388190096,0.08962541818618774,-0.5267239809036255,-0.08512741990364248,-0.015830516815185547,-0.2585757374763489,-0.019055782928830922,-0.042749643325805664,-0.3939811587333679,-0.06090670369542295,-0.058984220027923584,-0.47613710165023804,-0.08604472793615514,-0.07559210062026978,-0.540553480386734,-0.09507922001159841,-0.07029867172241211,-0.22720777988433838,-0.02451409690058881,-0.071186363697052,-0.2911317050457001,-0.09583354659355336,-0.028652608394622803,-0.22994989156723022,-0.10830528207100087,-0.007546424865722656,-0.17621493339538574,-0.09262484975135976,-0.12111246585845947,-0.1821337342262268,-0.03214610286033803,-0.10213685035705566,-0.23221969604492188,-0.09056426502741033,-0.059103310108184814,-0.18361830711364746,-0.08969693548954183,-0.036020874977111816,-0.13493043184280396,-0.07183716364181691
K,0.0,0.0,0.0,0.0670045018196106,-0.08855193853378296,-0.052461883526007114,0.08626490831375122,-0.2023281455039978,-0.06934353570238727,0.01586967706680298,-0.29008594155311584,-0.08383747051254886,-0.04983764886856079,-0.34588077664375305,-0.09510958800808567,0.05097073316574097,-0.26597321033477783,-0.022484511609832225,0.07570385932922363,-0.39006680250167847,-0.05691373209253925,0.08464992046356201,-0.46411406993865967,-0.07716465602413791,0.08980906009674072,-0.527897447347641,-0.08709197352425235,-0.011684298515319824,-0.2573145031929016,-0.020251138608614383,-0.04023212194442749,-0.394681453704834,-0.06322327117220539,-0.05627042055130005,-0.4774878919124603,-0.08836877207056659,-0.07409900426864624,-0.5435611605644226,-0.09735148261086124,-0.06668782234191895,-0.22642558813095093,-0.02491023252503055,-0.06880074739456177,-0.29335838556289673,-0.09966856847302097,-0.02556753158569336,-0.22916340827941895,-0.11257921020285266,-0.00607532262802124,-0.17500895261764526,-0.09646208445326465,-0.11902981996536255,-0.18226408958435059,-0.031733492862144885,-0.09764587879180908,-0.23479634523391724,-0.09405068169132846,-0.054507553577423096,-0.1833016276359558,-0.0944865555574097,-0.03479856252670288,-0.13424235582351685,-0.0771538005282082
K,0.0,0.0,0.0,0.06607145071029663,-0.08727854490280151,-0.05240423807157413,0.08564168214797974,-0.20403718948364258,-0.06762183659924403,0.015293359756469727,-0.2933487296104431,-0.08110372179402248,-0.0504721999168396,-0.3489990532398224,-0.09121044927491084,0.04693436622619629,-0.2730835974216461,-0.017502205606831467,0.07212698459625244,-0.39801132678985596,-0.0507294779385461,0.08363807201385498,-0.471449613571167,-0.07042181694163219,0.09153789281845093,-0.5331727266311646,-0.07965468817604915,-0.015509426593780518,-0.26321011781692505,-0.01521363404793874,-0.04374814033508301,-0.4013669192790985,-0.0567574185992612,-0.05967801809310913,-0.4842168092727661,-0.08142689072741405,-0.07631874084472656,-0.546172708272934,-0.08991728925360576,-0.06924796104431152,-0.23060297966003418,-0.02030279317153827,-0.07416146993637085,-0.2972460389137268,-0.09414046460045711,-0.029143929481506348,-0.2349616289138794,-0.10782163792504207,-0.005656123161315918,-0.17993074655532837,-0.09222232752694026,-0.11956274509429932,-0.18494164943695068,-0.0277337489391698,-0.1047142744064331,-0.23879605531692505,-0.08937045389069453,-0.06157785654067993,-0.18819957971572876,-0.08988651090515987,-0.038226425647735596,-0.1377210021018982,-0.07264987581623927
K,0.0,0.0,0.0,0.06742298603057861,-0.09001874923706055,-0.05147543892525164,0.08441352844238281,-0.20795083045959473,-0.06658962339423624,0.013761341571807861,-0.29528334736824036,-0.07995419919751612,-0.051506102085113525,-0.3502396047115326,-0.09025597542785135,0.04599177837371826,-0.2765112817287445,-0.017059022265300428,0.06988775730133057,-0.4006021320819855,-0.05083316162489382,0.07999920845031738,-0.47429049015045166,-0.07168224424384562,0.08685892820358276,-0.5371426045894623,-0.08179286837838617,-0.017382562160491943,-0.26584571599960327,-0.015332646372542058,-0.046808838844299316,-0.40401196479797363,-0.056778482797369634,-0.06304872035980225,-0.48671576380729675,-0.08166374236606089,-0.08003276586532593,-0.5501293540000916,-0.09041520923636881,-0.07218557596206665,-0.2318575382232666,-0.020740711766109143,-0.07538217306137085,-0.3028571605682373,-0.09463424206040827,-0.03099238872528076,-0.23849934339523315,-0.10695949167273966,-0.009429514408111572,-0.18248629570007324,-0.09043850720189539,-0.1224743127822876,-0.18352705240249634,-0.02829050243161646,-0.10319721698760986,-0.24131596088409424,-0.09035742998383967,-0.060018718242645264,-0.18794113397598267,-0.08925671845935312,-0.039721012115478516,-0.1360255479812622,-0.07064980238936869
K,0.0,0.0,0.0,0.06764096021652222,-0.08496785163879395,-0.05060027485416185,0.08608996868133545,-0.1989760398864746,-0.06613899340555918,0.012679994106292725,-0.28373435139656067,-0.08003112246916544,-0.0542607307434082,-0.3366045653820038,-0.0910638006560589,0.04741692543029785,-0.26373690366744995,-0.019038475506761188,0.06984412670135498,-0.38467273116111755,-0.052333350681522006,0.07904744148254395,-0.45820051431655884,-0.07228744348213922,0.08499318361282349,-0.5220760107040405,-0.0822481097810055,-0.016494333744049072,-0.2542661726474762,-0.01791520734951746,-0.0459977388381958,-0.3893902897834778,-0.05943267738149416,-0.06229215860366821,-0.47213876247406006,-0.08427367677614939,-0.0801171064376831,-0.538912296295166,-0.09319630583451044,-0.07025378942489624,-0.22107911109924316,-0.02362397631333124,-0.07164454460144043,-0.28556594252586365,-0.09816248288080942,-0.027949750423431396,-0.22162944078445435,-0.1113032506935383,-0.007824122905731201,-0.16832661628723145,-0.09517997821495783,-0.11948812007904053,-0.17394834756851196,-0.03125749474094164,-0.10083365440368652,-0.2286313772201538,-0.09339446147606623,-0.058061063289642334,-0.17684215307235718,-0.09291986694262278,-0.03785824775695801,-0.12697774171829224,-0.07490386387036096
K,0.0,0.0,0.0,0.06833559274673462,-0.0895187258720398,-0.05077805004361835,0.08454525470733643,-0.20271748304367065,-0.0671372935855743,0.011805951595306396,-0.286926805973053,-0.08168427652958599,-0.05412644147872925,-0.3422545790672302,-0.09351118660811153,0.050583720207214355,-0.26625868678092957,-0.020422156968152194,0.07433360815048218,-0.3885820209980011,-0.053192485191857486,0.08141165971755981,-0.46373623609542847,-0.07304248220566478,0.08556616306304932,-0.52854984998703,-0.08304013318661418,-0.014101922512054443,-0.2549212872982025,-0.019476547905242114,-0.043225109577178955,-0.3926635682582855,-0.06102645403984752,-0.061180949211120605,-0.4769461899995804,-0.08609152592066494,-0.0801272988319397,-0.5445114374160767,-0.09523554153088298,-0.06896042823791504,-0.22018295526504517,-0.025029566206967502,-0.07163316011428833,-0.29013878107070923,-0.09916934377793041,-0.02971726655960083,-0.22627496719360352,-0.11112427718285289,-0.011439681053161621,-0.17215090990066528,-0.09421642131451335,-0.1195824146270752,-0.17153644561767578,-0.03241814679745403,-0.10178631544113159,-0.2344200313091278,-0.09372457123640743,-0.05957996845245361,-0.18313932418823242,-0.09117413318995204,-0.04070478677749634,-0.13200664520263672,-0.07164301730040279
K,0.0,0.0,0.0,0.06770473718643188,-0.08629971742630005,-0.0524935109128819,0.08211719989776611,-0.19992244243621826,-0.07014857805870633,0.007661402225494385,-0.2845257818698883,-0.08529156274698835,-0.05810302495956421,-0.34006425738334656,-0.09745385326050382,0.0503392219543457,-0.2622760832309723,-0.024982264410482458,0.07306259870529175,-0.3841298222541809,-0.06045950032375913,0.08048027753829956,-0.4592980742454529,-0.08164983070992093,0.0842253565788269,-0.5236406326293945,-0.09248667038582425,-0.014934539794921875,-0.2512667775154114,-0.023384861793147138,-0.04637765884399414,-0.3885204493999481,-0.06761601395510297,-0.06524765491485596,-0.47216786444187164,-0.09338806397818189,-0.08628487586975098,-0.5400637984275818,-0.10275203562878232,-0.07002341747283936,-0.21635791659355164,-0.028283190127240232,-0.07427364587783813,-0.28591200709342957,-0.10411531306408506,-0.031108319759368896,-0.22223171591758728,-0.11530318684481244,-0.01286250352859497,-0.17042434215545654,-0.09760815478466611,-0.12100595235824585,-0.16705507040023804,-0.03511476717494588,-0.10376888513565063,-0.23009902238845825,-0.09727015174530607,-0.06096053123474121,-0.1792750358581543,-0.09449068285130124,-0.04257357120513916,-0.130729079246521,-0.07476181365154844
K,0.0,0.0,0.0,0.06795316934585571,-0.0892607569694519,-0.051468044169382665,0.08366823196411133,-0.20262867212295532,-0.06914397294087848,0.009397268295288086,-0.2866397500038147,-0.08535560185475788,-0.05720895528793335,-0.34185802936553955,-0.09851767087741337,0.047447383403778076,-0.27161386609077454,-0.021592152886228178,0.07061243057250977,-0.3908373713493347,-0.05774835089607677,0.07961863279342651,-0.4636329263448715,-0.0799006518201395,0.08549052476882935,-0.5267629325389862,-0.09118476475043735,-0.017862141132354736,-0.26003023982048035,-0.021318815298513982,-0.04921990633010864,-0.39487749338150024,-0.06664109940095386,-0.06861251592636108,-0.4771205484867096,-0.09323833102746448,-0.08878988027572632,-0.5437959134578705,-0.10298509115739307,-0.07260191440582275,-0.2236958146095276,-0.027797132380442235,-0.07279735803604126,-0.2884329855442047,-0.10453062469525776,-0.028409183025360107,-0.22406023740768433,-0.11561631376309833,-0.008464574813842773,-0.17135733366012573,-0.09756335581107578,-0.12205052375793457,-0.17224723100662231,-0.03633773664398632,-0.10362708568572998,-0.23148265480995178,-0.09773258829875431,-0.06057673692703247,-0.18173611164093018,-0.0941528450922533,-0.04130619764328003,-0.13334554433822632,-0.07388842815919361
K,0.0,0.0,0.0,0.06697970628738403,-0.08974039554595947,-0.055838456143931126,0.0821160078048706,-0.20546424388885498,-0.07302126823861954,0.008524119853973389,-0.29160887002944946,-0.08681673346956131,-0.057063281536102295,-0.34758493304252625,-0.09734878479440567,0.047991812229156494,-0.272898405790329,-0.02443511015673039,0.07334166765213013,-0.39486807584762573,-0.058820096542433475,0.08239823579788208,-0.4689413160085678,-0.0798757129808223,0.08821606636047363,-0.5319606363773346,-0.09040328650672791,-0.017030954360961914,-0.26255229115486145,-0.020385559414819454,-0.04907357692718506,-0.39841577410697937,-0.06262501864631531,-0.06995975971221924,-0.48126183450222015,-0.08749502687652466,-0.09211546182632446,-0.5471397340297699,-0.0963445433874881,-0.07180309295654297,-0.22759371995925903,-0.023409025510147785,-0.07650214433670044,-0.2985459864139557,-0.09771035402019379,-0.03271561861038208,-0.2332819700241089,-0.10933117358882782,-0.012896180152893066,-0.1787983775138855,-0.0921302044292247,-0.12149006128311157,-0.17836028337478638,-0.028790022944406246,-0.10430514812469482,-0.23839432001113892,-0.09090072452028153,-0.06237846612930298,-0.1879040002822876,-0.08952536224325058,-0.044063687324523926,-0.13970816135406494,-0.07070732652147171
K,0.0,0.0,0.0,0.09901180863380432,-0.06625443696975708,-0.06962614577321347,0.12341973185539246,-0.20994174480438232,-0.0878753296664172,0.04370322823524475,-0.3200639486312866,-0.10149341892508801,-0.032473236322402954,-0.3991139531135559,-0.11076620291976269,0.1112699806690216,-0.32015055418014526,-0.027503725849669536,0.12316468358039856,-0.4705412685871124,-0.06946392428187664,0.11971434950828552,-0.5689291656017303,-0.09415366571454342,0.11593124270439148,-0.6523036062717438,-0.10829059850482281,0.022431552410125732,-0.3156226873397827,-0.02871734347252186,0.014303386211395264,-0.48618242144584656,-0.08767690580395993,0.013885974884033203,-0.5917055308818817,-0.12052618037967022,0.011726826429367065,-0.6766822636127472,-0.13039318542985256,-0.05388703942298889,-0.27214324474334717,-0.0391225337615424,-0.08009573817253113,-0.3643668293952942,-0.1452730826666766,-0.04469001293182373,-0.2557433843612671,-0.1563226215174609,-0.019357949495315552,-0.18061041831970215,-0.1281381927063876,-0.12679213285446167,-0.2046700119972229,-0.05227292772440251,-0.13366946578025818,-0.2787535786628723,-0.14483898203877743,-0.09854725003242493,-0.1922321319580078,-0.14381837170628842,-0.07822850346565247,-0.1298961043357849,-0.11849785666970547
K,0.0,0.0,0.0,0.06828761100769043,-0.08918672800064087,-0.049426720727126394,0.08683669567108154,-0.20309683680534363,-0.06644444658223847,0.012419342994689941,-0.2877328097820282,-0.08228724940482834,-0.056139469146728516,-0.33840620517730713,-0.09520423902932862,0.05102008581161499,-0.2740246653556824,-0.017083992499749456,0.07945191860198975,-0.38986337184906006,-0.052285389292876516,0.0901828408241272,-0.46037884056568146,-0.07478934271995286,0.09710526466369629,-0.5216130912303925,-0.08692887916032532,-0.015407383441925049,-0.2627687156200409,-0.017101609397570883,-0.046976327896118164,-0.3953744173049927,-0.061847054649035726,-0.06696474552154541,-0.4752030521631241,-0.08888890339795807,-0.0888446569442749,-0.5405955016613007,-0.09919164075319031,-0.06943255662918091,-0.22595283389091492,-0.023621398273746763,-0.07490396499633789,-0.2937083840370178,-0.09860199435416916,-0.02912205457687378,-0.22956398129463196,-0.10872369750205735,-0.007892310619354248,-0.17678141593933105,-0.0907334436363385,-0.11654585599899292,-0.1735365390777588,-0.03210723145667771,-0.10144007205963135,-0.23163527250289917,-0.09311914189521531,-0.0597650408744812,-0.1809878945350647,-0.08937635018293122,-0.041049420833587646,-0.13345879316329956,-0.06907956047717789
K,0.0,0.0,0.0,0.06484484672546387,-0.09357720613479614,-0.048834403156092776,0.07973605394363403,-0.20814669132232666,-0.0646322938788444,0.004429221153259277,-0.2923887372016907,-0.07905408471708597,-0.0612906813621521,-0.3440224230289459,-0.09051616221552194,0.04987788200378418,-0.2747836709022522,-0.01540858775263132,0.07593625783920288,-0.3933315873146057,-0.05023771256094278,0.08651888370513916,-0.46479952335357666,-0.07260017573719324,0.09399294853210449,-0.5266839563846588,-0.08410315692310633,-0.014835953712463379,-0.2644060254096985,-0.014329351595392836,-0.04849112033843994,-0.396114706993103,-0.057575316278985156,-0.07185059785842896,-0.4758516997098923,-0.08401282608394922,-0.09537619352340698,-0.5401863157749176,-0.09364255994444193,-0.06850075721740723,-0.22985810041427612,-0.01988389074688257,-0.0775570273399353,-0.2935548722743988,-0.09294352412109674,-0.03478878736495972,-0.22829121351242065,-0.10319646179561914,-0.013711392879486084,-0.17509639263153076,-0.08504900067930521,-0.11721158027648926,-0.17972391843795776,-0.02742781780546011,-0.10679376125335693,-0.23707258701324463,-0.08591066032533945,-0.06760227680206299,-0.18554407358169556,-0.0817177715886146,-0.04841792583465576,-0.13772457838058472,-0.061147228925278796
K,0.0,0.0,0.0,0.06441223621368408,-0.0928756594657898,-0.048698549145740344,0.08172357082366943,-0.20755204558372498,-0.06490524577526458,0.006442666053771973,-0.29094287753105164,-0.07958885001568206,-0.061590373516082764,-0.34122124314308167,-0.09147287624506362,0.05030292272567749,-0.2773338556289673,-0.015985445106309726,0.07696396112442017,-0.39425134658813477,-0.050157648498100116,0.0872451663017273,-0.46476899087429047,-0.0721630500498236,0.09335595369338989,-0.5263892710208893,-0.08347942399410613,-0.016536414623260498,-0.26687175035476685,-0.014931333238166644,-0.048799335956573486,-0.39622676372528076,-0.05724122094540007,-0.07258892059326172,-0.47364541888237,-0.0832879217210234,-0.0978512167930603,-0.5373541116714478,-0.09239431189922698,-0.07095938920974731,-0.23242151737213135,-0.020233028555196597,-0.0775483250617981,-0.28995776176452637,-0.09196397381452925,-0.0357288122177124,-0.22227343916893005,-0.10182930993465789,-0.017105460166931152,-0.1698877215385437,-0.08353849219707854,-0.11822885274887085,-0.18206796050071716,-0.027536015013140513,-0.10730797052383423,-0.23343902826309204,-0.08454974460033782,-0.06804138422012329,-0.18120595812797546,-0.07948979454664595,-0.049675047397613525,-0.1343807578086853,-0.05825221257833846
K,0.0,0.0,0.0,0.06422853469848633,-0.08981961011886597,-0.045606496442303524,0.08242255449295044,-0.20212006568908691,-0.06168459232543455,0.008976578712463379,-0.2844131588935852,-0.07721605773662077,-0.059808969497680664,-0.3314889967441559,-0.0903685602137898,0.05222386121749878,-0.2761112451553345,-0.015211187932834491,0.07980817556381226,-0.3911511301994324,-0.04994790132735716,0.09029531478881836,-0.4606247842311859,-0.07242017116044508,0.09792482852935791,-0.5205697417259216,-0.0842229190060948,-0.015393376350402832,-0.26533836126327515,-0.015884230543122158,-0.048660457134246826,-0.3919883966445923,-0.05851466830466734,-0.07400691509246826,-0.46938876807689667,-0.08520106102918135,-0.09829413890838623,-0.5321331322193146,-0.09528062369321333,-0.06956851482391357,-0.22958433628082275,-0.02249254163001524,-0.07868057489395142,-0.2864949703216553,-0.09209709491227613,-0.03774958848953247,-0.22340911626815796,-0.10152713831161009,-0.016130685806274414,-0.17209970951080322,-0.084092600900874,-0.11578333377838135,-0.17771023511886597,-0.031095259521350727,-0.10999470949172974,-0.2284037172794342,-0.08658452208732115,-0.07242166996002197,-0.17846441268920898,-0.08160067971442686,-0.05188089609146118,-0.1319049596786499,-0.0609464819321488
K,0.0,0.0,0.0,0.06504476070404053,-0.08867591619491577,-0.047996436729135894,0.0862770676612854,-0.19950833916664124,-0.06488128147930183,0.010128796100616455,-0.28043901920318604,-0.08044149123043098,-0.05879819393157959,-0.32620739936828613,-0.09348025314420738,0.05327564477920532,-0.2745153307914734,-0.016931348963680648,0.08101415634155273,-0.38685303926467896,-0.051610221638384246,0.09167128801345825,-0.45538920164108276,-0.07426756761879005,0.09923964738845825,-0.5153617262840271,-0.0864592357715992,-0.01366955041885376,-0.26378726959228516,-0.01647612035185375,-0.04776501655578613,-0.3882462680339813,-0.05940828241318741,-0.07300078868865967,-0.46291911602020264,-0.08592497698873558,-0.09844732284545898,-0.5242875814437866,-0.09569842509836235,-0.0656481385231018,-0.22741863131523132,-0.022062375693622016,-0.07622557878494263,-0.281379371881485,-0.09303094588130989,-0.03484600782394409,-0.21572765707969666,-0.10225925736040153,-0.014138221740722656,-0.16434508562088013,-0.08437399707645454,-0.10927069187164307,-0.17464283108711243,-0.02972377978176155,-0.10414755344390869,-0.22207191586494446,-0.08676347277969398,-0.0670132040977478,-0.16994929313659668,-0.0819244473418621,-0.04770493507385254,-0.1239423155784607,-0.06116773702115097
K,0.0,0.0,0.0,0.06346964836120605,-0.09185338020324707,-0.046275022992688264,0.08237600326538086,-0.2031356692314148,-0.06292455605586156,0.00740581750869751,-0.2851272523403168,-0.07847781441529378,-0.0625200867652893,-0.33022648096084595,-0.09166130385716542,0.05054360628128052,-0.27559593319892883,-0.015886677050787057,0.0801345705986023,-0.3897738456726074,-0.0498697195144473,0.09070909023284912,-0.4602794349193573,-0.07263603023608312,0.0980151891708374,-0.5219969153404236,-0.08519159964640721,-0.016289591789245605,-0.26487967371940613,-0.01607973276992425,-0.04978787899017334,-0.3901204466819763,-0.05893774665315732,-0.07598817348480225,-0.4662078469991684,-0.08633028678019627,-0.10315287113189697,-0.5293707847595215,-0.09698962382395848,-0.06933724880218506,-0.22889924049377441,-0.021922858053642358,-0.08075350522994995,-0.28753530979156494,-0.09205308518727406,-0.03830146789550781,-0.22190293669700623,-0.10106106064637288,-0.018006503582000732,-0.1690010130405426,-0.08318288586457356,-0.11527955532073975,-0.1764843761920929,-0.02965186312218293,-0.1112021803855896,-0.2305634617805481,-0.0857523154409705,-0.07279086112976074,-0.18006333708763123,-0.08008339218218907,-0.053226470947265625,-0.1328343152999878,-0.05879555232246503
K,0.0,0.0,0.0,0.06427150964736938,-0.08876138925552368,-0.045504476554981466,0.0847005844116211,-0.20131871104240417,-0.061390768416515584,0.009236931800842285,-0.2819221317768097,-0.07652123612939477,-0.06063258647918701,-0.3258533775806427,-0.08926400882779717,0.05231112241744995,-0.27746275067329407,-0.015590744704297776,0.08142262697219849,-0.3896915316581726,-0.04938436640082955,0.09322458505630493,-0.4582419693470001,-0.071559879608742,0.10216796398162842,-0.5172536969184875,-0.08339187843381524,-0.015072464942932129,-0.2675025761127472,-0.016223854996553655,-0.047283709049224854,-0.39151304960250854,-0.057992439396969075,-0.07130813598632812,-0.46600762009620667,-0.08445261759339928,-0.09475606679916382,-0.5266479849815369,-0.09442481739102959,-0.06804698705673218,-0.23158979415893555,-0.02252742057322621,-0.07640445232391357,-0.2843962609767914,-0.09145883811294198,-0.03543210029602051,-0.22057026624679565,-0.10076599908649087,-0.014389514923095703,-0.1692579984664917,-0.08362829280673623,-0.1129729151725769,-0.17945677042007446,-0.030775053106538053,-0.10659629106521606,-0.2274394929409027,-0.08536865157662987,-0.06833845376968384,-0.17699193954467773,-0.07954939795314431,-0.04641300439834595,-0.13064992427825928,-0.05856366051017403
K,0.0,0.0,0.0,0.06383466720581055,-0.09416157007217407,-0.04198033391645595,0.08157527446746826,-0.2051665484905243,-0.05697584553769275,0.00700300931930542,-0.2845965623855591,-0.07251742883732959,-0.06512397527694702,-0.3274197578430176,-0.08597232802918597,0.05226719379425049,-0.2787441909313202,-0.010663385793179714,0.08193802833557129,-0.3903231620788574,-0.0428308176915948,0.09382009506225586,-0.4591819792985916,-0.064370651088268,0.10253643989562988,-0.5186322629451752,-0.07614868535807773,-0.015953242778778076,-0.26745596528053284,-0.01413132931253358,-0.04647177457809448,-0.38989123702049255,-0.05578228487780734,-0.07280266284942627,-0.46571236848831177,-0.08352691336682483,-0.09826302528381348,-0.528424859046936,-0.09465942933371707,-0.07022053003311157,-0.2307024598121643,-0.023115121118337356,-0.07844120264053345,-0.2827007472515106,-0.09256435587218448,-0.03812837600708008,-0.2178727686405182,-0.10320334538033649,-0.016866624355316162,-0.16588431596755981,-0.08681241079381152,-0.11698204278945923,-0.17682242393493652,-0.03379780828169032,-0.11572158336639404,-0.22836175560951233,-0.08920546277573749,-0.07487046718597412,-0.18013828992843628,-0.08426058693936511,-0.048875510692596436,-0.13292920589447021,-0.06375209643653079
K,0.0,0.0,0.0,0.06536263227462769,-0.09306734800338745,-0.039879889284407,0.08287638425827026,-0.2017362415790558,-0.05464929813626895,0.006763875484466553,-0.28012657165527344,-0.0704890126932014,-0.06489396095275879,-0.32079800963401794,-0.08411930600288997,0.050585925579071045,-0.27688178420066833,-0.010507548284863333,0.08007627725601196,-0.38641732931137085,-0.042409834508930544,0.09172624349594116,-0.4545479416847229,-0.06375230947617183,0.10092777013778687,-0.5130521655082703,-0.07576331595066677,-0.016660332679748535,-0.2660510838031769,-0.014636584614549975,-0.04894840717315674,-0.3875310868024826,-0.05514897504929195,-0.07410931587219238,-0.46158844232559204,-0.08172631362560878,-0.09698539972305298,-0.5216902494430542,-0.09282463142756114,-0.07042402029037476,-0.22936144471168518,-0.02417563745859752,-0.0774381160736084,-0.282131552696228,-0.09030380198839794,-0.03667330741882324,-0.22360792756080627,-0.10000594804171214,-0.014934897422790527,-0.17325353622436523,-0.0847085202682365,-0.11607837677001953,-0.17660915851593018,-0.0356110679555286,-0.11199319362640381,-0.2259826362133026,-0.08699784526709209,-0.07280051708221436,-0.18223267793655396,-0.08188725361708293,-0.04841959476470947,-0.1372280716896057,-0.06277553835991512
K,0.0,0.0,0.0,0.0644599199295044,-0.09298968315124512,-0.040252339994879094,0.07875674962997437,-0.20188850164413452,-0.053970956212253896,0.004721462726593018,-0.28007233142852783,-0.0683168628871158,-0.06596297025680542,-0.3215842843055725,-0.08080207646486315,0.04840421676635742,-0.2743443250656128,-0.009544283120305863,0.07697582244873047,-0.38351280987262726,-0.04049353391525301,0.08907634019851685,-0.4523680806159973,-0.06183151618239435,0.09881609678268433,-0.5118319094181061,-0.07380525112745318,-0.01788562536239624,-0.2637154161930084,-0.013259294411511746,-0.04957544803619385,-0.3841647356748581,-0.05180664450523409,-0.07422739267349243,-0.4590083658695221,-0.07771656752225908,-0.09702181816101074,-0.5200780034065247,-0.08848604649898562,-0.07138872146606445,-0.22699955105781555,-0.022390156021685925,-0.082439124584198,-0.283415824174881,-0.0885832169711307,-0.04218482971191406,-0.21998330950737,-0.09774100125429186,-0.02061384916305542,-0.16727623343467712,-0.0815750593006328,-0.11838191747665405,-0.1727462112903595,-0.03324769527313265,-0.11686384677886963,-0.22745129466056824,-0.08690314084884676,-0.07725292444229126,-0.18015974760055542,-0.08154177010652575,-0.0533066987991333,-0.13268867135047913,-0.061470896905632344
K,0.0,0.0,0.0,0.10323959589004517,-0.06903409957885742,-0.06966880378070073,0.12276393175125122,-0.21520090103149414,-0.08776612248959736,0.03997191786766052,-0.32661014795303345,-0.10103350546899037,-0.034418851137161255,-0.40653032064437866,-0.11009633955302434,0.11289381980895996,-0.3180686831474304,-0.03123190481903748,0.12586987018585205,-0.4724431335926056,-0.07147106197419362,0.12317031621932983,-0.5708301663398743,-0.09521054890694813,0.12065660953521729,-0.6559035778045654,-0.10953044560494618,0.02315419912338257,-0.3119521141052246,-0.031763919114496275,0.012605667114257812,-0.483031690120697,-0.08884706017317967,0.013517141342163086,-0.588704377412796,-0.12150157657208638,0.011142909526824951,-0.6733349561691284,-0.13252769824805455,-0.05422455072402954,-0.26777344942092896,-0.04101730179729657,-0.08105108141899109,-0.36337846517562866,-0.14607161697688298,-0.040696561336517334,-0.255754292011261,-0.15816796240153508,-0.015235960483551025,-0.17965388298034668,-0.13175245043578343,-0.12627705931663513,-0.2009546160697937,-0.052862104445125624,-0.13141372799873352,-0.27922433614730835,-0.14705568966212468,-0.09385758638381958,-0.19167447090148926,-0.14775625285449223,-0.07405340671539307,-0.12638461589813232,-0.1239329990440865
K,0.0,0.0,0.0,0.06283730268478394,-0.09467542171478271,-0.04222046309206462,0.07867169380187988,-0.20253613591194153,-0.057482630992865325,0.004069864749908447,-0.28094324469566345,-0.0729868459055183,-0.06497281789779663,-0.3245552182197571,-0.08640032731983638,0.05119055509567261,-0.27250936627388,-0.011954090605115653,0.08008342981338501,-0.38254259526729584,-0.04490707167479968,0.09179359674453735,-0.45103733241558075,-0.06709763878080821,0.101229727268219,-0.5097664296627045,-0.0791152986237762,-0.015098214149475098,-0.2624339461326599,-0.01476136227194047,-0.046351075172424316,-0.38354381918907166,-0.05575503879282451,-0.07091665267944336,-0.4580002874135971,-0.08288278901073909,-0.09388017654418945,-0.5202234089374542,-0.09374855929110026,-0.06859064102172852,-0.22722116112709045,-0.023187049711680174,-0.07750749588012695,-0.277959406375885,-0.09132967614624476,-0.0380215048789978,-0.2138533592224121,-0.10166473412010646,-0.01716601848602295,-0.16298061609268188,-0.08535058521721339,-0.11622518301010132,-0.17502081394195557,-0.03337358408663249,-0.11587899923324585,-0.22550779581069946,-0.08689924799892879,-0.07668131589889526,-0.17914971709251404,-0.08161477469894862,-0.05230450630187988,-0.13388317823410034,-0.06126001575086093
K,0.0,0.0,0.0,0.06365436315536499,-0.08679568767547607,-0.045603724504530874,0.08255773782730103,-0.19459891319274902,-0.06142687269550606,0.008338391780853271,-0.2732706069946289,-0.07620291256409928,-0.06087774038314819,-0.318217009305954,-0.08871470236283585,0.051380813121795654,-0.26930391788482666,-0.016448047320068326,0.08057552576065063,-0.3785550445318222,-0.0482170380006437,0.09142833948135376,-0.4486835449934006,-0.06949283772212311,0.09896230697631836,-0.5084439516067505,-0.08121507459384247,-0.015111207962036133,-0.2589210867881775,-0.017098747501790967,-0.045256733894348145,-0.37779955565929413,-0.05749459409219071,-0.07108217477798462,-0.4530266225337982,-0.08408421867591187,-0.09725069999694824,-0.5155368447303772,-0.09456319206458375,-0.06845724582672119,-0.22241753339767456,-0.02326779843372151,-0.07794511318206787,-0.27418965101242065,-0.09131822579604432,-0.03695112466812134,-0.21043938398361206,-0.10172844522696778,-0.016414225101470947,-0.16036716103553772,-0.08555942618352219,-0.11590099334716797,-0.16943016648292542,-0.031298144097149816,-0.11271005868911743,-0.21885085105895996,-0.08658309125405594,-0.07177525758743286,-0.1724889874458313,-0.08262163245183274,-0.047413647174835205,-0.12843823432922363,-0.06298509829741761
K,0.0,0.0,0.0,0.06535691022872925,-0.08985674381256104,-0.03935601789737575,0.08463627099990845,-0.19804489612579346,-0.053867577055939364,0.010461986064910889,-0.27593567967414856,-0.06959067140007846,-0.05944401025772095,-0.31610217690467834,-0.08328987512970798,0.05415821075439453,-0.27324971556663513,-0.010335113334008383,0.0825381875038147,-0.3815574049949646,-0.04342303652549617,0.09324085712432861,-0.44916029274463654,-0.06518436823273532,0.10289406776428223,-0.5075108110904694,-0.077110758463391,-0.012783408164978027,-0.26274174451828003,-0.015033489505299258,-0.04574102163314819,-0.38413937389850616,-0.057189269403465914,-0.07123219966888428,-0.45670731365680695,-0.08365936432267063,-0.09242165088653564,-0.5151073038578033,-0.09400866035605304,-0.06621724367141724,-0.226607084274292,-0.025046136642345118,-0.07430034875869751,-0.28116512298583984,-0.09351282421732776,-0.034430742263793945,-0.2174896001815796,-0.10156795237446659,-0.012171447277069092,-0.1639130413532257,-0.08415791247273319,-0.11142468452453613,-0.1736895740032196,-0.036770729760178256,-0.10814189910888672,-0.22400853037834167,-0.09004229162121646,-0.06984835863113403,-0.1763349175453186,-0.08335215453291767,-0.04667562246322632,-0.12957721948623657,-0.06237326417351596
K,0.0,0.0,0.0,0.06316620111465454,-0.08895474672317505,-0.04096392307383212,0.07883691787719727,-0.19868049025535583,-0.055953246987883176,0.002414524555206299,-0.2753762900829315,-0.07167291406494769,-0.06616872549057007,-0.3182763159275055,-0.08519599351984652,0.047975897789001465,-0.2717427909374237,-0.011362700238350953,0.07579606771469116,-0.3810987323522568,-0.044420344270292844,0.08771020174026489,-0.44928473234176636,-0.06626368079287204,0.09742331504821777,-0.50774285197258,-0.07810996238094958,-0.018409550189971924,-0.26128265261650085,-0.014901406578246679,-0.051964521408081055,-0.3839557468891144,-0.056433928645674314,-0.07642841339111328,-0.4578752815723419,-0.08278991792303714,-0.09899985790252686,-0.5175347626209259,-0.0928797176848093,-0.07251626253128052,-0.22579872608184814,-0.023994124941054906,-0.08027392625808716,-0.279441773891449,-0.09297153864008578,-0.03909343481063843,-0.21617180109024048,-0.1020940593252817,-0.01756042242050171,-0.1635074019432068,-0.08509076151949557,-0.11889517307281494,-0.17454230785369873,-0.03481871772510203,-0.11240822076797485,-0.2236558198928833,-0.08911636982065829,-0.07439422607421875,-0.17376360297203064,-0.08310906354290637,-0.052013099193573,-0.12565848231315613,-0.06236995149356517
K,0.0,0.0,0.0,0.06375974416732788,-0.08859074115753174,-0.04062344054619871,0.08188843727111816,-0.19699662923812866,-0.05525635103623472,0.008628010749816895,-0.27495652437210083,-0.07043223376314245,-0.06215614080429077,-0.3157346546649933,-0.08367248172800146,0.05239170789718628,-0.2715127468109131,-0.01215209639559589,0.08161360025405884,-0.3806031048297882,-0.04423915515582166,0.093783438205719,-0.4485480338335037,-0.06550288493673406,0.10393840074539185,-0.5076818764209747,-0.07726165945570074,-0.014514386653900146,-0.26251351833343506,-0.015923555148049218,-0.04597550630569458,-0.3826497346162796,-0.055838327062531334,-0.07019311189651489,-0.4559134542942047,-0.08152800346653066,-0.09155386686325073,-0.5157293975353241,-0.09171196366588674,-0.06844139099121094,-0.22740814089775085,-0.025087750655814034,-0.07424825429916382,-0.27932608127593994,-0.09223351175825201,-0.035110414028167725,-0.21586814522743225,-0.10159880961219869,-0.014507591724395752,-0.16309159994125366,-0.08546211863796316,-0.11453109979629517,-0.17513707280158997,-0.036006792587443215,-0.11013633012771606,-0.22301077842712402,-0.09013012344877325,-0.0718989372253418,-0.17407524585723877,-0.08524319077770315,-0.04910707473754883,-0.12622922658920288,-0.06543240244428716
K,0.0,0.0,0.0,0.061866581439971924,-0.08907723426818848,-0.042144514778556186,0.07622343301773071,-0.19579175114631653,-0.057453368017377215,0.002588212490081787,-0.27060818672180176,-0.0728684218320268,-0.06449800729751587,-0.31299889087677,-0.08628704414695676,0.04756283760070801,-0.2729262709617615,-0.012717593619527179,0.07899469137191772,-0.37845464050769806,-0.045157548198403674,0.09246283769607544,-0.4462292045354843,-0.06747606412500318,0.10195398330688477,-0.5041636824607849,-0.0797944517526048,-0.019102752208709717,-0.2610023319721222,-0.016191685730518657,-0.04971379041671753,-0.37929292023181915,-0.05721156687468465,-0.07351475954055786,-0.45284679532051086,-0.08416047708124097,-0.09715461730957031,-0.5142166018486023,-0.0948040188941377,-0.07272535562515259,-0.2224309742450714,-0.025111109176577884,-0.07966506481170654,-0.27415481209754944,-0.09400492177337583,-0.03912985324859619,-0.20887070894241333,-0.10343091950744565,-0.01874774694442749,-0.1575685739517212,-0.086373657146396,-0.12010985612869263,-0.16646438837051392,-0.03566049427718099,-0.11569684743881226,-0.22029992938041687,-0.09057495758861478,-0.07543343305587769,-0.17292338609695435,-0.08444314465850766,-0.05209672451019287,-0.12720301747322083,-0.06325176374048169
K,0.0,0.0,0.0,0.06221824884414673,-0.0908271074295044,-0.03721088890046076,0.07847297191619873,-0.19678905606269836,-0.05160050068110422,0.01090538501739502,-0.27510130405426025,-0.06713572491020159,-0.0579797625541687,-0.3164786696434021,-0.08099536944240526,0.05037719011306763,-0.2706136405467987,-0.011711400673391381,0.08136624097824097,-0.38187703490257263,-0.04270834077209429,0.09300750494003296,-0.45161135494709015,-0.06418574947923616,0.10033077001571655,-0.5128200650215149,-0.07682052601188616,-0.015575289726257324,-0.26175469160079956,-0.017522487529220143,-0.04590761661529541,-0.38267773389816284,-0.056941408403815785,-0.07047843933105469,-0.45680317282676697,-0.08328998435348467,-0.09444725513458252,-0.5189768075942993,-0.09446190644115404,-0.0692436695098877,-0.22699329257011414,-0.027955040075482884,-0.07692772150039673,-0.28216302394866943,-0.09334937829584078,-0.03947418928146362,-0.21949991583824158,-0.10190567720741228,-0.020935893058776855,-0.16860246658325195,-0.08602246243566469,-0.11512601375579834,-0.1743077039718628,-0.03999763328641848,-0.11341226100921631,-0.22528406977653503,-0.09346329022258715,-0.0748828649520874,-0.1775784194469452,-0.0881691013655086,-0.05104905366897583,-0.13014820218086243,-0.06827494103521303
K,0.0,0.0,0.0,0.0654759407043457,-0.09236371517181396,-0.04006382376991269,0.08400499820709229,-0.2000821828842163,-0.05499217213235852,0.011056005954742432,-0.2777593731880188,-0.07083899454318043,-0.05648207664489746,-0.3187795579433441,-0.08483364359580037,0.05437946319580078,-0.26936736702919006,-0.011425297903940645,0.084419846534729,-0.37832508981227875,-0.04504653365455624,0.09761810302734375,-0.4463416039943695,-0.06799648628674504,0.109732985496521,-0.5053986608982086,-0.08057197109900471,-0.012104630470275879,-0.25982317328453064,-0.01547807102195975,-0.04271256923675537,-0.38183504343032837,-0.05658370182953831,-0.06578701734542847,-0.4584719091653824,-0.08333519772730824,-0.08609360456466675,-0.5220919847488403,-0.09431102053366658,-0.06610244512557983,-0.2248576581478119,-0.024966932098493544,-0.07222670316696167,-0.2816489040851593,-0.09239447043381688,-0.033545494079589844,-0.21856284141540527,-0.10109734461747166,-0.013353228569030762,-0.165614515542984,-0.08421245143853184,-0.11344331502914429,-0.17260557413101196,-0.03615413532696721,-0.10828942060470581,-0.22642594575881958,-0.08859535978280064,-0.0709717869758606,-0.1798083782196045,-0.08183070198737141,-0.04964447021484375,-0.1330564022064209,-0.06091678814135548
K,0.0,0.0,0.0,0.06525373458862305,-0.08948802947998047,-0.04081675925624495,0.08070868253707886,-0.19565227627754211,-0.056018033561826996,0.009438097476959229,-0.2738119661808014,-0.07182481282723074,-0.057119786739349365,-0.318045437335968,-0.08567315482866888,0.05094248056411743,-0.265323668718338,-0.012150419441582017,0.0813397765159607,-0.3737264573574066,-0.04405092218291884,0.09398150444030762,-0.4417717754840851,-0.06585527354252463,0.10283994674682617,-0.5010999143123627,-0.07802529030811911,-0.01508420705795288,-0.25669002532958984,-0.015991663125873856,-0.04310542345046997,-0.37785108387470245,-0.0570021025217784,-0.06667983531951904,-0.45380306243896484,-0.08393683427345877,-0.09023851156234741,-0.5174886882305145,-0.09476052367460852,-0.06900167465209961,-0.22226154804229736,-0.02505033978593474,-0.07443034648895264,-0.2767011821269989,-0.09278087460768347,-0.03585374355316162,-0.21176040172576904,-0.10172088587057715,-0.017189085483551025,-0.15975451469421387,-0.08468254053366309,-0.11714518070220947,-0.17003756761550903,-0.035792221812130265,-0.11214005947113037,-0.22494199872016907,-0.08889969581139212,-0.07282614707946777,-0.17840993404388428,-0.08230460577976828,-0.049953997135162354,-0.13171720504760742,-0.06120816761028891
K,0.0,0.0,0.0,0.0643225908279419,-0.09258946776390076,-0.03913334576759553,0.08073604106903076,-0.20001521706581116,-0.05431452958259797,0.009042024612426758,-0.27801641821861267,-0.07059020741257882,-0.0587923526763916,-0.3197634816169739,-0.08509715838704324,0.0497930645942688,-0.26990950107574463,-0.01161657372836089,0.08042258024215698,-0.37570492923259735,-0.045565540030338525,0.09348022937774658,-0.44357165694236755,-0.06877546949658608,0.10496789216995239,-0.5025782585144043,-0.08149126364264703,-0.016431748867034912,-0.261694997549057,-0.01640487095687604,-0.044242799282073975,-0.3821735233068466,-0.05862239567909455,-0.06715744733810425,-0.4581599235534668,-0.0858645532873652,-0.08744019269943237,-0.5216581523418427,-0.09687227947983956,-0.0707087516784668,-0.22738245129585266,-0.026440095215775727,-0.07373166084289551,-0.27956902980804443,-0.09460963501010156,-0.034021198749542236,-0.2161577045917511,-0.10360047413382745,-0.012798190116882324,-0.16320869326591492,-0.08661195082936501,-0.11882507801055908,-0.17478185892105103,-0.038116803452112435,-0.11231201887130737,-0.22695723176002502,-0.09030225320134377,-0.07252532243728638,-0.18128889799118042,-0.08338166220460153,-0.04865831136703491,-0.13468965888023376,-0.06228102563295579
K,0.0,0.0,0.0,0.10071057081222534,-0.06231731176376343,-0.06727740950975658,0.12649738788604736,-0.20354294776916504,-0.08616498150024654,0.04758650064468384,-0.3127015233039856,-0.10063950754795314,-0.02819991111755371,-0.3897508978843689,-0.11151459105406047,0.11119610071182251,-0.31525343656539917,-0.03113820813689472,0.1296730637550354,-0.4602210819721222,-0.07543972916994335,0.12989282608032227,-0.5576276481151581,-0.1026128310719514,0.13035720586776733,-0.6424467861652374,-0.1186636392036462,0.0213240385055542,-0.31067901849746704,-0.03438732810411693,0.011365264654159546,-0.478800892829895,-0.09486173130665065,0.011425912380218506,-0.5820415914058685,-0.12977765537891628,0.009122967720031738,-0.6664412021636963,-0.14122904874477626,-0.05378049612045288,-0.26765722036361694,-0.04587614201102497,-0.08071833848953247,-0.3519524931907654,-0.15427149869594814,-0.04005312919616699,-0.24015367031097412,-0.16620120443496944,-0.013155519962310791,-0.16301995515823364,-0.1384446028629327,-0.12513107061386108,-0.20017266273498535,-0.05960700325761081,-0.13457706570625305,-0.2706049680709839,-0.15379822291527034,-0.09684547781944275,-0.1823488473892212,-0.15186250247154476,-0.07552412152290344,-0.11845862865447998,-0.12551204897556545
K,0.0,0.0,0.0,0.06347358226776123,-0.0914735198020935,-0.03940772956360661,0.07691621780395508,-0.19896280765533447,-0.053866285291803706,0.005179703235626221,-0.27621856331825256,-0.06929088330019795,-0.061623573303222656,-0.31974515318870544,-0.08292756175745808,0.046089768409729004,-0.26944175362586975,-0.010654919241858352,0.0770953893661499,-0.375719279050827,-0.04218904620159947,0.090695321559906,-0.44479602575302124,-0.06394088214386784,0.10131734609603882,-0.5046771168708801,-0.07615270411719166,-0.019513249397277832,-0.260404109954834,-0.015382573400927413,-0.0479811429977417,-0.3815281391143799,-0.05509990772355877,-0.07091319561004639,-0.4583316594362259,-0.08154142594088398,-0.09265375137329102,-0.5231530666351318,-0.09252010977019154,-0.07350122928619385,-0.22422778606414795,-0.025317333099735606,-0.07827532291412354,-0.27954232692718506,-0.09187786227215611,-0.03885316848754883,-0.2168816328048706,-0.10087562298525654,-0.019733309745788574,-0.165618896484375,-0.08439533358563267,-0.12124210596084595,-0.17013075947761536,-0.036888125744951594,-0.11581802368164062,-0.22654780745506287,-0.088711559233559,-0.07555657625198364,-0.18200331926345825,-0.08176174705971562,-0.05201840400695801,-0.13577213883399963,-0.06088904610027157
K,0.0,0.0,0.0,0.06451427936553955,-0.09133237600326538,-0.03957252592670102,0.07941913604736328,-0.19930291175842285,-0.054251801379791686,0.0072956085205078125,-0.2783729135990143,-0.0699663685344376,-0.059505999088287354,-0.32244187593460083,-0.08386431650149007,0.05262482166290283,-0.26910072565078735,-0.01178747803794522,0.08128863573074341,-0.3797556012868881,-0.044193379738203475,0.09342187643051147,-0.44987137615680695,-0.06592773661839146,0.10337501764297485,-0.5105299353599548,-0.07786597327219624,-0.013252854347229004,-0.2594296932220459,-0.0165463315032639,-0.04208076000213623,-0.3827841579914093,-0.05730825305806775,-0.06496363878250122,-0.45935337245464325,-0.08385157600866933,-0.08579665422439575,-0.5226983726024628,-0.09458818302380223,-0.06742727756500244,-0.22480058670043945,-0.026517907314769218,-0.07186996936798096,-0.28048813343048096,-0.09436432287918706,-0.0325656533241272,-0.2175290882587433,-0.10368583367096562,-0.012672841548919678,-0.16561359167099,-0.08702301994787831,-0.11539351940155029,-0.17290222644805908,-0.038134019979111144,-0.10975265502929688,-0.2294222116470337,-0.09112507865654607,-0.07095491886138916,-0.18274500966072083,-0.08465711788164754,-0.04837304353713989,-0.13490638136863708,-0.0637965129398026
K,0.0,0.0,0.0,0.06484276056289673,-0.09017390012741089,-0.04025583718873804,0.0824589729309082,-0.20043274760246277,-0.05510774631954973,0.010521888732910156,-0.28089433908462524,-0.07096739490486925,-0.056151509284973145,-0.32534322142601013,-0.08476055790640658,0.05281364917755127,-0.26969578862190247,-0.011599584528880769,0.0827484130859375,-0.37873928248882294,-0.044679809407966786,0.09575200080871582,-0.44780661165714264,-0.06681865830876177,0.10695058107376099,-0.5084862411022186,-0.07902888585783785,-0.012973189353942871,-0.26133406162261963,-0.01595682282902544,-0.042156875133514404,-0.38670772314071655,-0.05766320978261774,-0.06385087966918945,-0.4649118334054947,-0.08451942731596773,-0.08346319198608398,-0.5302634537220001,-0.09547076751448458,-0.06675398349761963,-0.2276126742362976,-0.02564867404259985,-0.07085597515106201,-0.28609195351600647,-0.09446078916050737,-0.03139972686767578,-0.22105926275253296,-0.10317442198254412,-0.011860013008117676,-0.16711202263832092,-0.0859141163990671,-0.11296844482421875,-0.17699506878852844,-0.03704609353997057,-0.10456889867782593,-0.23245564103126526,-0.09018712867953127,-0.0666847825050354,-0.18382826447486877,-0.08324028183676546,-0.04564732313156128,-0.13521891832351685,-0.0621314645276243
K,0.0,0.0,0.0,0.06704849004745483,-0.08829182386398315,-0.044038252198333794,0.08615893125534058,-0.19847193360328674,-0.059785221927995735,0.013562440872192383,-0.27879637479782104,-0.07587136443817144,-0.05225861072540283,-0.32601818442344666,-0.08939326670133596,0.05299663543701172,-0.2709609866142273,-0.012426321619386727,0.08201956748962402,-0.37902775406837463,-0.046593276077146584,0.09562313556671143,-0.4470534920692444,-0.06903378781044012,0.10690361261367798,-0.5063129663467407,-0.0808930706616593,-0.012337267398834229,-0.2617046535015106,-0.015107513630027825,-0.04077601432800293,-0.3864690661430359,-0.05854314308726316,-0.06075364351272583,-0.463683158159256,-0.08591144647562032,-0.07999670505523682,-0.5280516743659973,-0.0963872757192803,-0.06557554006576538,-0.22704702615737915,-0.0238337844994021,-0.06709593534469604,-0.2817647159099579,-0.09567515667640691,-0.026527464389801025,-0.21651941537857056,-0.10572440292799001,-0.0074021220207214355,-0.16366633772850037,-0.0881591301795197,-0.11216336488723755,-0.1763676404953003,-0.03439269330465322,-0.09954649209976196,-0.22915515303611755,-0.08919720467292791,-0.06082826852798462,-0.18053928017616272,-0.08296541240179067,-0.041120946407318115,-0.13381820917129517,-0.06189574789368635
K,0.0,0.0,0.0,0.06750774383544922,-0.0870821475982666,-0.04479011331886795,0.0861043930053711,-0.2013368010520935,-0.060589445728965075,0.010931968688964844,-0.2834215462207794,-0.07629909550041702,-0.058122336864471436,-0.32993483543395996,-0.08913004582018402,0.048845529556274414,-0.2712894082069397,-0.016317933771915705,0.07713526487350464,-0.3860606551170349,-0.04930907671541718,0.09112948179244995,-0.4541311264038086,-0.06996396367640045,0.10079222917556763,-0.5124537497758865,-0.08062844907135513,-0.016991138458251953,-0.2620868384838104,-0.01804531363040951,-0.04893070459365845,-0.39361996948719025,-0.05955091302485016,-0.06831371784210205,-0.4727783501148224,-0.0851211566218808,-0.08884084224700928,-0.5363359153270721,-0.0947535577902272,-0.07209205627441406,-0.22886922955513,-0.025681814152903826,-0.07472914457321167,-0.28908777236938477,-0.09639079307407883,-0.03088366985321045,-0.22794458270072937,-0.10766381208986786,-0.011182248592376709,-0.17539840936660767,-0.09168552790970352,-0.1200363039970398,-0.18146184086799622,-0.03514715095252541,-0.10342150926589966,-0.23328575491905212,-0.09121123885006455,-0.06237149238586426,-0.18417364358901978,-0.08739434366316345,-0.04167240858078003,-0.13444554805755615,-0.06813913022369888
K,0.0,0.0,0.0,0.06720829010009766,-0.0904899537563324,-0.04814378227075622,0.08414852619171143,-0.20499223470687866,-0.06422938461383865,0.009039342403411865,-0.28847774863243103,-0.07988456691583679,-0.0594639778137207,-0.33806127309799194,-0.09251476134141967,0.05030101537704468,-0.2747325599193573,-0.01486835869928882,0.07795131206512451,-0.3907763361930847,-0.048516251695957635,0.0918317437171936,-0.46116167306900024,-0.07063251043638274,0.10192495584487915,-0.5220944732427597,-0.08249986971696899,-0.015257835388183594,-0.2654831111431122,-0.015657321167793725,-0.04806077480316162,-0.39775460958480835,-0.05900575648030326,-0.06749093532562256,-0.4788815826177597,-0.08670049215635345,-0.08770561218261719,-0.544596403837204,-0.0975910281666188,-0.07049870491027832,-0.23189136385917664,-0.02293299379726932,-0.07423287630081177,-0.2946431636810303,-0.09631803686698959,-0.029852688312530518,-0.23082900047302246,-0.10824246014436767,-0.010570228099822998,-0.17726027965545654,-0.09182614888032958,-0.11997264623641968,-0.1839982569217682,-0.0323536438771157,-0.10360503196716309,-0.23966988921165466,-0.0904940074213414,-0.06311255693435669,-0.19035282731056213,-0.08695745523056075,-0.0447428822517395,-0.14130184054374695,-0.06749080921491668
K,0.0,0.0,0.0,0.06889158487319946,-0.08756747841835022,-0.04687804965539044,0.08618390560150146,-0.2000512182712555,-0.0633859732584483,0.009431779384613037,-0.2821972966194153,-0.07964074103398389,-0.059636712074279785,-0.33150582015514374,-0.09294089166684216,0.049359261989593506,-0.27102312445640564,-0.015035568310452163,0.07573908567428589,-0.3846755921840668,-0.0488009998039729,0.08895045518875122,-0.45304548740386963,-0.07042413441701001,0.09852993488311768,-0.5130031406879425,-0.08168033002181119,-0.017316460609436035,-0.2615739405155182,-0.016349589957428634,-0.04860949516296387,-0.3931698352098465,-0.058696600182486236,-0.06865185499191284,-0.4729672968387604,-0.08485491065545148,-0.08965647220611572,-0.5372477173805237,-0.09460368989272183,-0.07317715883255005,-0.2271621823310852,-0.024092285467816055,-0.0733838677406311,-0.2867564260959625,-0.09689820794625348,-0.027568042278289795,-0.22147876024246216,-0.10760011015696591,-0.0064757466316223145,-0.1665375530719757,-0.09020640192790097,-0.1224178671836853,-0.17823368310928345,-0.03377650914950436,-0.10327917337417603,-0.23159995675086975,-0.09086795388026303,-0.06194722652435303,-0.18112629652023315,-0.08590636639161175,-0.04253333806991577,-0.13153716921806335,-0.06536827473206586
K,0.0,0.0,0.0,0.06928730010986328,-0.08804440498352051,-0.0484017675256041,0.08569097518920898,-0.20486313104629517,-0.06603335044138703,0.00912696123123169,-0.2917138636112213,-0.08297306499235901,-0.06246274709701538,-0.34117627143859863,-0.09676370224707398,0.04599869251251221,-0.27590686082839966,-0.020002830911209912,0.07538998126983643,-0.3941501975059509,-0.053914053503206105,0.08786892890930176,-0.4639953374862671,-0.0748549347256926,0.09601950645446777,-0.5264612436294556,-0.08653703531973633,-0.020910024642944336,-0.26535964012145996,-0.021508557859590383,-0.051814377307891846,-0.40061381459236145,-0.06608673385136399,-0.07207423448562622,-0.4797907918691635,-0.09269365123265061,-0.09485554695129395,-0.5440284907817841,-0.10325956544630799,-0.07739168405532837,-0.22993656992912292,-0.029139163110187383,-0.07873678207397461,-0.2969586253166199,-0.10489212176554474,-0.03140741586685181,-0.23064658045768738,-0.11528212032072815,-0.010343670845031738,-0.17358887195587158,-0.0978235249852446,-0.12666910886764526,-0.17980408668518066,-0.03878667405598435,-0.10790801048278809,-0.23888397216796875,-0.09997532716744217,-0.06567615270614624,-0.18688464164733887,-0.09655156931631836,-0.046167075634002686,-0.13410252332687378,-0.07699836990587983
K,0.0,0.0,0.0,0.06840556859970093,-0.09258323907852173,-0.04866669652744804,0.08697998523712158,-0.20965540409088135,-0.06577400443836723,0.01236581802368164,-0.29872429370880127,-0.08236678270384346,-0.06018531322479248,-0.34800341725349426,-0.09563444135471855,0.047642409801483154,-0.28817224502563477,-0.01648191502079044,0.07748627662658691,-0.4078333228826523,-0.050926655062880855,0.09215033054351807,-0.47826260328292847,-0.07326383469387565,0.10103082656860352,-0.5422154366970062,-0.0860471981553701,-0.01994764804840088,-0.27719587087631226,-0.01788146001979385,-0.05373668670654297,-0.41281217336654663,-0.06330631254002128,-0.0735742449760437,-0.49027563631534576,-0.0908244061259893,-0.09681957960128784,-0.5515856742858887,-0.10184625116869483,-0.07651442289352417,-0.2398206889629364,-0.025781763249483447,-0.07830560207366943,-0.3055889904499054,-0.10250014392420326,-0.029447197914123535,-0.2394697666168213,-0.1142505141882566,-0.00808781385421753,-0.18363907933235168,-0.09757554111763511,-0.1244925856590271,-0.1874718964099884,-0.03575417352601562,-0.1039397120475769,-0.24293074011802673,-0.09807429043337379,-0.06075084209442139,-0.18884024024009705,-0.09601188776775871,-0.04206448793411255,-0.13686424493789673,-0.07730412808939491
K,0.0,0.0,0.0,0.06944000720977783,-0.09469854831695557,-0.049719456680463736,0.0860089659690857,-0.20997923612594604,-0.06785612935607332,0.009092569351196289,-0.29752594232559204,-0.08526957417313952,-0.0628805160522461,-0.34757213294506073,-0.09969248259847063,0.047930121421813965,-0.28327059745788574,-0.02080089608614344,0.07541805505752563,-0.4041959047317505,-0.05697093168680567,0.08835232257843018,-0.47651156783103943,-0.08049560720507998,0.09679865837097168,-0.5414969325065613,-0.09413502002541918,-0.01978754997253418,-0.27208641171455383,-0.022377543248580878,-0.05345386266708374,-0.4077671766281128,-0.06768993670527834,-0.07376223802566528,-0.4863356947898865,-0.09553481275622744,-0.0959322452545166,-0.550083577632904,-0.10753172273223299,-0.0766708254814148,-0.23380279541015625,-0.030481509961532538,-0.07913601398468018,-0.29950132966041565,-0.10611983025853533,-0.031872570514678955,-0.23867759108543396,-0.11768938983266253,-0.010714828968048096,-0.18706679344177246,-0.10175269479339022,-0.12680143117904663,-0.17935514450073242,-0.04079947630350489,-0.11115354299545288,-0.2396301031112671,-0.10118858898465533,-0.06670033931732178,-0.19281470775604248,-0.09811090315167803,-0.04575282335281372,-0.14475232362747192,-0.07957588518445391
K,0.0,0.0,0.0,0.0952836275100708,-0.06933212280273438,-0.07600854158181392,0.11029380559921265,-0.2134818434715271,-0.09737276106852732,0.01871800422668457,-0.3251144289970398,-0.11373050331849299,-0.050331562757492065,-0.4103047251701355,-0.1260605511047288,0.10531705617904663,-0.3353832960128784,-0.03082957871038161,0.14450949430465698,-0.4805033802986145,-0.07215152501839839,0.1638537049293518,-0.5760810375213623,-0.09830611020106517,0.17692458629608154,-0.6567867994308472,-0.11398031383532725,0.008311808109283447,-0.32515615224838257,-0.027308816162531002,-0.02720087766647339,-0.49072569608688354,-0.08789074241894923,-0.052382051944732666,-0.5952498912811279,-0.12792435854453288,-0.07762646675109863,-0.6785335838794708,-0.14322414070147715,-0.06931737065315247,-0.27572178840637207,-0.03265292763489924,-0.09243640303611755,-0.349365234375,-0.13882332116145335,-0.05063807964324951,-0.24300408363342285,-0.15732102662104808,-0.025228351354599,-0.17228424549102783,-0.13460369974154673,-0.13556480407714844,-0.20730990171432495,-0.04086669355410777,-0.14105400443077087,-0.27919358015060425,-0.1343044397212907,-0.10556143522262573,-0.19185644388198853,-0.13601668745059214,-0.08182340860366821,-0.1282704472541809,-0.11185072183388911
K,0.0,0.0,0.0,0.0979824960231781,-0.06887835264205933,-0.06779532828306856,0.1222626268863678,-0.2111479640007019,-0.08501527407145204,0.039603978395462036,-0.31789231300354004,-0.09814231046414079,-0.034771233797073364,-0.3986876308917999,-0.10687890597557725,0.11155650019645691,-0.3285946249961853,-0.019844591104742904,0.12773266434669495,-0.4749625325202942,-0.06017760136103334,0.12717881798744202,-0.5718379020690918,-0.08558392473435106,0.12597951292991638,-0.654817521572113,-0.10057427682852449,0.019501298666000366,-0.32195430994033813,-0.02228409000611009,0.00955381989479065,-0.48821258544921875,-0.07950459369396867,0.009176403284072876,-0.5904690623283386,-0.11334862508749666,0.005201250314712524,-0.6734818816184998,-0.12396820583319368,-0.05757477879524231,-0.275956392288208,-0.03421745398020448,-0.08528792858123779,-0.3592837452888489,-0.14022064157700243,-0.042320460081100464,-0.2479061484336853,-0.15233430215096178,-0.015447646379470825,-0.1741841435432434,-0.12494854577755632,-0.13014483451843262,-0.20508509874343872,-0.048714965069052596,-0.1400999128818512,-0.27786684036254883,-0.14081886359429063,-0.10039666295051575,-0.19006377458572388,-0.13887543925022783,-0.07775229215621948,-0.12936794757843018,-0.11295780488228502
K,0.0,0.0,0.0,0.07516443729400635,-0.08823886513710022,-0.052241082322382226,0.09334921836853027,-0.20141279697418213,-0.07109780518391062,0.016239285469055176,-0.2901710271835327,-0.08813154606201579,-0.05448722839355469,-0.34376969933509827,-0.10180003849842478,0.05527138710021973,-0.27283355593681335,-0.025370088425063386,0.08345270156860352,-0.3960863947868347,-0.06052177308180262,0.0950586199760437,-0.4716174453496933,-0.08219032643415858,0.1032136082649231,-0.537887841463089,-0.09502984492161204,-0.012884259223937988,-0.2613672912120819,-0.024992843177699342,-0.046527087688446045,-0.39631226658821106,-0.07064166573860575,-0.06629729270935059,-0.4750233590602875,-0.09795028625109126,-0.08772814273834229,-0.5378283858299255,-0.10987318961002757,-0.06945145130157471,-0.22341406345367432,-0.030818111282371774,-0.07419145107269287,-0.29360607266426086,-0.10735649524309565,-0.024336934089660645,-0.2300950586795807,-0.11780004857160975,-0.0007712841033935547,-0.1773390769958496,-0.10123484490492274,-0.11993920803070068,-0.16963887214660645,-0.03880256695725848,-0.10506075620651245,-0.23290175199508667,-0.10186505226471354,-0.060424625873565674,-0.18239620327949524,-0.09957449046947886,-0.0400465726852417,-0.1332044005393982,-0.08138817457535197
K,0.0,0.0,0.0,0.10014340281486511,-0.07448732852935791,-0.0700901840368715,0.12095662951469421,-0.21932709217071533,-0.0876375679413286,0.037724465131759644,-0.3322147727012634,-0.10204567951359422,-0.03622162342071533,-0.4158518314361572,-0.11181803983845384,0.11230817437171936,-0.33403605222702026,-0.016971027527233673,0.1326741874217987,-0.48343464732170105,-0.055330989931007935,0.1351739466190338,-0.5816909670829773,-0.08010653597511919,0.13783147931098938,-0.666363537311554,-0.0959787909428087,0.023013591766357422,-0.32679420709609985,-0.018549263525983406,0.008477449417114258,-0.4916139245033264,-0.07634031963743837,0.003945678472518921,-0.5985094308853149,-0.11370954108633669,-0.0020106136798858643,-0.6837138235569,-0.12838648450770052,-0.05460101366043091,-0.280920147895813,-0.029970901135584427,-0.08080616593360901,-0.37115055322647095,-0.1377936918775049,-0.044443994760513306,-0.2610926032066345,-0.15414591324724825,-0.021209925413131714,-0.1840299367904663,-0.13015712988772066,-0.12769058346748352,-0.21304583549499512,-0.04414964285888345,-0.13385862112045288,-0.2881394624710083,-0.1417602617780176,-0.1010376513004303,-0.1971188187599182,-0.1452121306697336,-0.08308246731758118,-0.12934839725494385,-0.12267549527086885
K,0.0,0.0,0.0,0.10349160432815552,-0.08010601997375488,-0.07267757378212991,0.12211751937866211,-0.22314459085464478,-0.0924076872288424,0.034544169902801514,-0.33448266983032227,-0.10709594063155237,-0.038019537925720215,-0.41980522871017456,-0.11721730105273309,0.10979229211807251,-0.3255520462989807,-0.028318282809777884,0.13495850563049316,-0.47811245918273926,-0.06994444749943796,0.14064127206802368,-0.5775683522224426,-0.09531143180720392,0.1454259753227234,-0.6643985211849213,-0.10990355781905237,0.018033593893051147,-0.3197484016418457,-0.025870307010336546,0.0053040385246276855,-0.48739057779312134,-0.08442307136647287,0.0020984113216400146,-0.5967456698417664,-0.11993533990971628,-0.0015233159065246582,-0.6842040121555328,-0.1331309588967997,-0.0606246292591095,-0.27622878551483154,-0.032450626265926985,-0.08011233806610107,-0.3669118881225586,-0.1359320493756968,-0.04030647873878479,-0.26020509004592896,-0.14688218258015695,-0.01705998182296753,-0.18588364124298096,-0.11973728857628885,-0.13062381744384766,-0.21041178703308105,-0.04205656297199312,-0.131841242313385,-0.2909524440765381,-0.1321612211286265,-0.09573438763618469,-0.20270836353302002,-0.12951064727894845,-0.07879185676574707,-0.13675856590270996,-0.10328870139710489
K,0.0,0.0,0.0,0.09984034299850464,-0.07807374000549316,-0.07551796894415475,0.12273931503295898,-0.21921145915985107,-0.09777809094532586,0.037611961364746094,-0.33267372846603394,-0.11508276473625756,-0.03604036569595337,-0.41797274351119995,-0.12770278166874505,0.10863232612609863,-0.33307474851608276,-0.030086477956615454,0.13363146781921387,-0.4850918650627136,-0.07277185629948235,0.14101117849349976,-0.5852038860321045,-0.09983024161203957,0.14645898342132568,-0.6715265214443207,-0.11576657902344323,0.01854202151298523,-0.32541918754577637,-0.02745202343805886,0.005690544843673706,-0.4918084740638733,-0.08557880084856606,0.0012411177158355713,-0.6008380055427551,-0.12019566606625176,-0.004332393407821655,-0.6878052651882172,-0.13297658573731042,-0.05918276309967041,-0.28068602085113525,-0.03463972892507172,-0.07899284362792969,-0.37024033069610596,-0.13822763573273278,-0.03823789954185486,-0.2644317150115967,-0.14932768951996422,-0.013462930917739868,-0.1905076503753662,-0.12268317650898553,-0.12850159406661987,-0.21453899145126343,-0.045380698255144125,-0.12752795219421387,-0.2911190986633301,-0.13654955636604882,-0.08892977237701416,-0.20436769723892212,-0.13508483182533837,-0.06931141018867493,-0.1387847661972046,-0.10972357701405144
K,0.0,0.0,0.0,0.10028192400932312,-0.08227109909057617,-0.07543364052560264,0.12145689129829407,-0.2252609133720398,-0.09526271258380348,0.03526386618614197,-0.33751147985458374,-0.10918396596696311,-0.03512117266654968,-0.4261021614074707,-0.11814244721915657,0.11569735407829285,-0.3362666964530945,-0.029571107373499217,0.14159038662910461,-0.48623549938201904,-0.06821988408353263,0.1458507478237152,-0.5835502445697784,-0.09130860005404884,0.1489320695400238,-0.6684834063053131,-0.10420483236100608,0.022313177585601807,-0.33113420009613037,-0.025195841462277713,0.009673088788986206,-0.49540138244628906,-0.08121738468196327,0.002845555543899536,-0.605197012424469,-0.11645721529509956,-0.003741145133972168,-0.6958451569080353,-0.12917753939416343,-0.058771878480911255,-0.2857471704483032,-0.029656219080948176,-0.07796618342399597,-0.3685678243637085,-0.13308693353917533,-0.04016122221946716,-0.2585497498512268,-0.14705593769338066,-0.01950773596763611,-0.18437868356704712,-0.12136182074334556,-0.1315506398677826,-0.21697205305099487,-0.036820559547209086,-0.12869897484779358,-0.2963060140609741,-0.12735547010686332,-0.09466326236724854,-0.20543694496154785,-0.12448505197551185,-0.081764817237854,-0.13829416036605835,-0.09738947336461479
K,0.0,0.0,0.0,0.09999418258666992,-0.07262521982192993,-0.07442534877179696,0.12435042858123779,-0.2143910527229309,-0.09464575512527063,0.03971433639526367,-0.3289775252342224,-0.10946706099628045,-0.03427395224571228,-0.41317054629325867,-0.11951830400346353,0.11638087034225464,-0.3262665867805481,-0.028505416346774837,0.14016985893249512,-0.4773637652397156,-0.06973412795184686,0.14814823865890503,-0.575107604265213,-0.09479013247607782,0.15605968236923218,-0.6594204604625702,-0.10913743240951135,0.02462393045425415,-0.3209771513938904,-0.025788824765072604,0.0076979100704193115,-0.48850810527801514,-0.08413436426042153,0.0017525851726531982,-0.5966375470161438,-0.11940830363153054,-0.003621220588684082,-0.6834273338317871,-0.13180978013394906,-0.05252349376678467,-0.2766430974006653,-0.03227680338738992,-0.07503175735473633,-0.3620283603668213,-0.13658879114507272,-0.037010133266448975,-0.2551279067993164,-0.14791413558839395,-0.013427048921585083,-0.18239092826843262,-0.12031556083081796,-0.12297558784484863,-0.2098667025566101,-0.04188089607475831,-0.12783917784690857,-0.28700441122055054,-0.133199209107147,-0.09298357367515564,-0.19855284690856934,-0.1307350338828428,-0.07515490055084229,-0.1337323784828186,-0.10393910272239282
K,0.0,0.0,0.0,0.10288527607917786,-0.07240462303161621,-0.0703605541629031,0.12721750140190125,-0.21045005321502686,-0.0899155491632655,0.04220518469810486,-0.3197646141052246,-0.10514464021150616,-0.02942630648612976,-0.40276074409484863,-0.1160817125481799,0.1199866235256195,-0.3193957805633545,-0.024652190287156373,0.1453888714313507,-0.46711915731430054,-0.067447578315182,0.15131571888923645,-0.5651276409626007,-0.09355931520883587,0.15653535723686218,-0.6500323116779327,-0.10851737648670223,0.027287930250167847,-0.3138369917869568,-0.02536214493636635,0.010016530752182007,-0.4809073209762573,-0.08640488028947857,0.002627164125442505,-0.5883573293685913,-0.12363780826751736,-0.0036928951740264893,-0.6765442788600922,-0.13672425389711407,-0.05057242512702942,-0.26923102140426636,-0.035077256862564354,-0.07312452793121338,-0.35289353132247925,-0.14402649343435314,-0.035649001598358154,-0.24126893281936646,-0.15635896265928295,-0.012505441904067993,-0.16742491722106934,-0.12776504993860271,-0.12255942821502686,-0.20192909240722656,-0.04724589154545811,-0.13031050562858582,-0.27748674154281616,-0.14113972127859142,-0.09605303406715393,-0.18895119428634644,-0.13874362945978191,-0.07791391015052795,-0.12547290325164795,-0.11123245001260784
K,0.0,0.0,0.0,0.09888935089111328,-0.0673227310180664,-0.07929572505884153,0.12071818113327026,-0.21101558208465576,-0.09983012123041135,0.03612232208251953,-0.3245112895965576,-0.11353444350891095,-0.035762250423431396,-0.41159939765930176,-0.1224432889931677,0.11030340194702148,-0.32635611295700073,-0.03030122300617677,0.13904356956481934,-0.47350627183914185,-0.06996788872413617,0.14772123098373413,-0.5711506605148315,-0.09445175571374875,0.15422075986862183,-0.6550076901912689,-0.10864945543937665,0.01821345090866089,-0.3204120993614197,-0.025031164717006504,-0.00048238039016723633,-0.4860687553882599,-0.07903146041564924,-0.006973326206207275,-0.5916893482208252,-0.11224935991697294,-0.014067083597183228,-0.6780734360218048,-0.12381357742481214,-0.058017343282699585,-0.2747175097465515,-0.029589174743819058,-0.07975161075592041,-0.3594750165939331,-0.1320083443634985,-0.04020729660987854,-0.2542034983634949,-0.14376728279523832,-0.017172962427139282,-0.18310260772705078,-0.11702483935289365,-0.12758424878120422,-0.20695531368255615,-0.037711505275296986,-0.1319901943206787,-0.28324300050735474,-0.13011443657808286,-0.09556853771209717,-0.19506323337554932,-0.1288568530791281,-0.07790273427963257,-0.12935173511505127,-0.10279575033121091
K,0.0,0.0,0.0,0.09801411628723145,-0.0766955018043518,-0.07554864524695404,0.12122499942779541,-0.21349364519119263,-0.0970205181727124,0.03670376539230347,-0.32696688175201416,-0.11288737892004974,-0.037700653076171875,-0.411030113697052,-0.12419347106310852,0.11032724380493164,-0.3289322853088379,-0.028035828981728628,0.1401141881942749,-0.4774250388145447,-0.06932586072775848,0.14812415838241577,-0.5750755071640015,-0.09496608017775543,0.15510863065719604,-0.6600311696529388,-0.10946596055123337,0.0178087055683136,-0.3232440948486328,-0.02428185022267826,-0.0019529759883880615,-0.48992568254470825,-0.08275661258790024,-0.01040196418762207,-0.5973576307296753,-0.11908723055216797,-0.01775500178337097,-0.6846303939819336,-0.13220403729769714,-0.05986669659614563,-0.2778201699256897,-0.02947002663108833,-0.07937115430831909,-0.3596283793449402,-0.13323729871603973,-0.039522647857666016,-0.25382691621780396,-0.1442760044226361,-0.016224056482315063,-0.18084818124771118,-0.116535786677332,-0.1301720142364502,-0.21027761697769165,-0.03772661103698738,-0.13273578882217407,-0.2876197099685669,-0.12785867987963684,-0.09676605463027954,-0.19840389490127563,-0.12333910553547867,-0.07961529493331909,-0.13119572401046753,-0.09481850652787216
K,0.0,0.0,0.0,0.10038167238235474,-0.0707976222038269,-0.07478272692026167,0.12211412191390991,-0.2105191946029663,-0.09621472433866529,0.03899461030960083,-0.32492560148239136,-0.11240643785060911,-0.032168447971343994,-0.41226980090141296,-0.12417683527530698,0.113311767578125,-0.31845176219940186,-0.029494883126631066,0.14482426643371582,-0.46825411915779114,-0.07139165476621656,0.156028151512146,-0.5655160844326019,-0.09589342550100355,0.16478699445724487,-0.6489207446575165,-0.10890112594427137,0.021461069583892822,-0.3131665587425232,-0.026706022775783822,0.0033842921257019043,-0.4824451208114624,-0.08448381499113111,-0.006414264440536499,-0.5917320847511292,-0.11906809881986646,-0.01700568199157715,-0.6808671653270721,-0.13073017970384626,-0.05498260259628296,-0.26976478099823,-0.03305932284058599,-0.07652443647384644,-0.35259175300598145,-0.13816660419763593,-0.03607231378555298,-0.24848288297653198,-0.15003458932699232,-0.012278378009796143,-0.17561709880828857,-0.12194745764793424,-0.12636607885360718,-0.20306867361068726,-0.04218861610354452,-0.12934139370918274,-0.28031855821609497,-0.13300741986097364,-0.09038177132606506,-0.19402122497558594,-0.1293822504645732,-0.07151848077774048,-0.1268264651298523,-0.10122361556352644
K,0.0,0.0,0.0,0.09861242771148682,-0.07534909248352051,-0.07551040301291323,0.11035066843032837,-0.216033935546875,-0.09731223980156756,0.021198749542236328,-0.3247144818305969,-0.11465809295145846,-0.04569113254547119,-0.4116553068161011,-0.12805661359993792,0.10680615901947021,-0.33954471349716187,-0.02798169838456488,0.14608335494995117,-0.4824185371398926,-0.07021199712721682,0.16548025608062744,-0.5750773549079895,-0.09766825834481097,0.17984628677368164,-0.6556721031665802,-0.11391065815655566,0.010302543640136719,-0.33055901527404785,-0.024951392656248572,-0.024951010942459106,-0.4948987364768982,-0.08661345193354464,-0.051873981952667236,-0.6004205346107483,-0.1271474490520177,-0.07699599862098694,-0.6847279071807861,-0.14250328937737322,-0.06854912638664246,-0.2817266583442688,-0.03116916479734755,-0.09200096130371094,-0.3530924320220947,-0.14021725753514147,-0.05027163028717041,-0.24347442388534546,-0.159367961680573,-0.02407965064048767,-0.16948258876800537,-0.13589663604466296,-0.13560408353805542,-0.21293151378631592,-0.040148923045080664,-0.14049476385116577,-0.28376585245132446,-0.13602654436795092,-0.10493254661560059,-0.19318997859954834,-0.13800568679539538,-0.080516517162323,-0.1266775131225586,-0.11320006648270464
K,0.0,0.0,0.0,0.09908676147460938,-0.06688117980957031,-0.07326483110045956,0.12397265434265137,-0.2059307098388672,-0.0936131639227824,0.04544949531555176,-0.3223037123680115,-0.10867491493081616,-0.02105933427810669,-0.40940460562705994,-0.11940160522317456,0.11241739988327026,-0.3257361054420471,-0.03392597416495846,0.14800161123275757,-0.4732972979545593,-0.07631419727658795,0.15897363424301147,-0.5703451633453369,-0.10133415589189099,0.16763663291931152,-0.6530135571956635,-0.11523132899856137,0.0202864408493042,-0.320254921913147,-0.03159489983772801,-0.0008598566055297852,-0.4874940812587738,-0.09192144999360607,-0.011990368366241455,-0.5954518616199493,-0.12890495488500164,-0.022659003734588623,-0.6827801764011383,-0.1422957641825633,-0.05699324607849121,-0.27364736795425415,-0.03712583834385441,-0.07863658666610718,-0.35236501693725586,-0.14142081270074414,-0.03857707977294922,-0.24680614471435547,-0.15246604511594342,-0.014697909355163574,-0.17354470491409302,-0.12496197352265881,-0.12672919034957886,-0.20441746711730957,-0.04539888853287266,-0.13155397772789001,-0.2776021957397461,-0.13672030100678967,-0.09535518288612366,-0.18957436084747314,-0.13271592686032818,-0.0783800482749939,-0.12337589263916016,-0.10426851490592526
K,0.0,0.0,0.0,0.10423201322555542,-0.07311606407165527,-0.08115279986520818,0.12856602668762207,-0.21270537376403809,-0.10429454161783269,0.05224484205245972,-0.33016437292099,-0.12035134746690801,-0.004388868808746338,-0.4244728088378906,-0.13161778016944936,0.11355382204055786,-0.32503312826156616,-0.0426281908061128,0.15055865049362183,-0.4757724404335022,-0.08514489545484594,0.1614477038383484,-0.5721710324287415,-0.10812670304437688,0.17017632722854614,-0.6544151902198792,-0.12041207714935354,0.02060222625732422,-0.31930649280548096,-0.03605682714839986,0.0012493729591369629,-0.4901907444000244,-0.09495796575208715,-0.01199367642402649,-0.5990296304225922,-0.12875999077220968,-0.023886889219284058,-0.6841815114021301,-0.1402960376348119,-0.059892892837524414,-0.27286720275878906,-0.03854817464014104,-0.07597514986991882,-0.3580012321472168,-0.1444912658538442,-0.03853598237037659,-0.248538076877594,-0.15775616033931783,-0.015569567680358887,-0.17239928245544434,-0.13160840733905843,-0.13144081830978394,-0.20607233047485352,-0.04397509559055379,-0.13147854804992676,-0.280470073223114,-0.13693132563491872,-0.09512287378311157,-0.1935732364654541,-0.1363486306275945,-0.07688218355178833,-0.12961578369140625,-0.11091579063793233
K,0.0,0.0,0.0,0.10681182146072388,-0.07040417194366455,-0.0842466540799478,0.13067859411239624,-0.21053236722946167,-0.10632326828101668,0.05545991659164429,-0.32536977529525757,-0.12041886525014434,0.002316713333129883,-0.4181816577911377,-0.12966007368424926,0.11506885290145874,-0.32010918855667114,-0.043005097673926684,0.15331774950027466,-0.4702560305595398,-0.08446969466069731,0.16539913415908813,-0.5666869878768921,-0.1069398857817987,0.1753239631652832,-0.6489852070808411,-0.11832465605596099,0.022401899099349976,-0.31247013807296753,-0.03402019293764624,0.0006439685821533203,-0.4848249554634094,-0.0905783213839868,-0.012613296508789062,-0.5944991111755371,-0.12233993040183577,-0.023837745189666748,-0.6815878748893738,-0.13218780236104521,-0.05758976936340332,-0.26644760370254517,-0.03480925040105376,-0.07400301098823547,-0.34906160831451416,-0.1407794989810327,-0.03709930181503296,-0.23734474182128906,-0.15503108875611815,-0.014726638793945312,-0.16198760271072388,-0.12887795643666777,-0.12987297773361206,-0.20200210809707642,-0.03872027622321639,-0.1296003758907318,-0.27700889110565186,-0.13217446582177672,-0.09467500448226929,-0.18704169988632202,-0.1319991834626535,-0.07822403311729431,-0.1226922869682312,-0.1066581942305902
K,0.0,0.0,0.0,0.10071516036987305,-0.0784749984741211,-0.07968224475621355,0.12099426984786987,-0.21969962120056152,-0.10201728234528673,0.04816699028015137,-0.33857953548431396,-0.11767534802197588,-0.005238205194473267,-0.43477487564086914,-0.12836380193471086,0.11138039827346802,-0.32769882678985596,-0.040409936406604174,0.14969390630722046,-0.48243141174316406,-0.08251186350821627,0.16084778308868408,-0.5808824896812439,-0.10481560120820177,0.1702633500099182,-0.6651217639446259,-0.11566930154799593,0.018039405345916748,-0.3206671476364136,-0.03298298160075319,-0.00105324387550354,-0.49478989839553833,-0.09287577013014925,-0.014975100755691528,-0.6061026751995087,-0.12637121865986956,-0.02645587921142578,-0.6951174736022949,-0.13671125362157,-0.06363019347190857,-0.2752279043197632,-0.03430411110161913,-0.07811480760574341,-0.3612707853317261,-0.1396300185704149,-0.04147285223007202,-0.2523731589317322,-0.15185664484738481,-0.0204295814037323,-0.17653101682662964,-0.1242644179844774,-0.1351298689842224,-0.2103809118270874,-0.038415486761323336,-0.13141927123069763,-0.29026228189468384,-0.12783795485734117,-0.09702718257904053,-0.20281243324279785,-0.12348754594563616,-0.08274954557418823,-0.1374889612197876,-0.09532603512047899
K,0.0,0.0,0.0,0.10288560390472412,-0.0750722885131836,-0.07834143193906584,0.12525641918182373,-0.21519100666046143,-0.09879235925620833,0.05850797891616821,-0.33462876081466675,-0.1129697785014514,0.012846291065216064,-0.4296688437461853,-0.12218262257522383,0.11736685037612915,-0.3203144669532776,-0.03904533761090079,0.15601825714111328,-0.47523653507232666,-0.08417708429044524,0.16820448637008667,-0.5731868147850037,-0.1090032086009387,0.17938047647476196,-0.6568450629711151,-0.12139876934236327,0.023959726095199585,-0.31335365772247314,-0.03196483480280676,-0.0004464685916900635,-0.48830199241638184,-0.09465210887140074,-0.012450069189071655,-0.5994644165039062,-0.13029766830152312,-0.01958012580871582,-0.6906950175762177,-0.1418870911235217,-0.05657336115837097,-0.26878297328948975,-0.033586889528692154,-0.07653346657752991,-0.35287296772003174,-0.1411459818715457,-0.04055109620094299,-0.24506324529647827,-0.1530904695624713,-0.01812422275543213,-0.168351411819458,-0.12486248465722838,-0.12688666582107544,-0.20419973134994507,-0.03810122611469069,-0.13079464435577393,-0.2779843807220459,-0.1307215616340045,-0.09597039222717285,-0.1910812258720398,-0.1274348572129611,-0.07876473665237427,-0.12518149614334106,-0.09910483660644331
K,0.0,0.0,0.0,0.09881749749183655,-0.06851285696029663,-0.0821199706938387,0.12369653582572937,-0.21377426385879517,-0.10288094647194157,0.059487730264663696,-0.3392884135246277,-0.11601394332910786,0.01055234670639038,-0.4373339116573334,-0.12424740113283406,0.11204007267951965,-0.3156388998031616,-0.044337633177292446,0.15362903475761414,-0.4735320806503296,-0.0859920448806406,0.16606202721595764,-0.5731124877929688,-0.10712923772598515,0.1763506829738617,-0.6575956642627716,-0.1174006975438715,0.019283264875411987,-0.3085057735443115,-0.03466790832544575,-0.004242360591888428,-0.4861105680465698,-0.09364005096222172,-0.016790568828582764,-0.5995656847953796,-0.1263137600567461,-0.026174724102020264,-0.6919357776641846,-0.13656812824274311,-0.06014806032180786,-0.26485246419906616,-0.03373963676358471,-0.08167251944541931,-0.3527655601501465,-0.1400944135334612,-0.04273998737335205,-0.24490779638290405,-0.1526543340828539,-0.018862158060073853,-0.16747617721557617,-0.12517453648115406,-0.12934771180152893,-0.20289325714111328,-0.035862370505583385,-0.1326862871646881,-0.2780924439430237,-0.12949305690790425,-0.09577786922454834,-0.19266259670257568,-0.1284187278893114,-0.0773213803768158,-0.1271275281906128,-0.10183422185446034
K,0.0,0.0,0.0,0.09605345129966736,-0.06909865140914917,-0.0797984955576112,0.11795875430107117,-0.2128586769104004,-0.10334022918016217,0.05224791169166565,-0.335615336894989,-0.11927532234460614,0.0042622387409210205,-0.43314963579177856,-0.1302011666563203,0.10769876837730408,-0.31285732984542847,-0.05097148769766591,0.14959213137626648,-0.47170883417129517,-0.0950577763584306,0.16408994793891907,-0.571832537651062,-0.11736718395025036,0.17626020312309265,-0.6568412184715271,-0.1280964372423341,0.014282792806625366,-0.3060076832771301,-0.04356552117735646,-0.011564284563064575,-0.4870544970035553,-0.10324741729766629,-0.024747848510742188,-0.6008070707321167,-0.13475981929570935,-0.03460976481437683,-0.693362832069397,-0.14433436670572064,-0.06542012095451355,-0.2627210021018982,-0.04396156051427624,-0.08442738652229309,-0.35329657793045044,-0.14838085153371594,-0.04440188407897949,-0.24441248178482056,-0.15670224108964703,-0.020961910486221313,-0.1653020977973938,-0.12702635505468152,-0.13410133123397827,-0.20033878087997437,-0.047397548493449904,-0.13670024275779724,-0.275776743888855,-0.13780166783601544,-0.0985216498374939,-0.1912875771522522,-0.1328223107126405,-0.08141514658927917,-0.12591898441314697,-0.10383418032199643
K,0.0,0.0,0.0,0.09723049402236938,-0.05755758285522461,-0.08251129041400418,0.12636393308639526,-0.20355242490768433,-0.10393429498162732,0.06531280279159546,-0.3310231566429138,-0.11748659561362729,0.019129306077957153,-0.4305950403213501,-0.12630061010804638,0.11191534996032715,-0.31118351221084595,-0.04733910362210736,0.1525147557258606,-0.4699071943759918,-0.08960337887492642,0.16687220335006714,-0.5698806047439575,-0.11078361372437939,0.1791645884513855,-0.6554251909255981,-0.12120711008992657,0.018021345138549805,-0.3068072199821472,-0.03867828051534161,-0.006732940673828125,-0.4858711361885071,-0.09606247345891461,-0.01895064115524292,-0.5975536704063416,-0.12733519772973523,-0.029232561588287354,-0.6886179447174072,-0.13637519578423962,-0.06101381778717041,-0.2637478709220886,-0.03883654574838147,-0.08269518613815308,-0.34755975008010864,-0.1427461872526692,-0.044345319271087646,-0.23763740062713623,-0.15422653357472882,-0.01944112777709961,-0.1617981195449829,-0.12650311688867077,-0.1295432448387146,-0.20112067461013794,-0.042227174592881056,-0.13522657752037048,-0.27103376388549805,-0.13361089627233014,-0.10000723600387573,-0.18460190296173096,-0.13200331429925427,-0.08024999499320984,-0.12146830558776855,-0.10540760259118542
K,0.0,0.0,0.0,0.10093021392822266,-0.0691414475440979,-0.08263993022865179,0.12682723999023438,-0.21025359630584717,-0.10521503297513846,0.0713646411895752,-0.3373333811759949,-0.1200212663216007,0.032374560832977295,-0.4390355944633484,-0.1298094591302288,0.11169570684432983,-0.30839836597442627,-0.051492763142050535,0.15201336145401,-0.46742600202560425,-0.09950493035739782,0.16648465394973755,-0.5660227537155151,-0.12353317199176672,0.17933863401412964,-0.6509064733982086,-0.13505903391069296,0.0194280743598938,-0.30181312561035156,-0.04240884764021757,-0.00894176959991455,-0.48300135135650635,-0.1099371662539852,-0.02063298225402832,-0.5954715311527252,-0.1473812511367214,-0.028478682041168213,-0.6880834102630615,-0.15982288626855734,-0.06094890832901001,-0.2570401430130005,-0.041376789490641386,-0.08041557669639587,-0.33955705165863037,-0.15240127352899435,-0.0394042432308197,-0.23317086696624756,-0.16517602411931875,-0.01267242431640625,-0.1581437587738037,-0.1369267901582134,-0.13040035963058472,-0.1946210265159607,-0.043197506497563154,-0.13363832235336304,-0.2672708034515381,-0.1374886980456722,-0.0967901349067688,-0.1826149821281433,-0.13510503379529837,-0.07807821035385132,-0.120078444480896,-0.10734150318330649
K,0.0,0.0,0.0,0.0994754433631897,-0.05564302206039429,-0.081011920947617,0.13043838739395142,-0.2005784511566162,-0.10383924074847073,0.07452917098999023,-0.32789623737335205,-0.11897028960663647,0.03829085826873779,-0.42738357186317444,-0.12965507038313717,0.11639684438705444,-0.30159252882003784,-0.05571205146986813,0.15512746572494507,-0.4610429108142853,-0.10676596291739315,0.170129656791687,-0.5602975189685822,-0.13218548126894802,0.18173503875732422,-0.6456043124198914,-0.1438335699625668,0.02332475781440735,-0.29759907722473145,-0.048292726058548396,-0.0013765394687652588,-0.4733321964740753,-0.11859665044028134,-0.017659485340118408,-0.5866855978965759,-0.1573044282980618,-0.031579405069351196,-0.6804536581039429,-0.16921950109679074,-0.056253671646118164,-0.2580168843269348,-0.048612724769895976,-0.0791829526424408,-0.3255949020385742,-0.1604533267803845,-0.04027777910232544,-0.2158271074295044,-0.17303410895544857,-0.011137604713439941,-0.14217042922973633,-0.14384745784479946,-0.1255674660205841,-0.19971424341201782,-0.05161615439135403,-0.13223063945770264,-0.2630338668823242,-0.14448445268351406,-0.09603095054626465,-0.17425131797790527,-0.139931179363316,-0.07251960039138794,-0.1111375093460083,-0.11014582939822049
K,0.0,0.0,0.0,0.09318149089813232,-0.07142454385757446,-0.07461142241550078,0.10693061351776123,-0.21249836683273315,-0.09899769424987426,0.014327764511108398,-0.32384711503982544,-0.11965212672544112,-0.057864099740982056,-0.40643638372421265,-0.1367768913466989,0.10776913166046143,-0.34221434593200684,-0.0325223103125154,0.1469951868057251,-0.48292919993400574,-0.07950737028909316,0.16783666610717773,-0.5790400505065918,-0.11112246363950362,0.18256425857543945,-0.6615645587444305,-0.13087437748504271,0.008222579956054688,-0.3341028094291687,-0.032580406214719915,-0.030423641204833984,-0.4951128661632538,-0.10076269954038253,-0.05914515256881714,-0.5985876023769379,-0.14584555923534026,-0.0881659984588623,-0.6817570924758911,-0.1639123380143701,-0.07185345888137817,-0.28371334075927734,-0.04126509353113761,-0.10069271922111511,-0.35065168142318726,-0.15386883616042724,-0.056905925273895264,-0.24177974462509155,-0.17394281625342956,-0.030016422271728516,-0.16872966289520264,-0.15108363031936278,-0.13930562138557434,-0.21064895391464233,-0.052697808291441106,-0.14786028861999512,-0.2803143858909607,-0.1499207436997949,-0.1092405617237091,-0.19277721643447876,-0.15170415937495818,-0.08364447951316833,-0.12758982181549072,-0.12673765122485747
K,0.0,0.0,0.0,0.10153540968894958,-0.061647117137908936,-0.07927734343115844,0.13285884261131287,-0.202120840549469,-0.10293587980572738,0.07459697127342224,-0.3264269232749939,-0.12026313630644836,0.031006693840026855,-0.4250744879245758,-0.13350779501502075,0.1146022379398346,-0.30615293979644775,-0.048673122504396815,0.15297701954841614,-0.4658547043800354,-0.09632839945857086,0.16664835810661316,-0.5665562450885773,-0.12206081239287414,0.17860546708106995,-0.6552744805812836,-0.1354387470871643,0.021369993686676025,-0.3012286424636841,-0.0434778997093872,-0.000996321439743042,-0.47826170921325684,-0.10878984568421401,-0.01650211215019226,-0.5896769464015961,-0.14655966250006713,-0.03162619471549988,-0.6776784360408783,-0.1593407758862213,-0.05809807777404785,-0.25804823637008667,-0.04640074385110893,-0.0786069929599762,-0.3360986113548279,-0.15431272176806488,-0.04127222299575806,-0.22499078512191772,-0.1674025127083496,-0.014793723821640015,-0.14885097742080688,-0.14037785617415466,-0.1292603313922882,-0.19597864151000977,-0.0522611544818119,-0.13271218538284302,-0.264387845993042,-0.1443857618958191,-0.0978628396987915,-0.17526227235794067,-0.14205630806986846,-0.07553356885910034,-0.1109774112701416,-0.11499151525799789
K,0.0,0.0,0.0,0.09758269786834717,-0.06744635105133057,-0.07947037918302158,0.1251259446144104,-0.20986473560333252,-0.10279548717471698,0.06607133150100708,-0.33463186025619507,-0.11914904964896778,0.023351848125457764,-0.433556467294693,-0.13110660565826038,0.11082708835601807,-0.3121010661125183,-0.04984593940707782,0.15141624212265015,-0.47221148014068604,-0.0971748660299454,0.16534429788589478,-0.5718525648117065,-0.12219586772653201,0.17778617143630981,-0.6593885719776154,-0.13507730318042377,0.01836150884628296,-0.3073079586029053,-0.043288210311857256,-0.005581676959991455,-0.48488226532936096,-0.10784662319156268,-0.0203741192817688,-0.5970113277435303,-0.1456094588133965,-0.032827794551849365,-0.690300464630127,-0.15903781903716663,-0.061613768339157104,-0.26378369331359863,-0.044474596062627825,-0.08170276880264282,-0.3428567051887512,-0.15112235201331714,-0.04241335391998291,-0.23420953750610352,-0.16413038028213123,-0.015496402978897095,-0.16025811433792114,-0.13771346760722736,-0.1314629316329956,-0.2007685899734497,-0.0485659482869778,-0.1353166699409485,-0.2679551839828491,-0.140423586497036,-0.09921815991401672,-0.18091177940368652,-0.13839501691791156,-0.07868260145187378,-0.11887335777282715,-0.11162648899289707
K,0.0,0.0,0.0,0.09889060258865356,-0.06461411714553833,-0.07866688584852,0.1275714635848999,-0.2063649296760559,-0.10135809099244852,0.06826907396316528,-0.33162468671798706,-0.11736396467256327,0.019847869873046875,-0.4260554611682892,-0.12903741514253397,0.1097680926322937,-0.31704598665237427,-0.052808058913228706,0.14893895387649536,-0.47469237446784973,-0.10050447052287836,0.16432803869247437,-0.5728685855865479,-0.12531087314653178,0.1764102578163147,-0.6573753654956818,-0.13780686771440287,0.016523122787475586,-0.3106997013092041,-0.04723127325939913,-0.00935596227645874,-0.4909861087799072,-0.11407293891477366,-0.02306002378463745,-0.6019585132598877,-0.15161444758939524,-0.03367394208908081,-0.6902753114700317,-0.1640967032866456,-0.0630866289138794,-0.26556944847106934,-0.04909807955789347,-0.08111807703971863,-0.3429190516471863,-0.15854241466092844,-0.04400724172592163,-0.23487961292266846,-0.17266230797338267,-0.017422109842300415,-0.15958130359649658,-0.14621069049405833,-0.1321062445640564,-0.20191901922225952,-0.053590615745065406,-0.13357210159301758,-0.268818199634552,-0.14712833380269785,-0.09768790006637573,-0.18122327327728271,-0.14579566335248728,-0.07535651326179504,-0.11817437410354614,-0.11924940114784022
K,0.0,0.0,0.0,0.09795624017715454,-0.06411820650100708,-0.07793528868955946,0.12503767013549805,-0.20872724056243896,-0.09955308868688917,0.05849254131317139,-0.3345458507537842,-0.11438123419088697,0.011501938104629517,-0.43140310049057007,-0.12500570251745557,0.11052197217941284,-0.3130207657814026,-0.05001898019713735,0.14995121955871582,-0.47535789012908936,-0.09364963605207777,0.16470670700073242,-0.5769919157028198,-0.11555757655901289,0.1757296323776245,-0.6632862985134125,-0.12597813739580488,0.017723679542541504,-0.30562520027160645,-0.04369074761075353,-0.003758162260055542,-0.4860766530036926,-0.10338582380813932,-0.019459009170532227,-0.5997287631034851,-0.1367873950223384,-0.034830242395401,-0.6883333027362823,-0.14732399120134687,-0.06026628613471985,-0.2610713839530945,-0.04502946048182821,-0.08067432045936584,-0.3436851501464844,-0.1474842382888255,-0.04104849696159363,-0.23671263456344604,-0.1592242969493327,-0.014094948768615723,-0.1618385910987854,-0.1324749542693553,-0.12875527143478394,-0.1986919641494751,-0.0491222283164916,-0.13262543082237244,-0.27263253927230835,-0.13623035981458997,-0.09667754173278809,-0.1858324408531189,-0.13195390536589002,-0.0748346745967865,-0.12133079767227173,-0.10444894715351438
K,0.0,0.0,0.0,0.0991242527961731,-0.07338327169418335,-0.08034109446930415,0.12351930141448975,-0.21493756771087646,-0.10405766341614253,0.052280545234680176,-0.33559131622314453,-0.12086266401934154,0.0008110404014587402,-0.43226635456085205,-0.13270028058218486,0.11026042699813843,-0.32310783863067627,-0.05047046888398654,0.15006142854690552,-0.48021987080574036,-0.09715419385361201,0.16200155019760132,-0.5782561898231506,-0.12042866769957072,0.17256349325180054,-0.6627171635627747,-0.13116964820551402,0.015935301780700684,-0.3151603937149048,-0.04356398556160457,-0.004374951124191284,-0.49125587940216064,-0.10880255076813228,-0.019594937562942505,-0.6034382581710815,-0.1436382842414332,-0.030790865421295166,-0.6933628916740417,-0.15424007300066478,-0.06547155976295471,-0.26928192377090454,-0.044837978964324066,-0.07949072122573853,-0.34558403491973877,-0.15493655327486522,-0.03983631730079651,-0.2348807454109192,-0.16770926240610606,-0.014369994401931763,-0.15776759386062622,-0.13931889954733379,-0.1354934573173523,-0.20556789636611938,-0.048729238396163055,-0.13424807786941528,-0.27727627754211426,-0.1405655008904887,-0.09783667325973511,-0.18957585096359253,-0.1366946262471629,-0.08048728108406067,-0.12581688165664673,-0.1083084059112025
K,0.0,0.0,0.0,0.10231402516365051,-0.07153916358947754,-0.0813359819840116,0.12579813599586487,-0.2115544080734253,-0.10693530519711203,0.04871055483818054,-0.32741135358810425,-0.12600268204914755,-0.014192759990692139,-0.4252273142337799,-0.13921674867378897,0.11282274127006531,-0.3281742334365845,-0.045343724686972564,0.1507537066936493,-0.48221296072006226,-0.09178866227375693,0.1617644727230072,-0.5771477222442627,-0.11597949792849249,0.17280879616737366,-0.659609854221344,-0.12847117861019797,0.017529070377349854,-0.3203747272491455,-0.040625193763844436,-0.008806169033050537,-0.495137095451355,-0.10835146685349173,-0.023351281881332397,-0.6036207377910614,-0.1462108023952169,-0.033368974924087524,-0.6903065145015717,-0.15917305429684347,-0.06444305181503296,-0.27145445346832275,-0.04471321185337729,-0.0769592821598053,-0.34799516201019287,-0.15919665773617453,-0.03366196155548096,-0.2368195652961731,-0.1744090445827169,-0.0061734020709991455,-0.16398286819458008,-0.147795958120696,-0.13638940453529358,-0.20411598682403564,-0.05143269305335707,-0.1304287612438202,-0.27165114879608154,-0.15004394729839987,-0.08903566002845764,-0.18125975131988525,-0.1504217215369863,-0.06952065229415894,-0.12185013294219971,-0.12488242020117468
K,0.0,0.0,0.0,0.09130850434303284,-0.07849395275115967,-0.07632523181712259,0.10707202553749084,-0.2206742763519287,-0.10311412962948907,0.026142865419387817,-0.33487385511398315,-0.1244877368477546,-0.04623350501060486,-0.42382270097732544,-0.14109961840188134,0.09729346632957458,-0.3363268971443176,-0.044437659558411724,0.13477995991706848,-0.4890792667865753,-0.09103700670277703,0.14891979098320007,-0.5846492648124695,-0.11788439157282937,0.16100868582725525,-0.668192446231842,-0.13199350389515985,0.0027797818183898926,-0.32783740758895874,-0.041551904406901485,-0.0219079852104187,-0.5006022453308105,-0.10686087760007013,-0.03383588790893555,-0.6129042506217957,-0.1466282323268615,-0.0443401038646698,-0.7025844156742096,-0.16171272250687707,-0.07852673530578613,-0.2791353464126587,-0.04607832210933793,-0.09118613600730896,-0.35208678245544434,-0.15397562238251794,-0.044811397790908813,-0.2417280673980713,-0.16723016056096185,-0.01808685064315796,-0.16437876224517822,-0.14036885055577386,-0.147820383310318,-0.2106565237045288,-0.053247065868731625,-0.14283141493797302,-0.28495174646377563,-0.14427979442154992,-0.10287097096443176,-0.19387954473495483,-0.13883812877213586,-0.0840524435043335,-0.12503111362457275,-0.10936544987237085
K,0.0,0.0,0.0,0.09555667638778687,-0.07861590385437012,-0.07797287135008446,0.11138701438903809,-0.22383487224578857,-0.1052143025267469,0.024571120738983154,-0.3383539915084839,-0.12765454976442925,-0.05258098244667053,-0.42932769656181335,-0.14498752086046807,0.09958016872406006,-0.3462340235710144,-0.037496236251627124,0.13530820608139038,-0.4993056356906891,-0.08272458343390099,0.14717602729797363,-0.5934174954891205,-0.10932931034449211,0.159101665019989,-0.6763514280319214,-0.12397708474281899,0.0048673152923583984,-0.335615873336792,-0.034536511735950626,-0.02145218849182129,-0.5057559311389923,-0.09980039774063698,-0.03439068794250488,-0.6138390302658081,-0.13865516810301415,-0.04387626051902771,-0.7012119889259338,-0.15340141682509056,-0.07647579908370972,-0.2853855490684509,-0.0404853272307264,-0.08567744493484497,-0.36114221811294556,-0.15099474518183342,-0.04080602526664734,-0.25095438957214355,-0.16573852031115166,-0.015991300344467163,-0.17438828945159912,-0.13996539740446678,-0.14661535620689392,-0.21676278114318848,-0.04937414927962891,-0.13701465725898743,-0.2925916910171509,-0.14202519981745354,-0.09819135069847107,-0.20178896188735962,-0.13913039593580834,-0.0798720121383667,-0.13418221473693848,-0.11225967584732643
K,0.0,0.0,0.0,0.09572425484657288,-0.0713658332824707,-0.07583088925730408,0.11310091614723206,-0.2173723578453064,-0.1001136278237027,0.03126367926597595,-0.33347004652023315,-0.11912350109469116,-0.04842677712440491,-0.4190879464149475,-0.1337415551270169,0.10076555609703064,-0.33569854497909546,-0.038255771013609774,0.13753363490104675,-0.4892725348472595,-0.08114252737414063,0.1516430675983429,-0.5860186815261841,-0.1066598792995137,0.16383883357048035,-0.6707184910774231,-0.12095944336306275,0.006946593523025513,-0.32754284143447876,-0.035223325106017,-0.017163723707199097,-0.49904268980026245,-0.09846710911642731,-0.028738826513290405,-0.6117371618747711,-0.13881632438551605,-0.039639562368392944,-0.7007868587970734,-0.15461155525099457,-0.07272866368293762,-0.27952057123184204,-0.03985695293795288,-0.0873207151889801,-0.35873955488204956,-0.14810415855299652,-0.04313349723815918,-0.2472219467163086,-0.16322237006079376,-0.01730331778526306,-0.17012298107147217,-0.13778666904818238,-0.14164111018180847,-0.21234768629074097,-0.047173415633551485,-0.1367184817790985,-0.28911417722702026,-0.1412886356438321,-0.0993160605430603,-0.1956954002380371,-0.1395398949707669,-0.07957670092582703,-0.12657517194747925,-0.11269876858841599
K,0.0,0.0,0.0,0.09682682156562805,-0.08301138877868652,-0.07786140837470157,0.1138370931148529,-0.22456961870193481,-0.10355176278153522,0.02899572253227234,-0.33637410402297974,-0.12401428320208652,-0.05116093158721924,-0.4212747812271118,-0.1393855238775359,0.10149475932121277,-0.34458494186401367,-0.0370731341163264,0.13706478476524353,-0.49781835079193115,-0.0809685538033591,0.14677336812019348,-0.5928018689155579,-0.10592143484154803,0.15660527348518372,-0.6754403114318848,-0.11905968435803516,0.005654782056808472,-0.3344419002532959,-0.0334849009732352,-0.022365570068359375,-0.5063589215278625,-0.09780612089434726,-0.03589904308319092,-0.6135411858558655,-0.1355564916948424,-0.04494175314903259,-0.6997902095317841,-0.14855827637711627,-0.07619306445121765,-0.28373968601226807,-0.038491419188176224,-0.08591875433921814,-0.3585240840911865,-0.148244547329341,-0.04213547706604004,-0.24926519393920898,-0.1626086557726012,-0.018207639455795288,-0.17450106143951416,-0.13576320060292346,-0.14613649249076843,-0.21395546197891235,-0.04619213440219028,-0.13889506459236145,-0.2897902727127075,-0.1371777827362166,-0.10058057308197021,-0.20097410678863525,-0.13239827998677356,-0.08408325910568237,-0.13567084074020386,-0.10378631450930698
K,0.0,0.0,0.0,0.09837621450424194,-0.07200264930725098,-0.07948176104218874,0.11117333173751831,-0.2143566608428955,-0.10332913983256731,0.01519775390625,-0.32237565517425537,-0.12147289801032457,-0.05590909719467163,-0.4083006978034973,-0.13544327307135973,0.10019433498382568,-0.33870625495910645,-0.03338788363726053,0.14120817184448242,-0.48270684480667114,-0.07648673195035371,0.16095280647277832,-0.5750856399536133,-0.10428773153216753,0.17507171630859375,-0.6561174094676971,-0.12077173132092867,0.0025138258934020996,-0.3277619481086731,-0.028783739615391823,-0.03634518384933472,-0.49499601125717163,-0.0917918114701024,-0.06625252962112427,-0.6001200079917908,-0.13395028102786455,-0.09509462118148804,-0.6858938932418823,-0.1501072822848073,-0.07480421662330627,-0.27746474742889404,-0.03311641800792131,-0.09802475571632385,-0.3478317856788635,-0.1439005910197011,-0.05379757285118103,-0.2374861240386963,-0.16316689837367448,-0.027327358722686768,-0.16408121585845947,-0.13911374199778948,-0.14026445150375366,-0.2079092264175415,-0.040222211811851594,-0.14478594064712524,-0.279249370098114,-0.1373761473932973,-0.10788530111312866,-0.18681049346923828,-0.1381228594818822,-0.0845840573310852,-0.11884939670562744,-0.11185411650330934
K,0.0,0.0,0.0,0.09714287519454956,-0.07566344738006592,-0.07589706324404233,0.11402320861816406,-0.2184920310974121,-0.09981188468998425,0.029045939445495605,-0.3286924958229065,-0.11837692849701398,-0.047896742820739746,-0.41343051195144653,-0.13217915885513776,0.10110008716583252,-0.3341725468635559,-0.037081598419604234,0.1396949291229248,-0.4863922595977783,-0.07846437685554974,0.15096688270568848,-0.5817576050758362,-0.1020158260351991,0.16051709651947021,-0.665008932352066,-0.11460493050878995,0.005322575569152832,-0.32481318712234497,-0.03417825244730466,-0.01949039101600647,-0.4930230379104614,-0.09483420394724362,-0.031266361474990845,-0.6016805469989777,-0.13226585381096356,-0.04057490825653076,-0.6898260116577148,-0.14612809114521497,-0.07522314786911011,-0.27540773153305054,-0.03923324413960927,-0.08454251289367676,-0.34838294982910156,-0.1456085025555467,-0.0388563871383667,-0.23814254999160767,-0.15936498634880536,-0.013654232025146484,-0.16369229555130005,-0.13329533033436292,-0.1440807580947876,-0.20642173290252686,-0.046873259473500184,-0.1374446153640747,-0.2814245820045471,-0.13812791101997846,-0.09668532013893127,-0.18951201438903809,-0.13367493741577618,-0.07777050137519836,-0.12168973684310913,-0.10533950768774503
K,0.0,0.0,0.0,0.09456866979598999,-0.08343541622161865,-0.07335444951957015,0.11032360792160034,-0.22454124689102173,-0.09766121620839385,0.029749631881713867,-0.3370676636695862,-0.11772878135150222,-0.04892987012863159,-0.4215180277824402,-0.13306639010613708,0.09997522830963135,-0.3415566086769104,-0.033031762042696755,0.13810694217681885,-0.4939223527908325,-0.07620960886185912,0.149397611618042,-0.5886730849742889,-0.10202941710656432,0.15992510318756104,-0.6727766692638397,-0.11637650097316055,0.005669444799423218,-0.333421528339386,-0.030752126523907464,-0.01867079734802246,-0.5005984306335449,-0.09503642881816177,-0.032136380672454834,-0.610776275396347,-0.13516930157845763,-0.041910409927368164,-0.6989158093929291,-0.15072919840520171,-0.07530078291893005,-0.2844218611717224,-0.03638395706718711,-0.0862879753112793,-0.3580425977706909,-0.14450064713662414,-0.04254859685897827,-0.24875640869140625,-0.15948853308862,-0.01708891987800598,-0.17160743474960327,-0.13398254329865722,-0.14367422461509705,-0.21610605716705322,-0.044533644267971795,-0.136572003364563,-0.29055339097976685,-0.1365802329272583,-0.10025978088378906,-0.19923639297485352,-0.13375655228799133,-0.08304387331008911,-0.13067662715911865,-0.10643119032090453
K,0.0,0.0,0.0,0.0951007604598999,-0.08151870965957642,-0.07812549891525578,0.1117977499961853,-0.21892601251602173,-0.10411487492376637,0.030568838119506836,-0.326729953289032,-0.12409635605865788,-0.045650333166122437,-0.4110242426395416,-0.13916531177812885,0.10245156288146973,-0.33421170711517334,-0.04080158817225765,0.14100545644760132,-0.4840845465660095,-0.08377800854498219,0.15129292011260986,-0.5786625742912292,-0.10908618542009663,0.1601778268814087,-0.6623820960521698,-0.12295854809337925,0.008188486099243164,-0.3258851170539856,-0.03631969886475872,-0.017913997173309326,-0.49118074774742126,-0.09914190294796299,-0.031658053398132324,-0.6006733775138855,-0.1384153512364037,-0.04212367534637451,-0.6901403963565826,-0.1535634097700722,-0.07245862483978271,-0.2762565612792969,-0.039598628604949226,-0.08496177196502686,-0.34580034017562866,-0.14633485647493671,-0.04005715250968933,-0.23770266771316528,-0.16076187762075733,-0.01433783769607544,-0.16470438241958618,-0.13517644974047016,-0.14179658889770508,-0.2074318528175354,-0.0456043590849049,-0.13664060831069946,-0.27840089797973633,-0.13655622276121449,-0.09652683138847351,-0.188995361328125,-0.1324004528170235,-0.07839512825012207,-0.12396132946014404,-0.10429798039251637
K,0.0,0.0,0.0,0.09566986560821533,-0.08469247817993164,-0.07399703291628157,0.11170238256454468,-0.22386521100997925,-0.09816752103540693,0.022214531898498535,-0.3314000964164734,-0.11744423685047423,-0.06046116352081299,-0.41043490171432495,-0.13223035362932478,0.10570752620697021,-0.3370019793510437,-0.03169419718358313,0.13855677843093872,-0.4850712716579437,-0.07746097919914519,0.14863157272338867,-0.5786240696907043,-0.10558993843767439,0.1594381332397461,-0.6597718596458435,-0.12045516548130308,0.009715020656585693,-0.3268430233001709,-0.028854769742224562,-0.019985824823379517,-0.4951084852218628,-0.09202255037996565,-0.034453898668289185,-0.5997627973556519,-0.13078199056360518,-0.04492706060409546,-0.6866730749607086,-0.14442749050829207,-0.07071959972381592,-0.27669215202331543,-0.03451821309897696,-0.0823468565940857,-0.3461489677429199,-0.14284771410200392,-0.03661796450614929,-0.24067550897598267,-0.15818923441145216,-0.011614978313446045,-0.16948670148849487,-0.1321128579733113,-0.14094281196594238,-0.20816433429718018,-0.04241653633687292,-0.1325852870941162,-0.281188428401947,-0.1319200667497853,-0.09405449032783508,-0.19235873222351074,-0.12629158524248396,-0.0777113139629364,-0.12745487689971924,-0.09708993611309324
K,0.0,0.0,0.0,0.095164954662323,-0.07304030656814575,-0.0803439005353539,0.1164846420288086,-0.21157920360565186,-0.10756724170232701,0.02561706304550171,-0.3222610354423523,-0.12749340227628636,-0.05279785394668579,-0.4038684368133545,-0.14295274606729436,0.10817897319793701,-0.3305356502532959,-0.04482247522855687,0.1436837911605835,-0.47809043526649475,-0.09213148644948888,0.15528249740600586,-0.5709578990936279,-0.1206358208396523,0.16691720485687256,-0.6517864167690277,-0.13577582529569554,0.012521147727966309,-0.32197362184524536,-0.03857387817288327,-0.01834547519683838,-0.4876726269721985,-0.10084985784078526,-0.0345095694065094,-0.591376394033432,-0.1382248311379044,-0.0462377667427063,-0.6795845031738281,-0.15143584302450108,-0.06467092037200928,-0.2740061283111572,-0.040518390301713225,-0.0823335349559784,-0.3419397473335266,-0.14624304166818547,-0.03999790549278259,-0.23724812269210815,-0.15923123649145055,-0.015585213899612427,-0.16655999422073364,-0.132875075850734,-0.13116949796676636,-0.2058088183403015,-0.045251546714553115,-0.13250383734703064,-0.27530598640441895,-0.1343670397141068,-0.09544822573661804,-0.1863207221031189,-0.12784588924432683,-0.07683253288269043,-0.12062132358551025,-0.09795044204975056
K,0.0,0.0,0.0,0.09436023235321045,-0.0893629789352417,-0.07417102913802864,0.10845011472702026,-0.22603994607925415,-0.09852551679557564,0.021210849285125732,-0.3335273265838623,-0.11789939563220742,-0.05881240963935852,-0.412537157535553,-0.13263963173574211,0.10206496715545654,-0.3423950672149658,-0.03248431916779282,0.13673007488250732,-0.48899900913238525,-0.07818803946918251,0.1472911834716797,-0.5811182856559753,-0.10657094429677727,0.15876883268356323,-0.6615550220012665,-0.12171223770326378,0.005430877208709717,-0.33073174953460693,-0.02875162671750786,-0.02916485071182251,-0.49646133184432983,-0.0928018764728904,-0.04934448003768921,-0.6002376973628998,-0.1320387573117614,-0.06346577405929565,-0.6857658326625824,-0.1463004202718139,-0.07450836896896362,-0.2796909213066101,-0.03327025856322052,-0.08565390110015869,-0.349370539188385,-0.13981048773473503,-0.039512693881988525,-0.246911883354187,-0.1541482658261657,-0.013831019401550293,-0.1765395998954773,-0.12830673168843987,-0.14265087246894836,-0.2105814814567566,-0.040307484673917315,-0.13569089770317078,-0.281827449798584,-0.1286924631471038,-0.09818950295448303,-0.19454139471054077,-0.12317758064216378,-0.08217218518257141,-0.13039356470108032,-0.0943502859348655
K,0.0,0.0,0.0,0.09407281875610352,-0.09274065494537354,-0.07261795072918176,0.10762828588485718,-0.22490012645721436,-0.09614695130949258,0.02384340763092041,-0.3290180563926697,-0.11457003175382852,-0.0535031259059906,-0.40620145201683044,-0.12866615026359796,0.10143309831619263,-0.33392393589019775,-0.03280930861001252,0.13934868574142456,-0.47871506214141846,-0.07531092583303689,0.1514236330986023,-0.5716778934001923,-0.1019450005805993,0.16327250003814697,-0.6529752910137177,-0.11649748950367211,0.008251845836639404,-0.3229174017906189,-0.029165520212700358,-0.027054131031036377,-0.48408401012420654,-0.08998746692304849,-0.050572216510772705,-0.5905817151069641,-0.12921992211704492,-0.06838452816009521,-0.6781397759914398,-0.1443406668222451,-0.07071208953857422,-0.27158743143081665,-0.03310948132639169,-0.08383983373641968,-0.3413997292518616,-0.13750078051452874,-0.03777545690536499,-0.23979830741882324,-0.15330572693710565,-0.012456715106964111,-0.17016476392745972,-0.1290836211956048,-0.13940566778182983,-0.20173949003219604,-0.03918005793457269,-0.1351523995399475,-0.2730032205581665,-0.128619032791903,-0.09622949361801147,-0.18757939338684082,-0.12508036463623284,-0.0789354145526886,-0.1242174506187439,-0.09754074632292031
K,0.0,0.0,0.0,0.0952838659286499,-0.09056556224822998,-0.07357249077347205,0.1079675555229187,-0.22479969263076782,-0.09815267886904167,0.02118837833404541,-0.32968389987945557,-0.1181532185891001,-0.057235151529312134,-0.40793097019195557,-0.1335215162852137,0.09988284111022949,-0.34034019708633423,-0.03245133202460693,0.13561123609542847,-0.4885076880455017,-0.0767960962274401,0.14724260568618774,-0.5798204839229584,-0.10424589779165672,0.1589910387992859,-0.6602408587932587,-0.11954956170109199,0.005805552005767822,-0.32743144035339355,-0.02959490049568103,-0.03407973051071167,-0.4918052554130554,-0.09313716407802985,-0.05902335047721863,-0.5947679877281189,-0.1328406524279444,-0.0790337324142456,-0.6795108914375305,-0.14785656746414588,-0.07206857204437256,-0.27466440200805664,-0.034857135675224526,-0.08730575442314148,-0.34612613916397095,-0.14228164073017524,-0.03757256269454956,-0.24442875385284424,-0.15755007084396766,-0.010144650936126709,-0.17504453659057617,-0.1325042140105097,-0.13933080434799194,-0.20397114753723145,-0.04251112829831527,-0.13593727350234985,-0.2747373580932617,-0.13411064859417365,-0.09618249535560608,-0.18920081853866577,-0.13105671521213935,-0.07791054248809814,-0.12582379579544067,-0.10371059592750953
K,0.0,0.0,0.0,0.09187817573547363,-0.08777260780334473,-0.07371511258702412,0.10665374994277954,-0.22431904077529907,-0.09598616458993092,0.020075678825378418,-0.3331027626991272,-0.11292115547280446,-0.05824747681617737,-0.4101192355155945,-0.1256713414989008,0.09885847568511963,-0.3370717167854309,-0.03243977524857655,0.13722163438796997,-0.4839291274547577,-0.07528676040988103,0.1513856053352356,-0.5777610540390015,-0.1021728137932314,0.1627657413482666,-0.6591528654098511,-0.11701604672293797,0.007185637950897217,-0.32528889179229736,-0.027621121560741813,-0.030757665634155273,-0.48756134510040283,-0.08702659555297032,-0.05657649040222168,-0.5907455086708069,-0.12442262419085637,-0.07870540022850037,-0.6765238344669342,-0.1382770235143198,-0.06882548332214355,-0.2753632664680481,-0.03095708922069207,-0.08268079161643982,-0.3483077883720398,-0.1348765040240778,-0.03491240739822388,-0.248809814453125,-0.15039573558192387,-0.010212600231170654,-0.17928552627563477,-0.1260348702273859,-0.13552582263946533,-0.2079564332962036,-0.03670338117103711,-0.12894070148468018,-0.27786803245544434,-0.12701635011057988,-0.08860856294631958,-0.1956319808959961,-0.12521833129744664,-0.07113689184188843,-0.1330881118774414,-0.09863502480607167
K,0.0,0.0,0.0,0.08949178457260132,-0.08728784322738647,-0.06840329982981075,0.10264664888381958,-0.21962308883666992,-0.08982538797602047,0.021898269653320312,-0.3269297480583191,-0.1074659115885197,-0.054503172636032104,-0.40256696939468384,-0.121012587032169,0.09611386060714722,-0.3318325877189636,-0.027311269125789295,0.13569748401641846,-0.47632837295532227,-0.07139064737305034,0.15090930461883545,-0.5679501891136169,-0.09954221912369121,0.1622990369796753,-0.6479720175266266,-0.11537468054041256,0.003684818744659424,-0.3216909170150757,-0.025196939638703952,-0.03607279062271118,-0.4815741777420044,-0.08882642158016552,-0.06192612648010254,-0.581894725561142,-0.13040081032261241,-0.08529913425445557,-0.6656698286533356,-0.14655597873672832,-0.07268393039703369,-0.2712104916572571,-0.030133096433132778,-0.08619272708892822,-0.3411468267440796,-0.13429224856838573,-0.03585934638977051,-0.24141144752502441,-0.14844501384243358,-0.00923013687133789,-0.17282134294509888,-0.12332475551113475,-0.13786011934280396,-0.20075565576553345,-0.037243653020709644,-0.13031762838363647,-0.26819056272506714,-0.12614860006317485,-0.08916381001472473,-0.18597018718719482,-0.12211840965494503,-0.0718880295753479,-0.12485462427139282,-0.09389477588877071
K,0.0,0.0,0.0,0.10142427682876587,-0.06467622518539429,-0.07899087246869385,0.11646777391433716,-0.20586049556732178,-0.10269963320706665,0.020412862300872803,-0.3138129711151123,-0.12051130410645783,-0.052644431591033936,-0.39701926708221436,-0.13408014502738297,0.1056482195854187,-0.33271557092666626,-0.03540683489654839,0.14665144681930542,-0.47617167234420776,-0.07944475438807785,0.1661461591720581,-0.5698341429233551,-0.10710006531689942,0.17977303266525269,-0.6507697701454163,-0.12359465983126938,0.0067577362060546875,-0.32367604970932007,-0.031353387500985264,-0.03189992904663086,-0.48631051182746887,-0.0988882141969043,-0.06319350004196167,-0.591230034828186,-0.14420868780825913,-0.0935870110988617,-0.6772615313529968,-0.16172518160556137,-0.07086062431335449,-0.27320051193237305,-0.03546716969822228,-0.09596714377403259,-0.3408622145652771,-0.14860996928427994,-0.05097302794456482,-0.23035979270935059,-0.16814987685893357,-0.02313554286956787,-0.15890908241271973,-0.1439120503923732,-0.13680893182754517,-0.20211464166641235,-0.04215957548831284,-0.14379200339317322,-0.26908862590789795,-0.14070514168952286,-0.10341784358024597,-0.17795825004577637,-0.14203073408816635,-0.07773226499557495,-0.11426323652267456,-0.1158562260529834
K,0.0,0.0,0.0,0.09352833032608032,-0.08849042654037476,-0.06727369166810604,0.10269355773925781,-0.22039645910263062,-0.08597047664125057,0.020585477352142334,-0.32268863916397095,-0.10095034576852413,-0.05456957221031189,-0.3974252939224243,-0.11162639446456524,0.09191763401031494,-0.3358280062675476,-0.022264324500156363,0.1290065050125122,-0.47774314880371094,-0.06213693357904049,0.14053606986999512,-0.5688413679599762,-0.086937770618988,0.1508702039718628,-0.64664226770401,-0.10050179846484752,0.0026215314865112305,-0.3225294351577759,-0.020812707393361052,-0.03923821449279785,-0.48067641258239746,-0.08159818537433239,-0.07203277945518494,-0.5825595259666443,-0.12085676230390163,-0.09924769401550293,-0.6644600331783295,-0.13543058223922344,-0.07116124033927917,-0.26987624168395996,-0.026995554937911947,-0.08682671189308167,-0.3419698476791382,-0.13125010616977306,-0.0356268584728241,-0.24567365646362305,-0.1468585509796867,-0.007399260997772217,-0.1777353286743164,-0.12249963022668453,-0.13543486595153809,-0.1988523006439209,-0.035127602889133414,-0.13191193342208862,-0.26826953887939453,-0.12459412254293056,-0.08702385425567627,-0.1889514923095703,-0.12249574847419353,-0.0661650002002716,-0.12911772727966309,-0.09600552208621593
K,0.0,0.0,0.0,0.0890815258026123,-0.09152215719223022,-0.06964346880181438,0.10337060689926147,-0.22703564167022705,-0.08905174696906215,0.019605159759521484,-0.33356326818466187,-0.10397174323065883,-0.05698993802070618,-0.4077678620815277,-0.1145430069611848,0.08961743116378784,-0.3364914059638977,-0.02391561606987125,0.12458837032318115,-0.48259085416793823,-0.06517060214741832,0.13622695207595825,-0.5750557482242584,-0.09147177005274898,0.14670318365097046,-0.6552822291851044,-0.10595912600024349,0.0019360780715942383,-0.32386618852615356,-0.019888228942591013,-0.040708690881729126,-0.4845290184020996,-0.07898824775679714,-0.07319974899291992,-0.5860019326210022,-0.11697976404889232,-0.10079851746559143,-0.6695397198200226,-0.13133626544936305,-0.06975817680358887,-0.2739880681037903,-0.023853161578017534,-0.08759316802024841,-0.35170629620552063,-0.12445797139866954,-0.03888571262359619,-0.2559462785720825,-0.13830029333098537,-0.011991322040557861,-0.1867682933807373,-0.11389638597233898,-0.1323508620262146,-0.20536577701568604,-0.030320408959823908,-0.13195788860321045,-0.2763923406600952,-0.11662760490639812,-0.09083378314971924,-0.1982053518295288,-0.11355875546200878,-0.07183927297592163,-0.13763421773910522,-0.08707559967501766
K,0.0,0.0,0.0,0.09252476692199707,-0.08839118480682373,-0.06432690521410223,0.10191214084625244,-0.22466999292373657,-0.08082258006265874,0.017511308193206787,-0.32665640115737915,-0.09334076245954748,-0.05882662534713745,-0.3955621123313904,-0.10202807238033529,0.08396738767623901,-0.3336261510848999,-0.02264957366219278,0.12275564670562744,-0.4771076440811157,-0.06003853728702779,0.1340411901473999,-0.5657933354377747,-0.08322549661329504,0.14217102527618408,-0.6442605555057526,-0.09625233014753576,-0.0035591721534729004,-0.32125407457351685,-0.02029974063566442,-0.046199023723602295,-0.47881948947906494,-0.07741273989608999,-0.07906574010848999,-0.578533947467804,-0.11438562025955434,-0.1076653003692627,-0.66280797123909,-0.1285534059040856,-0.07462555170059204,-0.26901763677597046,-0.02449005147150274,-0.08905655145645142,-0.345456600189209,-0.12282634576490636,-0.03787064552307129,-0.25067341327667236,-0.13508087446621175,-0.011106282472610474,-0.18228602409362793,-0.11038929274013753,-0.13752755522727966,-0.19764673709869385,-0.030386783682615714,-0.13418838381767273,-0.2665557861328125,-0.11471619507005926,-0.08743953704833984,-0.1888566017150879,-0.1099018310540032,-0.06539985537528992,-0.12857139110565186,-0.08272852053573843
K,0.0,0.0,0.0,0.08759158849716187,-0.0874890685081482,-0.06933082773207389,0.10377562046051025,-0.22436290979385376,-0.08959167583702765,0.019758760929107666,-0.32858365774154663,-0.10513379557846747,-0.05771973729133606,-0.4017532467842102,-0.11654420330046378,0.08276593685150146,-0.33290618658065796,-0.030097556699502093,0.11771494150161743,-0.47771620750427246,-0.07353046669481955,0.12990230321884155,-0.5695657134056091,-0.1001087514948722,0.13943606615066528,-0.6486080288887024,-0.11423527582405768,-0.004117429256439209,-0.31912922859191895,-0.027569529999482256,-0.047599196434020996,-0.48222535848617554,-0.08688933535336218,-0.07789027690887451,-0.5826478898525238,-0.12325514240978919,-0.10568705201148987,-0.6654621064662933,-0.13607451452730857,-0.07539233565330505,-0.26728880405426025,-0.03272503374932967,-0.08920878171920776,-0.3441312909126282,-0.13515386118410788,-0.035307735204696655,-0.24764424562454224,-0.14791441096781455,-0.007414132356643677,-0.17902612686157227,-0.12213628127096854,-0.1387757658958435,-0.1970672607421875,-0.04007513581632338,-0.13236960768699646,-0.2644966244697571,-0.12803508474348746,-0.08506470918655396,-0.1861134171485901,-0.12403001024244986,-0.06444692611694336,-0.12607461214065552,-0.09627543522833548
K,0.0,0.0,0.0,0.08727902173995972,-0.09274744987487793,-0.0660624228079314,0.09717249870300293,-0.2260037064552307,-0.08508611690592716,0.011703312397003174,-0.3255326747894287,-0.10023741644215534,-0.06585931777954102,-0.39520263671875,-0.11114910465073535,0.07719308137893677,-0.3351633548736572,-0.024373138662099336,0.1146741509437561,-0.4770459830760956,-0.06504569422793338,0.12602055072784424,-0.5662668347358704,-0.09010486524891803,0.13483476638793945,-0.6431546807289124,-0.10342842560601184,-0.008740901947021484,-0.3201403021812439,-0.02262674492192218,-0.05137521028518677,-0.4778839349746704,-0.08289243501019428,-0.0825967788696289,-0.5774693489074707,-0.12085931223225543,-0.10967618227005005,-0.658952921628952,-0.13473968427967975,-0.07868883013725281,-0.26614195108413696,-0.02800074998629043,-0.0913347601890564,-0.3385615944862366,-0.13009383004498432,-0.038006752729415894,-0.24587827920913696,-0.14430573802781055,-0.009344160556793213,-0.1784898042678833,-0.11976772021841953,-0.14036965370178223,-0.1944972276687622,-0.03510174747896144,-0.13425612449645996,-0.2611114978790283,-0.12176972102713535,-0.08717605471611023,-0.18368130922317505,-0.11789597045969913,-0.06604874134063721,-0.12289130687713623,-0.09067995321345279
K,0.0,0.0,0.0,0.08756133913993835,-0.09142553806304932,-0.06613498440276544,0.10016348958015442,-0.2274789810180664,-0.08498440197001855,0.014514774084091187,-0.3310113549232483,-0.09979325792085092,-0.06491327285766602,-0.40070840716362,-0.11070868632089059,0.07684025168418884,-0.33702245354652405,-0.02584785482179086,0.11248418688774109,-0.4811534285545349,-0.06618165483962457,0.1233350932598114,-0.5705246329307556,-0.09051922222863595,0.13279137015342712,-0.6469534039497375,-0.10332291087399881,-0.009071797132492065,-0.3225826621055603,-0.02356526701044004,-0.052982598543167114,-0.4824107885360718,-0.08175513407479684,-0.08439207077026367,-0.5813897848129272,-0.11798800787221353,-0.1117042601108551,-0.6624760627746582,-0.13099187871705453,-0.07857397198677063,-0.2694072127342224,-0.028343681975115942,-0.09474235773086548,-0.3455623984336853,-0.12838565072308938,-0.04248332977294922,-0.2518767714500427,-0.1414478596140043,-0.01483568549156189,-0.18417084217071533,-0.11667955925952356,-0.13972315192222595,-0.1974879503250122,-0.034893861769546675,-0.13722631335258484,-0.2663460373878479,-0.11967213711034219,-0.09002894163131714,-0.1902022361755371,-0.1148476626564161,-0.06840687990188599,-0.1303030252456665,-0.08730355164300363
K,0.0,0.0,0.0,0.08950233459472656,-0.09093397855758667,-0.06617951320276916,0.09707379341125488,-0.22257667779922485,-0.08347035126553237,0.01171848177909851,-0.31877538561820984,-0.09607192801104247,-0.06348106265068054,-0.3874603509902954,-0.10456336961851775,0.07293009757995605,-0.32314038276672363,-0.024849363805515168,0.10960710048675537,-0.4661821722984314,-0.061772107349497674,0.12084507942199707,-0.5557535886764526,-0.0843010462986058,0.12798845767974854,-0.6330636739730835,-0.0966308780180043,-0.011291444301605225,-0.30893439054489136,-0.02207264417575061,-0.05479738116264343,-0.4665008783340454,-0.07642971651421249,-0.08513084053993225,-0.5651623904705048,-0.11049158053265273,-0.11321315169334412,-0.6465141773223877,-0.12296444849835098,-0.07960313558578491,-0.2565106153488159,-0.026523116247517464,-0.0905018150806427,-0.3341783583164215,-0.12386122273073852,-0.03600504994392395,-0.24201589822769165,-0.13567174153195083,-0.009394615888595581,-0.1759832501411438,-0.11107530372009933,-0.1403680145740509,-0.1863645315170288,-0.03292237894402206,-0.1334477663040161,-0.2561570405960083,-0.117354481683833,-0.08536210656166077,-0.18065708875656128,-0.1132789470420903,-0.0657566487789154,-0.12166255712509155,-0.08704443948136031
K,0.0,0.0,0.0,0.08722919225692749,-0.09343421459197998,-0.06835496888652415,0.09629124402999878,-0.22915923595428467,-0.0878781126548347,0.012129366397857666,-0.32911333441734314,-0.10337834523215861,-0.06559967994689941,-0.4030759334564209,-0.11404777781262965,0.07372391223907471,-0.33815622329711914,-0.024267780568152375,0.10865932703018188,-0.47900623083114624,-0.06488755063310236,0.1209796667098999,-0.5670788288116455,-0.08965109006658167,0.13122105598449707,-0.6411968469619751,-0.10261915342107386,-0.010770678520202637,-0.32217639684677124,-0.022439514260440774,-0.05721330642700195,-0.48370373249053955,-0.07957913444533915,-0.08582812547683716,-0.5814506262540817,-0.11353212312951655,-0.11142858862876892,-0.6551792621612549,-0.12490825073018641,-0.08048781752586365,-0.26808756589889526,-0.029027868967204995,-0.09677457809448242,-0.345262736082077,-0.13140436724916071,-0.04036131501197815,-0.2521119713783264,-0.1459971638132629,-0.01160535216331482,-0.184930682182312,-0.12170879260793299,-0.1415698528289795,-0.19735735654830933,-0.03763684348359675,-0.13397660851478577,-0.26627588272094727,-0.12631833271279902,-0.08556026220321655,-0.18915939331054688,-0.12462606744065852,-0.06509736180305481,-0.12850457429885864,-0.09911691115394206
K,0.0,0.0,0.0,0.08926790952682495,-0.09238064289093018,-0.06543888748876725,0.09527778625488281,-0.2228873372077942,-0.0825416952490059,0.011002182960510254,-0.32211604714393616,-0.0960270673155037,-0.06649988889694214,-0.3898525834083557,-0.10560060889713441,0.07386130094528198,-0.32768550515174866,-0.020152822521254166,0.10960167646408081,-0.467605322599411,-0.05825121552936707,0.12012267112731934,-0.5556124150753021,-0.08201301695100938,0.12858831882476807,-0.6309181749820709,-0.09508734048597489,-0.00983932614326477,-0.31231003999710083,-0.01801140086047326,-0.054783791303634644,-0.46697115898132324,-0.07471663357011948,-0.0845920741558075,-0.5641125440597534,-0.11061101258985673,-0.11076667904853821,-0.6425794661045074,-0.12384547890417252,-0.0782347321510315,-0.2579690217971802,-0.023485107731744392,-0.09262531995773315,-0.3317283093929291,-0.12345152200452958,-0.03694060444831848,-0.24135136604309082,-0.13795320541851197,-0.008119255304336548,-0.17604327201843262,-0.11437251271001969,-0.13940933346748352,-0.1862717866897583,-0.030795688193961723,-0.13429376482963562,-0.25419265031814575,-0.11717338712207948,-0.0866752564907074,-0.1798691749572754,-0.1151502043127266,-0.0650903582572937,-0.12134069204330444,-0.08988486082546387
K,0.0,0.0,0.0,0.08835670351982117,-0.08698379993438721,-0.06444530273984128,0.09727653861045837,-0.2206454873085022,-0.08026593263457471,0.011094242334365845,-0.31804636120796204,-0.09152951921532804,-0.06515088677406311,-0.38289397954940796,-0.09927725131819898,0.07330504059791565,-0.3250081241130829,-0.02496226775656396,0.10893270373344421,-0.4656485617160797,-0.06189674223969632,0.11841019988059998,-0.5526537448167801,-0.08456671322892362,0.12475112080574036,-0.6283543705940247,-0.09682929600785428,-0.01185518503189087,-0.31108468770980835,-0.021814678713781177,-0.05645650625228882,-0.4660590589046478,-0.07543961043666059,-0.08788374066352844,-0.5636263489723206,-0.10868442143510038,-0.11419335007667542,-0.6440409421920776,-0.12052043612311536,-0.07933422923088074,-0.25825822353363037,-0.02544299411783868,-0.09491991996765137,-0.333295613527298,-0.12036973322938138,-0.04218760132789612,-0.24401485919952393,-0.1318803959638899,-0.013133734464645386,-0.1772966980934143,-0.10748963887999707,-0.13883459568023682,-0.18685448169708252,-0.03082385185371095,-0.13696548342704773,-0.25401371717453003,-0.11315411414216214,-0.08961397409439087,-0.17935973405838013,-0.10827425207207853,-0.06614482402801514,-0.11886751651763916,-0.08141578073809796
K,0.0,0.0,0.0,0.09633952379226685,-0.07374906539916992,-0.07740413935812285,0.11227887868881226,-0.21630960702896118,-0.10048040540846159,0.014089882373809814,-0.32426750659942627,-0.11916748972566893,-0.05948859453201294,-0.40751928091049194,-0.13335258306892683,0.10185062885284424,-0.3517451286315918,-0.027700815144498847,0.14270955324172974,-0.49213725328445435,-0.07144953848751356,0.1625691056251526,-0.5850066542625427,-0.10063677819402983,0.17678970098495483,-0.6652194261550903,-0.1187272423687773,0.0033573508262634277,-0.34072649478912354,-0.025292215663512252,-0.03629791736602783,-0.5020458102226257,-0.09002784432800581,-0.06724601984024048,-0.6053652167320251,-0.13280267061622908,-0.09884783625602722,-0.6877992451190948,-0.14961240233810713,-0.0751422643661499,-0.2873844504356384,-0.03248125852974226,-0.09925675392150879,-0.35343921184539795,-0.1453068459215956,-0.05195432901382446,-0.24692261219024658,-0.16674958707721999,-0.024115681648254395,-0.17509675025939941,-0.14448349716099074,-0.1411074995994568,-0.21374022960662842,-0.04252503232987692,-0.1434108018875122,-0.2805442214012146,-0.14175086261661818,-0.10370582342147827,-0.1918412446975708,-0.1457263136092024,-0.07863366603851318,-0.1263410449028015,-0.12205576689871123
K,0.0,0.0,0.0,0.0861939787864685,-0.09568661451339722,-0.06467507466174993,0.09330081939697266,-0.22517842054367065,-0.08208240255214605,0.01002269983291626,-0.32309767603874207,-0.0960176704774085,-0.06716927886009216,-0.39119869470596313,-0.10589044227697286,0.07205867767333984,-0.32701200246810913,-0.020205842922109696,0.10527229309082031,-0.46986469626426697,-0.05859444349505338,0.11427205801010132,-0.5584490746259689,-0.08229947521783743,0.1217660903930664,-0.6335108280181885,-0.09472293838359747,-0.012512832880020142,-0.3120061755180359,-0.017927319402474495,-0.05812826752662659,-0.4700387120246887,-0.0735339789042655,-0.08852070569992065,-0.5683619379997253,-0.10845482781030569,-0.11434105038642883,-0.647146612405777,-0.12075664534665975,-0.08112147450447083,-0.25933676958084106,-0.02333333029844198,-0.09828394651412964,-0.3379238545894623,-0.12093399151660833,-0.044224053621292114,-0.24706929922103882,-0.13446388825275335,-0.0158461332321167,-0.1809282898902893,-0.1103640986929122,-0.1409836709499359,-0.18945878744125366,-0.030631980518478485,-0.13894906640052795,-0.2610929608345032,-0.1136432705769721,-0.09212785959243774,-0.18915659189224243,-0.11012893601753149,-0.07012280821800232,-0.13175159692764282,-0.08402847185232076
K,0.0,0.0,0.0,0.08539551496505737,-0.0943371057510376,-0.06395298511938563,0.09132647514343262,-0.22623473405838013,-0.08098884196238032,0.006259649991989136,-0.3247744143009186,-0.09484368087009898,-0.07189163565635681,-0.3927569091320038,-0.10489654810385218,0.07018721103668213,-0.3327638506889343,-0.01753139206425658,0.10344523191452026,-0.47146472334861755,-0.055912560683054835,0.11394214630126953,-0.5583777576684952,-0.08058964730457774,0.12236577272415161,-0.6325652003288269,-0.0939821180816125,-0.012799233198165894,-0.31757599115371704,-0.016151717763705165,-0.057419657707214355,-0.4716920852661133,-0.07190533251718989,-0.0883360207080841,-0.5678044557571411,-0.10786938191608897,-0.11524182558059692,-0.6445300579071045,-0.12116994233088008,-0.08053457736968994,-0.2640889883041382,-0.022470547717375666,-0.09704822301864624,-0.3386450409889221,-0.12113182516054621,-0.042788952589035034,-0.2505384683609009,-0.13600679756359568,-0.013760387897491455,-0.1852341890335083,-0.11289160968021861,-0.14090770483016968,-0.1926335096359253,-0.030529030498428256,-0.13854250311851501,-0.2625772953033447,-0.11515856803612223,-0.091287761926651,-0.18965691328048706,-0.11235527963594905,-0.06816694140434265,-0.12985318899154663,-0.08663782001690379
K,0.0,0.0,0.0,0.08466216921806335,-0.09462696313858032,-0.06397598978207952,0.09434565901756287,-0.22849154472351074,-0.08014958348201162,0.010265082120895386,-0.3294438421726227,-0.09221883114503271,-0.06706532835960388,-0.39654308557510376,-0.1005067824952448,0.07134255766868591,-0.33013492822647095,-0.02009280581103212,0.10255733132362366,-0.4709104299545288,-0.05792416628526098,0.11204734444618225,-0.5582124143838882,-0.08150353279040701,0.1192602813243866,-0.6330675482749939,-0.0938341170184458,-0.011870384216308594,-0.31583884358406067,-0.017638124489053553,-0.05662700533866882,-0.4726738929748535,-0.07222089912818319,-0.08785679936408997,-0.5706410109996796,-0.10662955042050726,-0.11513209342956543,-0.6517985761165619,-0.11871477957890875,-0.07884770631790161,-0.2635321021080017,-0.022471576892598932,-0.09385320544242859,-0.3415190875530243,-0.11906877156422979,-0.04231724143028259,-0.2513865828514099,-0.13151491429732687,-0.015380233526229858,-0.18566030263900757,-0.10689026113675482,-0.1386302411556244,-0.19231390953063965,-0.029006564953192537,-0.135422021150589,-0.26447993516921997,-0.11133678253816015,-0.08963009715080261,-0.19083666801452637,-0.10626415904687292,-0.06909060478210449,-0.13212835788726807,-0.07905182238744146
K,0.0,0.0,0.0,0.08406531810760498,-0.09418970346450806,-0.06392521137286167,0.08822119235992432,-0.2245030403137207,-0.08197587454606037,0.005384266376495361,-0.3251684606075287,-0.0962933870582674,-0.07036527991294861,-0.39353227615356445,-0.10680617863226871,0.06655722856521606,-0.3245767652988434,-0.02534742938269119,0.09930419921875,-0.46683233976364136,-0.06445307755757312,0.10822790861129761,-0.55506831407547,-0.08793168241072635,0.11551868915557861,-0.6304884850978851,-0.09994587028313617,-0.01576995849609375,-0.3096780776977539,-0.022997529300937458,-0.05938607454299927,-0.4674093723297119,-0.07925176346589069,-0.09140601754188538,-0.5670894831418991,-0.11349866265345554,-0.1182355284690857,-0.6470165252685547,-0.12560904497195224,-0.08318305015563965,-0.2581346035003662,-0.027614313232788845,-0.09960535168647766,-0.33799681067466736,-0.1240014182953928,-0.04921442270278931,-0.24883967638015747,-0.1360243904023264,-0.02093052864074707,-0.18021339178085327,-0.11145560914565067,-0.14271774888038635,-0.18908584117889404,-0.034028475227842137,-0.14110031723976135,-0.26075857877731323,-0.11566795134831409,-0.09574320912361145,-0.1891723871231079,-0.1109304326205347,-0.07398116588592529,-0.12934911251068115,-0.08414128893900852
K,0.0,0.0,0.0,0.08610367774963379,-0.09255993366241455,-0.06525989171052515,0.09384346008300781,-0.22151893377304077,-0.0825680970766598,0.010688036680221558,-0.32188016176223755,-0.0964068278291279,-0.06614875793457031,-0.38985341787338257,-0.10661992724919855,0.07169580459594727,-0.321524977684021,-0.019921279660707114,0.10277658700942993,-0.46145331859588623,-0.05924984361911356,0.11088544130325317,-0.5497360676527023,-0.08399786349320948,0.11856800317764282,-0.6256285309791565,-0.0969791516282612,-0.012575477361679077,-0.3063303828239441,-0.01750940378690302,-0.05558905005455017,-0.46246469020843506,-0.07398743476653635,-0.08815979957580566,-0.5610882788896561,-0.1101775422313267,-0.11523175239562988,-0.6391929388046265,-0.12321931417966425,-0.08089688420295715,-0.2545475959777832,-0.022840594089871047,-0.09601813554763794,-0.3284170627593994,-0.12167319204593241,-0.04455459117889404,-0.23789668083190918,-0.13633511509681284,-0.015733927488327026,-0.17112714052200317,-0.11256334479833185,-0.14094474911689758,-0.18545961380004883,-0.030104804001098273,-0.1377989649772644,-0.2552196979522705,-0.11485343720698893,-0.09207868576049805,-0.1803908348083496,-0.11201860304856837,-0.06910267472267151,-0.12016451358795166,-0.08578262772346079
K,0.0,0.0,0.0,0.08659312129020691,-0.09317851066589355,-0.0645774314987193,0.0942891538143158,-0.2243814468383789,-0.08211507749433622,0.012084424495697021,-0.3246886730194092,-0.09589069437856779,-0.06518134474754333,-0.3934471011161804,-0.10575918954486951,0.0717238187789917,-0.3219524025917053,-0.023784999816371055,0.10040068626403809,-0.4664698839187622,-0.062352486966801735,0.10861873626708984,-0.5542564541101456,-0.08547725629682645,0.1160019040107727,-0.6298376321792603,-0.09741607409591779,-0.012389719486236572,-0.30770716071128845,-0.021035173057271095,-0.0572645366191864,-0.46644097566604614,-0.07715436917419538,-0.08894306421279907,-0.5645892471075058,-0.11222698640699491,-0.11532527208328247,-0.6424217522144318,-0.12480130147810087,-0.08086395263671875,-0.2562171220779419,-0.025437110184384437,-0.09450682997703552,-0.3348560333251953,-0.12231978875274763,-0.04427561163902283,-0.244110107421875,-0.13542486828441724,-0.01765158772468567,-0.1781333088874817,-0.11154106360550031,-0.1408621072769165,-0.18822497129440308,-0.03169236433382139,-0.13625860214233398,-0.25825077295303345,-0.11430925977106199,-0.0910811722278595,-0.18454241752624512,-0.11087367039795026,-0.07038265466690063,-0.12691205739974976,-0.08506576073045835
K,0.0,0.0,0.0,0.08802139759063721,-0.09087008237838745,-0.0640682280254623,0.09380131959915161,-0.22163176536560059,-0.08043986560824123,0.011489272117614746,-0.3209840953350067,-0.09269376101019589,-0.06327155232429504,-0.39001235365867615,-0.1011814773273727,0.06955942511558533,-0.32224607467651367,-0.022683069129016076,0.10319972038269043,-0.46312180161476135,-0.05907661097171513,0.11128699779510498,-0.5523055344820023,-0.08124331386807171,0.11744147539138794,-0.6273738741874695,-0.09282826634171215,-0.012941569089889526,-0.30788156390190125,-0.02022847907664982,-0.057201236486434937,-0.4663510322570801,-0.07228951903107372,-0.0886351466178894,-0.5659036636352539,-0.10538215937140194,-0.11543858051300049,-0.6442377865314484,-0.11723262818577496,-0.08043831586837769,-0.25548821687698364,-0.025022359583999787,-0.09553122520446777,-0.3338238000869751,-0.11874356867792812,-0.04459407925605774,-0.24787575006484985,-0.13234531881334988,-0.01734137535095215,-0.1837012767791748,-0.10978657754185406,-0.1409953534603119,-0.18604862689971924,-0.03170976789715496,-0.13765208423137665,-0.25592005252838135,-0.11337363721850124,-0.09194689989089966,-0.1840987205505371,-0.11083830894949642,-0.07004225254058838,-0.12623095512390137,-0.08613760771277157
K,0.0,0.0,0.0,0.08634021878242493,-0.09310483932495117,-0.06411730154604811,0.09286966919898987,-0.22737091779708862,-0.0799864719733705,0.008873462677001953,-0.32639163732528687,-0.09192324831337828,-0.06869027018547058,-0.3928092420101166,-0.09999894007296461,0.06637904047966003,-0.32633158564567566,-0.019124592013668007,0.10117563605308533,-0.4677745997905731,-0.05554161994905371,0.11125248670578003,-0.5559487342834473,-0.07840769394488234,0.11800771951675415,-0.6323901414871216,-0.09074648871273894,-0.015409767627716064,-0.3124426603317261,-0.016419498540471977,-0.058711737394332886,-0.46950769424438477,-0.06982747866959471,-0.08908450603485107,-0.5677328258752823,-0.10365343495459456,-0.11642622947692871,-0.6477090120315552,-0.11592656030506987,-0.08175727725028992,-0.26107293367385864,-0.021100122772168106,-0.09814941883087158,-0.33933883905410767,-0.11611567839236159,-0.044085681438446045,-0.2500230669975281,-0.12832764937729735,-0.015176594257354736,-0.1830163598060608,-0.10433092369885344,-0.14162170886993408,-0.19170522689819336,-0.027777906797837204,-0.14076313376426697,-0.26206129789352417,-0.11018364533038039,-0.09276449680328369,-0.18947535753250122,-0.10655277623982329,-0.07012110948562622,-0.13016867637634277,-0.08078229083866972
K,0.0,0.0,0.0,0.08958342671394348,-0.09219604730606079,-0.06241851074059923,0.09571552276611328,-0.22752243280410767,-0.07642804605325182,0.014038503170013428,-0.3244917094707489,-0.08625102562268694,-0.06279078125953674,-0.3923626244068146,-0.09234746319611986,0.07314971089363098,-0.3283132314682007,-0.02006469441016634,0.10855787992477417,-0.46909287571907043,-0.05488772836883982,0.11774057149887085,-0.5568868219852448,-0.07631874603589495,0.12362945079803467,-0.6333048939704895,-0.08832952154239138,-0.010588288307189941,-0.3142004907131195,-0.01871477214058359,-0.05572301149368286,-0.47227782011032104,-0.07251576853354891,-0.08708697557449341,-0.5699809640645981,-0.1070524729545923,-0.11470164358615875,-0.6491945683956146,-0.11991730851491411,-0.07949525117874146,-0.2599220871925354,-0.024064488312205867,-0.09599584341049194,-0.3396419882774353,-0.12078157586415728,-0.04002809524536133,-0.24779683351516724,-0.13319849742015322,-0.01050308346748352,-0.18235403299331665,-0.1093064300473543,-0.14264224469661713,-0.18730217218399048,-0.03098065738936384,-0.14086201786994934,-0.25830626487731934,-0.11658431363662203,-0.09142361581325531,-0.181388258934021,-0.11379135919173677,-0.06892845034599304,-0.12309271097183228,-0.08849510324557741
K,0.0,0.0,0.0,0.08850303292274475,-0.09981119632720947,-0.0661069355867312,0.09630703926086426,-0.23954761028289795,-0.08035302683333612,0.011557251214981079,-0.33897295594215393,-0.09005751981953836,-0.06739354133605957,-0.40984198451042175,-0.09549382105092263,0.06833440065383911,-0.336269348859787,-0.016662120442788364,0.10312753915786743,-0.47755974531173706,-0.05058952197055078,0.11320304870605469,-0.566770151257515,-0.07151376977185464,0.12103736400604248,-0.6430801153182983,-0.08265010043601251,-0.014828085899353027,-0.3222939670085907,-0.013210702311198474,-0.05869892239570618,-0.48250773549079895,-0.06438570245722985,-0.08829629421234131,-0.5836120992898941,-0.09682028516749597,-0.11446650326251984,-0.6640424430370331,-0.10820260420064187,-0.08445115387439728,-0.26985740661621094,-0.01793652735273099,-0.09932883083820343,-0.3506460189819336,-0.11399687602738595,-0.04515722393989563,-0.25622206926345825,-0.1275453470609591,-0.01727616786956787,-0.1890222430229187,-0.10404888316611505,-0.14875662326812744,-0.2000790238380432,-0.02478663585702634,-0.14176476001739502,-0.2714707851409912,-0.10949527993420816,-0.09363332390785217,-0.19403457641601562,-0.10813997462014413,-0.07302042841911316,-0.13575994968414307,-0.08398259207228875
K,0.0,0.0,0.0,0.09917300939559937,-0.07727378606796265,-0.08253382922146102,0.11302220821380615,-0.2174113392829895,-0.10727234215471526,0.017590820789337158,-0.323544979095459,-0.1256055387947299,-0.05410829186439514,-0.4118514657020569,-0.13925123245451232,0.10577356815338135,-0.34734559059143066,-0.0317170250508525,0.1473759412765503,-0.4882453680038452,-0.07681857825252791,0.165693998336792,-0.578827977180481,-0.10635443807575484,0.1799744963645935,-0.65967857837677,-0.12373543561432143,0.006899535655975342,-0.3376771807670593,-0.025590874561999044,-0.03144890069961548,-0.4991540312767029,-0.09383705289098998,-0.06370696425437927,-0.6018466949462891,-0.139320314237807,-0.09314978122711182,-0.6865970194339752,-0.1566302928421237,-0.07122310996055603,-0.2861461639404297,-0.02877624177369853,-0.0963602364063263,-0.34818440675735474,-0.14500926465723296,-0.05064162611961365,-0.2374260425567627,-0.16601094634268065,-0.021469920873641968,-0.16678780317306519,-0.14142368764612456,-0.13619643449783325,-0.2143493890762329,-0.03473395512435218,-0.14222294092178345,-0.2805402874946594,-0.1355574432108142,-0.10289222002029419,-0.18623626232147217,-0.13726387948725005,-0.07786884903907776,-0.12156432867050171,-0.11054449559185286
K,0.0,0.0,0.0,0.08449319005012512,-0.09556728601455688,-0.06771863437120373,0.09381735324859619,-0.23462116718292236,-0.08666482752983029,0.01127573847770691,-0.3369442820549011,-0.10114009863559659,-0.0675569474697113,-0.41043874621391296,-0.11096725053016598,0.07166209816932678,-0.3343173563480377,-0.02494581415180619,0.10343161225318909,-0.47835373878479004,-0.0646688882154649,0.11369338631629944,-0.5683906525373459,-0.08840462005559857,0.12185785174369812,-0.6456147134304047,-0.1011078450721925,-0.01255500316619873,-0.32087334990501404,-0.022550171230477645,-0.05669909715652466,-0.4850400984287262,-0.0799015331906503,-0.08632400631904602,-0.5858566462993622,-0.11478662676040585,-0.11317065358161926,-0.6656509637832642,-0.12724584526245053,-0.08380508422851562,-0.26989588141441345,-0.028036871914309813,-0.09839403629302979,-0.3521108329296112,-0.12744133359615262,-0.045628875494003296,-0.25781118869781494,-0.14003032631103451,-0.018199771642684937,-0.18969190120697021,-0.11554370260660107,-0.14855682849884033,-0.20159083604812622,-0.03587538561646397,-0.1401941478252411,-0.2712039351463318,-0.1217692140382951,-0.09306912124156952,-0.19457387924194336,-0.11943394875947888,-0.07323876023292542,-0.13668644428253174,-0.09423797762815411
K,0.0,0.0,0.0,0.0809934139251709,-0.10829323530197144,-0.06632163621623022,0.08924967050552368,-0.24358737468719482,-0.08575379349429113,0.005829274654388428,-0.3444053530693054,-0.10149469472605688,-0.07390342652797699,-0.41544198989868164,-0.11321501679856283,0.06603986024856567,-0.3354669511318207,-0.01747408382732374,0.10108959674835205,-0.4778978228569031,-0.057008358316011254,0.1130584180355072,-0.5690182745456696,-0.08287831641871435,0.1217988133430481,-0.648494303226471,-0.09684176989037496,-0.01771003007888794,-0.3219110071659088,-0.01541467815775377,-0.05845153331756592,-0.4868171811103821,-0.07067465283114416,-0.08631935715675354,-0.5892986059188843,-0.10495297111708624,-0.11173839867115021,-0.67115119099617,-0.11701666064698202,-0.08845631778240204,-0.27124521136283875,-0.021856882275528733,-0.10022479295730591,-0.35664278268814087,-0.11970834680039388,-0.048048049211502075,-0.2605322599411011,-0.13077590115506155,-0.022046923637390137,-0.18812114000320435,-0.10476423300940496,-0.15258023142814636,-0.20195114612579346,-0.03060914077002508,-0.14393950998783112,-0.2793036997318268,-0.11253987498719198,-0.09827315807342529,-0.20316249132156372,-0.1062396342321108,-0.07976871728897095,-0.1415036916732788,-0.07836433746058447
K,0.0,0.0,0.0,0.0857122540473938,-0.09700530767440796,-0.0678358439411113,0.09561756253242493,-0.23117095232009888,-0.0868383709396312,0.014327406883239746,-0.33531972765922546,-0.1022480789627025,-0.06604316830635071,-0.4063923954963684,-0.1138030875529239,0.07345151901245117,-0.3269611895084381,-0.0211417887414882,0.1094733476638794,-0.4689277112483978,-0.0626933936084697,0.1220327615737915,-0.5598912537097931,-0.08922662474765275,0.1305752992630005,-0.639057993888855,-0.10426106192721818,-0.011109799146652222,-0.3133295178413391,-0.019048535084266405,-0.05420371890068054,-0.4788815975189209,-0.07891049124850724,-0.08140876889228821,-0.5803942084312439,-0.11607016511811707,-0.10603728890419006,-0.6619425117969513,-0.1299323801006267,-0.08245599269866943,-0.2627929151058197,-0.025241232296366434,-0.09678477048873901,-0.34972232580184937,-0.12827088572635148,-0.044798076152801514,-0.254194974899292,-0.14095660187854264,-0.018149495124816895,-0.18280959129333496,-0.11529633291615937,-0.14795927703380585,-0.19417142868041992,-0.03378145658030007,-0.13871759176254272,-0.2701399624347687,-0.1224812258089969,-0.09169444441795349,-0.1949266791343689,-0.1198479745592067,-0.07145784795284271,-0.13447904586791992,-0.09356757142199967
K,0.0,0.0,0.0,0.08439290523529053,-0.09394532442092896,-0.06710127450799064,0.09639662504196167,-0.22938472032546997,-0.0888371438560398,0.014311552047729492,-0.3301640748977661,-0.10683106340741233,-0.06515811383724213,-0.40073782205581665,-0.1209828079519184,0.07085376977920532,-0.3306228220462799,-0.028480603250613967,0.10563576221466064,-0.4727717936038971,-0.07357660390709952,0.11800622940063477,-0.5645850896835327,-0.10185254819964484,0.12570667266845703,-0.6431881785392761,-0.11692769535159186,-0.015683293342590332,-0.3155207335948944,-0.027846953722587386,-0.05909162759780884,-0.4802757799625397,-0.08957751550053672,-0.08677497506141663,-0.5832063257694244,-0.12684515573357658,-0.11251562833786011,-0.6661688387393951,-0.14017777599667625,-0.08717063069343567,-0.2647705376148224,-0.034849823343506614,-0.10019290447235107,-0.34542346000671387,-0.1363309965310009,-0.0488353967666626,-0.24982374906539917,-0.14598598040913657,-0.022016972303390503,-0.17943984270095825,-0.11838610925053672,-0.15167826414108276,-0.19533151388168335,-0.044261709677925865,-0.14403408765792847,-0.2711946666240692,-0.12840311683987693,-0.0992814302444458,-0.19440877437591553,-0.12058929808711127,-0.08098165690898895,-0.13227391242980957,-0.0907943964776905
K,0.0,0.0,0.0,0.08140692114830017,-0.09185791015625,-0.06414574474399615,0.0898205041885376,-0.22606366872787476,-0.08277922958438921,0.008981764316558838,-0.327207088470459,-0.09861724913423586,-0.07271100580692291,-0.39463385939598083,-0.11072984427516985,0.07048806548118591,-0.3319493234157562,-0.019760885241680626,0.1059596836566925,-0.4698401391506195,-0.06098479494755793,0.11791157722473145,-0.5594344139099121,-0.08805160314147997,0.1245834231376648,-0.6372703909873962,-0.10359509378974963,-0.015675127506256104,-0.31754788756370544,-0.019865815493517403,-0.05778208374977112,-0.47527778148651123,-0.08074926674669314,-0.0858180820941925,-0.5755376815795898,-0.12039803058212328,-0.11316652595996857,-0.656753808259964,-0.13575039893692065,-0.08728200197219849,-0.2662124037742615,-0.02746947013145018,-0.10032448172569275,-0.33946818113327026,-0.12979978412693072,-0.04672917723655701,-0.2451505959033966,-0.14462842136924792,-0.018756359815597534,-0.17610257863998413,-0.12050617575948763,-0.15066266059875488,-0.1968558430671692,-0.03713131785696078,-0.13873685896396637,-0.26274344325065613,-0.1250451514155202,-0.09015128016471863,-0.18666386604309082,-0.12356410265272189,-0.06901685893535614,-0.12695097923278809,-0.09788333714311648
K,0.0,0.0,0.0,0.08512222766876221,-0.0973324179649353,-0.06723497658902033,0.09045711159706116,-0.23146307468414307,-0.08565851896935328,0.010733634233474731,-0.33211007714271545,-0.09980252981119975,-0.0676509290933609,-0.40348291397094727,-0.10960858911209925,0.07001450657844543,-0.33244651556015015,-0.020505411922272287,0.1054205596446991,-0.4733615219593048,-0.05961443334751948,0.11763033270835876,-0.5625922828912735,-0.08443199694090708,0.12611988186836243,-0.6415224969387054,-0.0986732527607046,-0.015995144844055176,-0.3201867938041687,-0.017738242074187838,-0.057209670543670654,-0.47974012792110443,-0.07709795087509974,-0.08447633683681488,-0.5802304744720459,-0.11393572986060008,-0.10895474255084991,-0.6618435382843018,-0.12763944864207133,-0.08890306949615479,-0.2697094678878784,-0.023023797570999704,-0.09906190633773804,-0.3513774275779724,-0.12530206739836558,-0.046713948249816895,-0.25356414914131165,-0.13816606104307994,-0.020439356565475464,-0.18271750211715698,-0.11294128596716746,-0.15261641144752502,-0.20211446285247803,-0.03051623552971705,-0.14013387262821198,-0.2728002965450287,-0.12029937505656108,-0.09291994571685791,-0.19335401058197021,-0.11923377811842784,-0.07408611476421356,-0.13360750675201416,-0.0940265938633047
K,0.0,0.0,0.0,0.0895063579082489,-0.08386939764022827,-0.07316869014618987,0.10096481442451477,-0.22101926803588867,-0.09423590713856811,0.016411781311035156,-0.3236156702041626,-0.10956387484191055,-0.06389568746089935,-0.3993772864341736,-0.12011406833050842,0.08031454682350159,-0.32730647921562195,-0.02924314962444896,0.11538279056549072,-0.4685046821832657,-0.07040989661334152,0.12745901942253113,-0.5595173835754395,-0.09552391135810012,0.13238009810447693,-0.6379275619983673,-0.11005939060567016,-0.00889652967453003,-0.3141230046749115,-0.02648869605479831,-0.049783855676651,-0.47877131402492523,-0.08588203305123443,-0.07417981326580048,-0.5795343518257141,-0.1217133801591217,-0.10072380304336548,-0.6619270741939545,-0.13436667883513564,-0.08271600306034088,-0.2627023160457611,-0.03223888093350524,-0.09446090459823608,-0.3447555601596832,-0.13751186692832107,-0.039543986320495605,-0.244265615940094,-0.1493061360132515,-0.014206141233444214,-0.1764470338821411,-0.12251570338128204,-0.14867907762527466,-0.19324636459350586,-0.040728772820216363,-0.13552850484848022,-0.2623741924762726,-0.1340507295143425,-0.08695261180400848,-0.18121778964996338,-0.13272235059855575,-0.06895849108695984,-0.12253439426422119,-0.10664790386078948
K,0.0,0.0,0.0,0.08797621726989746,-0.09357643127441406,-0.06799464535072275,0.09429007768630981,-0.22743046283721924,-0.08822433512762018,0.007772207260131836,-0.32371047139167786,-0.10402744870737024,-0.07144083082675934,-0.39339882135391235,-0.11580651860788294,0.07245787978172302,-0.3257959485054016,-0.025576027595548112,0.10606685280799866,-0.46631014347076416,-0.06691596519306131,0.11723247170448303,-0.5577776432037354,-0.09326531600311228,0.12355569005012512,-0.6363792717456818,-0.10776772957399317,-0.015923649072647095,-0.3099863827228546,-0.023714134954957444,-0.05704431235790253,-0.46984559297561646,-0.08159097891405054,-0.08412083983421326,-0.5746558308601379,-0.11778401445701547,-0.11106511950492859,-0.6582037508487701,-0.13124239307001062,-0.08856834471225739,-0.2573818564414978,-0.02991776403143831,-0.10179674625396729,-0.33788809180259705,-0.13119044762208887,-0.04638458788394928,-0.24147579073905945,-0.1435475484664721,-0.018754571676254272,-0.17039871215820312,-0.11763075601413675,-0.15353605151176453,-0.1861782670021057,-0.038389282786397416,-0.14388293027877808,-0.2612450122833252,-0.125599129610805,-0.0972951352596283,-0.18411433696746826,-0.12208100270584055,-0.0788729339838028,-0.12153244018554688,-0.09527353804662653
K,0.0,0.0,0.0,0.09053367376327515,-0.08980292081832886,-0.06828322421017674,0.09757471084594727,-0.22250205278396606,-0.08751929710808781,0.009519606828689575,-0.3152819275856018,-0.10208398263159779,-0.06967970728874207,-0.382804811000824,-0.11304819743338612,0.07322201132774353,-0.32086262106895447,-0.027666665345464025,0.10810855031013489,-0.46021389961242676,-0.07059886465970067,0.1172950267791748,-0.551886647939682,-0.0975605712384322,0.12224572896957397,-0.6307168006896973,-0.11205115328732518,-0.014988094568252563,-0.30435046553611755,-0.02584158602360276,-0.05735759437084198,-0.4647756516933441,-0.08553934256735829,-0.08281128108501434,-0.5671845376491547,-0.12168844948712376,-0.10823777318000793,-0.649092435836792,-0.13407980065051106,-0.08575725555419922,-0.2509693503379822,-0.03190431158247975,-0.10150982439517975,-0.327482134103775,-0.1373867259472945,-0.04127250611782074,-0.2318834364414215,-0.15104741017523793,-0.010789543390274048,-0.16257351636886597,-0.12443139563504246,-0.14886027574539185,-0.178786039352417,-0.039800675317678724,-0.14206986129283905,-0.25355035066604614,-0.13030293743315724,-0.09253278374671936,-0.17686587572097778,-0.12707209746542958,-0.07342632114887238,-0.11496138572692871,-0.09953834275904683
K,0.0,0.0,0.0,0.08521851897239685,-0.08948379755020142,-0.07128464411880486,0.095243901014328,-0.2279520332813263,-0.09155806880380624,0.010878920555114746,-0.32826656103134155,-0.10614472608949654,-0.07049594819545746,-0.3982882499694824,-0.11666814964200967,0.07077401876449585,-0.3299606740474701,-0.030310576594729355,0.10178390145301819,-0.47263848781585693,-0.07052680086280816,0.11241409182548523,-0.5643359273672104,-0.09505490194942467,0.1197267472743988,-0.6433705687522888,-0.10825700294162743,-0.01634979248046875,-0.3160269558429718,-0.02635641004826539,-0.05964082479476929,-0.4794039726257324,-0.08318993430521004,-0.08616772294044495,-0.581871747970581,-0.1173714397468757,-0.11130470037460327,-0.6643419563770294,-0.12891380470182412,-0.08832994103431702,-0.2649686932563782,-0.030319133586544922,-0.0995621383190155,-0.34701007604599,-0.13181914370443337,-0.04530242085456848,-0.24637001752853394,-0.14288768153573983,-0.0187666118144989,-0.17362523078918457,-0.11579801868583672,-0.152726948261261,-0.19567328691482544,-0.03659537043358796,-0.1429232656955719,-0.2712993025779724,-0.1244684679427337,-0.09607966244220734,-0.19083905220031738,-0.11982128750469201,-0.07806351780891418,-0.12815487384796143,-0.09184481184865945
