label,f0,f1,f2,f3,f4,f5,f6,f7,f8,f9,f10,f11,f12,f13,f14,f15,f16,f17,f18,f19,f20,f21,f22,f23,f24,f25,f26,f27,f28,f29,f30,f31,f32,f33,f34,f35,f36,f37,f38,f39,f40,f41,f42,f43,f44,f45,f46,f47,f48,f49,f50,f51,f52,f53,f54,f55,f56,f57,f58,f59,f60,f61,f62
L,0.0,0.0,0.0,0.1505061537027359,1.52587890625e-05,-0.10762024372513679,0.29388926923274994,-0.0717921257019043,-0.15644169300492194,0.4101821631193161,-0.1454116702079773,-0.1944984540313044,0.5024788826704025,-0.1957319974899292,-0.23256639092858222,0.2245427817106247,-0.28458037972450256,-0.08569324463303474,0.2373248189687729,-0.4553394913673401,-0.1478118643134394,0.2232520431280136,-0.5691670477390289,-0.1888722822039881,0.2062181681394577,-0.6615704298019409,-0.21744955032761482,0.1336400955915451,-0.2975771427154541,-0.06165508255060104,0.11487163603305817,-0.37875649333000183,-0.1738728776543894,0.08159340918064117,-0.2557273507118225,-0.2051665231555262,0.07060123980045319,-0.16009128093719482,-0.1973654076426783,0.043226227164268494,-0.28817594051361084,-0.04845579042728332,0.02461087703704834,-0.3537077307701111,-0.1618017747967997,0.005211696028709412,-0.22392767667770386,-0.15209491997654823,0.003968462347984314,-0.13934451341629028,-0.11179487108881858,-0.04621882736682892,-0.26432469487190247,-0.04287760406430152,-0.055055007338523865,-0.3304829001426697,-0.126472358402566,-0.060386329889297485,-0.22516727447509766,-0.11529085486824897,-0.0516243577003479,-0.15054577589035034,-0.08266783952410606
L,0.0,0.0,0.0,0.14882247149944305,0.000981748104095459,-0.07883781336946072,0.3025271147489548,-0.05106914043426514,-0.10969585322541775,0.42438487708568573,-0.12119072675704956,-0.1352503313939053,0.5181236118078232,-0.1613726019859314,-0.1607046439568478,0.25126759707927704,-0.26414018869400024,-0.03956975185079159,0.283364400267601,-0.41364407539367676,-0.08726014339131893,0.28065429627895355,-0.5118139982223511,-0.1230689599434811,0.2751920074224472,-0.5877514779567719,-0.1480107768694836,0.16189779341220856,-0.2855822443962097,-0.02621429183287205,0.15160782635211945,-0.36966772377491,-0.11991626911563458,0.11142377555370331,-0.25964826345443726,-0.15359975539846005,0.09215103089809418,-0.1694241166114807,-0.15168447934789242,0.07059995830059052,-0.2859700620174408,-0.022072027928658144,0.05837692320346832,-0.3561391532421112,-0.11871592097682537,0.030831262469291687,-0.2361881136894226,-0.11347017579478802,0.020268350839614868,-0.15263038873672485,-0.08090014897985043,-0.02347634732723236,-0.27486804127693176,-0.023686762459107058,-0.022064611315727234,-0.34145957231521606,-0.09460634880466046,-0.03594277799129486,-0.2466616928577423,-0.08556752794189038,-0.03613649308681488,-0.17456799745559692,-0.05785922475857319
L,0.0,0.0,0.0,0.15215450525283813,0.029175519943237305,-0.08940243714702234,0.32906246185302734,-0.041900634765625,-0.12628270679366693,0.46262145042419434,-0.1211310625076294,-0.15537369244945154,0.5662316083908081,-0.16928935050964355,-0.18505488329780206,0.26883554458618164,-0.2600976228713989,-0.06931659572970972,0.3001709580421448,-0.43503010272979736,-0.12705925100696192,0.2986057996749878,-0.5525294244289398,-0.1651176064575921,0.2926090359687805,-0.6427029669284821,-0.19222985201728449,0.1720292568206787,-0.28157466650009155,-0.056937899377466294,0.17636331915855408,-0.3763347268104553,-0.17003373795402155,0.13150721788406372,-0.25580447912216187,-0.20453852408778772,0.1018434464931488,-0.15373080968856812,-0.1987957208718072,0.07596784830093384,-0.28313374519348145,-0.05372305953157053,0.07501944899559021,-0.3621090054512024,-0.16719751053702936,0.04099327325820923,-0.23101091384887695,-0.15883977704894647,0.025831401348114014,-0.13651657104492188,-0.12022127204787836,-0.02226164937019348,-0.2736858129501343,-0.056671790715576265,-0.015968769788742065,-0.33725523948669434,-0.14209374779117212,-0.03161689639091492,-0.23112112283706665,-0.1350466310347329,-0.03359180688858032,-0.15156537294387817,-0.10629104816568002
L,0.0,0.0,0.0,0.1557425856590271,0.0263216495513916,-0.0929658697528879,0.33561423420906067,-0.03787398338317871,-0.1319343583269159,0.46609291434288025,-0.12076461315155029,-0.1596329645795862,0.5683586895465851,-0.17258763313293457,-0.18620541557503145,0.2683553397655487,-0.257474422454834,-0.0749163986725847,0.3018304407596588,-0.43766167759895325,-0.12576591834259432,0.30386826395988464,-0.5559335649013519,-0.15738232299518984,0.2986607849597931,-0.6464360654354095,-0.1813098923845331,0.16910532116889954,-0.28120988607406616,-0.05918827891183298,0.17359086871147156,-0.3788341283798218,-0.160906000582699,0.12906721234321594,-0.24999940395355225,-0.18766581877899569,0.10372784733772278,-0.14614295959472656,-0.1794507192058603,0.06980684399604797,-0.2819092869758606,-0.05284287273717325,0.07701036334037781,-0.35313278436660767,-0.15958785876465242,0.04535916447639465,-0.219465434551239,-0.15282371505928438,0.03333887457847595,-0.12828445434570312,-0.1181748495979349,-0.028183460235595703,-0.26962727308273315,-0.052085420636657886,-0.017600268125534058,-0.33000844717025757,-0.1341500715894739,-0.030164599418640137,-0.2210807204246521,-0.1280448572320978,-0.029223620891571045,-0.14269685745239258,-0.10207992657852571
L,0.0,0.0,0.0,0.15945009887218475,0.033301591873168945,-0.10161991384489966,0.3293924182653427,-0.03989535570144653,-0.1462001499222083,0.45748864114284515,-0.12086594104766846,-0.18062807586653662,0.5610060542821884,-0.16951024532318115,-0.21636268463595343,0.26784561574459076,-0.25531286001205444,-0.084806330172853,0.2975606173276901,-0.4301145672798157,-0.14464808967574072,0.29500649869441986,-0.5550441443920135,-0.1816998567865653,0.2876899689435959,-0.653057873249054,-0.20846146312220526,0.17173568904399872,-0.2779808044433594,-0.06623130258782339,0.17081503570079803,-0.37496769428253174,-0.17961098220808935,0.13067610561847687,-0.2558977007865906,-0.2099097516821189,0.1071285754442215,-0.1501266360282898,-0.20025725629790259,0.07480783760547638,-0.2786600589752197,-0.057685307829217436,0.07331667840480804,-0.35086989402770996,-0.17168207433684302,0.041814014315605164,-0.22173601388931274,-0.16157145765288305,0.027468785643577576,-0.12718647718429565,-0.12046138909323645,-0.023511841893196106,-0.26337480545043945,-0.05620864000781012,-0.016046181321144104,-0.33139926195144653,-0.14094936814768744,-0.03189508616924286,-0.2250075340270996,-0.13150504198534918,-0.03492693603038788,-0.14272695779800415,-0.10018005934222174
L,0.0,0.0,0.0,0.15799039602279663,0.03485018014907837,-0.09441106280114298,0.33111369609832764,-0.037402570247650146,-0.13481305798318033,0.46094632148742676,-0.11598330736160278,-0.16585065683152322,0.5609901547431946,-0.16590416431427002,-0.19782033821370248,0.26522013545036316,-0.24619102478027344,-0.07784109076287393,0.29237473011016846,-0.4219514727592468,-0.13583673795487528,0.2925981283187866,-0.5448695123195648,-0.1718384351375306,0.28774672746658325,-0.6391047537326813,-0.19799530764844064,0.1680123209953308,-0.2661703824996948,-0.06160075103666429,0.16786321997642517,-0.36078310012817383,-0.17206096907879953,0.12816202640533447,-0.23616695404052734,-0.2013983603360856,0.10541045665740967,-0.13148868083953857,-0.19234501084115152,0.07131350040435791,-0.2644230127334595,-0.054938691461345,0.07064396142959595,-0.3367553949356079,-0.16689890881802683,0.041197627782821655,-0.20523470640182495,-0.15591952463414316,0.0288650244474411,-0.11214685440063477,-0.11562523504521494,-0.0279034823179245,-0.2498672604560852,-0.05463317295338754,-0.017911270260810852,-0.31616663932800293,-0.1394394662025178,-0.03226324915885925,-0.20975816249847412,-0.13072464128758554,-0.03362998366355896,-0.13124388456344604,-0.10097984483267908
L,0.0,0.0,0.0,0.16339848935604095,0.030544638633728027,-0.10335957828861808,0.33219827711582184,-0.05353313684463501,-0.1487857011328373,0.4570985585451126,-0.1373184323310852,-0.18506642255884742,0.5578887015581131,-0.18535900115966797,-0.22420788381201362,0.26783977448940277,-0.26785486936569214,-0.08834687445265388,0.29380421340465546,-0.4515228271484375,-0.1475269553433094,0.29180990159511566,-0.5732129216194153,-0.18459800455671882,0.28835703432559967,-0.6722213923931122,-0.21175441715818977,0.17236842215061188,-0.29162663221359253,-0.06938490096432304,0.168772354722023,-0.3870368003845215,-0.1835299638281498,0.12322552502155304,-0.2629343271255493,-0.21585284743410682,0.0986746996641159,-0.1543048620223999,-0.20821123395067787,0.0745764821767807,-0.29131370782852173,-0.05992540914517974,0.06754039227962494,-0.3708578944206238,-0.1779910233984623,0.03294776380062103,-0.2360004186630249,-0.169845497346941,0.017291590571403503,-0.13285696506500244,-0.12924068245989417,-0.021668583154678345,-0.273303747177124,-0.057062493748489374,-0.026320531964302063,-0.34795117378234863,-0.14601187977892494,-0.03945879638195038,-0.23788535594940186,-0.13582361314398383,-0.04011461138725281,-0.1481165885925293,-0.10300066892010307
L,0.0,0.0,0.0,0.16030368208885193,0.04331749677658081,-0.10587101729696258,0.3351190686225891,-0.03286641836166382,-0.15136181863134368,0.4647364616394043,-0.11684364080429077,-0.1858747557002829,0.5654996037483215,-0.16188544034957886,-0.22210013421361907,0.2701610326766968,-0.245733380317688,-0.08817009182756408,0.2952369749546051,-0.42118358612060547,-0.14891086073701842,0.28767991065979004,-0.550387978553772,-0.18733512910192474,0.27577444911003113,-0.6483089923858643,-0.21560984404867156,0.17172804474830627,-0.26782888174057007,-0.06711045952623351,0.17354434728622437,-0.36456406116485596,-0.18490074129884704,0.13055890798568726,-0.24191784858703613,-0.21779596360509856,0.10235697031021118,-0.13169056177139282,-0.20900772066896423,0.07433450222015381,-0.2690279483795166,-0.056145197917871315,0.07593458890914917,-0.34635722637176514,-0.17524414809530242,0.0442330539226532,-0.21261638402938843,-0.16722698064630492,0.02698276937007904,-0.1102178692817688,-0.12626596840208038,-0.024047136306762695,-0.25582027435302734,-0.0522467374998854,-0.02091260254383087,-0.3201756477355957,-0.1408663645583914,-0.03512653708457947,-0.21500921249389648,-0.13400798590963348,-0.03785175085067749,-0.13258421421051025,-0.10421846361940368
L,0.0,0.0,0.0,0.13641276955604553,0.0564839243888855,-0.11136308572195475,0.29999974370002747,-0.00868910551071167,-0.16473713776968424,0.42723485827445984,-0.08701109886169434,-0.20451142153643076,0.5328051149845123,-0.1316041350364685,-0.24430616459749643,0.23439303040504456,-0.2216305136680603,-0.11803029737375681,0.2554928958415985,-0.40613576769828796,-0.19625985882185404,0.25248482823371887,-0.5301257967948914,-0.2459021385660023,0.24151065945625305,-0.6226992905139923,-0.28130865356825296,0.12848934531211853,-0.24461859464645386,-0.09907061121366922,0.1351839005947113,-0.3306044936180115,-0.23035253844164316,0.09278616309165955,-0.19546037912368774,-0.26670769116781656,0.06390711665153503,-0.08565348386764526,-0.26216689011953775,0.03264327347278595,-0.24230486154556274,-0.09043348840378229,0.03938823938369751,-0.30730676651000977,-0.22029190025232737,0.005915582180023193,-0.16988134384155273,-0.21221721432112162,-0.008882194757461548,-0.07042783498764038,-0.17271816990278666,-0.055158764123916626,-0.22732609510421753,-0.0890093099226803,-0.05444684624671936,-0.2821556329727173,-0.18774248919390146,-0.07387325167655945,-0.1750827431678772,-0.18365139028929178,-0.07696399092674255,-0.09595078229904175,-0.1564878102292866
L,0.0,0.0,0.0,0.15594638884067535,0.03325372934341431,-0.1060523207667643,0.30437465012073517,-0.028441965579986572,-0.1584671925190264,0.4281958192586899,-0.10059535503387451,-0.20156585084231438,0.5172254890203476,-0.15213817358016968,-0.24666819380553306,0.24909542500972748,-0.24570578336715698,-0.10071207987101616,0.2712114602327347,-0.43051207065582275,-0.16610259221823753,0.26848484575748444,-0.5565295219421387,-0.20621258424552025,0.25975753366947174,-0.6532884538173676,-0.23376603828700127,0.14791913330554962,-0.26703137159347534,-0.08191036837132515,0.152323916554451,-0.36267954111099243,-0.19996349917681755,0.11076788604259491,-0.2389284372329712,-0.2324628870371157,0.08477224409580231,-0.12824392318725586,-0.22413145409853996,0.04936040937900543,-0.26519525051116943,-0.07284049348862709,0.048909395933151245,-0.34541642665863037,-0.19500638948710503,0.019458681344985962,-0.213173508644104,-0.1896729062679583,0.004228532314300537,-0.10914051532745361,-0.15022544966967644,-0.04388563334941864,-0.24744319915771484,-0.07029336349995674,-0.0489504337310791,-0.31965434551239014,-0.16006693648131431,-0.059045419096946716,-0.21989113092422485,-0.1513389240387255,-0.05880752205848694,-0.1365073323249817,-0.11981522696049751
L,0.0,0.0,0.0,0.16199591755867004,0.029508233070373535,-0.10520999771762263,0.3192591071128845,-0.04136162996292114,-0.15409449381041895,0.44853174686431885,-0.11770457029342651,-0.194397917811159,0.5448028445243835,-0.16742825508117676,-0.2367422644536532,0.2636624574661255,-0.25799864530563354,-0.0882272858660258,0.2823892831802368,-0.4375492036342621,-0.15372035545516383,0.27725929021835327,-0.5646035075187683,-0.1966784958283938,0.26611578464508057,-0.6628147065639496,-0.2266610328595675,0.16324251890182495,-0.2779187560081482,-0.07112150532412898,0.16480863094329834,-0.3731674551963806,-0.19162147385287653,0.12550604343414307,-0.24782031774520874,-0.22948484760928523,0.10137045383453369,-0.13720977306365967,-0.22389576477218043,0.06153544783592224,-0.27673423290252686,-0.06433581453967463,0.06448054313659668,-0.35610252618789673,-0.1884728882949389,0.03473730385303497,-0.22026538848876953,-0.18435140592265498,0.018822163343429565,-0.11544430255889893,-0.14422861379790675,-0.03692501783370972,-0.2607594132423401,-0.06432465356994044,-0.036768704652786255,-0.3344919681549072,-0.15385877234149348,-0.04509377479553223,-0.23223459720611572,-0.14412470800090205,-0.04426753520965576,-0.14848464727401733,-0.11107692015576731
L,0.0,0.0,0.0,0.15267470479011536,0.03985929489135742,-0.10529362369581463,0.3203336298465729,-0.03438460826873779,-0.15208967734380963,0.44676336646080017,-0.12037426233291626,-0.18760507513090374,0.543897420167923,-0.17080384492874146,-0.2250153939823747,0.2554802894592285,-0.24261218309402466,-0.09547702927395108,0.2748599946498871,-0.42629361152648926,-0.16189467121168377,0.27011430263519287,-0.555457592010498,-0.20611151267095806,0.26166868209838867,-0.6525228023529053,-0.23811089206739666,0.1507870852947235,-0.26361286640167236,-0.07649853784843685,0.15818363428115845,-0.3679901361465454,-0.20130089629694226,0.11568495631217957,-0.24060219526290894,-0.23970551003023388,0.08602006733417511,-0.12594914436340332,-0.23434149433180096,0.051551416516304016,-0.26564526557922363,-0.06700288463636639,0.055820122361183167,-0.3524082899093628,-0.19197172630831005,0.02408517897129059,-0.2147642970085144,-0.1858315091232896,0.006435364484786987,-0.10864531993865967,-0.1454122136931062,-0.04651406407356262,-0.2556037902832031,-0.06411907781168225,-0.04406219720840454,-0.32758772373199463,-0.1555319349865556,-0.05733531713485718,-0.22114700078964233,-0.14732816029592755,-0.059126436710357666,-0.13737666606903076,-0.11619854677721264
L,0.0,0.0,0.0,0.1519043743610382,-0.006473660469055176,-0.08422907850956562,0.3067363202571869,-0.06237924098968506,-0.117803324379679,0.43519696593284607,-0.12902629375457764,-0.14564150980925206,0.5360353887081146,-0.16418156027793884,-0.17302592507815007,0.2671583592891693,-0.2682954967021942,-0.03841748497700337,0.2977161109447479,-0.41702795028686523,-0.08747118375515583,0.2946528494358063,-0.5130739510059357,-0.12402789703821782,0.2886482775211334,-0.5889394879341125,-0.1495486538789237,0.17608642578125,-0.29260364174842834,-0.023058195032831463,0.16365763545036316,-0.3823305666446686,-0.11953195593571309,0.1242617666721344,-0.2685204744338989,-0.1529714059016669,0.10577815771102905,-0.17418968677520752,-0.14916676691984776,0.08246377110481262,-0.2934219539165497,-0.018075615533348355,0.0697467029094696,-0.36842747032642365,-0.11946204713797215,0.04244551062583923,-0.24193406105041504,-0.11423249206757191,0.03308147192001343,-0.1533380150794983,-0.07911634854292515,-0.012683957815170288,-0.27874594926834106,-0.01916123031890038,-0.013979360461235046,-0.34666550159454346,-0.09347980133509282,-0.027076691389083862,-0.2486099898815155,-0.08493774793362263,-0.02468794584274292,-0.17458748817443848,-0.05624640024518612
L,0.0,0.0,0.0,0.15801888704299927,0.037400007247924805,-0.11217285038462421,0.3295247554779053,-0.039018332958221436,-0.1620441535257413,0.457165390253067,-0.1255284547805786,-0.19972714872589847,0.5578241646289825,-0.1772809624671936,-0.2393653103851392,0.2624289095401764,-0.2572827935218811,-0.10267575175991794,0.2865353226661682,-0.43726176023483276,-0.16715204806557438,0.2789868116378784,-0.564128190279007,-0.20581333430043003,0.26740363240242004,-0.6609120070934296,-0.23328252227535984,0.1569111943244934,-0.2785986065864563,-0.08004539550772449,0.1572953164577484,-0.3757665157318115,-0.20265680642357609,0.11408087611198425,-0.245316743850708,-0.23443521650067112,0.08694808185100555,-0.13235485553741455,-0.2239667335294797,0.05585174262523651,-0.2793935537338257,-0.06780868859520695,0.05614951252937317,-0.3580288887023926,-0.19167153628102085,0.024044319987297058,-0.21659117937088013,-0.18251845331421634,0.0067978352308273315,-0.1144370436668396,-0.1398099073909833,-0.04470467567443848,-0.26789820194244385,-0.06292281390658161,-0.04399481415748596,-0.3325355648994446,-0.15465857179394504,-0.05779591202735901,-0.22259604930877686,-0.14690943153134128,-0.059541016817092896,-0.14072966575622559,-0.11577618212929508
L,0.0,0.0,0.0,0.16226065158843994,0.0232546329498291,-0.1060357494467894,0.3280201852321625,-0.05627882480621338,-0.15235253704730667,0.4578297436237335,-0.14020377397537231,-0.18947404159251846,0.5590547621250153,-0.18574607372283936,-0.22849642766658462,0.2575736939907074,-0.27221930027008057,-0.08740856034700073,0.28091785311698914,-0.4545125365257263,-0.15153748823348678,0.27286332845687866,-0.5816795527935028,-0.19209582639877,0.2596988379955292,-0.6800866723060608,-0.22048115266505874,0.15413928031921387,-0.2917255759239197,-0.06798216236774124,0.15230584144592285,-0.38945698738098145,-0.19049497975055374,0.11220294237136841,-0.262900710105896,-0.22649840546790756,0.08626547455787659,-0.14931273460388184,-0.21838382912818588,0.05201123654842377,-0.2911980152130127,-0.05906996039692558,0.051123395562171936,-0.36933815479278564,-0.18289336098376907,0.02251969277858734,-0.2299727201461792,-0.17677852047626175,0.007119327783584595,-0.12670516967773438,-0.13479578031245865,-0.051723986864089966,-0.27864378690719604,-0.057278710436264646,-0.04612287878990173,-0.3494511842727661,-0.1466170950049559,-0.05732432007789612,-0.24103069305419922,-0.13758891357127823,-0.05887410044670105,-0.1564212441444397,-0.1048690332287947
L,0.0,0.0,0.0,0.16508077085018158,0.02088010311126709,-0.11074244971206326,0.3326076716184616,-0.05779951810836792,-0.15877185757091183,0.45980875194072723,-0.14224612712860107,-0.1960631906502499,0.5604349821805954,-0.19062358140945435,-0.2348687350266232,0.256515309214592,-0.27388590574264526,-0.09224673355748791,0.279278889298439,-0.4558763802051544,-0.15563172097137112,0.271624818444252,-0.5806461274623871,-0.19541476662089963,0.2582428306341171,-0.6774787604808807,-0.22344388062884946,0.15211428701877594,-0.2929028272628784,-0.07115655387570996,0.15431053936481476,-0.39373135566711426,-0.1942769884579434,0.11403153836727142,-0.26713311672210693,-0.2307049929611935,0.08501695096492767,-0.15208113193511963,-0.22297336156299252,0.047903433442115784,-0.29051220417022705,-0.06080456445744176,0.05043783783912659,-0.37006455659866333,-0.18606938416888852,0.02132907509803772,-0.23137331008911133,-0.1811619400494351,0.003276422619819641,-0.12847775220870972,-0.14017471666267056,-0.056707099080085754,-0.2769884467124939,-0.05781658734014172,-0.05142788589000702,-0.3450881838798523,-0.14868849511077542,-0.061285123229026794,-0.23885852098464966,-0.14109492297103543,-0.06328342854976654,-0.1556997299194336,-0.1097350343578114
L,0.0,0.0,0.0,0.16135336458683014,0.01621413230895996,-0.11160432145348409,0.32845263183116913,-0.06217753887176514,-0.1634090800618253,0.45880137383937836,-0.1511741280555725,-0.20451014832011083,0.5628174394369125,-0.20772016048431396,-0.2463377226924024,0.25046689808368683,-0.28056561946868896,-0.09328887209645131,0.26866085827350616,-0.4627152681350708,-0.15844332769862035,0.2609046548604965,-0.5925001204013824,-0.19758332863798955,0.25018979609012604,-0.6905441582202911,-0.2242613692616544,0.14748500287532806,-0.2994611859321594,-0.07081885233870366,0.14301945269107819,-0.3946576416492462,-0.19044030800810674,0.10587982833385468,-0.2659270167350769,-0.22032491460791448,0.08711396157741547,-0.15712016820907593,-0.2084549476241193,0.04572907090187073,-0.2956308126449585,-0.05978628963580945,0.04092109203338623,-0.3701934814453125,-0.18019577458849767,0.015722200274467468,-0.23250305652618408,-0.1698754538630567,0.00680580735206604,-0.1338580846786499,-0.126546512994679,-0.059582844376564026,-0.27987176179885864,-0.05653345555415967,-0.05019040405750275,-0.34975582361221313,-0.14436457649222234,-0.05857039988040924,-0.2396826148033142,-0.13530571356764654,-0.055631592869758606,-0.15623211860656738,-0.10330880776396612
L,0.0,0.0,0.0,0.163926362991333,0.025269627571105957,-0.10512388978554554,0.329460084438324,-0.05978882312774658,-0.15039991323305912,0.4526691436767578,-0.15317893028259277,-0.1847814071591074,0.5498975515365601,-0.20772165060043335,-0.22116712216688938,0.2400464415550232,-0.2714815139770508,-0.09119979773117848,0.2558083236217499,-0.4565172791481018,-0.1552657980139429,0.24580681324005127,-0.5858121812343597,-0.1968743998224909,0.23270341753959656,-0.6854606568813324,-0.22677809480978794,0.1359444558620453,-0.28852730989456177,-0.07189521674467869,0.13727113604545593,-0.389689564704895,-0.1950479346926386,0.10136798024177551,-0.25812840461730957,-0.23063226525141545,0.07758311927318573,-0.14076203107833862,-0.22270463888003178,0.034498125314712524,-0.2848309278488159,-0.06255140636517353,0.03714844584465027,-0.3660696744918823,-0.18623652045084782,0.011533990502357483,-0.22390210628509521,-0.17789625112368412,-0.0028130263090133667,-0.1182965636253357,-0.13549106304003544,-0.06742289662361145,-0.26989656686782837,-0.06010156233264752,-0.0632651150226593,-0.3407854437828064,-0.15035084370924778,-0.07105663418769836,-0.2318861484527588,-0.1408387470657999,-0.0698884129524231,-0.14843088388442993,-0.10853241119934864
L,0.0,0.0,0.0,0.1620759516954422,0.0006679296493530273,-0.10526206974004992,0.3260434716939926,-0.08494585752487183,-0.15124805901264438,0.44841115176677704,-0.17528748512268066,-0.18766156468605288,0.5467258542776108,-0.23312979936599731,-0.22500797245716342,0.22963784635066986,-0.3019382953643799,-0.08790122602199801,0.2450094372034073,-0.48617905378341675,-0.15042725835060367,0.23404808342456818,-0.61199951171875,-0.19025752577995547,0.21698446571826935,-0.7116928994655609,-0.2178961995623041,0.1285778135061264,-0.3150119185447693,-0.06867723796581515,0.12577636539936066,-0.4117823839187622,-0.18540536496853122,0.09696643054485321,-0.2847164273262024,-0.21768877539848575,0.07816125452518463,-0.17392754554748535,-0.20870012674545535,0.027467921376228333,-0.3066643476486206,-0.059902942516558255,0.021939590573310852,-0.3839210271835327,-0.17790020141815432,0.004800647497177124,-0.2473996877670288,-0.1682557228586603,-0.0009948015213012695,-0.14813131093978882,-0.1256914499781061,-0.07421623170375824,-0.28527456521987915,-0.058619729020350064,-0.06960053741931915,-0.35954397916793823,-0.14365094039654025,-0.06978864967823029,-0.2544299364089966,-0.1319894704601694,-0.06509228050708771,-0.17063069343566895,-0.0981929439685274
L,0.0,0.0,0.0,0.16197462379932404,-0.002262592315673828,-0.10400797109458892,0.32604314386844635,-0.08985984325408936,-0.14890499840829818,0.4487180858850479,-0.1830822229385376,-0.18465929161165207,0.5467837005853653,-0.2438734769821167,-0.22064555119131057,0.23028765618801117,-0.30522990226745605,-0.0815563095674321,0.24158193171024323,-0.49169185757637024,-0.14425766895864456,0.2283409684896469,-0.6163167953491211,-0.18489768038843124,0.21058644354343414,-0.7157934308052063,-0.2132960600719258,0.12880082428455353,-0.3184633255004883,-0.06264321933839767,0.1250656098127365,-0.4172457456588745,-0.18173538576219528,0.0979079157114029,-0.2883169651031494,-0.21647799442861526,0.08120591938495636,-0.17658090591430664,-0.20821555386636703,0.02782505750656128,-0.3102942109107971,-0.05425914059732406,0.02129039168357849,-0.38842231035232544,-0.17442676852796524,0.004943639039993286,-0.24860304594039917,-0.16557178329084365,0.0006347894668579102,-0.14714205265045166,-0.1225263742670819,-0.0736989825963974,-0.28891390562057495,-0.05324811916206329,-0.06960467994213104,-0.36027276515960693,-0.1401156378850743,-0.07135660946369171,-0.2507423758506775,-0.12904921601865738,-0.06532473862171173,-0.1657480001449585,-0.09491551350210159
L,0.0,0.0,0.0,0.16875606775283813,0.0066642165184021,-0.09867668052638123,0.33564069867134094,-0.08528947830200195,-0.14054974069321702,0.46167001128196716,-0.18059855699539185,-0.1735092317076976,0.563152939081192,-0.23583751916885376,-0.20811929454529832,0.23738232254981995,-0.2983188033103943,-0.07712318649018357,0.2488984763622284,-0.4828963279724121,-0.13556926598275254,0.2373410165309906,-0.6093983948230743,-0.17317604174340318,0.2220788598060608,-0.7093069851398468,-0.20071717252457688,0.13265803456306458,-0.31129175424575806,-0.06123687600219796,0.1315615475177765,-0.41344374418258667,-0.17623580147946427,0.10470423102378845,-0.28261107206344604,-0.20794459333146165,0.08865657448768616,-0.17053037881851196,-0.19854205002511094,0.028242558240890503,-0.29989010095596313,-0.05531363090003083,0.03143773972988129,-0.37976884841918945,-0.1722303991528804,0.01565566658973694,-0.23687392473220825,-0.16021539916718552,0.009235978126525879,-0.13694632053375244,-0.11644830455506394,-0.07891932129859924,-0.27448564767837524,-0.05618053202951501,-0.0693008303642273,-0.34815019369125366,-0.1410658871146495,-0.0678384006023407,-0.2379334568977356,-0.12818034639084885,-0.06065124273300171,-0.15624552965164185,-0.09399584581578324
L,0.0,0.0,0.0,0.16075094044208527,0.010733485221862793,-0.1056021127692901,0.3289797455072403,-0.07628512382507324,-0.15324672049204935,0.45180846750736237,-0.17212629318237305,-0.1904404807678901,0.5545375496149063,-0.2368767261505127,-0.22815236931960214,0.23781205713748932,-0.2918204665184021,-0.09200782811562647,0.24856407940387726,-0.47365862131118774,-0.15689041203181375,0.23343200981616974,-0.5996887683868408,-0.1962707836024009,0.2172812968492508,-0.6956760883331299,-0.22367737179915537,0.13317649066448212,-0.30559706687927246,-0.07410728669087518,0.1326248198747635,-0.4059463143348694,-0.19679433590094675,0.10452194511890411,-0.2744106650352478,-0.23027398174922098,0.08852161467075348,-0.1608271598815918,-0.22039224690119852,0.03165896236896515,-0.29800689220428467,-0.06648549920241464,0.030089274048805237,-0.3757738471031189,-0.19100158399264444,0.014260098338127136,-0.23342180252075195,-0.18173900729338754,0.010645836591720581,-0.1317235827445984,-0.13821025675456156,-0.07222358882427216,-0.2794792652130127,-0.06583162879864801,-0.06295286118984222,-0.3462899923324585,-0.15957217401187052,-0.06319035589694977,-0.23106873035430908,-0.15238109713713754,-0.05701686441898346,-0.14547967910766602,-0.12063730990807642
L,0.0,0.0,0.0,0.1647929847240448,0.007291674613952637,-0.10108581041939146,0.330049067735672,-0.06997418403625488,-0.14801438009388335,0.4528954327106476,-0.16319674253463745,-0.1858017728293646,0.5496681034564972,-0.22536557912826538,-0.22390921270496733,0.2344980537891388,-0.28283149003982544,-0.0831602722967375,0.24488434195518494,-0.4659687876701355,-0.14517849540359862,0.23263582587242126,-0.5929746925830841,-0.18294006442673094,0.2167414128780365,-0.6889754831790924,-0.20878672456390746,0.13041752576828003,-0.29443323612213135,-0.06518213307506926,0.1276072859764099,-0.39142516255378723,-0.18030278241283781,0.10379919409751892,-0.2593230605125427,-0.21015153681881316,0.09202030301094055,-0.1475132703781128,-0.19936677670128233,0.030782237648963928,-0.28418266773223877,-0.057621075269054245,0.03154997527599335,-0.3602091670036316,-0.17401298737175352,0.017031148076057434,-0.22052127122879028,-0.16328632688171751,0.01228402554988861,-0.11948812007904053,-0.12075486635811217,-0.07125154137611389,-0.2627987861633301,-0.0571309723520983,-0.058811962604522705,-0.33359426259994507,-0.14182793950683958,-0.05990561842918396,-0.22372597455978394,-0.13168144082672484,-0.05525253713130951,-0.13885176181793213,-0.09979303782827742
L,0.0,0.0,0.0,0.15503989160060883,-0.015880882740020752,-0.08764568702038078,0.3075069338083267,-0.07113957405090332,-0.12194973216112404,0.4369749575853348,-0.13842016458511353,-0.15014677480514793,0.5368788987398148,-0.1733512580394745,-0.17832266525085716,0.26527346670627594,-0.27732160687446594,-0.03507845089491157,0.29652465879917145,-0.42411552369594574,-0.07863416508491783,0.2981041818857193,-0.520653635263443,-0.11267063752468376,0.297410324215889,-0.6003540754318237,-0.13818406299408226,0.17825745046138763,-0.3020702004432678,-0.018284302062351987,0.16499574482440948,-0.3973524570465088,-0.11254064724500923,0.12192966043949127,-0.28224384784698486,-0.14664084450062065,0.1005946546792984,-0.18801161646842957,-0.14298569396789818,0.08543683588504791,-0.30371007323265076,-0.01193916876520662,0.06992374360561371,-0.37866707146167755,-0.11178506151493339,0.04000382125377655,-0.25433349609375,-0.1086894421344593,0.029097512364387512,-0.16889351606369019,-0.0749987660413578,-0.010492280125617981,-0.29135358333587646,-0.011925553760488317,-0.011537447571754456,-0.36085712909698486,-0.08563868687208442,-0.026801422238349915,-0.2624906301498413,-0.07801697388942985,-0.026165857911109924,-0.18759092688560486,-0.05012972266133575
L,0.0,0.0,0.0,0.16351348161697388,0.012881815433502197,-0.09602160192169151,0.32852476835250854,-0.07332748174667358,-0.13684655166305504,0.4487479329109192,-0.1652945876121521,-0.16967671549953423,0.5423098802566528,-0.2265794277191162,-0.20413481629528007,0.23208165168762207,-0.2818458080291748,-0.07831313646472893,0.2414395809173584,-0.465881884098053,-0.1396215800110241,0.22547486424446106,-0.5948366820812225,-0.17802483773864708,0.20761919021606445,-0.6943163871765137,-0.2048015389505764,0.13220292329788208,-0.29503005743026733,-0.06308768129981956,0.12972843647003174,-0.39389657974243164,-0.18036284483112297,0.10124221444129944,-0.26788461208343506,-0.2128143105570217,0.08541220426559448,-0.15717333555221558,-0.20311933196224174,0.03276345133781433,-0.28644537925720215,-0.05775055102147064,0.026575416326522827,-0.3630090355873108,-0.17695073223747215,0.012057259678840637,-0.2255547046661377,-0.1667938027445217,0.0094757080078125,-0.12514978647232056,-0.12327689862884483,-0.0678449422121048,-0.2637785077095032,-0.05885236523188553,-0.062000572681427,-0.33781689405441284,-0.14473555422462425,-0.06146936118602753,-0.230729877948761,-0.1326691452328106,-0.054585158824920654,-0.14754390716552734,-0.09861800259984932
L,0.0,0.0,0.0,0.1620524823665619,0.012839674949645996,-0.09191350616895022,0.32630616426467896,-0.07427859306335449,-0.13139537699900927,0.45052671432495117,-0.17018944025039673,-0.16351901717864337,0.5456658601760864,-0.2271033525466919,-0.19682905801020922,0.23590412735939026,-0.2869243025779724,-0.07067966439210238,0.24542731046676636,-0.4689302146434784,-0.12915801234923663,0.22996202111244202,-0.5965478122234344,-0.1671808136292583,0.21241533756256104,-0.6942470669746399,-0.19462878235064807,0.13579198718070984,-0.3005743622779846,-0.05529168598734202,0.13255533576011658,-0.39786773920059204,-0.16823043652259173,0.10775798559188843,-0.2669459581375122,-0.19886402018748583,0.09501701593399048,-0.1583530306816101,-0.18946025498591723,0.03571957349777222,-0.292746901512146,-0.049447536248791835,0.031121864914894104,-0.37271374464035034,-0.16507179268084826,0.0171968936920166,-0.2318224310874939,-0.15227500327311816,0.013966664671897888,-0.12969911098480225,-0.10875048466407122,-0.06592868268489838,-0.2706637978553772,-0.04988276563965144,-0.05966326594352722,-0.34261757135391235,-0.1341501546689159,-0.05988198518753052,-0.23160207271575928,-0.12148501702033343,-0.052570149302482605,-0.1486603021621704,-0.0879794431515819
L,0.0,0.0,0.0,0.16898438334465027,0.014039814472198486,-0.0902959214403154,0.3289150893688202,-0.0740777850151062,-0.12750153558988586,0.4498520791530609,-0.16543728113174438,-0.1572727741553308,0.5452381074428558,-0.21917575597763062,-0.18989113288660064,0.23369333148002625,-0.2792257070541382,-0.06567317562837616,0.24738174676895142,-0.45915138721466064,-0.11928849982757583,0.23484596610069275,-0.5890773832798004,-0.15466276126642242,0.21788188815116882,-0.6881937086582184,-0.18088220375318542,0.13455623388290405,-0.2911665439605713,-0.051126710499715955,0.13043642044067383,-0.3959334194660187,-0.1580497505023004,0.10323238372802734,-0.27316927909851074,-0.18837863522310272,0.08833971619606018,-0.16011053323745728,-0.17923608737726227,0.034396544098854065,-0.28092533349990845,-0.04616794678111091,0.03401823341846466,-0.36283180117607117,-0.15579700785417572,0.01674814522266388,-0.22875750064849854,-0.14623116272230163,0.010389059782028198,-0.12840914726257324,-0.10579717474718109,-0.06721091270446777,-0.2560783624649048,-0.047331824327898175,-0.06288072466850281,-0.33816394209861755,-0.12784301059980407,-0.06444469094276428,-0.23550665378570557,-0.1166284562899591,-0.05910275876522064,-0.15489119291305542,-0.08508085774917618
L,0.0,0.0,0.0,0.16551648080348969,0.00914829969406128,-0.09696033245134572,0.3283788412809372,-0.07551181316375732,-0.14122715985584477,0.44912509620189667,-0.16701030731201172,-0.17671798562813024,0.546357735991478,-0.22820192575454712,-0.21452430283832769,0.23340119421482086,-0.2789454460144043,-0.08307423090744237,0.2471121996641159,-0.4607476592063904,-0.14453575408268193,0.23791809380054474,-0.5891996920108795,-0.18436205780315618,0.2250625640153885,-0.6889636218547821,-0.21262745952415685,0.13100863993167877,-0.2932931184768677,-0.06740490740347127,0.1339293271303177,-0.39926597476005554,-0.17894085144806127,0.10586874186992645,-0.27640295028686523,-0.20999256169605474,0.08824501931667328,-0.1655983328819275,-0.2017696092109702,0.02919439971446991,-0.2835732698440552,-0.06128760447907666,0.03481154143810272,-0.36965781450271606,-0.17353105938244084,0.015560328960418701,-0.2329045534133911,-0.16124630367565373,0.007114514708518982,-0.131988525390625,-0.11935720240879277,-0.07616071403026581,-0.26061898469924927,-0.06182963421750287,-0.06465114653110504,-0.3408935070037842,-0.14397013580608586,-0.06496722996234894,-0.2351541519165039,-0.13107121383953313,-0.05948849022388458,-0.15230697393417358,-0.09809409475136022
L,0.0,0.0,0.0,0.16367797553539276,-0.0018437504768371582,-0.09667329828650395,0.3237321525812149,-0.08214867115020752,-0.13984723727614323,0.4479035884141922,-0.17179089784622192,-0.17526424269587437,0.5434392839670181,-0.2321346402168274,-0.21139087121397893,0.2359272986650467,-0.291581928730011,-0.07378324459702412,0.24986694753170013,-0.4734102487564087,-0.13501817326456944,0.23713542520999908,-0.5984364449977875,-0.17553894560248295,0.22104792296886444,-0.6982845067977905,-0.20418955724150578,0.1374623328447342,-0.30540943145751953,-0.05715356733114163,0.13263048231601715,-0.40114647150039673,-0.16980891268164555,0.10582642257213593,-0.271544873714447,-0.20121097903162877,0.09444673359394073,-0.16510260105133057,-0.19294509630114476,0.037084534764289856,-0.29627305269241333,-0.05084335397393147,0.03231664001941681,-0.37627553939819336,-0.16487263481528203,0.014856591820716858,-0.23740947246551514,-0.1519584242573444,0.011850416660308838,-0.13924551010131836,-0.10875059257656972,-0.0654846578836441,-0.2729935050010681,-0.05152188207418362,-0.05869013071060181,-0.34949564933776855,-0.13388659398466984,-0.060796841979026794,-0.24120420217514038,-0.11986472796112935,-0.054114967584609985,-0.15796500444412231,-0.08534661273867528
L,0.0,0.0,0.0,0.17448394000530243,-0.007486283779144287,-0.09705955439758895,0.32690612971782684,-0.089805006980896,-0.13988850915384887,0.449119970202446,-0.1851884126663208,-0.17499717974615692,0.5474868267774582,-0.24579638242721558,-0.21124471628618835,0.23723547160625458,-0.3065798282623291,-0.06496941202831863,0.24986661970615387,-0.48711541295051575,-0.12353957349014877,0.23803798854351044,-0.6125438511371613,-0.16546840870333313,0.2235870510339737,-0.7102956473827362,-0.1954740276331961,0.13476206362247467,-0.31787747144699097,-0.04605013036680816,0.13049502670764923,-0.4155283272266388,-0.15533742213202117,0.10484825074672699,-0.28623175621032715,-0.18858252370310424,0.09372709691524506,-0.17753887176513672,-0.18160633647394775,0.033242955803871155,-0.3038889169692993,-0.0375923020536959,0.03277073800563812,-0.3888987898826599,-0.14769844615412353,0.01598404347896576,-0.24968236684799194,-0.13673660063696502,0.011238813400268555,-0.15004730224609375,-0.09539469981146453,-0.07031108438968658,-0.27656620740890503,-0.03608902820897697,-0.06272076070308685,-0.3565920889377594,-0.11605387085629104,-0.06216643750667572,-0.2504854202270508,-0.10281217747879623,-0.05385272204875946,-0.16975373029708862,-0.06907445841980575
L,0.0,0.0,0.0,0.16544589400291443,-0.002367079257965088,-0.10203613761373731,0.32555562257766724,-0.08260124921798706,-0.15010437789865705,0.44620031118392944,-0.17570602893829346,-0.18969703141161176,0.543136477470398,-0.24167150259017944,-0.2301053595871565,0.23181915283203125,-0.2971518635749817,-0.08403692069956037,0.2454746663570404,-0.4810001850128174,-0.14700712684103223,0.23145267367362976,-0.6052995920181274,-0.18692546013303968,0.21635913848876953,-0.7039250731468201,-0.21469679895349714,0.1331598162651062,-0.3096848726272583,-0.06594604674288007,0.12818509340286255,-0.4056144952774048,-0.18269589963861677,0.10073935985565186,-0.27770739793777466,-0.2144384426207182,0.08986103534698486,-0.16977041959762573,-0.20540214005418989,0.033942222595214844,-0.2983829975128174,-0.05812565285273763,0.02959156036376953,-0.3772784173488617,-0.17485343340345594,0.012835443019866943,-0.23903721570968628,-0.16277359846540662,0.010491609573364258,-0.14088785648345947,-0.11969023618408414,-0.06859230995178223,-0.27486979961395264,-0.05749646622248861,-0.06385278701782227,-0.34803515672683716,-0.1420330596298811,-0.06449311971664429,-0.2389203906059265,-0.12966344181009504,-0.056958720088005066,-0.15557324886322021,-0.09600189748712751
L,0.0,0.0,0.0,0.16747771203517914,-0.011171102523803711,-0.09367230212293975,0.32721514999866486,-0.09956979751586914,-0.13462011193834655,0.44707025587558746,-0.19815057516098022,-0.16910965418421142,0.544312134385109,-0.2589772939682007,-0.20469794845186584,0.2293424755334854,-0.31454700231552124,-0.06602584993444793,0.2403833419084549,-0.4981597661972046,-0.1247020406087529,0.22421489655971527,-0.620026558637619,-0.16375563716493957,0.2052970677614212,-0.719008207321167,-0.19139495169721954,0.13001812994480133,-0.325190007686615,-0.05119956335030906,0.12430144846439362,-0.42444735765457153,-0.1648377296885144,0.0996798425912857,-0.2934023141860962,-0.19799056326948516,0.0882544070482254,-0.1829073429107666,-0.18969085490309112,0.029626622796058655,-0.31154924631118774,-0.046266463156570126,0.024562641978263855,-0.39300039410591125,-0.16109750842653625,0.012461856007575989,-0.25190842151641846,-0.1495930073221814,0.012093141674995422,-0.1513715386390686,-0.1064215270241391,-0.07374495267868042,-0.2832638621330261,-0.0480241966804158,-0.06770233809947968,-0.35893020033836365,-0.13023931955896728,-0.06463174521923065,-0.24944311380386353,-0.11635745739542358,-0.05458974838256836,-0.1657090187072754,-0.08156511610351913
L,0.0,0.0,0.0,0.1618984341621399,-0.006597638130187988,-0.09698875826154563,0.31845200061798096,-0.09546637535095215,-0.14052980970893714,0.4352525472640991,-0.19248032569885254,-0.17640881073032233,0.5277659893035889,-0.2578849792480469,-0.21326263081584784,0.22056472301483154,-0.3076122999191284,-0.07199996542487952,0.22862613201141357,-0.49325650930404663,-0.13107323479209754,0.21255281567573547,-0.6180805861949921,-0.16856479477439734,0.1947271227836609,-0.7167533934116364,-0.19464081358466956,0.12325531244277954,-0.3195918798446655,-0.05540234800730559,0.12138375639915466,-0.41969573497772217,-0.1675800813392243,0.09637448191642761,-0.2894138693809509,-0.19741675090347144,0.08571302890777588,-0.17754900455474854,-0.18626931142364356,0.024502336978912354,-0.3063521981239319,-0.04905753042851302,0.021921813488006592,-0.3836219608783722,-0.16425598990474555,0.008788645267486572,-0.24450159072875977,-0.15290047061000678,0.007055908441543579,-0.14437443017959595,-0.10915532540832373,-0.07746621966362,-0.2784608006477356,-0.04930549320135924,-0.07362693548202515,-0.34966111183166504,-0.13366256486926886,-0.0694735199213028,-0.2398478388786316,-0.12096807193313452,-0.0594453364610672,-0.15540045499801636,-0.08622576128993842
L,0.0,0.0,0.0,0.15943878889083862,0.006227016448974609,-0.10065965490019835,0.3216111361980438,-0.09163212776184082,-0.14799631522572554,0.43509283661842346,-0.19254326820373535,-0.186174610122805,0.526946097612381,-0.25691497325897217,-0.22622188316262282,0.2125389575958252,-0.2986626625061035,-0.09033844755566633,0.21811911463737488,-0.4832082688808441,-0.1554656861869148,0.19962838292121887,-0.6104027330875397,-0.19457522915280379,0.18241256475448608,-0.7092284858226776,-0.22136711464798964,0.11403059959411621,-0.3055879473686218,-0.07411743091023482,0.11206570267677307,-0.4058045744895935,-0.19512487338460005,0.08942040801048279,-0.27318042516708374,-0.22421860085404433,0.08011564612388611,-0.1588958501815796,-0.21082233773148573,0.015628814697265625,-0.290411114692688,-0.06779246167815245,0.01249668002128601,-0.3646947741508484,-0.18938126550591505,0.004122942686080933,-0.2237510085105896,-0.17644623802578963,0.005935698747634888,-0.1232040524482727,-0.1305851577369026,-0.08596257865428925,-0.2631991505622864,-0.06803931431448973,-0.08134882152080536,-0.33124852180480957,-0.15594323860085524,-0.0751648098230362,-0.21814411878585815,-0.14330545948422468,-0.06360523402690887,-0.13428109884262085,-0.10852300511277235
L,0.0,0.0,0.0,0.15553905069828033,-0.009507894515991211,-0.08521236457501757,0.31121452152729034,-0.06339806318283081,-0.11993309833680499,0.44016917049884796,-0.13063037395477295,-0.14967809595738757,0.5420408993959427,-0.16691407561302185,-0.17998473324452746,0.2665059417486191,-0.2722380757331848,-0.0375968811718117,0.3006339818239212,-0.4190899133682251,-0.08590126015817034,0.3021053224802017,-0.515329122543335,-0.12242645748530734,0.30230410397052765,-0.5936369597911835,-0.14881908871804583,0.17847512662410736,-0.2967654764652252,-0.02390730359231341,0.16645868122577667,-0.39136359095573425,-0.12327417709504473,0.12371976673603058,-0.27904340624809265,-0.1589584944454323,0.10302092134952545,-0.18424415588378906,-0.15572088935052264,0.0858854204416275,-0.2979845702648163,-0.020508147558320644,0.07277549803256989,-0.3749120384454727,-0.12409316726600039,0.043532922863960266,-0.25012925267219543,-0.11976671942149508,0.03305813670158386,-0.16218602657318115,-0.08467428364430774,-0.010340109467506409,-0.2846815288066864,-0.023345025038469913,-0.012500271201133728,-0.3527410626411438,-0.0996100602356087,-0.025682196021080017,-0.2547417879104614,-0.0914214325753342,-0.024334266781806946,-0.17940017580986023,-0.06252261974488604
L,0.0,0.0,0.0,0.16311228275299072,0.00042551755905151367,-0.09716178993053859,0.3215161859989166,-0.09997540712356567,-0.13967529455490535,0.43435320258140564,-0.20196270942687988,-0.17268856386013454,0.5256715714931488,-0.26888298988342285,-0.2074229768878979,0.20012301206588745,-0.29652994871139526,-0.0806994713313145,0.1981828212738037,-0.48108530044555664,-0.14341569463081782,0.18159574270248413,-0.6091922521591187,-0.1844488284952206,0.16329020261764526,-0.7077023983001709,-0.21385330478020137,0.09799158573150635,-0.30155593156814575,-0.06487734386988109,0.09758129715919495,-0.4045003056526184,-0.18161920229263728,0.08336320519447327,-0.27355533838272095,-0.21509074190922206,0.07470741868019104,-0.15810102224349976,-0.20697671691246455,-0.0010488927364349365,-0.2819925546646118,-0.05864085773296779,0.0041769444942474365,-0.36353105306625366,-0.1768211475975079,-0.0007332265377044678,-0.22072231769561768,-0.16599529007740443,-0.0009700357913970947,-0.1187397837638855,-0.12327120224304622,-0.10231739282608032,-0.25073784589767456,-0.05872576454945033,-0.09414640069007874,-0.3209179639816284,-0.14667706707783168,-0.0837477445602417,-0.21103817224502563,-0.13653627554245418,-0.06961637735366821,-0.1297295093536377,-0.10433199027843898
L,0.0,0.0,0.0,0.15977373719215393,-0.008674561977386475,-0.0952487595603202,0.3137274384498596,-0.10718321800231934,-0.14459195809814673,0.42747849225997925,-0.20571166276931763,-0.18681874947998267,0.5227385759353638,-0.27336084842681885,-0.23202255444977027,0.2020677924156189,-0.3084380626678467,-0.08554843144867164,0.20022526383399963,-0.48988306522369385,-0.15102210717651587,0.17983251810073853,-0.6177669167518616,-0.19160528557750922,0.15797072649002075,-0.7157684564590454,-0.21909904556724769,0.10245978832244873,-0.31074678897857666,-0.07194405870887977,0.09402292966842651,-0.40851712226867676,-0.18734407501671058,0.08466488122940063,-0.27627694606781006,-0.21543753223869544,0.0836021900177002,-0.1656387448310852,-0.2032896884009574,0.001700758934020996,-0.28977155685424805,-0.06812024193260413,-0.0009606629610061646,-0.37067365646362305,-0.18424823956939917,0.002450019121170044,-0.22797346115112305,-0.17007508950683814,0.009200632572174072,-0.12497472763061523,-0.12494848745319587,-0.10115852952003479,-0.25489336252212524,-0.0707065619752143,-0.09363231062889099,-0.3319634199142456,-0.15488207416984778,-0.0766577273607254,-0.22316497564315796,-0.1412188567445014,-0.0610480010509491,-0.13838928937911987,-0.10645722674581748
L,0.0,0.0,0.0,0.16425234079360962,-0.0007189512252807617,-0.0986225321155132,0.3154892325401306,-0.1026071310043335,-0.1449164613347591,0.42517685890197754,-0.2052028775215149,-0.18265451632552754,0.5185572504997253,-0.26943790912628174,-0.2227420821052135,0.20184370875358582,-0.30717623233795166,-0.0823440714936794,0.20034605264663696,-0.4906359910964966,-0.14613028012328755,0.1794266700744629,-0.6211389601230621,-0.187466488705212,0.1572941541671753,-0.7209080159664154,-0.21616275750213276,0.10170167684555054,-0.308421790599823,-0.06545703999810826,0.09288346767425537,-0.40753886103630066,-0.18267721079402577,0.07920035719871521,-0.2775980234146118,-0.21342346213870655,0.07514333724975586,-0.16501200199127197,-0.20215577028804432,0.0015251338481903076,-0.28933560848236084,-0.05871210761480938,-0.0040263831615448,-0.3667461574077606,-0.17590204022937428,-0.004427462816238403,-0.22683578729629517,-0.1638739570241512,0.0003007650375366211,-0.125410795211792,-0.11940325938277851,-0.09948718547821045,-0.25684183835983276,-0.058713318334156384,-0.09714272618293762,-0.3355793356895447,-0.14262540780120503,-0.08435922861099243,-0.22855544090270996,-0.12942531846576344,-0.0701303482055664,-0.14668244123458862,-0.09485855095201146
L,0.0,0.0,0.0,0.15965652465820312,-0.008575618267059326,-0.09786463351252905,0.3127337396144867,-0.11042213439941406,-0.14180899978879324,0.42328372597694397,-0.20803338289260864,-0.17741407276395194,0.5136250555515289,-0.2734556794166565,-0.21491655529740683,0.19923532009124756,-0.313109815120697,-0.08039443762305609,0.20003467798233032,-0.4950157403945923,-0.14195315362218253,0.1790303885936737,-0.6223615109920502,-0.1807601881146752,0.15815690159797668,-0.7229754328727722,-0.2077847254395806,0.10182496905326843,-0.31726038455963135,-0.06523886145356528,0.09977400302886963,-0.4206301271915436,-0.1797591877103173,0.08241674304008484,-0.2909303307533264,-0.20916522861722342,0.07553902268409729,-0.17541980743408203,-0.1970848870396935,0.0026856958866119385,-0.29791969060897827,-0.06033116401437155,0.0006028711795806885,-0.373587042093277,-0.1781298500418984,-0.0019930899143218994,-0.23562419414520264,-0.16755229057076804,0.002754777669906616,-0.1346094012260437,-0.12345337690118185,-0.09881831705570221,-0.2651572823524475,-0.061905862849982896,-0.09163711965084076,-0.34269261360168457,-0.14701829673055045,-0.07942576706409454,-0.23545897006988525,-0.13422496439221732,-0.0667361468076706,-0.15091276168823242,-0.099640106868776
L,0.0,0.0,0.0,0.1614803671836853,-0.011549532413482666,-0.09484830806113109,0.3163205683231354,-0.11026346683502197,-0.1368397356019102,0.4283813536167145,-0.21168023347854614,-0.17149794409132824,0.5186842978000641,-0.28001248836517334,-0.2075639695868574,0.2028738558292389,-0.31821441650390625,-0.07087605008936748,0.2029646337032318,-0.49954718351364136,-0.129453542922505,0.18197697401046753,-0.6227554678916931,-0.1674801439986311,0.1600894033908844,-0.7196677923202515,-0.1946158141837202,0.10428938269615173,-0.3227649927139282,-0.05570891434408054,0.09908062219619751,-0.4173443913459778,-0.16835503587580547,0.0836050808429718,-0.28514987230300903,-0.19948803195811138,0.07758030295372009,-0.1754952073097229,-0.19011581251479015,0.005146831274032593,-0.30385351181030273,-0.05050128633237705,-0.00027495622634887695,-0.38281768560409546,-0.16653900155878887,-0.0027191340923309326,-0.2414965033531189,-0.15422213384962902,0.00171583890914917,-0.14133453369140625,-0.11039641061879024,-0.09581005573272705,-0.27024292945861816,-0.05181918973184452,-0.09104423224925995,-0.3445075750350952,-0.13720119306898937,-0.07887645065784454,-0.23378241062164307,-0.1245077581152998,-0.06413900852203369,-0.1496167778968811,-0.09006221899844036
L,0.0,0.0,0.0,0.16177013516426086,-0.002400815486907959,-0.09566805399285272,0.31453239917755127,-0.09910929203033447,-0.13967944569216684,0.4259626865386963,-0.19682151079177856,-0.17614711708651498,0.5177750587463379,-0.2586473226547241,-0.21500453240500406,0.2047935128211975,-0.3000258207321167,-0.07686094082222894,0.20764678716659546,-0.482181191444397,-0.1375200439177604,0.18836373090744019,-0.6083662807941437,-0.17727443463431314,0.1668984293937683,-0.7073774337768555,-0.20580680555926278,0.10813695192337036,-0.3055807948112488,-0.061802155145272764,0.10531938076019287,-0.40312859416007996,-0.17494510001765207,0.08947935700416565,-0.27448081970214844,-0.2062834042988868,0.08202767372131348,-0.1648099422454834,-0.19734594113455728,0.00980997085571289,-0.28922975063323975,-0.05660853422509149,0.0073059797286987305,-0.3684854209423065,-0.17155070490466073,0.003055870532989502,-0.22983986139297485,-0.15982481724844888,0.0038863718509674072,-0.12904655933380127,-0.11692896372900918,-0.08985923230648041,-0.2588343024253845,-0.0580227363787742,-0.08550247550010681,-0.33671116828918457,-0.14190025515185312,-0.07585948705673218,-0.23000961542129517,-0.12904488927947,-0.06541648507118225,-0.1463664174079895,-0.09534581638203576
L,0.0,0.0,0.0,0.1558929979801178,-0.001587510108947754,-0.0946974328106478,0.31292250752449036,-0.10003447532653809,-0.1391308030432299,0.4258926808834076,-0.19875794649124146,-0.1751197448319033,0.5183359086513519,-0.2666000723838806,-0.2133778354471758,0.20542946457862854,-0.30009084939956665,-0.08418733834682257,0.2059236466884613,-0.47887158393859863,-0.14553302734552176,0.19056448340415955,-0.6040168702602386,-0.183473544413431,0.17382720112800598,-0.6999348104000092,-0.21007120817361624,0.10436439514160156,-0.304490864276886,-0.06994697659669669,0.10155436396598816,-0.4035254418849945,-0.18331349104104788,0.08743470907211304,-0.27532505989074707,-0.21320359616933615,0.0815277099609375,-0.16588330268859863,-0.20351039081273825,0.004570990800857544,-0.2872554659843445,-0.06507221072374136,0.0069865882396698,-0.3629469573497772,-0.18065467684922965,0.002790898084640503,-0.2255702018737793,-0.16868055074868948,0.0038192272186279297,-0.12752187252044678,-0.12596520989595206,-0.09741833806037903,-0.2580472230911255,-0.06629555880485327,-0.08544501662254333,-0.33295589685440063,-0.15090204983411581,-0.07549300789833069,-0.2244665026664734,-0.13892598658262045,-0.06512990593910217,-0.14245158433914185,-0.1060908979123667
L,0.0,0.0,0.0,0.15713292360305786,0.003276824951171875,-0.08957993978202694,0.31198930740356445,-0.09541082382202148,-0.1300807445639407,0.4237828254699707,-0.19496846199035645,-0.16279138618648403,0.5130367279052734,-0.2614760994911194,-0.19747044140041226,0.1994820237159729,-0.29928821325302124,-0.07546780252397411,0.19914478063583374,-0.47781461477279663,-0.1332666575306689,0.18286824226379395,-0.6020228266716003,-0.1696363537901675,0.1658158004283905,-0.6952411234378815,-0.19519914680660122,0.09976541996002197,-0.30105483531951904,-0.06130795547306889,0.09486982226371765,-0.39713796973228455,-0.17154122883022183,0.08342283964157104,-0.2695538401603699,-0.20141723746002071,0.08050185441970825,-0.16011929512023926,-0.19233824306667202,0.0018728375434875488,-0.28214317560195923,-0.05599607521236294,0.0025705695152282715,-0.35814806818962097,-0.1684001683586871,-0.0004979372024536133,-0.22174417972564697,-0.15691483014762753,0.0016896724700927734,-0.12432527542114258,-0.11543343955219143,-0.09901970624923706,-0.2523675560951233,-0.05640388646662586,-0.08891063928604126,-0.32589274644851685,-0.13921435171306484,-0.07810436189174652,-0.21783268451690674,-0.12804329389274471,-0.06597381830215454,-0.1371593475341797,-0.09629814320743435
L,0.0,0.0,0.0,0.16139385104179382,0.005877792835235596,-0.09312801183986608,0.3212009072303772,-0.08834201097488403,-0.1330643531851763,0.4309285879135132,-0.18723928928375244,-0.16443022461461965,0.5178236365318298,-0.25444912910461426,-0.1972650525145525,0.20759516954421997,-0.28625231981277466,-0.0754536625914568,0.2083938717842102,-0.46472933888435364,-0.13529900582361165,0.19282856583595276,-0.588598906993866,-0.17328294487523976,0.17691853642463684,-0.6823183596134186,-0.20004857452440206,0.10752555727958679,-0.29252201318740845,-0.06089952709007207,0.10806956887245178,-0.3898738920688629,-0.17573311300802175,0.08978691697120667,-0.26540130376815796,-0.20899074645566884,0.07960206270217896,-0.15362465381622314,-0.20091370614099446,0.010360360145568848,-0.27755117416381836,-0.05582086117792073,0.015525281429290771,-0.349365770816803,-0.17277824254560414,0.005264222621917725,-0.21404093503952026,-0.16466168435144368,0.0023575127124786377,-0.11588907241821289,-0.12405781568813268,-0.08957195281982422,-0.25214332342147827,-0.056705673503159915,-0.07751718163490295,-0.31780725717544556,-0.1435546067528719,-0.07376155257225037,-0.20886772871017456,-0.13540051253366414,-0.06516304612159729,-0.12722021341323853,-0.10499171288537923
L,0.0,0.0,0.0,0.16095924377441406,-0.016847312450408936,-0.08939707102939565,0.3154643774032593,-0.10453826189041138,-0.13044484528467137,0.4300021529197693,-0.20229357481002808,-0.16323401602670629,0.5188542604446411,-0.27187275886535645,-0.19640909704133946,0.2058459222316742,-0.306705117225647,-0.07420317652389485,0.21050918102264404,-0.48982447385787964,-0.12735340567991216,0.19714123010635376,-0.6068184673786163,-0.1626749542610355,0.180739164352417,-0.6986908316612244,-0.18853034647867162,0.10685467720031738,-0.31110650300979614,-0.05948841395542104,0.10376447439193726,-0.41029950976371765,-0.15920332642957646,0.09427544474601746,-0.2843368649482727,-0.18737863572999913,0.09129145741462708,-0.18105626106262207,-0.18171905549928624,0.0094146728515625,-0.2930028438568115,-0.053376866604537554,0.012316346168518066,-0.3755735456943512,-0.15458968850538213,0.009196937084197998,-0.24006378650665283,-0.1413778421537586,0.009614348411560059,-0.14597749710083008,-0.10371630462572057,-0.0905444324016571,-0.2637251615524292,-0.05361712175175626,-0.07796087861061096,-0.3392460346221924,-0.12944844933912236,-0.06705786287784576,-0.23377996683120728,-0.11656420501634557,-0.056950509548187256,-0.15346217155456543,-0.08626812520191152
L,0.0,0.0,0.0,0.157191663980484,-0.009154200553894043,-0.08911594048253857,0.3097108006477356,-0.066578209400177,-0.12515743866674267,0.44088417291641235,-0.13544633984565735,-0.15483751192800366,0.541366696357727,-0.1700035035610199,-0.1840153564523872,0.2693496346473694,-0.2762516140937805,-0.043224707693975795,0.3040424585342407,-0.42306679487228394,-0.09417949661723934,0.3012738823890686,-0.5171922743320465,-0.13118100956193768,0.2931375503540039,-0.5951218903064728,-0.15717362657300793,0.1805550754070282,-0.3037528097629547,-0.026438007579367984,0.17237496376037598,-0.3959008902311325,-0.1281042774032768,0.12762969732284546,-0.2793484330177307,-0.1622873325657066,0.10420370101928711,-0.18375429511070251,-0.15744458928815686,0.0866783857345581,-0.30567118525505066,-0.02018774904422127,0.07560485601425171,-0.3825158476829529,-0.12488169267885052,0.04330122470855713,-0.2539527118206024,-0.11859479591361843,0.029394090175628662,-0.1640719473361969,-0.08161180511228405,-0.011447355151176453,-0.29143619537353516,-0.020391410664838183,-0.013263702392578125,-0.3580605387687683,-0.09633445039502941,-0.027884989976882935,-0.25726601481437683,-0.08703105941526257,-0.02666202187538147,-0.18165400624275208,-0.05729593381397091
L,0.0,0.0,0.0,0.1576347053050995,-0.01861518621444702,-0.0871383238110468,0.3121647834777832,-0.10756552219390869,-0.1260162654790804,0.4274907112121582,-0.2029733657836914,-0.15692482027148458,0.5175105929374695,-0.2688465118408203,-0.18823639186953756,0.2106952667236328,-0.31462395191192627,-0.0726696092162058,0.2199297547340393,-0.491817831993103,-0.12848880025481435,0.20556437969207764,-0.6081995666027069,-0.1649511221322939,0.18895551562309265,-0.7022111117839813,-0.19108930858706685,0.11301255226135254,-0.3227144479751587,-0.058997000334017,0.10843980312347412,-0.418865442276001,-0.16180575522517415,0.09562122821807861,-0.2884657382965088,-0.18867546948527547,0.09369152784347534,-0.18544894456863403,-0.18030959996318074,0.01740318536758423,-0.30558913946151733,-0.053924246457569325,0.01864379644393921,-0.38367095589637756,-0.15854615601634237,0.013309240341186523,-0.2461313009262085,-0.14307495090102407,0.013648271560668945,-0.15407812595367432,-0.1020403641734049,-0.08124347031116486,-0.2760029435157776,-0.054876166162245,-0.07124024629592896,-0.3460022509098053,-0.13370942207907888,-0.06240837275981903,-0.23629719018936157,-0.1196787718210146,-0.05176341533660889,-0.15880107879638672,-0.08702298137282583
L,0.0,0.0,0.0,0.1674571931362152,-0.05059230327606201,-0.08849207507104495,0.309781014919281,-0.12904995679855347,-0.12565091447562793,0.42824798822402954,-0.22988826036453247,-0.15096765951842883,0.5190337300300598,-0.29847753047943115,-0.17225320832461932,0.21153199672698975,-0.3417013883590698,-0.0565805044922314,0.21974939107894897,-0.5176018476486206,-0.10048685418099979,0.20984846353530884,-0.6246930062770844,-0.13785313265056232,0.19419240951538086,-0.7156598269939423,-0.16764307217330554,0.11731204390525818,-0.3480052947998047,-0.03415986345738986,0.10872820019721985,-0.4376978874206543,-0.114135915503212,0.10165843367576599,-0.3054749369621277,-0.13716636793346026,0.10152974724769592,-0.21443545818328857,-0.13558209137649158,0.019589483737945557,-0.3295469880104065,-0.02085018353194812,0.018297016620635986,-0.41380274295806885,-0.1040062774869881,0.01882714033126831,-0.27694886922836304,-0.08539885477752307,0.023216724395751953,-0.19119048118591309,-0.05221748174757579,-0.07552856206893921,-0.29587095975875854,-0.014392891988464385,-0.07016374170780182,-0.36814916133880615,-0.07938190744847873,-0.056210726499557495,-0.26267629861831665,-0.06400486277074435,-0.0386165976524353,-0.19217413663864136,-0.03683874578804591
L,0.0,0.0,0.0,0.16729676723480225,-0.04448282718658447,-0.08827787267298959,0.3071165680885315,-0.11750465631484985,-0.12704614179463647,0.42541682720184326,-0.2137354016304016,-0.1542965956244018,0.5161356925964355,-0.28344106674194336,-0.17710179465146325,0.21586638689041138,-0.3306916356086731,-0.062445767245009165,0.22871851921081543,-0.5054320991039276,-0.11151952671141885,0.21842950582504272,-0.6114446222782135,-0.14991039412350915,0.20248067378997803,-0.6996821165084839,-0.17867158727975152,0.12244254350662231,-0.33710378408432007,-0.040527943542912226,0.1143675148487091,-0.4228208661079407,-0.1267946697983291,0.10396832227706909,-0.29524296522140503,-0.1510973312172439,0.10454341769218445,-0.20611774921417236,-0.14925070481629632,0.026281118392944336,-0.31939011812210083,-0.027498010567143183,0.025529086589813232,-0.3974963128566742,-0.11573939400048516,0.02121490240097046,-0.2630757689476013,-0.09715154396624825,0.02566954493522644,-0.17961180210113525,-0.062219865641310435,-0.06729719042778015,-0.28806430101394653,-0.02099392192693017,-0.061986565589904785,-0.35843706130981445,-0.08666309343905709,-0.05231529474258423,-0.2541016936302185,-0.0698604770216491,-0.037139296531677246,-0.18532174825668335,-0.04094084354372285
L,0.0,0.0,0.0,0.16675487160682678,-0.03128176927566528,-0.09145871986069665,0.3101833462715149,-0.10016238689422607,-0.12977283884205804,0.4263684153556824,-0.19761407375335693,-0.15736452926316247,0.519129753112793,-0.2618076205253601,-0.1811095445267199,0.22371548414230347,-0.3143922686576843,-0.05963846732296929,0.23873639106750488,-0.49001964926719666,-0.11177745897688851,0.22774207592010498,-0.5937531590461731,-0.15150732983269677,0.2127971649169922,-0.6822183430194855,-0.18088832188763604,0.13072282075881958,-0.322250634431839,-0.03848668996610627,0.1206633448600769,-0.41456466913223267,-0.13238382030644402,0.10642856359481812,-0.28523099422454834,-0.16010698367276177,0.10510748624801636,-0.19021761417388916,-0.15717929292836175,0.03764960169792175,-0.3070264458656311,-0.02711038541414723,0.03507554531097412,-0.38784417510032654,-0.12221648980298028,0.024986565113067627,-0.2527010440826416,-0.10618328739323601,0.026157021522521973,-0.16658926010131836,-0.0695840312949656,-0.056610107421875,-0.27779054641723633,-0.022703292485260818,-0.05044907331466675,-0.3475699722766876,-0.09450480033078179,-0.04507678747177124,-0.24203085899353027,-0.08061304379620537,-0.03182289004325867,-0.16909527778625488,-0.05136444483318314
L,0.0,0.0,0.0,0.15716364979743958,-0.026368677616119385,-0.09254629575362117,0.2990773320198059,-0.09949558973312378,-0.13276540153374583,0.4159200191497803,-0.19160926342010498,-0.16324726157536418,0.5058571100234985,-0.2568678855895996,-0.19101222269883067,0.21862798929214478,-0.309978723526001,-0.06363633685460002,0.23194104433059692,-0.48396387696266174,-0.11720212959399134,0.22018349170684814,-0.5899015069007874,-0.15580797605862529,0.2050740122795105,-0.679114580154419,-0.18387502842297465,0.12602773308753967,-0.31942981481552124,-0.04374373742093951,0.116201251745224,-0.40594321489334106,-0.1426621120487681,0.09989205002784729,-0.2786690592765808,-0.17078160159935862,0.09760478138923645,-0.18745529651641846,-0.16591880135884196,0.03252419829368591,-0.3051524758338928,-0.03358531408657939,0.0273856520652771,-0.380076140165329,-0.13365839832177073,0.01830679178237915,-0.24503493309020996,-0.11790144108881861,0.02091801166534424,-0.1613813042640686,-0.07943227552523524,-0.06200069189071655,-0.2779761552810669,-0.030303247651957577,-0.05766206979751587,-0.34242913126945496,-0.10553788059105784,-0.05416446924209595,-0.23431503772735596,-0.0918951820646754,-0.04131394624710083,-0.1623845100402832,-0.06126528271188647
L,0.0,0.0,0.0,0.1518445909023285,-0.02134847640991211,-0.08496970285304428,0.2935045659542084,-0.09821921586990356,-0.12284025151856781,0.4050375521183014,-0.18924003839492798,-0.1532704492343271,0.4945584237575531,-0.25266408920288086,-0.18308259148724915,0.21103021502494812,-0.3047938346862793,-0.06466172982581497,0.22570833563804626,-0.4749974012374878,-0.11720676322110535,0.2147236168384552,-0.5786789655685425,-0.15370602507718445,0.20168611407279968,-0.662276566028595,-0.17968283195622803,0.11971592903137207,-0.31191033124923706,-0.05001652587779404,0.11151421070098877,-0.3943891227245331,-0.14602888722546936,0.0925932228565216,-0.27525728940963745,-0.17451254625447632,0.08915054798126221,-0.186151921749115,-0.17042508323319794,0.028354674577713013,-0.29778820276260376,-0.04408622135051132,0.021995574235916138,-0.36854350566864014,-0.14246098299153687,0.012607693672180176,-0.23882466554641724,-0.13034556408055664,0.014769881963729858,-0.1565946340560913,-0.09458720286019684,-0.0650046169757843,-0.27275550365448,-0.044175252063354264,-0.06195053458213806,-0.3355661630630493,-0.11868343104251267,-0.05812755227088928,-0.23245787620544434,-0.10707542647250534,-0.04760199785232544,-0.16075265407562256,-0.07778618086703659
L,0.0,0.0,0.0,0.15357401967048645,-0.038626790046691895,-0.08397239148936109,0.28853195905685425,-0.1076345443725586,-0.11995044797978238,0.40081268548965454,-0.1979687213897705,-0.14678342342696027,0.4884478449821472,-0.26205581426620483,-0.17031491995177106,0.21055513620376587,-0.31644928455352783,-0.05551069304666356,0.22048234939575195,-0.4860415756702423,-0.10345039964041547,0.21018821001052856,-0.5877765119075775,-0.14087058306059674,0.1956617832183838,-0.6734166145324707,-0.16862775087675885,0.120272696018219,-0.3230249583721161,-0.037203580889318744,0.10907238721847534,-0.40472421050071716,-0.12179002613148526,0.09297937154769897,-0.2824597954750061,-0.14696566462836103,0.09063941240310669,-0.1968247890472412,-0.1449048489364131,0.0289231538772583,-0.3070827126502991,-0.027951187271092692,0.02209872007369995,-0.38095515966415405,-0.11446337104163007,0.014829635620117188,-0.25423240661621094,-0.09871900528988675,0.017778843641281128,-0.17637813091278076,-0.06523416638693647,-0.06144413352012634,-0.27824223041534424,-0.02515379600546197,-0.05894207954406738,-0.3469514548778534,-0.08963382691464261,-0.05234813690185547,-0.24811232089996338,-0.07432731688341931,-0.03838932514190674,-0.18125170469284058,-0.045844481143568316
L,0.0,0.0,0.0,0.14878442883491516,-0.016796767711639404,-0.0846616245380929,0.28724607825279236,-0.08760422468185425,-0.12194775711217432,0.393697589635849,-0.17610883712768555,-0.15161754112163095,0.4807562530040741,-0.23793184757232666,-0.18024939219871072,0.2067120373249054,-0.2907964289188385,-0.06161936666288881,0.22020921111106873,-0.4555782675743103,-0.11264366577783136,0.2100706398487091,-0.5570164918899536,-0.1483273647300294,0.19744917750358582,-0.6371225416660309,-0.17352764229693918,0.11713328957557678,-0.29772716760635376,-0.046777947949557586,0.10682949423789978,-0.38013485074043274,-0.1396525643340638,0.08859223127365112,-0.26406431198120117,-0.16742545287528543,0.08439493179321289,-0.1744505763053894,-0.16329660932937173,0.028193265199661255,-0.2832377851009369,-0.04084945391335992,0.019996047019958496,-0.35303908586502075,-0.13558146278777627,0.011347264051437378,-0.2294655442237854,-0.12368351887383966,0.012729883193969727,-0.14935487508773804,-0.08900555889525918,-0.06101641058921814,-0.256645143032074,-0.041135615812926574,-0.05925402045249939,-0.321842223405838,-0.11160723786273508,-0.05561986565589905,-0.22412258386611938,-0.09916073750176935,-0.04607212543487549,-0.15432214736938477,-0.070367991136699
L,0.0,0.0,0.0,0.142583429813385,-0.017006635665893555,-0.08434532339781242,0.28317171335220337,-0.08977222442626953,-0.12076122815817314,0.3912522792816162,-0.17452377080917358,-0.1491978740236135,0.47728902101516724,-0.23656928539276123,-0.17614866550177055,0.2050471305847168,-0.2868722975254059,-0.055727892919477995,0.21404391527175903,-0.4485918879508972,-0.1021061068317266,0.20201760530471802,-0.5502571761608124,-0.13579639549463707,0.1858673095703125,-0.6304481625556946,-0.16052649672239738,0.11823129653930664,-0.29336822032928467,-0.03983520100921112,0.10787457227706909,-0.3738211393356323,-0.1267849033614965,0.09171178936958313,-0.25858205556869507,-0.1540518825790258,0.08709099888801575,-0.17107069492340088,-0.1512711470863195,0.03064805269241333,-0.28112590312957764,-0.0331654561600061,0.023074328899383545,-0.3497012257575989,-0.1233596926471563,0.014872550964355469,-0.22789067029953003,-0.11376537884682136,0.01584261655807495,-0.14873403310775757,-0.08232843632906395,-0.05724325776100159,-0.25972694158554077,-0.03283861409038025,-0.05496323108673096,-0.3231009244918823,-0.10159720237463432,-0.052040815353393555,-0.22725039720535278,-0.09266134108513313,-0.04250890016555786,-0.15927976369857788,-0.06758092845886665
L,0.0,0.0,0.0,0.142253577709198,-0.01011890172958374,-0.08679610181494013,0.2845190763473511,-0.08086544275283813,-0.12455788690490976,0.38827836513519287,-0.16293609142303467,-0.15358229417248026,0.47258782386779785,-0.22384774684906006,-0.18172894853992716,0.20510178804397583,-0.27709075808525085,-0.06264858383579508,0.21609282493591309,-0.4355359375476837,-0.10922649938507334,0.20508962869644165,-0.5354315042495728,-0.14175740320129648,0.19179636240005493,-0.612682580947876,-0.16502210933609263,0.11912384629249573,-0.2829672396183014,-0.04522071469469324,0.10924959182739258,-0.36176571249961853,-0.1340548290674235,0.0894579291343689,-0.251583993434906,-0.1611483885709788,0.08282393217086792,-0.16359996795654297,-0.15700774330539957,0.03359153866767883,-0.2706143260002136,-0.036806550509169256,0.025597810745239258,-0.3334474563598633,-0.12693465191765085,0.015273600816726685,-0.21651619672775269,-0.11877863544864908,0.01586967706680298,-0.1395435333251953,-0.08743937749309794,-0.052214086055755615,-0.24946916103363037,-0.03475802827520624,-0.049075692892074585,-0.3126401901245117,-0.10145123738689676,-0.048765093088150024,-0.2193891406059265,-0.0921469374362971,-0.04108026623725891,-0.1521734595298767,-0.06662288743896738
L,0.0,0.0,0.0,0.14951889216899872,0.003730297088623047,-0.09095970621440941,0.3102547377347946,-0.05447345972061157,-0.12830510070655876,0.4394358843564987,-0.12211370468139648,-0.15839927723739677,0.5396681278944016,-0.15917176008224487,-0.18811550071571403,0.26598526537418365,-0.2639954686164856,-0.0501187265488916,0.29796259105205536,-0.4176546037197113,-0.10240274002883964,0.29646895825862885,-0.5185989439487457,-0.13967380752895409,0.29207633435726166,-0.5983604788780212,-0.16533356240127617,0.17545072734355927,-0.2885095775127411,-0.033214908895235595,0.1700928956270218,-0.38291235268116,-0.13791211774681145,0.12561236321926117,-0.2691165506839752,-0.17298290958736473,0.10146422684192657,-0.17233198881149292,-0.16736633410785728,0.0818442553281784,-0.29056495428085327,-0.026437216309052047,0.07266266644001007,-0.3689800500869751,-0.13525662651393944,0.04002855718135834,-0.2426716685295105,-0.13020069232318932,0.02712935209274292,-0.15180516242980957,-0.0923376165900045,-0.012441292405128479,-0.27834469079971313,-0.025847797152739105,-0.0151091068983078,-0.34529125690460205,-0.1046253003749662,-0.03153960406780243,-0.24660199880599976,-0.09552583923671776,-0.032073214650154114,-0.17039218544960022,-0.06464273562763267
L,0.0,0.0,0.0,0.14112573862075806,-0.012157559394836426,-0.08179598491130946,0.2779744267463684,-0.08244961500167847,-0.11606707613407252,0.38106900453567505,-0.16655242443084717,-0.142732480573045,0.46297574043273926,-0.2239566445350647,-0.16862143020568965,0.20290207862854004,-0.27446234226226807,-0.05761680568991778,0.21454918384552002,-0.42994457483291626,-0.10551761280237315,0.20144379138946533,-0.5290920734405518,-0.13933225910602687,0.18782943487167358,-0.6067831814289093,-0.16332052092491267,0.11692479252815247,-0.28240567445755005,-0.04206277247010348,0.10439983010292053,-0.3592716157436371,-0.13249436955391047,0.08456209301948547,-0.24994158744812012,-0.1602946017259228,0.07928279042243958,-0.16198140382766724,-0.15622746388851283,0.03177496790885925,-0.27148133516311646,-0.035241844164715985,0.02073153853416443,-0.3334510326385498,-0.1276705656522381,0.01044529676437378,-0.21697503328323364,-0.11965747367082713,0.011807680130004883,-0.13771390914916992,-0.08759214173494456,-0.05302131175994873,-0.25076019763946533,-0.03437021936713336,-0.05272376537322998,-0.3108035624027252,-0.10357968698679088,-0.054679274559020996,-0.2168101668357849,-0.09469649385152934,-0.04746431112289429,-0.1480141282081604,-0.06850671212612269
L,0.0,0.0,0.0,0.13589560985565186,-0.0079994797706604,-0.08053309509740814,0.2714884877204895,-0.07629817724227905,-0.11742495784746154,0.369839072227478,-0.15835821628570557,-0.1472942609547232,0.45211029052734375,-0.21456235647201538,-0.17657408902631744,0.19527053833007812,-0.2651076912879944,-0.06005693266378387,0.205352783203125,-0.420046865940094,-0.11174859890924438,0.1926788091659546,-0.5190567374229431,-0.14741239736066802,0.18044906854629517,-0.5962901711463928,-0.17205544600473388,0.10975921154022217,-0.27235546708106995,-0.04716631064401611,0.10009938478469849,-0.3517990708351135,-0.1424308497665976,0.07945892214775085,-0.24359041452407837,-0.17265086660371765,0.07330745458602905,-0.15765035152435303,-0.1688689965962027,0.02639704942703247,-0.2625100612640381,-0.042467479055986246,0.015230625867843628,-0.3286583423614502,-0.13936520407186492,0.004896491765975952,-0.2126867175102234,-0.13112860212312683,0.006367146968841553,-0.13413143157958984,-0.09747308531986221,-0.056083500385284424,-0.24327456951141357,-0.04331114182458862,-0.05842292308807373,-0.3033924996852875,-0.11476889291988357,-0.058699339628219604,-0.20911693572998047,-0.10462751278863891,-0.05171149969100952,-0.1398800015449524,-0.07661984155164703
L,0.0,0.0,0.0,0.1343962550163269,-0.014830291271209717,-0.08008670309036603,0.26577264070510864,-0.08123612403869629,-0.11495013037174573,0.3675786256790161,-0.1637728214263916,-0.14262975254505506,0.4513171315193176,-0.22011655569076538,-0.16856771209686627,0.19600218534469604,-0.27013784646987915,-0.05119871222823491,0.20597273111343384,-0.4247152805328369,-0.09917573132961621,0.19404959678649902,-0.5213066637516022,-0.13384596505611768,0.1823866367340088,-0.5962367653846741,-0.1582057277247273,0.1125563383102417,-0.27777257561683655,-0.036415069042142534,0.1005752682685852,-0.3530765771865845,-0.12771370509117475,0.0802479088306427,-0.2421160340309143,-0.15715099373310437,0.0757642388343811,-0.15659171342849731,-0.15373821058719983,0.030106544494628906,-0.26857811212539673,-0.0304643406107985,0.017519444227218628,-0.32810264825820923,-0.12307081618755689,0.007476150989532471,-0.2128801941871643,-0.1157964567229115,0.009833186864852905,-0.13732880353927612,-0.08414525785892835,-0.051739394664764404,-0.2510194778442383,-0.030307025326784753,-0.05316242575645447,-0.30568355321884155,-0.09860066571682324,-0.05377072095870972,-0.21145272254943848,-0.08973001935928693,-0.044638365507125854,-0.14570289850234985,-0.06362257400005689
L,0.0,0.0,0.0,0.1348385512828827,0.0016185641288757324,-0.08091391649239199,0.27052977681159973,-0.0652693510055542,-0.11561688061945574,0.3685445487499237,-0.14472806453704834,-0.14289934959404604,0.4468028247356415,-0.19811606407165527,-0.17075648930065768,0.20086213946342468,-0.2529890835285187,-0.055364758038450645,0.2083415687084198,-0.39832526445388794,-0.10115739729397433,0.19369050860404968,-0.49651381373405457,-0.1331500413655533,0.18183282017707825,-0.5763146579265594,-0.15615734484188692,0.11804220080375671,-0.26304128766059875,-0.03877933722131388,0.10738620162010193,-0.34111183881759644,-0.12955580677979128,0.08479294180870056,-0.23354774713516235,-0.15860880937569277,0.0767577588558197,-0.1448192596435547,-0.15303695228092806,0.03676307201385498,-0.25529903173446655,-0.029898971581388878,0.026402682065963745,-0.3193405866622925,-0.12348525252335207,0.010648399591445923,-0.20512855052947998,-0.11706789609186785,0.008563756942749023,-0.12455230951309204,-0.08355525907271044,-0.04393002390861511,-0.2372646927833557,-0.026239840575982498,-0.04684743285179138,-0.2982482314109802,-0.09721894588463442,-0.04990223050117493,-0.20567375421524048,-0.089375011885096,-0.04398849606513977,-0.1358015537261963,-0.06197572153203623
L,0.0,0.0,0.0,0.1315617561340332,-0.010842323303222656,-0.07690033461642543,0.25913047790527344,-0.07497459650039673,-0.1112697287995843,0.3548930287361145,-0.15569716691970825,-0.13885507132602015,0.43414831161499023,-0.20902776718139648,-0.16554419841361323,0.1890837550163269,-0.2570154666900635,-0.053619248380186946,0.20291900634765625,-0.4045947194099426,-0.10056125517678538,0.1912698745727539,-0.4989311993122101,-0.13282422866416255,0.17943799495697021,-0.5731091797351837,-0.15513377036643305,0.10742682218551636,-0.26600196957588196,-0.039783933718922526,0.09424203634262085,-0.34561291337013245,-0.12725258018565455,0.07430297136306763,-0.24253112077713013,-0.15431541349482814,0.06997603178024292,-0.16014313697814941,-0.14980137493205348,0.027824759483337402,-0.2566036581993103,-0.033857782890322596,0.01729297637939453,-0.31997382640838623,-0.12266107793641368,0.005165547132492065,-0.2109563946723938,-0.11382142599416056,0.005288600921630859,-0.1367281675338745,-0.08168494101357737,-0.051867783069610596,-0.23696380853652954,-0.03344183187675753,-0.05256572365760803,-0.2945142984390259,-0.09823286678386012,-0.05360409617424011,-0.20564085245132446,-0.08760597701859751,-0.046971261501312256,-0.1398044228553772,-0.06071721534920016
L,0.0,0.0,0.0,0.12440618872642517,-0.0014681220054626465,-0.0751370689240396,0.2579405605792999,-0.06582367420196533,-0.10944327473315596,0.35108569264411926,-0.1398060917854309,-0.1360682821241319,0.4295026361942291,-0.19226843118667603,-0.16194690525206923,0.1847173273563385,-0.24411606788635254,-0.062327896651357406,0.19497153162956238,-0.389559805393219,-0.10802334308299422,0.184724360704422,-0.48376554250717163,-0.13838922738704085,0.17313715815544128,-0.5555935204029083,-0.15999008476409315,0.10342517495155334,-0.2511454224586487,-0.0505619248715341,0.09222343564033508,-0.32329586148262024,-0.13610991596850752,0.0703631341457367,-0.22265571355819702,-0.16211597382697462,0.06156173348426819,-0.1418810486793518,-0.15914775192412733,0.024769872426986694,-0.24294936656951904,-0.046178483810752624,0.012807965278625488,-0.30190974473953247,-0.13395786046656966,0.003951072692871094,-0.19713813066482544,-0.12823042034777998,0.0056088268756866455,-0.12370729446411133,-0.1005724793640077,-0.05238497257232666,-0.22862786054611206,-0.046838314678996795,-0.055570125579833984,-0.27831557393074036,-0.11345717817220091,-0.05439537763595581,-0.19150453805923462,-0.10794840514335036,-0.04570624232292175,-0.12819331884384155,-0.0863576060501039
L,0.0,0.0,0.0,0.12073034048080444,-0.004161417484283447,-0.07367666113464111,0.2514466643333435,-0.06346023082733154,-0.10589352297870391,0.34347081184387207,-0.13869404792785645,-0.13083694923011535,0.42095112800598145,-0.19062769412994385,-0.15496820259181732,0.18156498670578003,-0.24042648077011108,-0.052758440853040156,0.19266629219055176,-0.38259825110435486,-0.09717793065397018,0.18237429857254028,-0.4754129648208618,-0.12837731885997528,0.17124778032302856,-0.5468097627162933,-0.15035201656905883,0.10127592086791992,-0.24842745065689087,-0.040608980239312586,0.08941853046417236,-0.3233032822608948,-0.1241244231471228,0.07003414630889893,-0.22279196977615356,-0.15144987452117675,0.063900887966156,-0.14190876483917236,-0.14939330566016906,0.023158490657806396,-0.24054497480392456,-0.03612641665426963,0.010290443897247314,-0.3015751540660858,-0.1225551744112181,0.003050565719604492,-0.19785499572753906,-0.11741478043882125,0.005494534969329834,-0.12596452236175537,-0.08990393626777404,-0.053286731243133545,-0.2264920473098755,-0.03661373677937263,-0.0555683970451355,-0.28195980191230774,-0.10077116686193222,-0.055248916149139404,-0.1982986330986023,-0.09385328042594665,-0.04757875204086304,-0.13699644804000854,-0.0714397062668013
L,0.0,0.0,0.0,0.12273409962654114,0.0029075145721435547,-0.07606376160581618,0.2531018555164337,-0.061141908168792725,-0.10824120987852126,0.34917595982551575,-0.13428401947021484,-0.13275751669605285,0.4281705319881439,-0.18204444646835327,-0.15671451587875396,0.19235029816627502,-0.23251068592071533,-0.057850306971864995,0.20721027255058289,-0.3702991008758545,-0.10414977569778472,0.19453594088554382,-0.4614437222480774,-0.13463333447177916,0.18248626589775085,-0.5288967192173004,-0.15527174074848205,0.11422112584114075,-0.24293535947799683,-0.043185761316614446,0.10044863820075989,-0.314250648021698,-0.12969632644851714,0.07803741097450256,-0.21396738290786743,-0.15469062526424437,0.07373735308647156,-0.1329898238182068,-0.14913764794071227,0.03835460543632507,-0.23754185438156128,-0.0364872609515956,0.024114280939102173,-0.29046645760536194,-0.12340663571556121,0.011375218629837036,-0.18745428323745728,-0.1159119178791812,0.012626796960830688,-0.11855423450469971,-0.08565540064771682,-0.03682407736778259,-0.2235695719718933,-0.03521409456332236,-0.03960496187210083,-0.2750577926635742,-0.09830502618749648,-0.04422295093536377,-0.19039171934127808,-0.09018976439435988,-0.038605719804763794,-0.13167399168014526,-0.06633590359886199
L,0.0,0.0,0.0,0.11895972490310669,0.0012067556381225586,-0.07807161452663669,0.2440711259841919,-0.060180068016052246,-0.11185031177891025,0.33649736642837524,-0.13211894035339355,-0.13756205680263767,0.4130479693412781,-0.17882674932479858,-0.16278586330307254,0.18535494804382324,-0.23079335689544678,-0.061556407981045336,0.19739454984664917,-0.3655720353126526,-0.10774890127075443,0.18465548753738403,-0.4571385085582733,-0.13802004399193057,0.17198854684829712,-0.5269941687583923,-0.15885700824154148,0.108997642993927,-0.24208521842956543,-0.045843390547163576,0.09475570917129517,-0.3166802227497101,-0.13216823878181705,0.07198351621627808,-0.21681421995162964,-0.15609431805504093,0.06575822830200195,-0.13488197326660156,-0.1495829874504877,0.03394895792007446,-0.2363419532775879,-0.03808210211289653,0.018488764762878418,-0.2925540804862976,-0.12573043050659427,0.006551980972290039,-0.19151407480239868,-0.11830716373813877,0.007625460624694824,-0.12070828676223755,-0.0876630598534418,-0.040101319551467896,-0.22301554679870605,-0.03576446490777263,-0.04358455538749695,-0.2779237627983093,-0.09971263798368701,-0.0484766960144043,-0.19427406787872314,-0.09176087918174991,-0.04381263256072998,-0.1334732174873352,-0.06785783710373172
L,0.0,0.0,0.0,0.11784422397613525,0.0025784969329833984,-0.07911525952102538,0.2454841136932373,-0.05670136213302612,-0.11270933883668777,0.3377387523651123,-0.12669658660888672,-0.13777466403724548,0.4133748412132263,-0.17217659950256348,-0.1618776647973239,0.19020771980285645,-0.2302401065826416,-0.058554357908982,0.20383721590042114,-0.362221360206604,-0.10334191756727096,0.19255119562149048,-0.45090964436531067,-0.1335423319268405,0.18077349662780762,-0.5180310606956482,-0.1544592707085788,0.11557769775390625,-0.241682767868042,-0.0414192220795333,0.10058826208114624,-0.31485486030578613,-0.12511980818988677,0.07851320505142212,-0.2150241732597351,-0.14901456522228118,0.07313650846481323,-0.13572192192077637,-0.1433554767298877,0.04158908128738403,-0.2371806502342224,-0.03251841949703094,0.025297820568084717,-0.29169270396232605,-0.11789559113265868,0.014434814453125,-0.19118285179138184,-0.110107022397536,0.01616758108139038,-0.12324261665344238,-0.08028528379680511,-0.0312846302986145,-0.22516775131225586,-0.029252751790302955,-0.03643214702606201,-0.27863645553588867,-0.09157780098201629,-0.04101002216339111,-0.194596529006958,-0.08326951699735519,-0.03549528121948242,-0.13618320226669312,-0.059834710382240974
L,0.0,0.0,0.0,0.15203870832920074,-0.002346634864807129,-0.08590674183863456,0.3068525046110153,-0.05992436408996582,-0.12099309049147422,0.4384565204381943,-0.12732970714569092,-0.14947480491894538,0.5392619222402573,-0.16582119464874268,-0.1772745751549607,0.263127937912941,-0.2686801254749298,-0.044812118332565376,0.2954055517911911,-0.42234620451927185,-0.09622210047739799,0.29390929639339447,-0.5238361954689026,-0.1347732745816117,0.28878237307071686,-0.606587141752243,-0.16198449365395362,0.17049677670001984,-0.2920885980129242,-0.029033153947175094,0.16410569846630096,-0.3848283290863037,-0.1294828259159928,0.12342001497745514,-0.2675391137599945,-0.16352563134926612,0.10346879065036774,-0.1724643111228943,-0.15941438607472236,0.07531432807445526,-0.29265567660331726,-0.023081255774677345,0.06814698874950409,-0.3740643858909607,-0.12636322311657722,0.035776957869529724,-0.2452898621559143,-0.11845588467615897,0.02427646517753601,-0.15606796741485596,-0.08125009916323478,-0.020881175994873047,-0.27821922302246094,-0.0231322251965409,-0.017347604036331177,-0.3502176105976105,-0.0974776574184304,-0.03290127217769623,-0.25028684735298157,-0.08543425581950004,-0.032411739230155945,-0.17456570267677307,-0.054056429933488914
L,0.0,0.0,0.0,0.11910897493362427,-0.010896623134613037,-0.07380960685789262,0.24235820770263672,-0.06109863519668579,-0.1026482711511818,0.3363720178604126,-0.12775355577468872,-0.12482339692890321,0.4060039520263672,-0.1752610206604004,-0.14566504014312898,0.193243145942688,-0.23344635963439941,-0.03981038732111131,0.20872759819030762,-0.3656938970088959,-0.07710702521383439,0.20305609703063965,-0.4515838623046875,-0.1064259241300789,0.194494366645813,-0.5210892558097839,-0.1280762012082306,0.12200826406478882,-0.24702879786491394,-0.023402890093919382,0.10751235485076904,-0.31521087884902954,-0.097804715760347,0.08286809921264648,-0.22081422805786133,-0.1230097840505806,0.07063460350036621,-0.14460867643356323,-0.12096566510975038,0.04824638366699219,-0.24299442768096924,-0.015273781396743402,0.03482121229171753,-0.3020576238632202,-0.09046365124761735,0.020792484283447266,-0.2065752148628235,-0.08345008445560609,0.017093777656555176,-0.1364925503730774,-0.05692419958889161,-0.02357947826385498,-0.2276533842086792,-0.013163619578179464,-0.027102947235107422,-0.2835666239261627,-0.06838562888681565,-0.03175854682922363,-0.20722901821136475,-0.05966337201773797,-0.027242302894592285,-0.1460607647895813,-0.03712444184004937
L,0.0,0.0,0.0,0.12264043092727661,-0.02288341522216797,-0.0716642219128687,0.2440083622932434,-0.06610172986984253,-0.09949063542509862,0.33868080377578735,-0.13060420751571655,-0.119956814080723,0.4029473066329956,-0.18186736106872559,-0.13751109722281285,0.20692002773284912,-0.23825335502624512,-0.037041817188509185,0.2247682809829712,-0.36945825815200806,-0.07368667456532307,0.22123956680297852,-0.4544636011123657,-0.10421597245360203,0.2134760022163391,-0.5260945856571198,-0.12669306281233617,0.13650590181350708,-0.2533069849014282,-0.019236265078433235,0.12525182962417603,-0.3191642761230469,-0.08722452852154561,0.09724104404449463,-0.22186142206192017,-0.10918284985447713,0.08478260040283203,-0.14958006143569946,-0.10681548002386876,0.06268101930618286,-0.25010964274406433,-0.009568263173349578,0.053377747535705566,-0.3065621852874756,-0.07856341484213658,0.03502094745635986,-0.2122819423675537,-0.06893160972023793,0.030314207077026367,-0.14764225482940674,-0.04287643390918561,-0.009243965148925781,-0.23467081785202026,-0.005718706503756721,-0.010587930679321289,-0.28895899653434753,-0.05464214491868802,-0.016236603260040283,-0.21485888957977295,-0.04240837353492566,-0.009047150611877441,-0.15845537185668945,-0.018982731133945663
L,0.0,0.0,0.0,0.12272030115127563,-0.02740013599395752,-0.07116843709461307,0.24028640985488892,-0.06827938556671143,-0.09878377565853214,0.3355937600135803,-0.13081324100494385,-0.11945315399877643,0.3985074758529663,-0.18352055549621582,-0.13720990666858768,0.20617389678955078,-0.24007830023765564,-0.03443292105309581,0.22372114658355713,-0.3713211119174957,-0.07142762044183826,0.22054129838943481,-0.4556143581867218,-0.10348531553260898,0.21283650398254395,-0.528067022562027,-0.1267498428534708,0.1377292275428772,-0.25484994053840637,-0.015895762906595223,0.12376558780670166,-0.32098016142845154,-0.08140989342443561,0.09802567958831787,-0.22725307941436768,-0.10320205935947513,0.08676201105117798,-0.1567896008491516,-0.10161391595117664,0.06454527378082275,-0.25195685029029846,-0.005882907153292649,0.05287140607833862,-0.31167253851890564,-0.07338345745317554,0.036045968532562256,-0.2182101011276245,-0.06418430754654025,0.03216242790222168,-0.15250462293624878,-0.03878177651874637,-0.006991863250732422,-0.23690682649612427,-0.0016612963119513324,-0.009967565536499023,-0.2939380407333374,-0.049722335727139466,-0.01568537950515747,-0.22118079662322998,-0.037582758308573716,-0.00872790813446045,-0.16342538595199585,-0.014384543017669671
L,0.0,0.0,0.0,0.13067209720611572,-0.031640827655792236,-0.060213572120687786,0.24473631381988525,-0.06670624017715454,-0.08481085557343704,0.33895033597946167,-0.13056808710098267,-0.10497340071799499,0.40188729763031006,-0.17996931076049805,-0.12232823926808578,0.210807204246521,-0.2346872091293335,-0.02528379741909248,0.23204517364501953,-0.365540087223053,-0.06606751937272293,0.23103129863739014,-0.4479237496852875,-0.10072655487658722,0.22512131929397583,-0.5206220149993896,-0.12557182717921478,0.1433677077293396,-0.25123679637908936,-0.012692706434449974,0.13774508237838745,-0.32010382413864136,-0.08149690437915069,0.10616588592529297,-0.22486668825149536,-0.10467721778752548,0.0925564169883728,-0.15587031841278076,-0.10478797811867935,0.0697777271270752,-0.24633723497390747,-0.007479366621396366,0.06694042682647705,-0.3110729157924652,-0.07789746928813202,0.04345768690109253,-0.21584433317184448,-0.06498975563647491,0.03844326734542847,-0.14732718467712402,-0.03681725893022758,-0.002880394458770752,-0.22455453872680664,-0.006890493220112148,-0.001327812671661377,-0.2866125702857971,-0.05497497577073318,-0.004987657070159912,-0.2129388451576233,-0.037541220670959774,0.0026953816413879395,-0.15154826641082764,-0.010569823680839363
L,0.0,0.0,0.0,0.1217915415763855,-0.02374124526977539,-0.06430172580667914,0.23755300045013428,-0.06786656379699707,-0.09339759159275474,0.32931262254714966,-0.12908464670181274,-0.1188086609859127,0.3916005492210388,-0.1782848834991455,-0.14333372223564567,0.1980457901954651,-0.23550230264663696,-0.0344699289221424,0.218350350856781,-0.3642297685146332,-0.07384709674307288,0.2156025767326355,-0.4462273120880127,-0.10402897405811729,0.2082808017730713,-0.5162973403930664,-0.12528938460537375,0.12952250242233276,-0.24955183267593384,-0.022139031769718542,0.12213355302810669,-0.31893131136894226,-0.09350223499723853,0.09108912944793701,-0.22781553864479065,-0.1152456145305294,0.077797532081604,-0.15794986486434937,-0.11181785571762504,0.05728137493133545,-0.2432970106601715,-0.01712439055928172,0.05096215009689331,-0.3073459565639496,-0.09065094995685996,0.02912658452987671,-0.21495866775512695,-0.07990730214306296,0.024280130863189697,-0.1477150321006775,-0.051233079614128485,-0.014137804508209229,-0.22404813766479492,-0.016794810401286497,-0.016373038291931152,-0.2810879349708557,-0.06899640369602622,-0.02047497034072876,-0.20757132768630981,-0.055333771141256705,-0.01258915662765503,-0.1473684310913086,-0.0295752513725418
L,0.0,0.0,0.0,0.12240004539489746,-0.026978731155395508,-0.06293220707399882,0.23617660999298096,-0.06967389583587646,-0.09090202936155833,0.3291482925415039,-0.1336480975151062,-0.11432587244732417,0.39296597242355347,-0.1823272705078125,-0.13581304141504802,0.1980794072151184,-0.236647367477417,-0.03500084095819034,0.21507376432418823,-0.36607497930526733,-0.07535928377134837,0.2110012173652649,-0.4481212794780731,-0.10709558316690959,0.2018735408782959,-0.5177009701728821,-0.12925971933825053,0.13017159700393677,-0.25034642219543457,-0.021725526835751907,0.12098217010498047,-0.3163501024246216,-0.08860129752380885,0.09210062026977539,-0.22523081302642822,-0.10761603602392711,0.08191853761672974,-0.15963220596313477,-0.10429977514965572,0.05701714754104614,-0.24499017000198364,-0.016057039435935394,0.049585938453674316,-0.3071509599685669,-0.08634657302124538,0.030759692192077637,-0.21559149026870728,-0.07440001406891383,0.029652178287506104,-0.15046828985214233,-0.04660240822656192,-0.013878166675567627,-0.2260945439338684,-0.015025103289616482,-0.01658576726913452,-0.2825000584125519,-0.06385137775166072,-0.018717825412750244,-0.21047461032867432,-0.048867984499764816,-0.00785297155380249,-0.15187883377075195,-0.02348730602486171
L,0.0,0.0,0.0,0.12069922685623169,-0.023629426956176758,-0.07132787077094349,0.23643845319747925,-0.06840294599533081,-0.10427418170834812,0.3280666470527649,-0.13294702768325806,-0.13172595767642292,0.3944860100746155,-0.18200916051864624,-0.15755785076285633,0.19767379760742188,-0.23494765162467957,-0.043559024169695704,0.21444082260131836,-0.3638758659362793,-0.08592002658511433,0.208448588848114,-0.44622743129730225,-0.11675584880973133,0.19929909706115723,-0.5155065357685089,-0.13823995558882984,0.12904095649719238,-0.24841433763504028,-0.028617616802108614,0.11925917863845825,-0.3173770010471344,-0.10071818350220951,0.09023308753967285,-0.22489315271377563,-0.1206616890277985,0.08161115646362305,-0.15759849548339844,-0.11625572113658222,0.05651170015335083,-0.24189841747283936,-0.021800927877080767,0.04881477355957031,-0.3029424548149109,-0.09677726595069203,0.029138803482055664,-0.20920467376708984,-0.08445825992490086,0.0277787446975708,-0.14439934492111206,-0.05488268478180203,-0.015004217624664307,-0.22288227081298828,-0.020348638355386583,-0.018701374530792236,-0.2782644033432007,-0.07369153766299519,-0.021216869354248047,-0.20408451557159424,-0.05987372814084324,-0.010506868362426758,-0.14598733186721802,-0.03413756011391911
L,0.0,0.0,0.0,0.12737399339675903,-0.03059905767440796,-0.06422156242142307,0.2386196255683899,-0.07335180044174194,-0.09184980539093601,0.33456093072891235,-0.1423221230506897,-0.11280666438351261,0.39945536851882935,-0.19160741567611694,-0.1303913384438573,0.20287948846817017,-0.24214684963226318,-0.03538151232014286,0.21557843685150146,-0.37031346559524536,-0.07576735464344608,0.21179717779159546,-0.4518052339553833,-0.11059963104735004,0.2014833688735962,-0.5244817733764648,-0.13592065272341358,0.13371902704238892,-0.2557162046432495,-0.01845392358909237,0.12175238132476807,-0.3194756507873535,-0.08360494819889652,0.09323740005493164,-0.2253267765045166,-0.1026518508554517,0.08073484897613525,-0.16060495376586914,-0.10110140738497364,0.05866885185241699,-0.25033387541770935,-0.008961369818550224,0.050151050090789795,-0.3114933967590332,-0.07567432669411289,0.0320131778717041,-0.21858036518096924,-0.061630593216520424,0.03222239017486572,-0.15145522356033325,-0.034265117323499794,-0.010678768157958984,-0.22890496253967285,-0.004338594688576336,-0.01618063449859619,-0.2847435176372528,-0.04997306091199505,-0.017581641674041748,-0.21277427673339844,-0.03350219277153599,-0.0035213828086853027,-0.1545361876487732,-0.008318992866676922
L,0.0,0.0,0.0,0.12140309810638428,-0.027730464935302734,-0.06535537776910161,0.23605620861053467,-0.0744771957397461,-0.09515684334002827,0.32827484607696533,-0.13991910219192505,-0.12046977368556355,0.3946108818054199,-0.18774616718292236,-0.14432467756234502,0.1948602795600891,-0.241288423538208,-0.0374788032230029,0.210410475730896,-0.3702108561992645,-0.07774047789536809,0.20502477884292603,-0.4522673487663269,-0.10932182011567448,0.1938914656639099,-0.5219366550445557,-0.13172924754582738,0.12417340278625488,-0.25457078218460083,-0.02412949552201127,0.11460411548614502,-0.3195657730102539,-0.09093124655448293,0.08618384599685669,-0.22938674688339233,-0.11023906109296178,0.07500910758972168,-0.16354596614837646,-0.10728729752265309,0.04985213279724121,-0.24834555387496948,-0.01866805603169297,0.043266355991363525,-0.30937933921813965,-0.08791813490353917,0.025806188583374023,-0.21912240982055664,-0.07632115719281529,0.024447143077850342,-0.1538691520690918,-0.049133865660060394,-0.022574782371520996,-0.22887009382247925,-0.018339878445495117,-0.024011552333831787,-0.28533506393432617,-0.06762249258719777,-0.024681031703948975,-0.2151322364807129,-0.053919064378369796,-0.013455033302307129,-0.15707248449325562,-0.02934545328282212
L,0.0,0.0,0.0,0.1282685399055481,-0.033849358558654785,-0.0661356532536459,0.23750537633895874,-0.07538855075836182,-0.09560459196195126,0.3348604440689087,-0.14224106073379517,-0.11796072214469433,0.40035760402679443,-0.19216060638427734,-0.13607023000344753,0.19934731721878052,-0.24346381425857544,-0.03664125218615055,0.21208900213241577,-0.3719214200973511,-0.07957680612430096,0.2077031135559082,-0.4542149305343628,-0.11582425325736523,0.19681507349014282,-0.5270542800426483,-0.14146456956490994,0.12985777854919434,-0.2553786635398865,-0.018408331047744753,0.11693459749221802,-0.3205209970474243,-0.08762713610753536,0.09087640047073364,-0.2265796661376953,-0.1084218555651617,0.08105355501174927,-0.16213202476501465,-0.10732729076966763,0.05490916967391968,-0.24970084428787231,-0.00771683776378751,0.04634737968444824,-0.31344056129455566,-0.07740102797374249,0.030125200748443604,-0.2211034893989563,-0.06337583899125576,0.03271651268005371,-0.15479940176010132,-0.03516873433813572,-0.013253986835479736,-0.22897225618362427,-0.0019157334053900854,-0.020488381385803223,-0.28509587049484253,-0.048074559267611505,-0.019967973232269287,-0.2137628197669983,-0.031224212568254472,-0.005113661289215088,-0.15756064653396606,-0.005651367787272932
L,0.0,0.0,0.0,0.16207876801490784,-0.016575634479522705,-0.08632217245307316,0.311016321182251,-0.07144796848297119,-0.12040565805640568,0.44391685724258423,-0.1417233943939209,-0.14732471751180043,0.5442438721656799,-0.17660757899284363,-0.17322587119546284,0.26769813895225525,-0.2824194133281708,-0.04160860078540196,0.29791510105133057,-0.4395221620798111,-0.08946280079093327,0.29753023386001587,-0.5442579984664917,-0.12888979064431538,0.292300283908844,-0.6331785917282104,-0.15910065816846242,0.17909455299377441,-0.3053158223628998,-0.023518723343876502,0.16507351398468018,-0.3968615233898163,-0.11836305158343663,0.12319111824035645,-0.2767040729522705,-0.15193254398312916,0.10284733772277832,-0.18282321095466614,-0.15025370465722432,0.08416199684143066,-0.3053573668003082,-0.015306829383042952,0.07166701555252075,-0.382642924785614,-0.11088088052478184,0.04364508390426636,-0.2548828125,-0.1019311164518868,0.03433379530906677,-0.16859006881713867,-0.06745189326014867,-0.013799533247947693,-0.28865498304367065,-0.013972503041294715,-0.014370948076248169,-0.3568717837333679,-0.0841822390457665,-0.024941831827163696,-0.25637635588645935,-0.07310469346251836,-0.019240722060203552,-0.18331441283226013,-0.04438805477824559
L,0.0,0.0,0.0,0.12908780574798584,-0.03586935997009277,-0.06435483864762404,0.2382563352584839,-0.07722079753875732,-0.09096687457778074,0.33714210987091064,-0.14425700902938843,-0.10965384713627913,0.40362095832824707,-0.19331872463226318,-0.12366737596013166,0.20216161012649536,-0.24510067701339722,-0.03430747783996679,0.21363306045532227,-0.3729504942893982,-0.07366477123715498,0.2091817855834961,-0.453601598739624,-0.10814194551922895,0.1980534791946411,-0.5262572467327118,-0.13317462972619154,0.13332980871200562,-0.2578811049461365,-0.015945706360717793,0.1181144118309021,-0.3222818672657013,-0.0803187804601393,0.09375673532485962,-0.22625702619552612,-0.09978309444405653,0.0836593508720398,-0.16159802675247192,-0.09907076678492643,0.05808913707733154,-0.25239187479019165,-0.004864914652635832,0.04788768291473389,-0.31476670503616333,-0.07049682162024595,0.033804476261138916,-0.21913909912109375,-0.056818863221188565,0.03609830141067505,-0.1537988781929016,-0.030141325511714,-0.010536611080169678,-0.23024600744247437,0.0014836553412251874,-0.01885688304901123,-0.28629225492477417,-0.04205479271032431,-0.016476452350616455,-0.21253859996795654,-0.025218903862615605,-0.0013489723205566406,-0.15732181072235107,-0.0005736143982275621
L,0.0,0.0,0.0,0.13036030530929565,-0.03595256805419922,-0.06218519405804557,0.24104350805282593,-0.07953321933746338,-0.08714876667939109,0.3397033214569092,-0.14949870109558105,-0.10481401131831092,0.40565556287765503,-0.19696754217147827,-0.11831345008097571,0.20101535320281982,-0.2432883381843567,-0.03168751270852965,0.2134513258934021,-0.37313058972358704,-0.0710475702711193,0.2084013819694519,-0.4536592960357666,-0.10564148770056647,0.19746935367584229,-0.5258639752864838,-0.13072416530333442,0.13199889659881592,-0.25810980796813965,-0.01484764059416932,0.11762648820877075,-0.32161468267440796,-0.07974585489712638,0.09028458595275879,-0.2274368405342102,-0.09962264792405051,0.07880926132202148,-0.1612471342086792,-0.0988733057805149,0.05643123388290405,-0.25288718938827515,-0.005249244341328563,0.04770427942276001,-0.3126479387283325,-0.07117795543156547,0.03085649013519287,-0.21958589553833008,-0.05763744161806983,0.03184264898300171,-0.15394920110702515,-0.03081829817377013,-0.012397706508636475,-0.23008501529693604,-0.00029935216873866466,-0.01853477954864502,-0.285340815782547,-0.04340681777678412,-0.019035816192626953,-0.21308815479278564,-0.025959556637033643,-0.0045049190521240234,-0.157789409160614,-0.0007906818121483639
L,0.0,0.0,0.0,0.12919819355010986,-0.03043496608734131,-0.07083624715397008,0.24416232109069824,-0.07641375064849854,-0.0990516480285848,0.3429104685783386,-0.14771538972854614,-0.11820173377582677,0.41283559799194336,-0.1952703595161438,-0.13373296076843388,0.20399051904678345,-0.2404213547706604,-0.03902900705525525,0.21604585647583008,-0.3709507882595062,-0.07520236188957341,0.21131855249404907,-0.4526214897632599,-0.10776025170871861,0.20126569271087646,-0.5247392952442169,-0.13264821583816655,0.13593310117721558,-0.2573093771934509,-0.018011636309715584,0.1210629940032959,-0.3221498727798462,-0.08077289278099187,0.0925782322883606,-0.22949975728988647,-0.09989936763832219,0.07817786931991577,-0.16130095720291138,-0.09884922320434697,0.06058770418167114,-0.25371992588043213,-0.004812694829347208,0.049638450145721436,-0.3133026957511902,-0.06858582908699162,0.03123074769973755,-0.22070711851119995,-0.05647372195908673,0.028885960578918457,-0.15227550268173218,-0.031308238603564575,-0.010103046894073486,-0.23393017053604126,0.0027591274358158557,-0.01453632116317749,-0.28900885581970215,-0.04316847885439046,-0.017459571361541748,-0.21742206811904907,-0.03027571293005593,-0.005712628364562988,-0.15926802158355713,-0.008043151557835415
L,0.0,0.0,0.0,0.12852239608764648,-0.030320465564727783,-0.07192273527712967,0.24284636974334717,-0.07325148582458496,-0.10117606908412125,0.3441535234451294,-0.14040660858154297,-0.12075941354365494,0.41503608226776123,-0.1883818507194519,-0.13599512815804626,0.2049066424369812,-0.240045428276062,-0.038826552185727614,0.2190159559249878,-0.37011027336120605,-0.07573292494149353,0.21502774953842163,-0.45276862382888794,-0.10884662062258865,0.20552343130111694,-0.5254902541637421,-0.13414084256024505,0.1357203722000122,-0.2548314332962036,-0.016713562387539405,0.12175607681274414,-0.32401740550994873,-0.08225561023087646,0.09586268663406372,-0.22749876976013184,-0.10302364170880463,0.08456999063491821,-0.15913790464401245,-0.10273715198369171,0.05980336666107178,-0.24998193979263306,-0.0022372638001426637,0.04932212829589844,-0.31145718693733215,-0.06726662159295227,0.032683730125427246,-0.2156885862350464,-0.053948008421374816,0.03264337778091431,-0.14898627996444702,-0.027870248037888068,-0.011333942413330078,-0.23069846630096436,0.0065684491176769555,-0.014930665493011475,-0.28772374987602234,-0.039034240845157164,-0.01691347360610962,-0.21329301595687866,-0.024979290518476027,-0.004150390625,-0.15745437145233154,-0.0023602894167735755
L,0.0,0.0,0.0,0.12933975458145142,-0.03271520137786865,-0.07067218595798863,0.2461378574371338,-0.07469522953033447,-0.09825156801994694,0.3465501666069031,-0.1435721516609192,-0.11631270670946492,0.4174233078956604,-0.19215357303619385,-0.13007500940616978,0.20878702402114868,-0.24061477184295654,-0.03894209289606465,0.22303056716918945,-0.3711472153663635,-0.07515999847706212,0.22006911039352417,-0.4542537331581116,-0.10873115980680836,0.2123711109161377,-0.5261131823062897,-0.1342890726929511,0.14020699262619019,-0.25614500045776367,-0.01767030158694638,0.122963547706604,-0.324094295501709,-0.08127962225731267,0.09600681066513062,-0.23060345649719238,-0.10242619538362874,0.08366596698760986,-0.1608642339706421,-0.10317123854215993,0.06575983762741089,-0.25158166885375977,-0.0038402481997366067,0.050657451152801514,-0.3122985363006592,-0.06647288972195042,0.033946454524993896,-0.22015565633773804,-0.05498688468392743,0.03305596113204956,-0.15319329500198364,-0.031079398334583175,-0.003071606159210205,-0.23136156797409058,0.0042756596984361295,-0.011310398578643799,-0.2875210642814636,-0.038968724996408355,-0.012053489685058594,-0.21718358993530273,-0.0256177818929757,0.0017951726913452148,-0.16261142492294312,-0.004108929407408368
L,0.0,0.0,0.0,0.12122106552124023,-0.0191919207572937,-0.07161413808846362,0.24219828844070435,-0.06403017044067383,-0.10048534651780017,0.34039467573165894,-0.12905091047286987,-0.12194452365422137,0.41203588247299194,-0.17390650510787964,-0.1413790427663315,0.204512357711792,-0.22880959510803223,-0.041005938551663235,0.21997767686843872,-0.3567199110984802,-0.07845358481192477,0.21636348962783813,-0.44035059213638306,-0.1104373924949158,0.20852279663085938,-0.5113451778888702,-0.13491809298777468,0.135631263256073,-0.24614015221595764,-0.024056785977720097,0.11980503797531128,-0.3138458728790283,-0.09198316117310412,0.09083205461502075,-0.22132200002670288,-0.1138364591219414,0.07593905925750732,-0.1495192050933838,-0.11264922400498278,0.06154853105545044,-0.24430173635482788,-0.015161117776571587,0.048299551010131836,-0.3050754964351654,-0.0838410772898186,0.030502736568450928,-0.21213644742965698,-0.07401664485716708,0.026044845581054688,-0.1428510546684265,-0.04866601457381137,-0.009863793849945068,-0.22761106491088867,-0.012272132798372581,-0.014346778392791748,-0.28287243843078613,-0.06374847819590457,-0.018583059310913086,-0.21100729703903198,-0.05389175122165568,-0.011551916599273682,-0.1515294909477234,-0.032262291065691784
L,0.0,0.0,0.0,0.12338703870773315,-0.019321143627166748,-0.07265912890449044,0.24329465627670288,-0.06321370601654053,-0.10080255717053888,0.3413008451461792,-0.12700623273849487,-0.12153522074237344,0.41328513622283936,-0.17165607213974,-0.1400510013104963,0.20210200548171997,-0.22844594717025757,-0.03597691059127328,0.21874785423278809,-0.3575311601161957,-0.07086587846293924,0.21707558631896973,-0.44243305921554565,-0.10104922354236123,0.21189409494400024,-0.5138883590698242,-0.1244170457126188,0.13372892141342163,-0.2445482313632965,-0.018744742125420544,0.11699497699737549,-0.3164352476596832,-0.08694446980967996,0.09030646085739136,-0.2239905595779419,-0.11032202243819711,0.07695508003234863,-0.14990085363388062,-0.10904105901732919,0.061102092266082764,-0.24266690015792847,-0.009894836321620915,0.04649144411087036,-0.3034925162792206,-0.07823900282397744,0.0302734375,-0.2119855284690857,-0.0705646738411474,0.026403188705444336,-0.14411497116088867,-0.04593007788076875,-0.009526848793029785,-0.22798621654510498,-0.007302358839808676,-0.013439297676086426,-0.28393858671188354,-0.05798708423986909,-0.019091784954071045,-0.21259450912475586,-0.0493590623141813,-0.013087451457977295,-0.1540825366973877,-0.02846161797657487
L,0.0,0.0,0.0,0.12095397710800171,-0.013570129871368408,-0.07630304017480682,0.24534547328948975,-0.05649441480636597,-0.1058070487659819,0.3440321087837219,-0.12013858556747437,-0.12705707320388626,0.41893380880355835,-0.1647009253501892,-0.14612015852149796,0.20773416757583618,-0.22185921669006348,-0.040385761795604935,0.22593194246292114,-0.3507187068462372,-0.07629101493772339,0.223105788230896,-0.4361276924610138,-0.1060800305884726,0.21676796674728394,-0.5067306458950043,-0.12895035514053177,0.13840031623840332,-0.23847314715385437,-0.022196268228853455,0.12378448247909546,-0.3097814917564392,-0.09210606434758972,0.09528446197509766,-0.2167838215827942,-0.11582322934087586,0.08077728748321533,-0.14309757947921753,-0.11419927099164795,0.0654405951499939,-0.23726433515548706,-0.012596940187776795,0.05142819881439209,-0.29550275206565857,-0.08269350001033615,0.03358614444732666,-0.20256996154785156,-0.07510990419801544,0.02945607900619507,-0.1361912488937378,-0.050042325196827164,-0.005011022090911865,-0.22355282306671143,-0.009473843997383824,-0.00911170244216919,-0.2778332829475403,-0.06079033532556366,-0.016091108322143555,-0.20507407188415527,-0.052024678824508896,-0.010295748710632324,-0.14732885360717773,-0.03087428913828205
L,0.0,0.0,0.0,0.122164785861969,0.00259244441986084,-0.07935855931120983,0.24907243251800537,-0.04388308525085449,-0.11208217984515301,0.34557032585144043,-0.10742545127868652,-0.13599642014580837,0.42526257038116455,-0.14887529611587524,-0.158747900486766,0.2075245976448059,-0.20914071798324585,-0.05178452304082981,0.22679078578948975,-0.3362739086151123,-0.09057557231265179,0.2227655053138733,-0.4229532480239868,-0.11850458031970135,0.2155228853225708,-0.4925358295440674,-0.13926472163277737,0.13540226221084595,-0.22532886266708374,-0.033193323970614586,0.12370723485946655,-0.29634347558021545,-0.1084450373657333,0.09736698865890503,-0.2031974196434021,-0.1311655977972137,0.08641397953033447,-0.1270608901977539,-0.12660666203576199,0.06226921081542969,-0.22404494881629944,-0.023085618601022873,0.052774131298065186,-0.27825766801834106,-0.09991977012234798,0.03428041934967041,-0.18276095390319824,-0.09366115576106182,0.03049778938293457,-0.11697357892990112,-0.06682912653761974,-0.009300708770751953,-0.21253758668899536,-0.018960992083727035,-0.007431149482727051,-0.26513051986694336,-0.07539436614590755,-0.016723990440368652,-0.18827980756759644,-0.06830116009789577,-0.013840198516845703,-0.13063329458236694,-0.04691327011662594
L,0.0,0.0,0.0,0.12142390012741089,0.0076119303703308105,-0.07857670551312168,0.24714261293411255,-0.04345536231994629,-0.11130278473866184,0.3418300151824951,-0.10885792970657349,-0.1351077846266051,0.4203956127166748,-0.15158480405807495,-0.15846545910608967,0.20289278030395508,-0.20705431699752808,-0.05719641512406071,0.2216014862060547,-0.33301952481269836,-0.09878756022227009,0.2174363136291504,-0.42202112078666687,-0.12703660046827991,0.2102053165435791,-0.4930126368999481,-0.14760601436865528,0.13038474321365356,-0.22406414151191711,-0.03975772028935154,0.12241822481155396,-0.2945707142353058,-0.11941875433695515,0.0927891731262207,-0.19847381114959717,-0.1414966276861449,0.07950472831726074,-0.1207231879234314,-0.13491918062937458,0.05737262964248657,-0.22268050909042358,-0.030390552339675025,0.04864722490310669,-0.27625298500061035,-0.11174606448185642,0.02767014503479004,-0.17873245477676392,-0.10432229107392033,0.023334980010986328,-0.11141443252563477,-0.07508880561363895,-0.014696359634399414,-0.21080803871154785,-0.02661096034717758,-0.012309372425079346,-0.26289355754852295,-0.08666159128916462,-0.02370429039001465,-0.18330562114715576,-0.07891360586655338,-0.022154152393341064,-0.12452870607376099,-0.05593978157413204
L,0.0,0.0,0.0,0.15341117978096008,-0.002532482147216797,-0.08770782816803901,0.30824384093284607,-0.060075581073760986,-0.12347516733801811,0.43909958004951477,-0.1257319450378418,-0.15338140297329872,0.5386005342006683,-0.1642490029335022,-0.18330603409207313,0.2605171501636505,-0.2702491283416748,-0.043208982233171156,0.2907286584377289,-0.42714105546474457,-0.09369810986912697,0.290062814950943,-0.535762220621109,-0.1315241115132615,0.28703728318214417,-0.6218845248222351,-0.15891365278161018,0.1701502501964569,-0.29198288917541504,-0.02772273439562767,0.15915313363075256,-0.387164443731308,-0.13137357998288124,0.11645379662513733,-0.27113640308380127,-0.16787351239121406,0.09397873282432556,-0.1697397530078888,-0.164087559465532,0.07474449276924133,-0.2930662930011749,-0.02250768560564964,0.061757951974868774,-0.36885306239128113,-0.12766885328686683,0.03246663510799408,-0.24347776174545288,-0.12388421166336983,0.022541463375091553,-0.1519525647163391,-0.08869706410563438,-0.02190348505973816,-0.2823805809020996,-0.023792778510813406,-0.020222127437591553,-0.35037219524383545,-0.09996345210469215,-0.03562018275260925,-0.25104784965515137,-0.09245059955513923,-0.03465753793716431,-0.17333495616912842,-0.06415485161936729
L,0.0,0.0,0.0,0.11905750632286072,0.008847534656524658,-0.07982605297596024,0.24631300568580627,-0.042225182056427,-0.1135282178643422,0.3408481776714325,-0.10666817426681519,-0.1388209943893628,0.4182575047016144,-0.15013980865478516,-0.16368012477190064,0.19950363039970398,-0.20639079809188843,-0.057891912502356035,0.21847906708717346,-0.3349142074584961,-0.10121147681505249,0.21339485049247742,-0.4249702990055084,-0.13000761319429444,0.206735759973526,-0.49530118703842163,-0.15014239002496765,0.12714585661888123,-0.22321566939353943,-0.040683608246155245,0.12054237723350525,-0.2943243384361267,-0.12501897264749573,0.09156343340873718,-0.2006467580795288,-0.14955740023881958,0.07747671008110046,-0.12045866250991821,-0.14287598778039978,0.05489340424537659,-0.22238609194755554,-0.03163079519302414,0.045623213052749634,-0.27623242139816284,-0.11634128142625855,0.025216490030288696,-0.1792779564857483,-0.11068817575008438,0.020268291234970093,-0.10955637693405151,-0.08096935946971939,-0.016680866479873657,-0.21230214834213257,-0.028229428199239237,-0.015781104564666748,-0.2641523778438568,-0.08950765777856873,-0.0264836847782135,-0.1854008436203003,-0.08246270914108322,-0.025586098432540894,-0.12562483549118042,-0.05908329759270714
L,0.0,0.0,0.0,0.12647348642349243,-0.008108198642730713,-0.07838231460182943,0.25398069620132446,-0.05641019344329834,-0.10905620590775289,0.3510546088218689,-0.1243470311164856,-0.13071244345038213,0.42727231979370117,-0.17089754343032837,-0.1506083099636344,0.20717447996139526,-0.22279876470565796,-0.04897060380308904,0.2262098789215088,-0.3535878360271454,-0.08764211968510427,0.22111523151397705,-0.44113215804100037,-0.11671372638075628,0.21311616897583008,-0.5107642710208893,-0.13822112367480077,0.13428902626037598,-0.23691099882125854,-0.029868766153147597,0.11960822343826294,-0.31057479977607727,-0.10471191392271795,0.09160095453262329,-0.21590083837509155,-0.12861736998884954,0.08056885004043579,-0.13906526565551758,-0.12567126140921392,0.06046217679977417,-0.23381415009498596,-0.019181170919826407,0.04729741811752319,-0.29248321056365967,-0.09526664898722448,0.02906167507171631,-0.19622594118118286,-0.08868209407656469,0.025956928730010986,-0.12837517261505127,-0.06235003978936948,-0.0123213529586792,-0.22072958946228027,-0.014606106514027495,-0.014017581939697266,-0.2755327820777893,-0.07140295342533864,-0.022180646657943726,-0.19798505306243896,-0.06436117128460683,-0.017179280519485474,-0.13866180181503296,-0.04309107870786466
L,0.0,0.0,0.0,0.1246415376663208,-0.010454952716827393,-0.08324669666832563,0.24846124649047852,-0.058232247829437256,-0.11711394407099363,0.34742027521133423,-0.12481570243835449,-0.14075099297112104,0.4255571961402893,-0.1726122498512268,-0.16199602552002546,0.20506232976913452,-0.22533416748046875,-0.053649052905498706,0.22200798988342285,-0.35801663994789124,-0.09342928596085187,0.21668899059295654,-0.4470265209674835,-0.12369326867407437,0.20718425512313843,-0.5182303488254547,-0.14596915610378858,0.13176006078720093,-0.23969966173171997,-0.03155196078365918,0.11546218395233154,-0.31187060475349426,-0.10613765932863828,0.08890426158905029,-0.21395450830459595,-0.1285023874813902,0.07855910062789917,-0.1364690065383911,-0.1246532908851492,0.05689382553100586,-0.23690688610076904,-0.01842364475375291,0.04333996772766113,-0.29500800371170044,-0.09352703757828351,0.02634727954864502,-0.19655466079711914,-0.08596897490566846,0.0242692232131958,-0.12810415029525757,-0.05948734648769971,-0.01617562770843506,-0.22437405586242676,-0.011855207311569416,-0.017693012952804565,-0.2786378562450409,-0.06743494786566373,-0.025461256504058838,-0.201124906539917,-0.05996930964535352,-0.019792139530181885,-0.14203745126724243,-0.03890136994665738
L,0.0,0.0,0.0,0.119792640209198,0.0023674368858337402,-0.08145575405882965,0.2448750138282776,-0.0499536395072937,-0.11694160284327637,0.34135884046554565,-0.11481046676635742,-0.1426937374644197,0.4204021096229553,-0.16049432754516602,-0.16710169048833023,0.1978272795677185,-0.21563464403152466,-0.06468459399270188,0.21688073873519897,-0.3469439744949341,-0.10849965544270646,0.21213585138320923,-0.43483710289001465,-0.13719556661175858,0.20442438125610352,-0.5023417472839355,-0.15740635426568161,0.12238651514053345,-0.22957399487495422,-0.046666586714259495,0.11239856481552124,-0.29822590947151184,-0.12787605257558,0.08479410409927368,-0.2004321813583374,-0.14971143932866227,0.0743057131767273,-0.12195014953613281,-0.14377460809277665,0.048679351806640625,-0.22771677374839783,-0.03700058342742096,0.03797042369842529,-0.2809072732925415,-0.11838948162125718,0.019372642040252686,-0.1812918782234192,-0.11019853683041703,0.016936957836151123,-0.1141321063041687,-0.08155623258875977,-0.024347364902496338,-0.21790605783462524,-0.03335434006380211,-0.024243593215942383,-0.2683306336402893,-0.0932710263304628,-0.03265392780303955,-0.18827128410339355,-0.08584905596303116,-0.028205662965774536,-0.13035613298416138,-0.06379553856181275
L,0.0,0.0,0.0,0.12406176328659058,-0.0029024481773376465,-0.08090352544700963,0.24793434143066406,-0.05000489950180054,-0.11440480778133733,0.34476137161254883,-0.1169770359992981,-0.1386065063825832,0.4234454035758972,-0.16161209344863892,-0.16113493124163014,0.20554310083389282,-0.2178286910057068,-0.05354812646424634,0.22470474243164062,-0.3497104048728943,-0.09336394349253041,0.21985232830047607,-0.4378100633621216,-0.12236452380335194,0.21159684658050537,-0.5065397322177887,-0.14355525652086598,0.13217812776565552,-0.2326350212097168,-0.03355862850463254,0.11804842948913574,-0.3037106394767761,-0.1103717116466747,0.09018886089324951,-0.20748430490493774,-0.1332484809509502,0.07885658740997314,-0.13041764497756958,-0.12894369939482075,0.05773317813873291,-0.23078548908233643,-0.02219268771028382,0.045072197914123535,-0.28950634598731995,-0.09908845553314549,0.027762770652770996,-0.19241464138031006,-0.09171471277391774,0.024782180786132812,-0.12446504831314087,-0.06468665132439,-0.016032904386520386,-0.21940070390701294,-0.01713902594661576,-0.016300976276397705,-0.2752634882926941,-0.07415880540525777,-0.024709254503250122,-0.1974714994430542,-0.06701642552530629,-0.02086174488067627,-0.13803046941757202,-0.04569286758220059
L,0.0,0.0,0.0,0.12599340081214905,-0.0062923431396484375,-0.07996376982494979,0.2518995702266693,-0.05293440818786621,-0.11289143195912033,0.34854504466056824,-0.11947524547576904,-0.13694181671902328,0.4263686239719391,-0.16405898332595825,-0.15904865792557388,0.20625737309455872,-0.22127893567085266,-0.050323396982399515,0.22572997212409973,-0.3524535000324249,-0.09037956974074035,0.22149863839149475,-0.4400429129600525,-0.11980592838093429,0.21377459168434143,-0.5087605118751526,-0.14127541712090164,0.1326422393321991,-0.23604214191436768,-0.03156139335199981,0.11956700682640076,-0.30771854519844055,-0.10848995676800399,0.09261772036552429,-0.2119542360305786,-0.13246456912323623,0.08108845353126526,-0.13458847999572754,-0.12893800071045547,0.05824550986289978,-0.23346856236457825,-0.021475980119554094,0.04618754982948303,-0.2917768061161041,-0.09883569559618621,0.029603153467178345,-0.1946403980255127,-0.09194387874170928,0.026111453771591187,-0.12693041563034058,-0.06508250913187652,-0.016296058893203735,-0.221693754196167,-0.01767344965204387,-0.015413910150527954,-0.27664071321487427,-0.07494371763035446,-0.023289531469345093,-0.1982981562614441,-0.06754953047796874,-0.0200178325176239,-0.1387484073638916,-0.0458412245528379
L,0.0,0.0,0.0,0.12562260031700134,-0.012304365634918213,-0.08079199510641288,0.2506504952907562,-0.05635881423950195,-0.11437698471374702,0.34930160641670227,-0.12205219268798828,-0.1385965945107479,0.4283146560192108,-0.16714215278625488,-0.16065588611192894,0.20895245671272278,-0.2244662344455719,-0.051257640300466534,0.22838768362998962,-0.3549804389476776,-0.08978129941053581,0.22484466433525085,-0.443226158618927,-0.11936945485897255,0.21736273169517517,-0.5147939026355743,-0.141505226669981,0.1366131603717804,-0.23998495936393738,-0.031242756350113865,0.12219712138175964,-0.31346726417541504,-0.10387126374073219,0.09545096755027771,-0.2177877426147461,-0.12595134991235923,0.08492764830589294,-0.1423894762992859,-0.122340187607481,0.06222936511039734,-0.23766300082206726,-0.019947719006015774,0.04853960871696472,-0.2975480556488037,-0.09224286693163108,0.032558292150497437,-0.20188754796981812,-0.08396417665310096,0.0308057963848114,-0.13637679815292358,-0.057812035260869976,-0.011443108320236206,-0.22537145018577576,-0.015241437768711563,-0.012952566146850586,-0.28201737999916077,-0.06769278663225364,-0.019289344549179077,-0.20723778009414673,-0.05888498592205238,-0.013398170471191406,-0.15069997310638428,-0.037514191297962185
L,0.0,0.0,0.0,0.12314096093177795,-0.0037984251976013184,-0.08028238172017588,0.2508752644062042,-0.04777032136917114,-0.11292986477099909,0.3474154770374298,-0.11272799968719482,-0.13674583191358103,0.42569318413734436,-0.15568757057189941,-0.1589493667551185,0.21053048968315125,-0.21213537454605103,-0.05110015252911104,0.23004016280174255,-0.3432442843914032,-0.09009085500918879,0.22741714119911194,-0.4311137795448303,-0.11978791559421076,0.22148236632347107,-0.5022259950637817,-0.1421140944429542,0.1400834023952484,-0.22869738936424255,-0.031342680550446644,0.12460407614707947,-0.2989477813243866,-0.10602521056615366,0.09367206692695618,-0.20447826385498047,-0.12899241501771463,0.08104786276817322,-0.1293724775314331,-0.1256004785963203,0.06706741452217102,-0.22883978486061096,-0.020238400421371594,0.05166766047477722,-0.2882216274738312,-0.09447184855424418,0.030999094247817993,-0.19305461645126343,-0.08634401763164057,0.028341561555862427,-0.12497544288635254,-0.0597483543523456,-0.004510432481765747,-0.2177760899066925,-0.015716546199550763,-0.007653743028640747,-0.2736421525478363,-0.07008324468814386,-0.017994076013565063,-0.19942623376846313,-0.06195523122631563,-0.01359596848487854,-0.1403612494468689,-0.04057643095337404
L,0.0,0.0,0.0,0.12332704663276672,-0.00613027811050415,-0.07807651483185296,0.25156185030937195,-0.050815045833587646,-0.1100990357316256,0.3485977351665497,-0.11636888980865479,-0.13416303270227914,0.4273431599140167,-0.15925699472427368,-0.15662151151068215,0.21263888478279114,-0.21585172414779663,-0.04406944238312249,0.2325018346309662,-0.34624871611595154,-0.0811175065553904,0.22979483008384705,-0.43377888202667236,-0.11012781732447152,0.22341200709342957,-0.5045686662197113,-0.13200136595137124,0.14283618330955505,-0.23271149396896362,-0.024983312419724513,0.13117572665214539,-0.30395033955574036,-0.09778294288284783,0.09923627972602844,-0.2125263214111328,-0.12114005111820703,0.08373293280601501,-0.13950324058532715,-0.1179781513727427,0.06983998417854309,-0.23279932141304016,-0.014442189081680823,0.0583055317401886,-0.29437482357025146,-0.0876361610806704,0.036082953214645386,-0.19974195957183838,-0.07981331222422128,0.030411571264266968,-0.13018882274627686,-0.053082026026320506,-0.0019551515579223633,-0.220950186252594,-0.010302527292740393,-0.0019833147525787354,-0.27832961082458496,-0.06419558399088388,-0.012638896703720093,-0.20364844799041748,-0.055707193396163035,-0.010383695363998413,-0.1423833966255188,-0.033625330261063624
L,0.0,0.0,0.0,0.1229749321937561,-0.003258645534515381,-0.0732875592162392,0.24916142225265503,-0.04907381534576416,-0.10284036165974353,0.3456534147262573,-0.1154736876487732,-0.12536719954512332,0.42364370822906494,-0.1570994257926941,-0.14675462759039615,0.20934844017028809,-0.21285131573677063,-0.04082779354355548,0.22978603839874268,-0.34242916107177734,-0.07848653710386966,0.22703903913497925,-0.4286307692527771,-0.10754676676295016,0.22134798765182495,-0.4988686740398407,-0.1291661760856888,0.1392136812210083,-0.23165839910507202,-0.024310938557007056,0.1328134536743164,-0.3017745912075043,-0.09872881836197589,0.09805488586425781,-0.21070453524589539,-0.12297221786282275,0.07954466342926025,-0.1368064284324646,-0.11971128500006412,0.06617498397827148,-0.23257923126220703,-0.015741562013842803,0.06114506721496582,-0.2936202883720398,-0.09109474486611102,0.035206377506256104,-0.1986824870109558,-0.08320057905218814,0.025911569595336914,-0.12789112329483032,-0.05534956372282718,-0.006511509418487549,-0.22159242630004883,-0.01291257562986825,-0.003462493419647217,-0.27842384576797485,-0.06825098908446048,-0.016025006771087646,-0.20301836729049683,-0.05891381717226718,-0.01603931188583374,-0.14101219177246094,-0.03541079676649783
L,0.0,0.0,0.0,0.15607120096683502,-0.01948070526123047,-0.0901162129619415,0.30415286123752594,-0.07422095537185669,-0.12836236029651715,0.4358683377504349,-0.14220231771469116,-0.1600472655871208,0.5358168035745621,-0.1811421513557434,-0.19136356085327222,0.2632352262735367,-0.2855169177055359,-0.04505903541830136,0.2921301871538162,-0.4432156980037689,-0.09486358135727002,0.2914115935564041,-0.5488370060920715,-0.1343569931366737,0.2861630469560623,-0.6386925876140594,-0.1636553731539543,0.17466668784618378,-0.30731770396232605,-0.0269316294023092,0.1561601310968399,-0.40052106976509094,-0.12285670906093671,0.11639644205570221,-0.2827746272087097,-0.1560612943747337,0.09923727810382843,-0.1882247030735016,-0.15332018106964185,0.08061055839061737,-0.3062748312950134,-0.01932298473802163,0.06509499251842499,-0.3856438398361206,-0.11763100594070508,0.03665955364704132,-0.25874000787734985,-0.11007266759660794,0.028157323598861694,-0.171604722738266,-0.07519086718347623,-0.0163213312625885,-0.29028692841529846,-0.018747574535876055,-0.0176258385181427,-0.36321622133255005,-0.09023797035005643,-0.03124620020389557,-0.26373785734176636,-0.07916778594043805,-0.02826632559299469,-0.18775296211242676,-0.04969806119587972
L,0.0,0.0,0.0,0.12076789140701294,0.006945252418518066,-0.07717374369423169,0.25275516510009766,-0.03939312696456909,-0.10941846325914639,0.34799832105636597,-0.103848397731781,-0.1343401338152148,0.42667263746261597,-0.1468740701675415,-0.1590448434643008,0.21111536026000977,-0.20032134652137756,-0.051599391102001846,0.23270964622497559,-0.3288162648677826,-0.09179194673816937,0.22892135381698608,-0.4156474173069,-0.1196163858465411,0.22298592329025269,-0.4846738576889038,-0.13957672968427914,0.14155006408691406,-0.21856260299682617,-0.035003885924027145,0.13253450393676758,-0.28713878989219666,-0.11378087505619305,0.09590262174606323,-0.197372704744339,-0.13753792300741452,0.07814693450927734,-0.1222991943359375,-0.13272675529043454,0.07045066356658936,-0.22071397304534912,-0.026539974211857498,0.060984671115875244,-0.2791387438774109,-0.10564255371610898,0.03381907939910889,-0.18570047616958618,-0.09832970455209988,0.02592414617538452,-0.11529070138931274,-0.06978261873047131,0.0005683004856109619,-0.21188509464263916,-0.023966575338647544,-0.0009919404983520508,-0.26854968070983887,-0.08070180967371243,-0.015442252159118652,-0.19601356983184814,-0.07205774292270917,-0.016405701637268066,-0.1350434422492981,-0.04883744224827069
L,0.0,0.0,0.0,0.12464660406112671,-0.007713794708251953,-0.07637297913032892,0.2488728165626526,-0.05092740058898926,-0.10877472713190439,0.34731101989746094,-0.11699908971786499,-0.13367427691418055,0.4249582886695862,-0.16127526760101318,-0.15727497443157556,0.21171915531158447,-0.21289849281311035,-0.04365118026334169,0.23226827383041382,-0.3413805365562439,-0.0813105832000387,0.22909188270568848,-0.4247446358203888,-0.11128690644699457,0.22204434871673584,-0.4947971701622009,-0.13383973940807703,0.14333736896514893,-0.23108479380607605,-0.024317063312710552,0.13591456413269043,-0.2961287796497345,-0.09567614450651529,0.09984004497528076,-0.20706245303153992,-0.1186887974997175,0.08134567737579346,-0.13847613334655762,-0.11635625168281916,0.0703621506690979,-0.2320336401462555,-0.013322085994960098,0.06607216596603394,-0.2910761535167694,-0.08596708431440714,0.039489924907684326,-0.19965320825576782,-0.0773340965767515,0.03052389621734619,-0.1314527988433838,-0.050589201893390445,-0.0018918514251708984,-0.21985095739364624,-0.008348118435324459,-0.002657592296600342,-0.2738646864891052,-0.06224467783767107,-0.013086289167404175,-0.20192790031433105,-0.0527899730165613,-0.010639280080795288,-0.1411137580871582,-0.030033258642734317
L,0.0,0.0,0.0,0.12329000234603882,-0.0034134984016418457,-0.07555540007946959,0.24281108379364014,-0.04421883821487427,-0.10923267257807723,0.33759045600891113,-0.11092901229858398,-0.13423260403273574,0.413405179977417,-0.15264803171157837,-0.15753265572188369,0.20136713981628418,-0.2061873972415924,-0.05258540166018477,0.2221185564994812,-0.3311191499233246,-0.09362016720173827,0.21930313110351562,-0.41509026288986206,-0.1251672740042018,0.21240627765655518,-0.4861188530921936,-0.14908006144164077,0.1324629783630371,-0.22437995672225952,-0.03289282423851958,0.12535834312438965,-0.2882535457611084,-0.10526736927626601,0.09093064069747925,-0.19648635387420654,-0.125988804823141,0.07516741752624512,-0.12927496433258057,-0.12344002825615874,0.06006777286529541,-0.2239673137664795,-0.020827150991539867,0.05675804615020752,-0.2841891944408417,-0.09184704822895995,0.03091251850128174,-0.1939029097557068,-0.07906576347945204,0.02478325366973877,-0.1266469955444336,-0.051415217196922214,-0.008860886096954346,-0.2089187204837799,-0.014732712967674644,-0.01224064826965332,-0.2609386444091797,-0.06703829122183791,-0.019255250692367554,-0.18970823287963867,-0.056001545017938525,-0.011106550693511963,-0.13163679838180542,-0.033417471772413165
L,0.0,0.0,0.0,0.11654746532440186,8.851289749145508e-05,-0.07371160175619584,0.23886418342590332,-0.045566439628601074,-0.10703344430742723,0.3306671977043152,-0.10825186967849731,-0.13276931431112748,0.40358155965805054,-0.14980292320251465,-0.15710344698248369,0.1940123438835144,-0.20579615235328674,-0.05592966984925729,0.21159952878952026,-0.33156007528305054,-0.09878026481686097,0.20712459087371826,-0.4153977036476135,-0.12896021988211137,0.20009511709213257,-0.4840058386325836,-0.15099657859621507,0.12478476762771606,-0.22175437211990356,-0.040575852356533826,0.12010782957077026,-0.28787872195243835,-0.11877685572920305,0.0859144926071167,-0.19810742139816284,-0.1417789885026024,0.0700157880783081,-0.12776589393615723,-0.13816107597170335,0.05425041913986206,-0.221628338098526,-0.03251641403851968,0.048355162143707275,-0.28064242005348206,-0.10793141063271028,0.02600395679473877,-0.1902257204055786,-0.09706213112888795,0.021671295166015625,-0.12299638986587524,-0.06838709648666841,-0.013392269611358643,-0.20935460925102234,-0.03036928337035638,-0.01913270354270935,-0.2575076222419739,-0.0848082282763527,-0.023927271366119385,-0.18686211109161377,-0.07476272966680986,-0.014987826347351074,-0.13006675243377686,-0.05156469505248529
L,0.0,0.0,0.0,0.1162790060043335,0.0032186508178710938,-0.07326033088788364,0.2377806305885315,-0.051685452461242676,-0.10707741353139255,0.32748687267303467,-0.11616373062133789,-0.13361164304837558,0.3998507857322693,-0.15538251399993896,-0.1601924237929282,0.18446451425552368,-0.20863217115402222,-0.06130679074153278,0.20380443334579468,-0.33677029609680176,-0.10493195179328296,0.19899892807006836,-0.4200366139411926,-0.13492997858151767,0.19241464138031006,-0.4886013865470886,-0.15663776669129703,0.11699646711349487,-0.2252798080444336,-0.04704640555605266,0.11449086666107178,-0.2890751361846924,-0.12615428242310855,0.08173000812530518,-0.20011186599731445,-0.1489330914936957,0.06456691026687622,-0.128587543964386,-0.1447880801878867,0.04721879959106445,-0.22476455569267273,-0.03957951191291187,0.043665409088134766,-0.27911290526390076,-0.1165084478579459,0.022401809692382812,-0.18713808059692383,-0.10608521226271961,0.01469123363494873,-0.11924600601196289,-0.07711498561724994,-0.02315858006477356,-0.21260318160057068,-0.0376735453628001,-0.02419501543045044,-0.2589060366153717,-0.09464316192492817,-0.029291272163391113,-0.18360579013824463,-0.08411754045113895,-0.025416672229766846,-0.12323838472366333,-0.059590717139094806
L,0.0,0.0,0.0,0.1103740930557251,0.006833910942077637,-0.08126683444272942,0.2215116024017334,-0.044793903827667236,-0.1201438373376078,0.30696219205856323,-0.1084255576133728,-0.14903559446823067,0.37749844789505005,-0.14730817079544067,-0.17706625819694466,0.17061811685562134,-0.20351216197013855,-0.07538730562221474,0.18469184637069702,-0.33136677742004395,-0.12272857785713143,0.17900586128234863,-0.41501444578170776,-0.15479154050838417,0.17073571681976318,-0.4831787943840027,-0.17776506305229134,0.10438835620880127,-0.21917319297790527,-0.05618161991726822,0.0962170958518982,-0.2785060405731201,-0.13748215795051522,0.06576263904571533,-0.1864769458770752,-0.1584424740124888,0.051232099533081055,-0.11640191078186035,-0.15306324422847695,0.04013162851333618,-0.21820974349975586,-0.04407527953874535,0.031464338302612305,-0.27273738384246826,-0.12045295447599358,0.009480893611907959,-0.17971980571746826,-0.1090928530741877,0.003298342227935791,-0.1130872368812561,-0.08018680572997994,-0.022348225116729736,-0.20505309104919434,-0.03817840576660103,-0.0318562388420105,-0.2478381097316742,-0.09507847488414711,-0.039178282022476196,-0.1752457618713379,-0.0861412054349131,-0.03372052311897278,-0.11923807859420776,-0.06322407633554405
L,0.0,0.0,0.0,0.10600656270980835,0.013907015323638916,-0.08016073972204651,0.21905606985092163,-0.03675609827041626,-0.11803591519812073,0.3041362762451172,-0.09638899564743042,-0.14665355056742158,0.3746989369392395,-0.1364491581916809,-0.17459008366087403,0.16538554430007935,-0.19541776180267334,-0.07334771275738206,0.17848145961761475,-0.32078438997268677,-0.12098807364920106,0.17203259468078613,-0.40537911653518677,-0.15073780983904328,0.1642533540725708,-0.47172531485557556,-0.17128883570650544,0.09773463010787964,-0.21001389622688293,-0.05609047681311097,0.08839493989944458,-0.2679073214530945,-0.14024439722517457,0.06299430131912231,-0.17700085043907166,-0.16055651277521577,0.05227535963058472,-0.1047932505607605,-0.15328291326979127,0.03333866596221924,-0.20736515522003174,-0.046430702211651464,0.023437857627868652,-0.2533281147480011,-0.12805657357195344,0.004926204681396484,-0.1608460545539856,-0.11745528400162186,0.0004642009735107422,-0.097506582736969,-0.08717602759817566,-0.028133869171142578,-0.19315165281295776,-0.04265713587621178,-0.03568309545516968,-0.2324644923210144,-0.10176462203482117,-0.043541550636291504,-0.15761375427246094,-0.09297637164810624,-0.04035234451293945,-0.10415250062942505,-0.06975478947380509
L,0.0,0.0,0.0,0.1057937741279602,0.008444368839263916,-0.08014925702127584,0.21351176500320435,-0.04077184200286865,-0.11842452122482428,0.2986847162246704,-0.09945511817932129,-0.1470334915688909,0.367581844329834,-0.1384514570236206,-0.17447880788358816,0.15674138069152832,-0.19843003153800964,-0.07624814047130712,0.16715306043624878,-0.3217323124408722,-0.12290028615507254,0.16093415021896362,-0.40409547090530396,-0.15256507082494863,0.15228766202926636,-0.4703655242919922,-0.17366843803438314,0.08901423215866089,-0.2118147611618042,-0.05818043782028326,0.07657414674758911,-0.2661745846271515,-0.13807916029008993,0.056315481662750244,-0.17452749609947205,-0.15642359240564474,0.04979497194290161,-0.10581767559051514,-0.1499490974715627,0.024823784828186035,-0.2076956331729889,-0.04759805037292608,0.013632893562316895,-0.24988582730293274,-0.12387076898130545,-0.0001417994499206543,-0.15985321998596191,-0.11226611717256674,-0.0021863579750061035,-0.10050684213638306,-0.0838204263022817,-0.036237478256225586,-0.19267752766609192,-0.043210366206494655,-0.044672489166259766,-0.2286333441734314,-0.09874413295301565,-0.049023330211639404,-0.15669339895248413,-0.09019513561042913,-0.04351937770843506,-0.10706192255020142,-0.06875652952703604
L,0.0,0.0,0.0,0.10921746492385864,0.009762346744537354,-0.0748465844408912,0.2195417881011963,-0.04226905107498169,-0.1103230529443664,0.30569833517074585,-0.10231637954711914,-0.13713553929490274,0.3741644620895386,-0.13996392488479614,-0.16321322703522867,0.16488099098205566,-0.19645100831985474,-0.0682918616549415,0.17349004745483398,-0.31852078437805176,-0.1127268933669967,0.1667332649230957,-0.40188068151474,-0.14137375736397928,0.15782231092453003,-0.4666970372200012,-0.16192143047017282,0.09669286012649536,-0.21027493476867676,-0.052235238345090806,0.08497709035873413,-0.2648172676563263,-0.13029423737687296,0.06445062160491943,-0.17438894510269165,-0.14927809322041696,0.05679595470428467,-0.1039731502532959,-0.14298421526116556,0.03171056509017944,-0.20717310905456543,-0.04334528380793756,0.02094411849975586,-0.24927681684494019,-0.11780331665438837,0.007614791393280029,-0.16005945205688477,-0.10733142876786417,0.005333065986633301,-0.09817618131637573,-0.07951704794329828,-0.02968287467956543,-0.19105923175811768,-0.04021577918690866,-0.03742772340774536,-0.22642016410827637,-0.09482322269839472,-0.041259050369262695,-0.15454715490341187,-0.08700025463265604,-0.03484678268432617,-0.10320186614990234,-0.06585036599797434
L,0.0,0.0,0.0,0.10843461751937866,-0.00405275821685791,-0.07309184547161607,0.21132129430770874,-0.05108845233917236,-0.10793336804604081,0.2966644763946533,-0.11272180080413818,-0.1329256254026845,0.3648761510848999,-0.15072184801101685,-0.15571872468685655,0.15640366077423096,-0.20582127571105957,-0.06719458426928071,0.16671299934387207,-0.3280569016933441,-0.1094645964691594,0.16088777780532837,-0.40824565291404724,-0.1400313633272603,0.15188723802566528,-0.4746439754962921,-0.16284645672535447,0.0908622145652771,-0.21830710768699646,-0.04830182294940499,0.07919329404830933,-0.270504355430603,-0.11636066760515718,0.05836749076843262,-0.1817251443862915,-0.13242297943329362,0.05044686794281006,-0.11847054958343506,-0.12908637102341203,0.026460707187652588,-0.2133835256099701,-0.03606999616717843,0.018367350101470947,-0.26208260655403137,-0.10014468010162858,0.0035610198974609375,-0.17600446939468384,-0.08546650733446626,0.0015423297882080078,-0.11700987815856934,-0.059738184768910685,-0.032064616680145264,-0.19475102424621582,-0.029784135032649317,-0.03843289613723755,-0.23613283038139343,-0.07591209884380845,-0.04242771863937378,-0.16867804527282715,-0.06380575473999528,-0.036183059215545654,-0.11908209323883057,-0.042805630225892344
L,0.0,0.0,0.0,0.14747142791748047,0.0029114484786987305,-0.10478442598397919,0.2927703559398651,-0.0678742527961731,-0.15333240915353485,0.41183459758758545,-0.14171433448791504,-0.19145200837667176,0.5071372389793396,-0.18984544277191162,-0.22956101287419983,0.22694137692451477,-0.2742646336555481,-0.08218895335014054,0.23833706974983215,-0.44281327724456787,-0.1439846872192163,0.22219982743263245,-0.5594478845596313,-0.18611968744809815,0.2033073604106903,-0.6511677205562592,-0.2155729203325052,0.1366906464099884,-0.2892880439758301,-0.058963873128249134,0.11495548486709595,-0.37121233344078064,-0.16904389549310395,0.08367431163787842,-0.2530263662338257,-0.2013798176151056,0.07253140211105347,-0.1555982232093811,-0.19531306315477082,0.045994967222213745,-0.2820960283279419,-0.04644862253482529,0.0262937992811203,-0.3465719223022461,-0.15607092965657898,0.007824897766113281,-0.22000813484191895,-0.14756989170129486,0.006851851940155029,-0.1321583390235901,-0.10937092889363953,-0.04330414533615112,-0.26019972562789917,-0.04163397167141625,-0.052532851696014404,-0.3207974433898926,-0.12061733443553635,-0.05846753716468811,-0.22096270322799683,-0.11050633032138535,-0.04988476634025574,-0.14744210243225098,-0.07997280050332733
L,0.0,0.0,0.0,0.15299564599990845,-0.011836528778076172,-0.08814503488294179,0.307557076215744,-0.0692596435546875,-0.12365860727778966,0.43928518891334534,-0.13866955041885376,-0.1523014256095081,0.5355488955974579,-0.17817431688308716,-0.18084611979476506,0.2609536349773407,-0.2775644063949585,-0.05098900434724385,0.29090139269828796,-0.43991757929325104,-0.10104792800895268,0.2901693284511566,-0.547061562538147,-0.13797057655803258,0.2854953706264496,-0.6353496313095093,-0.1648552664851337,0.17202863097190857,-0.30181920528411865,-0.034671554837146346,0.15539300441741943,-0.3992806077003479,-0.13482580569736058,0.11413627862930298,-0.2812374234199524,-0.16731789198867375,0.09336915612220764,-0.18272274732589722,-0.16231163826934392,0.07899293303489685,-0.3038022220134735,-0.028143790114441458,0.05959334969520569,-0.37976303696632385,-0.13046718624583775,0.03185102343559265,-0.25368422269821167,-0.12343669173471028,0.02335536479949951,-0.16469717025756836,-0.08758121219626958,-0.015072107315063477,-0.29238075017929077,-0.02827462230972344,-0.019039824604988098,-0.35932624340057373,-0.10318623718968922,-0.0351216197013855,-0.2584991157054901,-0.0934228399132877,-0.03408318758010864,-0.18070614337921143,-0.06410520759574467
L,0.0,0.0,0.0,0.10390925407409668,0.009502589702606201,-0.0754643515974891,0.2120113968849182,-0.04098069667816162,-0.11082979154890893,0.2946964502334595,-0.0980997085571289,-0.13759558511084435,0.36035704612731934,-0.13789713382720947,-0.16370271754568932,0.15456247329711914,-0.1938803791999817,-0.06820217383211968,0.16318917274475098,-0.31430599093437195,-0.11435580116814492,0.15467989444732666,-0.39576083421707153,-0.14338353884524224,0.14513367414474487,-0.4598172903060913,-0.16343212735957025,0.08859097957611084,-0.20691967010498047,-0.052376507344902734,0.07841920852661133,-0.2629263997077942,-0.13328967106646417,0.054369986057281494,-0.1741940975189209,-0.15319949996775506,0.045997798442840576,-0.10452020168304443,-0.14652424168890832,0.025609910488128662,-0.20374080538749695,-0.04385302451557038,0.014183282852172852,-0.24680647253990173,-0.12215509873932717,-0.003326714038848877,-0.15895342826843262,-0.11183701318806527,-0.005932271480560303,-0.09857261180877686,-0.08265308153933404,-0.03422170877456665,-0.18914228677749634,-0.04090248656576989,-0.04299885034561157,-0.2248426079750061,-0.09693755817717431,-0.04904216527938843,-0.15480726957321167,-0.08803763848847268,-0.04343760013580322,-0.10479879379272461,-0.06542780113524316
L,0.0,0.0,0.0,0.10139107704162598,0.011639952659606934,-0.07959830008280733,0.2061018943786621,-0.03939563035964966,-0.11805789910090425,0.28553450107574463,-0.09798038005828857,-0.14694497726691225,0.35183924436569214,-0.13768893480300903,-0.1750927194191263,0.14636993408203125,-0.1907571256160736,-0.07624197743666628,0.15532469749450684,-0.3094983398914337,-0.12268996231091478,0.14590483903884888,-0.3889816999435425,-0.1509111597372339,0.13623523712158203,-0.45218953490257263,-0.17066798351538637,0.08146846294403076,-0.20482364296913147,-0.05893680073154428,0.06956034898757935,-0.2608969807624817,-0.14061928532851198,0.04731476306915283,-0.17321431636810303,-0.15969631813300111,0.03875631093978882,-0.10322147607803345,-0.15267037592661836,0.019488155841827393,-0.2025512158870697,-0.048898328019504333,0.005873322486877441,-0.24684083461761475,-0.12832035861742952,-0.010055482387542725,-0.15800553560256958,-0.11799901716244676,-0.012882232666015625,-0.095467209815979,-0.08896197371018388,-0.03770732879638672,-0.18852242827415466,-0.04464067138565042,-0.05140906572341919,-0.22232776880264282,-0.10336627058518388,-0.05659282207489014,-0.15147310495376587,-0.09630277000201204,-0.05117076635360718,-0.10071665048599243,-0.07481650255454042
L,0.0,0.0,0.0,0.10332262516021729,0.0077817440032958984,-0.07667003283351903,0.20840275287628174,-0.04338991641998291,-0.11335868844837194,0.2870292067527771,-0.10276931524276733,-0.14059988120645528,0.3514585494995117,-0.14155668020248413,-0.16710307160467153,0.15081024169921875,-0.19150236248970032,-0.07255679080337529,0.15849924087524414,-0.3094831109046936,-0.116831739340725,0.149058997631073,-0.3884735107421875,-0.14456138471216207,0.13936680555343628,-0.45167481899261475,-0.16454706052392964,0.0857897400856018,-0.20489123463630676,-0.05542934397310262,0.07371467351913452,-0.2619325816631317,-0.13188903490156179,0.05134981870651245,-0.1738647222518921,-0.1496296123608971,0.044637441635131836,-0.10474634170532227,-0.14314821818918233,0.023580729961395264,-0.20210370421409607,-0.04536091620177274,0.012123048305511475,-0.2473510205745697,-0.11935057202428823,-0.0028356313705444336,-0.16124659776687622,-0.10856666872352605,-0.0040648579597473145,-0.10087740421295166,-0.08107791552394872,-0.03486126661300659,-0.18704214692115784,-0.04098697463125234,-0.04629039764404297,-0.2224399447441101,-0.09629311123937612,-0.05124789476394653,-0.15263456106185913,-0.08890734324306493,-0.044688403606414795,-0.10198646783828735,-0.06830654749721532
L,0.0,0.0,0.0,0.09635072946548462,0.012519478797912598,-0.07807109284121339,0.19516432285308838,-0.03437727689743042,-0.11656611191946809,0.2688267230987549,-0.08937597274780273,-0.14523765968996827,0.3289441466331482,-0.12976151704788208,-0.173613374707287,0.1371120810508728,-0.1803366243839264,-0.07981215196568314,0.14247411489486694,-0.29823511838912964,-0.12841332483012025,0.13417422771453857,-0.37779533863067627,-0.15924284386355225,0.12509310245513916,-0.44050389528274536,-0.18069966661650483,0.0721777081489563,-0.19274935126304626,-0.06256513821799103,0.057444989681243896,-0.2496906816959381,-0.14554378914553467,0.03496640920639038,-0.16272801160812378,-0.16619141924101655,0.02672874927520752,-0.09346312284469604,-0.16040471720415894,0.01173388957977295,-0.19061994552612305,-0.05216635542828385,-0.007615566253662109,-0.23462361097335815,-0.13218966650683228,-0.022869527339935303,-0.1489771008491516,-0.12240651029068772,-0.023943781852722168,-0.08871132135391235,-0.09379700350481812,-0.043073952198028564,-0.1778014898300171,-0.04715386184770409,-0.0625765323638916,-0.21314793825149536,-0.10628367739636246,-0.06686145067214966,-0.1455182433128357,-0.0987784393401796,-0.059522032737731934,-0.09676903486251831,-0.07697709428984467
L,0.0,0.0,0.0,0.09619677066802979,0.010373711585998535,-0.0808019430533875,0.198464035987854,-0.03781139850616455,-0.12024724643387685,0.27259576320648193,-0.09531927108764648,-0.14905830632605443,0.33386701345443726,-0.13572514057159424,-0.17715559314646612,0.1404781937599182,-0.18586808443069458,-0.0817148105398644,0.14628100395202637,-0.30128413438796997,-0.13073455702223669,0.1373104453086853,-0.3801847994327545,-0.16144334684767614,0.12837344408035278,-0.4427414834499359,-0.18295438002505193,0.07464104890823364,-0.19858285784721375,-0.06311036806263814,0.05892825126647949,-0.25272059440612793,-0.14554382275500188,0.03877449035644531,-0.1637769341468811,-0.16514583836951147,0.034761786460876465,-0.09656310081481934,-0.15892901431479345,0.013698101043701172,-0.19666898250579834,-0.0517441273824204,-0.005999922752380371,-0.23423272371292114,-0.13110890399374853,-0.018641173839569092,-0.148118257522583,-0.12086317848124395,-0.01649683713912964,-0.09157896041870117,-0.09259148847021947,-0.041907429695129395,-0.18435987830162048,-0.04611580233731161,-0.059485554695129395,-0.21554526686668396,-0.10429689448037038,-0.062323689460754395,-0.14564472436904907,-0.09673845182814489,-0.052684783935546875,-0.09891670942306519,-0.07542017262139211
L,0.0,0.0,0.0,0.09687483310699463,0.007996916770935059,-0.0775633863281655,0.1971733570098877,-0.039179205894470215,-0.11536385483259437,0.2715946435928345,-0.09498459100723267,-0.1436973846625733,0.3327594995498657,-0.13342434167861938,-0.1714860982369828,0.14000707864761353,-0.18604472279548645,-0.07345654434675453,0.14637058973312378,-0.29947227239608765,-0.12019272512907264,0.1377800703048706,-0.3771854043006897,-0.1501940078210282,0.12952673435211182,-0.439167857170105,-0.17116245991701362,0.07695728540420532,-0.19793662428855896,-0.05557289711350677,0.062099993228912354,-0.2542358934879303,-0.1348908878039765,0.04028725624084473,-0.16808313131332397,-0.15477097398752448,0.03526109457015991,-0.10100311040878296,-0.14887224502081153,0.017617225646972656,-0.19514906406402588,-0.04480289659613845,-0.0016369819641113281,-0.23712143301963806,-0.12069157875293968,-0.01651132106781006,-0.15358906984329224,-0.11145628607982871,-0.015718460083007812,-0.09581166505813599,-0.08392434931511161,-0.037753403186798096,-0.18209734559059143,-0.03965538731927154,-0.05422961711883545,-0.21777144074440002,-0.09413875258678672,-0.05866396427154541,-0.15180867910385132,-0.08643801129574058,-0.050769686698913574,-0.10352802276611328,-0.06525832033867118
L,0.0,0.0,0.0,0.09535646438598633,0.009316682815551758,-0.07860629962860344,0.19686853885650635,-0.03781747817993164,-0.11698553668438194,0.2704067826271057,-0.09446531534194946,-0.1451473231810212,0.33146947622299194,-0.13365161418914795,-0.1724694664972901,0.1388416290283203,-0.18244516849517822,-0.07757877515732048,0.14495474100112915,-0.2945961654186249,-0.12449095355449913,0.1363670825958252,-0.3705431818962097,-0.15405270414530037,0.12689489126205444,-0.430656760931015,-0.17462152199922798,0.07462090253829956,-0.19460076093673706,-0.05953103261171577,0.06274181604385376,-0.24688094854354858,-0.1383196260231614,0.042720139026641846,-0.16036063432693481,-0.1569900657433152,0.03678995370864868,-0.09587639570236206,-0.15100324111162422,0.014213860034942627,-0.19275060296058655,-0.048654976804840544,-0.0014529824256896973,-0.23215967416763306,-0.12480210470138786,-0.014920532703399658,-0.14824366569519043,-0.11450096922098396,-0.015082180500030518,-0.09318143129348755,-0.08700871424852608,-0.04122132062911987,-0.18083372712135315,-0.043393868525612334,-0.0546838641166687,-0.21452057361602783,-0.09860855298219917,-0.05807572603225708,-0.14701896905899048,-0.09043227838455437,-0.05108517408370972,-0.10108798742294312,-0.06940709756790397
L,0.0,0.0,0.0,0.09484344720840454,0.004690945148468018,-0.07594164218565425,0.1928253173828125,-0.041264355182647705,-0.11340367551704844,0.2682156562805176,-0.09570634365081787,-0.1415131142344137,0.3305125832557678,-0.13409799337387085,-0.16838987674375971,0.13755351305007935,-0.18754494190216064,-0.0730038186516424,0.14492195844650269,-0.297768771648407,-0.11782189961334666,0.13717228174209595,-0.37197232246398926,-0.14694047476908167,0.1285751461982727,-0.43275946378707886,-0.1677279969658514,0.07412993907928467,-0.19972747564315796,-0.05614666770955523,0.06323349475860596,-0.2531306743621826,-0.1306629380192419,0.044582486152648926,-0.1694212555885315,-0.14843535926004847,0.03872483968734741,-0.10566043853759766,-0.14302845801969966,0.013714611530303955,-0.19732043147087097,-0.046276984175648295,0.0006642341613769531,-0.23999053239822388,-0.11712454762121638,-0.010808348655700684,-0.15802067518234253,-0.10588126387258967,-0.01113879680633545,-0.10200798511505127,-0.07942509408852061,-0.04126232862472534,-0.18434619903564453,-0.04230549316665133,-0.05408954620361328,-0.2162497341632843,-0.09391916300913294,-0.05648559331893921,-0.15063709020614624,-0.08582757171055277,-0.04918128252029419,-0.10530173778533936,-0.06582180913349589
L,0.0,0.0,0.0,0.09221023321151733,0.006550431251525879,-0.07654461228321452,0.18978816270828247,-0.039021849632263184,-0.11388695948789973,0.26480627059936523,-0.09353208541870117,-0.14140571617554087,0.3260916471481323,-0.12978553771972656,-0.1672637160963859,0.13474977016448975,-0.1844249665737152,-0.0747399922556724,0.1418592929840088,-0.29429715871810913,-0.12021931969593425,0.1344280242919922,-0.3677818179130554,-0.14865687453220744,0.12566840648651123,-0.4263615608215332,-0.16859039627979655,0.07040530443191528,-0.19650352001190186,-0.057364321882232616,0.059127628803253174,-0.24754005670547485,-0.1331666406340446,0.03932827711105347,-0.1616639494895935,-0.15011438691090007,0.034394025802612305,-0.09798800945281982,-0.14374616705845256,0.010689020156860352,-0.19447654485702515,-0.04716431313227076,-0.0027501583099365234,-0.23127645254135132,-0.11942287498186488,-0.015317440032958984,-0.15011805295944214,-0.10861924254368205,-0.015123188495635986,-0.09592556953430176,-0.08203566783140559,-0.04396998882293701,-0.1827167272567749,-0.042800321812137554,-0.05548214912414551,-0.21231979131698608,-0.0950158011264648,-0.05929422378540039,-0.14766740798950195,-0.08750522845457454,-0.052416443824768066,-0.10354632139205933,-0.06784249060820002
L,0.0,0.0,0.0,0.09428083896636963,-0.0014207959175109863,-0.07350170322852989,0.18999499082565308,-0.045281946659088135,-0.10777517118650337,0.2678130865097046,-0.09805154800415039,-0.1322499633689489,0.3264651894569397,-0.13629144430160522,-0.15484104761081596,0.1376848816871643,-0.19134509563446045,-0.06842612185674568,0.14675569534301758,-0.29860571026802063,-0.10831824400621315,0.14140206575393677,-0.37046629190444946,-0.1367583096881475,0.1332303285598755,-0.4313056766986847,-0.15801980802017113,0.07516747713088989,-0.2025332748889923,-0.04991616764264961,0.06028848886489868,-0.2548351287841797,-0.11554478564458748,0.04294407367706299,-0.17340129613876343,-0.1322756231685247,0.03843289613723755,-0.11258119344711304,-0.129305985655364,0.015772998332977295,-0.19909363985061646,-0.03794743948775192,0.002572298049926758,-0.24393326044082642,-0.09916875221925636,-0.008143484592437744,-0.16681712865829468,-0.08782632359462639,-0.008829474449157715,-0.11256140470504761,-0.06479627349573036,-0.03714722394943237,-0.18545174598693848,-0.03210284271436592,-0.048640549182891846,-0.22015488147735596,-0.07712464490133186,-0.051426708698272705,-0.15955084562301636,-0.0688126281757917,-0.04445165395736694,-0.11535173654556274,-0.050819066252287826
L,0.0,0.0,0.0,0.15334290266036987,-0.012808382511138916,-0.09161771015814679,0.30734142661094666,-0.06408262252807617,-0.1287708722203149,0.43717995285987854,-0.1310909390449524,-0.1579783998577966,0.5343951284885406,-0.17503643035888672,-0.185650571450509,0.26584458351135254,-0.27924901247024536,-0.051868970706976825,0.2936268746852875,-0.4392089545726776,-0.10476218836001294,0.2913455069065094,-0.5448003262281418,-0.1451903425305261,0.2856663763523102,-0.6306205093860626,-0.17447279320649045,0.17384815216064453,-0.3020797371864319,-0.03419593648604291,0.15471580624580383,-0.3922223746776581,-0.13505619691304105,0.11598652601242065,-0.2708066999912262,-0.16899317429951566,0.10004118084907532,-0.17595410346984863,-0.16629795657090085,0.07939937710762024,-0.303130179643631,-0.027203333765186244,0.05876028537750244,-0.37467634677886963,-0.12936302946499723,0.0328824520111084,-0.24815484881401062,-0.12235563175372022,0.02747437357902527,-0.16358140110969543,-0.08795569764069455,-0.015390604734420776,-0.2903786599636078,-0.027389410152949267,-0.019569575786590576,-0.3543804883956909,-0.10234454946211713,-0.03301993012428284,-0.2528415024280548,-0.09302709178618329,-0.027760326862335205,-0.17877769470214844,-0.06471133159092801
L,0.0,0.0,0.0,0.08797597885131836,0.009336113929748535,-0.07357846764800513,0.18505167961120605,-0.0325847864151001,-0.10937337396619284,0.2584308385848999,-0.08363795280456543,-0.13504849193570578,0.3128163814544678,-0.12240540981292725,-0.15930786548135245,0.13258838653564453,-0.1762714385986328,-0.07801494566676581,0.14192640781402588,-0.28467726707458496,-0.12277429370162452,0.1361902952194214,-0.35761773586273193,-0.1526382100391146,0.12838590145111084,-0.4170799255371094,-0.17419554112431967,0.07029849290847778,-0.1890001893043518,-0.06076881108758414,0.05747950077056885,-0.2417060136795044,-0.13213579175946677,0.03686565160751343,-0.15932559967041016,-0.14895441947457755,0.031460702419281006,-0.09995889663696289,-0.1449809801387545,0.011942148208618164,-0.18911302089691162,-0.04981474397656882,-0.0007460117340087891,-0.23514533042907715,-0.11542630014893973,-0.01402372121810913,-0.15901923179626465,-0.10238264320371115,-0.015215098857879639,-0.10714107751846313,-0.07743930635926688,-0.04052579402923584,-0.17997747659683228,-0.044783597867464664,-0.05350250005722046,-0.2129879593849182,-0.09279915509698355,-0.058183133602142334,-0.15170395374298096,-0.08390756515738929,-0.05207812786102295,-0.10987937450408936,-0.06496077595231498
L,0.0,0.0,0.0,0.08586221933364868,0.012289106845855713,-0.07068697507430244,0.1782071590423584,-0.02500772476196289,-0.10514325047780204,0.24575698375701904,-0.06793069839477539,-0.13051739479352165,0.29389941692352295,-0.10517454147338867,-0.1547099217300527,0.1326485276222229,-0.16902858018875122,-0.07236137385417152,0.14281082153320312,-0.2748569846153259,-0.11513502295066047,0.1389472484588623,-0.34806907176971436,-0.14314101780701805,0.13227641582489014,-0.4069790244102478,-0.1629337086801641,0.07199972867965698,-0.18374735116958618,-0.05599181498337913,0.05690646171569824,-0.2305971086025238,-0.1276113405351751,0.036017775535583496,-0.15397632122039795,-0.1459586932783239,0.027708470821380615,-0.09319692850112915,-0.14197212601948905,0.014270246028900146,-0.18562468886375427,-0.04569806302834678,-0.001222372055053711,-0.22357246279716492,-0.11216084803391624,-0.014841675758361816,-0.15231376886367798,-0.10297284419585395,-0.01837080717086792,-0.10034394264221191,-0.07929930235196281,-0.03659522533416748,-0.1776931881904602,-0.040898603898774866,-0.053713321685791016,-0.20460867881774902,-0.08972455705453086,-0.06005680561065674,-0.14594876766204834,-0.08313378090907264,-0.056246161460876465,-0.10351532697677612,-0.06472731525946784
L,0.0,0.0,0.0,0.08225882053375244,0.014715075492858887,-0.07184250625883948,0.17002993822097778,-0.01779162883758545,-0.10911429646527182,0.23252135515213013,-0.057221293449401855,-0.13709201636826407,0.2790890336036682,-0.08895516395568848,-0.16427262845551382,0.13765645027160645,-0.16253381967544556,-0.07774213674580466,0.1503596305847168,-0.26712095737457275,-0.12226206037318121,0.1476103663444519,-0.34008970856666565,-0.1514163089088143,0.14287817478179932,-0.39917588233947754,-0.17179300609146964,0.07875585556030273,-0.17950338125228882,-0.06106379601275336,0.06388145685195923,-0.22817060351371765,-0.13275303664719473,0.03795731067657471,-0.15280640125274658,-0.1514485103181542,0.02744978666305542,-0.09158164262771606,-0.14777436080490958,0.021426081657409668,-0.1834123432636261,-0.05011789101278197,0.005904734134674072,-0.22244128584861755,-0.11564657810246359,-0.011609315872192383,-0.15231353044509888,-0.10637269142186057,-0.016821742057800293,-0.09944641590118408,-0.08299407336031805,-0.030696451663970947,-0.17679685354232788,-0.04469832751070868,-0.04844695329666138,-0.20438548922538757,-0.09215996387516867,-0.056402504444122314,-0.14715737104415894,-0.08491153243100058,-0.053139567375183105,-0.10425925254821777,-0.06626296016489874
L,0.0,0.0,0.0,0.0781906247138977,0.0184209942817688,-0.07510130899407841,0.16316848993301392,-0.006216168403625488,-0.11400412070014454,0.22453653812408447,-0.0385282039642334,-0.14318985538938023,0.270426869392395,-0.06673109531402588,-0.1707559903190372,0.13925272226333618,-0.15931612253189087,-0.07724645780780293,0.15404623746871948,-0.2643519639968872,-0.12211594777562595,0.1541372537612915,-0.3398699164390564,-0.15143200057008244,0.15037685632705688,-0.3998757600784302,-0.1719309319780109,0.08029085397720337,-0.1780027151107788,-0.05894581275441624,0.06374359130859375,-0.22420328855514526,-0.13107385533311344,0.04045289754867554,-0.14660662412643433,-0.1489805211351154,0.03378850221633911,-0.08665233850479126,-0.14448189037301518,0.022840559482574463,-0.18373167514801025,-0.04710529419043041,0.006493985652923584,-0.2191975712776184,-0.11336364644029118,-0.009322047233581543,-0.14799731969833374,-0.10395590262868382,-0.011900007724761963,-0.09764999151229858,-0.08026351826646305,-0.030203938484191895,-0.1785479187965393,-0.04120955663182713,-0.045668840408325195,-0.20426034927368164,-0.09051528619983173,-0.05309683084487915,-0.14498043060302734,-0.08455322729804493,-0.04808247089385986,-0.10297507047653198,-0.06644231127955891
L,0.0,0.0,0.0,0.07395535707473755,0.018803894519805908,-0.07618103519742192,0.15630412101745605,-0.0059212446212768555,-0.11552989826266469,0.21403765678405762,-0.03860926628112793,-0.14478663698498906,0.257326602935791,-0.06826913356781006,-0.17239977017705144,0.14169639348983765,-0.1572878360748291,-0.07897695497338475,0.15900349617004395,-0.2603040933609009,-0.1243256960875243,0.16137349605560303,-0.3357851505279541,-0.1537737061149329,0.15992897748947144,-0.3966197371482849,-0.1744951565629691,0.08168518543243408,-0.17927277088165283,-0.06135733769004048,0.07154077291488647,-0.2280978262424469,-0.13334647909466923,0.04655641317367554,-0.15097647905349731,-0.15057602123086156,0.0367770791053772,-0.08996522426605225,-0.14537503913705052,0.023042738437652588,-0.18590140342712402,-0.05034848273460568,0.010660350322723389,-0.2200036346912384,-0.1172381301290244,-0.006595611572265625,-0.14831316471099854,-0.10760371730391682,-0.011045575141906738,-0.09831398725509644,-0.0834975425965041,-0.030779242515563965,-0.17981457710266113,-0.04528220713798703,-0.04289180040359497,-0.2049987018108368,-0.0950179432398528,-0.05120056867599487,-0.14510536193847656,-0.08847813651625813,-0.048304200172424316,-0.10401755571365356,-0.07002655015055836
L,0.0,0.0,0.0,0.07282161712646484,0.023089170455932617,-0.07685354583924209,0.1522156000137329,0.0031047463417053223,-0.11667499923174773,0.2086946964263916,-0.027072429656982422,-0.14683407777016555,0.24904710054397583,-0.05765533447265625,-0.1752235465592662,0.14611542224884033,-0.1497817039489746,-0.07915751867955123,0.16672509908676147,-0.2527298927307129,-0.12749849491780196,0.17133396863937378,-0.32858920097351074,-0.15940252178376113,0.17192161083221436,-0.38924992084503174,-0.18151855700676833,0.0863829255104065,-0.17298197746276855,-0.06264554941122924,0.08017730712890625,-0.2253510057926178,-0.13994266324704085,0.05131882429122925,-0.1480594277381897,-0.16072619193261062,0.039029479026794434,-0.084872305393219,-0.15659100049202834,0.02725398540496826,-0.1808817982673645,-0.05271393665140067,0.017498016357421875,-0.2192401885986328,-0.12605548136895095,-0.005381405353546143,-0.1433272361755371,-0.11757128172581588,-0.013209521770477295,-0.08888113498687744,-0.09195641660159026,-0.028369545936584473,-0.17562341690063477,-0.04847473138039504,-0.0408596396446228,-0.20509415864944458,-0.10372123354142104,-0.05095207691192627,-0.14432287216186523,-0.09744721137946044,-0.04909348487854004,-0.09976315498352051,-0.07746778660481368
L,0.0,0.0,0.0,0.07240283489227295,0.02310645580291748,-0.07528486991213867,0.1491108536720276,0.0021805763244628906,-0.11470933401869843,0.20816773176193237,-0.02680528163909912,-0.14484150106000016,0.2520657777786255,-0.054877519607543945,-0.1731537222294719,0.15075576305389404,-0.14590638875961304,-0.07974921310233185,0.17346429824829102,-0.24985265731811523,-0.13104906076478073,0.17976266145706177,-0.32692191004753113,-0.16596622163342545,0.1808122992515564,-0.3884405493736267,-0.19013790184544632,0.09039890766143799,-0.17068815231323242,-0.06427275532769272,0.0867496132850647,-0.22352102398872375,-0.14311600619839737,0.055715203285217285,-0.14558422565460205,-0.16455207163380692,0.041820406913757324,-0.08244454860687256,-0.16134926075028488,0.03156834840774536,-0.17998963594436646,-0.05539492288517067,0.024740874767303467,-0.21938735246658325,-0.12946260863827774,-0.00044655799865722656,-0.14321458339691162,-0.11996069693850586,-0.010997116565704346,-0.08763355016708374,-0.09389536971139023,-0.024305105209350586,-0.17657142877578735,-0.052198370489350054,-0.033222973346710205,-0.2095761001110077,-0.10778001839207718,-0.04496324062347412,-0.1495397686958313,-0.10024877780961106,-0.04562109708786011,-0.10434752702713013,-0.0794349476127536
L,0.0,0.0,0.0,0.07066279649734497,0.024632513523101807,-0.08035121096932585,0.14851492643356323,0.008714616298675537,-0.12264607085549528,0.2055872082710266,-0.020124733448028564,-0.15443646146619017,0.2504841685295105,-0.05158466100692749,-0.18421799673402006,0.14143484830856323,-0.1448427438735962,-0.0856553389009207,0.16346490383148193,-0.2506720721721649,-0.13772990538441832,0.16788750886917114,-0.3264791965484619,-0.17005199922883207,0.16945552825927734,-0.38705873489379883,-0.1920260561879843,0.08293718099594116,-0.17131948471069336,-0.06883569045626814,0.0784989595413208,-0.222324401140213,-0.15136105551087553,0.046550750732421875,-0.14318591356277466,-0.172251410621044,0.03281348943710327,-0.07914489507675171,-0.1669733001168936,0.02631831169128418,-0.17987024784088135,-0.059101391422387906,0.011403560638427734,-0.21298831701278687,-0.1380106581624716,-0.012447476387023926,-0.13490384817123413,-0.12998952700459654,-0.017857491970062256,-0.08211660385131836,-0.10362017883622343,-0.02524542808532715,-0.17461895942687988,-0.05509838818275625,-0.0435788631439209,-0.19699996709823608,-0.11383111013734037,-0.054568469524383545,-0.13298183679580688,-0.10823909922206099,-0.049764394760131836,-0.08952122926712036,-0.08834107204043562
L,0.0,0.0,0.0,0.07347273826599121,0.026155710220336914,-0.07883751974615905,0.1520654559135437,0.005778074264526367,-0.11907718912873122,0.2120295763015747,-0.02436673641204834,-0.149177266519402,0.2605475187301636,-0.054912269115448,-0.17752188281330916,0.1424846649169922,-0.1435624361038208,-0.08072963939223143,0.16418951749801636,-0.24718859791755676,-0.13068416551861617,0.16983449459075928,-0.32301995158195496,-0.16204529837879988,0.17184633016586304,-0.38327816128730774,-0.18337814347061965,0.08269816637039185,-0.16869574785232544,-0.06364784971985671,0.07709109783172607,-0.21999847888946533,-0.14375927881512496,0.04529780149459839,-0.1424739956855774,-0.16388614312920424,0.030687987804412842,-0.07917457818984985,-0.15862651006493422,0.02515089511871338,-0.17810028791427612,-0.05374448583636138,0.015435397624969482,-0.21594446897506714,-0.13191850320610854,-0.01136106252670288,-0.13953977823257446,-0.12373547838244292,-0.02182638645172119,-0.08491510152816772,-0.09706114814791533,-0.02685368061065674,-0.174896240234375,-0.04946070746693465,-0.039194703102111816,-0.20425677299499512,-0.1087564958742604,-0.053527772426605225,-0.14100432395935059,-0.10325238690886351,-0.05487644672393799,-0.09534549713134766,-0.08303793356928679
L,0.0,0.0,0.0,0.0760074257850647,0.026758313179016113,-0.07909730414820615,0.15758681297302246,0.0037026405334472656,-0.11850583891344968,0.21912401914596558,-0.03110295534133911,-0.14740513603163663,0.2696917653083801,-0.06121206283569336,-0.1741850856967062,0.14351767301559448,-0.144336998462677,-0.08237221430016461,0.1652144193649292,-0.25000840425491333,-0.1320378963179678,0.170579731464386,-0.3249444365501404,-0.16243180970622006,0.1725279688835144,-0.38307076692581177,-0.1829138879008383,0.08097928762435913,-0.16843312978744507,-0.06498456339312497,0.07934010028839111,-0.2214871048927307,-0.14652781526518766,0.04909181594848633,-0.14319831132888794,-0.1664297912545294,0.03491562604904175,-0.07893550395965576,-0.16017690638972226,0.022259533405303955,-0.17678958177566528,-0.05470941926313344,0.014199018478393555,-0.2121642827987671,-0.13339081744624082,-0.009797275066375732,-0.1361810564994812,-0.12587908248377744,-0.018828272819519043,-0.08280062675476074,-0.09908214549494687,-0.03145885467529297,-0.17414742708206177,-0.05003290961457196,-0.041474103927612305,-0.2032826542854309,-0.10898129234982434,-0.05326342582702637,-0.14091068506240845,-0.10416502098513547,-0.05311053991317749,-0.09591466188430786,-0.08436957339716855
L,0.0,0.0,0.0,0.15092158317565918,0.013779163360595703,-0.09139083841316875,0.31122538447380066,-0.04448091983795166,-0.12993190953009304,0.44280388951301575,-0.10948044061660767,-0.16109439501040157,0.5435269176959991,-0.14693349599838257,-0.1931528128074902,0.25931087136268616,-0.24929678440093994,-0.06215163463227924,0.2918952405452728,-0.4104820787906647,-0.11522963413469967,0.28874823451042175,-0.5214271247386932,-0.1512519396232861,0.2823345363140106,-0.6101286709308624,-0.17691328891985592,0.171089768409729,-0.27288171648979187,-0.04482752600186046,0.15787971019744873,-0.3659079968929291,-0.14983436235659298,0.11681056022644043,-0.2511705160140991,-0.18203580149882015,0.09637477993965149,-0.15084517002105713,-0.17520665892832454,0.08058503270149231,-0.27538979053497314,-0.037372679947544896,0.0634675920009613,-0.34797754883766174,-0.14372855195276912,0.03396105766296387,-0.22328516840934753,-0.13817882308237728,0.02441185712814331,-0.13391095399856567,-0.10170245686047252,-0.012496888637542725,-0.2663330137729645,-0.036360634057452046,-0.014422371983528137,-0.3339787423610687,-0.11380826452248272,-0.03160575032234192,-0.23349398374557495,-0.10605572679512676,-0.03219054639339447,-0.15662363171577454,-0.07756255337469753
L,0.0,0.0,0.0,0.07993966341018677,0.02427464723587036,-0.07808394653204687,0.1672971248626709,-0.0006362199783325195,-0.11642834467295415,0.23218894004821777,-0.039020657539367676,-0.1441868610442043,0.28443968296051025,-0.06971746683120728,-0.17055474889878042,0.1476570963859558,-0.15033310651779175,-0.08165035319927938,0.16983002424240112,-0.25329867005348206,-0.13123831821087606,0.17319321632385254,-0.3280222415924072,-0.16262926829460866,0.17396223545074463,-0.3883504271507263,-0.18424256814125783,0.08835464715957642,-0.1728261113166809,-0.06369233054522283,0.08183479309082031,-0.22570925951004028,-0.14266794098023183,0.049154460430145264,-0.14661014080047607,-0.16164637280110128,0.037316322326660156,-0.08477199077606201,-0.15609914732579,0.030202627182006836,-0.18128502368927002,-0.05275950876477964,0.018724918365478516,-0.2179540991783142,-0.12897274566296346,-0.008709311485290527,-0.1412043571472168,-0.11958464158180959,-0.016543447971343994,-0.08801209926605225,-0.09271175337437398,-0.024562418460845947,-0.17867475748062134,-0.04744516236189611,-0.03656107187271118,-0.21098560094833374,-0.10381226909760244,-0.05134302377700806,-0.14854758977890015,-0.09710548741225011,-0.051181018352508545,-0.10310900211334229,-0.07675508332852132
L,0.0,0.0,0.0,0.08315300941467285,0.023302912712097168,-0.07313477153378756,0.17360562086105347,-0.004360318183898926,-0.10964013541537554,0.24045014381408691,-0.042640507221221924,-0.13637542630034716,0.29222190380096436,-0.07142114639282227,-0.16204769814807207,0.15133768320083618,-0.15447276830673218,-0.07849892879325182,0.1729581356048584,-0.2585761249065399,-0.12678514326411516,0.17577141523361206,-0.3316529393196106,-0.15885722542601854,0.1752558946609497,-0.3917434811592102,-0.18137116635638506,0.09189701080322266,-0.17725205421447754,-0.06241587454873354,0.0807579755783081,-0.2256144881248474,-0.13911785090762407,0.050353825092315674,-0.14386439323425293,-0.1588008841355446,0.04045778512954712,-0.08165496587753296,-0.15486521924334795,0.03317761421203613,-0.1861882209777832,-0.05268907824951441,0.019841372966766357,-0.22175389528274536,-0.12528444732028277,-0.005822122097015381,-0.14221292734146118,-0.11554071212607653,-0.012965917587280273,-0.08762556314468384,-0.08987916166383059,-0.023210346698760986,-0.18276578187942505,-0.04827044809657366,-0.03694021701812744,-0.21250730752944946,-0.10216402912932665,-0.05075407028198242,-0.14774549007415771,-0.09433236623603136,-0.04880225658416748,-0.10140812397003174,-0.07374904955226214
L,0.0,0.0,0.0,0.08034676313400269,0.02002471685409546,-0.07296270198259691,0.17083680629730225,-0.009078145027160645,-0.10936432397995333,0.23861634731292725,-0.04903125762939453,-0.13572542435560564,0.2911698818206787,-0.07858926057815552,-0.16083020038042406,0.14788377285003662,-0.15083926916122437,-0.07939908719692568,0.16773051023483276,-0.2560681104660034,-0.12575006551180223,0.1698642373085022,-0.32896876335144043,-0.15531477398310045,0.16866767406463623,-0.3883722126483917,-0.17626053161058763,0.08980286121368408,-0.17408865690231323,-0.06310203737650255,0.07811206579208374,-0.2252025008201599,-0.13810892469320635,0.046383440494537354,-0.14531666040420532,-0.1564370251360927,0.034234046936035156,-0.08355712890625,-0.15180069274340013,0.03195887804031372,-0.18355566263198853,-0.052943863636592425,0.016572892665863037,-0.22468829154968262,-0.12381063467893938,-0.008273959159851074,-0.1487155556678772,-0.11443583733473162,-0.015860676765441895,-0.09442806243896484,-0.08953616834316591,-0.022855162620544434,-0.18060779571533203,-0.048049882716277637,-0.04143041372299194,-0.20944422483444214,-0.10087557948265413,-0.05308640003204346,-0.14910638332366943,-0.09444698757562975,-0.05035048723220825,-0.10504293441772461,-0.07535677469406465
L,0.0,0.0,0.0,0.08104598522186279,0.021398186683654785,-0.07284441201662162,0.17027467489242554,-0.009722530841827393,-0.10822797178005317,0.23678451776504517,-0.05164557695388794,-0.13352517394994834,0.2883380651473999,-0.08209747076034546,-0.15766729025816062,0.14304649829864502,-0.1519031524658203,-0.0781101918098841,0.1622137427330017,-0.25708138942718506,-0.12359264849399665,0.16344916820526123,-0.3311914801597595,-0.1524948438880358,0.16168755292892456,-0.3903390169143677,-0.1727624198672686,0.08201080560684204,-0.17341160774230957,-0.061399407523623495,0.07418203353881836,-0.22597616910934448,-0.1362331172702227,0.04333615303039551,-0.14827460050582886,-0.15447811393713096,0.02980571985244751,-0.08487343788146973,-0.14941051213716605,0.022709429264068604,-0.18058419227600098,-0.05074711127852538,0.01106935739517212,-0.2235223650932312,-0.12238746492838004,-0.0133553147315979,-0.14842629432678223,-0.11297487078880408,-0.022252917289733887,-0.09266215562820435,-0.08727593331312278,-0.032479941844940186,-0.17579138278961182,-0.04521205260132888,-0.04606503248214722,-0.20833951234817505,-0.09857587872718909,-0.05823439359664917,-0.1478978991508484,-0.09155009298299888,-0.05823546648025513,-0.10191118717193604,-0.0715867093083773
L,0.0,0.0,0.0,0.0825185775756836,0.017283201217651367,-0.07344768900826182,0.17158329486846924,-0.01418989896774292,-0.1087308969016334,0.23987680673599243,-0.05706930160522461,-0.13375971425726618,0.29227590560913086,-0.09060555696487427,-0.15715707052900996,0.14629417657852173,-0.15530550479888916,-0.07706692029192652,0.16557008028030396,-0.25922226905822754,-0.12290087301686015,0.16696548461914062,-0.3332626223564148,-0.15277580131247248,0.16518473625183105,-0.39343416690826416,-0.17376594949915614,0.08537524938583374,-0.17671048641204834,-0.06007655669405665,0.08009034395217896,-0.2304379940032959,-0.13447446335509028,0.05095487833023071,-0.15466874837875366,-0.15358436812117304,0.03756296634674072,-0.09295535087585449,-0.14929041970923151,0.02550363540649414,-0.18426889181137085,-0.049289591204669136,0.01674097776412964,-0.2259008288383484,-0.11945156712486948,-0.00528186559677124,-0.15233701467514038,-0.11015973944618906,-0.012977123260498047,-0.09782218933105469,-0.08490716625406947,-0.03067260980606079,-0.18027597665786743,-0.04393018741562571,-0.0408514142036438,-0.21215230226516724,-0.09615514386847224,-0.051294922828674316,-0.1527295708656311,-0.08938813914015498,-0.050382792949676514,-0.1078917384147644,-0.06981543410971369
L,0.0,0.0,0.0,0.08113592863082886,0.01485353708267212,-0.07350015197954463,0.16706150770187378,-0.015946805477142334,-0.1080650046940832,0.23724663257598877,-0.056032538414001465,-0.13211055402717875,0.2909676432609558,-0.0847274661064148,-0.15424652700386332,0.1463003158569336,-0.1589277982711792,-0.0748659924145727,0.16555410623550415,-0.2629874348640442,-0.11924196337423609,0.16735535860061646,-0.3354204297065735,-0.14943892066440867,0.1657535433769226,-0.39423978328704834,-0.171036320972064,0.08673059940338135,-0.1794494390487671,-0.056747581112006173,0.07718616724014282,-0.23402822017669678,-0.12897721235714243,0.047847747802734375,-0.15774798393249512,-0.14822194282970713,0.03621625900268555,-0.09649407863616943,-0.14469565753898905,0.028329789638519287,-0.18606990575790405,-0.044862940209725366,0.01619058847427368,-0.23011648654937744,-0.1130829707261114,-0.006279408931732178,-0.15656208992004395,-0.10463229124508189,-0.013046503067016602,-0.1024707555770874,-0.08069667522869395,-0.02632725238800049,-0.18090897798538208,-0.038442480611422525,-0.03904449939727783,-0.21287673711776733,-0.08977449988088892,-0.05021214485168457,-0.15450477600097656,-0.08376214956007288,-0.048324763774871826,-0.10996180772781372,-0.06516961311064051
L,0.0,0.0,0.0,0.08279973268508911,0.0179673433303833,-0.07210813266794958,0.17066752910614014,-0.010667502880096436,-0.10745762837689199,0.23992031812667847,-0.05029696226119995,-0.1332531626300124,0.29234111309051514,-0.08174443244934082,-0.1576081420258788,0.14773863554000854,-0.15146106481552124,-0.07443131310503759,0.16679680347442627,-0.2544989585876465,-0.11986609352391042,0.16830700635910034,-0.32815420627593994,-0.1501543427781371,0.1668175458908081,-0.3876802325248718,-0.17163599086563863,0.08856081962585449,-0.17282837629318237,-0.05841970247786321,0.0807386040687561,-0.22699826955795288,-0.13311847103398122,0.049569666385650635,-0.15227913856506348,-0.15304089141648092,0.03525388240814209,-0.09065467119216919,-0.14926529479782857,0.02998197078704834,-0.18028652667999268,-0.04854300049703397,0.01950913667678833,-0.22426694631576538,-0.11912053627531805,-0.005004703998565674,-0.15184283256530762,-0.11051358831684865,-0.014738321304321289,-0.09733814001083374,-0.08569183749716558,-0.024743258953094482,-0.17658501863479614,-0.043967099763563056,-0.03731405735015869,-0.20888447761535645,-0.09698565108340063,-0.05062425136566162,-0.15043675899505615,-0.09061960680048742,-0.0517917275428772,-0.10523980855941772,-0.071233725078514
L,0.0,0.0,0.0,0.08273231983184814,0.01871347427368164,-0.07266474716949745,0.17179745435714722,-0.008599281311035156,-0.10682813279915138,0.23993390798568726,-0.047050297260284424,-0.13149006866503044,0.28981226682662964,-0.07941555976867676,-0.15454802118826194,0.14966392517089844,-0.15220314264297485,-0.07070015572595878,0.169075608253479,-0.25667011737823486,-0.11396789752531333,0.16897040605545044,-0.3286752700805664,-0.1421957632212667,0.16719383001327515,-0.38685327768325806,-0.1617914458422689,0.09044891595840454,-0.1730913519859314,-0.05352658980179115,0.08300477266311646,-0.22570133209228516,-0.12723717295217796,0.05008786916732788,-0.15265995264053345,-0.14707428418684287,0.03570711612701416,-0.09141796827316284,-0.14262461864042564,0.032564520835876465,-0.1802728772163391,-0.042681371948006586,0.021595120429992676,-0.2242363691329956,-0.11317326330232902,-0.00516897439956665,-0.15328627824783325,-0.10560523920345588,-0.014528810977935791,-0.09879451990127563,-0.08093412422228141,-0.020688176155090332,-0.17643678188323975,-0.03717913307833953,-0.03242456912994385,-0.20930558443069458,-0.09037048571396156,-0.04823845624923706,-0.150465190410614,-0.08454995059061332,-0.05001956224441528,-0.10336482524871826,-0.06512975149441047
L,0.0,0.0,0.0,0.07767605781555176,0.01396709680557251,-0.0726573131099002,0.16267836093902588,-0.01632148027420044,-0.1080664358153598,0.23141181468963623,-0.05615168809890747,-0.133790347637202,0.28290271759033203,-0.08896160125732422,-0.158137995661761,0.14047688245773315,-0.15705162286758423,-0.07708540922548934,0.15763425827026367,-0.2632550597190857,-0.12286708122637435,0.15723645687103271,-0.3362940549850464,-0.15243904656317397,0.15459191799163818,-0.39523643255233765,-0.17304760581400558,0.08109772205352783,-0.17550498247146606,-0.06059508016851112,0.07009708881378174,-0.23023736476898193,-0.13658999270346328,0.039426326751708984,-0.1556130051612854,-0.15630565947439834,0.027522265911102295,-0.09514796733856201,-0.152231190265681,0.023799777030944824,-0.18105751276016235,-0.05022754511382743,0.008569180965423584,-0.22713583707809448,-0.12190145617869064,-0.015523731708526611,-0.15658175945281982,-0.11348623401072189,-0.02261507511138916,-0.10292714834213257,-0.0888308993592517,-0.028077661991119385,-0.17640089988708496,-0.04521429157402679,-0.04411512613296509,-0.21193087100982666,-0.09846662348654434,-0.05854898691177368,-0.15419858694076538,-0.09207780277874633,-0.05908370018005371,-0.10837823152542114,-0.07289474821236297
L,0.0,0.0,0.0,0.07804042100906372,0.015069782733917236,-0.07725681904690873,0.16270899772644043,-0.015197455883026123,-0.11544489655631196,0.2305617332458496,-0.05637246370315552,-0.14328832719462525,0.283660352230072,-0.09012466669082642,-0.169842136837417,0.14072275161743164,-0.1557484269142151,-0.08112882617848527,0.1564188003540039,-0.2610260844230652,-0.12679052148001801,0.1542338728904724,-0.3331180512905121,-0.1560845205559076,0.15073132514953613,-0.391504168510437,-0.17668469045298707,0.08252888917922974,-0.17369073629379272,-0.06259861383574616,0.06908154487609863,-0.2279810905456543,-0.13760787043707978,0.037612318992614746,-0.1548594832420349,-0.15716947410243165,0.025524437427520752,-0.09558576345443726,-0.15371840987342011,0.02538996934890747,-0.178847074508667,-0.0505714582278074,0.009838700294494629,-0.22745251655578613,-0.12149646673339021,-0.014898955821990967,-0.15754657983779907,-0.11318655852215898,-0.022391319274902344,-0.10386759042739868,-0.08929116819041383,-0.02686840295791626,-0.17393451929092407,-0.04434412885444772,-0.04314744472503662,-0.211536705493927,-0.09759375248091828,-0.0576702356338501,-0.1559353470802307,-0.09209025446313035,-0.05902242660522461,-0.11096417903900146,-0.07401581648724687
L,0.0,0.0,0.0,0.1501069813966751,-0.006628155708312988,-0.09341146458136507,0.3108409196138382,-0.06373673677444458,-0.1293920915220923,0.4458089619874954,-0.12941962480545044,-0.15553205121504732,0.5403396636247635,-0.17301338911056519,-0.18005195666300722,0.26470960676670074,-0.2742930054664612,-0.06259688396202989,0.29537834227085114,-0.4414280205965042,-0.11193498630272813,0.2926653176546097,-0.5550498366355896,-0.14852533150660463,0.28580231964588165,-0.6457488536834717,-0.17573856223570772,0.1733565479516983,-0.2947341203689575,-0.04157540980922647,0.1542276293039322,-0.3906087875366211,-0.13816073943125673,0.1147630363702774,-0.2746347188949585,-0.16927725482928224,0.09776289761066437,-0.17610770463943481,-0.16565265167700716,0.0820794552564621,-0.2956732511520386,-0.030441616067761856,0.05894388258457184,-0.36780306696891785,-0.12689878452765413,0.03527064621448517,-0.24710458517074585,-0.12030708451020189,0.03091152012348175,-0.16243129968643188,-0.08787206966626115,-0.009265333414077759,-0.2858732342720032,-0.026712907815451103,-0.015140175819396973,-0.349875271320343,-0.09849139709221788,-0.030698195099830627,-0.25189733505249023,-0.09113192964541383,-0.02552826702594757,-0.17887133359909058,-0.06536787409531541
L,0.0,0.0,0.0,0.0773051381111145,0.013262033462524414,-0.08183878806268297,0.16037380695343018,-0.016484081745147705,-0.12279611226951204,0.23069125413894653,-0.05735886096954346,-0.15233519819413743,0.28873908519744873,-0.09211033582687378,-0.17987659719621263,0.14090049266815186,-0.15798652172088623,-0.08578681346808992,0.15539759397506714,-0.2603685259819031,-0.13437177386914811,0.1524779200553894,-0.3330700397491455,-0.16466356959973893,0.14821946620941162,-0.3906897306442261,-0.18546804931794725,0.08103066682815552,-0.17704331874847412,-0.06590106484328828,0.0670655369758606,-0.22867941856384277,-0.14431339648400865,0.03830385208129883,-0.1514480710029602,-0.16300848272477708,0.030156254768371582,-0.09040111303329468,-0.1575586512390288,0.02295762300491333,-0.18140864372253418,-0.05325768661533914,0.006506741046905518,-0.21896106004714966,-0.12685328868066392,-0.014660060405731201,-0.1473645567893982,-0.11890927848254762,-0.017116069793701172,-0.09690475463867188,-0.09440728423034273,-0.02974456548690796,-0.17609375715255737,-0.04673127976094804,-0.04729664325714111,-0.20370012521743774,-0.10089689639245591,-0.05706512928009033,-0.1454293131828308,-0.09656849649583421,-0.05206090211868286,-0.10292869806289673,-0.0791117563549193
L,0.0,0.0,0.0,0.07735759019851685,0.01568049192428589,-0.08148905850624999,0.15996414422988892,-0.015476763248443604,-0.12189415312981566,0.22743630409240723,-0.05748015642166138,-0.15070246375775298,0.2851980924606323,-0.09041345119476318,-0.17775926209664306,0.139168381690979,-0.1566411852836609,-0.0847548864004608,0.15178358554840088,-0.26012349128723145,-0.131681250703096,0.1483636498451233,-0.33173781633377075,-0.1620532444832321,0.14346963167190552,-0.38870346546173096,-0.1833039096710678,0.08108460903167725,-0.17367678880691528,-0.06387286103939971,0.06436789035797119,-0.22456300258636475,-0.1402375421640869,0.03606146574020386,-0.14814084768295288,-0.15944017685627898,0.02728557586669922,-0.08823716640472412,-0.1551485232231613,0.0249636173248291,-0.17765653133392334,-0.04997972614741286,0.005297303199768066,-0.22006332874298096,-0.12183522648787459,-0.01664668321609497,-0.1498125195503235,-0.1139018408176895,-0.021056652069091797,-0.09767967462539673,-0.08986159629797896,-0.025597572326660156,-0.17159706354141235,-0.042221980464219655,-0.044855713844299316,-0.20395076274871826,-0.0963455311176773,-0.057300567626953125,-0.1466519832611084,-0.09178284026360473,-0.056379497051239014,-0.10184359550476074,-0.07404859579777678
L,0.0,0.0,0.0,0.0778573751449585,0.01480036973953247,-0.07973862438817036,0.16161590814590454,-0.016189098358154297,-0.11963561176676762,0.22940582036972046,-0.059074997901916504,-0.14874260872025502,0.28592342138290405,-0.09322577714920044,-0.17613013833184255,0.13982611894607544,-0.15540999174118042,-0.08393160253186238,0.15108776092529297,-0.25934141874313354,-0.13175096362252248,0.14646130800247192,-0.3317725956439972,-0.16143300383706105,0.14120537042617798,-0.38937216997146606,-0.1818430945219518,0.08094924688339233,-0.17320287227630615,-0.06505586951394093,0.06519609689712524,-0.22516155242919922,-0.14324542134423268,0.03704637289047241,-0.15008217096328735,-0.16242318599839223,0.027545452117919922,-0.0888676643371582,-0.15738294273037923,0.024051010608673096,-0.17716002464294434,-0.05308932437915814,0.005354464054107666,-0.21608459949493408,-0.12675685434956563,-0.015260577201843262,-0.1456725001335144,-0.11889736353774083,-0.019216060638427734,-0.09317445755004883,-0.09426887332816136,-0.027457773685455322,-0.17122900485992432,-0.04709666966815007,-0.04555875062942505,-0.20015960931777954,-0.10172057151217473,-0.05638653039932251,-0.14194458723068237,-0.09711202978510869,-0.05384474992752075,-0.097328782081604,-0.07913922517914784
L,0.0,0.0,0.0,0.07806253433227539,0.009376108646392822,-0.07298188215221657,0.16197502613067627,-0.02651447057723999,-0.1108052090379168,0.2293800711631775,-0.0699392557144165,-0.13904998755182518,0.2861606478691101,-0.10395818948745728,-0.1661221936913897,0.13547086715698242,-0.16186010837554932,-0.07915570145572914,0.14544951915740967,-0.2653214931488037,-0.1234639242860247,0.13960784673690796,-0.33590495586395264,-0.15198204970087303,0.131888747215271,-0.3936498463153839,-0.17243797635759606,0.0770682692527771,-0.17674869298934937,-0.06234382024134888,0.05754286050796509,-0.2244986891746521,-0.13411220466818108,0.03391218185424805,-0.14731162786483765,-0.1510891125174929,0.028040647506713867,-0.08685499429702759,-0.1470693007680346,0.01936429738998413,-0.17938446998596191,-0.05182219972934021,0.00026357173919677734,-0.22291618585586548,-0.11687840079988732,-0.015449583530426025,-0.15351563692092896,-0.10623327201332344,-0.016530215740203857,-0.10084927082061768,-0.08297805791820778,-0.0316120982170105,-0.17117774486541748,-0.04721353506769432,-0.051350176334381104,-0.2032143473625183,-0.0953461260172297,-0.05874389410018921,-0.14794397354125977,-0.0891667783829142,-0.054117023944854736,-0.10480594635009766,-0.0721340880366732
L,0.0,0.0,0.0,0.0742563009262085,0.015655577182769775,-0.07868033991776713,0.15931832790374756,-0.017569303512573242,-0.11927854613982447,0.22796630859375,-0.06460744142532349,-0.14862300799809702,0.288341224193573,-0.09910726547241211,-0.17601099954568156,0.1339130401611328,-0.1558186411857605,-0.08755820588790186,0.14430999755859375,-0.25980931520462036,-0.13687318907700785,0.13705837726593018,-0.33149251341819763,-0.16679278360329874,0.12937712669372559,-0.3877183794975281,-0.18738977955304392,0.07169198989868164,-0.17275238037109375,-0.06977439270936259,0.05815410614013672,-0.22282612323760986,-0.14843206451855906,0.03415030241012573,-0.14257127046585083,-0.1669011597486616,0.027809858322143555,-0.0811232328414917,-0.16180241452180155,0.013252019882202148,-0.17565512657165527,-0.05870638014398821,-0.004049539566040039,-0.20867514610290527,-0.1322835420223356,-0.019761502742767334,-0.1351417899131775,-0.12376132206641444,-0.019542813301086426,-0.08638578653335571,-0.09963537351809748,-0.03947657346725464,-0.16933715343475342,-0.05344859854899653,-0.05484306812286377,-0.19311511516571045,-0.10703856842242487,-0.06066000461578369,-0.13187652826309204,-0.10231252358876475,-0.05402052402496338,-0.09065675735473633,-0.08533233003340968
L,0.0,0.0,0.0,0.07770282030105591,0.011170148849487305,-0.07828768543581077,0.16454309225082397,-0.02755504846572876,-0.11762077562192985,0.2354828119277954,-0.07756578922271729,-0.1460073014316947,0.2975706458091736,-0.114169180393219,-0.17279367349723884,0.13755285739898682,-0.15972310304641724,-0.0837037583408744,0.14468568563461304,-0.26521772146224976,-0.1311479081926734,0.13661015033721924,-0.3379085063934326,-0.15990260444263527,0.12827205657958984,-0.39507418870925903,-0.17982264063934394,0.07621198892593384,-0.17546629905700684,-0.06552955709079811,0.05778390169143677,-0.2286604642868042,-0.14209245346168586,0.03323870897293091,-0.15196478366851807,-0.16027301750759193,0.027970433235168457,-0.09085285663604736,-0.15506066582779,0.01780599355697632,-0.17823266983032227,-0.05429213322381088,-0.0009196996688842773,-0.21456849575042725,-0.1260708739576728,-0.018166184425354004,-0.14389055967330933,-0.11816595695594856,-0.017692089080810547,-0.09412986040115356,-0.0944447462973983,-0.034288763999938965,-0.1710045337677002,-0.048941997957030026,-0.052282094955444336,-0.1978626847267151,-0.10175517402271339,-0.06021541357040405,-0.13913756608963013,-0.09760763697008201,-0.05353492498397827,-0.09729617834091187,-0.08086890183071205
L,0.0,0.0,0.0,0.07656759023666382,0.012802064418792725,-0.0725692003663454,0.16139698028564453,-0.025059044361114502,-0.1104444205459032,0.23155975341796875,-0.07277625799179077,-0.13831627514919376,0.29058998823165894,-0.10825896263122559,-0.16500803974231815,0.12832093238830566,-0.1535419225692749,-0.08073246625026798,0.1372777819633484,-0.2550923228263855,-0.12750359025558566,0.13092803955078125,-0.32515865564346313,-0.1558095380361948,0.12391668558120728,-0.3779643177986145,-0.17508848157486057,0.06726729869842529,-0.17024677991867065,-0.06529820111354923,0.052377521991729736,-0.21719521284103394,-0.14092938747963046,0.02899622917175293,-0.1401565670967102,-0.15848109272083377,0.022316813468933105,-0.07859241962432861,-0.1533249780233774,0.010139763355255127,-0.17269009351730347,-0.05628338974675273,-0.00541996955871582,-0.2003381848335266,-0.1269924655254755,-0.02207285165786743,-0.1284850835800171,-0.1184719815548334,-0.023797571659088135,-0.0785137414932251,-0.09462268796524143,-0.04135781526565552,-0.16417258977890015,-0.05256956961711978,-0.05628395080566406,-0.18666702508926392,-0.10324922350010013,-0.0635232925415039,-0.12784665822982788,-0.09742806997856235,-0.05952543020248413,-0.08689171075820923,-0.08000926074346637
L,0.0,0.0,0.0,0.07752043008804321,0.009053707122802734,-0.06987794809680992,0.16180729866027832,-0.030670583248138428,-0.10597163014751487,0.23215603828430176,-0.07916176319122314,-0.13317659073215538,0.2935921549797058,-0.11315149068832397,-0.1586705850873571,0.1337297558784485,-0.1547766923904419,-0.07221357845407539,0.14120614528656006,-0.25706058740615845,-0.11703262054067665,0.13317126035690308,-0.32700955867767334,-0.1438131140981298,0.12550824880599976,-0.3802269995212555,-0.16195548646789604,0.07184338569641113,-0.1715836524963379,-0.05838853441816383,0.058605968952178955,-0.22024613618850708,-0.13330943458419853,0.03458142280578613,-0.1438446044921875,-0.15095746093135887,0.02775859832763672,-0.08238112926483154,-0.1450059967551809,0.013184905052185059,-0.17495298385620117,-0.05109131284695678,7.110834121704102e-05,-0.20591843128204346,-0.12154725514989906,-0.016740083694458008,-0.1355799436569214,-0.11308235251051002,-0.0186007022857666,-0.08656716346740723,-0.08841633372646385,-0.039724528789520264,-0.16773223876953125,-0.04896499165040069,-0.05252277851104736,-0.19392085075378418,-0.09841678612571769,-0.05949568748474121,-0.13686388731002808,-0.09152396344286018,-0.05535155534744263,-0.09614801406860352,-0.07287328266244941
L,0.0,0.0,0.0,0.07655763626098633,0.008712351322174072,-0.0694608903240379,0.16174328327178955,-0.03524374961853027,-0.10451775702945554,0.2310219407081604,-0.08497834205627441,-0.13067585143558347,0.29273295402526855,-0.11515384912490845,-0.15563931974880063,0.12996011972427368,-0.15097129344940186,-0.07193389448634946,0.13763052225112915,-0.2531502842903137,-0.11673621001951062,0.12999355792999268,-0.3236253261566162,-0.14306910249702298,0.122691810131073,-0.3773024082183838,-0.16105694982520902,0.06951040029525757,-0.1672755479812622,-0.057990352691334124,0.0572054386138916,-0.2169542908668518,-0.1337832501839813,0.03137695789337158,-0.14086413383483887,-0.15132641705982053,0.02371925115585327,-0.07934916019439697,-0.1447225651454147,0.012939035892486572,-0.17021816968917847,-0.05059171009175145,-0.003692448139190674,-0.2018272876739502,-0.12245488080493772,-0.0217246413230896,-0.13099980354309082,-0.11485960993282163,-0.022230684757232666,-0.08033621311187744,-0.08988559904805982,-0.03762400150299072,-0.1623479723930359,-0.04814093473665082,-0.05376636981964111,-0.18988090753555298,-0.09862192633859479,-0.060954272747039795,-0.13325196504592896,-0.09258527222387158,-0.055135130882263184,-0.09161949157714844,-0.07417753997556531
L,0.0,0.0,0.0,0.07790255546569824,0.007468879222869873,-0.0658412897715408,0.16241544485092163,-0.038978517055511475,-0.09951558203790967,0.23267626762390137,-0.0872538685798645,-0.12518193067406003,0.2937229871749878,-0.11476719379425049,-0.15033807100151364,0.12729626893997192,-0.15346068143844604,-0.06819317729566876,0.13435232639312744,-0.25282925367355347,-0.1112684035429794,0.12773758172988892,-0.3219830393791199,-0.13745981694553677,0.12106794118881226,-0.37523025274276733,-0.1557950103411514,0.06680327653884888,-0.1692110300064087,-0.05604492740128819,0.054974377155303955,-0.21493756771087646,-0.1302065128216583,0.029631078243255615,-0.1378418207168579,-0.14742683113907162,0.021123170852661133,-0.07711935043334961,-0.14130054653976742,0.009495139122009277,-0.17109280824661255,-0.05007530988548581,-0.005579650402069092,-0.20359599590301514,-0.12077778817509,-0.02365511655807495,-0.131811261177063,-0.112723568988784,-0.026511549949645996,-0.08058440685272217,-0.08795294405315701,-0.04144465923309326,-0.1615837812423706,-0.04873349757288281,-0.05649566650390625,-0.18852341175079346,-0.0986900875100929,-0.06327742338180542,-0.13158249855041504,-0.09191994608734433,-0.05934268236160278,-0.08999085426330566,-0.07329609484766308
L,0.0,0.0,0.0,0.1516389548778534,0.0010415315628051758,-0.08696615168974553,0.30857259035110474,-0.04991316795349121,-0.12175299445316945,0.43948423862457275,-0.11414098739624023,-0.1490569210998789,0.5363604426383972,-0.15300893783569336,-0.17524426648543034,0.2621200680732727,-0.2609853744506836,-0.052790424173332795,0.2955428957939148,-0.42546531558036804,-0.10365029642508183,0.29385799169540405,-0.5373609662055969,-0.14184572765753423,0.28904324769973755,-0.6268932521343231,-0.16954764196798955,0.17171713709831238,-0.2817656099796295,-0.035546927099682435,0.1598094403743744,-0.3759087324142456,-0.13349617490694676,0.1209457516670227,-0.26063764095306396,-0.1668542421810404,0.10347017645835876,-0.162927508354187,-0.16415497133658086,0.08002716302871704,-0.2828103303909302,-0.027818382104493722,0.06681981682777405,-0.3565911054611206,-0.1259454138033167,0.03937003016471863,-0.2345638871192932,-0.11840541878864919,0.031189680099487305,-0.1489499807357788,-0.08422190169022237,-0.013128668069839478,-0.2735530734062195,-0.02685306625590478,-0.011859238147735596,-0.34103378653526306,-0.09784715095684682,-0.02691403031349182,-0.2422766089439392,-0.08762828478739415,-0.024374932050704956,-0.1681309938430786,-0.0593548476152197
L,0.0,0.0,0.0,0.07840895652770996,0.006940126419067383,-0.06790589924776924,0.16556400060653687,-0.03725910186767578,-0.1026565694423951,0.23547136783599854,-0.0888373851776123,-0.12833479430401695,0.296800434589386,-0.11848092079162598,-0.1529153772803582,0.12914025783538818,-0.15255320072174072,-0.07455154146874321,0.13863325119018555,-0.2535991072654724,-0.11861408140385521,0.13212257623672485,-0.3233821392059326,-0.14485234405720604,0.1254848837852478,-0.37844133377075195,-0.16345383610451591,0.06856369972229004,-0.16970831155776978,-0.06169343750799072,0.05729550123214722,-0.21648728847503662,-0.13676111783707512,0.031611502170562744,-0.13872945308685303,-0.15407708670819176,0.02340465784072876,-0.07769942283630371,-0.1481105425568856,0.011234879493713379,-0.17288810014724731,-0.05468522768342865,-0.0021625161170959473,-0.20486348867416382,-0.12493881966793907,-0.019873738288879395,-0.13473480939865112,-0.11639399465048683,-0.022001266479492188,-0.0853278636932373,-0.09202545519793404,-0.04078042507171631,-0.16511207818984985,-0.05253613006198776,-0.055020034313201904,-0.18923944234848022,-0.10254339512312782,-0.06122124195098877,-0.1319933533668518,-0.09614986564839256,-0.05521118640899658,-0.09118044376373291,-0.07805037136996162
L,0.0,0.0,0.0,0.07960158586502075,0.006532192230224609,-0.06820705889970924,0.1656138300895691,-0.037932395935058594,-0.10522052257568504,0.23459839820861816,-0.08856862783432007,-0.1336043885281768,0.2973911762237549,-0.11613649129867554,-0.16180787592441703,0.12743663787841797,-0.15498429536819458,-0.07739047318012382,0.13502830266952515,-0.2542949914932251,-0.12246007829219963,0.12821125984191895,-0.32246583700180054,-0.1504551580479827,0.12158358097076416,-0.37761420011520386,-0.1706447264483657,0.06706327199935913,-0.17206412553787231,-0.06473328530103828,0.05289202928543091,-0.2140011191368103,-0.1407609841159072,0.028834104537963867,-0.134016215801239,-0.1581170371106353,0.020331203937530518,-0.07341146469116211,-0.15280557780773307,0.008971810340881348,-0.1751573085784912,-0.05794152974397804,-0.0064209699630737305,-0.20991593599319458,-0.12756885200054313,-0.021399080753326416,-0.13898414373397827,-0.11795352756292488,-0.02378755807876587,-0.08697384595870972,-0.0936801245740142,-0.043224871158599854,-0.16587555408477783,-0.05616138114840652,-0.060483574867248535,-0.1928231120109558,-0.10632697849781181,-0.06628501415252686,-0.13565069437026978,-0.09947505205185081,-0.06215834617614746,-0.09338349103927612,-0.08127379774362709
L,0.0,0.0,0.0,0.08016914129257202,0.008246958255767822,-0.06970795696986443,0.16791880130767822,-0.03608638048171997,-0.10587586170447594,0.23799866437911987,-0.0866885781288147,-0.13272434180987602,0.3010733723640442,-0.11332112550735474,-0.15930919057143456,0.12962019443511963,-0.14963781833648682,-0.07839107221377617,0.13733428716659546,-0.2508714199066162,-0.12215614771855599,0.1321236491203308,-0.31989002227783203,-0.1493877292276693,0.12538528442382812,-0.3751625418663025,-0.16915444737685448,0.0695575475692749,-0.16690921783447266,-0.06396525061143166,0.05471384525299072,-0.21148937940597534,-0.1384818375707937,0.029182851314544678,-0.1333632469177246,-0.15601880556357628,0.01924419403076172,-0.07325929403305054,-0.1512941092850042,0.011637508869171143,-0.17110675573349,-0.055451673329002915,-0.004428863525390625,-0.20760607719421387,-0.12451234912884956,-0.02126234769821167,-0.13905179500579834,-0.11628830140841728,-0.0250169038772583,-0.08683675527572632,-0.09303139603150612,-0.04102683067321777,-0.16324859857559204,-0.051955227613575516,-0.05700206756591797,-0.1946038007736206,-0.10269465005410439,-0.06370735168457031,-0.14002960920333862,-0.09735904341948753,-0.0606728196144104,-0.0971408486366272,-0.08028606033337837
L,0.0,0.0,0.0,0.08160197734832764,0.008117377758026123,-0.07093930116123204,0.17046791315078735,-0.03657054901123047,-0.10756404569572453,0.2407793402671814,-0.08746337890625,-0.1344757737798119,0.3049381971359253,-0.11445975303649902,-0.16117220243638997,0.1332067847251892,-0.1507294774055481,-0.077542817799511,0.1418200135231018,-0.25053560733795166,-0.1210667031092072,0.13569414615631104,-0.3197007179260254,-0.14846359810060505,0.12833118438720703,-0.37597841024398804,-0.16840991994565968,0.07496398687362671,-0.16934090852737427,-0.062155863849582715,0.055717527866363525,-0.21342724561691284,-0.13553456088727955,0.03033393621444702,-0.1350582242012024,-0.15291795751279835,0.02286583185195923,-0.07524055242538452,-0.1480716081542397,0.0176316499710083,-0.17506372928619385,-0.05285793787068371,-0.0019103288650512695,-0.21111023426055908,-0.1211325885934258,-0.01945042610168457,-0.1410927176475525,-0.11287456622547154,-0.021929681301116943,-0.08891522884368896,-0.0897198083085442,-0.03439772129058838,-0.16828268766403198,-0.048720306364955945,-0.05374330282211304,-0.19665133953094482,-0.09913944324678425,-0.06173098087310791,-0.13982093334197998,-0.09376720955795292,-0.05765247344970703,-0.09671014547348022,-0.07653554400629048
L,0.0,0.0,0.0,0.07834023237228394,0.006691873073577881,-0.07255293668737295,0.16409850120544434,-0.04079461097717285,-0.1096350500129688,0.23596912622451782,-0.0918574333190918,-0.1367683360122669,0.29982811212539673,-0.1182524561882019,-0.1633481779836643,0.13109612464904785,-0.15689045190811157,-0.07602144272556188,0.1390368938446045,-0.25761711597442627,-0.11782910914649847,0.13207942247390747,-0.3271273374557495,-0.14326750726928594,0.12590861320495605,-0.38265377283096313,-0.1617564508460987,0.07197517156600952,-0.17458981275558472,-0.0596804419301975,0.056385338306427,-0.22047412395477295,-0.1321252831958759,0.02821117639541626,-0.14289402961730957,-0.1490094909214008,0.0194699764251709,-0.0820544958114624,-0.14333159716358068,0.014773190021514893,-0.1798669695854187,-0.04958094151248815,-0.0029819607734680176,-0.2198898196220398,-0.11757750303974035,-0.02419227361679077,-0.14972835779190063,-0.10973028333415868,-0.0284692645072937,-0.09579199552536011,-0.08625192435016515,-0.037114739418029785,-0.17252904176712036,-0.04472826661100271,-0.0573650598526001,-0.20553869009017944,-0.09514262022008779,-0.06705260276794434,-0.14966362714767456,-0.08981926233997228,-0.06403541564941406,-0.10547816753387451,-0.07211083413591268
L,0.0,0.0,0.0,0.08124858140945435,0.004779338836669922,-0.06885184095237662,0.1650143265724182,-0.04241889715194702,-0.10502641395662238,0.23455345630645752,-0.09295344352722168,-0.13244627163741995,0.2981434464454651,-0.11954724788665771,-0.15941503391597678,0.12843585014343262,-0.15867334604263306,-0.07224749521348883,0.13545042276382446,-0.25984567403793335,-0.11520426467988898,0.12875300645828247,-0.32935070991516113,-0.14191868648860861,0.12241047620773315,-0.38447606563568115,-0.160977673986892,0.06899082660675049,-0.1749005913734436,-0.05832777292464186,0.054717421531677246,-0.22341954708099365,-0.1317258749995034,0.02861189842224121,-0.14524918794631958,-0.14930756137702872,0.01931065320968628,-0.08331525325775146,-0.14380319164131095,0.01126706600189209,-0.1781216263771057,-0.05044634387824942,-0.0048108696937561035,-0.21947717666625977,-0.11938822017047812,-0.023928165435791016,-0.1477649211883545,-0.11068779722783972,-0.027984559535980225,-0.09386938810348511,-0.08622894183729102,-0.04090660810470581,-0.1687489151954651,-0.04751506940458228,-0.05824685096740723,-0.2015547752380371,-0.09723301724527289,-0.06641232967376709,-0.14514082670211792,-0.09014063821170737,-0.06362944841384888,-0.10170835256576538,-0.0712780480179589
L,0.0,0.0,0.0,0.08041805028915405,0.006737947463989258,-0.07258266002111924,0.16771888732910156,-0.039586544036865234,-0.11120988965206635,0.23843079805374146,-0.09198886156082153,-0.14029042959385407,0.3024182915687561,-0.12165802717208862,-0.16861472070389283,0.1353895664215088,-0.15885412693023682,-0.07814197778873933,0.14320451021194458,-0.2624892592430115,-0.12339744508438599,0.13561475276947021,-0.3320770263671875,-0.1514721417444278,0.12816232442855835,-0.3881566524505615,-0.17146638572388184,0.07661271095275879,-0.17733770608901978,-0.06312113791876328,0.057196855545043945,-0.2238282561302185,-0.13893482625656617,0.030968546867370605,-0.14274752140045166,-0.1566836589592029,0.022079646587371826,-0.0801917314529419,-0.15129513085060609,0.019611477851867676,-0.18231576681137085,-0.05446880102329743,-0.001369178295135498,-0.21966618299484253,-0.12475862890654099,-0.018929004669189453,-0.14590060710906982,-0.11476890534334672,-0.022313237190246582,-0.09068286418914795,-0.08968243539505494,-0.03232187032699585,-0.17503154277801514,-0.05126029044561875,-0.053861379623413086,-0.20585966110229492,-0.1021106818335582,-0.06231909990310669,-0.14775943756103516,-0.09438674688511384,-0.05962848663330078,-0.10410571098327637,-0.07493151515894425
L,0.0,0.0,0.0,0.08194023370742798,0.0052359700202941895,-0.06996404675917489,0.16920125484466553,-0.04210871458053589,-0.10640567837433679,0.24039214849472046,-0.09418231248855591,-0.13419813959078652,0.3057020306587219,-0.12025851011276245,-0.16145239321665628,0.13213300704956055,-0.16216927766799927,-0.07022938428597314,0.1381906270980835,-0.26302534341812134,-0.11142004577593667,0.1297706961631775,-0.3316803574562073,-0.13656371383147103,0.12190061807632446,-0.38675111532211304,-0.15482173411326272,0.07374083995819092,-0.1783984899520874,-0.056028648448751994,0.05728936195373535,-0.2235337495803833,-0.12834377138094766,0.030106723308563232,-0.14479875564575195,-0.14625477342085702,0.019158661365509033,-0.08195996284484863,-0.14116218237357003,0.016609668731689453,-0.1813235878944397,-0.04807763470487458,-0.0014780163764953613,-0.2199128270149231,-0.11702447680907113,-0.022039711475372314,-0.14917677640914917,-0.1105555623598562,-0.02830129861831665,-0.09459453821182251,-0.08757471589522225,-0.036379873752593994,-0.172124445438385,-0.04512290952877862,-0.057762980461120605,-0.2024732232093811,-0.09584357140736444,-0.0661393404006958,-0.1461879014968872,-0.09089657215552194,-0.06334501504898071,-0.10183167457580566,-0.0732926085420118
L,0.0,0.0,0.0,0.08137345314025879,0.005110204219818115,-0.07291140822636777,0.1703311800956726,-0.04333794116973877,-0.11050686655509168,0.2404080629348755,-0.09541290998458862,-0.138651054780361,0.30476367473602295,-0.12199252843856812,-0.1662025716708868,0.13385313749313354,-0.16246241331100464,-0.07347043273913556,0.1411808729171753,-0.2632211446762085,-0.11574186799990827,0.13314956426620483,-0.3316456079483032,-0.14128894774186307,0.12639397382736206,-0.38701683282852173,-0.15977538792359525,0.07535570859909058,-0.17818665504455566,-0.05776987267601186,0.05547064542770386,-0.22699874639511108,-0.1318114664958685,0.028802871704101562,-0.14531010389328003,-0.14942125646340543,0.02084749937057495,-0.08197492361068726,-0.1434057023929327,0.01869499683380127,-0.18148791790008545,-0.04852820603120023,-0.0050511956214904785,-0.2221531867980957,-0.11854584930407697,-0.022824108600616455,-0.14943581819534302,-0.11069877115952664,-0.025231778621673584,-0.0943976640701294,-0.08623627988564664,-0.03337585926055908,-0.17293763160705566,-0.0445529897319048,-0.05746263265609741,-0.20719373226165771,-0.09523343710171872,-0.06439930200576782,-0.15046823024749756,-0.08891572473513776,-0.06025075912475586,-0.10595548152923584,-0.07014165488946134
L,0.0,0.0,0.0,0.08022260665893555,0.005724430084228516,-0.07105467038143587,0.16943591833114624,-0.040412843227386475,-0.10874487774361086,0.24206805229187012,-0.09174883365631104,-0.1373424114464612,0.30686354637145996,-0.1201714277267456,-0.16527997272003603,0.13242477178573608,-0.16226929426193237,-0.07454824762333345,0.14022564888000488,-0.26434993743896484,-0.11867366300810289,0.1323344111442566,-0.3344264626502991,-0.1461435736893506,0.12434393167495728,-0.39023566246032715,-0.165747034716496,0.07189899682998657,-0.1789379119873047,-0.059781997817644594,0.05466383695602417,-0.22683942317962646,-0.13401858823288393,0.03032052516937256,-0.1445530652999878,-0.15147754864681673,0.022978663444519043,-0.08244717121124268,-0.1461862357138486,0.013740837574005127,-0.18292832374572754,-0.05139390693891954,-0.004321157932281494,-0.22255027294158936,-0.12006926106203508,-0.02097344398498535,-0.14984136819839478,-0.11040941195476961,-0.024323344230651855,-0.09626352787017822,-0.08588653372515154,-0.03906142711639404,-0.17522239685058594,-0.04831672402013254,-0.05765718221664429,-0.21036440134048462,-0.0975452991007657,-0.06575363874435425,-0.1524762511253357,-0.08991772996176195,-0.06387138366699219,-0.10868680477142334,-0.07103984372604799
L,0.0,0.0,0.0,0.14761582016944885,0.01961374282836914,-0.09187661979516548,0.31199708580970764,-0.03373908996582031,-0.13064715389331383,0.4401290714740753,-0.0978325605392456,-0.16137878719886345,0.5387255847454071,-0.1394360065460205,-0.19166365388949913,0.2575412094593048,-0.2453649342060089,-0.06270620349963707,0.29099878668785095,-0.4114757776260376,-0.11716647569259209,0.2892724573612213,-0.5229775011539459,-0.15375441435893578,0.28378549218177795,-0.6085498034954071,-0.17897991959174675,0.16792550683021545,-0.2667613923549652,-0.045741276183925095,0.16341394186019897,-0.3596086800098419,-0.1510138523968081,0.12065508961677551,-0.2456563115119934,-0.1842612785490374,0.09803643822669983,-0.14801084995269775,-0.1790555876882891,0.07686576247215271,-0.269797146320343,-0.038749263921580734,0.06794849038124084,-0.34264934062957764,-0.14466342453082603,0.03462675213813782,-0.22119364142417908,-0.13869871322234673,0.02292931079864502,-0.13409221172332764,-0.10286396864970726,-0.014588207006454468,-0.2633359432220459,-0.03832616407593292,-0.011568903923034668,-0.33228781819343567,-0.11442064616998238,-0.029928743839263916,-0.2357410490512848,-0.10602045182307762,-0.032207190990448,-0.16202986240386963,-0.07775689039548439
L,0.0,0.0,0.0,0.08046877384185791,0.009121119976043701,-0.07343242180692755,0.16928696632385254,-0.037197768688201904,-0.11063235861408316,0.24305355548858643,-0.08704876899719238,-0.13813918692218863,0.3084690570831299,-0.11266839504241943,-0.16508230430233084,0.13469809293746948,-0.15796250104904175,-0.0740903676782807,0.14417380094528198,-0.2591267228126526,-0.11728189003812872,0.1374208927154541,-0.3291500210762024,-0.14397185904132925,0.13112783432006836,-0.385483980178833,-0.16317495566951834,0.07670700550079346,-0.17570751905441284,-0.05784156781780325,0.05790102481842041,-0.22396230697631836,-0.13208021086799704,0.02963775396347046,-0.145127534866333,-0.1500900225077828,0.022573769092559814,-0.08391076326370239,-0.14441920680152975,0.019526898860931396,-0.1810513138771057,-0.04812342536794745,-0.0007229447364807129,-0.2190515398979187,-0.11840808254825674,-0.022296488285064697,-0.14685922861099243,-0.11080586773502432,-0.02497774362564087,-0.0939263105392456,-0.08640317482101523,-0.033646464347839355,-0.1739904284477234,-0.04370577869164549,-0.053068459033966064,-0.20454180240631104,-0.09499849242317282,-0.06380295753479004,-0.14698082208633423,-0.08932111275541388,-0.06043505668640137,-0.10344374179840088,-0.07083668423044287
L,0.0,0.0,0.0,0.07969361543655396,0.009292125701904297,-0.07118675381662598,0.1721498966217041,-0.034713685512542725,-0.107878531224749,0.24539989233016968,-0.08414095640182495,-0.1349374306273674,0.31069880723953247,-0.11247909069061279,-0.16139454663517228,0.13386118412017822,-0.15251654386520386,-0.07635335893156281,0.14186346530914307,-0.25490260124206543,-0.11954088032963028,0.13738524913787842,-0.3261728286743164,-0.14664944530250779,0.1313226819038391,-0.3822590112686157,-0.16652442038776627,0.07332432270050049,-0.1711016297340393,-0.06106813520910492,0.05698835849761963,-0.21536648273468018,-0.1347337168526863,0.03086751699447632,-0.13636434078216553,-0.15255449236156693,0.022285878658294678,-0.07541888952255249,-0.14803014219524613,0.015824079513549805,-0.17653197050094604,-0.05205285818102112,-0.0019285082817077637,-0.21314406394958496,-0.1199709874463295,-0.01902294158935547,-0.14466142654418945,-0.11245586992027512,-0.021336376667022705,-0.09229844808578491,-0.0901766371798729,-0.03613114356994629,-0.1697574257850647,-0.04831029371144524,-0.0549200177192688,-0.19808149337768555,-0.09891901434185257,-0.06180977821350098,-0.14217537641525269,-0.09482130677225342,-0.05618256330490112,-0.09917879104614258,-0.07878019184591523
L,0.0,0.0,0.0,0.07933413982391357,0.006362259387969971,-0.0691846503505289,0.16857391595840454,-0.04035687446594238,-0.10467334525676364,0.24157774448394775,-0.08886241912841797,-0.13095086501927966,0.3049732446670532,-0.1154821515083313,-0.1566242693552553,0.12880057096481323,-0.1551591157913208,-0.07356737243028277,0.1352771520614624,-0.25663596391677856,-0.11498350339027041,0.13045984506607056,-0.3261110782623291,-0.14001771496625537,0.12571239471435547,-0.3797719478607178,-0.1581802188047945,0.06578582525253296,-0.1725832223892212,-0.05896480070443744,0.05402427911758423,-0.2228826880455017,-0.13155275272222156,0.027147650718688965,-0.14369100332260132,-0.14805422412248248,0.018290817737579346,-0.0819934606552124,-0.14217437492700213,0.0066252946853637695,-0.17734414339065552,-0.05043651597591037,-0.007826566696166992,-0.21971279382705688,-0.11811270998807544,-0.02539694309234619,-0.15253585577011108,-0.11057240949960345,-0.02858048677444458,-0.10036516189575195,-0.08761783378215426,-0.045700788497924805,-0.17019867897033691,-0.04679765613766307,-0.06163138151168823,-0.20389938354492188,-0.09630327360721225,-0.06808614730834961,-0.14881587028503418,-0.0915934933909952,-0.06424665451049805,-0.1048784852027893,-0.07515889840217227
L,0.0,0.0,0.0,0.07813704013824463,0.009910047054290771,-0.0643118642537317,0.16533207893371582,-0.03479534387588501,-0.09791796135589692,0.234488844871521,-0.08506608009338379,-0.12231590825006577,0.29680436849594116,-0.11043810844421387,-0.14650307821914765,0.13270020484924316,-0.141953706741333,-0.07619027274534318,0.14147108793258667,-0.24214386940002441,-0.11904777067586991,0.13839733600616455,-0.31314516067504883,-0.14578691351101014,0.1335756778717041,-0.36892110109329224,-0.16521173941776368,0.06853741407394409,-0.16169720888137817,-0.0633101262418947,0.061660826206207275,-0.2163907289505005,-0.13450123595878694,0.036358416080474854,-0.14062368869781494,-0.150598841187211,0.025502264499664307,-0.08224153518676758,-0.14542623090431306,0.00806581974029541,-0.16896319389343262,-0.05550796764776322,-0.0016955137252807617,-0.21793866157531738,-0.12112740653440568,-0.018600046634674072,-0.14986532926559448,-0.11136424022600266,-0.023479104042053223,-0.09730297327041626,-0.08779171335384461,-0.04467350244522095,-0.16400474309921265,-0.05209410044238183,-0.058745384216308594,-0.20382797718048096,-0.09960559236690614,-0.06577026844024658,-0.1499285101890564,-0.09273652958557221,-0.0626990795135498,-0.10723280906677246,-0.07538186984941575
L,0.0,0.0,0.0,0.07931607961654663,0.007306933403015137,-0.06376857340269027,0.16561496257781982,-0.03576391935348511,-0.09862249374322829,0.23593342304229736,-0.0831950306892395,-0.12550342112712798,0.3012722134590149,-0.10792160034179688,-0.15199844568901,0.13149183988571167,-0.15263617038726807,-0.0744840282195085,0.13725852966308594,-0.2525421380996704,-0.11958811461858687,0.13338524103164673,-0.32221657037734985,-0.14824993938140807,0.12818706035614014,-0.3768952786922455,-0.16865189403228698,0.06672835350036621,-0.1689128875732422,-0.06307692855529723,0.056212663650512695,-0.2190464735031128,-0.13289754122428832,0.03582340478897095,-0.1412203311920166,-0.14806401759319243,0.03007352352142334,-0.0844428539276123,-0.1436463001363748,0.005149662494659424,-0.17212605476379395,-0.05734199315242705,-0.003937065601348877,-0.22328513860702515,-0.12174070656232772,-0.016731858253479004,-0.15453386306762695,-0.11053942173652587,-0.017507493495941162,-0.10418760776519775,-0.08763211995296416,-0.04946023225784302,-0.16442179679870605,-0.056326233147906635,-0.0629233717918396,-0.20195633172988892,-0.10304343730144438,-0.06502562761306763,-0.14631503820419312,-0.09546273976497588,-0.05773419141769409,-0.10554230213165283,-0.07854693412713942
L,0.0,0.0,0.0,0.0774959921836853,0.011695384979248047,-0.06418332563118412,0.163316011428833,-0.029105782508850098,-0.09853969619945957,0.23309248685836792,-0.0767984390258789,-0.12426306412891819,0.2968335747718811,-0.09850996732711792,-0.1498365040250249,0.13272303342819214,-0.13909971714019775,-0.07862144069151356,0.1396111249923706,-0.23952049016952515,-0.12506540970282032,0.13724106550216675,-0.3107830882072449,-0.15361885086969806,0.13218551874160767,-0.36704954504966736,-0.17405118898825123,0.07080620527267456,-0.1589871048927307,-0.06658014015631153,0.05658519268035889,-0.2146349549293518,-0.13609892980532123,0.03499573469161987,-0.13822776079177856,-0.14972861961798145,0.03238719701766968,-0.08165764808654785,-0.14421383397058918,0.012105345726013184,-0.1650400161743164,-0.06018858881072475,-0.0037150979042053223,-0.21588891744613647,-0.12541402236895038,-0.019099533557891846,-0.14897936582565308,-0.11455929384903385,-0.01693803071975708,-0.10044747591018677,-0.0916937674708791,-0.03968566656112671,-0.1593414545059204,-0.05827440799550487,-0.06047391891479492,-0.19351375102996826,-0.10590741143898441,-0.06279903650283813,-0.13907259702682495,-0.09918205545620395,-0.05116647481918335,-0.09935587644577026,-0.08292824135498478
L,0.0,0.0,0.0,0.08110445737838745,0.014042854309082031,-0.06559603043821483,0.168717622756958,-0.029062390327453613,-0.09962096192863612,0.23928242921829224,-0.07807624340057373,-0.1245969844701591,0.30382347106933594,-0.09975862503051758,-0.14914094784286647,0.13609158992767334,-0.14166510105133057,-0.07724179455068736,0.1465124487876892,-0.242786705493927,-0.12125926592376857,0.14441466331481934,-0.31144851446151733,-0.14948666968372493,0.14144164323806763,-0.36706072092056274,-0.1703602907898727,0.07345956563949585,-0.1616104245185852,-0.06401471921232371,0.06143862009048462,-0.21304458379745483,-0.13352809228923945,0.03773295879364014,-0.13609278202056885,-0.14915511884716182,0.031142592430114746,-0.07929778099060059,-0.14510708429840236,0.013295650482177734,-0.16884660720825195,-0.05627896019247203,0.002273380756378174,-0.21636533737182617,-0.12073077389028697,-0.01387244462966919,-0.1461542248725891,-0.11030266561535029,-0.015697479248046875,-0.09434288740158081,-0.08774861075904994,-0.039331138134002686,-0.1640104055404663,-0.05327651032236247,-0.054000914096832275,-0.19665676355361938,-0.1016410005929771,-0.059885501861572266,-0.13989323377609253,-0.09556444116857676,-0.053896307945251465,-0.09786403179168701,-0.07921681680706172
L,0.0,0.0,0.0,0.08196473121643066,0.00980907678604126,-0.06975561643374562,0.17070412635803223,-0.030149102210998535,-0.1070459585858643,0.24278247356414795,-0.07768338918685913,-0.134860786445266,0.30905479192733765,-0.10208666324615479,-0.16213709378970265,0.1353766918182373,-0.15182310342788696,-0.07902419085038304,0.14890342950820923,-0.2517218589782715,-0.12295828277600407,0.1460428237915039,-0.3214574456214905,-0.15112164879572987,0.14253687858581543,-0.3788870871067047,-0.1717040118051827,0.07353496551513672,-0.170854389667511,-0.06462902838719486,0.06568688154220581,-0.22722744941711426,-0.1340339210106194,0.04025900363922119,-0.152718186378479,-0.1499178435875237,0.03132164478302002,-0.0938149094581604,-0.14554448688758015,0.013275623321533203,-0.17702585458755493,-0.05596807116997837,0.003855109214782715,-0.224148690700531,-0.1199425261689484,-0.013440132141113281,-0.1548059582710266,-0.10958355183137058,-0.016040563583374023,-0.10357165336608887,-0.08677063400281071,-0.03984755277633667,-0.1726287603378296,-0.052582192070609324,-0.052488863468170166,-0.20687437057495117,-0.0985245209409058,-0.05848628282546997,-0.15069347620010376,-0.0913342338277161,-0.0536653995513916,-0.10764950513839722,-0.07446074748767018
L,0.0,0.0,0.0,0.07999849319458008,0.0119895339012146,-0.07784809631272793,0.16561192274093628,-0.025008678436279297,-0.11837444168492794,0.23760485649108887,-0.07142692804336548,-0.14827298832103253,0.30367594957351685,-0.09925597906112671,-0.17722950589820385,0.13848310708999634,-0.15060937404632568,-0.08428201538487912,0.15201109647750854,-0.25043970346450806,-0.1287391455189848,0.14912348985671997,-0.3201260566711426,-0.15742648852035046,0.14536410570144653,-0.37692898511886597,-0.17833111894294262,0.07814019918441772,-0.17235106229782104,-0.06591752630635739,0.06724101305007935,-0.22388195991516113,-0.13937604141398907,0.04099065065383911,-0.15027105808258057,-0.1578715415017271,0.029690086841583252,-0.09070461988449097,-0.15433980238601208,0.01913309097290039,-0.18034738302230835,-0.053954427065100674,0.0066814422607421875,-0.22452807426452637,-0.12119321239158154,-0.011390089988708496,-0.1565800905227661,-0.11329728079005719,-0.016197919845581055,-0.10339581966400146,-0.0912720308916235,-0.03286856412887573,-0.17700016498565674,-0.04792213154002667,-0.0488010048866272,-0.21108847856521606,-0.09738559734984875,-0.05588078498840332,-0.1587064266204834,-0.09308024954959393,-0.05362194776535034,-0.1158190369606018,-0.07732168299123288
L,0.0,0.0,0.0,0.07731962203979492,0.013398706912994385,-0.07692627430969878,0.1659591794013977,-0.021502673625946045,-0.11853346795851394,0.2407422661781311,-0.06692111492156982,-0.1495963615279834,0.3084346055984497,-0.09489297866821289,-0.17984323025757476,0.14434188604354858,-0.1474413275718689,-0.0863367897372882,0.16095441579818726,-0.25186535716056824,-0.1322688889604251,0.15875768661499023,-0.32348448038101196,-0.16038782716805144,0.15474748611450195,-0.380437433719635,-0.18053330303246184,0.08636152744293213,-0.1690552830696106,-0.06874600620085403,0.0718533992767334,-0.22126492857933044,-0.14231175006443664,0.041500747203826904,-0.1480887532234192,-0.15930200935417815,0.032067298889160156,-0.09112024307250977,-0.15488786817604705,0.028221547603607178,-0.17828941345214844,-0.057543831030670844,0.01311337947845459,-0.22266536951065063,-0.124818978915755,-0.008363902568817139,-0.1552228331565857,-0.11527774305159255,-0.011595964431762695,-0.10544878244400024,-0.09254331708962127,-0.024679064750671387,-0.1759161353111267,-0.05213935122901603,-0.04335135221481323,-0.2084839940071106,-0.10127011508757278,-0.05330049991607666,-0.15414756536483765,-0.09544322461897536,-0.04896104335784912,-0.11227816343307495,-0.07868818760925933
L,0.0,0.0,0.0,0.15049335360527039,0.019228219985961914,-0.09309208040742334,0.31354618072509766,-0.03376883268356323,-0.1333838442495292,0.4439548850059509,-0.09511053562164307,-0.16581423973349985,0.5428892970085144,-0.13442069292068481,-0.1990698168209022,0.2611119747161865,-0.2431730031967163,-0.06583831106929239,0.2922821640968323,-0.40604156255722046,-0.11790397410897668,0.291983425617218,-0.5190777480602264,-0.15311028456000741,0.28775322437286377,-0.607895165681839,-0.17820528542308267,0.17173218727111816,-0.2664945423603058,-0.0489375928571647,0.1661231517791748,-0.35716670751571655,-0.1523580143382972,0.12238821387290955,-0.24828115105628967,-0.1851183960369056,0.09653747081756592,-0.15011811256408691,-0.17960834895877298,0.08018851280212402,-0.2693870961666107,-0.04163587858585771,0.0709332823753357,-0.33955705165863037,-0.14680619930533823,0.037262529134750366,-0.21878263354301453,-0.14130452667979654,0.024207234382629395,-0.12994951009750366,-0.10571331178454813,-0.011472582817077637,-0.26041606068611145,-0.0409618543615764,-0.007900774478912354,-0.32760632038116455,-0.11721578633098062,-0.027083873748779297,-0.2304876148700714,-0.10863963907269891,-0.030736565589904785,-0.1530512571334839,-0.08005942796973642
L,0.0,0.0,0.0,0.07594448328018188,0.017542779445648193,-0.07550942758162194,0.16651290655136108,-0.016536176204681396,-0.11690616468031578,0.2405884861946106,-0.06072515249252319,-0.1480120257480877,0.3071861267089844,-0.09043824672698975,-0.17819982627470665,0.14283180236816406,-0.14624106884002686,-0.08508120337565117,0.15912556648254395,-0.24593770503997803,-0.13127282122214012,0.15832334756851196,-0.31674128770828247,-0.15878675738413506,0.15403902530670166,-0.37272554636001587,-0.17824382940371208,0.08555018901824951,-0.16821449995040894,-0.06857278803427391,0.0711018443107605,-0.2149542272090912,-0.14217190304835015,0.04455685615539551,-0.14084166288375854,-0.15758499363501244,0.03611952066421509,-0.08537155389785767,-0.15177696803648644,0.02902829647064209,-0.17774438858032227,-0.05877549434144669,0.011913716793060303,-0.21225431561470032,-0.12623935798247032,-0.006859242916107178,-0.14348238706588745,-0.1163882822736042,-0.008670687675476074,-0.09635049104690552,-0.09324233839352303,-0.022020399570465088,-0.17478209733963013,-0.05476015294034653,-0.04159063100814819,-0.19724789261817932,-0.10356879094679527,-0.04925614595413208,-0.14057427644729614,-0.098329162691428,-0.04262089729309082,-0.10174471139907837,-0.08208905020792656
L,0.0,0.0,0.0,0.07771074771881104,0.01640939712524414,-0.07196504800241854,0.16620957851409912,-0.016335725784301758,-0.11083819894712832,0.24002933502197266,-0.057144761085510254,-0.1403194087616768,0.30427372455596924,-0.08590883016586304,-0.1692832577101555,0.14325666427612305,-0.14436745643615723,-0.07918118863027956,0.15881770849227905,-0.244261234998703,-0.12344726352613833,0.15804243087768555,-0.3150874972343445,-0.15134532927196886,0.15444976091384888,-0.3718862533569336,-0.17157083927315142,0.08739227056503296,-0.16513997316360474,-0.06394300787371066,0.0721350908279419,-0.212249755859375,-0.1352002042404976,0.043197453022003174,-0.141648530960083,-0.15187409697693255,0.03210890293121338,-0.08536362648010254,-0.1480263638369408,0.03109574317932129,-0.1734001636505127,-0.05513215987604525,0.014398276805877686,-0.2107367217540741,-0.1202199774853554,-0.008010387420654297,-0.14603888988494873,-0.11069154916923907,-0.01385045051574707,-0.09783965349197388,-0.08864055751484301,-0.019788801670074463,-0.16946858167648315,-0.05197608648460772,-0.038799822330474854,-0.19649699330329895,-0.09966021208685305,-0.05027568340301514,-0.14286571741104126,-0.09399646698158648,-0.04783433675765991,-0.10252803564071655,-0.07786891786974337
L,0.0,0.0,0.0,0.07821941375732422,0.015620946884155273,-0.0725066241240313,0.1672782301902771,-0.018134593963623047,-0.11065721031187081,0.24062621593475342,-0.05933833122253418,-0.13947148140428567,0.30458641052246094,-0.08679354190826416,-0.16733678694723153,0.1446821689605713,-0.1450614333152771,-0.07649831738231683,0.15947645902633667,-0.24243411421775818,-0.1200922456002047,0.15847736597061157,-0.3117479681968689,-0.14656474705694222,0.15576928853988647,-0.3662682771682739,-0.1650776069974711,0.08678948879241943,-0.16339528560638428,-0.060578564963321924,0.07676178216934204,-0.21062704920768738,-0.13227261122224832,0.047676682472229004,-0.14114689826965332,-0.14959312494752908,0.03601634502410889,-0.0829315185546875,-0.14485078569410348,0.03006112575531006,-0.17047399282455444,-0.0511353750145247,0.01706618070602417,-0.2043779492378235,-0.11725233759639764,-0.003980100154876709,-0.13955295085906982,-0.10955440517423654,-0.008894801139831543,-0.09098225831985474,-0.08742334958074593,-0.020871400833129883,-0.1670769453048706,-0.04734971638677621,-0.03723025321960449,-0.19121870398521423,-0.09448031600473428,-0.0459064245223999,-0.13740134239196777,-0.08950913216827416,-0.0413283109664917,-0.09676748514175415,-0.07339150722978616
L,0.0,0.0,0.0,0.07811743021011353,0.013927102088928223,-0.06865083503379843,0.1712002158164978,-0.02012169361114502,-0.10365354346885702,0.24225866794586182,-0.0625109076499939,-0.13013820427312872,0.30202335119247437,-0.08638632297515869,-0.15630698281183264,0.14318746328353882,-0.14096593856811523,-0.07493757533683798,0.16026461124420166,-0.23778241872787476,-0.11565882044687292,0.15836358070373535,-0.30420196056365967,-0.13955012040987036,0.15516877174377441,-0.35847675800323486,-0.1566023238266947,0.08631473779678345,-0.16075897216796875,-0.06033298450365088,0.07529973983764648,-0.20493629574775696,-0.12961709576501868,0.04305064678192139,-0.13541191816329956,-0.14713065403356573,0.02692192792892456,-0.0780600905418396,-0.14351670521154425,0.03090834617614746,-0.16927921772003174,-0.05143500196590445,0.016764283180236816,-0.20585334300994873,-0.11651431846275351,-0.007616639137268066,-0.14138251543045044,-0.11057450699462912,-0.017207801342010498,-0.09066188335418701,-0.08990258055582068,-0.019799649715423584,-0.16818159818649292,-0.04764311837806723,-0.03789275884628296,-0.19594374299049377,-0.09433184641256354,-0.04959213733673096,-0.14402347803115845,-0.08985550033702872,-0.04955458641052246,-0.10133010149002075,-0.07418190019979498
L,0.0,0.0,0.0,0.07839751243591309,0.018610000610351562,-0.07120756686052232,0.16999101638793945,-0.013128817081451416,-0.10728210836967378,0.2417827844619751,-0.05474221706390381,-0.13394149273952394,0.3056466579437256,-0.07940047979354858,-0.159778586331214,0.1467995047569275,-0.13326102495193481,-0.07456924647411256,0.1641143560409546,-0.22813904285430908,-0.11839853853305726,0.16349339485168457,-0.2959097921848297,-0.1455174598129645,0.16081875562667847,-0.3499656319618225,-0.16465369493087678,0.0880327820777893,-0.15302246809005737,-0.05947149426063447,0.07983970642089844,-0.2002200484275818,-0.1317545238169089,0.05105447769165039,-0.1281716227531433,-0.14961459368785768,0.03921264410018921,-0.07053923606872559,-0.14540710181316285,0.03157150745391846,-0.16054445505142212,-0.050896021279896786,0.019276738166809082,-0.1954580545425415,-0.11979316056093126,-0.003113985061645508,-0.12704914808273315,-0.11322951197942643,-0.008599042892456055,-0.0778583288192749,-0.0912816363604918,-0.018731117248535156,-0.15817594528198242,-0.047532020810450604,-0.029195308685302734,-0.18542242050170898,-0.09780605018457322,-0.04167205095291138,-0.1288018822669983,-0.09364775449355989,-0.04133206605911255,-0.08658373355865479,-0.07787828028520494
L,0.0,0.0,0.0,0.07946139574050903,0.012616574764251709,-0.06675123300891173,0.16925048828125,-0.02190452814102173,-0.10018434253077757,0.2431126832962036,-0.06342965364456177,-0.12574376043420088,0.30846232175827026,-0.08332252502441406,-0.1507540481958891,0.14734673500061035,-0.13927370309829712,-0.0662894013200308,0.16538536548614502,-0.23504626750946045,-0.10728049900870573,0.16444355249404907,-0.3021194040775299,-0.13321360823254835,0.16208726167678833,-0.3559505045413971,-0.15116307016949904,0.09258973598480225,-0.15935152769088745,-0.05241779488067877,0.07821786403656006,-0.20747604966163635,-0.12386412051062834,0.04628348350524902,-0.1364530324935913,-0.14195616420846235,0.033274710178375244,-0.07778960466384888,-0.1368850457344557,0.03898495435714722,-0.1676061749458313,-0.044647137341311094,0.02140200138092041,-0.20285004377365112,-0.1109039324198271,-0.0021795034408569336,-0.13660895824432373,-0.10402595129351866,-0.00883948802947998,-0.08479928970336914,-0.0811275007997061,-0.009381473064422607,-0.1659550666809082,-0.04198540252189886,-0.024525821208953857,-0.19653087854385376,-0.08756290253739607,-0.03730487823486328,-0.14500117301940918,-0.08115056034665358,-0.03744000196456909,-0.1030539870262146,-0.0635193350587393
L,0.0,0.0,0.0,0.07937073707580566,0.009997010231018066,-0.06470594300266796,0.1670902967453003,-0.024419546127319336,-0.09891545517679745,0.23733758926391602,-0.06657618284225464,-0.12597008539673382,0.30122172832489014,-0.08862948417663574,-0.15262599779602581,0.14089351892471313,-0.14174658060073853,-0.06636892004248196,0.15770477056503296,-0.233842134475708,-0.10764911515947873,0.15755730867385864,-0.2996964752674103,-0.13381396724220807,0.1542784571647644,-0.35291069746017456,-0.15212356044289166,0.0858575701713562,-0.1593564748764038,-0.05455510063406521,0.07643604278564453,-0.20761948823928833,-0.12400082243916088,0.047059595584869385,-0.14116495847702026,-0.1422057200812965,0.03200012445449829,-0.08456605672836304,-0.1384082485580116,0.0315629243850708,-0.16523247957229614,-0.04869432492491299,0.017341971397399902,-0.2021089494228363,-0.11228188617464596,-0.0027318596839904785,-0.1401236653327942,-0.10585877789494091,-0.009579837322235107,-0.0908237099647522,-0.08469377948280865,-0.01749253273010254,-0.16158241033554077,-0.04790828122135693,-0.03248053789138794,-0.193406879901886,-0.09120853735443646,-0.04106241464614868,-0.14517927169799805,-0.0848978359841972,-0.039824724197387695,-0.10469162464141846,-0.06844731165405804
L,0.0,0.0,0.0,0.07760965824127197,0.013974547386169434,-0.06627411390241278,0.16452831029891968,-0.02053755521774292,-0.10053227836784018,0.23471778631210327,-0.06223636865615845,-0.12620463962253226,0.2968584895133972,-0.08633404970169067,-0.1513662635773052,0.13847196102142334,-0.13838237524032593,-0.07103858138021124,0.15411967039108276,-0.23193609714508057,-0.11116689438518179,0.15403562784194946,-0.2972525358200073,-0.13719518477615011,0.15083473920822144,-0.35030776262283325,-0.15624891216453207,0.08426189422607422,-0.15683993697166443,-0.05677819992002142,0.06959104537963867,-0.20017218589782715,-0.12409255648549689,0.040476858615875244,-0.13169515132904053,-0.14091390366252554,0.027005016803741455,-0.07762777805328369,-0.13793024415668143,0.03035968542098999,-0.16377148032188416,-0.04827338452037466,0.014005303382873535,-0.20200610160827637,-0.10977597529586447,-0.006161630153656006,-0.14008653163909912,-0.10152656579908026,-0.012525439262390137,-0.09206563234329224,-0.08102818573411597,-0.018235623836517334,-0.16029080748558044,-0.044914290258251555,-0.035039663314819336,-0.19061875343322754,-0.0896941199391712,-0.04524463415145874,-0.1410815715789795,-0.08406235272582663,-0.04429209232330322,-0.10139667987823486,-0.06857261056598318
L,0.0,0.0,0.0,0.07747656106948853,0.01041346788406372,-0.06701743239709401,0.16584622859954834,-0.02735292911529541,-0.10059896493503118,0.238348126411438,-0.07023519277572632,-0.1259474196488526,0.30302250385284424,-0.09218019247055054,-0.15042195106097722,0.14142310619354248,-0.14306402206420898,-0.06711034858771825,0.15630227327346802,-0.2385704517364502,-0.10807164395400548,0.1533430814743042,-0.30428552627563477,-0.1345390417630341,0.14975303411483765,-0.3572468161582947,-0.15332635129043126,0.08690232038497925,-0.1598663032054901,-0.05227391058751607,0.07127660512924194,-0.20814484357833862,-0.12074555838653112,0.043620944023132324,-0.13660794496536255,-0.13824677849360967,0.03582942485809326,-0.08036881685256958,-0.1344707497412827,0.03230738639831543,-0.16665831208229065,-0.04348946744748616,0.015673279762268066,-0.20558112859725952,-0.10712823653766179,-0.003993391990661621,-0.13950765132904053,-0.09880385184833074,-0.006296753883361816,-0.09001225233078003,-0.07654495919295812,-0.017902612686157227,-0.16479083895683289,-0.03988833362409139,-0.03178507089614868,-0.1979295015335083,-0.0848482140357163,-0.04214131832122803,-0.145790696144104,-0.07809918010779882,-0.039957642555236816,-0.10451763868331909,-0.061015416031565906
L,0.0,0.0,0.0,0.07712161540985107,0.0051773786544799805,-0.06499694206421225,0.1618155837059021,-0.033230602741241455,-0.0988599575371012,0.23150157928466797,-0.0756874680519104,-0.12510400184099524,0.29473644495010376,-0.09833461046218872,-0.15084474452440588,0.1337680220603943,-0.1513466238975525,-0.06529430218641608,0.1481231451034546,-0.2416839301586151,-0.1047028593034014,0.14590007066726685,-0.3059564232826233,-0.1309022075742945,0.14106625318527222,-0.35855478048324585,-0.15001317032282202,0.07936853170394897,-0.16738328337669373,-0.051931238850997374,0.06487643718719482,-0.21224835515022278,-0.11721110262577383,0.03910595178604126,-0.14365452527999878,-0.13475695916120856,0.02877354621887207,-0.08893924951553345,-0.1324767536730036,0.024781525135040283,-0.17124342918395996,-0.0443780749351248,0.009200811386108398,-0.21175739169120789,-0.10448443808262198,-0.0071547627449035645,-0.14822131395339966,-0.09661427803938238,-0.010965168476104736,-0.0989496111869812,-0.07645654596989004,-0.02512902021408081,-0.16523891687393188,-0.04201571934525816,-0.0404210090637207,-0.19849523901939392,-0.08477093943064062,-0.0469365119934082,-0.14944177865982056,-0.07841249473993628,-0.04456454515457153,-0.10933780670166016,-0.06270591833298056
L,0.0,0.0,0.0,0.15512394905090332,0.014853060245513916,-0.09035010885158101,0.3083125352859497,-0.037562429904937744,-0.12874214600482503,0.4332578778266907,-0.10401087999343872,-0.15961277734199086,0.5306256413459778,-0.14507591724395752,-0.19068448494830648,0.2549627423286438,-0.2484871745109558,-0.061190894503980076,0.289972186088562,-0.4132734537124634,-0.11599152784505407,0.29156625270843506,-0.5276885330677032,-0.1548708106175951,0.28597426414489746,-0.620322048664093,-0.18257902811923543,0.165520578622818,-0.2735430598258972,-0.04341839503207723,0.16448336839675903,-0.36533069610595703,-0.14477321754851857,0.12222912907600403,-0.2538057565689087,-0.17594981442847768,0.09761455655097961,-0.1581462025642395,-0.17046296845832387,0.07340031862258911,-0.27516019344329834,-0.035363870371966755,0.07243078947067261,-0.3521115183830261,-0.13844785343566457,0.038615286350250244,-0.23026683926582336,-0.12919163953223745,0.025057733058929443,-0.14132505655288696,-0.09168281655469457,-0.018224358558654785,-0.2621065378189087,-0.03392364706554929,-0.010664433240890503,-0.3332204520702362,-0.10802185784736196,-0.027940988540649414,-0.2386488914489746,-0.09605100255170385,-0.030164659023284912,-0.16353803873062134,-0.06526989739099065
L,0.0,0.0,0.0,0.07677191495895386,0.005271732807159424,-0.06438307803908572,0.16180330514907837,-0.03288179636001587,-0.09692791444102511,0.2322680950164795,-0.07476121187210083,-0.12215713751355395,0.2941584587097168,-0.10019350051879883,-0.14676356655398592,0.13747304677963257,-0.1465468406677246,-0.06284847450295672,0.1512126326560974,-0.2401120662689209,-0.10198871386090502,0.14773964881896973,-0.30443018674850464,-0.12757730823794589,0.14205944538116455,-0.356893390417099,-0.14566196841040835,0.08515852689743042,-0.16161423921585083,-0.04951592502037272,0.06587046384811401,-0.20889440178871155,-0.11606638473311648,0.039568543434143066,-0.14166349172592163,-0.13449657303134188,0.030703306198120117,-0.08694678544998169,-0.1317812238339542,0.03242570161819458,-0.1663707196712494,-0.04206663709918246,0.01295393705368042,-0.20906376838684082,-0.10309437257090792,-0.005504012107849121,-0.14596116542816162,-0.09586601299086794,-0.008739292621612549,-0.09661638736724854,-0.07515256446639285,-0.016075551509857178,-0.16192388534545898,-0.03978859972993121,-0.03484600782394409,-0.19659718871116638,-0.08277533543149218,-0.044441163539886475,-0.14883172512054443,-0.0764913443926929,-0.04239267110824585,-0.10947436094284058,-0.0601854917112945
L,0.0,0.0,0.0,0.0814172625541687,0.0006213784217834473,-0.05836733644077707,0.1688687801361084,-0.037560999393463135,-0.08692332943150927,0.2414441704750061,-0.08068972826004028,-0.10928397466609407,0.30467063188552856,-0.10348248481750488,-0.1311911626643889,0.14534229040145874,-0.15092384815216064,-0.052963080156540165,0.1596362590789795,-0.24189651012420654,-0.0886189027614348,0.15663611888885498,-0.30645057559013367,-0.11295773674914766,0.15178704261779785,-0.35923200845718384,-0.130584432084059,0.09178018569946289,-0.16505879163742065,-0.04115595509478975,0.07572859525680542,-0.2134937345981598,-0.1021689607686751,0.05214548110961914,-0.1452498435974121,-0.11924914111564089,0.044686079025268555,-0.09031760692596436,-0.11655589779088427,0.03796577453613281,-0.16846024990081787,-0.034912536192631016,0.022648930549621582,-0.2091555893421173,-0.09079981436202456,0.00699925422668457,-0.14495354890823364,-0.08284787674615313,0.004465818405151367,-0.09552162885665894,-0.06269700666139055,-0.012332558631896973,-0.16272908449172974,-0.033549933034872303,-0.025021135807037354,-0.197809100151062,-0.07194948037335802,-0.03251612186431885,-0.15028631687164307,-0.06445534368226458,-0.030159413814544678,-0.11171519756317139,-0.048260862279629
L,0.0,0.0,0.0,0.08022242784500122,0.0011790990829467773,-0.05717717989204374,0.16940540075302124,-0.039337098598480225,-0.08500685675857511,0.2402610182762146,-0.08368265628814697,-0.10674684627769437,0.2997189164161682,-0.10745751857757568,-0.1281820176434323,0.1415082812309265,-0.15243291854858398,-0.053290483940820366,0.15362179279327393,-0.2449149191379547,-0.09037515654085126,0.15011918544769287,-0.3089848458766937,-0.11561241878984418,0.14554685354232788,-0.360170841217041,-0.1334218172621533,0.08601945638656616,-0.16739776730537415,-0.04291565104244199,0.07452309131622314,-0.21545270085334778,-0.10747590794084516,0.04837113618850708,-0.1455250382423401,-0.12578376515624967,0.03705477714538574,-0.08934545516967773,-0.12290573253152814,0.03181725740432739,-0.1712658703327179,-0.038000812221746116,0.01806819438934326,-0.20887622237205505,-0.0986172346663281,0.0005155205726623535,-0.14424264430999756,-0.09185233100173917,-0.004757285118103027,-0.09446418285369873,-0.07087674124954191,-0.018301546573638916,-0.16575264930725098,-0.03754701970932928,-0.029769420623779297,-0.20021891593933105,-0.08014018966672865,-0.03811067342758179,-0.14908641576766968,-0.07309860869167295,-0.03750419616699219,-0.10791003704071045,-0.056006574470977455
L,0.0,0.0,0.0,0.08150982856750488,-8.398294448852539e-05,-0.05303954444234904,0.17090684175491333,-0.03943037986755371,-0.07906009740536746,0.24075067043304443,-0.08343815803527832,-0.1004792202204996,0.300370991230011,-0.10844689607620239,-0.12176230288451251,0.1432477831840515,-0.1492931842803955,-0.046772358188086116,0.15808045864105225,-0.23988646268844604,-0.08156672603791293,0.1545870304107666,-0.30283302068710327,-0.10542852170174655,0.14814811944961548,-0.35356682538986206,-0.12226704246705111,0.08993583917617798,-0.16324007511138916,-0.037961472937517726,0.07720947265625,-0.21164238452911377,-0.09811231977646884,0.05307191610336304,-0.14657998085021973,-0.11625731475060519,0.04242134094238281,-0.09274089336395264,-0.11449884361928042,0.03715693950653076,-0.16687917709350586,-0.034388692298584544,0.02439737319946289,-0.21165412664413452,-0.08876247442668017,0.00816035270690918,-0.15147024393081665,-0.08152523375456866,0.0027472972869873047,-0.10270071029663086,-0.06222444138830241,-0.012868106365203857,-0.16181835532188416,-0.03535603097980555,-0.024628162384033203,-0.20109447836875916,-0.0725222203821474,-0.03236609697341919,-0.1559322476387024,-0.06467781699603137,-0.03221559524536133,-0.11672323942184448,-0.048384533444099986
L,0.0,0.0,0.0,0.08435684442520142,0.001025557518005371,-0.05238993564498173,0.1739668846130371,-0.03771054744720459,-0.0776118273462032,0.2457461953163147,-0.08060222864151001,-0.0978454733813976,0.30693376064300537,-0.10309839248657227,-0.11784347990405308,0.1475962996482849,-0.14625775814056396,-0.04426366189372288,0.16184359788894653,-0.23406949639320374,-0.07760057696950184,0.15961921215057373,-0.2958958148956299,-0.1009132201398586,0.15570169687271118,-0.34637558460235596,-0.11781507084023701,0.09315246343612671,-0.16126522421836853,-0.03553211415064084,0.083282470703125,-0.21061819791793823,-0.09477025369059788,0.057595908641815186,-0.14269793033599854,-0.112071500214455,0.04689866304397583,-0.08705812692642212,-0.10944344201934086,0.038451313972473145,-0.16534361243247986,-0.03202614286792027,0.028414249420166016,-0.20935896039009094,-0.08622100302827107,0.011271476745605469,-0.14769408106803894,-0.07802230963361012,0.006623387336730957,-0.09840255975723267,-0.05777712637436139,-0.012295007705688477,-0.15977433323860168,-0.032945052775261274,-0.020981967449188232,-0.19767296314239502,-0.06968315789353596,-0.02836000919342041,-0.15070700645446777,-0.06086938181769597,-0.02721935510635376,-0.11068809032440186,-0.04390036040794598
L,0.0,0.0,0.0,0.08284616470336914,-0.003969669342041016,-0.052406224809737445,0.1754804253578186,-0.045349061489105225,-0.07684108933076406,0.24727493524551392,-0.09010875225067139,-0.09660829176768804,0.308227002620697,-0.11159306764602661,-0.11588012000188375,0.14665091037750244,-0.1516394019126892,-0.04024378900990033,0.1619592308998108,-0.23910987377166748,-0.07254837771520162,0.1583729386329651,-0.3013647794723511,-0.09558005204066777,0.15406429767608643,-0.35277050733566284,-0.1123343663440659,0.0929187536239624,-0.16509827971458435,-0.031218446247430087,0.08534568548202515,-0.21808284521102905,-0.08870222737655187,0.06045711040496826,-0.15601199865341187,-0.10732075890168691,0.050489842891693115,-0.10253798961639404,-0.10575653185710454,0.039466142654418945,-0.1686895191669464,-0.027511054106207133,0.030405700206756592,-0.21804004907608032,-0.07962774058446431,0.012148022651672363,-0.16203108429908752,-0.0738156097160294,0.006265878677368164,-0.114493727684021,-0.05533314069375539,-0.011347532272338867,-0.1640416979789734,-0.028339165650458575,-0.018764853477478027,-0.20605796575546265,-0.06320675780639196,-0.027160048484802246,-0.16364291310310364,-0.055602915041299106,-0.02754157781600952,-0.12449467182159424,-0.03958084379896665
L,0.0,0.0,0.0,0.08365875482559204,-0.004327595233917236,-0.052957820669419675,0.17717939615249634,-0.04781234264373779,-0.07731678240061512,0.2480490803718567,-0.09307152032852173,-0.09747943930388203,0.30983293056488037,-0.11283111572265625,-0.11741913758278599,0.14626896381378174,-0.14943930506706238,-0.038999392614371686,0.16281038522720337,-0.2383151650428772,-0.06887212298870793,0.1584680676460266,-0.29733067750930786,-0.08837633483172169,0.15392833948135376,-0.3464254140853882,-0.10248970888615361,0.09413057565689087,-0.16197052597999573,-0.02988281749249211,0.08463078737258911,-0.21105316281318665,-0.0873982971167635,0.055647432804107666,-0.14878249168395996,-0.10466410122872105,0.04480934143066406,-0.09559345245361328,-0.10149687431812993,0.04061466455459595,-0.1654084026813507,-0.02627168685258141,0.02854740619659424,-0.21470573544502258,-0.0801377733802866,0.007476150989532471,-0.15900176763534546,-0.07573737107277623,0.0014191865921020508,-0.11066955327987671,-0.05708375476361027,-0.010468900203704834,-0.16126200556755066,-0.026921330914504438,-0.022316396236419678,-0.20567461848258972,-0.0628432919836115,-0.032454073429107666,-0.16530489921569824,-0.05614045910597554,-0.03306061029434204,-0.12527358531951904,-0.04017239712239018
L,0.0,0.0,0.0,0.08363819122314453,0.0016233325004577637,-0.0526664562302912,0.18343722820281982,-0.03792494535446167,-0.07607767058194526,0.2560601830482483,-0.08251988887786865,-0.09417809618295081,0.3179016709327698,-0.10546141862869263,-0.11195746136487372,0.160006582736969,-0.1404229700565338,-0.03799885211170562,0.17546534538269043,-0.22899705171585083,-0.06717693877995856,0.17091065645217896,-0.29074451327323914,-0.08668922705233939,0.16777336597442627,-0.3393141031265259,-0.10063967926085837,0.10490262508392334,-0.1564437448978424,-0.027623069264301137,0.09985882043838501,-0.21059879660606384,-0.08271985573352225,0.07059693336486816,-0.15083256363868713,-0.10004126352847464,0.0592806339263916,-0.09888416528701782,-0.09736886692822821,0.049992382526397705,-0.16283279657363892,-0.022501152731784657,0.04101139307022095,-0.21158254146575928,-0.07511029464782126,0.018519580364227295,-0.15557748079299927,-0.07041807545007117,0.011724710464477539,-0.10857176780700684,-0.051981528081306294,-0.002193748950958252,-0.16102144122123718,-0.021447085567125157,-0.00985640287399292,-0.20312896370887756,-0.057301421441444234,-0.020365536212921143,-0.15963590145111084,-0.0505537248927439,-0.020964384078979492,-0.11992734670639038,-0.034630418546804265
L,0.0,0.0,0.0,0.08419138193130493,0.0018606781959533691,-0.05124385386160668,0.18010985851287842,-0.037413835525512695,-0.07556780158928689,0.24939191341400146,-0.08421623706817627,-0.09444824337414559,0.3095589876174927,-0.10637706518173218,-0.11333169519356545,0.15002059936523438,-0.1429823637008667,-0.04270707547119912,0.16759347915649414,-0.22922086715698242,-0.07083860516003426,0.1645200252532959,-0.28823959827423096,-0.0894828262870675,0.16164296865463257,-0.3360068202018738,-0.10347252815417107,0.09587198495864868,-0.15873774886131287,-0.03248747914484795,0.09042906761169434,-0.20643401145935059,-0.08382382720164117,0.06552690267562866,-0.14434221386909485,-0.09812989562205132,0.056549251079559326,-0.09532219171524048,-0.09551895141056832,0.04175007343292236,-0.16387802362442017,-0.026969430143154227,0.03442227840423584,-0.2083151638507843,-0.07458592682532128,0.01567375659942627,-0.15205764770507812,-0.0670339959805375,0.010151267051696777,-0.10764634609222412,-0.049354856008804404,-0.010147631168365479,-0.1599697768688202,-0.02555721170655545,-0.018019437789916992,-0.1984694004058838,-0.05820708825639542,-0.025653481483459473,-0.15496882796287537,-0.05023258283189591,-0.02528059482574463,-0.11768823862075806,-0.0349229547326928
L,0.0,0.0,0.0,0.08465051651000977,0.0008065104484558105,-0.05237298379395838,0.17919158935546875,-0.04013526439666748,-0.0766235209510171,0.2495567798614502,-0.08739572763442993,-0.09574138293717738,0.31102943420410156,-0.10828903317451477,-0.11498155365441676,0.15178179740905762,-0.14555394649505615,-0.03900476465676661,0.16911137104034424,-0.22987252473831177,-0.06644199709151621,0.16707497835159302,-0.28897422552108765,-0.08531821439717646,0.16503459215164185,-0.3371574431657791,-0.09947770754550334,0.0981360673904419,-0.16043496131896973,-0.02842472973023291,0.09455162286758423,-0.21070903539657593,-0.08040548781607981,0.06556147336959839,-0.15200155973434448,-0.09661928484891291,0.05174839496612549,-0.10147541761398315,-0.09448909680102702,0.04330170154571533,-0.1659669578075409,-0.02284515569661494,0.03782010078430176,-0.21451044082641602,-0.0712202034399354,0.015637993812561035,-0.16182643175125122,-0.06674967626784678,0.006374955177307129,-0.11607396602630615,-0.0502655349180543,-0.009385168552398682,-0.16357740759849548,-0.021388004671081262,-0.016607820987701416,-0.20451849699020386,-0.05418759505008097,-0.02592635154724121,-0.1639086902141571,-0.048061738859161096,-0.027929961681365967,-0.1255313754081726,-0.03375562946055766
L,0.0,0.0,0.0,0.16162341833114624,-0.005842089653015137,-0.08704853080361374,0.31140759587287903,-0.052709102630615234,-0.1245065408214856,0.4448681175708771,-0.11654829978942871,-0.1550781207546521,0.544053465127945,-0.1528528928756714,-0.18448657564967164,0.26600131392478943,-0.2633900046348572,-0.04835338913052567,0.29853084683418274,-0.4293360710144043,-0.09822355233281144,0.30037805438041687,-0.5389622449874878,-0.13764140777438172,0.2954176366329193,-0.6295013427734375,-0.16665989928095826,0.17577669024467468,-0.2860579490661621,-0.030145930351309858,0.1691569983959198,-0.37693870067596436,-0.12430420540421494,0.13040420413017273,-0.2612830102443695,-0.1555237846836377,0.11153730750083923,-0.16789358854293823,-0.15249853603690156,0.08246782422065735,-0.2863710820674896,-0.021854849757247052,0.07940924167633057,-0.3648796081542969,-0.11454174690096863,0.04902973771095276,-0.2414138913154602,-0.10367350302784928,0.03795546293258667,-0.155462384223938,-0.06865999125092515,-0.01297140121459961,-0.2729954719543457,-0.020707814247899137,-0.003872126340866089,-0.34437859058380127,-0.08671040855496415,-0.017909854650497437,-0.24903982877731323,-0.07333483569472321,-0.01621970534324646,-0.17636346817016602,-0.04382682614176758
L,0.0,0.0,0.0,0.08504611253738403,0.0006679892539978027,-0.04999678616734826,0.17888933420181274,-0.04115253686904907,-0.07377236371251428,0.24947714805603027,-0.08706998825073242,-0.0929056260487684,0.30998843908309937,-0.10949963331222534,-0.11231362109395349,0.15495777130126953,-0.1465945541858673,-0.03894773532959306,0.17265379428863525,-0.23340725898742676,-0.06616193090888345,0.16877877712249756,-0.2923307418823242,-0.0842681754133352,0.1645604372024536,-0.340036079287529,-0.09755043720218026,0.10070919990539551,-0.16227149963378906,-0.029334562247122165,0.09431737661361694,-0.2123422920703888,-0.08016749506207788,0.06677877902984619,-0.1530245840549469,-0.09546746348353707,0.05449038743972778,-0.10337042808532715,-0.09307989512893045,0.045959651470184326,-0.1682550013065338,-0.024401421075189944,0.039050161838531494,-0.21613138914108276,-0.07202640955659234,0.017603695392608643,-0.16137582063674927,-0.06653628533097589,0.008917570114135742,-0.1156061589717865,-0.04965955426308,-0.0059746503829956055,-0.16590946912765503,-0.023319224243486758,-0.013133645057678223,-0.20714625716209412,-0.05573365127059304,-0.02335643768310547,-0.1641576886177063,-0.048381843020642634,-0.026223838329315186,-0.12434682250022888,-0.03317600523444497
L,0.0,0.0,0.0,0.08289885520935059,0.002883613109588623,-0.05314430444952478,0.1731940507888794,-0.03485763072967529,-0.0782267957877778,0.24415045976638794,-0.07778263092041016,-0.09805785715099802,0.30525386333465576,-0.09599143266677856,-0.11796192675348749,0.1488497257232666,-0.13747593760490417,-0.045284515614476106,0.16533046960830688,-0.2244185507297516,-0.07665262221809854,0.16385823488235474,-0.28567934036254883,-0.09852854758020868,0.1614534854888916,-0.333966463804245,-0.11452192663666239,0.09437394142150879,-0.1542009711265564,-0.035533907259669206,0.08811074495315552,-0.20618969202041626,-0.0914321824860238,0.05985403060913086,-0.148075670003891,-0.10860542058464517,0.04564434289932251,-0.0964508056640625,-0.10692573934313288,0.039669573307037354,-0.1594589352607727,-0.030816527451243303,0.031500279903411865,-0.20787477493286133,-0.08231304436441889,0.01085752248764038,-0.15420007705688477,-0.07623052447554102,0.0018367171287536621,-0.10778775811195374,-0.05828884839531412,-0.011804640293121338,-0.1549612283706665,-0.030452872062888048,-0.0198441743850708,-0.19591760635375977,-0.06595228462931146,-0.02950108051300049,-0.15400347113609314,-0.058791114385094545,-0.03174304962158203,-0.11494046449661255,-0.04351197033640375
L,0.0,0.0,0.0,0.08796948194503784,0.0026293396949768066,-0.05131188439487033,0.1861569881439209,-0.03450417518615723,-0.0741989317750793,0.25962382555007935,-0.07716375589370728,-0.09202525796650463,0.32057082653045654,-0.09549039602279663,-0.10989016326426082,0.16004347801208496,-0.13559985160827637,-0.03725466536639743,0.1777886152267456,-0.22059622406959534,-0.06449519129751735,0.17588502168655396,-0.281479075551033,-0.08400262924192958,0.1754511594772339,-0.33133286237716675,-0.09871166976450496,0.10552912950515747,-0.15290266275405884,-0.027452268025861315,0.10385894775390625,-0.205682635307312,-0.0791548791742187,0.07718414068222046,-0.1494428813457489,-0.09569524260519557,0.06485474109649658,-0.09842750430107117,-0.09350352766274028,0.05049031972885132,-0.16015848517417908,-0.022582240722165636,0.04551464319229126,-0.20858758687973022,-0.07051588626860195,0.02518749237060547,-0.15540465712547302,-0.06534171881435924,0.01703554391860962,-0.10893157124519348,-0.0480577315604549,-0.001727759838104248,-0.15853887796401978,-0.02193392845152431,-0.0056435465812683105,-0.19996368885040283,-0.05445774304030948,-0.015190839767456055,-0.15681633353233337,-0.047220975480065874,-0.017638087272644043,-0.11640852689743042,-0.03191370921491199
L,0.0,0.0,0.0,0.08524823188781738,0.0031595826148986816,-0.05406777268301255,0.18103641271591187,-0.03263238072395325,-0.07952604895483262,0.2533186674118042,-0.07422101497650146,-0.09920665329347855,0.3146754503250122,-0.09284970164299011,-0.11878199582945115,0.1527612805366516,-0.13607221841812134,-0.04417591249595887,0.17193931341171265,-0.22005081176757812,-0.07387126689802415,0.17035263776779175,-0.2790708839893341,-0.09410424238096482,0.16878604888916016,-0.3273486793041229,-0.108824414070952,0.09876447916030884,-0.1539475917816162,-0.03305220684062249,0.09378194808959961,-0.20574063062667847,-0.08565065717350251,0.06744468212127686,-0.14692312479019165,-0.1012446702087999,0.05661940574645996,-0.09764721989631653,-0.09923441415678269,0.044548988342285156,-0.1618792712688446,-0.02709366833816773,0.036969900131225586,-0.20689725875854492,-0.07689356511484391,0.016122043132781982,-0.15283656120300293,-0.07111885106216675,0.008353114128112793,-0.10791924595832825,-0.05381297772775895,-0.006236910820007324,-0.16167935729026794,-0.025467582848179404,-0.012645900249481201,-0.2016722857952118,-0.06001496767650849,-0.023157119750976562,-0.15897509455680847,-0.05328470548640496,-0.025825321674346924,-0.12000846862792969,-0.03844127139102227
L,0.0,0.0,0.0,0.07740902900695801,0.00974985957145691,-0.05606281481664155,0.17175918817520142,-0.023725032806396484,-0.08350202910582993,0.24270635843276978,-0.06472477316856384,-0.10376079849879716,0.30397677421569824,-0.08357259631156921,-0.12386715136449311,0.1472962498664856,-0.12584802508354187,-0.05089032746832345,0.16645526885986328,-0.21153545379638672,-0.08137263827006791,0.1652916669845581,-0.2710181325674057,-0.10125488512198899,0.16350054740905762,-0.31830914318561554,-0.11608412586133454,0.09383702278137207,-0.14538738131523132,-0.03847788743655656,0.08549147844314575,-0.19455307722091675,-0.09304073177258942,0.057318687438964844,-0.13257646560668945,-0.1077323528377292,0.04825371503829956,-0.08318036794662476,-0.10492119662444566,0.04051172733306885,-0.15458130836486816,-0.031164943277644852,0.03045344352722168,-0.20090162754058838,-0.08143786065261338,0.010031819343566895,-0.14601421356201172,-0.07486036144177888,0.004963099956512451,-0.10332193970680237,-0.05739579819123719,-0.008438944816589355,-0.15388956665992737,-0.02804401613752816,-0.016649484634399414,-0.1918237805366516,-0.06315041057746384,-0.027983427047729492,-0.1471794843673706,-0.056517147496151665,-0.029398202896118164,-0.109903484582901,-0.042009455188917855
L,0.0,0.0,0.0,0.06817501783370972,0.018692851066589355,-0.05699622813730798,0.15241402387619019,-0.008502602577209473,-0.08393356759219728,0.21957945823669434,-0.04179266095161438,-0.10295205373435579,0.2741957902908325,-0.06012493371963501,-0.12205559570460878,0.12166780233383179,-0.10014116764068604,-0.06108366508155427,0.1387176513671875,-0.18618977069854736,-0.09352275539308152,0.143798828125,-0.2464446872472763,-0.11310021389394365,0.14300501346588135,-0.2943739742040634,-0.12785976190238557,0.06888067722320557,-0.12308505177497864,-0.04931127835183702,0.06400340795516968,-0.16767776012420654,-0.10472966540723405,0.04024922847747803,-0.10945409536361694,-0.11892977912097535,0.02815103530883789,-0.06182718276977539,-0.11614814210801683,0.019259393215179443,-0.13217493891716003,-0.04227842573195062,0.01015770435333252,-0.16541773080825806,-0.09533550400405488,-0.008923470973968506,-0.11144351959228516,-0.09031533260017,-0.015116333961486816,-0.07180598378181458,-0.07327280003696046,-0.02450394630432129,-0.13049113750457764,-0.03915146920948587,-0.03608137369155884,-0.15685686469078064,-0.07793927002816758,-0.0463714599609375,-0.1128787100315094,-0.07355038631826005,-0.046265244483947754,-0.07832062244415283,-0.06036267984777055
L,0.0,0.0,0.0,0.07628190517425537,0.021182239055633545,-0.05784988404214464,0.17013877630233765,-0.0013072788715362549,-0.0840350277811297,0.2421703338623047,-0.03652164340019226,-0.10193831101954065,0.29981285333633423,-0.05688601732254028,-0.11880212650597177,0.1437680721282959,-0.0990038514137268,-0.06299718097746454,0.16520875692367554,-0.18814629316329956,-0.10132582114040933,0.16801881790161133,-0.2500511407852173,-0.12591319904625498,0.16542011499404907,-0.3010641634464264,-0.14306777344048105,0.08932000398635864,-0.12339773774147034,-0.05148292706310831,0.07931661605834961,-0.17053097486495972,-0.11168212071955286,0.05183488130569458,-0.10705423355102539,-0.12841103599369608,0.03909963369369507,-0.05695721507072449,-0.12727805600464426,0.03858214616775513,-0.13496950268745422,-0.04500490427911363,0.02743363380432129,-0.16788607835769653,-0.10352106020748697,0.005290329456329346,-0.10545605421066284,-0.09731214866936289,-0.0021878480911254883,-0.061328768730163574,-0.07868785784542642,-0.00768667459487915,-0.13723668456077576,-0.04265445099175058,-0.014089465141296387,-0.1645960509777069,-0.08643566445410333,-0.028981685638427734,-0.11409914493560791,-0.0810881294399508,-0.03214460611343384,-0.07676228880882263,-0.06634121761620126
L,0.0,0.0,0.0,0.07036364078521729,0.019561201333999634,-0.06516899358385331,0.15382498502731323,-0.009427636861801147,-0.09645627628916031,0.2199537754058838,-0.046702802181243896,-0.1179513503228975,0.27677905559539795,-0.06616029143333435,-0.13968357633703476,0.13281148672103882,-0.10710063576698303,-0.070489482990439,0.1532474160194397,-0.19362953305244446,-0.10755903463714844,0.15668559074401855,-0.25380492210388184,-0.13117978166692978,0.15841412544250488,-0.3017888367176056,-0.14817011546247727,0.08295762538909912,-0.13067716360092163,-0.054792800954516,0.07723194360733032,-0.1832360029220581,-0.11599098335855729,0.043379008769989014,-0.12671783566474915,-0.13166530620210892,0.027707040309906006,-0.0772334635257721,-0.1281906832372499,0.03346353769302368,-0.14268630743026733,-0.04449979778283364,0.02249276638031006,-0.18705326318740845,-0.10316114317529923,-0.005235850811004639,-0.13266709446907043,-0.0984464977299524,-0.014582514762878418,-0.08781582117080688,-0.07971803288810975,-0.011961877346038818,-0.14439818263053894,-0.03852191384785897,-0.02399200201034546,-0.17853960394859314,-0.08134036701076752,-0.04071396589279175,-0.13483479619026184,-0.07678976844900376,-0.04403650760650635,-0.0964127779006958,-0.06204851906650788
L,0.0,0.0,0.0,0.07314300537109375,0.01615002751350403,-0.06303806688913483,0.1656213402748108,-0.009995132684707642,-0.09318978425392288,0.23715674877166748,-0.04640758037567139,-0.11396706935295242,0.29989200830459595,-0.06449422240257263,-0.13400683637985367,0.1466231346130371,-0.1111244261264801,-0.06239728343018669,0.1684497594833374,-0.19891560077667236,-0.09542325225004333,0.1706303358078003,-0.25947535037994385,-0.11597558941969055,0.1709621548652649,-0.3086746335029602,-0.13123435613044876,0.09466981887817383,-0.13359025120735168,-0.04663562488087791,0.08341354131698608,-0.18144452571868896,-0.1031271004331984,0.05467790365219116,-0.1185397207736969,-0.11698233422168869,0.04681497812271118,-0.07025620341300964,-0.11368706908353943,0.04302555322647095,-0.1458629071712494,-0.03633195992836136,0.030740559101104736,-0.18672148883342743,-0.09011802163252014,0.0077550411224365234,-0.12947961688041687,-0.08330623146423477,0.0034560561180114746,-0.08911994099617004,-0.06505218234190124,-0.005076289176940918,-0.14889651536941528,-0.030574995021311224,-0.014308333396911621,-0.18108664453029633,-0.07019770976432937,-0.02764308452606201,-0.13436800241470337,-0.06499224987157959,-0.028627455234527588,-0.09891468286514282,-0.05073457669743675
L,0.0,0.0,0.0,0.07527196407318115,0.02062016725540161,-0.06077123126996753,0.1714261770248413,-0.006696790456771851,-0.0903302251459479,0.2442694902420044,-0.04590803384780884,-0.1110463558794379,0.30278974771499634,-0.0697861909866333,-0.13205459407581088,0.1546381711959839,-0.10774114727973938,-0.06265853039039371,0.17988204956054688,-0.1952722817659378,-0.09598186305774448,0.18391019105911255,-0.25774528086185455,-0.11668524584783313,0.18670135736465454,-0.30766765773296356,-0.1316558986069083,0.10448873043060303,-0.13355755805969238,-0.047918234682214234,0.10132771730422974,-0.1847870647907257,-0.10658313027633426,0.06422698497772217,-0.12710615992546082,-0.12173846802724597,0.04728275537490845,-0.07832887768745422,-0.11782024494422672,0.0533909797668457,-0.14928790926933289,-0.03806021130694148,0.04720097780227661,-0.1913074553012848,-0.09443716398490665,0.015905141830444336,-0.1347220540046692,-0.0888205810548186,0.0037665963172912598,-0.08995535969734192,-0.06958885184539554,0.004591464996337891,-0.15489554405212402,-0.0321576825441241,-0.0027307868003845215,-0.19036293029785156,-0.0729550912143111,-0.020788371562957764,-0.14447838068008423,-0.06731985203040836,-0.02582770586013794,-0.10582199692726135,-0.05161077595366237
L,0.0,0.0,0.0,0.15162420272827148,0.004877686500549316,-0.08781903393048651,0.30993878841400146,-0.04646879434585571,-0.12492644942778952,0.4421015977859497,-0.10686159133911133,-0.1553479299642504,0.5386654734611511,-0.14611142873764038,-0.18584208346385367,0.25946110486984253,-0.25517016649246216,-0.0544483379222811,0.29290199279785156,-0.41835981607437134,-0.10512957132834799,0.29422831535339355,-0.5291848182678223,-0.14278574443835623,0.29054588079452515,-0.617791473865509,-0.17001317597407706,0.17143404483795166,-0.2765028476715088,-0.03847840956825621,0.16448161005973816,-0.36776742339134216,-0.13740421987552054,0.12370461225509644,-0.25705620646476746,-0.17102094150561697,0.10184985399246216,-0.16113877296447754,-0.1680194751121462,0.08071532845497131,-0.27884936332702637,-0.03218608132976897,0.07149788737297058,-0.3524508774280548,-0.13173680163401968,0.040303170680999756,-0.231674462556839,-0.12541929043311484,0.029301226139068604,-0.14459043741226196,-0.091370487282461,-0.010684728622436523,-0.26984965801239014,-0.03256808004755385,-0.006452411413192749,-0.33826231956481934,-0.10498292900103934,-0.024344295263290405,-0.2411675751209259,-0.0953745783068598,-0.026072949171066284,-0.16477513313293457,-0.06709531850594885
L,0.0,0.0,0.0,0.07420772314071655,0.016266167163848877,-0.06210945623348607,0.16674208641052246,-0.012506812810897827,-0.09232824745009793,0.2394883632659912,-0.04860854148864746,-0.11392101349662198,0.2986767292022705,-0.07087653875350952,-0.13534994127581967,0.1510271430015564,-0.11900043487548828,-0.0571878150327052,0.17426329851150513,-0.20283378660678864,-0.09077375086377515,0.17724627256393433,-0.26390308141708374,-0.11194430740903272,0.18013453483581543,-0.312335804104805,-0.12683103682826413,0.10306119918823242,-0.14161458611488342,-0.04167774768899335,0.09639185667037964,-0.19336795806884766,-0.10046408774684323,0.060480356216430664,-0.13325205445289612,-0.11532341393063916,0.04830169677734375,-0.08392775058746338,-0.11041157396863355,0.05212545394897461,-0.15576612949371338,-0.03177624272535695,0.040622591972351074,-0.19784164428710938,-0.08772165032456769,0.010593056678771973,-0.1410701870918274,-0.08153967263530149,0.003957569599151611,-0.09864947199821472,-0.0614871725661601,0.0033831000328063965,-0.1610778570175171,-0.026153852067693606,-0.008327007293701172,-0.19664573669433594,-0.06490873249600781,-0.025304317474365234,-0.1506536304950714,-0.0583283573610629,-0.026479363441467285,-0.11423814296722412,-0.042011589579090014
L,0.0,0.0,0.0,0.07362568378448486,0.020003527402877808,-0.060816596436268355,0.16698038578033447,-0.005725264549255371,-0.09014613850689557,0.23975491523742676,-0.04247373342514038,-0.11039201839543011,0.2979544997215271,-0.06881183385848999,-0.1303181119141641,0.15180277824401855,-0.11089780926704407,-0.06058806850290921,0.17545044422149658,-0.1957111954689026,-0.09351759328222897,0.18085217475891113,-0.25746801495552063,-0.114552854734427,0.1852162480354309,-0.306944340467453,-0.12985274865008023,0.10278868675231934,-0.13616806268692017,-0.044665630149609115,0.09858453273773193,-0.18775895237922668,-0.10021512134647992,0.06613260507583618,-0.12760117650032043,-0.11385201587057736,0.05437314510345459,-0.07822489738464355,-0.109741262334353,0.052111268043518066,-0.15152138471603394,-0.03379881678796437,0.043653905391693115,-0.19304430484771729,-0.08565204514837887,0.01671147346496582,-0.1378733366727829,-0.0779339291033807,0.009061455726623535,-0.09442386031150818,-0.05885789467669156,0.004560708999633789,-0.15667811036109924,-0.027279661211139228,-0.0046645402908325195,-0.18864214420318604,-0.06460222526169446,-0.020035862922668457,-0.1439531147480011,-0.058523393410212066,-0.022125720977783203,-0.10807615518569946,-0.04348561091995862
L,0.0,0.0,0.0,0.07436883449554443,0.01735740900039673,-0.06250144383288614,0.1695370078086853,-0.006643205881118774,-0.0906186386046528,0.2417299747467041,-0.04242703318595886,-0.10862978389836542,0.3027990460395813,-0.06504958868026733,-0.12538018664695016,0.15344691276550293,-0.10710853338241577,-0.06023860564805261,0.17511343955993652,-0.1955842822790146,-0.09332606038428537,0.180259108543396,-0.25824789702892303,-0.11501499107457391,0.1821015477180481,-0.30930259823799133,-0.13076512357569925,0.10093289613723755,-0.13128165900707245,-0.043562507539760986,0.09231913089752197,-0.18389740586280823,-0.09937344333506815,0.06285744905471802,-0.12243026494979858,-0.11350890836096994,0.05415785312652588,-0.07334470748901367,-0.10983493021107904,0.049544453620910645,-0.14596199989318848,-0.032412888765108505,0.04004561901092529,-0.1874164491891861,-0.08697200408555261,0.014151692390441895,-0.12995173037052155,-0.08164374372340433,0.00912928581237793,-0.08952566981315613,-0.06325084558106653,0.0030350685119628906,-0.15197047591209412,-0.025558514803421417,-0.005018949508666992,-0.18416434526443481,-0.06633829912520639,-0.021870732307434082,-0.1369101107120514,-0.06222807085491411,-0.023449718952178955,-0.10195332765579224,-0.04788952907897226
L,0.0,0.0,0.0,0.07822799682617188,0.017974138259887695,-0.060648419938090115,0.17511963844299316,-0.0072716474533081055,-0.08970366143346098,0.24739080667495728,-0.04518446326255798,-0.10950896613955763,0.3075317144393921,-0.0672886073589325,-0.1291642906582382,0.15959274768829346,-0.11229363083839417,-0.06034384020328787,0.18546074628829956,-0.1977333128452301,-0.0934170606052902,0.18929213285446167,-0.25992250442504883,-0.1148084225571182,0.1923905611038208,-0.3102533519268036,-0.13024794780373838,0.10955476760864258,-0.13637346029281616,-0.04489313163519171,0.10388213396072388,-0.19176894426345825,-0.1012460487401512,0.06925678253173828,-0.13281483948230743,-0.11491556190610197,0.05608326196670532,-0.0852082371711731,-0.11063275211215284,0.05813878774642944,-0.150583416223526,-0.03438539155483511,0.04919862747192383,-0.19608980417251587,-0.08781695090890196,0.02085930109024048,-0.13977313041687012,-0.07953501217723158,0.013074159622192383,-0.09841704368591309,-0.05948663600445059,0.008894205093383789,-0.15578386187553406,-0.028087808794381885,0.0011729001998901367,-0.19291384518146515,-0.06579974018693235,-0.016043484210968018,-0.14699089527130127,-0.0579953687703636,-0.01860356330871582,-0.11138808727264404,-0.04147917874813345
L,0.0,0.0,0.0,0.07621908187866211,0.017716258764266968,-0.06010717181591474,0.17312026023864746,-0.00828436017036438,-0.08859578175572835,0.2460615634918213,-0.04541918635368347,-0.1088603253486582,0.304398775100708,-0.07024121284484863,-0.12882611556081258,0.1579163670539856,-0.11404848098754883,-0.05533139435677015,0.18369078636169434,-0.19933709502220154,-0.08816103292731725,0.18818622827529907,-0.26087823510169983,-0.10969822509316884,0.1922825574874878,-0.31025275588035583,-0.1251150409701296,0.1087530255317688,-0.13834089040756226,-0.040600490105433096,0.1035502552986145,-0.18849343061447144,-0.09908776385812246,0.0672406554222107,-0.1290987730026245,-0.11531021101502859,0.053944408893585205,-0.08038491010665894,-0.11152347577838384,0.058102190494537354,-0.15316246449947357,-0.031052731257958044,0.04899764060974121,-0.19607748091220856,-0.08641130877761327,0.01826000213623047,-0.13952434062957764,-0.08034676713971578,0.010021865367889404,-0.09581232070922852,-0.060560900998396505,0.010081291198730469,-0.15789654850959778,-0.025717743021530737,0.0001538991928100586,-0.19217292964458466,-0.06493265582351171,-0.017818033695220947,-0.14669102430343628,-0.0585753287198969,-0.020221590995788574,-0.10930773615837097,-0.04211712284116231
L,0.0,0.0,0.0,0.07322406768798828,0.018054485321044922,-0.06466459430035343,0.1650901436805725,-0.004146575927734375,-0.09292292542036762,0.23840570449829102,-0.03866127133369446,-0.110688067443931,0.2987789511680603,-0.05969202518463135,-0.12762844509657612,0.1480002999305725,-0.10191404819488525,-0.06329795665320148,0.17110896110534668,-0.18793995678424835,-0.097255490191543,0.1774284839630127,-0.24993152916431427,-0.11991317517336597,0.1804267168045044,-0.29998667538166046,-0.13582128233488788,0.09760934114456177,-0.12456876039505005,-0.04525691217955341,0.08749401569366455,-0.1777602881193161,-0.10243164695080509,0.055585265159606934,-0.12180933356285095,-0.11790180898483982,0.04259073734283447,-0.07203027606010437,-0.11427641607102146,0.04880267381668091,-0.13698512315750122,-0.03262887842234363,0.03341001272201538,-0.17299440503120422,-0.08783195114907016,0.006193757057189941,-0.1183006763458252,-0.08408217079218616,3.93986701965332e-05,-0.07654380798339844,-0.06590296275194873,0.004638731479644775,-0.14190924167633057,-0.02440124883528938,-0.0064598917961120605,-0.17154160141944885,-0.06412121600683918,-0.02441626787185669,-0.12616656720638275,-0.05976413882549991,-0.026372969150543213,-0.08991584181785583,-0.04506964556154003
L,0.0,0.0,0.0,0.07844293117523193,0.017244547605514526,-0.05934284147501501,0.1702514886856079,-0.011518627405166626,-0.08806906533122572,0.2412426471710205,-0.04826146364212036,-0.10934721571088346,0.2972061038017273,-0.07369866967201233,-0.13053493094325574,0.15981024503707886,-0.1161842942237854,-0.05381064754605802,0.1834317445755005,-0.19892185926437378,-0.08688264977813276,0.18607866764068604,-0.2590121030807495,-0.10818152767301115,0.18905538320541382,-0.30826205015182495,-0.12332446765780958,0.10931140184402466,-0.1396859884262085,-0.040342095165257774,0.10544276237487793,-0.19334328174591064,-0.09663160782933744,0.06996631622314453,-0.13473722338676453,-0.11199774485707792,0.056236207485198975,-0.08604905009269714,-0.10844207447648557,0.05581110715866089,-0.1536024659872055,-0.03214988750100645,0.05007904767990112,-0.20067903399467468,-0.08654688936353239,0.018548965454101562,-0.14402034878730774,-0.0800669704067758,0.007210254669189453,-0.09866082668304443,-0.06048167762041601,0.004616141319274902,-0.15819677710533142,-0.028151803507213913,-0.004205524921417236,-0.1971968412399292,-0.06707335156083616,-0.021148085594177246,-0.15193265676498413,-0.060017770944838844,-0.02518916130065918,-0.11232385039329529,-0.043408791391854606
L,0.0,0.0,0.0,0.07803219556808472,0.015553057193756104,-0.05546255497088737,0.17008733749389648,-0.012313783168792725,-0.08134688524356193,0.23962974548339844,-0.05009976029396057,-0.10018947062840766,0.29627883434295654,-0.07536527514457703,-0.11915443925013847,0.15653157234191895,-0.11635547876358032,-0.04905663890590972,0.180550217628479,-0.19924494624137878,-0.0796018698607952,0.18470501899719238,-0.2604704648256302,-0.0995589130913288,0.18835961818695068,-0.30963750183582306,-0.11407417146315879,0.10635095834732056,-0.14013656973838806,-0.03603473765602416,0.1054583191871643,-0.19198381900787354,-0.08975392667403526,0.07121556997299194,-0.13618293404579163,-0.10457630542865104,0.055285096168518066,-0.08769631385803223,-0.10125352529635734,0.05391645431518555,-0.15262383222579956,-0.027952604869511788,0.049950242042541504,-0.19882822036743164,-0.08012096671214408,0.02114766836166382,-0.1446412205696106,-0.07399182108989066,0.009935557842254639,-0.09955078363418579,-0.05526813952079124,0.004480838775634766,-0.15453243255615234,-0.023734576011207764,-0.002882719039916992,-0.1925218403339386,-0.061784882972148125,-0.018212437629699707,-0.14874427020549774,-0.0559035324846775,-0.022037625312805176,-0.11013886332511902,-0.04039319319477386
L,0.0,0.0,0.0,0.0758923888206482,0.017341911792755127,-0.059682006784186115,0.1701388955116272,-0.008671432733535767,-0.08795623744319414,0.23974251747131348,-0.04497408866882324,-0.10802156741212343,0.29893583059310913,-0.06771481037139893,-0.1280162509758327,0.1587209701538086,-0.11600068211555481,-0.05307990575622057,0.18295907974243164,-0.19743695855140686,-0.08550247067998384,0.1881110668182373,-0.2583947032690048,-0.10640731716941332,0.19164860248565674,-0.30649976432323456,-0.12146926934312319,0.1081501841545105,-0.14047271013259888,-0.038819561548933734,0.10424536466598511,-0.19296541810035706,-0.09575069213698839,0.06986081600189209,-0.13379821181297302,-0.11060242617915605,0.05527782440185547,-0.08448630571365356,-0.10629409814666246,0.05548834800720215,-0.15367847681045532,-0.029990774415836086,0.0489535927772522,-0.19735702872276306,-0.08597810829471086,0.02114272117614746,-0.14094161987304688,-0.08002627904008364,0.011714339256286621,-0.09800741076469421,-0.06029953698109125,0.005017578601837158,-0.15608301758766174,-0.02514464484940504,-0.002198159694671631,-0.19240149855613708,-0.06610960031341051,-0.01770240068435669,-0.14617013931274414,-0.06051659847091173,-0.02096402645111084,-0.10911765694618225,-0.044616999872431506
L,0.0,0.0,0.0,0.07304257154464722,0.017535805702209473,-0.061018629767403354,0.16227883100509644,-0.010090857744216919,-0.09000943864177202,0.22894799709320068,-0.04885751008987427,-0.10988553876470064,0.28675830364227295,-0.07119512557983398,-0.12967038417647814,0.14749443531036377,-0.11553984880447388,-0.058476052083477725,0.17022264003753662,-0.1985430121421814,-0.08929869050572847,0.17526733875274658,-0.25839270651340485,-0.10894884432147478,0.1783810257911682,-0.3057449609041214,-0.12356712187121843,0.09729593992233276,-0.13957259058952332,-0.04286983499716257,0.09415018558502197,-0.18947483599185944,-0.09823417181561922,0.061401307582855225,-0.1318347454071045,-0.11287785584519838,0.046229004859924316,-0.08256220817565918,-0.10908478761504625,0.04628324508666992,-0.15257954597473145,-0.03222869227121805,0.03921306133270264,-0.19527241587638855,-0.08664702142070269,0.010458111763000488,-0.13921895623207092,-0.08196056152175402,-0.0005092024803161621,-0.09460842609405518,-0.06365476811717485,-0.0018614530563354492,-0.15467700362205505,-0.02551565023551916,-0.012510061264038086,-0.18918445706367493,-0.06582912320683931,-0.028091609477996826,-0.1454523503780365,-0.06154350081871485,-0.031684696674346924,-0.10864722728729248,-0.04685440922568773
L,0.0,0.0,0.0,0.1448168009519577,-0.0008939504623413086,-0.09812143983600663,0.29055385291576385,-0.06863248348236084,-0.14484194459674882,0.4165574759244919,-0.14000970125198364,-0.18287772478817033,0.5153384059667587,-0.18205368518829346,-0.22101454975364732,0.229555144906044,-0.27023929357528687,-0.0790184790110402,0.24329592287540436,-0.441120982170105,-0.1372186148381047,0.22993837296962738,-0.5536248981952667,-0.17577072026489304,0.21376879513263702,-0.6405909955501556,-0.20275182070491837,0.13716290891170502,-0.2827386260032654,-0.059649659118633735,0.11595945060253143,-0.36378756165504456,-0.1666088009095006,0.08326654136180878,-0.2461358606815338,-0.19627714695690202,0.07219390571117401,-0.1518530249595642,-0.18937834145782517,0.04560817778110504,-0.274802029132843,-0.05046431513784455,0.026655271649360657,-0.34221670031547546,-0.15623260082958268,0.00590921938419342,-0.21738022565841675,-0.14675315263031052,0.002867966890335083,-0.13191449642181396,-0.10954616757391022,-0.04592329263687134,-0.25552257895469666,-0.048590233347397316,-0.05288803577423096,-0.31938400864601135,-0.1255742365336232,-0.06040361523628235,-0.22117668390274048,-0.11589203568456696,-0.05369645357131958,-0.148021399974823,-0.08674261512516068
L,0.0,0.0,0.0,0.1570635735988617,-0.007122159004211426,-0.08766440440267509,0.31390729546546936,-0.05495178699493408,-0.12180117655843681,0.4496535360813141,-0.11879438161849976,-0.14705412227958625,0.5485874712467194,-0.15769565105438232,-0.17009510238021797,0.2671228349208832,-0.26180005073547363,-0.04896844689101165,0.3018098771572113,-0.42580199241638184,-0.09645097095817512,0.303240031003952,-0.5336323380470276,-0.13427455861419624,0.2988167703151703,-0.6224271059036255,-0.16251593966335243,0.17963430285453796,-0.2832230031490326,-0.02917136203795856,0.16918864846229553,-0.37536561489105225,-0.11906230587810462,0.13034188747406006,-0.2602281868457794,-0.14917116005271858,0.11228141188621521,-0.16929972171783447,-0.147593887041511,0.08845850825309753,-0.2856506109237671,-0.019602268452944216,0.07733777165412903,-0.36202389001846313,-0.11177027363628333,0.047681838274002075,-0.24237817525863647,-0.10380424697250312,0.03844764828681946,-0.15910297632217407,-0.07237614829391426,-0.0035744011402130127,-0.2774030566215515,-0.016962835083903727,-0.0005639493465423584,-0.34409764409065247,-0.08599137652963584,-0.01782435178756714,-0.24770155549049377,-0.07727321375459617,-0.0163324773311615,-0.17382538318634033,-0.051676639805736
L,0.0,0.0,0.0,0.0746082067489624,0.01750841736793518,-0.05982400813746125,0.15915870666503906,-0.009126275777816772,-0.08972390332865388,0.22539478540420532,-0.046412378549575806,-0.11188871750282914,0.2835721969604492,-0.06885266304016113,-0.1341635171477762,0.1412034034729004,-0.11372986435890198,-0.059945962965961996,0.16282951831817627,-0.19834354519844055,-0.09469446131634385,0.1648762822151184,-0.2581368088722229,-0.11815891751694352,0.1656644344329834,-0.30662015080451965,-0.13527864554571778,0.09040766954421997,-0.1356199085712433,-0.045764766276356283,0.08535611629486084,-0.1820143759250641,-0.10323956945585877,0.05470198392868042,-0.12193319201469421,-0.11855697968649537,0.04129737615585327,-0.07445982098579407,-0.1161193583314386,0.03818851709365845,-0.1467607021331787,-0.0367869917457071,0.030694246292114258,-0.19043928384780884,-0.09010643103766114,0.006572127342224121,-0.1342431902885437,-0.08270875701355607,-0.002303898334503174,-0.0906265377998352,-0.0640941742961374,-0.010532259941101074,-0.14869537949562073,-0.0322171036307779,-0.01854121685028076,-0.18461167812347412,-0.0708460468952623,-0.031763434410095215,-0.1392192244529724,-0.06425627657818467,-0.03525888919830322,-0.10141381621360779,-0.04901499265479714
L,0.0,0.0,0.0,0.15636926889419556,-0.013760268688201904,-0.08010987715617635,0.3069465160369873,-0.05893629789352417,-0.11073501186267354,0.4375801682472229,-0.12382739782333374,-0.13555379735127904,0.5323339104652405,-0.16262274980545044,-0.15876991079942204,0.261350154876709,-0.26903489232063293,-0.032483925687231796,0.29405826330184937,-0.43047961592674255,-0.07670289801255681,0.2962917685508728,-0.5363845527172089,-0.11396066622630574,0.293875515460968,-0.6255063712596893,-0.14233987556592442,0.17456257343292236,-0.29088863730430603,-0.01626837404266812,0.16185122728347778,-0.38544395565986633,-0.10527046548024632,0.1273907721042633,-0.2709903419017792,-0.13759403453961827,0.11109530925750732,-0.18046420812606812,-0.13710536585942723,0.08306562900543213,-0.2924264073371887,-0.00987248739049651,0.069954514503479,-0.36889368295669556,-0.10113400744096257,0.046735912561416626,-0.24828162789344788,-0.09304497914210774,0.039503902196884155,-0.16400986909866333,-0.06103428976432301,-0.00870475172996521,-0.2813260853290558,-0.010111764649011867,-0.006499677896499634,-0.3493282198905945,-0.07680278794661977,-0.021608173847198486,-0.25304919481277466,-0.06620524601832845,-0.020672708749771118,-0.17967522144317627,-0.039288358407177704
L,0.0,0.0,0.0,0.15312528610229492,-0.008696436882019043,-0.0896384265721224,0.3073350191116333,-0.05050414800643921,-0.12564026531580907,0.4416135549545288,-0.11213195323944092,-0.1516188752353571,0.5409068465232849,-0.15343528985977173,-0.1740846705139063,0.26455157995224,-0.2573929727077484,-0.05127794635299665,0.3002871870994568,-0.41894012689590454,-0.09715877440575582,0.3024017810821533,-0.5240986347198486,-0.13342938539389593,0.29754263162612915,-0.6095065474510193,-0.16046597775820715,0.17569392919540405,-0.27843308448791504,-0.029693603187837425,0.16584765911102295,-0.3693961799144745,-0.11423262175921423,0.12875011563301086,-0.2523706257343292,-0.14107684013251287,0.11435821652412415,-0.16261619329452515,-0.1388908546865366,0.08589911460876465,-0.28081709146499634,-0.018600422561206642,0.07729840278625488,-0.3543466329574585,-0.10573082384470922,0.04970955848693848,-0.2354958951473236,-0.09663829919699651,0.041913360357284546,-0.15713077783584595,-0.06645964053276998,-0.0034841299057006836,-0.2731977105140686,-0.014659391388335052,0.0036718249320983887,-0.3402251601219177,-0.07900343057517034,-0.011874556541442871,-0.24501460790634155,-0.06888849255446416,-0.009446680545806885,-0.17534852027893066,-0.0439533662498377
L,0.0,0.0,0.0,0.15363061428070068,-0.0017726421356201172,-0.08804821541429675,0.30840998888015747,-0.04314088821411133,-0.12338330170036471,0.43866342306137085,-0.10530441999435425,-0.15094133039833224,0.5370309948921204,-0.14232516288757324,-0.17688249369980014,0.26051169633865356,-0.25005418062210083,-0.04722955023766673,0.29828208684921265,-0.408821165561676,-0.09514275511623538,0.30135077238082886,-0.5143032073974609,-0.13253549059749758,0.2994871139526367,-0.600768119096756,-0.15979439338565982,0.17467927932739258,-0.27174022793769836,-0.028116493875991466,0.16612619161605835,-0.3609977066516876,-0.12013575753093875,0.12740558385849,-0.2511291801929474,-0.15188004394889987,0.10921680927276611,-0.16011059284210205,-0.15007719715953982,0.08663582801818848,-0.27506589889526367,-0.019354273955237034,0.07634508609771729,-0.34469616413116455,-0.1122180180800072,0.04715535044670105,-0.22899946570396423,-0.10590900799156344,0.038358449935913086,-0.14792567491531372,-0.07446395924211657,-0.0018552541732788086,-0.2695137858390808,-0.017647085170160892,0.0030986368656158447,-0.33186066150665283,-0.08437175622106707,-0.01475614309310913,-0.23872044682502747,-0.07534718831897891,-0.014558166265487671,-0.16704201698303223,-0.04941632171989596
L,0.0,0.0,0.0,0.1548527479171753,-0.007195711135864258,-0.08444346611851117,0.3074347972869873,-0.050568342208862305,-0.11754956220739743,0.43686938285827637,-0.11418867111206055,-0.14361821984403988,0.5357261300086975,-0.1482686996459961,-0.16768439983480832,0.25688695907592773,-0.25700482726097107,-0.036170353493627516,0.29332417249679565,-0.41382932662963867,-0.0818348762904968,0.2951850891113281,-0.5195684731006622,-0.1186700550233688,0.2923555374145508,-0.6042253077030182,-0.14565231775396725,0.1707262396812439,-0.27702364325523376,-0.018115834644969908,0.16166996955871582,-0.36851269006729126,-0.10736768072002789,0.12323391437530518,-0.25816020369529724,-0.1396608141576614,0.10575264692306519,-0.1667487621307373,-0.13843172167890927,0.08269903063774109,-0.27972686290740967,-0.010689827925499884,0.07251965999603271,-0.35109955072402954,-0.10182099168651959,0.043842196464538574,-0.23684245347976685,-0.0968923879181709,0.03492116928100586,-0.15503275394439697,-0.06641657774799725,-0.005660027265548706,-0.2727060616016388,-0.010078571117457358,-0.0005208253860473633,-0.3378947377204895,-0.07618928825014493,-0.018320322036743164,-0.24451979994773865,-0.06796299045437237,-0.018358975648880005,-0.17186051607131958,-0.04248212774747273
L,0.0,0.0,0.0,0.146671861410141,0.010549485683441162,-0.07804777600487967,0.3061670958995819,-0.037191808223724365,-0.10977528371533651,0.4316478669643402,-0.09823459386825562,-0.1350026888461997,0.5267981588840485,-0.1318877935409546,-0.15942676492652197,0.25765112042427063,-0.23975777626037598,-0.05186929681023855,0.2938636243343353,-0.3949819803237915,-0.1027654794665267,0.29755595326423645,-0.5010666847229004,-0.13891698547324438,0.2947665750980377,-0.5832004547119141,-0.16450283058604498,0.1703852117061615,-0.2621360719203949,-0.039929335347025585,0.17161092162132263,-0.34916165471076965,-0.13606226571521063,0.1307559311389923,-0.23891803622245789,-0.16672568150481482,0.10617128014564514,-0.1478073000907898,-0.16340200730284948,0.08189687132835388,-0.26709306240081787,-0.03681555890163679,0.07812365889549255,-0.3382384777069092,-0.13506944604834814,0.04715004563331604,-0.221000075340271,-0.12714861460646887,0.03258797526359558,-0.1372019648551941,-0.09353672095259924,-0.007943153381347656,-0.2624402642250061,-0.03946456812938948,-0.00012239813804626465,-0.3226737976074219,-0.11196657397469778,-0.01629871129989624,-0.22724851965904236,-0.10323620714864035,-0.020074009895324707,-0.15511161088943481,-0.07648568727692862
L,0.0,0.0,0.0,0.1443549394607544,-0.008011102676391602,-0.08451036264759537,0.295207679271698,-0.05013680458068848,-0.11858081718546387,0.42118585109710693,-0.10641789436340332,-0.14607825776201722,0.5125448703765869,-0.14348530769348145,-0.1724171330557489,0.2562792897224426,-0.25830185413360596,-0.044697995238127675,0.291459858417511,-0.4158060550689697,-0.08988547971111771,0.2968859076499939,-0.5191581845283508,-0.12481062760216233,0.296369731426239,-0.6044896841049194,-0.15075027843576905,0.1726580262184143,-0.2818678021430969,-0.027448565639677014,0.1607404351234436,-0.36782699823379517,-0.11581976612669465,0.12334156036376953,-0.2562406659126282,-0.14432945748430726,0.10569393634796143,-0.16746371984481812,-0.14091060956579682,0.08483004570007324,-0.2845733165740967,-0.020146484427275624,0.0734129548072815,-0.3566257655620575,-0.11068168183428284,0.047429800033569336,-0.2404247522354126,-0.10183741798264023,0.03929564356803894,-0.15964949131011963,-0.06926349451405045,-0.003302633762359619,-0.2745341956615448,-0.01974126224977013,1.3470649719238281e-05,-0.3411593437194824,-0.08608068426710602,-0.01516813039779663,-0.24837037920951843,-0.07549629261356827,-0.014384031295776367,-0.1769099235534668,-0.048372748248400654
L,0.0,0.0,0.0,0.1508658528327942,-0.00811755657196045,-0.08093861175491668,0.2998494505882263,-0.049804091453552246,-0.11166629625274993,0.42155027389526367,-0.10611438751220703,-0.1363512097091899,0.5086148977279663,-0.1441107988357544,-0.15949773473455764,0.25711923837661743,-0.2557525336742401,-0.03515523729636527,0.2896615266799927,-0.4108598232269287,-0.08055977208330489,0.29662084579467773,-0.5145268589258194,-0.11749057156755782,0.29775089025497437,-0.5990590155124664,-0.14494900090410567,0.17167198657989502,-0.2775628864765167,-0.019728880950950156,0.1664811372756958,-0.3680835962295532,-0.1112282095642314,0.12620556354522705,-0.25685250759124756,-0.14342820329382278,0.10246878862380981,-0.1655350923538208,-0.14127264601900436,0.08173108100891113,-0.28043287992477417,-0.014282777549468051,0.07592236995697021,-0.3576430678367615,-0.10854155255272246,0.04699450731277466,-0.24094736576080322,-0.10146289748861648,0.03532910346984863,-0.15570789575576782,-0.06846430582716323,-0.008315980434417725,-0.270852267742157,-0.015328365953408252,-0.0029220879077911377,-0.33607029914855957,-0.08573682291223861,-0.019513845443725586,-0.24222519993782043,-0.076987993547462,-0.019840776920318604,-0.16912734508514404,-0.05002190602733947
L,0.0,0.0,0.0,0.14738482236862183,-0.010007679462432861,-0.07567926640679445,0.29402977228164673,-0.04958838224411011,-0.1057484164374074,0.4201468229293823,-0.10649299621582031,-0.12794637824465838,0.5133256912231445,-0.1461995244026184,-0.1456092163460454,0.26194894313812256,-0.26141053438186646,-0.04176058392097559,0.29872119426727295,-0.4192067086696625,-0.08745381380488482,0.30474406480789185,-0.5178039968013763,-0.12649631644656267,0.30299854278564453,-0.5994142293930054,-0.1556455954449376,0.17542743682861328,-0.2821792960166931,-0.026980395941635038,0.17522114515304565,-0.36502891778945923,-0.10595090086629,0.13675415515899658,-0.25013694167137146,-0.13332207645346728,0.11686015129089355,-0.16933190822601318,-0.13516849423815813,0.08420252799987793,-0.2858909070491791,-0.02120324554910269,0.08741772174835205,-0.35982397198677063,-0.10512150223424044,0.059610724449157715,-0.24198025465011597,-0.0943747996823987,0.04644429683685303,-0.16289645433425903,-0.06586935515572634,-0.0058328211307525635,-0.27861350774765015,-0.021426422102948095,0.006204783916473389,-0.34036630392074585,-0.0851456537382802,-0.004478394985198975,-0.24595800042152405,-0.07417406286170092,-0.0026651322841644287,-0.17734456062316895,-0.049789832486411
L,0.0,0.0,0.0,0.14615508913993835,-0.010782897472381592,-0.07548181616672167,0.29540345072746277,-0.05050361156463623,-0.10441018545039782,0.4188712537288666,-0.10667634010314941,-0.12786932938703188,0.5076669752597809,-0.14852631092071533,-0.1493025337994922,0.2597585618495941,-0.25966697931289673,-0.03441123568423876,0.29601314663887024,-0.41523706912994385,-0.08009770416625628,0.30124184489250183,-0.5164904892444611,-0.11634900324948916,0.30104860663414,-0.6003890335559845,-0.14254376941331515,0.17512866854667664,-0.28188803791999817,-0.021177715593658775,0.1669568121433258,-0.3676493763923645,-0.10922629290231356,0.1258489191532135,-0.25388771295547485,-0.14049135797628054,0.1067107617855072,-0.16692978143692017,-0.13925642424234042,0.0887468159198761,-0.28593671321868896,-0.01736152821191439,0.07714751362800598,-0.35751914978027344,-0.10727945619233736,0.0479218065738678,-0.24070730805397034,-0.10005941146024355,0.03799119591712952,-0.1620546579360962,-0.06886181884416231,0.0005112290382385254,-0.27959391474723816,-0.019564856746875137,0.002820044755935669,-0.3448202610015869,-0.0858008106888164,-0.013237833976745605,-0.25149455666542053,-0.07617168777593264,-0.012149274349212646,-0.18180373311042786,-0.049598201149784416
L,0.0,0.0,0.0,0.14411430060863495,0.005258738994598389,-0.09542341765344986,0.29409395158290863,-0.0667993426322937,-0.13946242865503677,0.41550420224666595,-0.138300359249115,-0.17541946705759415,0.5099500268697739,-0.1796180009841919,-0.2118342989343489,0.22588713467121124,-0.27122610807418823,-0.0741067999261702,0.23932616412639618,-0.4365966320037842,-0.13250884648741135,0.2251400500535965,-0.5499000549316406,-0.17119567331255325,0.2104235142469406,-0.6381454169750214,-0.1985170417684401,0.13396750390529633,-0.28268107771873474,-0.0577062578159655,0.11786191165447235,-0.36937618255615234,-0.16907498475492844,0.08493582904338837,-0.25088223814964294,-0.20161412891329178,0.07028581202030182,-0.15114349126815796,-0.194887595738777,0.04200495779514313,-0.2755586802959442,-0.05113567274392494,0.023903116583824158,-0.3442564010620117,-0.16186478969038376,0.004861384630203247,-0.21668529510498047,-0.15277463432730087,0.002657189965248108,-0.12800318002700806,-0.11378827181042084,-0.04930584132671356,-0.2569664716720581,-0.05157575991333374,-0.055656254291534424,-0.3214259743690491,-0.1312555545228804,-0.06313486397266388,-0.21932289004325867,-0.12117260929525742,-0.057090237736701965,-0.1444297432899475,-0.09085832026184448
L,0.0,0.0,0.0,0.16096249222755432,-0.021985292434692383,-0.07596996952632651,0.30187883973121643,-0.05477547645568848,-0.10209940154889807,0.42620185017585754,-0.11619603633880615,-0.12023024041990027,0.5116866528987885,-0.16040003299713135,-0.13340490837434515,0.2673587501049042,-0.26431697607040405,-0.027984963402545304,0.30314579606056213,-0.4224980026483536,-0.06818393398860678,0.3103092610836029,-0.5222126245498657,-0.10534457643369421,0.3094373643398285,-0.608801543712616,-0.13442973573545203,0.1830112636089325,-0.287649542093277,-0.009772711106037946,0.1755092442035675,-0.3767487704753876,-0.08748993058541998,0.13941463828086853,-0.26102980971336365,-0.11534645934442267,0.12181499600410461,-0.17512473464012146,-0.1168717720065473,0.09486743807792664,-0.28952649235725403,-0.0009607835890932392,0.0899292528629303,-0.36709678173065186,-0.07845797170737967,0.06393137574195862,-0.24986064434051514,-0.06530297328571066,0.054307013750076294,-0.16992872953414917,-0.035980274573361726,0.0056993067264556885,-0.2755312919616699,0.0009689740618483711,0.012178689241409302,-0.3422453999519348,-0.05604703132847533,0.0012389421463012695,-0.25124144554138184,-0.042487715974843354,0.006016731262207031,-0.18371862173080444,-0.01709373262563929
L,0.0,0.0,0.0,0.14590024948120117,-0.004726707935333252,-0.07259554682374869,0.2945098876953125,-0.045242130756378174,-0.09967410085798178,0.4152985215187073,-0.1048852801322937,-0.12214412061572943,0.5026387572288513,-0.14598983526229858,-0.14311743049026404,0.2577938437461853,-0.25410550832748413,-0.03018895616830264,0.29295581579208374,-0.40902698040008545,-0.07513341574073706,0.2970483899116516,-0.5116674602031708,-0.11061454085708533,0.2968721389770508,-0.5957493484020233,-0.13631683854461585,0.17315560579299927,-0.27642521262168884,-0.018715838772067173,0.16747677326202393,-0.36897793412208557,-0.109783123117694,0.1283968687057495,-0.2546662986278534,-0.14246376125217353,0.10847562551498413,-0.16193920373916626,-0.14031580356956397,0.08672142028808594,-0.28042900562286377,-0.016217267942437275,0.07621526718139648,-0.3547062575817108,-0.1090519231379119,0.04734182357788086,-0.23530197143554688,-0.10239774255157386,0.03627282381057739,-0.15164965391159058,-0.06971534608007346,-0.0016298890113830566,-0.2735135555267334,-0.019390678834923847,0.0013852715492248535,-0.3408139944076538,-0.08670639513135825,-0.0165177583694458,-0.24577409029006958,-0.07682542769313727,-0.018076539039611816,-0.17320215702056885,-0.049330095630892856
L,0.0,0.0,0.0,0.14549124240875244,-0.009843528270721436,-0.07976249970130311,0.29150456190109253,-0.04795575141906738,-0.1106899119131981,0.4197307229042053,-0.10316354036331177,-0.1338839865439354,0.5099802613258362,-0.14618468284606934,-0.15364963180951463,0.2618486285209656,-0.2550453543663025,-0.041480880152505506,0.2984102964401245,-0.4111432135105133,-0.08892489589385377,0.3040963411331177,-0.5120420157909393,-0.12795377142361986,0.3031228184700012,-0.5978119969367981,-0.15609470374516832,0.17759722471237183,-0.27849826216697693,-0.02432641006640779,0.17562109231948853,-0.36598172783851624,-0.1083512193673073,0.13686448335647583,-0.25392356514930725,-0.13755828506879197,0.1182129979133606,-0.16876685619354248,-0.13681605822972642,0.08940625190734863,-0.28289595246315,-0.01672643974058019,0.0879141092300415,-0.35524100065231323,-0.10343582547835695,0.05621981620788574,-0.23810455203056335,-0.09400033570460664,0.04375961422920227,-0.16086551547050476,-0.0629240832441269,-0.0003515481948852539,-0.2774445712566376,-0.015448019761663545,0.011636912822723389,-0.34245598316192627,-0.07905052967004167,-0.005474090576171875,-0.247982919216156,-0.06680965788297044,-0.005785346031188965,-0.1790764331817627,-0.03959183387092935
L,0.0,0.0,0.0,0.14125341176986694,-0.0005903244018554688,-0.0784981982188242,0.29367250204086304,-0.0447348952293396,-0.10942881418037587,0.4176959991455078,-0.1043161153793335,-0.13556212050485783,0.5093583464622498,-0.14077478647232056,-0.1606132821517008,0.2608790397644043,-0.2496299147605896,-0.03566219521331959,0.2948322892189026,-0.4024098664522171,-0.08541739595699482,0.29596030712127686,-0.5072083473205566,-0.1229194538073557,0.2963978052139282,-0.5899521112442017,-0.14936700326967411,0.17792564630508423,-0.27289849519729614,-0.023404917247773938,0.16534972190856934,-0.36696988344192505,-0.12282113594579869,0.12395286560058594,-0.25588881969451904,-0.15830087525415593,0.10619670152664185,-0.16090673208236694,-0.15527571601438694,0.09317731857299805,-0.2791786193847656,-0.020864502094866566,0.07318568229675293,-0.3510082960128784,-0.12044052643346959,0.04542410373687744,-0.23482316732406616,-0.11572075498867207,0.03898414969444275,-0.1511087715625763,-0.0821428732352274,0.006619781255722046,-0.2742038369178772,-0.024527989827276997,0.002930760383605957,-0.33877289295196533,-0.09639785302448445,-0.017095714807510376,-0.243524432182312,-0.08855941010284596,-0.01830679178237915,-0.17123529314994812,-0.06120282647776776
L,0.0,0.0,0.0,0.14568963646888733,0.0012354850769042969,-0.07857773712501626,0.3055742084980011,-0.0515216588973999,-0.11435938140974145,0.4268084466457367,-0.11207759380340576,-0.14723778030500512,0.5159477293491364,-0.14629125595092773,-0.18191033861265282,0.2602468430995941,-0.2579997479915619,-0.04641440025196175,0.29596611857414246,-0.4118422269821167,-0.09526521972045998,0.2984066903591156,-0.5099594742059708,-0.12793433925733666,0.2999289333820343,-0.5917750597000122,-0.15044938287363152,0.17967060208320618,-0.2811073958873749,-0.03685119262561898,0.17572954297065735,-0.37574660778045654,-0.13741082212553124,0.1273384392261505,-0.26739293336868286,-0.170383470865346,0.1012900173664093,-0.1727743148803711,-0.1637933429203997,0.0956365168094635,-0.2845640182495117,-0.035614727797366186,0.08607921004295349,-0.3588605523109436,-0.13866548499689202,0.05140778422355652,-0.24125292897224426,-0.1342392589770327,0.03677830100059509,-0.1541806161403656,-0.09837182125673394,0.009474009275436401,-0.27635928988456726,-0.03971468544230561,0.009649336338043213,-0.3434343934059143,-0.11368552109823327,-0.008088439702987671,-0.24690386652946472,-0.10306664815769295,-0.012263447046279907,-0.1687191128730774,-0.07197161278352837
L,0.0,0.0,0.0,0.14925652742385864,-0.0062264204025268555,-0.0822205656854269,0.3001611828804016,-0.051523029804229736,-0.1142548212496397,0.42904573678970337,-0.1156611442565918,-0.13932191968837948,0.5246856212615967,-0.14842253923416138,-0.1627240294305441,0.26307713985443115,-0.2562318742275238,-0.043581675895845606,0.29818856716156006,-0.413422092795372,-0.09111605972925396,0.29890888929367065,-0.5179633796215057,-0.1290987098304388,0.2951403260231018,-0.6043042838573456,-0.15695359946171017,0.17770272493362427,-0.2794491946697235,-0.02631041050831051,0.1651347279548645,-0.3672412633895874,-0.11632694692293377,0.1278027892112732,-0.2573578655719757,-0.14675348640361996,0.11174309253692627,-0.1682504117488861,-0.14482852459827633,0.08980977535247803,-0.2830899655818939,-0.018858401262557223,0.0753660798072815,-0.35086923837661743,-0.10967576892057629,0.05048251152038574,-0.2364659309387207,-0.10230291278043957,0.04354923963546753,-0.15621823072433472,-0.07096165806928845,0.0008124709129333496,-0.27589794993400574,-0.01812732049206467,0.004231810569763184,-0.3396788239479065,-0.0839382746903059,-0.011352896690368652,-0.2478550672531128,-0.0740551838366148,-0.01020735502243042,-0.17771917581558228,-0.0477567838219759
L,0.0,0.0,0.0,0.1395569145679474,0.006960749626159668,-0.07753159811204569,0.30031129717826843,-0.044064879417419434,-0.10899028142398492,0.42665615677833557,-0.11208760738372803,-0.13623119106000559,0.5187958180904388,-0.14730456471443176,-0.16421534826463358,0.26082316040992737,-0.24522581696510315,-0.0438212636620392,0.29383954405784607,-0.4020751863718033,-0.09137502273028986,0.2919675409793854,-0.5070817023515701,-0.12693729211991922,0.289247065782547,-0.5916559398174286,-0.15301684250539438,0.1771155297756195,-0.26908648014068604,-0.03154721816486017,0.16186204552650452,-0.36230412125587463,-0.13058146049684183,0.11876282095909119,-0.25422778725624084,-0.1655113022536625,0.09591731429100037,-0.15994900465011597,-0.16305816878980295,0.09271678328514099,-0.27589142322540283,-0.02755011392241613,0.07258954644203186,-0.3501484990119934,-0.12526863028710977,0.04374086856842041,-0.23601645231246948,-0.11933828850692407,0.0329609215259552,-0.1474478840827942,-0.08631896933025018,0.007013827562332153,-0.27190086245536804,-0.029578476747929017,-0.0025625228881835938,-0.33482712507247925,-0.1006784211606373,-0.022502034902572632,-0.23912879824638367,-0.09194346477693216,-0.023993879556655884,-0.1617625653743744,-0.06448919286435739
L,0.0,0.0,0.0,0.1498223841190338,-0.012836277484893799,-0.08920542806248966,0.30144503712654114,-0.060174763202667236,-0.12177254915099445,0.43033257126808167,-0.12664341926574707,-0.14528045713763538,0.5259325802326202,-0.1644028127193451,-0.1659270143495113,0.2640274465084076,-0.26142531633377075,-0.042919828592351106,0.2982429563999176,-0.42104266583919525,-0.08673062085967365,0.2987994849681854,-0.5287938117980957,-0.12200304031234088,0.29438158869743347,-0.6172832548618317,-0.1483943825946361,0.1798098385334015,-0.2831019163131714,-0.020285627840569642,0.16010209918022156,-0.3804447054862976,-0.10763578027348819,0.12364768981933594,-0.269885390996933,-0.1375780767188579,0.1096661388874054,-0.17754745483398438,-0.1349453395591289,0.09326839447021484,-0.2862699329853058,-0.008292169346025613,0.07277324795722961,-0.3602924942970276,-0.09719102740149799,0.04799246788024902,-0.24632671475410461,-0.0920047155008823,0.042987316846847534,-0.16510063409805298,-0.06195549949865642,0.006855756044387817,-0.27864351868629456,-0.003600395786127475,0.004635065793991089,-0.3457162082195282,-0.06884518176179233,-0.012462973594665527,-0.2545772194862366,-0.06201590880613628,-0.008962571620941162,-0.1832798421382904,-0.037939581124594834
L,0.0,0.0,0.0,0.1481190323829651,-0.012871325016021729,-0.07989096214529212,0.29781997203826904,-0.06261759996414185,-0.10803213288541968,0.4262062907218933,-0.1303023099899292,-0.13104181309696372,0.5191110968589783,-0.16589590907096863,-0.15232962687965568,0.2589399218559265,-0.2640075385570526,-0.025323772258126098,0.2893599271774292,-0.42283639311790466,-0.07085558345075782,0.2885311245918274,-0.5301982462406158,-0.10898626168724235,0.283761203289032,-0.6171163618564606,-0.13679161985870536,0.1743767261505127,-0.284537136554718,-0.008896721913480121,0.15569311380386353,-0.38259750604629517,-0.10450293441768821,0.11780291795730591,-0.26985716819763184,-0.14107282777782615,0.10078155994415283,-0.1741984784603119,-0.13977966030594047,0.08623325824737549,-0.287626177072525,-0.0027049243589871708,0.06391620635986328,-0.3631916046142578,-0.09887215813156303,0.039726078510284424,-0.24790352582931519,-0.09554814865347083,0.03419637680053711,-0.16119295358657837,-0.06337017884012397,-0.0011017322540283203,-0.2796346843242645,-0.0030338488658898655,-0.0065190792083740234,-0.3465537130832672,-0.07150127311702903,-0.022871673107147217,-0.2538822591304779,-0.06354374011512931,-0.01956072449684143,-0.1801649034023285,-0.036636989018880683
L,0.0,0.0,0.0,0.14803394675254822,-0.011040449142456055,-0.08421079291124656,0.29918429255485535,-0.061480045318603516,-0.11772136611957862,0.4286096394062042,-0.1275632381439209,-0.1452053658487351,0.5252088606357574,-0.16374188661575317,-0.17129729909916236,0.2602525055408478,-0.2646765410900116,-0.03817836416979148,0.2910347282886505,-0.4254581928253174,-0.08676251990814521,0.2899082601070404,-0.5309948325157166,-0.1267747156145127,0.28435102105140686,-0.6200056672096252,-0.15685402078647925,0.17521050572395325,-0.2864822447299957,-0.021042367798283834,0.15612205862998962,-0.3768170475959778,-0.11785230262298896,0.11901578307151794,-0.26206156611442566,-0.1531278811218293,0.10338258743286133,-0.17182299494743347,-0.15252177639026954,0.0852188766002655,-0.29029977321624756,-0.01403259800840928,0.06708008050918579,-0.3648071587085724,-0.1113621167661698,0.04173243045806885,-0.24414855241775513,-0.10432183219213798,0.0355091392993927,-0.15884751081466675,-0.0708854220630677,-0.004620403051376343,-0.28140392899513245,-0.013898583483889837,-0.009755820035934448,-0.3455539345741272,-0.08550895972271277,-0.025225013494491577,-0.2468055784702301,-0.07638193143625571,-0.021467357873916626,-0.1728840172290802,-0.048685627412989874
L,0.0,0.0,0.0,0.14659805595874786,-0.003921449184417725,-0.09408254379257741,0.29390887916088104,-0.06902909278869629,-0.13647338205799642,0.4169043153524399,-0.14104795455932617,-0.17103054577335897,0.50857113301754,-0.1869792342185974,-0.20562403851971212,0.2331552356481552,-0.28079015016555786,-0.06888710165247502,0.2486938089132309,-0.4470940828323364,-0.12444139474854055,0.236275777220726,-0.5558153986930847,-0.1632775759123284,0.22232280671596527,-0.6439813375473022,-0.19116053933128896,0.1433202177286148,-0.29529905319213867,-0.050793787630649234,0.1221303790807724,-0.37686851620674133,-0.15709274465069356,0.08990629017353058,-0.2580152750015259,-0.19066938215717855,0.07740895450115204,-0.16177254915237427,-0.18633396381363454,0.05351214110851288,-0.2890424430370331,-0.042253783138843204,0.0298728346824646,-0.351648211479187,-0.14747301691994252,0.011815980076789856,-0.22604042291641235,-0.13994678312763753,0.010833695530891418,-0.14049750566482544,-0.10401058399900975,-0.03632161021232605,-0.27035075426101685,-0.04081057960018697,-0.048541441559791565,-0.32740384340286255,-0.11759715730175557,-0.05633261799812317,-0.22484537959098816,-0.10852181369289937,-0.04795007407665253,-0.1501867175102234,-0.07948526197895589
L,0.0,0.0,0.0,0.14938795566558838,-0.007245779037475586,-0.08097372169164174,0.29851865768432617,-0.06107860803604126,-0.11104907805589193,0.42652249336242676,-0.12942588329315186,-0.13517913187411779,0.5216512680053711,-0.16460561752319336,-0.15825676883128637,0.256838858127594,-0.26487401127815247,-0.03765015269187444,0.2855566740036011,-0.4247574210166931,-0.08554910088447087,0.2826712727546692,-0.5337140262126923,-0.12324073875812047,0.27660125494003296,-0.6221266090869904,-0.15100307727721685,0.17016005516052246,-0.2839108407497406,-0.02194202470150941,0.14979135990142822,-0.37589195370674133,-0.11935115570691579,0.11253011226654053,-0.25860360264778137,-0.15307372773555272,0.0970974862575531,-0.16317176818847656,-0.1501232829180097,0.08049529790878296,-0.28598952293395996,-0.016116905608448917,0.057297199964523315,-0.35873594880104065,-0.1149285134163236,0.03370758891105652,-0.236501544713974,-0.10910440946486943,0.02958860993385315,-0.15092480182647705,-0.07528404856589788,-0.009359657764434814,-0.2773275673389435,-0.016617834219012195,-0.013640105724334717,-0.3449176847934723,-0.08864376659062856,-0.02927166223526001,-0.2464335858821869,-0.08033598924544805,-0.02585500478744507,-0.17265239357948303,-0.05295532161859029
L,0.0,0.0,0.0,0.14494329690933228,-0.008585810661315918,-0.08243643806700618,0.30081814527511597,-0.06331402063369751,-0.1126473428440562,0.4284675121307373,-0.1350414752960205,-0.1378069253397456,0.5199145674705505,-0.17587625980377197,-0.16237157897477061,0.2627720832824707,-0.269518107175827,-0.0352266685796252,0.291096031665802,-0.42996324598789215,-0.08397672639613063,0.28701525926589966,-0.5376067161560059,-0.1228305058312884,0.28158992528915405,-0.6262796521186829,-0.15137133316521556,0.17706477642059326,-0.28997915983200073,-0.02020489552442939,0.1542220115661621,-0.38820937275886536,-0.12225888983731181,0.11448514461517334,-0.27357929944992065,-0.16001247183804423,0.09687525033950806,-0.17679035663604736,-0.15823628322605998,0.088409423828125,-0.29365089535713196,-0.015101940719532081,0.05973255634307861,-0.3705061674118042,-0.11772889958147914,0.034979403018951416,-0.2495173215866089,-0.11367434577469737,0.030685126781463623,-0.15959060192108154,-0.07972611801152141,1.4901161193847656e-06,-0.2854887545108795,-0.016526225371407577,-0.012199640274047852,-0.3526857793331146,-0.09137922839646251,-0.029572010040283203,-0.2538430988788605,-0.0840104700756541,-0.025670230388641357,-0.17684203386306763,-0.05623644159560115
L,0.0,0.0,0.0,0.14585056900978088,0.0031014680862426758,-0.08754683304891131,0.3011927902698517,-0.054364562034606934,-0.12338760514125369,0.4305392801761627,-0.1204293966293335,-0.1530879514323189,0.5260913670063019,-0.1577925682067871,-0.18326418865785143,0.26036837697029114,-0.26197540760040283,-0.05479490403399012,0.29266372323036194,-0.42258061468601227,-0.10636486877069018,0.2917064130306244,-0.5291832983493805,-0.1430960821019127,0.28826919198036194,-0.618663877248764,-0.17025419343575976,0.17214041948318481,-0.2834429144859314,-0.039718222062440134,0.15926501154899597,-0.375194787979126,-0.1460163818703606,0.11605411767959595,-0.25843483209609985,-0.1802013741837456,0.09409308433532715,-0.16387158632278442,-0.17500070501431964,0.08169448375701904,-0.28529927134513855,-0.033879865150304056,0.06451883912086487,-0.36199307441711426,-0.14190637339219592,0.036025434732437134,-0.23583167791366577,-0.13417703677281878,0.02758297324180603,-0.14748281240463257,-0.09633868206605456,-0.009418696165084839,-0.27362388372421265,-0.034371104280801035,-0.013796001672744751,-0.33965933322906494,-0.11538005639180682,-0.02996724843978882,-0.23599615693092346,-0.10645518470868609,-0.02946487069129944,-0.15820056200027466,-0.07617653180226824
L,0.0,0.0,0.0,0.1513563096523285,-0.011454343795776367,-0.08792873503483545,0.30166780948638916,-0.06084609031677246,-0.12393628837383996,0.43235790729522705,-0.1282515525817871,-0.15359599174774896,0.5273794531822205,-0.17056673765182495,-0.18234729053295862,0.2638205885887146,-0.2681812345981598,-0.04810042710818063,0.2959222197532654,-0.4328218400478363,-0.09684839876211893,0.29559242725372314,-0.538669615983963,-0.13546422900475275,0.2917272448539734,-0.6294684708118439,-0.16481599988259088,0.176022469997406,-0.28999075293540955,-0.03102330522454988,0.1592915952205658,-0.3823612332344055,-0.12882595540798913,0.12125837802886963,-0.26864832639694214,-0.16258130254067193,0.10426276922225952,-0.17745983600616455,-0.16085176946438562,0.08436745405197144,-0.29070210456848145,-0.02378477373934995,0.0682709813117981,-0.37076252698898315,-0.12225728513516199,0.042625486850738525,-0.24746611714363098,-0.11311470748699914,0.035555362701416016,-0.15991485118865967,-0.0783799815348507,-0.007764279842376709,-0.27649495005607605,-0.023761030601632704,-0.009201377630233765,-0.34402692317962646,-0.09785340012825738,-0.023964107036590576,-0.24576511979103088,-0.08777613224304925,-0.022033721208572388,-0.16923421621322632,-0.059102997498881926
L,0.0,0.0,0.0,0.15582242608070374,-0.02139592170715332,-0.08780685566859425,0.30435436964035034,-0.06957274675369263,-0.123154570688774,0.43702614307403564,-0.13640975952148438,-0.15191337220864476,0.5308436751365662,-0.1781279444694519,-0.17899965994553746,0.26877713203430176,-0.27825403213500977,-0.03992716350155057,0.29956120252609253,-0.43998295068740845,-0.08766088389353932,0.299876868724823,-0.5459962487220764,-0.1278075253267783,0.2948862910270691,-0.6390084326267242,-0.15853479259209813,0.18000251054763794,-0.2998597025871277,-0.02045582920806588,0.16598230600357056,-0.3939990997314453,-0.11583806328969182,0.12550309300422668,-0.27909383177757263,-0.1499516939421195,0.1064724326133728,-0.18832772970199585,-0.14902007334428014,0.08711963891983032,-0.29940229654312134,-0.011015500282217872,0.07382196187973022,-0.3836953043937683,-0.10606555395322026,0.04528975486755371,-0.26114559173583984,-0.09598197542624654,0.03674250841140747,-0.17177927494049072,-0.06107134871678532,-0.005121201276779175,-0.28268271684646606,-0.00888951994972409,-0.004699647426605225,-0.3568968176841736,-0.07926823698477925,-0.01863938570022583,-0.2590462565422058,-0.06733450793223561,-0.014021337032318115,-0.1808508038520813,-0.03785183407859982
L,0.0,0.0,0.0,0.1461259424686432,-0.001728057861328125,-0.09727895895662897,0.30065104365348816,-0.05461317300796509,-0.13772319893065088,0.4317639172077179,-0.11852502822875977,-0.16939835886183374,0.5282634794712067,-0.15953797101974487,-0.19986320177736872,0.2607114017009735,-0.265259325504303,-0.06276638696613901,0.2925085127353668,-0.42789536714553833,-0.11714886019650095,0.2905639111995697,-0.5342577993869781,-0.15628423432531946,0.2856292426586151,-0.6240180432796478,-0.18437830249491327,0.17282187938690186,-0.2877766788005829,-0.04156310374560945,0.15826889872550964,-0.37646484375,-0.14728136996451013,0.11824032664299011,-0.2590390145778656,-0.18062881271067255,0.1022043228149414,-0.16518807411193848,-0.17503642181578272,0.0827932357788086,-0.290163516998291,-0.03082293721559637,0.06480208039283752,-0.35828012228012085,-0.1360841606062948,0.03675380349159241,-0.23383057117462158,-0.12875734905424707,0.030964523553848267,-0.14955395460128784,-0.09178954998674982,-0.008186429738998413,-0.2807433605194092,-0.02743528860333555,-0.011401623487472534,-0.3413778841495514,-0.10385118315640085,-0.028967976570129395,-0.24009910225868225,-0.09456311057034128,-0.02562764286994934,-0.16609877347946167,-0.06486574451151483
L,0.0,0.0,0.0,0.1466902792453766,0.0131072998046875,-0.08980242858240928,0.2993261516094208,-0.040728092193603516,-0.1299688662082943,0.42387858033180237,-0.10420596599578857,-0.1636188472301754,0.5216440260410309,-0.14166498184204102,-0.1982582057506832,0.25209489464759827,-0.2482524812221527,-0.06567840973446692,0.2855056822299957,-0.4097249507904053,-0.12258146653483237,0.2842886745929718,-0.5184617638587952,-0.16025453756163444,0.2810579240322113,-0.6070876121520996,-0.1861982191593441,0.16329118609428406,-0.27166008949279785,-0.05110565523217048,0.1545732021331787,-0.36044061183929443,-0.16035869667837943,0.11384043097496033,-0.24773120880126953,-0.19313509712527122,0.09370717406272888,-0.1523769497871399,-0.18576604078123893,0.0729748010635376,-0.27441221475601196,-0.045890911915996924,0.06112709641456604,-0.3461252450942993,-0.15589359352896537,0.030593961477279663,-0.22236087918281555,-0.14757470736811484,0.02021142840385437,-0.13481271266937256,-0.1081696073205265,-0.01639309525489807,-0.2641807198524475,-0.04692580128619994,-0.015945017337799072,-0.3314717710018158,-0.12685646066973533,-0.03349870443344116,-0.23071017861366272,-0.11620207826207007,-0.03673601150512695,-0.15409868955612183,-0.08439755389998282
L,0.0,0.0,0.0,0.14598268270492554,0.01152801513671875,-0.09257911813909914,0.3014512062072754,-0.04096055030822754,-0.13338067305738832,0.4275224804878235,-0.10287606716156006,-0.1662975914543381,0.5270854234695435,-0.1407792568206787,-0.19931744707281496,0.2553086280822754,-0.24576494097709656,-0.06317363602573778,0.28557437658309937,-0.4052986800670624,-0.11696308029348756,0.28470951318740845,-0.5147695243358612,-0.15447980833704378,0.27945834398269653,-0.6021599471569061,-0.18093735647852327,0.16705375909805298,-0.2679239809513092,-0.04565475804264452,0.16237872838974,-0.3561564087867737,-0.14934148562605287,0.1202012300491333,-0.2445637583732605,-0.18158770275766756,0.09705185890197754,-0.14956867694854736,-0.1755012489622345,0.07655066251754761,-0.2697080075740814,-0.03806180057580377,0.06845605373382568,-0.3421311378479004,-0.1430787659948578,0.03539156913757324,-0.22000491619110107,-0.13663700891191866,0.023883163928985596,-0.13306087255477905,-0.10017537993843462,-0.014142513275146484,-0.25972414016723633,-0.037040832615446107,-0.009851217269897461,-0.3275226950645447,-0.11308909130747224,-0.027915656566619873,-0.22953912615776062,-0.10381368470842745,-0.029515504837036133,-0.15449148416519165,-0.07443462980444338
L,0.0,0.0,0.0,0.1446298360824585,0.0128936767578125,-0.09078436345560448,0.29941415786743164,-0.03840452432632446,-0.13217724115354912,0.42772936820983887,-0.0971839427947998,-0.16560331732733147,0.5267518758773804,-0.13764405250549316,-0.1993052885006179,0.2534722089767456,-0.24364334344863892,-0.06878302992088692,0.2853342890739441,-0.4025253355503082,-0.12319819629890816,0.2836443781852722,-0.5125280916690826,-0.16053449363214867,0.2785227298736572,-0.5975448489189148,-0.1865382716129531,0.1665867567062378,-0.2661747932434082,-0.0525828413735141,0.15846067667007446,-0.3527666926383972,-0.1547341570327987,0.11722990870475769,-0.24418136477470398,-0.18608885259134667,0.09519252181053162,-0.14887559413909912,-0.18093376607401268,0.07737180590629578,-0.2693922221660614,-0.04592000321252243,0.06722864508628845,-0.33692944049835205,-0.1478688940475692,0.035183072090148926,-0.21937239170074463,-0.14103501290781395,0.023778855800628662,-0.13454508781433105,-0.10657018423778908,-0.012169599533081055,-0.2623763978481293,-0.045978706337045594,-0.009366869926452637,-0.3245587944984436,-0.1209501922200431,-0.02901279926300049,-0.22739022970199585,-0.1129211932490577,-0.03301107883453369,-0.15306389331817627,-0.08561370522482292
L,0.0,0.0,0.0,0.144900381565094,0.02592170238494873,-0.08824393023694199,0.30551964044570923,-0.01820892095565796,-0.12687884886706513,0.4255356788635254,-0.08016204833984375,-0.1573715718551938,0.5214675068855286,-0.12174880504608154,-0.18807216604197663,0.247677743434906,-0.22239947319030762,-0.06531049181664628,0.27954477071762085,-0.38217639923095703,-0.11935666819060486,0.28116941452026367,-0.4934448003768921,-0.15526839216197175,0.2772204875946045,-0.5796507894992828,-0.18025690932715577,0.16037499904632568,-0.24571144580841064,-0.05087881033266228,0.160244882106781,-0.33470186591148376,-0.1566480906769101,0.11530673503875732,-0.22510483860969543,-0.1897635074421231,0.08562880754470825,-0.12669521570205688,-0.18414858599150818,0.07257550954818726,-0.2506437301635742,-0.045716392444020926,0.06852060556411743,-0.31719863414764404,-0.15183039625132722,0.03158128261566162,-0.2001107931137085,-0.1477863403126065,0.01480761170387268,-0.11407268047332764,-0.11317907889331025,-0.014293670654296875,-0.24502912163734436,-0.046505107180720984,-0.011951327323913574,-0.3054339587688446,-0.1229147898122136,-0.030976831912994385,-0.21063634753227234,-0.11641073842490357,-0.03536003828048706,-0.13747304677963257,-0.08977960665667695
L,0.0,0.0,0.0,0.14492924511432648,-0.01094144582748413,-0.09631339539313011,0.29645924270153046,-0.07550936937332153,-0.13859049309515648,0.4223431795835495,-0.14705801010131836,-0.17151995826983146,0.5172089785337448,-0.19155818223953247,-0.2041719489219158,0.23957954347133636,-0.28484585881233215,-0.07140892077707939,0.258229598402977,-0.44787199795246124,-0.1240425043227642,0.24948517978191376,-0.5569201111793518,-0.16033554900908165,0.2376449555158615,-0.644909679889679,-0.186906316173312,0.14929379522800446,-0.299238383769989,-0.05172859583520584,0.12527070939540863,-0.3854408860206604,-0.15129072297835044,0.09236191213130951,-0.26485252380371094,-0.1798373543145626,0.08191297948360443,-0.1688668131828308,-0.17378256548666648,0.058901891112327576,-0.29304039478302,-0.042035856139895245,0.03470350801944733,-0.358452171087265,-0.14232721258425407,0.015572473406791687,-0.23323345184326172,-0.13319548298144035,0.016150280833244324,-0.15112972259521484,-0.09809861410879783,-0.0313258171081543,-0.2750421166419983,-0.03976089958572082,-0.04012948274612427,-0.33637043833732605,-0.11329283643984489,-0.04906447231769562,-0.23560220003128052,-0.10376413245224647,-0.04066075384616852,-0.16280192136764526,-0.07597956140064888
L,0.0,0.0,0.0,0.14843231439590454,0.014655232429504395,-0.0907602665234748,0.30778080224990845,-0.03696197271347046,-0.1303827521611396,0.43299245834350586,-0.09963357448577881,-0.16173968289386664,0.532644510269165,-0.13710510730743408,-0.19332312617790137,0.2577630281448364,-0.24186676740646362,-0.06581201974641715,0.29082202911376953,-0.40007102489471436,-0.11699457291852866,0.2914842367172241,-0.5112150311470032,-0.15106699440967475,0.2888715863227844,-0.5969669818878174,-0.175870886187667,0.1694474220275879,-0.26497402787208557,-0.04934833769094382,0.16296756267547607,-0.35824286937713623,-0.14907411311160956,0.12324720621109009,-0.24778863787651062,-0.17908813629638587,0.101718008518219,-0.1500045657157898,-0.17317629430782233,0.08059406280517578,-0.2682698667049408,-0.04243964154612456,0.0703781247138977,-0.3390631377696991,-0.1446041670848075,0.04218488931655884,-0.2198752760887146,-0.13819224212657844,0.03257489204406738,-0.1332685351371765,-0.10398922685872947,-0.008313804864883423,-0.2606465518474579,-0.04205528844487105,-0.006226658821105957,-0.3225521445274353,-0.11846942279827033,-0.023836106061935425,-0.22332477569580078,-0.1120867339183036,-0.02563345432281494,-0.14726245403289795,-0.08609490666877662
L,0.0,0.0,0.0,0.15259039402008057,0.008555233478546143,-0.08930970463465826,0.3090791702270508,-0.038823843002319336,-0.1273473549218096,0.4334561824798584,-0.10477662086486816,-0.15702371779393332,0.5339503288269043,-0.14068317413330078,-0.18632419887494223,0.2570277452468872,-0.24525099992752075,-0.0560444715948023,0.29240286350250244,-0.4015534520149231,-0.10280653569411413,0.2939954996109009,-0.5097562670707703,-0.13729855898331778,0.2909775376319885,-0.5946600437164307,-0.162742396029941,0.17007511854171753,-0.26864829659461975,-0.03705620128225462,0.16650235652923584,-0.3565114140510559,-0.12749755862664358,0.1278727650642395,-0.24979740381240845,-0.15707454565476553,0.10548412799835205,-0.15694284439086914,-0.15372999492596762,0.08057713508605957,-0.2706640064716339,-0.027621432352177067,0.08031445741653442,-0.3408348858356476,-0.12055266383599417,0.04773220419883728,-0.22466331720352173,-0.1140927720398821,0.03234380483627319,-0.1411793828010559,-0.08246750864695684,-0.01053619384765625,-0.26219671964645386,-0.024872827488295002,0.0017510652542114258,-0.3289337754249573,-0.09369459483336584,-0.016327589750289917,-0.2338307499885559,-0.08520191642951147,-0.02107793092727661,-0.15876537561416626,-0.059306194219104214
L,0.0,0.0,0.0,0.14205634593963623,0.011230230331420898,-0.08281027986458867,0.30124425888061523,-0.03793853521347046,-0.11875156028918354,0.42666465044021606,-0.09696894884109497,-0.14635975374631016,0.5240261554718018,-0.1349431276321411,-0.1732008726780805,0.25010281801223755,-0.24512791633605957,-0.0635034562533292,0.2855808734893799,-0.40690144896507263,-0.11288024945906727,0.29002851247787476,-0.5149781703948975,-0.14736169292382328,0.2880653142929077,-0.5999428331851959,-0.17242936505726902,0.16208219528198242,-0.26748448610305786,-0.049951740491906094,0.1614559292793274,-0.3571125864982605,-0.14358512772969334,0.11846357583999634,-0.246404767036438,-0.17201070203236668,0.0934826135635376,-0.15540772676467896,-0.1679666162913236,0.07295018434524536,-0.2708601653575897,-0.04494784115604489,0.0708235502243042,-0.3430589735507965,-0.14248551144055455,0.03916323184967041,-0.2253754734992981,-0.13545676781586735,0.025785893201828003,-0.14210325479507446,-0.10316126509360402,-0.01486465334892273,-0.2650567293167114,-0.04551354511431782,-0.008365988731384277,-0.3284844756126404,-0.11848439737013905,-0.024849116802215576,-0.23211407661437988,-0.11040809466294377,-0.02737528085708618,-0.15972042083740234,-0.08475510491780369
L,0.0,0.0,0.0,0.14667633175849915,0.0010665655136108398,-0.08074625975579153,0.3040769398212433,-0.05013316869735718,-0.11397461242169271,0.4336930811405182,-0.11126762628555298,-0.13865469790190588,0.5305324494838715,-0.15355747938156128,-0.16116848982066045,0.2599997818470001,-0.2614917755126953,-0.055648729420603615,0.2970738708972931,-0.42289841175079346,-0.10184829331129919,0.3025415241718292,-0.5291290283203125,-0.13546282447070013,0.30075427889823914,-0.6147283315658569,-0.16061383879870306,0.17242774367332458,-0.28451114892959595,-0.04123795426577459,0.170902281999588,-0.3741658329963684,-0.12755142546385656,0.13059356808662415,-0.25732457637786865,-0.15365200138777624,0.10779044032096863,-0.16921859979629517,-0.15055787957400213,0.08157786726951599,-0.2880438566207886,-0.035482302523554665,0.08223995566368103,-0.3613570034503937,-0.12759644187182317,0.05165165662765503,-0.24079489707946777,-0.11874509996861349,0.036439985036849976,-0.15888309478759766,-0.08748471385926138,-0.009270519018173218,-0.2808125615119934,-0.035401117272080285,0.0031814873218536377,-0.3444862365722656,-0.106276210612954,-0.011099487543106079,-0.24522912502288818,-0.09792767114132772,-0.014365732669830322,-0.1729503870010376,-0.07286302394360433
L,0.0,0.0,0.0,0.15214776992797852,-0.008947968482971191,-0.08379991147187127,0.30342966318130493,-0.055069923400878906,-0.11713225934174432,0.43310320377349854,-0.1184200644493103,-0.1414034793105401,0.528593122959137,-0.16546529531478882,-0.16222899946835412,0.2658544182777405,-0.26998376846313477,-0.049873048248556984,0.2974536418914795,-0.43208256363868713,-0.09687950256731881,0.30125778913497925,-0.5386628210544586,-0.1343090811696328,0.2982499599456787,-0.6276418566703796,-0.16241811010506524,0.1777699589729309,-0.29204416275024414,-0.03272174465921296,0.17692404985427856,-0.38404956459999084,-0.11877209487822427,0.14186805486679077,-0.2646462321281433,-0.1467488834586419,0.12320202589035034,-0.17520952224731445,-0.1450406292405404,0.0853087306022644,-0.29475128650665283,-0.025124376448658836,0.0860055685043335,-0.372059166431427,-0.11540654841330422,0.05853241682052612,-0.24818658828735352,-0.10491810533669366,0.04708090424537659,-0.16591107845306396,-0.07295414600041283,-0.006281256675720215,-0.28544294834136963,-0.024031165796188247,0.004613995552062988,-0.3526867628097534,-0.09294573757317437,-0.008679121732711792,-0.2538987398147583,-0.08289855513241662,-0.007989436388015747,-0.18276768922805786,-0.05700194630291833
L,0.0,0.0,0.0,0.16673070192337036,-0.012386322021484375,-0.07311515307836203,0.31514686346054077,-0.058461010456085205,-0.0987858230512586,0.444913387298584,-0.12556570768356323,-0.11669838971309332,0.5363030433654785,-0.17138522863388062,-0.13115107065848974,0.26730430126190186,-0.27410292625427246,-0.03517820483855871,0.3002138137817383,-0.43492770195007324,-0.07792345977239279,0.30630022287368774,-0.5390750169754028,-0.11568697339706091,0.3055885434150696,-0.6267394423484802,-0.14507173544578222,0.18037015199661255,-0.2956240773200989,-0.020125480208918134,0.17986619472503662,-0.3836619257926941,-0.10086775368861822,0.14555871486663818,-0.2643911838531494,-0.1301355863254514,0.12471264600753784,-0.17441821098327637,-0.13159889525584845,0.08735466003417969,-0.2968981862068176,-0.013490142140909711,0.09177309274673462,-0.37616080045700073,-0.09836078232936529,0.06325417757034302,-0.25185781717300415,-0.08726826107911734,0.04853850603103638,-0.16560512781143188,-0.056719926957413236,-0.005935311317443848,-0.28254055976867676,-0.012654257778450528,0.00785103440284729,-0.3500671982765198,-0.07857687569074301,-0.00293615460395813,-0.25141406059265137,-0.06741160697154669,-0.0026021599769592285,-0.17852085828781128,-0.04146681151203779
L,0.0,0.0,0.0,0.16581851243972778,-0.01413428783416748,-0.07313947441955548,0.31210076808929443,-0.06020420789718628,-0.09946921530147534,0.44175654649734497,-0.12818878889083862,-0.11821909311195355,0.5326220989227295,-0.1739259958267212,-0.13301260086675626,0.262601375579834,-0.2763218283653259,-0.03733008044739705,0.29792892932891846,-0.4406067430973053,-0.08329746934553128,0.3038042187690735,-0.5440394580364227,-0.1230247921027754,0.30298691987991333,-0.6318429410457611,-0.15363698515077573,0.17454534769058228,-0.2975621819496155,-0.023406550911865054,0.1765385866165161,-0.3870167136192322,-0.10863146248241407,0.1408100128173828,-0.2653725743293762,-0.1400765857376669,0.11931222677230835,-0.1762990951538086,-0.14269077095170957,0.08271175622940063,-0.2982834577560425,-0.0178157861061905,0.08781605958938599,-0.3783814013004303,-0.10508085849662763,0.05881005525588989,-0.25231778621673584,-0.09382994535346967,0.04455375671386719,-0.16711962223052979,-0.0630647695340727,-0.009970545768737793,-0.2836880087852478,-0.018070357544026194,0.0035836398601531982,-0.35111483931541443,-0.08441266479869824,-0.006079763174057007,-0.2515021562576294,-0.07276032927413922,-0.0036088228225708008,-0.17955410480499268,-0.0466111867405985
L,0.0,0.0,0.0,0.16031935811042786,-0.017642557621002197,-0.08005455480790857,0.30392488837242126,-0.063143789768219,-0.11166019337154154,0.4327072203159332,-0.12934446334838867,-0.13451801584935907,0.5265012085437775,-0.17536872625350952,-0.15214251326299433,0.2631831467151642,-0.28354591131210327,-0.04422162817693476,0.29656872153282166,-0.44911712408065796,-0.09220440285182718,0.3013850152492523,-0.5511261224746704,-0.1326110695478988,0.2994028627872467,-0.6386362016201019,-0.16346977995610956,0.17310163378715515,-0.30392152070999146,-0.027460830005772152,0.17520812153816223,-0.39251962304115295,-0.11122269527889017,0.1410931646823883,-0.26705873012542725,-0.13902452932573084,0.12392356991767883,-0.18105548620224,-0.1402460669157577,0.07917848229408264,-0.3035513758659363,-0.019910404178268948,0.08589193224906921,-0.3838731050491333,-0.10648335860944513,0.05865892767906189,-0.2559030055999756,-0.09158502118564371,0.04629233479499817,-0.1723933219909668,-0.05958152534342531,-0.013020187616348267,-0.287975013256073,-0.0190269664851499,-0.00038367509841918945,-0.355105459690094,-0.0847997178313804,-0.007644385099411011,-0.25462859869003296,-0.07154065715051416,-0.0036454200744628906,-0.1844465136528015,-0.04498238460994486
L,0.0,0.0,0.0,0.15445923805236816,-0.002639591693878174,-0.07518813740567509,0.30618107318878174,-0.051235973834991455,-0.10391020756320302,0.4346790313720703,-0.11664241552352905,-0.12586776893691365,0.5274826288223267,-0.16271507740020752,-0.14502860587195698,0.261995792388916,-0.2739766836166382,-0.04372117277340237,0.29580551385879517,-0.43738454580307007,-0.09245825540379826,0.300198495388031,-0.5405657887458801,-0.13084728997306172,0.29701411724090576,-0.6251794099807739,-0.15962481480197255,0.1720913052558899,-0.2932479977607727,-0.032881855779450575,0.1753826141357422,-0.38285064697265625,-0.1220207510526592,0.1388314962387085,-0.25855696201324463,-0.15230488758639638,0.1179656982421875,-0.16790330410003662,-0.15224206429080311,0.0813363790512085,-0.29402613639831543,-0.031137868576806227,0.08531999588012695,-0.37038499116897583,-0.1246546952064449,0.05672121047973633,-0.2438361644744873,-0.11528528463200871,0.04251599311828613,-0.1584821343421936,-0.08382084947184865,-0.010305404663085938,-0.281610369682312,-0.03532283362106625,0.0026731491088867188,-0.3455684185028076,-0.10874675195769612,-0.010523736476898193,-0.2434958815574646,-0.10064580272988621,-0.011948615312576294,-0.16961222887039185,-0.07544151675061528
L,0.0,0.0,0.0,0.1660272181034088,-0.01428532600402832,-0.07459314131753558,0.31377723813056946,-0.058626532554626465,-0.09711704367416019,0.43790480494499207,-0.1281988024711609,-0.1112941276432764,0.5238170921802521,-0.1744680404663086,-0.12070479208247775,0.2621471583843231,-0.28529083728790283,-0.033602747708727065,0.2966623604297638,-0.45139700174331665,-0.0757702063919794,0.30185171961784363,-0.5516921281814575,-0.11395526641624087,0.30024340748786926,-0.638384610414505,-0.14403410965221042,0.17315587401390076,-0.3047322630882263,-0.017362221718002502,0.17093679308891296,-0.39324116706848145,-0.09579109364764804,0.13972344994544983,-0.2693266272544861,-0.12524197214858646,0.12214723229408264,-0.17983627319335938,-0.12828261369483585,0.08279028534889221,-0.3035719394683838,-0.010016901061106864,0.08461293578147888,-0.3830960988998413,-0.09259341621415729,0.05863878130912781,-0.25656211376190186,-0.08150521630065555,0.046067774295806885,-0.17229729890823364,-0.05242213198559398,-0.0076129138469696045,-0.28491008281707764,-0.009002807192672435,0.004735738039016724,-0.35563981533050537,-0.07389015668647403,-0.0055092573165893555,-0.25675058364868164,-0.06280451977269763,-0.003631293773651123,-0.1847296953201294,-0.03774665632860774
L,0.0,0.0,0.0,0.14549395442008972,-0.011535286903381348,-0.09517879936749907,0.29814258217811584,-0.07129573822021484,-0.1362735420828578,0.42482414841651917,-0.14263200759887695,-0.16748003069217177,0.52066770195961,-0.1854725480079651,-0.1962592244511363,0.24446535110473633,-0.282161146402359,-0.06300687197501631,0.26661816239356995,-0.44557493925094604,-0.11682579819018812,0.2594556510448456,-0.5527553558349609,-0.15647844377810927,0.2461790144443512,-0.6374454200267792,-0.1851387560730693,0.15399733185768127,-0.2981880009174347,-0.04153448123390646,0.13236239552497864,-0.38067978620529175,-0.13913681510741682,0.0999504029750824,-0.2586631178855896,-0.16979668442065687,0.08708444237709045,-0.16730332374572754,-0.16738058034236403,0.062102556228637695,-0.29497939348220825,-0.03045820411200495,0.04200360178947449,-0.3645200729370117,-0.12827304903323622,0.021400704979896545,-0.23957419395446777,-0.1187455669408557,0.017600983381271362,-0.1567854881286621,-0.08533203009421797,-0.029420673847198486,-0.27961820363998413,-0.026852678171348288,-0.036545753479003906,-0.3389066457748413,-0.09884315136725874,-0.04269605875015259,-0.23957765102386475,-0.08953278664405317,-0.03379476070404053,-0.16905510425567627,-0.06278202090318175
L,0.0,0.0,0.0,0.15062108635902405,0.006789803504943848,-0.07482439151280573,0.3098126947879791,-0.04320228099822998,-0.1022583307909315,0.43603554368019104,-0.10902577638626099,-0.12230427434914759,0.5267431437969208,-0.15543073415756226,-0.13926055899136713,0.2658497989177704,-0.27245038747787476,-0.049623160271579536,0.29996946454048157,-0.4384695887565613,-0.09971102198832682,0.3029739558696747,-0.5421182811260223,-0.13822235038750819,0.2986396849155426,-0.6259089410305023,-0.16676407924168757,0.17463496327400208,-0.29286623001098633,-0.039680364190274986,0.18194928765296936,-0.38168323040008545,-0.1299609976100271,0.1421942412853241,-0.2572879195213318,-0.16094983985894373,0.11992469429969788,-0.16531330347061157,-0.16185030212872675,0.08460560441017151,-0.29489368200302124,-0.0382339010226076,0.0892615020275116,-0.3697190582752228,-0.13346274068825892,0.05649653077125549,-0.24175024032592773,-0.1251309799241369,0.039899468421936035,-0.15574675798416138,-0.09477767965071848,-0.005887776613235474,-0.2842899560928345,-0.04241533821695498,0.0036756396293640137,-0.341408371925354,-0.11681796482079676,-0.011205852031707764,-0.23614662885665894,-0.10954221954816035,-0.011794090270996094,-0.16174131631851196,-0.08532240113490275
L,0.0,0.0,0.0,0.16066229343414307,-0.002090275287628174,-0.07482585833037092,0.3107103109359741,-0.0521540641784668,-0.09771880284512235,0.432623028755188,-0.11962360143661499,-0.11395729110205366,0.518699049949646,-0.16471272706985474,-0.12676289454662992,0.26036667823791504,-0.27274882793426514,-0.03561234251225187,0.2938951849937439,-0.4391585886478424,-0.08328467384541227,0.29787153005599976,-0.542846143245697,-0.12211297229492857,0.2954986095428467,-0.6289097964763641,-0.1512666024323721,0.17041170597076416,-0.291503369808197,-0.023382430529238718,0.17441439628601074,-0.3837585151195526,-0.11207036451065733,0.13833016157150269,-0.26180166006088257,-0.14412180856430723,0.1180419921875,-0.17010551691055298,-0.14487992004120542,0.08030092716217041,-0.2933371663093567,-0.020693506678583162,0.08419859409332275,-0.3746797442436218,-0.11405858174526884,0.054432034492492676,-0.24861156940460205,-0.105207612371089,0.040631115436553955,-0.16213995218276978,-0.07341038212740614,-0.011096566915512085,-0.2807978391647339,-0.024164529150368708,0.0023984014987945557,-0.3496432900428772,-0.0974697075840254,-0.012295156717300415,-0.24959594011306763,-0.08903171644175245,-0.014652013778686523,-0.17489421367645264,-0.06314198449814512
L,0.0,0.0,0.0,0.15158554911613464,0.004351675510406494,-0.07973760457343815,0.3051479160785675,-0.0450100302696228,-0.10716404111690281,0.42787638306617737,-0.10971277952194214,-0.12619485796994923,0.5153398811817169,-0.15656989812850952,-0.14190534593171833,0.25616154074668884,-0.26720112562179565,-0.049817622616956214,0.29230859875679016,-0.4324500560760498,-0.09879313500232456,0.29644766449928284,-0.5358763635158539,-0.13500379861898182,0.2910290062427521,-0.6203470826148987,-0.16142643333978413,0.16557249426841736,-0.2873769998550415,-0.03606595562405346,0.17223021388053894,-0.3765541911125183,-0.12418913932151554,0.13459226489067078,-0.2515643239021301,-0.15171911658353565,0.11309096217155457,-0.1595393419265747,-0.14966224969930408,0.07549211382865906,-0.2878637909889221,-0.031732005044887046,0.08335396647453308,-0.36377495527267456,-0.12540937305993793,0.051043957471847534,-0.2359534502029419,-0.11461516560621021,0.03435125946998596,-0.1515941023826599,-0.0818279245645499,-0.016197562217712402,-0.27629971504211426,-0.03358911068744419,-0.0003681778907775879,-0.34177929162979126,-0.10619764865941761,-0.015426009893417358,-0.24116241931915283,-0.096788578644464,-0.01832669973373413,-0.16930067539215088,-0.0708881178647971
L,0.0,0.0,0.0,0.1486336588859558,0.004632115364074707,-0.07391823767100902,0.3019692897796631,-0.04845637083053589,-0.1015192562190208,0.4240245223045349,-0.1086931824684143,-0.12360979555522533,0.51007080078125,-0.15684223175048828,-0.14360675899659725,0.25499939918518066,-0.26850569248199463,-0.04832296757375332,0.29088258743286133,-0.43396759033203125,-0.10203213183557125,0.29498398303985596,-0.5393692851066589,-0.14175399331723781,0.2924807667732239,-0.6236775517463684,-0.16991635350858303,0.1641867756843567,-0.28786057233810425,-0.03985592289244266,0.16968894004821777,-0.3785661458969116,-0.13588195233022304,0.12989729642868042,-0.2576955556869507,-0.16798450736676784,0.10678935050964355,-0.16421985626220703,-0.16723706512128445,0.07348304986953735,-0.2889818549156189,-0.040137722477069815,0.07767689228057861,-0.36850184202194214,-0.13922313539659115,0.04681515693664551,-0.24286752939224243,-0.1300137111393127,0.03159475326538086,-0.1541115641593933,-0.09669017730628582,-0.017754822969436646,-0.27843308448791504,-0.04610990299259754,-0.005502909421920776,-0.34194809198379517,-0.12186583815490337,-0.01956355571746826,-0.24257546663284302,-0.11333993761216732,-0.022810280323028564,-0.16777867078781128,-0.08688581673776241
L,0.0,0.0,0.0,0.16064989566802979,-0.009659111499786377,-0.07557295282870768,0.312896192073822,-0.05811870098114014,-0.09894995411426066,0.43357616662979126,-0.12178868055343628,-0.11487650146275996,0.5105624794960022,-0.17011892795562744,-0.1277465673306608,0.2609660029411316,-0.2778773307800293,-0.03660817464381694,0.2928691506385803,-0.4390212893486023,-0.08003369738847255,0.2990610599517822,-0.5430159568786621,-0.11678227057248591,0.29772138595581055,-0.6319763958454132,-0.14538176377803325,0.17405366897583008,-0.29793334007263184,-0.02108695564359664,0.17004799842834473,-0.3881819248199463,-0.10461708923369883,0.13758301734924316,-0.2677992582321167,-0.13198195417911052,0.1190386414527893,-0.1763971447944641,-0.13018932958632945,0.08392888307571411,-0.2963426113128662,-0.014646602063777436,0.08137613534927368,-0.3732789158821106,-0.101111039719882,0.05861937999725342,-0.24957150220870972,-0.08913086374789714,0.04915815591812134,-0.1654859185218811,-0.057020779899659146,-0.007209479808807373,-0.2792407274246216,-0.014474424734117974,0.000743180513381958,-0.3435262441635132,-0.08109959980041026,-0.010760694742202759,-0.24628114700317383,-0.07015291621476649,-0.007333815097808838,-0.17494654655456543,-0.04409314339548587
L,0.0,0.0,0.0,0.15595680475234985,-0.00324857234954834,-0.07104361727832043,0.31658685207366943,-0.05959272384643555,-0.09239958897231304,0.44191670417785645,-0.12593334913253784,-0.10721971020100796,0.5270645022392273,-0.17337274551391602,-0.1175660334527322,0.2698422074317932,-0.27921223640441895,-0.03802893981335842,0.304027259349823,-0.44615912437438965,-0.08603089973328792,0.3086591362953186,-0.5510485768318176,-0.12586933299897396,0.3059821128845215,-0.6385648250579834,-0.156114562600834,0.17707616090774536,-0.299422025680542,-0.027789139375073546,0.18396133184432983,-0.3900874853134155,-0.11373691186307155,0.1453535556793213,-0.26602035760879517,-0.1454820923507043,0.12470149993896484,-0.1756194829940796,-0.14897189959881985,0.08554178476333618,-0.3017050623893738,-0.026228604093176955,0.09375518560409546,-0.38182199001312256,-0.11559577956793987,0.06557351350784302,-0.256509006023407,-0.10687286332247936,0.04962867498397827,-0.16888219118118286,-0.07844793722031795,-0.004976034164428711,-0.2910199761390686,-0.0307052500545808,0.00979238748550415,-0.351009726524353,-0.10074040964244091,-0.0017973780632019043,-0.2523040175437927,-0.0941096387803384,-0.0018825829029083252,-0.17893671989440918,-0.07191772684453213
L,0.0,0.0,0.0,0.14775222539901733,0.008448600769042969,-0.07393841948066893,0.3102598786354065,-0.049468815326690674,-0.10050688441549482,0.4366501569747925,-0.11763989925384521,-0.12096617128406706,0.5282543301582336,-0.16330993175506592,-0.13867851849352064,0.26443302631378174,-0.2723768353462219,-0.0504961473837966,0.29732877016067505,-0.4408145546913147,-0.10281577463899794,0.2996135354042053,-0.5469080805778503,-0.14254289623056593,0.29614102840423584,-0.6320328414440155,-0.17187672611032667,0.1718308925628662,-0.29159241914749146,-0.04209878798280897,0.1766279935836792,-0.3820890784263611,-0.13509611542974653,0.139290452003479,-0.26156085729599,-0.1681571727589244,0.119473397731781,-0.17082905769348145,-0.17118645962034407,0.08148729801177979,-0.29318785667419434,-0.042106968720304394,0.08478105068206787,-0.3715645670890808,-0.14059607442175093,0.055042147636413574,-0.24405640363693237,-0.13389499243055525,0.03897365927696228,-0.15454596281051636,-0.10454771425281706,-0.007984340190887451,-0.28431349992752075,-0.047686257769214535,-0.0011060237884521484,-0.34154051542282104,-0.1254342323139781,-0.01519438624382019,-0.23770558834075928,-0.12096015121494474,-0.016194939613342285,-0.16148269176483154,-0.09870031233583632
L,0.0,0.0,0.0,0.14730364084243774,0.006649672985076904,-0.07334615752343154,0.31493961811065674,-0.05724364519119263,-0.09922015384081817,0.44303804636001587,-0.12620574235916138,-0.11895969972256637,0.5385964512825012,-0.1696019172668457,-0.13571679309252715,0.2671493887901306,-0.2722436189651489,-0.04646109134201026,0.29909855127334595,-0.43757104873657227,-0.09700507387761093,0.300700843334198,-0.5446271300315857,-0.13500252083186126,0.29618167877197266,-0.631218284368515,-0.16306958809737182,0.17318332195281982,-0.29214900732040405,-0.03749450758341766,0.17758548259735107,-0.38409966230392456,-0.13059344604853607,0.1380649209022522,-0.2629750967025757,-0.1635928274715326,0.1171068549156189,-0.1700199842453003,-0.16530923262480712,0.08179420232772827,-0.29315751791000366,-0.036910370888747934,0.08551782369613647,-0.37569355964660645,-0.1350215794170282,0.055338382720947266,-0.2500944137573242,-0.1291914702976129,0.039167046546936035,-0.16033941507339478,-0.09959455296639419,-0.008381128311157227,-0.2842167615890503,-0.04164565071705795,0.0011180341243743896,-0.34362727403640747,-0.11851536199692703,-0.016863107681274414,-0.24222999811172485,-0.11420514151696182,-0.02030426263809204,-0.16645961999893188,-0.09176016316060043
L,0.0,0.0,0.0,0.1507546603679657,0.01040041446685791,-0.07748846404551557,0.3106370270252228,-0.046465933322906494,-0.10491538487671903,0.440689355134964,-0.11308753490447998,-0.12548620693682722,0.5346386730670929,-0.15997278690338135,-0.14440144293307355,0.26025721430778503,-0.26738446950912476,-0.04649422385095647,0.2945508658885956,-0.4313659071922302,-0.0940744473814874,0.2977195084095001,-0.5369525849819183,-0.12987994842528394,0.29383304715156555,-0.6209155023097992,-0.15644862942694715,0.1703210175037384,-0.2866086959838867,-0.034297429698696646,0.17080727219581604,-0.375196635723114,-0.12542479925154737,0.1310391128063202,-0.2570992708206177,-0.15569613568781904,0.10680398344993591,-0.16410869359970093,-0.15479948811530164,0.07948091626167297,-0.28692710399627686,-0.03123558380006841,0.08001479506492615,-0.3619416356086731,-0.12668034129141859,0.048327475786209106,-0.2415291666984558,-0.11936410211323789,0.03138279914855957,-0.15516126155853271,-0.08871803872584394,-0.011711359024047852,-0.27655524015426636,-0.034161143678417716,-0.0016305744647979736,-0.33637672662734985,-0.10859264873265317,-0.018892258405685425,-0.23703330755233765,-0.10287262194155744,-0.023120254278182983,-0.16230535507202148,-0.0795178010344415
L,0.0,0.0,0.0,0.14834821224212646,0.013133585453033447,-0.08030301724392075,0.3162006139755249,-0.047968506813049316,-0.11185924355703492,0.447509229183197,-0.11920434236526489,-0.13656285797077317,0.5490649938583374,-0.1616603136062622,-0.15943602119403977,0.26979243755340576,-0.2734518051147461,-0.05595047791319985,0.3026236295700073,-0.442134827375412,-0.11053580437618393,0.30411219596862793,-0.5492343902587891,-0.14921369050460953,0.30004483461380005,-0.6335391998291016,-0.17738454435783524,0.17797869443893433,-0.2927485704421997,-0.045847397491513675,0.17744827270507812,-0.38292038440704346,-0.14704519902187485,0.13562899827957153,-0.2580146789550781,-0.18045634423214096,0.11393594741821289,-0.16256976127624512,-0.18018095587211747,0.08678099513053894,-0.2929708957672119,-0.0447656551452269,0.08330079913139343,-0.36780762672424316,-0.15052715335804123,0.052544087171554565,-0.24057549238204956,-0.1442773977370848,0.03813624382019043,-0.15109288692474365,-0.11241389457899231,-0.004717826843261719,-0.2831069827079773,-0.049498465106069034,-0.00300028920173645,-0.3383945822715759,-0.13211091254669327,-0.017903238534927368,-0.23139625787734985,-0.12878145669418473,-0.016755908727645874,-0.15432041883468628,-0.10577860866504807
L,0.0,0.0,0.0,0.1481505185365677,-0.004742324352264404,-0.0891963843448913,0.29942722618579865,-0.06300348043441772,-0.12594758758385538,0.42187918722629547,-0.1325940489768982,-0.1550128538354194,0.5180311948060989,-0.17301678657531738,-0.18313162813027262,0.24551145732402802,-0.2722611427307129,-0.050565962140158405,0.27186571061611176,-0.43049100041389465,-0.10041566232283472,0.26508669555187225,-0.5359683930873871,-0.1367485750659263,0.2549329549074173,-0.6174463927745819,-0.1625828970416343,0.1568998247385025,-0.28796157240867615,-0.032184861992195835,0.13887546956539154,-0.3731127381324768,-0.128881089781121,0.10343341529369354,-0.25851893424987793,-0.1615455676062858,0.08899565041065216,-0.16694164276123047,-0.15879037270386576,0.06579549610614777,-0.2850821316242218,-0.024100458641246547,0.044335201382637024,-0.3527147173881531,-0.12475765535672068,0.02170562744140625,-0.2304585576057434,-0.12031919548352121,0.01883387565612793,-0.14871269464492798,-0.08773884961445688,-0.025607138872146606,-0.2721650302410126,-0.022414800171450366,-0.031980499625205994,-0.33578649163246155,-0.09661275187571405,-0.0432213693857193,-0.23701587319374084,-0.08947381416399836,-0.037425652146339417,-0.16407141089439392,-0.06301026830513834
L,0.0,0.0,0.0,0.14281907677650452,0.02012723684310913,-0.07742081852109095,0.3154970109462738,-0.0360257625579834,-0.1112436232104983,0.4433130919933319,-0.10811364650726318,-0.13827602834851405,0.5454438030719757,-0.14800971746444702,-0.16411449284703394,0.26858946681022644,-0.2613202929496765,-0.06411102683694025,0.30159834027290344,-0.4269762933254242,-0.12116132946164271,0.3026394546031952,-0.5359654128551483,-0.16046911747605463,0.29803475737571716,-0.6196652054786682,-0.1884157684579577,0.1743849813938141,-0.2825596332550049,-0.05717710675151011,0.17797723412513733,-0.3650516867637634,-0.15929153831154963,0.132960706949234,-0.24358320236206055,-0.19369869203717371,0.10670581459999084,-0.14939671754837036,-0.19420039923340937,0.08223417401313782,-0.2826606035232544,-0.05806349487454554,0.08064332604408264,-0.3522936701774597,-0.16521245510728022,0.05021873116493225,-0.2262115478515625,-0.16109201581627985,0.03506612777709961,-0.13747847080230713,-0.1303842243686404,-0.009710937738418579,-0.2748326063156128,-0.0638674897089686,-0.006147712469100952,-0.32841217517852783,-0.14774833889157435,-0.021443694829940796,-0.2216789722442627,-0.14469591052682063,-0.022097110748291016,-0.14507681131362915,-0.12144073368460795
L,0.0,0.0,0.0,0.14829838275909424,0.010245144367218018,-0.0797978225515692,0.3190644383430481,-0.045125603675842285,-0.11423522563441679,0.45302677154541016,-0.11804366111755371,-0.140016290860018,0.5583823919296265,-0.15729862451553345,-0.16321537228091643,0.2736164927482605,-0.2669435739517212,-0.063933047966799,0.3074210286140442,-0.4355891942977905,-0.11595651836856291,0.3093935251235962,-0.5433671176433563,-0.15287623138888762,0.3059409260749817,-0.6305536925792694,-0.18080048592551634,0.1781160831451416,-0.2884140610694885,-0.053577854798874114,0.18055683374404907,-0.3778138756752014,-0.14556157918437407,0.13761019706726074,-0.2512301206588745,-0.17572892041667387,0.11562478542327881,-0.15929841995239258,-0.17702770562632963,0.08298629522323608,-0.28871071338653564,-0.05120424510701582,0.08548611402511597,-0.36207079887390137,-0.15023376377089903,0.05517435073852539,-0.2337070107460022,-0.14397178919776366,0.040464937686920166,-0.14618390798568726,-0.11521334530576155,-0.010383367538452148,-0.2785235047340393,-0.053983419703087065,-0.0036250948905944824,-0.33572864532470703,-0.13241090209945128,-0.01710033416748047,-0.22929072380065918,-0.12782633634074614,-0.01563701033592224,-0.15393757820129395,-0.10572574617131636
L,0.0,0.0,0.0,0.14734303951263428,0.014556586742401123,-0.07787042014312817,0.3145214915275574,-0.047321200370788574,-0.10763277016592099,0.4453752040863037,-0.11917656660079956,-0.12999517373752667,0.5468917489051819,-0.16123086214065552,-0.1500780945272453,0.2682322859764099,-0.26444172859191895,-0.05230304129433705,0.3041039705276489,-0.42915886640548706,-0.10416601501417233,0.30594003200531006,-0.5395546853542328,-0.140686190649987,0.3022908568382263,-0.6267951726913452,-0.16720201723289563,0.17362409830093384,-0.28779131174087524,-0.04179273821425511,0.17658168077468872,-0.3784109354019165,-0.13809255413723065,0.12987542152404785,-0.2547035217285156,-0.16927187792968823,0.10484927892684937,-0.15958303213119507,-0.1675070142002113,0.08081290125846863,-0.2901548147201538,-0.039917926266909376,0.08555576205253601,-0.36923956871032715,-0.14246725194168164,0.0475488007068634,-0.24044328927993774,-0.13640809707355572,0.028735339641571045,-0.15038496255874634,-0.10409241817903592,-0.011584818363189697,-0.2842985987663269,-0.04307733006787373,0.00036004185676574707,-0.34643489122390747,-0.12280056528759076,-0.021023452281951904,-0.24233806133270264,-0.11771836034965588,-0.025848805904388428,-0.16520875692367554,-0.0930874859542854
L,0.0,0.0,0.0,0.1445997953414917,0.01815950870513916,-0.07938713552705678,0.31005674600601196,-0.04442954063415527,-0.11109815510265264,0.44292622804641724,-0.11414796113967896,-0.1363999691819373,0.5450723767280579,-0.15583527088165283,-0.16044507893077764,0.26800066232681274,-0.26302117109298706,-0.053484879157466025,0.30435454845428467,-0.4286099076271057,-0.10881873937599096,0.3067963719367981,-0.5398442149162292,-0.14752839478008184,0.3031134009361267,-0.6247225403785706,-0.17497606547824773,0.17514842748641968,-0.28517836332321167,-0.04349690648071203,0.17695748805999756,-0.3747478127479553,-0.14930468770019445,0.1301071047782898,-0.25397789478302,-0.18404744537822637,0.10135531425476074,-0.15670853853225708,-0.1815054711913291,0.08210247755050659,-0.2886925935745239,-0.04236994656078252,0.08292847871780396,-0.3655685782432556,-0.15176252993099126,0.04764595627784729,-0.23701220750808716,-0.14608387621395025,0.03021666407585144,-0.14357900619506836,-0.1114690822576705,-0.011386126279830933,-0.28241515159606934,-0.046607527605218024,-0.003105670213699341,-0.33903443813323975,-0.1309773323153678,-0.023009389638900757,-0.23315036296844482,-0.12701880904189977,-0.027563661336898804,-0.15507596731185913,-0.10149520607940588
L,0.0,0.0,0.0,0.14881065487861633,0.026709020137786865,-0.08503885316353887,0.3193289339542389,-0.038739800453186035,-0.11721703159314245,0.4514186680316925,-0.11396753787994385,-0.14138864474993795,0.5539753139019012,-0.15317964553833008,-0.16471167402964682,0.2719303071498871,-0.25166594982147217,-0.059448630834637584,0.30879995226860046,-0.4146416187286377,-0.11303646611672491,0.3115713894367218,-0.526059478521347,-0.14875749247771353,0.3084205090999603,-0.6132839024066925,-0.17483465867739767,0.1801736056804657,-0.27560585737228394,-0.04611368599039167,0.18287333846092224,-0.3654531240463257,-0.15134563046198934,0.13610801100730896,-0.24659430980682373,-0.18297169106703848,0.10592874884605408,-0.14943230152130127,-0.17768715816241354,0.0891355574131012,-0.2811011075973511,-0.042092361773072184,0.08908882737159729,-0.356267511844635,-0.14979167776805014,0.052627772092819214,-0.23030811548233032,-0.14209247129660696,0.03560236096382141,-0.14096075296401978,-0.10619480657082647,-0.003353595733642578,-0.2756845951080322,-0.04407570260268301,0.004323005676269531,-0.3326299786567688,-0.1268139978001699,-0.01590937376022339,-0.22871845960617065,-0.12218612926703543,-0.020257890224456787,-0.15316450595855713,-0.09653974818688482
L,0.0,0.0,0.0,0.14191904664039612,0.027902424335479736,-0.08111924228903433,0.3092041313648224,-0.03406268358230591,-0.11320779023405692,0.4386691749095917,-0.10329288244247437,-0.1376255258702912,0.5414570868015289,-0.14415794610977173,-0.16100450901028296,0.2658208906650543,-0.24822115898132324,-0.05954390687581679,0.3042052090167999,-0.412753164768219,-0.11286495176788947,0.3055226504802704,-0.5231207311153412,-0.1480026796245255,0.29972508549690247,-0.6073892414569855,-0.17305418399807593,0.17255178093910217,-0.2696376442909241,-0.04834777040120741,0.17379489541053772,-0.357882022857666,-0.14898865965840002,0.125253826379776,-0.23609012365341187,-0.17954678384300848,0.09894925355911255,-0.14120632410049438,-0.17597540763851782,0.07947024703025818,-0.27284371852874756,-0.046125988640753235,0.0778099000453949,-0.34929025173187256,-0.15245782879826209,0.04092267155647278,-0.22373807430267334,-0.1465155735397019,0.024809807538986206,-0.13577449321746826,-0.11333350388046881,-0.013148516416549683,-0.26671063899993896,-0.04909206105109831,-0.008447438478469849,-0.3261112570762634,-0.1315353169822373,-0.027231872081756592,-0.22091144323349,-0.12741294054028174,-0.029908478260040283,-0.14449012279510498,-0.10324856934782645
L,0.0,0.0,0.0,0.14556735754013062,0.01551508903503418,-0.08541499080388348,0.3129875361919403,-0.04899311065673828,-0.11996670814482968,0.4457568824291229,-0.12380212545394897,-0.1464360431048135,0.5535957515239716,-0.1664217710494995,-0.17036587747065823,0.2708751857280731,-0.26777559518814087,-0.05956883730618756,0.30842384696006775,-0.4345604181289673,-0.11619353296487134,0.30962327122688293,-0.5438380241394043,-0.15549580009906094,0.30342695116996765,-0.6284352242946625,-0.18323428185908597,0.175724059343338,-0.29010212421417236,-0.046934746226952484,0.18065914511680603,-0.3817530870437622,-0.1482017263981561,0.13466531038284302,-0.2595921754837036,-0.18104090543715756,0.10841712355613708,-0.16568350791931152,-0.1800429150673608,0.08066976070404053,-0.29268163442611694,-0.043917085996554306,0.08380573987960815,-0.373044490814209,-0.15102068336932462,0.04853174090385437,-0.2454882264137268,-0.14520599695174496,0.030737608671188354,-0.15465015172958374,-0.11262777449815076,-0.012400269508361816,-0.28572630882263184,-0.04670456426470082,-0.004597306251525879,-0.3454802632331848,-0.13028437646357816,-0.022046029567718506,-0.24020874500274658,-0.12677194925277036,-0.02525228261947632,-0.16233164072036743,-0.10290212931363385
L,0.0,0.0,0.0,0.15239721536636353,0.023960649967193604,-0.08747335631218789,0.3204759359359741,-0.04007720947265625,-0.12045541513529656,0.4542180299758911,-0.11771070957183838,-0.1454070519265258,0.5563223361968994,-0.16047537326812744,-0.16927877176371453,0.2742044925689697,-0.2563509941101074,-0.06080748621192811,0.30994200706481934,-0.4216654300689697,-0.11542587835160134,0.3084533214569092,-0.5331918597221375,-0.1524549584445083,0.30396097898483276,-0.6205433905124664,-0.17973142970171807,0.18209314346313477,-0.28005504608154297,-0.046355747764977195,0.17761456966400146,-0.374100923538208,-0.15251492071715234,0.13208460807800293,-0.2546970844268799,-0.18475869405833123,0.10698449611663818,-0.15678393840789795,-0.18009089041319726,0.09154617786407471,-0.2846651077270508,-0.041560393905314186,0.08541637659072876,-0.36470359563827515,-0.1498081694897735,0.05157095193862915,-0.2377224564552307,-0.1415950368699157,0.03830564022064209,-0.14612078666687012,-0.10546638924446938,0.0003051161766052246,-0.2771912217140198,-0.04325059909191964,0.0010993480682373047,-0.33885514736175537,-0.1278817813452804,-0.020315498113632202,-0.2346179485321045,-0.12386126179066537,-0.022764772176742554,-0.15672403573989868,-0.09829145777788995
L,0.0,0.0,0.0,0.14362818002700806,0.019797086715698242,-0.08425062126467253,0.31840619444847107,-0.0470278263092041,-0.11769300675938155,0.4504248797893524,-0.12375712394714355,-0.14236233360121275,0.5562968552112579,-0.16343188285827637,-0.16516692168066527,0.2690795361995697,-0.2673298120498657,-0.06437671161243941,0.30617907643318176,-0.4359070360660553,-0.11714145517895247,0.30646929144859314,-0.5480781495571136,-0.15177894360373045,0.30299702286720276,-0.6359642148017883,-0.17714878148386504,0.17292258143424988,-0.29074347019195557,-0.05167625448653723,0.17100006341934204,-0.38017040491104126,-0.14992899424383666,0.12080010771751404,-0.2548108696937561,-0.18016388243982817,0.0968410074710846,-0.15819644927978516,-0.17785304016420866,0.07940098643302917,-0.29244834184646606,-0.0476879735941651,0.07716944813728333,-0.3726382255554199,-0.15215224749395873,0.0405217707157135,-0.244001567363739,-0.14695871598074461,0.024459928274154663,-0.15336871147155762,-0.1156266329343083,-0.013844579458236694,-0.2861160635948181,-0.049012232338881745,-0.009671509265899658,-0.34831398725509644,-0.13144605583498503,-0.02948436141014099,-0.24332410097122192,-0.12851978070089842,-0.031804293394088745,-0.16560840606689453,-0.10553294396946455
L,0.0,0.0,0.0,0.14624440670013428,0.01813894510269165,-0.08317229705524198,0.32333260774612427,-0.05005824565887451,-0.1161486710853552,0.456051766872406,-0.12646722793579102,-0.1409507449216818,0.5601691007614136,-0.16719871759414673,-0.16434628325175993,0.2703145146369934,-0.2705298066139221,-0.06800049352121107,0.30703622102737427,-0.4397884011268616,-0.12271027075719587,0.3086245059967041,-0.5516735315322876,-0.158469771916387,0.3072739839553833,-0.640529453754425,-0.1848973091192221,0.17341986298561096,-0.2936176657676697,-0.05777691485953085,0.17327508330345154,-0.382831335067749,-0.16016063647937528,0.12437605857849121,-0.25804901123046875,-0.19313452201556913,0.09980008006095886,-0.15945744514465332,-0.1923767383642172,0.08029970526695251,-0.29342120885849,-0.05582824530672781,0.07571381330490112,-0.37088578939437866,-0.16315197008323423,0.04190528392791748,-0.24123317003250122,-0.159108718807218,0.02674156427383423,-0.14871561527252197,-0.1283629592008566,-0.012120723724365234,-0.28395217657089233,-0.059178939039227885,-0.010759949684143066,-0.3456621766090393,-0.14373300033282987,-0.03130492568016052,-0.24152851104736328,-0.1417367066688513,-0.03433430194854736,-0.16233432292938232,-0.11937517481517546
L,0.0,0.0,0.0,0.14894039928913116,-0.012537837028503418,-0.08376244756130546,0.3007347136735916,-0.0671350359916687,-0.11556662919668526,0.42338885366916656,-0.13722455501556396,-0.14027951213268608,0.518383339047432,-0.17804399132728577,-0.16310303958801597,0.2522401660680771,-0.2772015333175659,-0.03809891196636528,0.2805122882127762,-0.4303516298532486,-0.08616974505333275,0.27425576746463776,-0.5313681215047836,-0.12376381757406563,0.26321177184581757,-0.6103948056697845,-0.15036755355743736,0.1630605012178421,-0.2961568534374237,-0.02137110869137615,0.14524252712726593,-0.38322436809539795,-0.11330432000307411,0.10870732367038727,-0.2686416506767273,-0.146607022012752,0.09411819279193878,-0.17932206392288208,-0.14543221446422905,0.07128693163394928,-0.29518717527389526,-0.014902054543775023,0.04971916973590851,-0.3650144934654236,-0.11049533935932487,0.025321677327156067,-0.24381858110427856,-0.10532817545084328,0.020844504237174988,-0.16294628381729126,-0.07358710023311943,-0.021190330386161804,-0.28219565749168396,-0.014799250501376093,-0.02828092873096466,-0.3476719856262207,-0.0845933512106356,-0.03937627375125885,-0.25209203362464905,-0.07579525115637153,-0.03229866921901703,-0.1822056770324707,-0.04885529654769272
L,0.0,0.0,0.0,0.14428195357322693,0.014869332313537598,-0.0792316001418314,0.3222612738609314,-0.04750758409500122,-0.11172387269765949,0.45695191621780396,-0.11856263875961304,-0.13618313041956043,0.5560076832771301,-0.16024082899093628,-0.159015166437932,0.27379101514816284,-0.26775527000427246,-0.06634972510368442,0.30854856967926025,-0.44171157479286194,-0.11799889323742008,0.31205594539642334,-0.5553460717201233,-0.1533408787611208,0.3121526837348938,-0.6453788578510284,-0.18079123166830158,0.17492857575416565,-0.2923295497894287,-0.057885981029578204,0.17952382564544678,-0.38350242376327515,-0.15499322382242298,0.12984657287597656,-0.2551141381263733,-0.18724285331995105,0.10466313362121582,-0.15687346458435059,-0.1882181194189272,0.07855457067489624,-0.2936282753944397,-0.05694173169762706,0.07757556438446045,-0.36591607332229614,-0.15971847144395923,0.0466727614402771,-0.23440700769424438,-0.156131523526021,0.03285685181617737,-0.14155429601669312,-0.12803928819925403,-0.014270752668380737,-0.283059298992157,-0.06089180601269817,-0.010910391807556152,-0.34122854471206665,-0.142066302573987,-0.025539815425872803,-0.2354522943496704,-0.13931422201425647,-0.024057328701019287,-0.15621274709701538,-0.11812813100845432
L,0.0,0.0,0.0,0.14442357420921326,0.01713615655899048,-0.07791176189032001,0.3232685625553131,-0.04613316059112549,-0.10975932080593509,0.45857349038124084,-0.11906826496124268,-0.1338953276380579,0.560012549161911,-0.16174232959747314,-0.15657456714954776,0.2731809914112091,-0.2692980170249939,-0.06564666826572818,0.30960676074028015,-0.442660927772522,-0.11803262431469363,0.3108675181865692,-0.5557767450809479,-0.1540981580719034,0.3099031150341034,-0.6448085010051727,-0.18156871695366306,0.17576172947883606,-0.2932153344154358,-0.05749311793890399,0.1804410219192505,-0.38235360383987427,-0.1563886751636545,0.1298275887966156,-0.2560397982597351,-0.1891227116092722,0.10417640209197998,-0.16034400463104248,-0.18956619996872348,0.08026102185249329,-0.29427117109298706,-0.05668548990335864,0.08017215132713318,-0.3683473467826843,-0.1606626411184351,0.046744972467422485,-0.23712319135665894,-0.15600933630314273,0.0317060649394989,-0.14490890502929688,-0.12631740171757144,-0.012455940246582031,-0.28350263833999634,-0.06068322558250827,-0.008280515670776367,-0.34383898973464966,-0.14216474194374484,-0.02413889765739441,-0.23727566003799438,-0.13815260429230136,-0.024489402770996094,-0.15803158283233643,-0.11535040784922046
L,0.0,0.0,0.0,0.15118545293807983,0.016012609004974365,-0.08274935706639042,0.3192996084690094,-0.04817521572113037,-0.11586186065459003,0.45178094506263733,-0.12489300966262817,-0.1419709600427126,0.5567211806774139,-0.17042768001556396,-0.1665048874833559,0.27005890011787415,-0.26906514167785645,-0.057497104249236486,0.3085794150829315,-0.43991681933403015,-0.1141662649729227,0.3115752637386322,-0.550978422164917,-0.15352396442675342,0.30727288126945496,-0.637707382440567,-0.1815834470012163,0.17524468898773193,-0.29126453399658203,-0.04654230325603237,0.17882567644119263,-0.3847864270210266,-0.15139619781756153,0.13483408093452454,-0.2610834836959839,-0.18475678338789692,0.10755190253257751,-0.16396164894104004,-0.18240155055308094,0.0805056095123291,-0.2937217950820923,-0.04486902206325283,0.08347645401954651,-0.37607383728027344,-0.15217573716425647,0.04954478144645691,-0.24687987565994263,-0.14330032243513813,0.03198203444480896,-0.15410763025283813,-0.10789847894692173,-0.015093982219696045,-0.2849164605140686,-0.04918597786807766,-0.0043065547943115234,-0.348064124584198,-0.13128483071112385,-0.021204203367233276,-0.24402844905853271,-0.1249602787115549,-0.02526754140853882,-0.16646748781204224,-0.098671814046142
L,0.0,0.0,0.0,0.15574860572814941,0.01369774341583252,-0.08521851224017496,0.3221220374107361,-0.049465835094451904,-0.11926249486518259,0.45646774768829346,-0.12629210948944092,-0.1456465951831376,0.5599848031997681,-0.1705368161201477,-0.17109187764239664,0.2745988965034485,-0.2658543586730957,-0.061931089285138796,0.3092547059059143,-0.4354366064071655,-0.11697311771226282,0.31154435873031616,-0.5471108853816986,-0.1550830833346879,0.30776262283325195,-0.6375278532505035,-0.18361353200984354,0.1803269386291504,-0.29035133123397827,-0.05010510680389757,0.18105542659759521,-0.38676023483276367,-0.15398257297587747,0.13855457305908203,-0.2622922658920288,-0.18563854021144266,0.11259937286376953,-0.16429543495178223,-0.18208424073768015,0.08635762333869934,-0.2927486300468445,-0.047567990395549486,0.08751392364501953,-0.3766867518424988,-0.1540038369329011,0.054459989070892334,-0.24572879076004028,-0.1437380693585908,0.0389217734336853,-0.15422648191452026,-0.10755245459390039,-0.00950726866722107,-0.2809802293777466,-0.05134183612776155,-0.0005716383457183838,-0.34480559825897217,-0.13503553790164347,-0.01690077781677246,-0.23954975605010986,-0.12916719240260477,-0.019650191068649292,-0.1620539426803589,-0.10296943855595941
L,0.0,0.0,0.0,0.14682891964912415,0.023084640502929688,-0.08590546763343276,0.31545376777648926,-0.039725303649902344,-0.12196547305983962,0.4449538588523865,-0.11260133981704712,-0.15055385744971694,0.5483027696609497,-0.15527737140655518,-0.17875928199691238,0.2650502324104309,-0.2600865364074707,-0.06291784114045562,0.3009318709373474,-0.4294067919254303,-0.11846610671681823,0.30462366342544556,-0.5427462160587311,-0.1560400924722618,0.30199360847473145,-0.628977507352829,-0.18272682047290267,0.17071110010147095,-0.2817315459251404,-0.051063106868690866,0.17394322156906128,-0.371942400932312,-0.15937494254512252,0.1295703649520874,-0.2542757987976074,-0.19412598526877822,0.10014897584915161,-0.15727800130844116,-0.19018026209277572,0.0762750506401062,-0.28566819429397583,-0.04817247531217994,0.07896554470062256,-0.3650398254394531,-0.1587837538759178,0.046637535095214844,-0.23562413454055786,-0.15286158538264694,0.03071194887161255,-0.1425567865371704,-0.1171841896216339,-0.01940453052520752,-0.2800911068916321,-0.05100484332842292,-0.00839012861251831,-0.341025173664093,-0.13662942266864242,-0.024820834398269653,-0.23442846536636353,-0.1323679140846199,-0.028386414051055908,-0.15578913688659668,-0.10590258008641662
L,0.0,0.0,0.0,0.14783984422683716,0.019179046154022217,-0.08713266405909792,0.3149715065956116,-0.04591715335845947,-0.12372778508513704,0.4472556710243225,-0.11981278657913208,-0.15279961529820696,0.5522905588150024,-0.16227775812149048,-0.1812096625909163,0.26696479320526123,-0.2633237838745117,-0.0676988304004027,0.30303657054901123,-0.4297943711280823,-0.12695398334115282,0.3048374056816101,-0.5419636368751526,-0.16642963293641344,0.3021324872970581,-0.6313384473323822,-0.19471266273110643,0.17371892929077148,-0.28701043128967285,-0.056466409598286305,0.17796659469604492,-0.3804168701171875,-0.1663757205352141,0.13159576058387756,-0.2593006491661072,-0.19990661147683397,0.10234099626541138,-0.1602470874786377,-0.19571332040875689,0.08128249645233154,-0.2909190058708191,-0.05450155365913645,0.08267378807067871,-0.3724958300590515,-0.16491311195939318,0.04695242643356323,-0.24474656581878662,-0.15608676675408617,0.029427528381347656,-0.15169399976730347,-0.1192623839124991,-0.012942016124725342,-0.28372281789779663,-0.05891899916976229,-0.006160646677017212,-0.34498482942581177,-0.14430753294080034,-0.024267524480819702,-0.24078476428985596,-0.1393666953191115,-0.02904495596885681,-0.1626594066619873,-0.11287111941426531
L,0.0,0.0,0.0,0.14911922812461853,0.006465315818786621,-0.07734623063318224,0.33320555090904236,-0.05985713005065918,-0.10828586179725619,0.4737273156642914,-0.13059383630752563,-0.1317078496884534,0.5782137215137482,-0.17013013362884521,-0.1532305057715604,0.286059707403183,-0.2838436961174011,-0.06282168883792849,0.3223205506801605,-0.45452213287353516,-0.1141582827638814,0.3222133219242096,-0.5696287751197815,-0.15005719918720217,0.32127442955970764,-0.6629832088947296,-0.17804305512420626,0.1855209767818451,-0.3097134828567505,-0.055418601967019754,0.1941314935684204,-0.40053510665893555,-0.14870457608215304,0.14054271578788757,-0.27252650260925293,-0.1804182406138608,0.11257776618003845,-0.17167097330093384,-0.18222105760089846,0.08684226870536804,-0.3089090585708618,-0.05567907798997851,0.08711960911750793,-0.3764553666114807,-0.15490688640586825,0.05588585138320923,-0.2473130226135254,-0.15143269557468386,0.04127192497253418,-0.15439707040786743,-0.12482717890254946,-0.006302952766418457,-0.29462575912475586,-0.060996099151296335,-0.0022211968898773193,-0.3516297936439514,-0.13917359966747256,-0.017581135034561157,-0.2477373480796814,-0.13641886670104952,-0.015394896268844604,-0.1688225269317627,-0.11644912023059817
L,0.0,0.0,0.0,0.15643489360809326,0.02535468339920044,-0.08975223516650388,0.32079529762268066,-0.039838314056396484,-0.12582071190304944,0.4526447057723999,-0.11623024940490723,-0.15316976671643445,0.5544599890708923,-0.15587222576141357,-0.18064810400433728,0.2672847509384155,-0.2563908100128174,-0.07066975598759839,0.30081504583358765,-0.42892372608184814,-0.12226301496453473,0.30118227005004883,-0.5431161820888519,-0.1560150540394325,0.29787755012512207,-0.6323004066944122,-0.18118909066147992,0.17239990830421448,-0.2783849835395813,-0.05443724309630582,0.17097294330596924,-0.3720741868019104,-0.15748101537652204,0.13009485602378845,-0.253068208694458,-0.1858387148899574,0.10702121257781982,-0.15318208932876587,-0.17833352153725812,0.07864832878112793,-0.2790917754173279,-0.047132682703210804,0.07699403166770935,-0.3540229797363281,-0.15171758895344922,0.04427430033683777,-0.22493815422058105,-0.14068266814179609,0.03033164143562317,-0.13430136442184448,-0.10263656144566724,-0.017056643962860107,-0.26691102981567383,-0.04623578553624341,-0.008783698081970215,-0.3356672525405884,-0.1256408697886009,-0.028102397918701172,-0.232069730758667,-0.11664728140063474,-0.03132626414299011,-0.15487730503082275,-0.08805760060973356
L,0.0,0.0,0.0,0.15607112646102905,0.020691990852355957,-0.09011398200420828,0.3253137469291687,-0.04427909851074219,-0.12627397422222586,0.4591068625450134,-0.1231076717376709,-0.1536747956695983,0.5633833408355713,-0.1670019030570984,-0.18076296095280142,0.2722535729408264,-0.2600365877151489,-0.06589467768101187,0.3063124418258667,-0.43292510509490967,-0.11889217738537283,0.30677735805511475,-0.5493758916854858,-0.15459242407707663,0.3040142059326172,-0.6394798755645752,-0.1808214033070037,0.17737215757369995,-0.2826051712036133,-0.05026666764645071,0.17712777853012085,-0.3806033134460449,-0.1563695365610549,0.13257205486297607,-0.2606971859931946,-0.18816973213581534,0.10606515407562256,-0.15776431560516357,-0.18187020663647147,0.08291435241699219,-0.28404712677001953,-0.043836946976465896,0.08050397038459778,-0.3601928949356079,-0.15082803313164206,0.046052247285842896,-0.23297524452209473,-0.1422995025339553,0.031029880046844482,-0.14202314615249634,-0.10489103142647238,-0.01409497857093811,-0.27337437868118286,-0.04375650305776091,-0.0030374526977539062,-0.3450290560722351,-0.1239523584070632,-0.023087531328201294,-0.2418155074119568,-0.1155428433838317,-0.028044700622558594,-0.16221415996551514,-0.08677063826946707
L,0.0,0.0,0.0,0.1557815968990326,0.02491629123687744,-0.09515861607639664,0.32515472173690796,-0.04560774564743042,-0.13497292436210984,0.4550376534461975,-0.12231266498565674,-0.16598383523075455,0.5631603002548218,-0.1622459888458252,-0.19803237355797165,0.26750725507736206,-0.25621455907821655,-0.07143134809582108,0.30017828941345215,-0.42663443088531494,-0.12837863899319046,0.300609290599823,-0.5467771589756012,-0.16486922837345475,0.29718881845474243,-0.6414962708950043,-0.19087585247604721,0.1723940372467041,-0.2807060480117798,-0.055692011485980686,0.17622125148773193,-0.3808177709579468,-0.16811979747860306,0.1294952929019928,-0.261915922164917,-0.20018867589084977,0.09953132271766663,-0.1563892364501953,-0.1910381410226094,0.0754493772983551,-0.283677339553833,-0.0497771445616948,0.07898515462875366,-0.360227108001709,-0.16478257812111252,0.04107666015625,-0.22884458303451538,-0.1565757933959233,0.023639589548110962,-0.13364601135253906,-0.11545909381954544,-0.023260265588760376,-0.27381813526153564,-0.050207642833875354,-0.010478764772415161,-0.3471500277519226,-0.13386849499790543,-0.030662864446640015,-0.2439793348312378,-0.1240143049463498,-0.03648579120635986,-0.16462397575378418,-0.09226355142443055
