label,f0,f1,f2,f3,f4,f5,f6,f7,f8,f9,f10,f11,f12,f13,f14,f15,f16,f17,f18,f19,f20,f21,f22,f23,f24,f25,f26,f27,f28,f29,f30,f31,f32,f33,f34,f35,f36,f37,f38,f39,f40,f41,f42,f43,f44,f45,f46,f47,f48,f49,f50,f51,f52,f53,f54,f55,f56,f57,f58,f59,f60,f61,f62
M,0.0,0.0,0.0,0.12545302510261536,0.05156639218330383,-0.14039578021913712,0.18821069598197937,0.1276399791240692,-0.24098839343935197,0.19718661904335022,0.2209993302822113,-0.306548838628828,0.18580004572868347,0.3027081787586212,-0.3720904338493938,0.15700355172157288,-0.09234324097633362,-0.36164042831808274,0.22527405619621277,0.07047092914581299,-0.46703354002386277,0.24245449900627136,0.18802687525749207,-0.505868827117979,0.24182114005088806,0.2761850655078888,-0.5302726376190776,0.07010814547538757,-0.08715376257896423,-0.32925907255560105,0.13207945227622986,0.10787263512611389,-0.4324534583225841,0.16626575589179993,0.2444235384464264,-0.45401636244207566,0.19336077570915222,0.3434500992298126,-0.4808209288254375,-0.01561284065246582,-0.04100355505943298,-0.29397812963873093,0.05213013291358948,0.1444321572780609,-0.4005649733677501,0.10417667031288147,0.27920642495155334,-0.4227262783184642,0.14506486058235168,0.37959280610084534,-0.44084537507444566,-0.08884987235069275,0.020491451025009155,-0.2636512863770122,-0.02575424313545227,0.15912577509880066,-0.35327685357481187,0.028274953365325928,0.25204572081565857,-0.3812834072247142,0.07045695185661316,0.3312453329563141,-0.40537819744497483
M,0.0,0.0,0.0,0.09947669506072998,0.020299643278121948,-0.16404613601275742,0.11508050560951233,0.059430599212646484,-0.26863538967677414,0.09273821115493774,0.135978102684021,-0.3342748855263835,0.06028693914413452,0.21861213445663452,-0.4004702244908458,0.08808034658432007,-0.14875146746635437,-0.3431565140397197,0.10860344767570496,0.040712058544158936,-0.44848394142695724,0.10398322343826294,0.19419431686401367,-0.4939148400933391,0.08954280614852905,0.30384063720703125,-0.5177795563847667,-0.022655218839645386,-0.15615129470825195,-0.2951121007115489,-0.011877477169036865,0.05627959966659546,-0.3958332811505443,-0.006103217601776123,0.22985315322875977,-0.4209189687878734,0.0028642117977142334,0.34848153591156006,-0.4388909016759044,-0.1254095435142517,-0.11575788259506226,-0.24589581536361038,-0.10950064659118652,0.09202170372009277,-0.3394812916428691,-0.07199561595916748,0.24081134796142578,-0.3545684491307384,-0.045863211154937744,0.33726966381073,-0.36016997443744003,-0.2051854133605957,-0.051833391189575195,-0.20526554929324448,-0.17537876963615417,0.12290757894515991,-0.27902227388926804,-0.12760481238365173,0.23155534267425537,-0.29247081028529465,-0.09664466977119446,0.29937922954559326,-0.2964904581219798
M,0.0,0.0,0.0,0.09841769933700562,0.010772645473480225,-0.10578011090808559,0.15825390815734863,0.04146638512611389,-0.19622824455552745,0.16414356231689453,0.11754071712493896,-0.2716620203381126,0.1383231282234192,0.19714468717575073,-0.34880625571065593,0.09481281042098999,-0.174892395734787,-0.2270034339552467,0.10892784595489502,-0.008519649505615234,-0.327972823036248,0.0973779559135437,0.13218313455581665,-0.39001389707379985,0.0840892493724823,0.24729162454605103,-0.42044942940526653,-0.022302865982055664,-0.1839151382446289,-0.21052699650579143,-0.01662743091583252,0.01491856575012207,-0.2950694497948234,-0.025614678859710693,0.17048072814941406,-0.31986033285909343,-0.027446359395980835,0.29654163122177124,-0.3315726455574577,-0.12540510296821594,-0.14891237020492554,-0.19454421962552715,-0.11402583122253418,0.051801323890686035,-0.263597571504647,-0.09504520893096924,0.18361639976501465,-0.26463093723111797,-0.07823938131332397,0.283284068107605,-0.2564533289795463,-0.2073816955089569,-0.08898010849952698,-0.1868708368664329,-0.19063971936702728,0.05474776029586792,-0.22797068322950054,-0.15406067669391632,0.14384406805038452,-0.21736795569711376,-0.1269427239894867,0.21130061149597168,-0.2019693043356483
M,0.0,0.0,0.0,0.09875413775444031,0.047551244497299194,-0.16047779399309547,0.12016913294792175,0.11166256666183472,-0.2653565176144639,0.10474792122840881,0.19058182835578918,-0.3322037227765122,0.07685640454292297,0.2626258432865143,-0.399047888101677,0.08973780274391174,-0.08479222655296326,-0.34483645039949806,0.1120472252368927,0.09712782502174377,-0.44844797927294167,0.10815128684043884,0.23811718821525574,-0.48957017737780006,0.09805044531822205,0.33515599370002747,-0.5123810835495988,-0.013069361448287964,-0.09907683730125427,-0.30077955800447853,-0.004059046506881714,0.10350748896598816,-0.4025448628083268,0.002404540777206421,0.267412930727005,-0.4251086779252091,0.012774795293807983,0.38018134236335754,-0.44321186024103554,-0.11061301827430725,-0.06723439693450928,-0.2559866674557725,-0.10588118433952332,0.12761801481246948,-0.3593593307152787,-0.06797099113464355,0.2785084545612335,-0.3759057291165391,-0.04304507374763489,0.3786983788013458,-0.3822386034146348,-0.19060978293418884,-0.009818434715270996,-0.21854919868860634,-0.17474821209907532,0.15800568461418152,-0.30717153030786903,-0.13090880215168,0.26759591698646545,-0.32716757732782753,-0.10532069206237793,0.34029069542884827,-0.3350075848713914
M,0.0,0.0,0.0,0.1351124346256256,0.07248356938362122,-0.15612297103780293,0.20821383595466614,0.16336309909820557,-0.2718103562392571,0.20930537581443787,0.25481462478637695,-0.3514691923655846,0.18631431460380554,0.3355461359024048,-0.4323996637858727,0.19981524348258972,-0.053586721420288086,-0.38551920996087574,0.22681745886802673,0.10794460773468018,-0.5109390352763512,0.2168237864971161,0.2332770824432373,-0.5639703010119774,0.20535007119178772,0.32600921392440796,-0.59340712771791,0.09443250298500061,-0.06251978874206543,-0.3492542539634087,0.09587088227272034,0.1222359836101532,-0.4643779431380608,0.09674713015556335,0.2708996534347534,-0.4868839715518334,0.10876902937889099,0.37612640857696533,-0.5109125112094262,-0.01072576642036438,-0.032006412744522095,-0.31182822928803944,-0.0021375715732574463,0.14730605483055115,-0.4314921234645226,0.01569703221321106,0.29048991203308105,-0.4541056190528252,0.03553086519241333,0.3932749032974243,-0.46844101295846485,-0.10356363654136658,0.01799619197845459,-0.2800870870150902,-0.07805703580379486,0.16450291872024536,-0.378574672798095,-0.03757661581039429,0.2611674666404724,-0.4045859609641411,-0.003699958324432373,0.3332131505012512,-0.423557582954345
M,0.0,0.0,0.0,0.10121959447860718,0.004987657070159912,-0.12869776070328953,0.14424759149551392,0.03731119632720947,-0.22881985485764744,0.13173812627792358,0.11202389001846313,-0.3029207813760877,0.10015743970870972,0.19112426042556763,-0.3773006129285932,0.0985029935836792,-0.16478011012077332,-0.2874314117452741,0.12696844339370728,-0.004455089569091797,-0.3956743407270551,0.11393576860427856,0.14161574840545654,-0.45448037266942265,0.09434780478477478,0.25692200660705566,-0.4859022426626325,-0.015493392944335938,-0.17352670431137085,-0.2578330266496778,0.005515754222869873,0.018475443124771118,-0.35315423488827946,0.0035296082496643066,0.18724995851516724,-0.3781616020223737,0.007620036602020264,0.3110077381134033,-0.39478822827550175,-0.11776876449584961,-0.13700950145721436,-0.22736633599015477,-0.09968751668930054,0.05038183927536011,-0.31099831342908146,-0.07541266083717346,0.19684958457946777,-0.31763645291539433,-0.053287625312805176,0.3040153980255127,-0.31720068335744145,-0.19929102063179016,-0.07008951902389526,-0.20477125823708775,-0.16863486170768738,0.0897897481918335,-0.2692345011255384,-0.12757712602615356,0.1929386854171753,-0.27534925222607853,-0.09797078371047974,0.2631235122680664,-0.27358522296162846
M,0.0,0.0,0.0,0.13573601841926575,0.067080557346344,-0.17075895192908774,0.20199179649353027,0.15983647108078003,-0.2962085497646285,0.20434176921844482,0.24514538049697876,-0.380784173038478,0.17897391319274902,0.3104403018951416,-0.46684383275794517,0.16744184494018555,-0.05275195837020874,-0.41256638291167747,0.20377647876739502,0.1099475622177124,-0.5357911479740096,0.20669680833816528,0.2401188611984253,-0.5866421354083968,0.2071555256843567,0.3363577723503113,-0.6168169272212936,0.0619562566280365,-0.05487138032913208,-0.37000234844970237,0.07121431827545166,0.12096536159515381,-0.48818265321540366,0.08578836917877197,0.27639472484588623,-0.5101817143230392,0.10781526565551758,0.3843228816986084,-0.5342250359325362,-0.0355893075466156,-0.015673577785491943,-0.32482912066268455,-0.03333383798599243,0.1545637845993042,-0.4403605950145675,-0.0018537640571594238,0.2938041687011719,-0.45583643439101706,0.025976598262786865,0.3883868455886841,-0.46846400621222983,-0.11846338212490082,0.04311448335647583,-0.28665061714934836,-0.09757602214813232,0.19477200508117676,-0.3856211793689681,-0.04833906888961792,0.29713892936706543,-0.40894090059089194,-0.012264519929885864,0.36827290058135986,-0.4258491587905837
M,0.0,0.0,0.0,0.09197026491165161,0.011185884475708008,-0.11507338526257627,0.12955284118652344,0.046056509017944336,-0.2117200517893707,0.1265234351158142,0.12746858596801758,-0.28529365601548307,0.10179203748703003,0.2121524214744568,-0.36216847839364164,0.09417307376861572,-0.14753514528274536,-0.27506833019265287,0.11383616924285889,0.020650923252105713,-0.3740108782292282,0.10258126258850098,0.17143118381500244,-0.428173261308757,0.08419516682624817,0.2896430492401123,-0.45637642087945096,-0.0227891206741333,-0.15506112575531006,-0.24990001561650388,-0.014047503471374512,0.04225754737854004,-0.3353375667572891,-0.01731276512145996,0.2159569263458252,-0.35727493705758206,-0.013744652271270752,0.34670400619506836,-0.37199796977051847,-0.12916427850723267,-0.11896449327468872,-0.22152188661107175,-0.12314999103546143,0.07213634252548218,-0.2948261374474441,-0.09675604104995728,0.22231245040893555,-0.2989715510846054,-0.07369020581245422,0.3312016725540161,-0.2982775742054855,-0.21368013322353363,-0.05541437864303589,-0.19958161058434598,-0.18989361822605133,0.10232865810394287,-0.25469736995705716,-0.14508017897605896,0.20900821685791016,-0.2544287020207321,-0.1107490062713623,0.2817293405532837,-0.2489035451651489
M,0.0,0.0,0.0,0.09925574064254761,0.002503514289855957,-0.1126917484571095,0.1531406044960022,0.030833661556243896,-0.20764508427873807,0.1640138030052185,0.10328984260559082,-0.28190290512338834,0.146409809589386,0.18795722723007202,-0.3601493793894406,0.09776675701141357,-0.14685401320457458,-0.2694860357214566,0.11800819635391235,0.013226568698883057,-0.3674609917570706,0.11304575204849243,0.15614467859268188,-0.42360230864778714,0.09612488746643066,0.2723468542098999,-0.4519355553557034,-0.01921442151069641,-0.1475045382976532,-0.2453739601542111,-0.006461381912231445,0.048914581537246704,-0.32734429420725064,-0.012094199657440186,0.2103310227394104,-0.35009806932703214,-0.010978072881698608,0.3388572335243225,-0.36496594132677274,-0.1223248839378357,-0.10920444130897522,-0.21786415161386685,-0.11173853278160095,0.09271997213363647,-0.28337764324442105,-0.08843818306922913,0.22918027639389038,-0.2862176555563565,-0.06481373310089111,0.3332199454307556,-0.284778143780386,-0.202985942363739,-0.04755955934524536,-0.19791625024572568,-0.1779797226190567,0.10599374771118164,-0.2419632482697125,-0.13503769040107727,0.2042117714881897,-0.23540640951887326,-0.09965202212333679,0.2786938548088074,-0.22619756640688138
M,0.0,0.0,0.0,0.0965917706489563,0.01431003212928772,-0.10801390202050243,0.16411757469177246,0.04077920317649841,-0.201102245760012,0.18274390697479248,0.10621735453605652,-0.28014800341134105,0.18133962154388428,0.17661365866661072,-0.36115354688172374,0.09320631623268127,-0.17910602688789368,-0.21958834321503673,0.11916488409042358,0.00012406706809997559,-0.32962310702805553,0.10983335971832275,0.14760026335716248,-0.40123734266762767,0.10141921043395996,0.26209786534309387,-0.4377121368170265,-0.02520531415939331,-0.18374252319335938,-0.20483401806359325,-0.003605484962463379,0.020477235317230225,-0.29650304110055004,0.0014795660972595215,0.1782647669315338,-0.3239657321691993,0.007938623428344727,0.3007802665233612,-0.33611381442551647,-0.1269504427909851,-0.14455369114875793,-0.192792315197039,-0.10337793827056885,0.04367968440055847,-0.2725150922060493,-0.08086201548576355,0.17679432034492493,-0.275615099978495,-0.06737467646598816,0.27726849913597107,-0.2659460047007087,-0.20599669218063354,-0.08064380288124084,-0.18891360254292522,-0.1864631175994873,0.053779929876327515,-0.23765208215718303,-0.1486746370792389,0.14513924717903137,-0.22894297928814922,-0.127803236246109,0.21493133902549744,-0.21344218046669994
M,0.0,0.0,0.0,0.11415055394172668,0.0652601420879364,-0.14732624304053843,0.16566923260688782,0.15625399351119995,-0.25533520889041483,0.17293724417686462,0.24781197309494019,-0.32720407557246745,0.15178513526916504,0.3158586621284485,-0.4015036196684605,0.15089291334152222,-0.04537463188171387,-0.3733067781901127,0.19956782460212708,0.1391158401966095,-0.4827025802111393,0.20278635621070862,0.276841402053833,-0.525958028552509,0.19542047381401062,0.3694242238998413,-0.5530000002360111,0.05489322543144226,-0.0526699423789978,-0.3418983490442997,0.07418981194496155,0.14536374807357788,-0.4460037322020298,0.08799991011619568,0.30836671590805054,-0.4664086670851475,0.10502049326896667,0.41897428035736084,-0.49054428648707926,-0.04093533754348755,-0.014552146196365356,-0.30702635359523356,-0.034030526876449585,0.1758173704147339,-0.4116567046618229,0.002067059278488159,0.3291509747505188,-0.4281299681639439,0.02650788426399231,0.4332062005996704,-0.4430637330984837,-0.12058442831039429,0.04706043004989624,-0.2780295283770329,-0.09616780281066895,0.22300595045089722,-0.369866845128513,-0.05200889706611633,0.3423495292663574,-0.39196797919032633,-0.023844629526138306,0.42858731746673584,-0.40879285049197733
M,0.0,0.0,0.0,0.10410803556442261,0.021184206008911133,-0.1424610261972603,0.156680166721344,0.0555233359336853,-0.26973227608758776,0.14910674095153809,0.08047956228256226,-0.3599741851146874,0.1328168511390686,0.1200360655784607,-0.45357910740930407,0.09210473299026489,-0.11942717432975769,-0.45890761364061206,0.0923948884010315,0.012665271759033203,-0.6151570771988091,0.09789830446243286,0.13722258806228638,-0.7029280756767449,0.10192286968231201,0.23693817853927612,-0.7603448127563652,0.01269465684890747,-0.13182541728019714,-0.4365528916176018,0.04984605312347412,0.00452345609664917,-0.6120190118606743,0.09200352430343628,0.12874579429626465,-0.6874228810127434,0.12386959791183472,0.22747379541397095,-0.7448501085098442,-0.05938953161239624,-0.09570145606994629,-0.4031945561226067,-0.01206427812576294,0.028306663036346436,-0.5485292171295342,0.03767049312591553,0.14631575345993042,-0.6018499826248345,0.08282732963562012,0.22948575019836426,-0.6354694460685906,-0.11892813444137573,-0.04059708118438721,-0.3722937797363457,-0.06676042079925537,0.0632166862487793,-0.478249142056292,-0.01783853769302368,0.14321821928024292,-0.523333678131884,0.023936748504638672,0.2073569893836975,-0.5594045614059624
M,0.0,0.0,0.0,0.10720312595367432,0.05441674590110779,-0.15297652300932896,0.14712893962860107,0.13109531998634338,-0.2582230817947675,0.14181941747665405,0.21307072043418884,-0.3278820764694501,0.11771735548973083,0.2786037027835846,-0.400189663139372,0.09747472405433655,-0.07037988305091858,-0.3483630966816236,0.1304522156715393,0.1212996244430542,-0.45490654822924625,0.12843850255012512,0.261980801820755,-0.4990552615795423,0.12301310896873474,0.3550684154033661,-0.5248423766765882,0.0022076964378356934,-0.07620975375175476,-0.31018399712183964,0.020796477794647217,0.12458217144012451,-0.4152994405899335,0.032536864280700684,0.28603842854499817,-0.4411400508556653,0.04629012942314148,0.3996421992778778,-0.46295105930903446,-0.08565759658813477,-0.038107454776763916,-0.26992645379641544,-0.06962764263153076,0.15632954239845276,-0.37633031126597416,-0.031040459871292114,0.30802449584007263,-0.3948599350128461,-0.008217215538024902,0.4122104346752167,-0.40484833237269413,-0.1555182784795761,0.02414041757583618,-0.23586523052790653,-0.12735077738761902,0.1990378201007843,-0.3284099054012586,-0.08276435732841492,0.3196370303630829,-0.3495868396435071,-0.058203816413879395,0.40551647543907166,-0.35976776000597965
M,0.0,0.0,0.0,0.10287290811538696,0.005860567092895508,-0.12425176055671727,0.13730567693710327,0.044204533100128174,-0.2199017927193836,0.11477357149124146,0.1351030468940735,-0.2886058315777973,0.07432436943054199,0.22186362743377686,-0.35887139292003667,0.09328418970108032,-0.157584547996521,-0.2895726487183765,0.12039130926132202,0.011287838220596313,-0.38867556305172,0.10927176475524902,0.16352307796478271,-0.4395849630379871,0.08962619304656982,0.2821618914604187,-0.46596293897869145,-0.02051866054534912,-0.16053655743598938,-0.25885277242900884,-0.006024777889251709,0.04378175735473633,-0.3435405418420032,-0.003771066665649414,0.21645772457122803,-0.3638275489354328,0.0036076903343200684,0.340667724609375,-0.3786408826852039,-0.12368631362915039,-0.1171790361404419,-0.2249676808858112,-0.11277151107788086,0.07903885841369629,-0.29970385880710637,-0.08388909697532654,0.22342371940612793,-0.30309163780452764,-0.05784046649932861,0.3286689519882202,-0.3020398542428211,-0.20469951629638672,-0.04702889919281006,-0.1977702602887348,-0.17878469824790955,0.10841870307922363,-0.2539993152165607,-0.1330830156803131,0.2055802345275879,-0.2542166635537342,-0.09794384241104126,0.27356964349746704,-0.24909199030639684
M,0.0,0.0,0.0,0.0981743335723877,0.015004098415374756,-0.1523279418840957,0.1171078085899353,0.05692321062088013,-0.25450943612008814,0.08795332908630371,0.14366132020950317,-0.32188378476053003,0.04756283760070801,0.22286182641983032,-0.3886852135553909,0.06512001156806946,-0.1741729974746704,-0.3225565125837875,0.10856330394744873,0.011150896549224854,-0.432042168606813,0.1054222583770752,0.16258078813552856,-0.48494832419305567,0.08905500173568726,0.2744753956794739,-0.5149151554003311,-0.04452604055404663,-0.17881560325622559,-0.283466534842546,-0.018026232719421387,0.03837493062019348,-0.38398502968698267,-0.00696873664855957,0.2109767198562622,-0.4117964675322128,0.0030942559242248535,0.32578957080841064,-0.43288491867929224,-0.14057374000549316,-0.13338083028793335,-0.24432568453698877,-0.11300936341285706,0.07247203588485718,-0.3424982597723556,-0.0784759521484375,0.22239679098129272,-0.359655397166307,-0.055713802576065063,0.3220437169075012,-0.3666594197645736,-0.21090814471244812,-0.06072014570236206,-0.213042186726625,-0.1744876652956009,0.11140793561935425,-0.2947810759440017,-0.13249874114990234,0.21675747632980347,-0.3125878443613601,-0.10961398482322693,0.28690630197525024,-0.31876440547853235
M,0.0,0.0,0.0,0.1388755738735199,0.06781119108200073,-0.16351304959243862,0.21117931604385376,0.16359299421310425,-0.28805762540287105,0.2281341254711151,0.25025951862335205,-0.3736360968250665,0.21368268132209778,0.32035738229751587,-0.4623450935978326,0.19061139225959778,-0.053771913051605225,-0.41450530301517574,0.2337951362133026,0.10311979055404663,-0.5451155007976922,0.2315177619457245,0.23226571083068848,-0.6036931575436029,0.2260250747203827,0.32856082916259766,-0.6393768490452203,0.08615568280220032,-0.05159291625022888,-0.37785953294223873,0.10554316639900208,0.12608277797698975,-0.498662889112893,0.11853912472724915,0.2800418734550476,-0.5232844651836785,0.13971802592277527,0.3893481492996216,-0.5513023437160882,-0.011896222829818726,-0.008806347846984863,-0.33894205104297725,0.0024995803833007812,0.16810160875320435,-0.4570435584682855,0.037181079387664795,0.30544716119766235,-0.47560778271144954,0.06800857186317444,0.4018394947052002,-0.49132162343448726,-0.09471714496612549,0.051498472690582275,-0.30639147769397823,-0.06504891812801361,0.2057238221168518,-0.40569520007557003,-0.014753669500350952,0.30359113216400146,-0.4309413136143121,0.024324268102645874,0.3753824830055237,-0.4511805177826318
M,0.0,0.0,0.0,0.10094642639160156,0.02105128765106201,-0.14336801638432917,0.12466096878051758,0.05952078104019165,-0.24394848515817102,0.09159910678863525,0.1370786428451538,-0.31032515635320124,0.03671571612358093,0.2029622197151184,-0.3769071208459991,0.09198904037475586,-0.14813151955604553,-0.32557718028851923,0.12619882822036743,0.03876170516014099,-0.4257556008321899,0.1183924674987793,0.18746984004974365,-0.4707059668523925,0.1001538634300232,0.298197865486145,-0.49410782327481684,-0.020541667938232422,-0.154212087392807,-0.2860140608770507,-0.0034571588039398193,0.05630674958229065,-0.3809743629915374,0.005453526973724365,0.23398971557617188,-0.40088338723012384,0.01616966724395752,0.35909128189086914,-0.4151596533281463,-0.1264697015285492,-0.11408179998397827,-0.24320247342416224,-0.11360260844230652,0.08268356323242188,-0.3329866932851928,-0.07635372877120972,0.23196697235107422,-0.33988405337163385,-0.047771185636520386,0.3375858664512634,-0.33946217169591364,-0.21126092970371246,-0.04552307724952698,-0.20714331736394342,-0.18425582349300385,0.10441398620605469,-0.279549430511679,-0.13367265462875366,0.19553959369659424,-0.2874954449159759,-0.09800568222999573,0.2596926689147949,-0.28621984591313776
M,0.0,0.0,0.0,0.10091638565063477,0.01648011803627014,-0.13155504727069456,0.13174057006835938,0.06340262293815613,-0.23310525381270963,0.10778582096099854,0.15759047865867615,-0.3058547046155127,0.060938477516174316,0.24133560061454773,-0.37998029255572874,0.09969699382781982,-0.14071586728096008,-0.3073388602704199,0.12853479385375977,0.029052942991256714,-0.4078162279099615,0.11971282958984375,0.183872252702713,-0.45810335540477354,0.10188299417495728,0.3030416667461395,-0.48520728611651975,-0.016770541667938232,-0.14473333954811096,-0.27480193638507444,0.00014105439186096191,0.059611737728118896,-0.36622336172763426,0.005121588706970215,0.23746511340141296,-0.3890341486901434,0.013917326927185059,0.3639494478702545,-0.40571987294856626,-0.12530794739723206,-0.10427045822143555,-0.23859448396865446,-0.11527952551841736,0.0914965569972992,-0.31910669469539243,-0.07957464456558228,0.2397797405719757,-0.3251223530739935,-0.050250113010406494,0.3450154960155487,-0.3262020912140997,-0.21212100982666016,-0.03503727912902832,-0.20926206969920713,-0.18577805161476135,0.11989596486091614,-0.27308639549914915,-0.13397246599197388,0.21569469571113586,-0.2775241997212561,-0.09575283527374268,0.27976956963539124,-0.27529644632045347
M,0.0,0.0,0.0,0.10071969032287598,0.059702903032302856,-0.13397493790148474,0.13728371262550354,0.14061784744262695,-0.22792877088545538,0.12451308965682983,0.22668886184692383,-0.28928729723452307,0.08233046531677246,0.28603196144104004,-0.3514796478605149,0.11886140704154968,-0.0765380859375,-0.3177148682927964,0.1786484718322754,0.10918840765953064,-0.40612393449305273,0.1805638074874878,0.24354952573776245,-0.44001215528010107,0.16797971725463867,0.3284197449684143,-0.4627765400266526,0.02336937189102173,-0.0907738208770752,-0.2860359234666703,0.05482286214828491,0.11786171793937683,-0.3756129426813004,0.06838923692703247,0.28340625762939453,-0.3948634846067307,0.07877865433692932,0.3943157196044922,-0.41629060934542395,-0.07049247622489929,-0.05677726864814758,-0.25105944107531286,-0.04682561755180359,0.14019125699996948,-0.34809663723467565,-0.007916837930679321,0.2949378490447998,-0.3638527674531815,0.013621598482131958,0.39875924587249756,-0.3747250122880814,-0.14813467860221863,0.007095038890838623,-0.22110575269221044,-0.10981288552284241,0.18695068359375,-0.30812150071619726,-0.0670328438282013,0.2963505983352661,-0.3301836235380051,-0.04758647084236145,0.3712546229362488,-0.3433886451578019
M,0.0,0.0,0.0,0.10091444849967957,0.05385437607765198,-0.11983642243149006,0.1401233673095703,0.1285737156867981,-0.20911668502094471,0.12993237376213074,0.2156568169593811,-0.2711710955977651,0.0928092896938324,0.2781163454055786,-0.33502584956886494,0.10470128059387207,-0.07966586947441101,-0.2884156134009572,0.15925872325897217,0.11403566598892212,-0.37468076013328755,0.16168349981307983,0.2509145140647888,-0.4100268211245748,0.15128034353256226,0.3432639241218567,-0.43176946305038655,0.00998985767364502,-0.09454450011253357,-0.2639287438273641,0.03722003102302551,0.11860206723213196,-0.3509771551966878,0.05228400230407715,0.28623026609420776,-0.37313139699699605,0.06229361891746521,0.40207529067993164,-0.3943915989279958,-0.08234032988548279,-0.0626274049282074,-0.2360584314942571,-0.0638100802898407,0.13454470038414001,-0.3296189930319997,-0.029269158840179443,0.28998130559921265,-0.3478736307502004,-0.01035541296005249,0.3982387185096741,-0.35838708542587483,-0.1621038317680359,0.0004980266094207764,-0.21209813915493214,-0.13551686704158783,0.169033944606781,-0.2945674385905477,-0.10014888644218445,0.2799590229988098,-0.31401863955261433,-0.08592820167541504,0.36032742261886597,-0.32353452109100544
M,0.0,0.0,0.0,0.02958202362060547,0.0685446560382843,-0.09031016053518215,0.026040494441986084,0.15289995074272156,-0.16625097812971035,0.012400120496749878,0.2509362995624542,-0.22357319714387813,-0.020445913076400757,0.3160143196582794,-0.28249875130018154,-0.010997474193572998,-0.06282660365104675,-0.2420167815860168,0.043395787477493286,0.11760857701301575,-0.3258352023538009,0.06081897020339966,0.25399574637413025,-0.3629881781514541,0.0671682357788086,0.34803715348243713,-0.386803333180751,-0.04533517360687256,-0.0893029272556305,-0.23907755734285274,-0.008386671543121338,0.11822479963302612,-0.3277162057336227,0.014440178871154785,0.2821790277957916,-0.35758138121923366,0.03243175148963928,0.3958301842212677,-0.3835840267117874,-0.07419860363006592,-0.0700317919254303,-0.2334527117188827,-0.05264982581138611,0.12731429934501648,-0.330974612849559,-0.021132469177246094,0.29076477885246277,-0.35180029692014614,-0.004364341497421265,0.4027564823627472,-0.3632810157712356,-0.09586086869239807,-0.016090959310531616,-0.2292275172646896,-0.07924950122833252,0.15583065152168274,-0.31514424504598537,-0.05067083239555359,0.281418114900589,-0.33163083018621364,-0.04083770513534546,0.37533625960350037,-0.33872950496038357
M,0.0,0.0,0.0,0.10382387042045593,0.015166163444519043,-0.1335393505939919,0.1334647536277771,0.05695962905883789,-0.22932356771320883,0.1104322075843811,0.144334077835083,-0.2948131280788857,0.06853064894676208,0.22395312786102295,-0.36006707128376547,0.08742976188659668,-0.1596703976392746,-0.2969842570671517,0.12979137897491455,0.026481449604034424,-0.3955947774300057,0.1301470398902893,0.18197929859161377,-0.4405246394524056,0.12059348821640015,0.2971574068069458,-0.4640776532539803,-0.028057873249053955,-0.16221415996551514,-0.2636557238945443,0.0035114288330078125,0.05422163009643555,-0.3541128950962502,0.018842697143554688,0.23898053169250488,-0.3765632229694802,0.03167608380317688,0.36125487089157104,-0.3940553980717141,-0.13224878907203674,-0.1166238784790039,-0.22829678829998556,-0.10300931334495544,0.08109244704246521,-0.31724563416332785,-0.06123322248458862,0.23882269859313965,-0.3286966400989968,-0.03274267911911011,0.34445273876190186,-0.3319990056404549,-0.21496780216693878,-0.04095461964607239,-0.1990909146913964,-0.17668187618255615,0.11205065250396729,-0.26962390717358176,-0.12475359439849854,0.21152836084365845,-0.2780279534706551,-0.09262162446975708,0.27629584074020386,-0.2780427652248818
M,0.0,0.0,0.0,0.1413799226284027,0.05695462226867676,-0.16853542791636755,0.208472341299057,0.1556028127670288,-0.2923039363506632,0.21262750029563904,0.24998784065246582,-0.37617634402545264,0.1829381287097931,0.32763785123825073,-0.46001632677348425,0.1522798240184784,-0.05342578887939453,-0.41117756234439184,0.19920137524604797,0.12327942252159119,-0.5359848903301554,0.20771583914756775,0.25831979513168335,-0.586039917338212,0.2070920169353485,0.3517981171607971,-0.6159140037182169,0.040610820055007935,-0.04595714807510376,-0.37155677543910315,0.06789502501487732,0.14408037066459656,-0.4886416660431223,0.09052446484565735,0.3124855160713196,-0.5091020630482035,0.11578771471977234,0.4200294613838196,-0.5331639217022257,-0.05727386474609375,0.002285897731781006,-0.32971422539981177,-0.04693296551704407,0.1752217411994934,-0.44774462448390295,-0.003333747386932373,0.3220664858818054,-0.4658202992561655,0.029935747385025024,0.4159936308860779,-0.4798700975063639,-0.1373312920331955,0.06472736597061157,-0.2945486472729044,-0.12124137580394745,0.2047441005706787,-0.3960785435322123,-0.07256855070590973,0.29983049631118774,-0.42069272862704565,-0.038115471601486206,0.36305075883865356,-0.4380370246055918
M,0.0,0.0,0.0,0.0940406322479248,0.004190176725387573,-0.10883603420006693,0.13106799125671387,0.047579556703567505,-0.20192325290190638,0.11562192440032959,0.13901060819625854,-0.2748016136501974,0.07920661568641663,0.22068089246749878,-0.34923017199980677,0.10289016366004944,-0.140060693025589,-0.26163825567709864,0.1395389437675476,0.026612520217895508,-0.3591582196568197,0.13595116138458252,0.17202293872833252,-0.4142214375351614,0.12680423259735107,0.29100269079208374,-0.44280556019293726,-0.014524638652801514,-0.13988685607910156,-0.24098310049521388,0.01741272211074829,0.06260988116264343,-0.3285616951798147,0.019805222749710083,0.23147517442703247,-0.3515167253826803,0.028975188732147217,0.35952550172805786,-0.3654876964901632,-0.12108913064002991,-0.0990329384803772,-0.21773967321860255,-0.09401404857635498,0.10322082042694092,-0.28797438915717066,-0.06312417984008789,0.2389710545539856,-0.29112640198218287,-0.03573906421661377,0.33706170320510864,-0.2898733633373922,-0.20692357420921326,-0.030614852905273438,-0.20136328216540278,-0.16621699929237366,0.13035863637924194,-0.24852827366339625,-0.11902537941932678,0.21733790636062622,-0.2450009154890722,-0.08546188473701477,0.2766062617301941,-0.23824602540480555
M,0.0,0.0,0.0,0.09538435935974121,0.006737172603607178,-0.1167879696563432,0.13456767797470093,0.04949936270713806,-0.2140351529792497,0.1215091347694397,0.13947361707687378,-0.2888775314763734,0.08599692583084106,0.22376734018325806,-0.3649222399667451,0.09414970874786377,-0.1387692093849182,-0.275072022862787,0.12442436814308167,0.02352815866470337,-0.37672959227120373,0.12255299091339111,0.17576056718826294,-0.43491174239670727,0.11551514267921448,0.29949700832366943,-0.4654760207608888,-0.019673705101013184,-0.13903728127479553,-0.2504120614007661,0.0093955397605896,0.05316683650016785,-0.3404115583375642,0.012710809707641602,0.22371792793273926,-0.3637526776269624,0.023106247186660767,0.3537216782569885,-0.3784110393003175,-0.12333753705024719,-0.09827503561973572,-0.22322192747151348,-0.10093814134597778,0.08829092979431152,-0.2934369589761445,-0.06994247436523438,0.22443562746047974,-0.2949679340795228,-0.041637539863586426,0.3257424831390381,-0.29338221210991833,-0.20759546756744385,-0.028873413801193237,-0.2036068435386369,-0.17407919466495514,0.12621456384658813,-0.2529632594064424,-0.1285485476255417,0.21315926313400269,-0.24974252242600414,-0.09489303827285767,0.2726981043815613,-0.24319772381340954
M,0.0,0.0,0.0,0.09863567352294922,0.005791604518890381,-0.12063343571776386,0.14688855409622192,0.04060095548629761,-0.2209547956501865,0.14932304620742798,0.12336564064025879,-0.29991579549664493,0.12509965896606445,0.2087680697441101,-0.3805905629908466,0.09851926565170288,-0.14075994491577148,-0.2761225153719806,0.13256949186325073,0.013131976127624512,-0.38251787917965885,0.12923181056976318,0.1622912883758545,-0.44233766692036625,0.12091130018234253,0.2860441207885742,-0.47284508245343204,-0.01709166169166565,-0.14334630966186523,-0.2524901379858875,0.011683225631713867,0.0439487099647522,-0.3481172372614765,0.014384150505065918,0.21511542797088623,-0.3714297165190601,0.022784382104873657,0.3473777174949646,-0.3835481156622791,-0.12131060659885406,-0.10479307174682617,-0.22779816882962223,-0.1018666923046112,0.08021563291549683,-0.3052842368399524,-0.06916862726211548,0.22063910961151123,-0.30564290778988834,-0.040519893169403076,0.32372212409973145,-0.29981112974041935,-0.20515257120132446,-0.038381606340408325,-0.21108927326554294,-0.1751595139503479,0.1147540807723999,-0.26286405818814274,-0.12780308723449707,0.2053525447845459,-0.25770754115933414,-0.09273216128349304,0.266815721988678,-0.24835186200493808
M,0.0,0.0,0.0,0.10721248388290405,0.007036536931991577,-0.13008942888450292,0.142645001411438,0.037065744400024414,-0.22613767967891363,0.1225816011428833,0.11508592963218689,-0.2931654273099866,0.07686510682106018,0.188014954328537,-0.36121143089008,0.09206598997116089,-0.15720906853675842,-0.299558234078404,0.13291901350021362,0.020873993635177612,-0.39996818886470464,0.13097792863845825,0.17050477862358093,-0.44662062512111333,0.11742287874221802,0.2793315351009369,-0.4708834408349958,-0.020644009113311768,-0.15781673789024353,-0.2679848490781751,0.0028800666332244873,0.04410657286643982,-0.36052013621997503,0.01540154218673706,0.22204849123954773,-0.3812980173654523,0.02802985906600952,0.34491440653800964,-0.39569593654346136,-0.12290328741073608,-0.11355611681938171,-0.23371471152972845,-0.10404771566390991,0.07561203837394714,-0.3242667733259168,-0.06375676393508911,0.22978493571281433,-0.33129615770053533,-0.03370523452758789,0.33629491925239563,-0.3295746563501325,-0.20284289121627808,-0.040074169635772705,-0.20513699637126592,-0.17179295420646667,0.11414262652397156,-0.2771384833879438,-0.1184377670288086,0.21414461731910706,-0.2824209152288404,-0.08027839660644531,0.2794578969478607,-0.2784971414632764
M,0.0,0.0,0.0,0.10121548175811768,-0.0007718801498413086,-0.1256587074684603,0.15380865335464478,0.0201338529586792,-0.22509733006234,0.15972936153411865,0.08990144729614258,-0.29956646427388023,0.14313721656799316,0.1688411831855774,-0.37535427674527,0.08653360605239868,-0.16977399587631226,-0.2853997813152773,0.12075918912887573,-0.003981679677963257,-0.3891043530392153,0.12360411882400513,0.13932764530181885,-0.4448832140850527,0.11705011129379272,0.2542635202407837,-0.47415290936703514,-0.027602553367614746,-0.16565001010894775,-0.25760837063069175,2.390146255493164e-05,0.031407326459884644,-0.3480456040787203,0.011811226606369019,0.19637441635131836,-0.3724645839619143,0.02589482069015503,0.3181544542312622,-0.389577852337311,-0.12870609760284424,-0.1188938319683075,-0.22801701888317893,-0.10753563046455383,0.06553423404693604,-0.307622240631531,-0.07268834114074707,0.202143132686615,-0.3144535885738833,-0.043101757764816284,0.30348896980285645,-0.3151203857349856,-0.21006301045417786,-0.042993009090423584,-0.20580777689690422,-0.18030495941638947,0.10448431968688965,-0.2651119099544985,-0.12996789813041687,0.19445550441741943,-0.26616560086483787,-0.09128853678703308,0.25701451301574707,-0.2616838382172091
M,0.0,0.0,0.0,0.1297270953655243,0.04262751340866089,-0.15496711478886027,0.187496155500412,0.11005285382270813,-0.26124778435882945,0.18478050827980042,0.18555894494056702,-0.33359110401329417,0.15292617678642273,0.24770858883857727,-0.40669333980736155,0.11727955937385559,-0.09125229716300964,-0.33123695896324534,0.1676217019557953,0.07777327299118042,-0.4377833609407844,0.17281797528266907,0.20781651139259338,-0.4882400934523048,0.1684681475162506,0.29332420229911804,-0.5196771626299324,0.006554752588272095,-0.09350046515464783,-0.2935633961981239,0.03003677725791931,0.08798441290855408,-0.3967789416140022,0.048668473958969116,0.2451510727405548,-0.4258609716719093,0.06889507174491882,0.3488083779811859,-0.45086652086433787,-0.09409242868423462,-0.05419960618019104,-0.25565075920280833,-0.08187824487686157,0.1096167266368866,-0.36173102305588145,-0.035671353340148926,0.25582626461982727,-0.3821195070570411,-0.0010499060153961182,0.35360798239707947,-0.3928360645597877,-0.17527402937412262,0.010467767715454102,-0.22509966836628337,-0.15119224786758423,0.15708181262016296,-0.3183777634924354,-0.10422174632549286,0.25909706950187683,-0.3422160749262275,-0.07484617829322815,0.32743820548057556,-0.35403239772972483
M,0.0,0.0,0.0,0.14171281456947327,0.06021523475646973,-0.14568371200346064,0.21876606345176697,0.14311540126800537,-0.2590161474921615,0.2327994406223297,0.21502482891082764,-0.3381293627002151,0.21899017691612244,0.28029966354370117,-0.4191842886187942,0.17849650979042053,-0.05554938316345215,-0.3769598814227493,0.20859280228614807,0.07560265064239502,-0.49507390582346034,0.21414831280708313,0.194877028465271,-0.5448266478755386,0.21728649735450745,0.286491334438324,-0.5746368380763442,0.0655498206615448,-0.05525219440460205,-0.3459694894530685,0.07698026299476624,0.09234064817428589,-0.4579444738604934,0.10040906071662903,0.23888856172561646,-0.47595655047678065,0.13121548295021057,0.3390294313430786,-0.496760955689183,-0.03599706292152405,-0.021088123321533203,-0.3130661460139663,-0.03138962388038635,0.1206735372543335,-0.4264523299910934,0.0021802783012390137,0.2518579959869385,-0.44603838646196436,0.034255266189575195,0.3415176272392273,-0.45976962768816065,-0.12092280387878418,0.025759518146514893,-0.2850445719935806,-0.10307745635509491,0.15231674909591675,-0.3805788668372543,-0.056025296449661255,0.24413317441940308,-0.4055460604407699,-0.01868581771850586,0.30935925245285034,-0.4237052711226852
M,0.0,0.0,0.0,0.1092711091041565,0.019381970167160034,-0.1555096395362625,0.15391159057617188,0.06346642971038818,-0.264425758277298,0.14666742086410522,0.1443604826927185,-0.3421931900132904,0.11668306589126587,0.21090447902679443,-0.4187342561830292,0.06098848581314087,-0.1566334366798401,-0.31062099710595703,0.10359743237495422,-0.02122354507446289,-0.42650568858277893,0.11126041412353516,0.1155780553817749,-0.4847223795999298,0.11262089014053345,0.21444863080978394,-0.5175585784066925,-0.05323740839958191,-0.14676433801651,-0.2751701213468323,-0.02020767331123352,0.0025963187217712402,-0.38332501426828003,0.0062160491943359375,0.16236841678619385,-0.41003975645196533,0.032919108867645264,0.2727926969528198,-0.42744034901750183,-0.1442355364561081,-0.0922778844833374,-0.24328774586808777,-0.12151765823364258,0.048841655254364014,-0.35071328655374145,-0.07147768139839172,0.1868320107460022,-0.36500493065011597,-0.028005748987197876,0.27986836433410645,-0.3664575852502594,-0.21102020144462585,-0.01288527250289917,-0.21961056069028473,-0.18460796773433685,0.11045414209365845,-0.30866107717645264,-0.1267840564250946,0.19806021451950073,-0.3244648911107788,-0.0818319022655487,0.25331997871398926,-0.3271173276056061
M,0.0,0.0,0.0,0.09229356050491333,-0.03658092021942139,-0.10788493178745284,0.14066815376281738,-0.060144662857055664,-0.1915487232055284,0.13896381855010986,-0.03666543960571289,-0.26127206109424606,0.11856257915496826,0.010131895542144775,-0.32950456760784164,0.05092495679855347,-0.29249629378318787,-0.18109266780277267,0.08444750308990479,-0.15670841932296753,-0.29003049753566756,0.09154438972473145,-0.017534613609313965,-0.3675298275794603,0.09391230344772339,0.09245800971984863,-0.4085366906966783,-0.06232061982154846,-0.28024914860725403,-0.1658575417842485,-0.02879422903060913,-0.13470721244812012,-0.2616093339767076,-0.0067476630210876465,0.012413859367370605,-0.2974730613078691,0.02167600393295288,0.13001883029937744,-0.31034986995121017,-0.15636277198791504,-0.22480493783950806,-0.15673660062213912,-0.12627896666526794,-0.08329343795776367,-0.23574865184684768,-0.08443081378936768,0.038785576820373535,-0.24248053453823104,-0.04577922821044922,0.1299508810043335,-0.23265815101524367,-0.22920814156532288,-0.14386767148971558,-0.1572530152644731,-0.1971501111984253,-0.0192873477935791,-0.2088272752608873,-0.14609083533287048,0.057802438735961914,-0.20814173243900314,-0.10418650507926941,0.10564708709716797,-0.19562389276882186
M,0.0,0.0,0.0,0.0895596444606781,-0.025764644145965576,-0.10935285021798791,0.14129015803337097,-0.03241842985153198,-0.20044940789478005,0.14925596117973328,0.006320059299468994,-0.2796036907030839,0.13318029046058655,0.056954026222229004,-0.35845446666019143,0.0716060996055603,-0.3175075054168701,-0.1762745537354249,0.10207578539848328,-0.1678696572780609,-0.2974339731528062,0.10691264271736145,-0.025995492935180664,-0.38535660584705056,0.11148861050605774,0.08039075136184692,-0.4323921509577531,-0.04215508699417114,-0.3103656768798828,-0.1655977227284211,-0.022652626037597656,-0.17079049348831177,-0.26897299369113625,-0.0019457042217254639,-0.01781553030014038,-0.30773103316562356,0.02808445692062378,0.10322916507720947,-0.32098540743129433,-0.13952550292015076,-0.2545682489871979,-0.16321925898330392,-0.1186034083366394,-0.12419182062149048,-0.2530286320044297,-0.07931625843048096,0.010421574115753174,-0.25790655692355813,-0.03881987929344177,0.10957002639770508,-0.2431189425780076,-0.21245504915714264,-0.1738051474094391,-0.17076253970401467,-0.19712327420711517,-0.05360424518585205,-0.23238921244876565,-0.14515388011932373,0.03206813335418701,-0.23135261317031564,-0.10171720385551453,0.08644890785217285,-0.21572482665317239
M,0.0,0.0,0.0,0.09275290369987488,-0.03469514846801758,-0.11457410553953196,0.13997843861579895,-0.0487673282623291,-0.20520016650220896,0.14186498522758484,-0.016025185585021973,-0.2830794314529612,0.12303683161735535,0.030849575996398926,-0.35923035542032267,0.06020519137382507,-0.3092334270477295,-0.1776293824102595,0.09407034516334534,-0.17332598567008972,-0.2976123849537089,0.10478231310844421,-0.034511446952819824,-0.38279630342981363,0.11335554718971252,0.07071805000305176,-0.4276824454452708,-0.04927191138267517,-0.3008093237876892,-0.16407904128095652,-0.024538278579711914,-0.16827470064163208,-0.2700545350696757,-0.000805974006652832,-0.01615917682647705,-0.30909384886285807,0.02977907657623291,0.09932011365890503,-0.3213341991092875,-0.14265725016593933,-0.24690595269203186,-0.15955743292829538,-0.11969232559204102,-0.11283588409423828,-0.25022713939210917,-0.07917460799217224,0.01878565549850464,-0.2581390897419169,-0.03883254528045654,0.10869288444519043,-0.2450473318483546,-0.21476790308952332,-0.16922730207443237,-0.16523982683679606,-0.19815781712532043,-0.04542356729507446,-0.22102335194608713,-0.14907565712928772,0.037336528301239014,-0.2197811613466456,-0.10796910524368286,0.08415365219116211,-0.20572522381803537
M,0.0,0.0,0.0,0.08481094241142273,-0.0289040207862854,-0.10693044490528791,0.13575109839439392,-0.05148035287857056,-0.2029707384796211,0.14618340134620667,-0.033064067363739014,-0.29005980021668165,0.1335291564464569,0.015616834163665771,-0.3757174266071388,0.06841805577278137,-0.34951868653297424,-0.16589158303452223,0.09765371680259705,-0.20459219813346863,-0.2980296266765663,0.10530290007591248,-0.06055855751037598,-0.3903910768718788,0.11180040240287781,0.05025869607925415,-0.4371814978809425,-0.051604509353637695,-0.3384599983692169,-0.16146350927067488,-0.0257413387298584,-0.2071147859096527,-0.2762208831996986,0.006212562322616577,-0.05593001842498779,-0.31467005140495985,0.0387556254863739,0.06322824954986572,-0.3233294141979286,-0.15249457955360413,-0.2787053883075714,-0.16731222994042128,-0.1264057457447052,-0.16122901439666748,-0.2658955407829353,-0.07740277051925659,-0.020841479301452637,-0.26098191268158644,-0.03290456533432007,0.07957684993743896,-0.23542916304779737,-0.22514379024505615,-0.1956862509250641,-0.18368926174355238,-0.20920662581920624,-0.08883357048034668,-0.25038843877030104,-0.15300217270851135,0.002263486385345459,-0.24413261837673872,-0.10677462816238403,0.05472731590270996,-0.22156814760876387
M,0.0,0.0,0.0,0.08945274353027344,-0.034983158111572266,-0.10221286778812555,0.14259791374206543,-0.06302386522293091,-0.19384778206710962,0.15434151887893677,-0.05272895097732544,-0.2777079409873977,0.158311665058136,-0.012826800346374512,-0.3607576257503524,0.0700029730796814,-0.358641117811203,-0.16031416421299127,0.10210710763931274,-0.205835223197937,-0.29066977565651086,0.11228477954864502,-0.057074129581451416,-0.3852938479698196,0.12105274200439453,0.05622661113739014,-0.4345492190635696,-0.051700592041015625,-0.34503453969955444,-0.15712971156006006,-0.02059793472290039,-0.20639917254447937,-0.266188002280046,0.010576695203781128,-0.05788159370422363,-0.3050517207897201,0.04236897826194763,0.06000971794128418,-0.31693959896927026,-0.15151596069335938,-0.2825731933116913,-0.1635511136568084,-0.1252090036869049,-0.1624354124069214,-0.2546054190910354,-0.07430681586265564,-0.029259562492370605,-0.25039727156524805,-0.027595102787017822,0.06865394115447998,-0.2288481212175384,-0.2227923721075058,-0.1966835856437683,-0.18070060675506738,-0.20326676964759827,-0.08426451683044434,-0.2410270190752044,-0.1448119580745697,0.0008066892623901367,-0.23432693546180872,-0.09746107459068298,0.05093693733215332,-0.21384595995311884
M,0.0,0.0,0.0,0.09446486830711365,-0.02766972780227661,-0.10698865121878498,0.14438799023628235,-0.037468552589416504,-0.19458726561344974,0.1455557644367218,-0.005518019199371338,-0.27088237321652286,0.12204858660697937,0.04134011268615723,-0.34612206137455814,0.06811866164207458,-0.2900296449661255,-0.179108878138436,0.1042046844959259,-0.15392205119132996,-0.2987814596918952,0.11798158288002014,-0.013019561767578125,-0.38440484321392887,0.12931671738624573,0.09732133150100708,-0.428547029855622,-0.04382774233818054,-0.2802758514881134,-0.16846222198284977,-0.014102786779403687,-0.13948771357536316,-0.26817819989003056,0.01039937138557434,0.014217078685760498,-0.3030446521071326,0.039932698011398315,0.13445734977722168,-0.3144885054854285,-0.13919061422348022,-0.2244025468826294,-0.165298481943978,-0.11211562156677246,-0.09222954511642456,-0.25146428263462894,-0.06805956363677979,0.04352426528930664,-0.25189760840214603,-0.025572389364242554,0.14126098155975342,-0.2347303680209052,-0.21475377678871155,-0.14364463090896606,-0.17199849105156773,-0.19494590163230896,-0.019436359405517578,-0.22553660488404148,-0.14175334572792053,0.06562936305999756,-0.21782085812367313,-0.09750312566757202,0.11979043483734131,-0.19905764377392643
M,0.0,0.0,0.0,0.09468656778335571,-0.023320257663726807,-0.10629192699207124,0.14979910850524902,-0.037433624267578125,-0.2014588933111554,0.15430998802185059,-0.015452086925506592,-0.2879190217377072,0.15083414316177368,0.029088616371154785,-0.37396637309802827,0.08039551973342896,-0.3351439833641052,-0.1723533641220456,0.1113390326499939,-0.17953583598136902,-0.3037809800030118,0.11658883094787598,-0.0314943790435791,-0.39847279299510774,0.12386500835418701,0.08008551597595215,-0.44793281663669404,-0.042716920375823975,-0.32381555438041687,-0.16836687136901674,-0.016277849674224854,-0.17426761984825134,-0.27895963896526155,0.01169496774673462,-0.024601340293884277,-0.3182426463486081,0.04176083207130432,0.09332537651062012,-0.33054254163516816,-0.1439647078514099,-0.262178897857666,-0.17342937697185334,-0.12445676326751709,-0.13292962312698364,-0.26502472866786775,-0.0742085874080658,-0.0001767873764038086,-0.25959259976161775,-0.028275281190872192,0.09748983383178711,-0.23741195310367402,-0.21688000857830048,-0.17710232734680176,-0.18935271312011537,-0.2024291604757309,-0.059148311614990234,-0.2492862414242154,-0.14635628461837769,0.024665474891662598,-0.24038740206970033,-0.10074979066848755,0.07545959949493408,-0.2185986410499936
M,0.0,0.0,0.0,0.09223490953445435,-0.02627086639404297,-0.10067639805288309,0.1490514874458313,-0.04233330488204956,-0.19584175504655832,0.16319215297698975,-0.024769067764282227,-0.28405078805894846,0.16549742221832275,0.019087612628936768,-0.37166535414667123,0.08932316303253174,-0.3366076946258545,-0.16324618019075388,0.11391782760620117,-0.17033272981643677,-0.29629241980524057,0.1184840202331543,-0.025853276252746582,-0.39270305193872446,0.12312561273574829,0.08208024501800537,-0.4432492808243751,-0.033579111099243164,-0.32680800557136536,-0.16241201318712228,-0.005506068468093872,-0.17288964986801147,-0.2742787555596351,0.022614985704421997,-0.02147233486175537,-0.3130094961068153,0.04854780435562134,0.09425234794616699,-0.32528823174448007,-0.136208176612854,-0.26914942264556885,-0.17102625526399606,-0.11150971055030823,-0.13843423128128052,-0.2639025107762336,-0.0637378990650177,0.000194549560546875,-0.25637450374574655,-0.022009313106536865,0.0983039140701294,-0.23257363893003458,-0.21200571954250336,-0.18797904253005981,-0.1904341385504722,-0.19454973936080933,-0.07367277145385742,-0.24958313561887735,-0.14060020446777344,0.014207959175109863,-0.23993551291437143,-0.09772557020187378,0.0637025237083435,-0.21794902838678354
M,0.0,0.0,0.0,0.09120678901672363,-0.03172677755355835,-0.10461736299089353,0.14983528852462769,-0.04613792896270752,-0.1908307952433006,0.17151492834091187,-0.009483397006988525,-0.265053881481208,0.17023128271102905,0.051429927349090576,-0.3404941094665901,0.058712124824523926,-0.25585103034973145,-0.19438233800224225,0.10049927234649658,-0.11421465873718262,-0.30728013642124097,0.10979354381561279,0.031123220920562744,-0.3856572044639961,0.112376868724823,0.14222633838653564,-0.42646731264881055,-0.051853060722351074,-0.24232754111289978,-0.18127593226722638,-0.015070915222167969,-0.08406698703765869,-0.2756326330452339,0.007816195487976074,0.07111668586730957,-0.30265290863803784,0.03395289182662964,0.18936771154403687,-0.3107941580562965,-0.144990473985672,-0.18780550360679626,-0.1736702454834358,-0.11326858401298523,-0.036738455295562744,-0.2527840865402595,-0.07002654671669006,0.091891348361969,-0.2508092058449165,-0.029774874448776245,0.1845373511314392,-0.2350195480137245,-0.2169850468635559,-0.11257940530776978,-0.17525294251731793,-0.1974845975637436,0.01870661973953247,-0.22086375780395429,-0.1489368975162506,0.10287278890609741,-0.20976517923168103,-0.10871011018753052,0.15745407342910767,-0.19102096386245648
M,0.0,0.0,0.0,0.11185139417648315,0.06333118677139282,-0.1587177675871203,0.1511009931564331,0.14868050813674927,-0.28719833611529566,0.13757950067520142,0.21676594018936157,-0.37320566295665003,0.12119412422180176,0.27309054136276245,-0.4635699999241183,0.11575132608413696,-0.06591358780860901,-0.46290645121615626,0.15103846788406372,0.11384531855583191,-0.6025807869343112,0.16127103567123413,0.24659007787704468,-0.6671539556888888,0.16256600618362427,0.3500446677207947,-0.7079983961490939,0.02935892343521118,-0.08948338031768799,-0.4282230746654818,0.06399887800216675,0.1096947193145752,-0.5753976118473361,0.092648446559906,0.25766098499298096,-0.6229277861027072,0.11766856908798218,0.3673872947692871,-0.6645401132015536,-0.05574476718902588,-0.05835655331611633,-0.38503193973582484,-0.016217052936553955,0.136113703250885,-0.5141966354755709,0.020067453384399414,0.279835045337677,-0.5499730121998141,0.052133917808532715,0.3840252757072449,-0.5744551432041476,-0.1304144263267517,-0.0006248354911804199,-0.3458991062549899,-0.09298163652420044,0.15558022260665894,-0.43761471032183863,-0.052919983863830566,0.2594296336174011,-0.46925193189662195,-0.01858985424041748,0.33580899238586426,-0.4980028283504794
M,0.0,0.0,0.0,0.09935608506202698,-0.017272472381591797,-0.11323672286118835,0.16199877858161926,-0.016779422760009766,-0.20436227819766373,0.17274191975593567,0.030669093132019043,-0.2790631254657683,0.15712842345237732,0.09469616413116455,-0.355161567543405,0.07704761624336243,-0.20161113142967224,-0.22916800281848282,0.11918702721595764,-0.06997707486152649,-0.33854820332373947,0.12836363911628723,0.06749576330184937,-0.408327033136743,0.1275111734867096,0.1793527603149414,-0.44417660436477036,-0.03365257382392883,-0.19357645511627197,-0.21091212830390305,0.007516711950302124,-0.04118531942367554,-0.3060890933021483,0.025620311498641968,0.11380773782730103,-0.3311967750533995,0.04870536923408508,0.2394716739654541,-0.3399568398937163,-0.1265348494052887,-0.14448130130767822,-0.19563298425521225,-0.09461507201194763,0.011118948459625244,-0.27607469758834213,-0.05202844738960266,0.1414770483970642,-0.2753186424716887,-0.011335879564285278,0.23979276418685913,-0.26276146373595566,-0.1991187036037445,-0.07231956720352173,-0.1894412090524611,-0.166748046875,0.06947499513626099,-0.24077702066745132,-0.11788493394851685,0.16025787591934204,-0.2338144680007872,-0.07773777842521667,0.22454804182052612,-0.21959507963504166
M,0.0,0.0,0.0,0.10383439064025879,1.2159347534179688e-05,-0.14166764395861264,0.16315007209777832,0.023169338703155518,-0.24779712634710904,0.1679009199142456,0.0859607458114624,-0.32851178424982663,0.1461714506149292,0.15766388177871704,-0.4093095757308447,0.09172910451889038,-0.16607153415679932,-0.2931318380179846,0.14291703701019287,-0.04233217239379883,-0.4121074773612463,0.15383195877075195,0.08473187685012817,-0.47772569435267087,0.151866614818573,0.19319665431976318,-0.5122645594420874,-0.01925411820411682,-0.1577286422252655,-0.2621004976573431,0.019417375326156616,-0.0014429688453674316,-0.37344087141184445,0.04961740970611572,0.15759587287902832,-0.4068291582408392,0.0748671293258667,0.2801087498664856,-0.4262492455783331,-0.11505058407783508,-0.1079234778881073,-0.23310273366598722,-0.0858641266822815,0.04717743396759033,-0.3389391996207678,-0.0339655876159668,0.19337379932403564,-0.35539532678751584,0.00596386194229126,0.30401819944381714,-0.3553060986342871,-0.19173943996429443,-0.028272926807403564,-0.21188061910299893,-0.15703941881656647,0.0994497537612915,-0.2892342902961218,-0.10032126307487488,0.19083517789840698,-0.3002858259025061,-0.05882465839385986,0.25919461250305176,-0.300393978530451
M,0.0,0.0,0.0,0.09235113859176636,-0.0321466326713562,-0.10945113886623403,0.15007704496383667,-0.053956806659698486,-0.19502401490240118,0.1590138077735901,-0.027898788452148438,-0.26609468598394415,0.14216190576553345,0.023205339908599854,-0.33760967988996526,0.05574357509613037,-0.2507122755050659,-0.20584684748678228,0.09296059608459473,-0.12236437201499939,-0.3174423291209223,0.10394847393035889,0.013261914253234863,-0.3935275389674189,0.10828989744186401,0.12588351964950562,-0.4324388815882685,-0.05571824312210083,-0.2338220775127411,-0.1887223436358454,-0.014376461505889893,-0.0838935375213623,-0.28410172600774786,0.010500013828277588,0.06466394662857056,-0.31573316593198797,0.03815242648124695,0.1883339285850525,-0.3276657475951197,-0.14657694101333618,-0.17622238397598267,-0.176156373215008,-0.11091539263725281,-0.02674764394760132,-0.2560268356326105,-0.06432467699050903,0.09776991605758667,-0.26021516461401006,-0.021659672260284424,0.19551771879196167,-0.2496688230755808,-0.2174440324306488,-0.0962262749671936,-0.17291224141149542,-0.18568158149719238,0.0323978066444397,-0.22254003722696325,-0.1333826184272766,0.1125948429107666,-0.21836486597089788,-0.0905914306640625,0.17102426290512085,-0.20535738904504797
M,0.0,0.0,0.0,0.08628877997398376,-0.01894557476043701,-0.10409168696855886,0.1495693027973175,-0.024236440658569336,-0.19349157608007772,0.17526116967201233,0.01133882999420166,-0.27145278251623495,0.17143908143043518,0.0701301097869873,-0.3510200063035427,0.0585656464099884,-0.2394925057888031,-0.200499800805801,0.09637251496315002,-0.08834320306777954,-0.3146820048139034,0.1105521023273468,0.05500751733779907,-0.39184629714941366,0.11902877688407898,0.1610860824584961,-0.43129727042173727,-0.050775229930877686,-0.22181975841522217,-0.1889706531808315,-0.019929975271224976,-0.06463181972503662,-0.2841551879689632,0.010195791721343994,0.08926689624786377,-0.3099878708169399,0.040913552045822144,0.20583593845367432,-0.31783389842962606,-0.1415148675441742,-0.1680069863796234,-0.18220370805715902,-0.11170697212219238,-0.0210416316986084,-0.26238104498838766,-0.06418770551681519,0.10965222120285034,-0.256605563525909,-0.020196914672851562,0.20357811450958252,-0.23850300705885275,-0.20934349298477173,-0.09623873233795166,-0.18452870643591268,-0.19450311362743378,0.026046395301818848,-0.23095166480993612,-0.1418217122554779,0.11169940233230591,-0.21724051034902914,-0.09708207845687866,0.16777479648590088,-0.1969515214011608
M,0.0,0.0,0.0,0.08441126346588135,-0.01609492301940918,-0.09955108615429253,0.14805972576141357,-0.01979386806488037,-0.1889933392670855,0.17735010385513306,0.0087052583694458,-0.26931938978702874,0.18664926290512085,0.06300806999206543,-0.3511678323415026,0.06579506397247314,-0.25372031331062317,-0.1842062071231112,0.09930765628814697,-0.09625032544136047,-0.29993236514599175,0.11276382207870483,0.044888198375701904,-0.38218814584286065,0.12248533964157104,0.1462886929512024,-0.4252371236947283,-0.04407772421836853,-0.23403149843215942,-0.17621049734623284,-0.01782938838005066,-0.07748150825500488,-0.26848185512096734,0.013189882040023804,0.07097196578979492,-0.29524982425243707,0.045328289270401,0.18329012393951416,-0.3046177074578509,-0.1342070996761322,-0.17627772688865662,-0.17374656054050774,-0.10987114906311035,-0.03793150186538696,-0.2501460358765826,-0.06301605701446533,0.08899760246276855,-0.24156903180153222,-0.01981183886528015,0.18092066049575806,-0.2222850963738665,-0.20032326877117157,-0.10052350163459778,-0.18089545222790093,-0.18733248114585876,0.013146042823791504,-0.22305621656448693,-0.135728657245636,0.09376037120819092,-0.20651099535496087,-0.09313738346099854,0.1470472812652588,-0.18471502217323632
M,0.0,0.0,0.0,0.08714723587036133,-0.019206106662750244,-0.10506750406057108,0.14566940069198608,-0.021591603755950928,-0.2011038488271879,0.1665160059928894,0.0057547688484191895,-0.28765931488305796,0.1714487075805664,0.05506342649459839,-0.37562170387536753,0.07219582796096802,-0.26914170384407043,-0.1942730373266386,0.11218142509460449,-0.11262962222099304,-0.32159635187417734,0.12680953741073608,0.028820812702178955,-0.4102924442413496,0.13780099153518677,0.13574039936065674,-0.4561751163128065,-0.0430358350276947,-0.24752065539360046,-0.18807071210176218,-0.00788828730583191,-0.10010623931884766,-0.29204544187814463,0.02631518244743347,0.04760867357254028,-0.3218434429290937,0.058042556047439575,0.16307371854782104,-0.33151501179963816,-0.13614797592163086,-0.18588724732398987,-0.18864045800000895,-0.10180321335792542,-0.0551566481590271,-0.2755457139137434,-0.051860690116882324,0.07317036390304565,-0.2656788504245924,-0.00836169719696045,0.16592758893966675,-0.24322931231290568,-0.20189917087554932,-0.1061699390411377,-0.1995290345075773,-0.1762908697128296,0.0016495585441589355,-0.25112321735650767,-0.1201629638671875,0.08092492818832397,-0.23663298548490275,-0.07751348614692688,0.1313648819923401,-0.21444210172921885
M,0.0,0.0,0.0,0.08978807926177979,-0.021982669830322266,-0.09939819451119547,0.14523696899414062,-0.032015204429626465,-0.19237096484448557,0.16469675302505493,-0.007200121879577637,-0.27831314380910044,0.17426365613937378,0.04042649269104004,-0.36548317845608835,0.07062840461730957,-0.2964285910129547,-0.17310766752507334,0.1070183515548706,-0.1334000825881958,-0.29737301047589426,0.12269854545593262,0.009955644607543945,-0.38631726678158884,0.13617581129074097,0.11643445491790771,-0.432862504084369,-0.04547867178916931,-0.2763691544532776,-0.1703788774802888,-0.0041654109954833984,-0.12364810705184937,-0.27187539513852244,0.03135412931442261,0.023362040519714355,-0.3048850434615815,0.060804784297943115,0.1374729871749878,-0.3167269068553651,-0.13980591297149658,-0.2124904990196228,-0.17505565162446146,-0.10231709480285645,-0.08601522445678711,-0.2611719804599488,-0.05452421307563782,0.04430437088012695,-0.2536068993404115,-0.01504051685333252,0.13830119371414185,-0.2322711634233201,-0.20771031081676483,-0.12923073768615723,-0.18967328842427378,-0.18135610222816467,-0.027500391006469727,-0.2419415849044526,-0.1274995505809784,0.0528411865234375,-0.22892162080552225,-0.08783683180809021,0.10383439064025879,-0.2070244389369691
M,0.0,0.0,0.0,0.08660176396369934,-0.022816061973571777,-0.09373154477270873,0.14386847615242004,-0.031570374965667725,-0.18237929777296813,0.16472700238227844,-0.008273065090179443,-0.2646623028913382,0.17541804909706116,0.036342084407806396,-0.3482118918100241,0.06662610173225403,-0.28502675890922546,-0.1670905424753073,0.11001113057136536,-0.12616410851478577,-0.2849584294954184,0.12670943140983582,0.01026153564453125,-0.3687693847814444,0.13999643921852112,0.11223554611206055,-0.41252470747622283,-0.04814726114273071,-0.26354503631591797,-0.16521891192587645,0.0001291334629058838,-0.11115401983261108,-0.26040790216120513,0.037326276302337646,0.03270363807678223,-0.2901386393705252,0.0686512291431427,0.14238953590393066,-0.30079568163546355,-0.1397666335105896,-0.19936904311180115,-0.16996558741720946,-0.09757241606712341,-0.07178604602813721,-0.250335939089382,-0.0475100576877594,0.053666532039642334,-0.24156741038950713,-0.005051702260971069,0.14316070079803467,-0.2207743300596121,-0.2048588991165161,-0.11671173572540283,-0.1842256857553366,-0.17479220032691956,-0.015376925468444824,-0.23199645415934356,-0.1200273334980011,0.06107974052429199,-0.21777462200316222,-0.07965850830078125,0.10903120040893555,-0.1959446592727545
M,0.0,0.0,0.0,0.08078354597091675,-0.021755874156951904,-0.08885716113547915,0.14390385150909424,-0.039134323596954346,-0.16838386121492022,0.17344331741333008,-0.02352428436279297,-0.24068937662343615,0.18229526281356812,0.01851135492324829,-0.31401322248677843,0.057930171489715576,-0.2564260959625244,-0.162529388696953,0.11486512422561646,-0.10798299312591553,-0.2693327164957964,0.13397204875946045,0.035800397396087646,-0.34481094244222277,0.14593416452407837,0.13884323835372925,-0.3844580447981798,-0.04809015989303589,-0.23291757702827454,-0.15804431799153917,0.000879824161529541,-0.08132761716842651,-0.245778883130356,0.04087221622467041,0.06716698408126831,-0.270757327110573,0.07558083534240723,0.17564433813095093,-0.2785736418078386,-0.13467466831207275,-0.1716340184211731,-0.15905364814500444,-0.0923069417476654,-0.04095035791397095,-0.23421859207849138,-0.04343268275260925,0.08084172010421753,-0.22726597848634356,-0.0038484036922454834,0.16818112134933472,-0.2084733641455614,-0.19889795780181885,-0.09278994798660278,-0.1683567411015474,-0.17300647497177124,0.014394104480743408,-0.21132809880475634,-0.12161025404930115,0.0888633131980896,-0.1972608065913164,-0.08404508233070374,0.1373339295387268,-0.17680634024839037
M,0.0,0.0,0.0,0.081767737865448,-0.03383547067642212,-0.09162294049667707,0.13768929243087769,-0.06172257661819458,-0.16725761373447767,0.15683233737945557,-0.04735046625137329,-0.23305097897457472,0.15271872282028198,-0.0024718642234802246,-0.3000875033895909,0.040346741676330566,-0.2454681098461151,-0.17988944728779188,0.0960426926612854,-0.11750122904777527,-0.2807572402517735,0.11694645881652832,0.02301812171936035,-0.3486736633341252,0.12585657835006714,0.12824636697769165,-0.3832016505758702,-0.0616128146648407,-0.22059640288352966,-0.16891624708580366,-0.008159011602401733,-0.07576543092727661,-0.25207980652260176,0.03175097703933716,0.06992727518081665,-0.2727570750276982,0.06747013330459595,0.17996299266815186,-0.27830263157295576,-0.14465641975402832,-0.16157278418540955,-0.16169878025459639,-0.0922161340713501,-0.022259652614593506,-0.23147710342811934,-0.042002350091934204,0.09568244218826294,-0.2260615297119557,0.000670015811920166,0.18060702085494995,-0.2098033942739903,-0.20979028940200806,-0.0854577124118805,-0.16253396053718916,-0.18083283305168152,0.025920987129211426,-0.20061104674744,-0.12940004467964172,0.09992021322250366,-0.18732774932789198,-0.08811423182487488,0.15113615989685059,-0.16891174693512312
M,0.0,0.0,0.0,0.09006914496421814,-0.03752082586288452,-0.09258159491298557,0.1474931538105011,-0.06981998682022095,-0.17327520492551685,0.1708444058895111,-0.0698937177658081,-0.24691386762140155,0.18750175833702087,-0.039435386657714844,-0.32056848946092487,0.05878552794456482,-0.2835506200790405,-0.16366164627550006,0.10749426484107971,-0.1250048577785492,-0.27507020774362445,0.1263955533504486,0.012629926204681396,-0.35448904576776386,0.13888278603553772,0.10677605867385864,-0.3965259665536678,-0.05212432146072388,-0.2576671540737152,-0.15855266395089984,-5.9276819229125977e-05,-0.10795491933822632,-0.25047977509973407,0.040553003549575806,0.03364002704620361,-0.2773511582898891,0.07664182782173157,0.13714414834976196,-0.28606523814676166,-0.13953176140785217,-0.1959024965763092,-0.15949987116334796,-0.09686103463172913,-0.07020092010498047,-0.23652731123445392,-0.045486509799957275,0.05178874731063843,-0.22732199969766498,-0.0010425746440887451,0.13672298192977905,-0.20669819655893207,-0.2034573256969452,-0.11598062515258789,-0.16993673387048602,-0.18077954649925232,-0.018086135387420654,-0.21201803031442523,-0.12921461462974548,0.052902281284332275,-0.19716412070272327,-0.08862960338592529,0.09755140542984009,-0.17660932484147907
M,0.0,0.0,0.0,0.09051749110221863,-0.035773634910583496,-0.08910715932438507,0.15877166390419006,-0.06968170404434204,-0.16713921333143844,0.19446316361427307,-0.06406396627426147,-0.23861986006090774,0.22512564063072205,-0.02770465612411499,-0.3113462736685051,0.049124449491500854,-0.26330360770225525,-0.1630262097198738,0.10964688658714294,-0.11393141746520996,-0.26539344693014755,0.1311645209789276,0.030316650867462158,-0.3386750331003441,0.14447817206382751,0.12857824563980103,-0.37793840075323715,-0.05791813135147095,-0.23555806279182434,-0.15691868568251266,0.003213852643966675,-0.08607125282287598,-0.2408816626150383,0.04687461256980896,0.05650222301483154,-0.2662817051489128,0.08535191416740417,0.16204410791397095,-0.27572963739226,-0.14208385348320007,-0.17476043105125427,-0.15535448098967208,-0.09090384840965271,-0.04514110088348389,-0.2256586959440483,-0.039294928312301636,0.07138842344284058,-0.2200589587766899,0.0044443607330322266,0.1566624641418457,-0.20371248925516738,-0.20507973432540894,-0.0971260666847229,-0.16241800392458572,-0.18158411979675293,0.0025309324264526367,-0.20025592649767532,-0.1313163936138153,0.0720401406288147,-0.18634278679678573,-0.090084969997406,0.1213790774345398,-0.16768408919165267
M,0.0,0.0,0.0,0.08805251121520996,-0.028605937957763672,-0.08173579282629362,0.14449173212051392,-0.041608989238739014,-0.15356278724539152,0.1688227653503418,-0.006150662899017334,-0.21656969494688383,0.17758709192276,0.04374450445175171,-0.28219212896692625,0.06577980518341064,-0.1814221739768982,-0.1794647753940808,0.12496477365493774,-0.04854857921600342,-0.2705497623192059,0.15145432949066162,0.07817399501800537,-0.33323665268289915,0.16763484477996826,0.16997402906417847,-0.3661751926647412,-0.036078572273254395,-0.15869444608688354,-0.17049219019281736,0.041673243045806885,-0.008262693881988525,-0.24500090188848844,0.07959026098251343,0.12738579511642456,-0.2657106102215039,0.11163580417633057,0.2293798327445984,-0.2754490853058087,-0.12050196528434753,-0.10534480214118958,-0.16275027699339262,-0.04880109429359436,0.0365293025970459,-0.225371915172218,0.00093841552734375,0.1477118730545044,-0.2252466709123837,0.03992736339569092,0.22966718673706055,-0.2166944921718823,-0.18993186950683594,-0.03340935707092285,-0.16192870147096983,-0.14486590027809143,0.07925701141357422,-0.19580844349729887,-0.09749072790145874,0.15253818035125732,-0.18502724475729337,-0.061340272426605225,0.20783758163452148,-0.17166690833437315
M,0.0,0.0,0.0,-0.07444310188293457,0.12020719051361084,-0.06618890033917069,-0.12576544284820557,0.19682008028030396,-0.12430589513735413,-0.10663184523582458,0.24801427125930786,-0.17774522172169327,-0.05355748534202576,0.2718731760978699,-0.23571802543358444,-0.217425137758255,-0.011625170707702637,-0.13202170895294785,-0.18274205923080444,0.1087689995765686,-0.2067576931591475,-0.12057885527610779,0.20507776737213135,-0.25685360895352005,-0.07355612516403198,0.26856768131256104,-0.28981602059559464,-0.14812925457954407,-0.08791947364807129,-0.14600457118706345,-0.08594664931297302,0.06405550241470337,-0.2247730033274138,-0.01780569553375244,0.19309395551681519,-0.26237031685070633,0.02757716178894043,0.28497958183288574,-0.2877268777962172,-0.061129868030548096,-0.12531626224517822,-0.16319340335087418,-0.0012131333351135254,0.02727532386779785,-0.2498630421038115,0.05073279142379761,0.16003328561782837,-0.26929968463139176,0.08373099565505981,0.2544758915901184,-0.2743930803413832,0.02819758653640747,-0.1254797875881195,-0.1837559031124556,0.08374905586242676,0.011455118656158447,-0.25426566468433975,0.11602753400802612,0.11735129356384277,-0.26094174252705216,0.1290244460105896,0.1996365189552307,-0.2589044557686293
M,0.0,0.0,0.0,0.08555924892425537,-0.024304628372192383,-0.08146482092672613,0.15191900730133057,-0.04432332515716553,-0.15906153750950125,0.18608582019805908,-0.03517824411392212,-0.23225884271198538,0.20952248573303223,-0.0011581778526306152,-0.3075075907760265,0.058686912059783936,-0.2571432590484619,-0.15037076306873587,0.11619454622268677,-0.09048694372177124,-0.25970734787517813,0.1427234411239624,0.04841649532318115,-0.33865647149616507,0.16797345876693726,0.14786690473556519,-0.3797105414920452,-0.050473421812057495,-0.22543704509735107,-0.15218950939708975,0.013202786445617676,-0.07132446765899658,-0.23880306017929342,0.06802135705947876,0.06174594163894653,-0.26664637160831717,0.10992836952209473,0.15623879432678223,-0.27860154343181875,-0.13668477535247803,-0.15648609399795532,-0.15974071753555563,-0.0831194818019867,-0.03826797008514404,-0.23752415311867026,-0.02101340889930725,0.07382816076278687,-0.23017373812729147,0.025062859058380127,0.15170049667358398,-0.2116597009950283,-0.19722741842269897,-0.07135969400405884,-0.17509909105831412,-0.16504788398742676,0.013521432876586914,-0.2226115776353481,-0.1058279275894165,0.07986605167388916,-0.20814366770321158,-0.0654778778553009,0.12497293949127197,-0.18731396031910208
M,0.0,0.0,0.0,0.09260392189025879,-0.030911743640899658,-0.08148048454972923,0.16212910413742065,-0.05879491567611694,-0.15505195045921027,0.1978435516357422,-0.04409432411193848,-0.22180100167247474,0.22503161430358887,-0.005793750286102295,-0.2905894407078904,0.06407272815704346,-0.2169780433177948,-0.16389173651191413,0.1269317865371704,-0.07043474912643433,-0.25535919154140174,0.15045702457427979,0.06092631816864014,-0.32068686569186866,0.16961884498596191,0.14909875392913818,-0.35643385732623756,-0.037591904401779175,-0.1929149031639099,-0.1576148905799073,0.03850531578063965,-0.04310023784637451,-0.23040178800079048,0.08029043674468994,0.08266687393188477,-0.2541901954457444,0.11627769470214844,0.1749340295791626,-0.26627473915073097,-0.11986899375915527,-0.13855880498886108,-0.1533947625205201,-0.05392470955848694,-0.00474172830581665,-0.21566710257980048,-0.0009675025939941406,0.0988001823425293,-0.21327856564971626,0.04044884443283081,0.17287075519561768,-0.2028475143954438,-0.18583667278289795,-0.06522548198699951,-0.15664571905585944,-0.14514905214309692,0.04167580604553223,-0.19175985837432563,-0.09266439080238342,0.10779738426208496,-0.18019926929923713,-0.05190739035606384,0.1541767120361328,-0.16516803586932838
M,0.0,0.0,0.0,0.08604705333709717,-0.014564752578735352,-0.08252095372677104,0.15881562232971191,-0.0263177752494812,-0.16215027065277354,0.20334172248840332,-0.019618511199951172,-0.23718454630375163,0.23371875286102295,0.006936430931091309,-0.3140892157077815,0.07082587480545044,-0.243705153465271,-0.16336799354553477,0.13832497596740723,-0.08556252717971802,-0.27327955455780284,0.1661791205406189,0.05721789598464966,-0.34957859606743114,0.18928271532058716,0.1571052074432373,-0.3885653087615992,-0.03706467151641846,-0.21301040053367615,-0.16594891936779277,0.03765195608139038,-0.05754590034484863,-0.2550698289394404,0.09489458799362183,0.08235907554626465,-0.28205359668731944,0.13863873481750488,0.17877638339996338,-0.29427466483116405,-0.12344717979431152,-0.14642348885536194,-0.1733314314603831,-0.05899891257286072,-0.028815150260925293,-0.25561035366058604,0.006236732006072998,0.09315609931945801,-0.24812778027057902,0.05439412593841553,0.17731791734695435,-0.22917694540024058,-0.1851065754890442,-0.0631551742553711,-0.18816692323684947,-0.15651142597198486,0.01392662525177002,-0.2394421765327479,-0.09755498170852661,0.08319902420043945,-0.22539184184074657,-0.05243420600891113,0.134171724319458,-0.20483054907322185
M,0.0,0.0,0.0,0.08477473258972168,-0.01790022850036621,-0.06857578934966568,0.14966607093811035,-0.024803996086120605,-0.14425588132678513,0.18912488222122192,-0.009451091289520264,-0.21899573983489518,0.20746338367462158,0.0285913348197937,-0.29743201019107346,0.07332277297973633,-0.22215181589126587,-0.15382867039977555,0.1346435546875,-0.07035386562347412,-0.25689206005870346,0.16186952590942383,0.06893765926361084,-0.3296584832841063,0.1821727752685547,0.16431307792663574,-0.3673958230191374,-0.02949988842010498,-0.19336897134780884,-0.1629189151698256,0.042732834815979004,-0.03394126892089844,-0.24374878885089402,0.09074491262435913,0.10044151544570923,-0.269566659944644,0.12664055824279785,0.19662904739379883,-0.28348908306895737,-0.11517858505249023,-0.1313917636871338,-0.17507295789062027,-0.0546414852142334,-0.006812691688537598,-0.24911450328170304,0.004315197467803955,0.1148378849029541,-0.24173097791015152,0.04998135566711426,0.20243555307388306,-0.22566919507323746,-0.1771722137928009,-0.05291855335235596,-0.19395950915156845,-0.15500393509864807,0.03162705898284912,-0.23925363005935196,-0.09616959095001221,0.10282254219055176,-0.223932271020999,-0.04543304443359375,0.15987718105316162,-0.20439112664996628
M,0.0,0.0,0.0,0.08475548028945923,-0.013635873794555664,-0.07752651448652159,0.15224450826644897,-0.016738295555114746,-0.16013984109565627,0.1943833827972412,0.004500329494476318,-0.2401101114909352,0.2147897481918335,0.04726552963256836,-0.3230229588906468,0.0784863829612732,-0.22852548956871033,-0.1682390394370259,0.13527238368988037,-0.07736337184906006,-0.279829916612357,0.1623707413673401,0.06415796279907227,-0.35609522189304244,0.1830739974975586,0.16128230094909668,-0.39581668104335677,-0.02696216106414795,-0.19943583011627197,-0.17687472428485762,0.04124850034713745,-0.04608970880508423,-0.26861417020961653,0.09073364734649658,0.09149420261383057,-0.2973131510178746,0.12694120407104492,0.18754875659942627,-0.3118320080201329,-0.11397504806518555,-0.13582885265350342,-0.1896897080104054,-0.05777367949485779,-0.022892892360687256,-0.27324768628284346,0.0016754865646362305,0.10148012638092041,-0.2670747908513249,0.047847867012023926,0.18718373775482178,-0.250171211616248,-0.1758939027786255,-0.05556255578994751,-0.2096182080666722,-0.15091711282730103,0.02293574810028076,-0.261059758321494,-0.0934327244758606,0.09595680236816406,-0.2476467164914311,-0.04617983102798462,0.14924490451812744,-0.22901339556381117
M,0.0,0.0,0.0,0.08700495958328247,-0.014751791954040527,-0.07690474448395435,0.15303999185562134,-0.023792147636413574,-0.15727052895022098,0.18992459774017334,-0.012921571731567383,-0.23478322533560458,0.21337872743606567,0.0248640775680542,-0.3158153524775571,0.07426726818084717,-0.22359180450439453,-0.16411574987364475,0.1348327398300171,-0.05991852283477783,-0.26826160458517734,0.16191893815994263,0.07822370529174805,-0.34159680513334933,0.182986319065094,0.1700769066810608,-0.37994771508169833,-0.02970254421234131,-0.19428205490112305,-0.16955921856356326,0.042455434799194336,-0.03059542179107666,-0.25211488512945834,0.09481281042098999,0.10572373867034912,-0.27748563198042575,0.13501083850860596,0.20401883125305176,-0.2903903057951993,-0.11373981833457947,-0.13100314140319824,-0.1781323781390256,-0.05039948225021362,0.0002473592758178711,-0.25233449844313327,0.012654006481170654,0.11873853206634521,-0.24427325335932437,0.06191748380661011,0.20515501499176025,-0.2274507513423032,-0.17556285858154297,-0.051793575286865234,-0.1942696800608701,-0.14109289646148682,0.03689908981323242,-0.23909483162356082,-0.07887721061706543,0.10602390766143799,-0.22389196661902133,-0.028967559337615967,0.1618112325668335,-0.20433942285967532
M,0.0,0.0,0.0,0.08782088756561279,-0.021519899368286133,-0.07791295076856386,0.1537783145904541,-0.04214298725128174,-0.15412189240703356,0.18944275379180908,-0.0412900447845459,-0.22645941550979387,0.21275579929351807,-0.00961446762084961,-0.3018275665784813,0.06359219551086426,-0.2375238537788391,-0.1593601572061516,0.12653088569641113,-0.07591760158538818,-0.2598251866842247,0.15357404947280884,0.05995440483093262,-0.3313419687295891,0.17254972457885742,0.15096664428710938,-0.3686452972436882,-0.04098421335220337,-0.2062874734401703,-0.16132041986236345,0.031211495399475098,-0.03952133655548096,-0.23786230559596788,0.08211809396743774,0.0915762186050415,-0.26167942757854235,0.12095886468887329,0.18509232997894287,-0.27499087329158556,-0.12454608082771301,-0.1414232850074768,-0.1666286605144478,-0.06023713946342468,-0.003748178482055664,-0.23503108496913683,-7.241964340209961e-05,0.10822641849517822,-0.22729820187339556,0.04705941677093506,0.18913984298706055,-0.21253518934497606,-0.18697106838226318,-0.06122016906738281,-0.17976728255996477,-0.15319043397903442,0.031598448753356934,-0.22072407777557146,-0.09147518873214722,0.09829384088516235,-0.20577220793018114,-0.04163748025894165,0.15084493160247803,-0.18737176234969866
M,0.0,0.0,0.0,0.12317463755607605,-0.015156209468841553,-0.10904819118019304,0.190891832113266,-0.005867123603820801,-0.21655984567638598,0.22221270203590393,0.05780291557312012,-0.3151925985717412,0.22692397236824036,0.13784325122833252,-0.4129208211803075,0.16215619444847107,-0.21241167187690735,-0.22379154311653338,0.2219633162021637,-0.024720728397369385,-0.36620022701259813,0.24045220017433167,0.11926484107971191,-0.45759113477703295,0.2552904784679413,0.20777249336242676,-0.5088383142852422,0.04731139540672302,-0.18670538067817688,-0.231094363799059,0.11530813574790955,-0.0029785633087158203,-0.3734898750686284,0.15759196877479553,0.1431698203086853,-0.42046113656994066,0.18758931756019592,0.235368013381958,-0.4414382164382573,-0.047187358140945435,-0.1301390528678894,-0.24569790410038195,0.016804426908493042,0.029821336269378662,-0.36882426189418993,0.06571391224861145,0.15446698665618896,-0.37454502629276476,0.10653302073478699,0.2276989221572876,-0.3594809060001012,-0.11446496844291687,-0.06371986865997314,-0.26940332697864733,-0.06506434082984924,0.06137263774871826,-0.3367951695823308,-0.009189456701278687,0.140844464302063,-0.3308224563502904,0.04228171706199646,0.18641996383666992,-0.31788941072460375
M,0.0,0.0,0.0,0.09368610382080078,-0.008952438831329346,-0.08627982894472552,0.17095333337783813,-0.019606411457061768,-0.16555163721136523,0.2057000994682312,-0.006868839263916016,-0.23858324150137378,0.21809977293014526,0.028997957706451416,-0.31359352628282977,0.08688604831695557,-0.2191627025604248,-0.1746696726470418,0.13635796308517456,-0.05515885353088379,-0.27193995276979877,0.1657545566558838,0.07941323518753052,-0.3349729077010579,0.19085359573364258,0.17286348342895508,-0.3664269344001241,-0.018099963665008545,-0.19787856936454773,-0.17246629754595233,0.045544326305389404,-0.01941061019897461,-0.25296362201265765,0.10073786973953247,0.11844545602798462,-0.27419709126047564,0.14256751537322998,0.21501874923706055,-0.2827900544791646,-0.1049356758594513,-0.1416339874267578,-0.17293586293749286,-0.04544413089752197,0.01559150218963623,-0.24693164686254931,0.0202254056930542,0.13453209400177002,-0.23626816729597522,0.0695299506187439,0.22024273872375488,-0.21678896705202533,-0.17192798852920532,-0.06716912984848022,-0.18165104548029376,-0.12884929776191711,0.03860318660736084,-0.2296749846129842,-0.06722530722618103,0.11974495649337769,-0.21342176655821277,-0.02226048707962036,0.18115276098251343,-0.19132726351313067
M,0.0,0.0,0.0,0.1165350079536438,0.011899054050445557,-0.07773822452617196,0.18872177600860596,0.005686640739440918,-0.15402635838580636,0.2265987992286682,0.038318753242492676,-0.2166538825233033,0.2400357723236084,0.0972592830657959,-0.28186744358134774,0.09566867351531982,-0.2015397548675537,-0.2573047270972779,0.150201678276062,-0.038840651512145996,-0.3534204354484132,0.17971616983413696,0.08480638265609741,-0.39812514092517404,0.18764227628707886,0.18298333883285522,-0.42454942967486886,-0.024033010005950928,-0.19501113891601562,-0.25943067576480416,0.055159568786621094,-0.014563381671905518,-0.3646591296393922,0.10803133249282837,0.1212301254272461,-0.396862923165088,0.13310843706130981,0.22044014930725098,-0.4207976451118043,-0.11852461099624634,-0.1397801637649536,-0.2581461956698945,-0.03895312547683716,0.022717773914337158,-0.3618865897853425,0.02512681484222412,0.13768607378005981,-0.38381868507457284,0.07243615388870239,0.2195044755935669,-0.3923508813579133,-0.18898248672485352,-0.06345152854919434,-0.25840929057193307,-0.1405094563961029,0.02334725856781006,-0.3406055858333161,-0.08898836374282837,0.09493327140808105,-0.3618754139144471,-0.04212301969528198,0.153018057346344,-0.3755105426509431
M,0.0,0.0,0.0,0.09962379932403564,0.02321624755859375,-0.07323390668625507,0.14125847816467285,0.04712575674057007,-0.1591480789184061,0.15224087238311768,0.11159980297088623,-0.23110276138777408,0.16577821969985962,0.19296479225158691,-0.30387007868284854,0.01820051670074463,-0.15187114477157593,-0.2841035691499201,0.09603136777877808,0.014952242374420166,-0.38775098001951847,0.12986522912979126,0.14405488967895508,-0.4371346203088251,0.14489006996154785,0.24261373281478882,-0.46754768168921146,-0.07852202653884888,-0.15260279178619385,-0.2950370577573267,0.002369105815887451,0.03081744909286499,-0.41404285705084476,0.05550426244735718,0.17554396390914917,-0.44564094817633304,0.08898228406906128,0.27500808238983154,-0.46787002360815677,-0.14567014575004578,-0.11379939317703247,-0.3003836241960016,-0.07971274852752686,0.06670629978179932,-0.40339728868002567,-0.02864861488342285,0.20559972524642944,-0.4196688500642267,0.010664820671081543,0.293626070022583,-0.4264341262578455,-0.18999740481376648,-0.05519068241119385,-0.30801435983175907,-0.17437463998794556,0.0723031759262085,-0.38359555280203494,-0.12696361541748047,0.1677188277244568,-0.40401693856711063,-0.07604718208312988,0.2334291934967041,-0.4202754167317835
M,0.0,0.0,0.0,0.12198257446289062,0.022161900997161865,-0.08372767649399293,0.20173639059066772,0.02214425802230835,-0.16763550422894014,0.24441426992416382,0.044544994831085205,-0.23552734039532197,0.2686645984649658,0.09521406888961792,-0.307046938760152,0.10401701927185059,-0.19659307599067688,-0.2835786827634479,0.15900951623916626,-0.03307366371154785,-0.38747175417648805,0.18043160438537598,0.09029388427734375,-0.4364371486734058,0.17904877662658691,0.1926901936531067,-0.4666409977506305,-0.015810072422027588,-0.20121228694915771,-0.2855620571206714,0.06418114900588989,-0.011577248573303223,-0.3989893683026935,0.10999757051467896,0.12500447034835815,-0.4338340946267749,0.12793713808059692,0.23066025972366333,-0.46079655371414674,-0.10850191116333008,-0.15529263019561768,-0.2834517844747211,-0.026017069816589355,0.0220944881439209,-0.3962095268796588,0.02888619899749756,0.1412319540977478,-0.4204773791860248,0.06639891862869263,0.231228768825531,-0.4309298881124164,-0.17888054251670837,-0.08619111776351929,-0.28246032081352723,-0.1273355484008789,0.012255072593688965,-0.371981043441167,-0.08481073379516602,0.0850071907043457,-0.39510481439339173,-0.0479469895362854,0.14471668004989624,-0.41127621017204774
M,0.0,0.0,0.0,0.12075012922286987,0.02783215045928955,-0.06711382668731858,0.19480299949645996,0.02618950605392456,-0.14202224713085343,0.2356143593788147,0.052033424377441406,-0.20527159672496964,0.25521016120910645,0.11034548282623291,-0.27105605107067277,0.10050314664840698,-0.20421019196510315,-0.25403087836025406,0.1599622368812561,-0.037958502769470215,-0.3537479589533632,0.1778983473777771,0.09158176183700562,-0.40132638316867997,0.17404049634933472,0.19373387098312378,-0.42997544508693863,-0.01694256067276001,-0.20723864436149597,-0.2630697439265077,0.06513351202011108,-0.01783287525177002,-0.374454850966913,0.10563987493515015,0.12320148944854736,-0.40792592864750077,0.12415969371795654,0.22630298137664795,-0.43228944640873124,-0.10980787873268127,-0.15838801860809326,-0.26806073885677506,-0.028532445430755615,0.020311832427978516,-0.37636017304180314,0.025201261043548584,0.14309316873550415,-0.3987964342188661,0.06519973278045654,0.23202592134475708,-0.4076774070811098,-0.1814591884613037,-0.08536553382873535,-0.27352997165439774,-0.13797003030776978,0.0030429959297180176,-0.3609382758688753,-0.09236711263656616,0.08218109607696533,-0.38602840405224015,-0.05043315887451172,0.1473965048789978,-0.40263133745907
M,0.0,0.0,0.0,0.11402994394302368,0.01696908473968506,-0.07669714950584705,0.18874168395996094,0.022521257400512695,-0.15708141886257465,0.23325157165527344,0.054303526878356934,-0.22416516505741413,0.259074330329895,0.08939886093139648,-0.2958115723040038,0.12002360820770264,-0.1977842152118683,-0.26888058446907337,0.17814427614212036,-0.03528875112533569,-0.3667253937628203,0.2023632526397705,0.08195608854293823,-0.41169662140869434,0.20693403482437134,0.17449265718460083,-0.43966696523689563,0.010611653327941895,-0.2009904980659485,-0.27330807708763416,0.09144020080566406,-0.017125368118286133,-0.3819684471990996,0.1415984034538269,0.11284971237182617,-0.41487143301033313,0.16532981395721436,0.20268994569778442,-0.44084305428528126,-0.08330690860748291,-0.15371060371398926,-0.2738234486486846,-0.00438302755355835,0.016483008861541748,-0.3822613444235259,0.05335533618927002,0.12853068113327026,-0.40666187666916187,0.09325236082077026,0.20537805557250977,-0.4176835205461913,-0.16210603713989258,-0.08285176753997803,-0.2754592385199004,-0.11607953906059265,0.01561272144317627,-0.36157051586174305,-0.0699235200881958,0.0846337080001831,-0.38528803848289783,-0.028882503509521484,0.13465088605880737,-0.4026410069372588
M,0.0,0.0,0.0,0.10183042287826538,-0.02176731824874878,-0.07575755288101504,0.1747158169746399,-0.008234798908233643,-0.16628764291502307,0.22760009765625,0.04218548536300659,-0.2574252011368401,0.24367576837539673,0.10838240385055542,-0.348042261798156,0.11739462614059448,-0.2916237413883209,-0.16750202794767688,0.1841646432876587,-0.11439210176467896,-0.29143981357313464,0.20408707857131958,0.03443026542663574,-0.3718703808376915,0.22072219848632812,0.12930351495742798,-0.4134744228909142,0.0015834569931030273,-0.25854936242103577,-0.187045124370826,0.0863422155380249,-0.0727999210357666,-0.3028198005745537,0.1326501965522766,0.07464438676834106,-0.3423521341869957,0.1669166088104248,0.1756516695022583,-0.3585637929031975,-0.09671324491500854,-0.18954020738601685,-0.21216821392275165,-0.01843273639678955,-0.03456825017929077,-0.3123006643841393,0.04644155502319336,0.09652620553970337,-0.3167362930367119,0.09827905893325806,0.18370097875595093,-0.30146462937094043,-0.16697275638580322,-0.10552090406417847,-0.244161424238456,-0.11164700984954834,-0.000644385814666748,-0.2926642121861107,-0.04848217964172363,0.07051914930343628,-0.2808652939388878,0.006212770938873291,0.11791247129440308,-0.2633150937149651
M,0.0,0.0,0.0,0.11182838678359985,-0.015956342220306396,-0.08940434370856565,0.18483960628509521,0.0007454156875610352,-0.18693803910832685,0.23595929145812988,0.0555385947227478,-0.281421086832097,0.25598639249801636,0.12317025661468506,-0.37494566206555646,0.13072431087493896,-0.27188533544540405,-0.19273707930665296,0.19692671298980713,-0.08771705627441406,-0.3230930483780412,0.2130882740020752,0.059003472328186035,-0.4071381605110673,0.22869616746902466,0.15168941020965576,-0.45204427008252424,0.013735473155975342,-0.23924842476844788,-0.20741600458245557,0.09549504518508911,-0.05277085304260254,-0.33169334296803754,0.13965898752212524,0.09426999092102051,-0.37345563535313886,0.1767127513885498,0.1940544843673706,-0.39164339665990155,-0.08506423234939575,-0.17306292057037354,-0.2279254264078645,-0.0119437575340271,-0.015775620937347412,-0.33604761128049176,0.04951959848403931,0.11711561679840088,-0.3408993399582414,0.10454678535461426,0.2048858404159546,-0.32572182182889264,-0.1541009545326233,-0.09264129400253296,-0.2561229086361436,-0.10332679748535156,0.011777758598327637,-0.3093243456326036,-0.045035481452941895,0.0837869644165039,-0.29821022514920514,0.010118842124938965,0.13213682174682617,-0.28164329294781965
M,0.0,0.0,0.0,0.0880652666091919,-0.01011669635772705,-0.07768906249827978,0.15994662046432495,-0.007570743560791016,-0.15964164926833746,0.20404261350631714,0.01648867130279541,-0.23818780078715918,0.23429685831069946,0.06352704763412476,-0.320150699160763,0.08333337306976318,-0.21599847078323364,-0.1762213368637049,0.1371282935142517,-0.035958707332611084,-0.2783506174308741,0.15906381607055664,0.1041860580444336,-0.3449220020992243,0.18079960346221924,0.19870448112487793,-0.378193135998913,-0.02191871404647827,-0.1843457818031311,-0.18259813978500006,0.05387222766876221,-0.005690574645996094,-0.2669590373260462,0.10253983736038208,0.13320672512054443,-0.29046806289977667,0.1401088833808899,0.23235177993774414,-0.30217718674964544,-0.1089181900024414,-0.12170299887657166,-0.19133774533099768,-0.041588544845581055,0.023634493350982666,-0.26687901809043524,0.018835902214050293,0.14051806926727295,-0.26148804619140265,0.06472033262252808,0.22581470012664795,-0.24618303372687933,-0.17507275938987732,-0.04325520992279053,-0.20718346133060095,-0.14848312735557556,0.04395186901092529,-0.25113483860320684,-0.09241843223571777,0.1064300537109375,-0.23718972101039526,-0.047045111656188965,0.15902429819107056,-0.21898945762939093
M,0.0,0.0,0.0,0.11918002367019653,0.018529057502746582,-0.08348267262232412,0.19352900981903076,0.021581828594207764,-0.16813277189982045,0.2372550368309021,0.04324883222579956,-0.23758645837557424,0.2678675651550293,0.07118755578994751,-0.31172359471571554,0.12379807233810425,-0.19944876432418823,-0.2812925625349294,0.17574173212051392,-0.04470467567443848,-0.3833731461073171,0.19587934017181396,0.07513844966888428,-0.4311243641878377,0.19573020935058594,0.17032510042190552,-0.4613111663366567,0.009651780128479004,-0.20845818519592285,-0.2830281305814992,0.08423972129821777,-0.028701841831207275,-0.39673847441923726,0.13037645816802979,0.10286539793014526,-0.4327598262335073,0.15276426076889038,0.19654160737991333,-0.4609582174326192,-0.08550441265106201,-0.16525235772132874,-0.28105003123533834,-0.011334002017974854,0.0024268031120300293,-0.39506921653998006,0.044457852840423584,0.11767721176147461,-0.4250799465681325,0.08541250228881836,0.1979941725730896,-0.4396368611360799,-0.16353559494018555,-0.09656232595443726,-0.2801375437284719,-0.12192261219024658,-0.0008101463317871094,-0.37300622945082296,-0.0787363052368164,0.07122790813446045,-0.4033563483263265,-0.038699984550476074,0.1256798505783081,-0.42547610883963216
M,0.0,0.0,0.0,0.10419589281082153,-0.017578601837158203,-0.07304687776516516,0.17666399478912354,0.002794325351715088,-0.15894618608902533,0.23540252447128296,0.06150180101394653,-0.2436974344487055,0.2750559449195862,0.13019633293151855,-0.3306003210778101,0.13098561763763428,-0.21312370896339417,-0.18179459848354895,0.18873298168182373,-0.03878927230834961,-0.3011639712090357,0.20552420616149902,0.10182982683181763,-0.37932693936775763,0.2196844220161438,0.1938503384590149,-0.42164921739052375,0.015880823135375977,-0.1861124336719513,-0.19988794603298743,0.0848236083984375,-0.006225526332855225,-0.31298384048889716,0.12712442874908447,0.1432201862335205,-0.3500536380047663,0.16101336479187012,0.24409151077270508,-0.3666809199089869,-0.08128637075424194,-0.12544235587120056,-0.22117337562988837,-0.02144598960876465,0.02000713348388672,-0.321589171671377,0.036397457122802734,0.15483605861663818,-0.32165908791969855,0.08665525913238525,0.24542516469955444,-0.30469280459831793,-0.15105140209197998,-0.047451674938201904,-0.24846698322247107,-0.11416101455688477,0.05679166316986084,-0.3011068103546961,-0.05429929494857788,0.13088417053222656,-0.287457525515066,-7.867813110351562e-05,0.18297994136810303,-0.2689696250195368
M,0.0,0.0,0.0,0.0914568305015564,-0.00753629207611084,-0.08405041601622543,0.16331583261489868,0.0037432312965393066,-0.1710054716106697,0.21390318870544434,0.03671449422836304,-0.2533619394537254,0.25338155031204224,0.08659124374389648,-0.3384055187937065,0.09934747219085693,-0.22357699275016785,-0.1809803536173149,0.15236550569534302,-0.049674928188323975,-0.28851666953528365,0.17087656259536743,0.0884048342704773,-0.35738879349196395,0.1872483491897583,0.18572282791137695,-0.3917914619680687,-0.00831615924835205,-0.19444942474365234,-0.18689161446059188,0.05933177471160889,-0.022127389907836914,-0.2797095170255943,0.09919130802154541,0.11951988935470581,-0.30571526195967635,0.12767601013183594,0.22150415182113647,-0.3167020073171898,-0.09879279136657715,-0.13272905349731445,-0.19623559620345077,-0.0413859486579895,0.004117846488952637,-0.2813584795233055,0.009295821189880371,0.13093489408493042,-0.27593815233672103,0.047460198402404785,0.2217310070991516,-0.2577992072340294,-0.16611546277999878,-0.053471505641937256,-0.212697579526548,-0.1338796615600586,0.037419259548187256,-0.2638689866300865,-0.07987964153289795,0.11488181352615356,-0.2495375862356468,-0.0389409065246582,0.1744334101676941,-0.22920474317038497
M,0.0,0.0,0.0,0.09675443172454834,-0.009794473648071289,-0.08305123371894751,0.1739378571510315,-0.029943406581878662,-0.15688456518466865,0.2123165726661682,-0.03225201368331909,-0.2257858507138053,0.23544734716415405,-0.0092010498046875,-0.29732356889064704,0.0947946310043335,-0.2224322259426117,-0.16561819536502753,0.14475923776626587,-0.05477499961853027,-0.26469947321231757,0.15902161598205566,0.08050602674484253,-0.33068628532703315,0.170873761177063,0.17492711544036865,-0.36332212312038337,-0.012708902359008789,-0.2055235207080841,-0.16431629581268226,0.04954797029495239,-0.02689337730407715,-0.24504138452823554,0.09113866090774536,0.11095339059829712,-0.2684727154475013,0.12337720394134521,0.2107047438621521,-0.27878723962123786,-0.10262316465377808,-0.15256404876708984,-0.16645744366462623,-0.04544103145599365,-0.004329323768615723,-0.24363221151645575,0.009630143642425537,0.11787015199661255,-0.23768632037456427,0.050442636013031006,0.2089141607284546,-0.22025746030624305,-0.17473304271697998,-0.07904726266860962,-0.17634455783183967,-0.14700555801391602,0.018801510334014893,-0.22869943005855475,-0.09131163358688354,0.09329241514205933,-0.21829728705699836,-0.04848426580429077,0.15458077192306519,-0.19965009314830695
M,0.0,0.0,0.0,0.09983021020889282,-0.012459516525268555,-0.07668904525945663,0.17365771532058716,-0.0016607046127319336,-0.16145707232664108,0.22817862033843994,0.04405641555786133,-0.2434781299323845,0.26646703481674194,0.11207115650177002,-0.3274230466575432,0.12113296985626221,-0.22522634267807007,-0.1813675568790245,0.1691470742225647,-0.04554194211959839,-0.29979674083898544,0.18486720323562622,0.0996929407119751,-0.37521563036153793,0.1997799277305603,0.19619214534759521,-0.41388816697309494,0.004645586013793945,-0.19817006587982178,-0.1942227439374733,0.06458300352096558,-0.019321978092193604,-0.30498177869031906,0.10312366485595703,0.13397127389907837,-0.33750892741392136,0.13232451677322388,0.2386322021484375,-0.3499837921352196,-0.09266167879104614,-0.13736191391944885,-0.21057755810926437,-0.040094077587127686,-0.002294301986694336,-0.30976695878217697,0.012285947799682617,0.13452810049057007,-0.3069415496082115,0.05599576234817505,0.2276514172554016,-0.28684077722738266,-0.16403600573539734,-0.06030476093292236,-0.2330411182136345,-0.13350588083267212,0.030576586723327637,-0.28765604955862045,-0.07937818765640259,0.10839903354644775,-0.2741972611636925,-0.03304421901702881,0.16445982456207275,-0.25432945353696823
M,0.0,0.0,0.0,0.09334862232208252,0.001113295555114746,-0.08463808301166864,0.16617447137832642,0.006686210632324219,-0.16694960895256372,0.2023577094078064,0.03168952465057373,-0.24432128074840875,0.22567826509475708,0.07007461786270142,-0.324253523380321,0.10971391201019287,-0.21788665652275085,-0.17615442875103327,0.14766043424606323,-0.035562336444854736,-0.28309803608135553,0.15417659282684326,0.10439884662628174,-0.3531020522423205,0.16549116373062134,0.20467597246170044,-0.3876595139809069,-0.0003660917282104492,-0.20191526412963867,-0.17871474626736017,0.05294311046600342,-0.014044225215911865,-0.27062573435978265,0.08470714092254639,0.13136136531829834,-0.2978576958485064,0.10909664630889893,0.23833119869232178,-0.30887320044712396,-0.09569096565246582,-0.14932507276535034,-0.18492774072365137,-0.04905766248703003,-0.0045462846755981445,-0.2727640807934222,-0.001370072364807129,0.1276203989982605,-0.27012651565746637,0.03464806079864502,0.22591948509216309,-0.25210740569309564,-0.16945180296897888,-0.07600420713424683,-0.1980962693996844,-0.14466261863708496,0.015226602554321289,-0.2581269681759295,-0.08907389640808105,0.09578514099121094,-0.25042330625728937,-0.047873735427856445,0.16022205352783203,-0.23213050666527124
M,0.0,0.0,0.0,0.0935627818107605,-0.0053490400314331055,-0.08163826934048757,0.16463690996170044,0.003296077251434326,-0.16790496579358205,0.20863008499145508,0.04110109806060791,-0.24992706648060903,0.2403174638748169,0.09779340028762817,-0.33503540626713857,0.1068793535232544,-0.22114095091819763,-0.1863272713775359,0.15286260843276978,-0.03402268886566162,-0.2971983181590758,0.16462558507919312,0.11101990938186646,-0.3678176926727019,0.17850428819656372,0.20989125967025757,-0.4035521077270232,-0.006300151348114014,-0.2016717791557312,-0.1938721316213332,0.054660916328430176,-0.009462237358093262,-0.2927668022269927,0.08809143304824829,0.14239990711212158,-0.31893693677136525,0.11069148778915405,0.2504897117614746,-0.32872100940892324,-0.10157185792922974,-0.14374491572380066,-0.20431459716508016,-0.047611892223358154,-0.0018157362937927246,-0.29614859095761403,0.0019199252128601074,0.137462317943573,-0.28937511912533864,0.03829735517501831,0.23864072561264038,-0.2682025360221587,-0.17176544666290283,-0.0649535059928894,-0.22142728439519033,-0.14025723934173584,0.029038727283477783,-0.28047730795094594,-0.08477240800857544,0.11403340101242065,-0.26895692220875844,-0.044133663177490234,0.18043142557144165,-0.2490052806491576
M,0.0,0.0,0.0,0.11321014165878296,0.024796724319458008,-0.09084629612851813,0.18735820055007935,0.02887481451034546,-0.17442489760804847,0.228315532207489,0.05379438400268555,-0.24031523960519507,0.2531083822250366,0.0916978120803833,-0.30897213118959144,0.1278737187385559,-0.19344446063041687,-0.282961588081605,0.167616605758667,-0.027542591094970703,-0.38391379612374976,0.17924553155899048,0.09969973564147949,-0.43097237842965797,0.17431801557540894,0.19691205024719238,-0.45880738991189673,0.018496155738830566,-0.2079501450061798,-0.2772629370062418,0.07259440422058105,-0.018640339374542236,-0.3895277489988871,0.10713809728622437,0.12256747484207153,-0.42120582955766395,0.12366342544555664,0.21926897764205933,-0.44411988156724647,-0.07668781280517578,-0.16773295402526855,-0.26831103461671546,-0.020495712757110596,0.003004312515258789,-0.37702191966462806,0.02239048480987549,0.12408465147018433,-0.39768428700853065,0.053362488746643066,0.20528018474578857,-0.403746317800767,-0.15410378575325012,-0.10079240798950195,-0.2620228638022013,-0.12117469310760498,-0.0012229084968566895,-0.34817267554689124,-0.08078807592391968,0.07715749740600586,-0.3700677265493937,-0.04349297285079956,0.1320376992225647,-0.38371593850541785
M,0.0,0.0,0.0,0.1099126935005188,0.027445614337921143,-0.08699411809607227,0.18629753589630127,0.0283471941947937,-0.17443337947293003,0.22488069534301758,0.04299628734588623,-0.24640257567330082,0.24057543277740479,0.07681077718734741,-0.322120546402175,0.12791705131530762,-0.18808859586715698,-0.28368022948666294,0.15240585803985596,-0.031077027320861816,-0.38913446575566013,0.15710729360580444,0.09200626611709595,-0.44191887885494907,0.14485657215118408,0.19030022621154785,-0.4742534449712821,0.013100981712341309,-0.20629507303237915,-0.28441572100086887,0.05514317750930786,-0.02984476089477539,-0.39943239003582676,0.0841931700706482,0.1074223518371582,-0.4364775410310813,0.0913991928100586,0.2062610387802124,-0.4640829852239676,-0.0837554931640625,-0.17270338535308838,-0.28159391790791233,-0.03839224576950073,-0.016771912574768066,-0.3912915578500815,-0.002410709857940674,0.10771393775939941,-0.4167407742158957,0.022808074951171875,0.19484394788742065,-0.4273718884603568,-0.15859878063201904,-0.11438196897506714,-0.28099709659977634,-0.1368364691734314,-0.024791359901428223,-0.36382397920056064,-0.10000604391098022,0.054086387157440186,-0.38465344816609104,-0.06303554773330688,0.1117296814918518,-0.3991013756410666
M,0.0,0.0,0.0,0.1087498664855957,0.03340268135070801,-0.10837641837449574,0.1873338222503662,0.0531238317489624,-0.20663398238273167,0.2326124906539917,0.08481508493423462,-0.2835541787967255,0.24775344133377075,0.1267361044883728,-0.3652197543010285,0.1399797797203064,-0.17269903421401978,-0.3183817985877564,0.16008532047271729,-0.0066446661949157715,-0.43594316872211003,0.16998130083084106,0.12396913766860962,-0.49619351061435246,0.16304969787597656,0.22484475374221802,-0.532720786653476,0.03810054063796997,-0.1982964277267456,-0.3089208427295258,0.06562215089797974,-0.003961443901062012,-0.44305224450679326,0.09401839971542358,0.1385939121246338,-0.48993287714572453,0.09797430038452148,0.244023859500885,-0.5216374817714264,-0.057801008224487305,-0.1614733338356018,-0.2951043370589783,-0.01576298475265503,0.019349336624145508,-0.41928343208880925,0.018534302711486816,0.1478232741355896,-0.44665138157458806,0.03591775894165039,0.24029284715652466,-0.4552875581607392,-0.1365726888179779,-0.09654229879379272,-0.28440837296100163,-0.09056466817855835,0.026830673217773438,-0.368682039104419,-0.054492950439453125,0.10498839616775513,-0.3830059591159394,-0.027954816818237305,0.15920889377593994,-0.39267332585902714
M,0.0,0.0,0.0,0.11815780401229858,0.03909456729888916,-0.10760461581551795,0.16917723417282104,0.07625740766525269,-0.2004418302854276,0.1544671654701233,0.11979389190673828,-0.26859522653424506,0.1031695008277893,0.16161835193634033,-0.3381826956351972,0.144275963306427,-0.19215324521064758,-0.3265957315047956,0.16133910417556763,-0.026188910007476807,-0.44222358656728034,0.1689022183418274,0.10519945621490479,-0.49399805856549506,0.16052353382110596,0.20015692710876465,-0.523288704880116,0.04031139612197876,-0.21196213364601135,-0.31271369052731757,0.0555340051651001,-0.016948997974395752,-0.44460175228917365,0.07589000463485718,0.12663167715072632,-0.4798075635513044,0.07866054773330688,0.21956467628479004,-0.500568785198567,-0.0589367151260376,-0.16519135236740112,-0.29422367406689887,-0.020805060863494873,0.015301048755645752,-0.41645190907323126,0.00852733850479126,0.141887366771698,-0.4381260354598737,0.024575769901275635,0.22837769985198975,-0.44175151778065924,-0.1357319951057434,-0.08670777082443237,-0.27857420636021857,-0.09009665250778198,0.020887792110443115,-0.36618445111119513,-0.05767083168029785,0.09993380308151245,-0.38395754290425543,-0.03520917892456055,0.15504658222198486,-0.3941874880870557
M,0.0,0.0,0.0,0.11790204048156738,0.0355566143989563,-0.12430470512043179,0.16227179765701294,0.0784333348274231,-0.22264286950956524,0.1419156789779663,0.12925869226455688,-0.2923668779505366,0.09152787923812866,0.17639529705047607,-0.3636659242285365,0.13683724403381348,-0.17388507723808289,-0.34817962423692883,0.14229929447174072,-0.0017470121383666992,-0.4682484127653712,0.14205563068389893,0.12944036722183228,-0.5247014321459407,0.1284504532814026,0.2281673550605774,-0.557655826963293,0.03242969512939453,-0.1926468312740326,-0.32845260278116406,0.03978461027145386,0.0051386356353759766,-0.4650996185911769,0.06191134452819824,0.15254932641983032,-0.5072817362917537,0.06749111413955688,0.25429487228393555,-0.5336510099543208,-0.06672871112823486,-0.1472834348678589,-0.3044518984926814,-0.04165303707122803,0.03929930925369263,-0.4307317294252986,-0.014855563640594482,0.1774616241455078,-0.4614280022753352,0.0020818114280700684,0.27519190311431885,-0.4721118368281001,-0.14140278100967407,-0.07345330715179443,-0.28426070586572827,-0.10492467880249023,0.03990459442138672,-0.374601558603155,-0.07879447937011719,0.11837786436080933,-0.39764686004053296,-0.06055021286010742,0.1735871434211731,-0.41254313365350903
M,0.0,0.0,0.0,0.11590045690536499,0.04570704698562622,-0.10960118026327592,0.1493956446647644,0.09129881858825684,-0.20049802512716752,0.11687028408050537,0.14155364036560059,-0.2652526900250862,0.0556643009185791,0.18394631147384644,-0.33167852015089494,0.13436084985733032,-0.17079082131385803,-0.3275642797429512,0.14120197296142578,-0.0010522007942199707,-0.4374947354276131,0.14308065176010132,0.12680482864379883,-0.4853062734086464,0.13381654024124146,0.2237575650215149,-0.5134730741460274,0.03431981801986694,-0.19829165935516357,-0.31333888620924455,0.04099738597869873,-0.0005077719688415527,-0.44124705643248063,0.05867362022399902,0.1420392394065857,-0.47867460102629167,0.0658751130104065,0.23963946104049683,-0.5024969980199288,-0.06243950128555298,-0.15988940000534058,-0.29402710051130754,-0.03983181715011597,0.02255403995513916,-0.41623664946150285,-0.019137799739837646,0.15286147594451904,-0.44709519595694047,-0.0028612613677978516,0.2455505132675171,-0.45798857063841325,-0.13789772987365723,-0.08984643220901489,-0.2768344685513924,-0.11061054468154907,0.018921077251434326,-0.36619625539373857,-0.08541375398635864,0.09800970554351807,-0.3903784856278847,-0.06333678960800171,0.15482228994369507,-0.40627873987745744
M,0.0,0.0,0.0,0.10920679569244385,0.046026408672332764,-0.12428117585909604,0.14527606964111328,0.09953439235687256,-0.22496839655173062,0.12013363838195801,0.14633047580718994,-0.2964638252331042,0.06447571516036987,0.17926675081253052,-0.3689580936504626,0.1450897455215454,-0.16135069727897644,-0.36099074078333615,0.1459507942199707,0.007325232028961182,-0.4879914600921893,0.14764833450317383,0.13703691959381104,-0.5443736095501208,0.13652831315994263,0.23335933685302734,-0.5762421865535998,0.04656374454498291,-0.18349525332450867,-0.34300518823397397,0.044647395610809326,0.014808416366577148,-0.49102393580210446,0.06372660398483276,0.15986788272857666,-0.5336464424206042,0.06902790069580078,0.25538742542266846,-0.5568746705127978,-0.05539137125015259,-0.14180594682693481,-0.3202787120414996,-0.033271074295043945,0.04437988996505737,-0.45655141068232297,-0.008725762367248535,0.18084567785263062,-0.4878701050354266,0.005766570568084717,0.2778587341308594,-0.4955372293068194,-0.1372038722038269,-0.06823676824569702,-0.3006202955318713,-0.10493957996368408,0.05219680070877075,-0.39667890263331174,-0.0774303674697876,0.13382911682128906,-0.4213084359241748,-0.05821186304092407,0.19122314453125,-0.4355632443500781
M,0.0,0.0,0.0,0.12224066257476807,0.05213814973831177,-0.13559277871314634,0.1732316017150879,0.1138155460357666,-0.2451238832778131,0.14927858114242554,0.17744773626327515,-0.3215026459998285,0.10156160593032837,0.23616254329681396,-0.4001102350062524,0.17825382947921753,-0.1364765763282776,-0.3948370716876184,0.16557669639587402,0.03188526630401611,-0.5322736702269708,0.1506575345993042,0.16197633743286133,-0.5957533917731439,0.12760615348815918,0.25700050592422485,-0.6329508028334772,0.06931328773498535,-0.14697697758674622,-0.37160145261947264,0.04781681299209595,0.04688650369644165,-0.5190770826644098,0.054154396057128906,0.2025085687637329,-0.5586529574698602,0.06280273199081421,0.3040924072265625,-0.5851879916495477,-0.03979802131652832,-0.1061333417892456,-0.34391354540053953,-0.03303790092468262,0.0900270938873291,-0.47646396377746214,-0.011465072631835938,0.2395893931388855,-0.5041386685675775,0.011660218238830566,0.34660327434539795,-0.5158818564719354,-0.12832781672477722,-0.04280412197113037,-0.3202222488230859,-0.09651380777359009,0.09062713384628296,-0.41541718462173094,-0.07294172048568726,0.18517524003982544,-0.44215374210540404,-0.051119089126586914,0.256442666053772,-0.4617485902613794
M,0.0,0.0,0.0,0.12235838174819946,0.03040844202041626,-0.1286547770628914,0.1749306321144104,0.08266180753707886,-0.22921198512410967,0.1656544804573059,0.14504200220108032,-0.2985202660689339,0.11756861209869385,0.20094704627990723,-0.3689666679034218,0.14626818895339966,-0.15525349974632263,-0.35963395143842547,0.14052075147628784,0.02200019359588623,-0.4790113558897957,0.13422584533691406,0.15142297744750977,-0.5319376280436501,0.11804425716400146,0.24754351377487183,-0.5628218343386635,0.03959536552429199,-0.17603936791419983,-0.33724674488401263,0.030337393283843994,0.01845073699951172,-0.4711930444369301,0.048426270484924316,0.16328442096710205,-0.5099222948679909,0.05692160129547119,0.2621689438819885,-0.5349528482089028,-0.06083202362060547,-0.13847166299819946,-0.31056946421956866,-0.048272907733917236,0.04026329517364502,-0.43530034924840777,-0.026810109615325928,0.17203211784362793,-0.46503829861974566,-0.009468555450439453,0.26628756523132324,-0.4761866023669228,-0.138410747051239,-0.07280409336090088,-0.28754833246564715,-0.11490124464035034,0.03906780481338501,-0.37929165269231646,-0.08868575096130371,0.11924457550048828,-0.4048265805373177,-0.06393629312515259,0.1795395016670227,-0.4220897843966469
M,0.0,0.0,0.0,0.12101894617080688,0.03302454948425293,-0.12846429914146995,0.16221344470977783,0.09092086553573608,-0.22712666064411735,0.1402459740638733,0.15282577276229858,-0.2942361858478222,0.08738201856613159,0.20267057418823242,-0.36292240291744804,0.14167433977127075,-0.15000459551811218,-0.3644970086208019,0.14152425527572632,0.03492939472198486,-0.48395964771420097,0.13682293891906738,0.1666046380996704,-0.5362164404979382,0.11988216638565063,0.26711219549179077,-0.566263559161726,0.03505498170852661,-0.16440963745117188,-0.3408001390090618,0.02935206890106201,0.03936105966567993,-0.4753192093959484,0.05079013109207153,0.18829131126403809,-0.513734045325819,0.0605090856552124,0.28972768783569336,-0.537597480117384,-0.0663251280784607,-0.12072828412055969,-0.3118946579089794,-0.04958474636077881,0.07003498077392578,-0.4348271813979778,-0.021476447582244873,0.21298420429229736,-0.46504196792751884,0.0015916228294372559,0.3154253363609314,-0.476350548564497,-0.14254668354988098,-0.049326419830322266,-0.2862889793506298,-0.11583584547042847,0.0747184157371521,-0.371863665877882,-0.08789902925491333,0.16086351871490479,-0.39454394847065544,-0.0627208948135376,0.22388136386871338,-0.4104240563502941
M,0.0,0.0,0.0,0.11502104997634888,0.03667968511581421,-0.12567769000452245,0.15064042806625366,0.09442400932312012,-0.22625949988287175,0.11969918012619019,0.15472978353500366,-0.29662676165025914,0.05865287780761719,0.21135246753692627,-0.3677543551675626,0.12901169061660767,-0.14669153094291687,-0.36390714356821263,0.11798316240310669,0.023745179176330566,-0.48717074105661595,0.10989028215408325,0.1510205864906311,-0.5429949910394498,0.093303382396698,0.24343019723892212,-0.57606007168215,0.020138442516326904,-0.16943925619125366,-0.3452224881402799,0.016951799392700195,0.03029721975326538,-0.48771671960275853,0.033760905265808105,0.17501789331436157,-0.5350403339616605,0.04040604829788208,0.27616560459136963,-0.5657903702012845,-0.08101606369018555,-0.1320067048072815,-0.32157506058138097,-0.07115590572357178,0.04468148946762085,-0.45170499393861974,-0.05022132396697998,0.18170827627182007,-0.49190752217691625,-0.030059754848480225,0.27873456478118896,-0.5103569180719205,-0.15493687987327576,-0.06865459680557251,-0.3011081070653745,-0.14122894406318665,0.03729963302612305,-0.3946131915799924,-0.11380380392074585,0.11755084991455078,-0.4269359261743375,-0.08574581146240234,0.17723387479782104,-0.45019267508905614
M,0.0,0.0,0.0,0.12034952640533447,0.026867210865020752,-0.12073994059158544,0.1762370467185974,0.07136929035186768,-0.2199812792618392,0.17061012983322144,0.12668287754058838,-0.2909906171639083,0.12427699565887451,0.181177020072937,-0.36382987726522664,0.14095091819763184,-0.15978047251701355,-0.3510457538445113,0.13556045293807983,0.02050948143005371,-0.47003197301222066,0.131325364112854,0.1520424485206604,-0.5232215188820479,0.11736035346984863,0.2498531937599182,-0.5534701608498214,0.033213794231414795,-0.17687088251113892,-0.3331710063297866,0.031540870666503906,0.028136372566223145,-0.46696546305013875,0.05190032720565796,0.1767619252204895,-0.5071643256027816,0.060977280139923096,0.2757149934768677,-0.5325975083191512,-0.06625646352767944,-0.13527077436447144,-0.31040951240850667,-0.04836106300354004,0.053609251976013184,-0.4338980578262923,-0.024219274520874023,0.196380615234375,-0.4666257761795638,-0.003839552402496338,0.29751092195510864,-0.4799946211655257,-0.14111831784248352,-0.06621557474136353,-0.2904848717529891,-0.11148476600646973,0.05101221799850464,-0.38084894049955587,-0.08774065971374512,0.1323133111000061,-0.4066061936695693,-0.06537479162216187,0.19234538078308105,-0.4238144420464156
M,0.0,0.0,0.0,0.11819469928741455,0.027158677577972412,-0.1329348036613247,0.17110902070999146,0.08075511455535889,-0.23785553365609857,0.16452038288116455,0.13899385929107666,-0.3108929792012951,0.11857545375823975,0.19387787580490112,-0.38612649827859613,0.13733595609664917,-0.14611783623695374,-0.37684954195878717,0.14063256978988647,0.030418217182159424,-0.5024250844087383,0.1390170454978943,0.16036927700042725,-0.55932135373018,0.12368923425674438,0.259413480758667,-0.5927658775415203,0.031055092811584473,-0.1577702760696411,-0.35381780057809564,0.03294581174850464,0.04744464159011841,-0.4919419386949322,0.05626082420349121,0.19614118337631226,-0.5356732705201885,0.06553757190704346,0.29784584045410156,-0.5649939873780987,-0.0672832727432251,-0.11330419778823853,-0.32584888726136896,-0.045394957065582275,0.07694536447525024,-0.4538435736264965,-0.01702338457107544,0.2197393774986267,-0.4923887351121685,0.0065839290618896484,0.3201153874397278,-0.5106879571046612,-0.14060848951339722,-0.04478174448013306,-0.3010431328382275,-0.1093178391456604,0.07526856660842896,-0.3944106498327038,-0.08252793550491333,0.1585180163383484,-0.42540691285989496,-0.05793410539627075,0.21901237964630127,-0.4480159679021618
M,0.0,0.0,0.0,0.1200188398361206,0.03628075122833252,-0.12371974938274377,0.1698373556137085,0.08676284551620483,-0.22399012499214166,0.15175390243530273,0.14355266094207764,-0.29574113839031213,0.09724658727645874,0.20203441381454468,-0.36833515518070215,0.13660013675689697,-0.1572694480419159,-0.3571750497138595,0.13071715831756592,0.021997153759002686,-0.47862636797786706,0.12612926959991455,0.1533237099647522,-0.5337314283168411,0.11145573854446411,0.24924933910369873,-0.5664854323184585,0.02789771556854248,-0.1780240833759308,-0.33969339483142846,0.027484774589538574,0.02340233325958252,-0.4817797517097091,0.04670679569244385,0.17172777652740479,-0.5291078364169692,0.054215073585510254,0.2736208438873291,-0.5597394382274246,-0.07307922840118408,-0.1396191120147705,-0.3172285532271957,-0.057715773582458496,0.038985610008239746,-0.447867718867073,-0.035109758377075195,0.17630380392074585,-0.48713883512378686,-0.016103029251098633,0.2700144052505493,-0.5041152512347793,-0.1491793692111969,-0.0754399299621582,-0.29787879937053674,-0.12830659747123718,0.033242106437683105,-0.3916623865878677,-0.10069191455841064,0.11904740333557129,-0.4230217611110305,-0.07370346784591675,0.18070060014724731,-0.4449547206676101
M,0.0,0.0,0.0,0.12197273969650269,0.02766573429107666,-0.13223795939927818,0.177967369556427,0.07927685976028442,-0.23611204673295738,0.17204034328460693,0.13876694440841675,-0.3089073782110763,0.12630349397659302,0.1969841718673706,-0.383191216483171,0.13932108879089355,-0.1501654088497162,-0.3702956323767257,0.137789785861969,0.026335597038269043,-0.4944656376982284,0.13269323110580444,0.15673476457595825,-0.551141131415422,0.11689436435699463,0.25533348321914673,-0.5844544057989669,0.030316412448883057,-0.16487851738929749,-0.3473248069429946,0.03151881694793701,0.03364139795303345,-0.48564054419046165,0.054216861724853516,0.17939144372940063,-0.5277927403593612,0.06424248218536377,0.2791665196418762,-0.555290985598619,-0.06905114650726318,-0.12184280157089233,-0.319815356030519,-0.04992818832397461,0.06569427251815796,-0.44818453837877037,-0.02162879705429077,0.2092532515525818,-0.4833423977041793,0.001675426959991455,0.3115912079811096,-0.4983922426844192,-0.14307409524917603,-0.053231000900268555,-0.2957346921110702,-0.11615002155303955,0.06870019435882568,-0.3892230277205062,-0.08807027339935303,0.15403616428375244,-0.4174462740564895,-0.060735464096069336,0.21643537282943726,-0.4370509271765304
M,0.0,0.0,0.0,0.12072300910949707,0.029176771640777588,-0.11667665267899352,0.1800018548965454,0.0663713812828064,-0.21310003275587874,0.17968571186065674,0.11571550369262695,-0.2834324556083949,0.1346520185470581,0.16593670845031738,-0.3556993323059352,0.1387263536453247,-0.1649514138698578,-0.33295712048724013,0.1385040283203125,0.016632437705993652,-0.4484466331692012,0.13709402084350586,0.14591550827026367,-0.501231493303326,0.12477314472198486,0.24128925800323486,-0.5313048976154597,0.032966554164886475,-0.18307670950889587,-0.3162957745285304,0.03188776969909668,0.01995694637298584,-0.44680577690317946,0.0568881630897522,0.16421008110046387,-0.48594632918551284,0.07007014751434326,0.25940996408462524,-0.5103366392345698,-0.06421387195587158,-0.1431458592414856,-0.2954767065735133,-0.04861992597579956,0.04131048917770386,-0.41659176523402053,-0.022543013095855713,0.17703384160995483,-0.4459088760109218,-0.001830756664276123,0.2723221778869629,-0.45617228920176345,-0.13818565011024475,-0.07643061876296997,-0.2778050916881831,-0.11321422457695007,0.03629213571548462,-0.3655196445675166,-0.08878856897354126,0.11819016933441162,-0.38792818958475905,-0.06468403339385986,0.17829126119613647,-0.4022717791290553
M,0.0,0.0,0.0,0.11804360151290894,0.03557991981506348,-0.12210605986305723,0.16197431087493896,0.08258503675460815,-0.22176235116907606,0.1444615125656128,0.1400354504585266,-0.2936724940676356,0.09255117177963257,0.2019517421722412,-0.36646293796488294,0.13320380449295044,-0.16331642866134644,-0.35325827397295484,0.1318628191947937,0.007413983345031738,-0.4763229111570979,0.12707901000976562,0.13576841354370117,-0.5344965974230433,0.11269944906234741,0.2289150357246399,-0.5688705960650111,0.024118483066558838,-0.1865842640399933,-0.3369093755621577,0.026365995407104492,0.00571674108505249,-0.4811175385851527,0.04538673162460327,0.148514986038208,-0.5298992315668727,0.05347943305969238,0.2478669285774231,-0.561106435431924,-0.07670783996582031,-0.14654988050460815,-0.31591563619562635,-0.05872136354446411,0.024364173412322998,-0.4468487123388911,-0.03397190570831299,0.155556321144104,-0.48427840269991407,-0.013535797595977783,0.246027410030365,-0.4996957997221614,-0.15017694234848022,-0.07894974946975708,-0.29831328190752515,-0.13155579566955566,0.025437116622924805,-0.39077522553392896,-0.1029585599899292,0.10918056964874268,-0.42025499738642225,-0.07643395662307739,0.17052853107452393,-0.4409610549349452
M,0.0,0.0,0.0,0.11960667371749878,0.03273874521255493,-0.13035415068652867,0.17127597332000732,0.09208011627197266,-0.23081929937389134,0.16203802824020386,0.15147483348846436,-0.30033399120357274,0.11902105808258057,0.2077980637550354,-0.3711803700068259,0.13863056898117065,-0.1411212682723999,-0.36146117702510594,0.13906049728393555,0.0388033390045166,-0.4826908852198386,0.13322627544403076,0.16606074571609497,-0.5377844716646933,0.11478370428085327,0.26359570026397705,-0.5707024480440879,0.031326889991760254,-0.16078802943229675,-0.3394977594950461,0.0320589542388916,0.03735828399658203,-0.4768857802489066,0.05178028345108032,0.18067336082458496,-0.5205030585863852,0.05751228332519531,0.2808418869972229,-0.5489209438898826,-0.067402184009552,-0.12220883369445801,-0.31337921277072667,-0.049520790576934814,0.06068950891494751,-0.4407745148279929,-0.025413334369659424,0.19742059707641602,-0.4772146488764548,-0.007511734962463379,0.2962694764137268,-0.49317477599170445,-0.14189308881759644,-0.057015180587768555,-0.2909196461775565,-0.11871546506881714,0.055455684661865234,-0.3844308997729087,-0.09249347448348999,0.134765625,-0.41446046486881016,-0.07007676362991333,0.1953069567680359,-0.43548713580157994
M,0.0,0.0,0.0,0.12026268243789673,0.029171645641326904,-0.1216299935679288,0.17878663539886475,0.07424986362457275,-0.22010401929424717,0.17903679609298706,0.12629729509353638,-0.2904491081337781,0.13664281368255615,0.1777288317680359,-0.36268412614868595,0.13990896940231323,-0.1553671956062317,-0.34821852589653446,0.14182168245315552,0.022107183933258057,-0.46544384504364444,0.14211547374725342,0.14966577291488647,-0.5177410497765393,0.1295108199119568,0.2456088662147522,-0.548431481371388,0.033127784729003906,-0.1713087260723114,-0.3299951210121961,0.03332298994064331,0.027960360050201416,-0.4633080020050855,0.06008172035217285,0.1716477870941162,-0.5029821052651258,0.07283991575241089,0.2696457505226135,-0.5282287850479932,-0.06531542539596558,-0.13076668977737427,-0.3072324051956983,-0.047666847705841064,0.052422523498535156,-0.43229805971191837,-0.017349958419799805,0.18691617250442505,-0.46363433743523075,0.00521087646484375,0.2836785912513733,-0.47559266830490543,-0.1403859257698059,-0.0652763843536377,-0.28750234390304996,-0.1152295470237732,0.04703330993652344,-0.37802981878326847,-0.0868343710899353,0.1265055537223816,-0.40232008243607,-0.06130796670913696,0.18540674448013306,-0.41874026800201847
M,0.0,0.0,0.0,0.11794525384902954,0.03051239252090454,-0.1199245347878275,0.1761265993118286,0.0641789436340332,-0.22175988995044804,0.17713236808776855,0.10746961832046509,-0.29737398468463994,0.13337457180023193,0.15854501724243164,-0.37604317509143925,0.14722949266433716,-0.1732982099056244,-0.34990752183406926,0.15046346187591553,-0.005882441997528076,-0.47398138486354924,0.1489020586013794,0.12562686204910278,-0.5358741327425776,0.1335822343826294,0.22609007358551025,-0.5741354867121515,0.04249715805053711,-0.1920788586139679,-0.3356992646357355,0.04121118783950806,0.0024576783180236816,-0.4744623049399195,0.06800812482833862,0.1520717740058899,-0.5213282152315912,0.08143258094787598,0.25579482316970825,-0.5534982725283442,-0.057335734367370605,-0.15126055479049683,-0.3168254538676081,-0.039861977100372314,0.03189432621002197,-0.4449548765322504,-0.009226322174072266,0.1683529019355774,-0.4790360077521143,0.015328943729400635,0.2632107734680176,-0.49437725984066105,-0.13522326946258545,-0.08577114343643188,-0.3013057156702814,-0.10383087396621704,0.02364027500152588,-0.39457178555935,-0.07344168424606323,0.10940462350845337,-0.4211628779074488,-0.045815885066986084,0.17327582836151123,-0.4405403181216059
M,0.0,0.0,0.0,0.11852037906646729,0.03490042686462402,-0.12689032022807334,0.16748249530792236,0.08542531728744507,-0.2256915456518862,0.15541231632232666,0.14017361402511597,-0.2940175271496508,0.11321312189102173,0.19093561172485352,-0.3631311393246386,0.13988447189331055,-0.15080896019935608,-0.35392117862555716,0.14246881008148193,0.0245855450630188,-0.4730656481251452,0.1407862901687622,0.15271228551864624,-0.5261408126816485,0.12514054775238037,0.24853283166885376,-0.5563375986084673,0.03398674726486206,-0.17093414068222046,-0.3316182530388567,0.03257787227630615,0.025856316089630127,-0.46622100834700797,0.0579906702041626,0.16970086097717285,-0.5045844352707598,0.06823408603668213,0.2682490944862366,-0.527753058718178,-0.06503283977508545,-0.13053148984909058,-0.30496061210486625,-0.04650920629501343,0.05181419849395752,-0.42934275035712455,-0.015290260314941406,0.18493080139160156,-0.4565236306652758,0.006125092506408691,0.28085941076278687,-0.4642482436165545,-0.1401800513267517,-0.06149470806121826,-0.28192419175955985,-0.11172935366630554,0.05647921562194824,-0.3696029818520281,-0.0807543396949768,0.1367051601409912,-0.3900350368485186,-0.05607569217681885,0.19464987516403198,-0.4027725196346972
M,0.0,0.0,0.0,0.10398668050765991,0.03786173462867737,-0.11126911252819127,0.14848029613494873,0.1274559199810028,-0.20304842650972432,0.1297602653503418,0.1995575726032257,-0.26709866881452626,0.07191145420074463,0.25930705666542053,-0.333124313355313,0.0949447751045227,-0.15090805292129517,-0.3470420277126891,0.10823023319244385,0.013506323099136353,-0.4537179207810027,0.1193956732749939,0.14258471131324768,-0.49675828576170034,0.12157309055328369,0.24690434336662292,-0.5213995313652617,-0.017268598079681396,-0.17805305123329163,-0.33017054557882375,0.015969932079315186,0.012835770845413208,-0.4458538329609496,0.052156269550323486,0.15871211886405945,-0.47539061665617055,0.07775264978408813,0.26867976784706116,-0.49880269527517385,-0.11206471920013428,-0.13957315683364868,-0.30725163579069203,-0.06836330890655518,0.03410634398460388,-0.41052329897962636,-0.02735835313796997,0.1757279336452484,-0.43843090891920156,0.007310330867767334,0.28256645798683167,-0.45274389147840566,-0.17684698104858398,-0.06655058264732361,-0.286774489880429,-0.12738102674484253,0.05654481053352356,-0.358031038046704,-0.07757699489593506,0.1446106731891632,-0.3823672866829497,-0.03593921661376953,0.21273180842399597,-0.40295258522115773
M,0.0,0.0,0.0,0.11219239234924316,0.037474989891052246,-0.1216390926912716,0.14953601360321045,0.09297490119934082,-0.21804202092441827,0.1241157054901123,0.15203523635864258,-0.28570168209823876,0.07141488790512085,0.20819348096847534,-0.35408147168907433,0.12842833995819092,-0.15576249361038208,-0.349959959514468,0.12721192836761475,0.012741029262542725,-0.4678607781008175,0.1270747184753418,0.1396363377571106,-0.5206576187685421,0.11688244342803955,0.2344529628753662,-0.5523231823519161,0.026967525482177734,-0.1745365858078003,-0.3324455220774105,0.03140676021575928,0.014917612075805664,-0.47023375821861535,0.052703261375427246,0.15834587812423706,-0.5135348637178829,0.06212913990020752,0.25525206327438354,-0.5410813887194088,-0.0687982439994812,-0.13299348950386047,-0.31052218867096215,-0.04982173442840576,0.0391506552696228,-0.4392104048803738,-0.027715623378753662,0.17130261659622192,-0.47670783592018395,-0.010360777378082275,0.263369619846344,-0.49219693733009606,-0.14227139949798584,-0.06439870595932007,-0.29163082433494836,-0.12184441089630127,0.042657434940338135,-0.3857423861101559,-0.09421312808990479,0.12331414222717285,-0.41669457150253564,-0.06838446855545044,0.18088781833648682,-0.4378358621672085
M,0.0,0.0,0.0,0.11433547735214233,0.03431445360183716,-0.114258385051766,0.1668708324432373,0.0856122374534607,-0.20465154086498316,0.16246896982192993,0.1383737325668335,-0.26834388708023127,0.12411314249038696,0.1888764500617981,-0.33299349879173334,0.13010889291763306,-0.1465800404548645,-0.32734580968765314,0.1331433653831482,0.03328007459640503,-0.43575348590759333,0.13128817081451416,0.1577633023262024,-0.4822235319509893,0.11828428506851196,0.250174880027771,-0.509022018660584,0.025530099868774414,-0.16608604788780212,-0.3098295245066076,0.026385247707366943,0.027034461498260498,-0.4371113393202215,0.05193871259689331,0.16856086254119873,-0.47526230548767145,0.06555795669555664,0.26345276832580566,-0.49889548753646906,-0.07011383771896362,-0.12942156195640564,-0.28801419471649226,-0.0547979474067688,0.04017353057861328,-0.40805511807350214,-0.028133630752563477,0.1707592010498047,-0.44071041678337153,-0.007617950439453125,0.26282286643981934,-0.45221834515480097,-0.1433112919330597,-0.0665736198425293,-0.26883175109771784,-0.1249772310256958,0.04310864210128784,-0.3547213289633184,-0.09630537033081055,0.12420177459716797,-0.3798635814085394,-0.06964975595474243,0.1824418306350708,-0.39630167817024287
M,0.0,0.0,0.0,0.12023741006851196,0.027968406677246094,-0.12347413586135758,0.1725407838821411,0.06246060132980347,-0.22349323318954362,0.16413670778274536,0.10957425832748413,-0.29550273703094376,0.11610490083694458,0.16109156608581543,-0.3692987410878743,0.13439393043518066,-0.1733306646347046,-0.35419945405479325,0.13994234800338745,-0.012432515621185303,-0.47412599609847916,0.1417657732963562,0.11595737934112549,-0.5302691309308614,0.13145369291305542,0.21376991271972656,-0.5653908698415364,0.02802067995071411,-0.1858566403388977,-0.33633212731834305,0.03431046009063721,0.00042122602462768555,-0.4749196021413411,0.05975139141082764,0.14327287673950195,-0.5199637858724202,0.07146012783050537,0.2411988377571106,-0.5505937783574666,-0.06944048404693604,-0.1409035325050354,-0.31405241774078263,-0.04817759990692139,0.02591550350189209,-0.4439384786939229,-0.020592093467712402,0.1582462191581726,-0.48292918489929093,0.0013854503631591797,0.24921709299087524,-0.5008855311727132,-0.14182329177856445,-0.07290869951248169,-0.2950103132581319,-0.11761832237243652,0.02800905704498291,-0.3910185842370595,-0.08804178237915039,0.10921841859817505,-0.4238738565301503,-0.0597195029258728,0.16610562801361084,-0.44770283983703507
M,0.0,0.0,0.0,0.11849373579025269,0.028831779956817627,-0.11555792295564515,0.17116045951843262,0.06232857704162598,-0.21128624581922395,0.16856682300567627,0.11073362827301025,-0.2811383893453012,0.12535399198532104,0.16335535049438477,-0.3527712514363657,0.14056378602981567,-0.1798931062221527,-0.3387927105389963,0.15042215585708618,-0.016911327838897705,-0.4559777965508829,0.15530169010162354,0.11274975538253784,-0.5091827502213846,0.14468073844909668,0.21061724424362183,-0.5408958187066446,0.03762131929397583,-0.1960856020450592,-0.323555885788096,0.0403980016708374,-0.0035095810890197754,-0.45831030511487825,0.06673753261566162,0.1401798129081726,-0.5000343909226785,0.07716703414916992,0.23797225952148438,-0.5272235264741312,-0.0602535605430603,-0.15045666694641113,-0.3038118472062479,-0.03883981704711914,0.026949644088745117,-0.4313364615403543,-0.009674608707427979,0.15916764736175537,-0.4650569250546823,0.010172486305236816,0.25210487842559814,-0.47745641970266206,-0.13683843612670898,-0.07797044515609741,-0.2866071751080881,-0.10770922899246216,0.03747904300689697,-0.3768212785684,-0.07603812217712402,0.12650060653686523,-0.40267023348440034,-0.04642975330352783,0.19170552492141724,-0.420646904941691
M,0.0,0.0,0.0,0.12007737159729004,0.025162041187286377,-0.11177916304700375,0.19342666864395142,0.04454994201660156,-0.211905243261981,0.209275484085083,0.07216215133666992,-0.2881776116930723,0.184575617313385,0.11222982406616211,-0.36769592986934185,0.15197062492370605,-0.1776672601699829,-0.334351065024066,0.16009527444839478,-0.022745788097381592,-0.4577364348017454,0.16649389266967773,0.10011833906173706,-0.518678548201251,0.15609067678451538,0.193619966506958,-0.5541692994677305,0.04928100109100342,-0.19221296906471252,-0.3218695543848753,0.04696696996688843,-0.00584787130355835,-0.45466688500277996,0.07393097877502441,0.13833892345428467,-0.4958132229887724,0.08452224731445312,0.23490577936172485,-0.5230670593821287,-0.048648834228515625,-0.14783582091331482,-0.3051170431219816,-0.03098607063293457,0.029366135597229004,-0.4274887763106108,0.0011165142059326172,0.16485852003097534,-0.45581546650760174,0.022262990474700928,0.2600817084312439,-0.46614349113337994,-0.12575125694274902,-0.07792258262634277,-0.2912754140936613,-0.09227895736694336,0.03591638803482056,-0.3771126590811491,-0.06228148937225342,0.12190663814544678,-0.39673364387385845,-0.03788655996322632,0.18617069721221924,-0.4101448081576109
M,0.0,0.0,0.0,0.11826229095458984,0.03745800256729126,-0.1026546610244452,0.16717791557312012,0.07688117027282715,-0.19036840924107423,0.15573781728744507,0.12789756059646606,-0.25405372210823884,0.11035811901092529,0.17778229713439941,-0.3192069036611258,0.14286720752716064,-0.16286414861679077,-0.31213767358147493,0.14616680145263672,0.006294131278991699,-0.41728879042946687,0.1486843228340149,0.13311821222305298,-0.46296135612809053,0.14377140998840332,0.22426623106002808,-0.48913104363762727,0.039118051528930664,-0.18803247809410095,-0.29984731503807893,0.03957492113113403,0.00694119930267334,-0.41940111943566194,0.06280195713043213,0.14656281471252441,-0.45317272373520723,0.0773320198059082,0.23677265644073486,-0.4754442674764334,-0.056923866271972656,-0.1527296006679535,-0.2827151519902884,-0.039267539978027344,0.027286767959594727,-0.3969484967836081,-0.015058755874633789,0.155684232711792,-0.42367596455895296,0.006308138370513916,0.2442389726638794,-0.43308095165573945,-0.12989288568496704,-0.08863461017608643,-0.2675699991830527,-0.10594356060028076,0.021898508071899414,-0.35147429534279695,-0.07986575365066528,0.10120385885238647,-0.3728584749349295,-0.05387306213378906,0.15633994340896606,-0.3872060877927481
M,0.0,0.0,0.0,0.11953693628311157,0.021876931190490723,-0.11033895549368822,0.19351094961166382,0.040468037128448486,-0.20697399911475145,0.2094293236732483,0.07069945335388184,-0.2800147825200554,0.18746614456176758,0.11224478483200073,-0.35606351432394945,0.1518632173538208,-0.1716013252735138,-0.3254557543714043,0.15715616941452026,-0.006450951099395752,-0.4428807788808342,0.1628820300102234,0.12019801139831543,-0.5000108474214073,0.15352106094360352,0.2165966033935547,-0.5331712358911034,0.05024784803390503,-0.1816035509109497,-0.3117639714200493,0.044798195362091064,0.00825411081314087,-0.43716031250548326,0.07286417484283447,0.153733491897583,-0.47436374363493883,0.08479022979736328,0.25115180015563965,-0.4992693656404015,-0.04603445529937744,-0.1375805139541626,-0.2936472290475365,-0.033682942390441895,0.04450911283493042,-0.4077795141656395,0.0010936856269836426,0.17813187837600708,-0.42950913247656786,0.02481907606124878,0.2714774012565613,-0.4360562854726311,-0.12110382318496704,-0.06993550062179565,-0.27885577020239793,-0.09151524305343628,0.05066806077957153,-0.35688194570136034,-0.060271382331848145,0.13937759399414062,-0.3706818514783379,-0.034967899322509766,0.20456695556640625,-0.3800676160771843
M,0.0,0.0,0.0,0.11577916145324707,0.03148883581161499,-0.11438941015734372,0.1720428466796875,0.046051740646362305,-0.2138546983791798,0.17407363653182983,0.07362163066864014,-0.2897640149189442,0.14204168319702148,0.11843866109848022,-0.3677574674679249,0.1296069622039795,-0.18997618556022644,-0.3361122588707417,0.13288676738739014,-0.042590439319610596,-0.455624727447173,0.13342279195785522,0.08320438861846924,-0.5153658668590992,0.1254015564918518,0.1794111728668213,-0.55098232432141,0.02178061008453369,-0.21238157153129578,-0.32357787891163525,0.024293959140777588,-0.036570191383361816,-0.4585478286339253,0.04064124822616577,0.10627281665802002,-0.5040628592564076,0.04997187852859497,0.2075377106666565,-0.5351186077190846,-0.0744631290435791,-0.17241507768630981,-0.30678832336201367,-0.06000930070877075,-0.02523338794708252,-0.4306661765171498,-0.042839229106903076,0.10238313674926758,-0.4638263861729115,-0.024596035480499268,0.19203293323516846,-0.47729497953190503,-0.14437896013259888,-0.10575252771377563,-0.29363530679478345,-0.1333724856376648,-0.015975594520568848,-0.38123166366352734,-0.10891610383987427,0.06746441125869751,-0.4062283615662068,-0.07961386442184448,0.12924188375473022,-0.4241527895523518
M,0.0,0.0,0.0,0.12078648805618286,0.02729785442352295,-0.1267018266662916,0.16949677467346191,0.06696450710296631,-0.22722683331816995,0.15765440464019775,0.12216287851333618,-0.29901121041625345,0.11202746629714966,0.18539905548095703,-0.37244764945357645,0.13263726234436035,-0.16757875680923462,-0.3589368858084043,0.14460217952728271,-0.00848609209060669,-0.48137284300177896,0.1504233479499817,0.11898469924926758,-0.5377989806875547,0.142899751663208,0.21640491485595703,-0.5727408923849424,0.031011104583740234,-0.17666763067245483,-0.33950153968184793,0.03456521034240723,0.004658102989196777,-0.48046148798316324,0.06337273120880127,0.14534425735473633,-0.5271252789244016,0.07793772220611572,0.24242311716079712,-0.5588924088224729,-0.06375247240066528,-0.1298837661743164,-0.31593663475364053,-0.04338812828063965,0.02978348731994629,-0.44910121939032877,-0.015087783336639404,0.15472418069839478,-0.4905397095426878,0.006106317043304443,0.24014413356781006,-0.5093028344854673,-0.1361357867717743,-0.061176300048828125,-0.29546950242369974,-0.10871720314025879,0.042037904262542725,-0.39205105087607706,-0.07616680860519409,0.12513631582260132,-0.427051017497476,-0.04434800148010254,0.18425101041793823,-0.4526539840444883
M,0.0,0.0,0.0,0.11794918775558472,0.029657065868377686,-0.10977376020474239,0.16862177848815918,0.0647631287574768,-0.20127045131249233,0.15854251384735107,0.11292475461959839,-0.2678686133675079,0.11239796876907349,0.1669972538948059,-0.3354851058773498,0.12296175956726074,-0.1769872009754181,-0.32107562339825435,0.12604784965515137,-0.015059828758239746,-0.43209490693135066,0.1297893524169922,0.11001962423324585,-0.48361081398052974,0.12344521284103394,0.2003021240234375,-0.5137262693695526,0.017787396907806396,-0.1941981315612793,-0.30713680899662776,0.018505394458770752,-0.009331464767456055,-0.4369925907902221,0.04255622625350952,0.12992256879806519,-0.47768071806950374,0.05579859018325806,0.22253751754760742,-0.5034958473495941,-0.07622355222702026,-0.151730477809906,-0.2888692668728332,-0.060102641582489014,0.012243449687957764,-0.40991521394772334,-0.03653460741043091,0.13937240839004517,-0.44159997022671504,-0.01559370756149292,0.2261648178100586,-0.45304361498875423,-0.14406272768974304,-0.08332467079162598,-0.2732798508457641,-0.12461450695991516,0.017655909061431885,-0.3606875292114715,-0.09700101613998413,0.09591758251190186,-0.3845155588440399,-0.06795132160186768,0.15048271417617798,-0.4000934413723449
M,0.0,0.0,0.0,0.11829239130020142,0.02230590581893921,-0.11216014499221671,0.17583417892456055,0.044635117053985596,-0.2100058111027323,0.17530304193496704,0.08031010627746582,-0.2829211118296229,0.13258516788482666,0.12628304958343506,-0.35808161521707405,0.13061952590942383,-0.18326714634895325,-0.33718306446824897,0.135545551776886,-0.030648767948150635,-0.4536885085180842,0.1467822790145874,0.0908403992652893,-0.5073740246370875,0.14796924591064453,0.18016701936721802,-0.53860346103464,0.027794480323791504,-0.19688203930854797,-0.3236985566691004,0.03222543001174927,-0.012538135051727295,-0.4551511468962275,0.0618707537651062,0.12561923265457153,-0.49552313113962043,0.0817110538482666,0.21804356575012207,-0.5223029615954005,-0.0664510726928711,-0.15102601051330566,-0.30556861186776985,-0.04455876350402832,0.009178876876831055,-0.42765170956407417,-0.018022656440734863,0.13144034147262573,-0.4588013949469172,0.0070032477378845215,0.2144864797592163,-0.47045970583711494,-0.13681656122207642,-0.07876890897750854,-0.28997365260873664,-0.10732823610305786,0.025953710079193115,-0.3766363921240412,-0.07623398303985596,0.10530745983123779,-0.3999753656462275,-0.04394012689590454,0.1614181399345398,-0.4161409499720179
M,0.0,0.0,0.0,0.11397314071655273,0.017271101474761963,-0.11760298620040288,0.17491918802261353,0.04338645935058594,-0.21767694960410466,0.18226754665374756,0.08403998613357544,-0.2912038833933579,0.1430189609527588,0.1378961205482483,-0.36624356816584935,0.12006586790084839,-0.172940194606781,-0.3488300413923966,0.1221092939376831,-0.018536090850830078,-0.4690210492449509,0.12920916080474854,0.10016006231307983,-0.5248873801069962,0.1259036660194397,0.18761944770812988,-0.5573777527647721,0.014235734939575195,-0.1861039698123932,-0.33398768018061986,0.01786428689956665,-0.005616366863250732,-0.47449692796046605,0.04415631294250488,0.12889069318771362,-0.5184869141417252,0.05976521968841553,0.22265809774398804,-0.5460553140478837,-0.07906806468963623,-0.14107197523117065,-0.31420525620753637,-0.05841851234436035,0.010988056659698486,-0.44365042160327306,-0.02927553653717041,0.13015520572662354,-0.47560980628306737,-0.0031793713569641113,0.21296554803848267,-0.48620676706607213,-0.14732947945594788,-0.07159507274627686,-0.2972426683741318,-0.12027665972709656,0.027055084705352783,-0.38841536353404393,-0.08346772193908691,0.10137593746185303,-0.4115635127859818,-0.04659879207611084,0.1530798077583313,-0.4263274640875565
M,0.0,0.0,0.0,0.11193603277206421,0.027232706546783447,-0.11984157820772623,0.17223435640335083,0.05983567237854004,-0.22072319944929575,0.17684656381607056,0.10387742519378662,-0.294112461410279,0.133337140083313,0.15916258096694946,-0.3676659937722633,0.12659341096878052,-0.16563165187835693,-0.35360496004652475,0.12362086772918701,-0.012505590915679932,-0.47711061199736093,0.130665123462677,0.11024045944213867,-0.5343125041348884,0.12839466333389282,0.1995236873626709,-0.5666099961621711,0.01953577995300293,-0.1834011673927307,-0.33767454584669565,0.022297024726867676,-0.0008810162544250488,-0.48211740215849375,0.046288132667541504,0.13784998655319214,-0.5269072826726386,0.05809909105300903,0.2340679168701172,-0.554280119739289,-0.07577204704284668,-0.13804292678833008,-0.3172220762593696,-0.060297250747680664,0.013458192348480225,-0.4497083004338691,-0.03375297784805298,0.14313560724258423,-0.48469783624243234,-0.010912954807281494,0.23271888494491577,-0.4961105163915107,-0.14642208814620972,-0.06735765933990479,-0.2997054930551002,-0.12542015314102173,0.03506171703338623,-0.39025368054937815,-0.08781546354293823,0.11369961500167847,-0.41442115863394235,-0.05001115798950195,0.16480118036270142,-0.42984824141096567
M,0.0,0.0,0.0,0.11459797620773315,0.020878374576568604,-0.12159436005396174,0.18213969469070435,0.04404473304748535,-0.2251534293894224,0.19765961170196533,0.08032894134521484,-0.30196972000641153,0.1649419069290161,0.13652938604354858,-0.3794914613966398,0.12818247079849243,-0.1816592812538147,-0.3566156457666807,0.13096612691879272,-0.027519583702087402,-0.48216749537033365,0.14157122373580933,0.09579586982727051,-0.5415526162390165,0.14038318395614624,0.18904989957809448,-0.5757132898573332,0.01802605390548706,-0.19680321216583252,-0.3420461546186857,0.02984297275543213,-0.014287054538726807,-0.48845781195205973,0.055653274059295654,0.12240052223205566,-0.5365414153341703,0.06703317165374756,0.22112959623336792,-0.5668974052671842,-0.0760045051574707,-0.1463068127632141,-0.3229082058672361,-0.046813905239105225,0.009908318519592285,-0.4560530911688261,-0.019457221031188965,0.14139199256896973,-0.49172578561348246,0.0026603341102600098,0.23432356119155884,-0.504311216950839,-0.14373654127120972,-0.06742972135543823,-0.30684737670463846,-0.10459715127944946,0.04389768838882446,-0.3976470361952238,-0.06420713663101196,0.12992429733276367,-0.4218301903013639,-0.027628660202026367,0.18966001272201538,-0.437706870913928
M,0.0,0.0,0.0,0.11145776510238647,0.027731657028198242,-0.11865125100096918,0.18194890022277832,0.0566365122795105,-0.21798454473695017,0.19787925481796265,0.09498202800750732,-0.29099931071480967,0.16234707832336426,0.14828234910964966,-0.3641857678719447,0.12526220083236694,-0.16778528690338135,-0.3426506693192408,0.12993699312210083,-0.009462833404541016,-0.46311439822396494,0.138741135597229,0.11516809463500977,-0.5194975013562129,0.13314229249954224,0.20921862125396729,-0.5510855192967341,0.01648545265197754,-0.18765568733215332,-0.32730360577782847,0.030155539512634277,0.0013110637664794922,-0.4671316320725367,0.05523204803466797,0.1431027054786682,-0.5118682856388972,0.06342577934265137,0.24203842878341675,-0.5395505900212214,-0.0787198543548584,-0.14187836647033691,-0.30771769831856943,-0.049171507358551025,0.017408788204193115,-0.4362248952217982,-0.0196993350982666,0.15166610479354858,-0.4695028836556361,0.001838982105255127,0.24286818504333496,-0.4792962844201014,-0.150185227394104,-0.06558561325073242,-0.29117082308015085,-0.1059969961643219,0.05301165580749512,-0.3774093265362666,-0.06111550331115723,0.13872742652893066,-0.39776559422692515,-0.02246910333633423,0.19334840774536133,-0.40994452188691355
M,0.0,0.0,0.0,0.11182355880737305,0.02270716428756714,-0.12146661903238964,0.1812012791633606,0.05138736963272095,-0.22462769325352383,0.19812029600143433,0.09334641695022583,-0.30084048684216214,0.16182011365890503,0.1551874279975891,-0.37741561706639004,0.12577813863754272,-0.16843581199645996,-0.35889606650448513,0.1314743161201477,-0.013304173946380615,-0.48563023384190274,0.1422632336616516,0.10709601640701294,-0.5449758964357443,0.13853156566619873,0.19839197397232056,-0.5790434675989218,0.01730901002883911,-0.18249374628067017,-0.3453608947572775,0.033935606479644775,0.006757378578186035,-0.49576278503514004,0.05969548225402832,0.1446089744567871,-0.5463233786401815,0.06719332933425903,0.24415433406829834,-0.5779311853227682,-0.07605034112930298,-0.13283103704452515,-0.3271370726404257,-0.04862332344055176,0.023061513900756836,-0.46399905260182095,-0.019070684909820557,0.15729784965515137,-0.5045333104906149,0.004215836524963379,0.251232385635376,-0.5198742347536154,-0.1451529860496521,-0.05832338333129883,-0.31161411579228115,-0.10763537883758545,0.05437767505645752,-0.4031135040102072,-0.06543564796447754,0.140588641166687,-0.4298305707750387,-0.026799261569976807,0.19713371992111206,-0.4479203420457907
M,0.0,0.0,0.0,0.11182081699371338,0.023992061614990234,-0.11642406045413622,0.1815955638885498,0.04993623495101929,-0.21731191783166537,0.19658076763153076,0.08666521310806274,-0.29330925553060183,0.161882221698761,0.14522576332092285,-0.3701767763397754,0.12373602390289307,-0.17014551162719727,-0.34670795409894595,0.1270681619644165,-0.010405540466308594,-0.47005875318265566,0.13830196857452393,0.1129797101020813,-0.5271301409504474,0.13367974758148193,0.2113087773323059,-0.5593892475864948,0.012529969215393066,-0.1887890100479126,-0.3361131092808307,0.03157776594161987,0.0062749385833740234,-0.48029233424878726,0.057725608348846436,0.14685499668121338,-0.5286435624859394,0.06431740522384644,0.25364524126052856,-0.5593932410976947,-0.08198505640029907,-0.1420665979385376,-0.3208105108044208,-0.05333054065704346,0.018380045890808105,-0.4543517371914447,-0.021910548210144043,0.15743350982666016,-0.4922423204681934,0.0017006397247314453,0.2588467597961426,-0.5056262156269611,-0.15126252174377441,-0.06763803958892822,-0.30802057593083987,-0.11323198676109314,0.049452364444732666,-0.39716611712194094,-0.06792610883712769,0.13692384958267212,-0.41983945577359805,-0.027093231678009033,0.1960570216178894,-0.43446491568303713
M,0.0,0.0,0.0,0.11226367950439453,0.024705827236175537,-0.12946216798906107,0.17840498685836792,0.056446850299835205,-0.23877793587331553,0.19001144170761108,0.09793013334274292,-0.3185781095135667,0.15211015939712524,0.15837031602859497,-0.39891691542749186,0.12307357788085938,-0.17066526412963867,-0.3840854916680314,0.1314830183982849,-0.01677495241165161,-0.5169990513432481,0.14091438055038452,0.1049070954322815,-0.5782938454258897,0.13449406623840332,0.19790935516357422,-0.6132659766781785,0.016079962253570557,-0.18299967050552368,-0.3663729879963853,0.031428515911102295,0.002042412757873535,-0.524392828713701,0.058638691902160645,0.14084678888320923,-0.574340269337938,0.06577479839324951,0.24203133583068848,-0.6044331047642686,-0.077251136302948,-0.13122814893722534,-0.34336401558999796,-0.049882709980010986,0.020971834659576416,-0.4868958149064042,-0.01959085464477539,0.15423303842544556,-0.5262948129284837,0.001353919506072998,0.24705946445465088,-0.5395598862278916,-0.14624029397964478,-0.056758224964141846,-0.3232574615586259,-0.11245116591453552,0.05064964294433594,-0.41806574202661295,-0.07038503885269165,0.13245528936386108,-0.44395817853097697,-0.03317815065383911,0.18365687131881714,-0.460828021537111
M,0.0,0.0,0.0,0.11518752574920654,0.02127629518508911,-0.11479955131540542,0.18925321102142334,0.04903227090835571,-0.2114441987348581,0.20844537019729614,0.09297728538513184,-0.2827879782987619,0.17420727014541626,0.1506006121635437,-0.35463106597194916,0.1277008056640625,-0.17271339893341064,-0.3344395157171274,0.13565993309020996,-0.016796112060546875,-0.4531366523576761,0.14752846956253052,0.10620218515396118,-0.5088491138292337,0.14615225791931152,0.20098501443862915,-0.5408072766138101,0.018662631511688232,-0.18658554553985596,-0.32091590727100616,0.033805668354034424,0.004229366779327393,-0.45639994705448395,0.06043732166290283,0.14534801244735718,-0.4995044466329599,0.07096874713897705,0.24443525075912476,-0.5276796516252542,-0.07533228397369385,-0.1372969150543213,-0.30344703758487945,-0.042926907539367676,0.022339165210723877,-0.43026062811146026,-0.012749433517456055,0.15695905685424805,-0.4639804955793405,0.01088571548461914,0.2509673833847046,-0.4757884141279245,-0.14525073766708374,-0.06038939952850342,-0.2887171205354715,-0.10241585969924927,0.05256432294845581,-0.3763771649671579,-0.05990302562713623,0.1392364501953125,-0.3989160355402017,-0.019916534423828125,0.19865238666534424,-0.4138072725606943
M,0.0,0.0,0.0,0.1118515133857727,0.021895229816436768,-0.12680689220405839,0.18073195219039917,0.0466921329498291,-0.23740466659046433,0.20002520084381104,0.08358240127563477,-0.31989217524505875,0.16603010892868042,0.1451331377029419,-0.40368837838150284,0.13118714094161987,-0.17133945226669312,-0.38564274435020707,0.1355687975883484,-0.026041507720947266,-0.5219069493291499,0.146342933177948,0.09390652179718018,-0.5868370903012874,0.14344197511672974,0.1862437129020691,-0.6249100935933711,0.022469818592071533,-0.18833982944488525,-0.3727661443231227,0.03810477256774902,-0.007576286792755127,-0.5331821811673763,0.06595289707183838,0.13112258911132812,-0.5880675685880306,0.07584547996520996,0.23469018936157227,-0.6239898574826839,-0.07154691219329834,-0.13973236083984375,-0.3545537961003902,-0.046678900718688965,0.00800025463104248,-0.4995763969895961,-0.015417814254760742,0.14409303665161133,-0.5439231765744807,0.010141193866729736,0.24055194854736328,-0.5627236736295345,-0.14105570316314697,-0.06648027896881104,-0.3391047788140895,-0.1047825813293457,0.04250168800354004,-0.43719736461616776,-0.06269413232803345,0.1319391131401062,-0.46886209373451493,-0.02457207441329956,0.192193865776062,-0.49153534297920487
M,0.0,0.0,0.0,0.11067795753479004,0.033011794090270996,-0.12467266843381708,0.17030459642410278,0.07152652740478516,-0.2308285258776266,0.17899763584136963,0.12002736330032349,-0.30926393196645563,0.14124780893325806,0.1822153925895691,-0.3885183505779821,0.1252153515815735,-0.17075926065444946,-0.36625518128934687,0.1304847002029419,-0.015476107597351074,-0.4969967179066259,0.13916045427322388,0.10992681980133057,-0.5610282294518072,0.13558059930801392,0.20726650953292847,-0.5985851757294256,0.0192144513130188,-0.19196292757987976,-0.3522329501873571,0.031545937061309814,-0.00029265880584716797,-0.501731025434168,0.05536210536956787,0.1404837965965271,-0.5532814137703497,0.06691277027130127,0.24163317680358887,-0.5872806780106146,-0.07555431127548218,-0.1433485746383667,-0.33342673108640497,-0.044860899448394775,0.021752357482910156,-0.4684812896019537,-0.01752328872680664,0.15704572200775146,-0.5057538621193487,0.005917012691497803,0.25242340564727783,-0.5208218567139227,-0.14661675691604614,-0.0630372166633606,-0.3180336229569036,-0.10721582174301147,0.05205702781677246,-0.41052754447522943,-0.0687875747680664,0.13854795694351196,-0.4364320211178381,-0.033493638038635254,0.19854247570037842,-0.4546620719200689
M,0.0,0.0,0.0,0.11440092325210571,0.02570950984954834,-0.1254051952174393,0.17400705814361572,0.053797245025634766,-0.23053692565471806,0.17685019969940186,0.08837932348251343,-0.3079443751385895,0.1361626386642456,0.13787400722503662,-0.38639100180179753,0.12380224466323853,-0.18194949626922607,-0.36245574341327824,0.12550294399261475,-0.026252269744873047,-0.4889785228779999,0.1338435411453247,0.1015934944152832,-0.5497735320141999,0.1290501356124878,0.19502174854278564,-0.5845124302914826,0.01413804292678833,-0.20211073756217957,-0.3456345675996033,0.023956656455993652,-0.01797652244567871,-0.4927023826649872,0.04776895046234131,0.12557989358901978,-0.541534799199411,0.05877876281738281,0.2251194715499878,-0.5722925840428559,-0.08117896318435669,-0.15688824653625488,-0.3242963133862702,-0.057763516902923584,-0.0015773177146911621,-0.45729126320392766,-0.0315820574760437,0.1335611343383789,-0.4947962938359467,-0.0077326297760009766,0.2237977385520935,-0.5082099019101349,-0.1484290361404419,-0.0830199122428894,-0.306383478503534,-0.11846587061882019,0.027194440364837646,-0.39679529057056584,-0.07962667942047119,0.11187809705734253,-0.42173804626972355,-0.04090583324432373,0.16522234678268433,-0.4378977595380036
M,0.0,0.0,0.0,0.11205387115478516,0.020721614360809326,-0.11265942751268909,0.18129873275756836,0.048417508602142334,-0.20813262014488743,0.19305628538131714,0.09460103511810303,-0.2783960804233985,0.14892470836639404,0.14976638555526733,-0.3491056963692145,0.12058448791503906,-0.16975778341293335,-0.32799060194592045,0.1286255121231079,-0.017530441284179688,-0.44418797938923404,0.13910824060440063,0.10306233167648315,-0.49863089172939823,0.13981258869171143,0.19300997257232666,-0.5296540662537055,0.0148390531539917,-0.18533197045326233,-0.3143549367676215,0.026839733123779297,-0.0021162033081054688,-0.4471454426536994,0.052236735820770264,0.1354655623435974,-0.48868481366734073,0.06669145822525024,0.2327072024345398,-0.5157437130699591,-0.07810640335083008,-0.13924062252044678,-0.29697452037434147,-0.052870869636535645,0.014821290969848633,-0.421994011093183,-0.02376997470855713,0.14419716596603394,-0.4548670455704169,0.0029454827308654785,0.2352769374847412,-0.4661468967686133,-0.1474587321281433,-0.06579875946044922,-0.2822281822452979,-0.11294835805892944,0.04476594924926758,-0.36981011479000614,-0.07159501314163208,0.12485772371292114,-0.39212618320087955,-0.029048264026641846,0.17873769998550415,-0.406532745052381
M,0.0,0.0,0.0,0.11693781614303589,0.020472824573516846,-0.1099124462065646,0.1819155216217041,0.033883094787597656,-0.20813587910508602,0.18478840589523315,0.062307655811309814,-0.2826780290064761,0.13548368215560913,0.09933972358703613,-0.35922201580380886,0.12360584735870361,-0.20339524745941162,-0.3276989967284152,0.1284293532371521,-0.055816650390625,-0.4489205986914584,0.1419578194618225,0.06533682346343994,-0.5103562087473819,0.14750051498413086,0.1523280143737793,-0.5453872293887088,0.013415336608886719,-0.22293159365653992,-0.3165147811827609,0.017406702041625977,-0.04728353023529053,-0.4495648354945132,0.04278522729873657,0.09174621105194092,-0.4904251605925509,0.061146080493927,0.18846380710601807,-0.5176996201929995,-0.08252668380737305,-0.17590868473052979,-0.3016890496668765,-0.054381489753723145,-0.026287615299224854,-0.4241850883421847,-0.025059282779693604,0.10562241077423096,-0.45112740105962246,0.004578232765197754,0.19941699504852295,-0.45980455583905666,-0.15129834413528442,-0.09846949577331543,-0.29015957421636074,-0.11491653323173523,-0.0012575387954711914,-0.3757920474467227,-0.07534176111221313,0.08024847507476807,-0.3927433401999423,-0.03222060203552246,0.13771748542785645,-0.40386467284535854
M,0.0,0.0,0.0,0.11210072040557861,0.02122187614440918,-0.10510671793682747,0.18100041151046753,0.036384761333465576,-0.19799685388071708,0.19099414348602295,0.06803405284881592,-0.2680390468166607,0.14520657062530518,0.11255502700805664,-0.33931237369044,0.1254398226737976,-0.18583571910858154,-0.3156205406711834,0.13014650344848633,-0.05890226364135742,-0.4309898605869549,0.14357131719589233,0.0576363205909729,-0.4889808884189861,0.14707070589065552,0.14519691467285156,-0.5224582543895977,0.015318810939788818,-0.20630207657814026,-0.304545014195277,0.019412875175476074,-0.038697242736816406,-0.43230968623621635,0.047862231731414795,0.0983085036277771,-0.4709789445923107,0.06539708375930786,0.1910228729248047,-0.4970652452038067,-0.07913923263549805,-0.16221028566360474,-0.2897900035904186,-0.059330642223358154,-0.022955358028411865,-0.40943163543207817,-0.02734142541885376,0.10950416326522827,-0.4378349772022503,0.0019659996032714844,0.19886153936386108,-0.4468403151558178,-0.14843666553497314,-0.0911703109741211,-0.2778431168125408,-0.12082764506340027,0.0041495561599731445,-0.36150458364947013,-0.07731455564498901,0.08936202526092529,-0.37986493020518,-0.029537200927734375,0.14417093992233276,-0.3915628185795086
M,0.0,0.0,0.0,0.1138603687286377,0.020850300788879395,-0.10750530241075751,0.17999756336212158,0.030069351196289062,-0.2028087857181191,0.1891270875930786,0.05760455131530762,-0.2749790581876397,0.14226555824279785,0.10059058666229248,-0.3485827478582024,0.12064188718795776,-0.19465482234954834,-0.32198739377800223,0.12756335735321045,-0.06146442890167236,-0.4412993821317315,0.13907122611999512,0.05814903974533081,-0.5019735726529717,0.14193785190582275,0.1461758017539978,-0.5366660389119744,0.008764445781707764,-0.21577143669128418,-0.3106993767434716,0.01583564281463623,-0.05094856023788452,-0.4424754413777947,0.040676236152648926,0.08584028482437134,-0.48395285336319205,0.056436896324157715,0.18097537755966187,-0.5122385653668999,-0.08622235059738159,-0.17221617698669434,-0.29569691745582816,-0.06531834602355957,-0.03880256414413452,-0.4186528059655785,-0.037222981452941895,0.09157675504684448,-0.44859317271057364,-0.008983492851257324,0.18113094568252563,-0.45870733587089774,-0.15363845229148865,-0.10171031951904297,-0.28366789547744986,-0.1261378526687622,-0.011744081974029541,-0.3688379558736443,-0.0854485034942627,0.0684395432472229,-0.38748681871238944,-0.03911399841308594,0.12043106555938721,-0.3996544214898705
M,0.0,0.0,0.0,0.1052013635635376,0.028335869312286377,-0.10366694650065256,0.16818112134933472,0.054482877254486084,-0.19038973024498773,0.17308729887008667,0.0955849289894104,-0.25399827232968164,0.13216370344161987,0.1411811113357544,-0.3176681624950106,0.11490947008132935,-0.17283999919891357,-0.2987072991431887,0.12624233961105347,-0.02594524621963501,-0.4090433644355471,0.1398107409477234,0.09506303071975708,-0.46104352942120386,0.1418452262878418,0.18243712186813354,-0.48863508573185754,0.012679338455200195,-0.1949249804019928,-0.2852328049243624,0.01779407262802124,-0.01614302396774292,-0.4077563213409121,0.04384124279022217,0.12363654375076294,-0.44198101034771753,0.05831652879714966,0.2165953516960144,-0.46230181327473474,-0.08017659187316895,-0.1531463861465454,-0.26878985038410974,-0.05899101495742798,-0.002031683921813965,-0.3847756611407931,-0.0300520658493042,0.12977421283721924,-0.4073453473151858,-0.00677800178527832,0.22068917751312256,-0.40968101492535425,-0.1504582166671753,-0.08126091957092285,-0.2551621126235659,-0.11780503392219543,0.02903074026107788,-0.3343049215377505,-0.07705718278884888,0.11406898498535156,-0.34624587765347314,-0.0362740159034729,0.16780799627304077,-0.35111074915539575
M,0.0,0.0,0.0,0.106850266456604,0.02095121145248413,-0.10859384171371289,0.17303645610809326,0.05087846517562866,-0.2002858050883276,0.18414121866226196,0.0949627161026001,-0.26705455563669034,0.14557325839996338,0.14418238401412964,-0.3345397093117697,0.12191057205200195,-0.1724858582019806,-0.31721892736558743,0.13183194398880005,-0.029455244541168213,-0.43127661727075406,0.1441887617111206,0.08997493982315063,-0.48520147584085294,0.14597809314727783,0.1766829490661621,-0.5149642207444174,0.020786166191101074,-0.1901034116744995,-0.302636412602709,0.027577698230743408,-0.013721346855163574,-0.4290426947892172,0.05596417188644409,0.12608063220977783,-0.4654888787091238,0.07322382926940918,0.21874117851257324,-0.4887799300969107,-0.0705980658531189,-0.14509034156799316,-0.284834978801058,-0.04343676567077637,0.009971559047698975,-0.4029922463715536,-0.014070391654968262,0.14000558853149414,-0.42903259180192777,0.009717226028442383,0.2286701202392578,-0.43537345312242337,-0.1411152482032776,-0.07065290212631226,-0.2697898723900778,-0.10119464993476868,0.04995483160018921,-0.35247635625009366,-0.05860382318496704,0.1413906216621399,-0.3706030227959616,-0.0174025297164917,0.2037121057510376,-0.38136780045633145
M,0.0,0.0,0.0,0.11324471235275269,0.021082937717437744,-0.12168885736889479,0.1795356273651123,0.04150867462158203,-0.2285601866168463,0.18478888273239136,0.06650620698928833,-0.3080660176200354,0.14181607961654663,0.1154700517654419,-0.38949067115015623,0.1248285174369812,-0.1757371425628662,-0.3672137033862555,0.12761366367340088,-0.05382627248764038,-0.49930284141726133,0.1310376524925232,0.057346880435943604,-0.5679931414050543,0.1249040961265564,0.14311790466308594,-0.6094704639834845,0.01711195707321167,-0.19466125965118408,-0.3527206849975073,0.023496806621551514,-0.04175752401351929,-0.5028674375934088,0.04587280750274658,0.08933860063552856,-0.5545367371959173,0.06046181917190552,0.18692171573638916,-0.5901238691729986,-0.07470721006393433,-0.15145468711853027,-0.3337107074183905,-0.06139028072357178,-0.02555370330810547,-0.4707680416030371,-0.03800094127655029,0.10356765985488892,-0.5132447254580939,-0.01389843225479126,0.19388002157211304,-0.5322303545398199,-0.14416366815567017,-0.0844530463218689,-0.31747809766955015,-0.11712601780891418,0.005932033061981201,-0.41236526488489744,-0.07770556211471558,0.08441269397735596,-0.44212055920786497,-0.03674429655075073,0.13301622867584229,-0.4633517634791815
M,0.0,0.0,0.0,0.10577070713043213,0.03603750467300415,-0.10310458308415349,0.1735219955444336,0.06069070100784302,-0.19069180554108556,0.18914824724197388,0.09720665216445923,-0.2558731055851453,0.15496188402175903,0.14808332920074463,-0.3213730669613355,0.12014502286911011,-0.15591365098953247,-0.30094941621975835,0.11807215213775635,-0.017236292362213135,-0.41063832408146794,0.12493085861206055,0.10036373138427734,-0.4656998432274335,0.1258692741394043,0.18774265050888062,-0.49740724927143987,0.013143002986907959,-0.17914602160453796,-0.2894098079796308,0.013005256652832031,-0.01334291696548462,-0.4130633390541547,0.03869223594665527,0.1262960433959961,-0.4528580225105756,0.05798137187957764,0.22048735618591309,-0.47983711129383977,-0.07759219408035278,-0.14118951559066772,-0.274686209022569,-0.06715226173400879,0.00022274255752563477,-0.3899346209164136,-0.03837692737579346,0.13499075174331665,-0.42026268607335027,-0.009236335754394531,0.22414731979370117,-0.4306736803646558,-0.14344850182533264,-0.07537299394607544,-0.2628885424728864,-0.12381529808044434,0.02547168731689453,-0.34439023500637944,-0.08433663845062256,0.11679941415786743,-0.36583634382443364,-0.040154099464416504,0.17473161220550537,-0.3792847908134931
M,0.0,0.0,0.0,0.11287730932235718,0.00784444808959961,-0.10805448991155231,0.17529839277267456,-0.011253178119659424,-0.20930469882583225,0.18440097570419312,-0.00572514533996582,-0.28980187428092563,0.1536303162574768,0.03954523801803589,-0.37249095094298923,0.11449235677719116,-0.24355018138885498,-0.3280886794338187,0.11754661798477173,-0.13531863689422607,-0.45116353881454074,0.12725764513015747,-0.019379794597625732,-0.5172311450252494,0.1278550624847412,0.07975059747695923,-0.5582450414905509,0.0034807920455932617,-0.2586902678012848,-0.32176119935607517,0.010455191135406494,-0.11104977130889893,-0.45765022289847934,0.03206902742385864,0.0225369930267334,-0.5038040663013419,0.04652857780456543,0.12887907028198242,-0.5388959432849845,-0.08519178628921509,-0.20408231019973755,-0.3117927397499045,-0.07189542055130005,-0.08316528797149658,-0.4375532652149161,-0.04966253042221069,0.04641324281692505,-0.46922973644828403,-0.025219321250915527,0.14309144020080566,-0.48326993835067356,-0.14564639329910278,-0.12205702066421509,-0.3052826310405692,-0.12739631533622742,-0.035881876945495605,-0.39327705752944553,-0.09135180711746216,0.04760855436325073,-0.41538188707923496,-0.049272775650024414,0.10474050045013428,-0.4326443458805045
M,0.0,0.0,0.0,0.11417961120605469,0.012920975685119629,-0.10425872363100552,0.17677068710327148,0.00596463680267334,-0.19866278774986768,0.18478924036026,0.02219557762145996,-0.27324979014645123,0.15172213315963745,0.07190364599227905,-0.3495524973417332,0.1194952130317688,-0.23442888259887695,-0.3092715591932347,0.12521761655807495,-0.1232830286026001,-0.42691184587727093,0.1373199224472046,-0.007252335548400879,-0.49032782025585675,0.13831722736358643,0.09249728918075562,-0.5299429447198918,0.00669407844543457,-0.24938327074050903,-0.3031480760122349,0.014816343784332275,-0.09848058223724365,-0.4311254770303776,0.03851580619812012,0.03559458255767822,-0.4763644189382603,0.053253233432769775,0.14214926958084106,-0.5117471963907292,-0.08421647548675537,-0.193243145942688,-0.2940770835424473,-0.06527268886566162,-0.06690371036529541,-0.4139501304174473,-0.03870522975921631,0.06238114833831787,-0.44508279867420697,-0.012225329875946045,0.16107356548309326,-0.45988748975048566,-0.14529865980148315,-0.10797083377838135,-0.2886391729856541,-0.1208387017250061,-0.02005946636199951,-0.37433753915081525,-0.08165842294692993,0.06879246234893799,-0.397419646456342,-0.037975966930389404,0.1341472864151001,-0.41586054868946576
M,0.0,0.0,0.0,0.11362862586975098,0.010546565055847168,-0.10450330123997276,0.1638917326927185,-0.016779720783233643,-0.20321343586540763,0.15459823608398438,-0.0275270938873291,-0.28210425124264304,0.11934208869934082,0.004776716232299805,-0.3640837346086556,0.1109725832939148,-0.260795533657074,-0.32134672746754234,0.11306023597717285,-0.16813158988952637,-0.44288369760609214,0.12360858917236328,-0.05391663312911987,-0.5085444425115639,0.12429261207580566,0.051149845123291016,-0.5506450508604104,0.000685572624206543,-0.2788965106010437,-0.31641694650745933,0.005814194679260254,-0.14645522832870483,-0.4504775379667336,0.024079740047454834,-0.015219509601593018,-0.49932205424404685,0.03618919849395752,0.09942853450775146,-0.5375472877988869,-0.09097933769226074,-0.22239381074905396,-0.3072561298379952,-0.07541334629058838,-0.11410248279571533,-0.43217971668339317,-0.054997801780700684,0.01250678300857544,-0.46522566423512046,-0.031823158264160156,0.11873912811279297,-0.48145332679844444,-0.15400606393814087,-0.13547515869140625,-0.30142330870724265,-0.13497036695480347,-0.06399655342102051,-0.3908372496137673,-0.10000365972518921,0.021011650562286377,-0.4149539743433053,-0.05932861566543579,0.09039455652236938,-0.43460833773708885
M,0.0,0.0,0.0,0.11102420091629028,0.015698611736297607,-0.10270165184880575,0.17187857627868652,0.009212851524353027,-0.1956813065185674,0.17845982313156128,0.03205651044845581,-0.26749347428227743,0.13881266117095947,0.08518141508102417,-0.34050797203923544,0.1216895580291748,-0.21416163444519043,-0.310981142319692,0.11852353811264038,-0.1140749454498291,-0.4250342128648885,0.12974542379379272,0.0022631287574768066,-0.48353509882832846,0.1319766640663147,0.10060781240463257,-0.5191924748792776,0.01100921630859375,-0.23529458045959473,-0.30298461297894796,0.014155089855194092,-0.09778422117233276,-0.43184031824017843,0.035016536712646484,0.03733903169631958,-0.4737320719137319,0.04955708980560303,0.14201807975769043,-0.5048617897405752,-0.08074760437011719,-0.18583619594573975,-0.2914019105806478,-0.06948196887969971,-0.07005155086517334,-0.4125782726183065,-0.04467529058456421,0.06192260980606079,-0.4435247955694326,-0.01743084192276001,0.16280055046081543,-0.45613177398587545,-0.14340180158615112,-0.10624128580093384,-0.2828000662698873,-0.12158900499343872,-0.020741164684295654,-0.3677624938860067,-0.08520740270614624,0.06936097145080566,-0.39047368148709616,-0.04220092296600342,0.13384491205215454,-0.4072097418680318
M,0.0,0.0,0.0,0.11784470081329346,0.013507843017578125,-0.11156501089004678,0.1835191249847412,-0.008937716484069824,-0.2139514184441964,0.1849192976951599,0.004972100257873535,-0.29355643157629174,0.14637362957000732,0.06121385097503662,-0.3742474115338723,0.11640846729278564,-0.22745665907859802,-0.32958463792471093,0.10933959484100342,-0.13663578033447266,-0.45251036648420495,0.11596953868865967,-0.015273749828338623,-0.5192623532262246,0.1137845516204834,0.08790087699890137,-0.561283091351072,0.002056300640106201,-0.2432006597518921,-0.3194778359380166,0.0018562674522399902,-0.11321109533309937,-0.451328257366697,0.013895988464355469,0.02674698829650879,-0.49403587941793603,0.02322220802307129,0.13366883993148804,-0.5285681879964272,-0.08451986312866211,-0.19674497842788696,-0.3066402769532601,-0.08579856157302856,-0.0914841890335083,-0.42955944900182885,-0.06584435701370239,0.05034607648849487,-0.4638298249688546,-0.041536688804626465,0.15133291482925415,-0.48134441141752404,-0.14273947477340698,-0.1266987919807434,-0.2977253592458169,-0.14051133394241333,-0.053499042987823486,-0.388206759735624,-0.10515111684799194,0.037928879261016846,-0.4193180597272317,-0.06035184860229492,0.09983694553375244,-0.4434777296033303
M,0.0,0.0,0.0,0.10991120338439941,0.021687090396881104,-0.12171479968390031,0.16864830255508423,0.006764888763427734,-0.23223842589220567,0.16426444053649902,0.00984501838684082,-0.31748498884996934,0.1348150372505188,0.054407477378845215,-0.4038728615458922,0.11791348457336426,-0.22611302137374878,-0.36030502526125474,0.1081053614616394,-0.1310318112373352,-0.49523915259203477,0.10849934816360474,-0.013370931148529053,-0.5686261197741942,0.10093951225280762,0.08877646923065186,-0.615892066639276,0.010045409202575684,-0.24847880005836487,-0.3487670859511809,0.0030802488327026367,-0.11264318227767944,-0.4972219607051329,0.01325315237045288,0.02046900987625122,-0.5500193378146605,0.02140861749649048,0.12990868091583252,-0.5910954019244627,-0.07552677392959595,-0.20107024908065796,-0.333919717949243,-0.07725495100021362,-0.09122425317764282,-0.46853659955820603,-0.05935502052307129,0.04374134540557861,-0.5092802783664183,-0.039328813552856445,0.14355111122131348,-0.5309222480472044,-0.13742777705192566,-0.12596291303634644,-0.3232524236854033,-0.13308382034301758,-0.04806715250015259,-0.42179499475321336,-0.10101926326751709,0.04226917028427124,-0.4601842900927977,-0.06457042694091797,0.10906094312667847,-0.4906421145614104
M,0.0,0.0,0.0,0.1104278564453125,0.0240057110786438,-0.10249205808931094,0.17847490310668945,0.03076869249343872,-0.18951019029908878,0.18641531467437744,0.06163787841796875,-0.2551760015993665,0.15909945964813232,0.11739093065261841,-0.3208030400782178,0.12852329015731812,-0.19262555241584778,-0.2952571449785779,0.12112587690353394,-0.07869595289230347,-0.4040910838156293,0.1271914839744568,0.03910571336746216,-0.46112593393617374,0.12401688098907471,0.13531404733657837,-0.49586581569009525,0.02212834358215332,-0.2111314833164215,-0.28448148947053653,0.014625787734985352,-0.06879299879074097,-0.4040973423033307,0.03420144319534302,0.07007718086242676,-0.4416914222746442,0.0468745231628418,0.1674627661705017,-0.4697663722544263,-0.06555020809173584,-0.16566556692123413,-0.27138068657212955,-0.06206488609313965,-0.04315000772476196,-0.38508816938691837,-0.039453744888305664,0.09048759937286377,-0.41278796773248416,-0.01853245496749878,0.18102407455444336,-0.422739529421861,-0.12874799966812134,-0.09066897630691528,-0.26188724618249637,-0.11497095227241516,0.0021080970764160156,-0.346664511969621,-0.07809096574783325,0.09492868185043335,-0.37092464547448856,-0.03870129585266113,0.1542738676071167,-0.38685190062814456
M,0.0,0.0,0.0,0.11415481567382812,0.022222280502319336,-0.11139734438791038,0.1773371696472168,0.020856142044067383,-0.2091843669785476,0.17609506845474243,0.0512579083442688,-0.2833847289456344,0.13748109340667725,0.1111440658569336,-0.35769297531976463,0.11330187320709229,-0.20322608947753906,-0.32543434552087547,0.09436535835266113,-0.09503805637359619,-0.4444551949871993,0.09108710289001465,0.025931596755981445,-0.5067067032231307,0.08236730098724365,0.12457484006881714,-0.5457252745999313,0.005191504955291748,-0.22042891383171082,-0.3137954955471969,-0.0028715133666992188,-0.07953882217407227,-0.4430138354672408,0.007935404777526855,0.058261990547180176,-0.4850346033944106,0.01783686876296997,0.1588658094406128,-0.5188600306881881,-0.07865774631500244,-0.17608171701431274,-0.29951598099603416,-0.07995086908340454,-0.06019306182861328,-0.4200434272660232,-0.06269842386245728,0.0785863995552063,-0.45561586669816734,-0.04329860210418701,0.17406195402145386,-0.474240708865068,-0.13780194520950317,-0.10485249757766724,-0.2890437727345443,-0.13264226913452148,-0.01800084114074707,-0.3797552769555068,-0.09931492805480957,0.07843464612960815,-0.41491072229280235,-0.06058228015899658,0.1433197259902954,-0.4422127490414596
M,0.0,0.0,0.0,0.10789358615875244,0.023351073265075684,-0.11332061394637094,0.16838502883911133,0.009480774402618408,-0.21274560942833887,0.17341285943984985,0.020291268825531006,-0.28967121496384607,0.15123456716537476,0.06980562210083008,-0.3680995728034304,0.11175453662872314,-0.22554612159729004,-0.32597261920159326,0.1068873405456543,-0.13338124752044678,-0.450431736852579,0.10892212390899658,-0.012235820293426514,-0.5194498325843142,0.10188490152359009,0.09714639186859131,-0.5641993905562686,0.004345953464508057,-0.24659335613250732,-0.3155187393683718,0.0060808658599853516,-0.1110580563545227,-0.447743656780176,0.018929481506347656,0.02486497163772583,-0.49592265739624963,0.027596354484558105,0.14044803380966187,-0.5354110623854922,-0.07895699143409729,-0.19666403532028198,-0.30275044098084436,-0.07293927669525146,-0.08679503202438354,-0.425755622531824,-0.05497699975967407,0.052897095680236816,-0.4633055056590365,-0.03727024793624878,0.16023844480514526,-0.48428768172448144,-0.13782453536987305,-0.11779242753982544,-0.2943423117656039,-0.1261950433254242,-0.039488792419433594,-0.3853657568949984,-0.09394749999046326,0.05389338731765747,-0.4199673856753634,-0.058758676052093506,0.125210702419281,-0.4482966984767245
M,0.0,0.0,0.0,0.10144007205963135,0.02408391237258911,-0.0928038498107071,0.1767684817314148,0.02968662977218628,-0.17656574302350236,0.1978985071182251,0.07119661569595337,-0.24210246556435777,0.16184568405151367,0.13228368759155273,-0.3090942864957924,0.12654590606689453,-0.17696505784988403,-0.2764264112058754,0.12948638200759888,-0.057371556758880615,-0.38049978666936113,0.1406065821647644,0.05980539321899414,-0.4334203069749947,0.1402963399887085,0.15541255474090576,-0.46513122969304277,0.02483499050140381,-0.1891205906867981,-0.26939857655202104,0.020674169063568115,-0.0388566255569458,-0.3821691637579079,0.051056742668151855,0.0977557897567749,-0.41561777048741533,0.07304549217224121,0.19070494174957275,-0.44069865995084,-0.06551963090896606,-0.1420738697052002,-0.2596131628099556,-0.054206520318984985,-0.009617149829864502,-0.3665785556379433,-0.015709280967712402,0.11856931447982788,-0.38663981013928606,0.017559289932250977,0.2044205665588379,-0.3926678662840004,-0.13276368379592896,-0.06941622495651245,-0.25308111959134294,-0.11155486106872559,0.023441076278686523,-0.3302942579332466,-0.06955200433731079,0.11872208118438721,-0.34571648293172075,-0.02399367094039917,0.1861322522163391,-0.3561378186288948
M,0.0,0.0,0.0,0.13853681087493896,0.03242915868759155,-0.14674628935409828,0.23384106159210205,0.08671802282333374,-0.2681703086907987,0.2637369632720947,0.15948361158370972,-0.35482586584640785,0.27203255891799927,0.24202263355255127,-0.4408667203004484,0.18772417306900024,-0.09776896238327026,-0.4074229713494901,0.20938003063201904,0.012466967105865479,-0.538106304031146,0.19989442825317383,0.12466949224472046,-0.5910506661946897,0.19205528497695923,0.19857823848724365,-0.6196884330327634,0.08315664529800415,-0.0901113748550415,-0.37661371789528175,0.0867241621017456,0.03050786256790161,-0.4992436286027555,0.1074984073638916,0.17642366886138916,-0.5101329501683836,0.14009982347488403,0.2606738805770874,-0.5223618563230161,-0.008538961410522461,-0.04639691114425659,-0.3432918306405668,0.009313344955444336,0.07622498273849487,-0.45923404059959694,0.046625614166259766,0.21637213230133057,-0.46923024616791054,0.08316648006439209,0.29564374685287476,-0.47453860602928444,-0.08399364352226257,0.011271774768829346,-0.31618354878975197,-0.05088961124420166,0.11513972282409668,-0.4072271104867582,-0.002029120922088623,0.21403324604034424,-0.42885128818107887,0.04387080669403076,0.27626675367355347,-0.445246618610156
M,0.0,0.0,0.0,0.0720486044883728,-0.021061062812805176,-0.10049611022952831,0.11650067567825317,-0.01764434576034546,-0.19023251226428783,0.12872928380966187,0.03068453073501587,-0.26961813560012615,0.10868173837661743,0.09390366077423096,-0.349795949368513,0.04380345344543457,-0.26073575019836426,-0.1726225285816554,0.05779540538787842,-0.10740751028060913,-0.286304396300352,0.06481361389160156,0.018462002277374268,-0.3633503734159831,0.07267022132873535,0.10485595464706421,-0.40366874328140057,-0.06318366527557373,-0.24108514189720154,-0.16517245462421215,-0.047569334506988525,-0.10846209526062012,-0.262751591115034,-0.017417073249816895,0.02690225839614868,-0.2927596091318492,0.006864011287689209,0.11776858568191528,-0.3015810667562846,-0.15053316950798035,-0.18498176336288452,-0.1648596196461085,-0.12579774856567383,-0.06538456678390503,-0.24980069389823711,-0.07984334230422974,0.048711180686950684,-0.24613851001743114,-0.04465830326080322,0.11814075708389282,-0.22725782981399334,-0.20952504873275757,-0.1164059042930603,-0.17339263549331463,-0.192928284406662,-0.022804975509643555,-0.22595239868644512,-0.14279192686080933,0.05344337224960327,-0.21805947711948193,-0.10543328523635864,0.09190279245376587,-0.20032676747325695
M,0.0,0.0,0.0,0.06389760971069336,-0.03584420680999756,-0.0721753688849276,0.10493898391723633,-0.038987696170806885,-0.14921148143184837,0.12640035152435303,-0.004663705825805664,-0.22367559395206627,0.11476296186447144,0.048866987228393555,-0.2991883905924624,0.027798950672149658,-0.2702544629573822,-0.140075013259775,0.04853355884552002,-0.131583571434021,-0.24746122978103813,0.06876105070114136,-0.002188563346862793,-0.32479681096447166,0.08907824754714966,0.0831993818283081,-0.36643083415401634,-0.07425600290298462,-0.2378930151462555,-0.14639180920494255,-0.04304325580596924,-0.10951071977615356,-0.23968809864891227,-0.0005052089691162109,0.03198963403701782,-0.26777572951687034,0.03294110298156738,0.1279616355895996,-0.27519489846599754,-0.15758609771728516,-0.17559629678726196,-0.15851767382991966,-0.12256181240081787,-0.05811828374862671,-0.23561704180610832,-0.06554979085922241,0.057201266288757324,-0.2265073361195391,-0.02105557918548584,0.13045430183410645,-0.20430305621994194,-0.21480166912078857,-0.1025698184967041,-0.1781485827959841,-0.19310274720191956,-0.01251077651977539,-0.22025483868492302,-0.13907623291015625,0.0541192889213562,-0.20570947251690086,-0.09530532360076904,0.08939337730407715,-0.1841092558897799
M,0.0,0.0,0.0,0.07826340198516846,-0.08340299129486084,-0.03797876084428253,0.09823769330978394,-0.14919567108154297,-0.08356320852618637,0.06870681047439575,-0.1801183819770813,-0.13136804843526306,0.027816951274871826,-0.18156838417053223,-0.17880614841561737,0.03847914934158325,-0.3617057204246521,-0.07566315675359192,0.032588958740234375,-0.3139958083629608,-0.14154867077451172,0.052573978900909424,-0.2203717827796936,-0.18941999221425476,0.07172238826751709,-0.15034431219100952,-0.2164463921843094,-0.06305652856826782,-0.32798099517822266,-0.09011454874854508,-0.042716383934020996,-0.23906230926513672,-0.16099245095830383,0.005731463432312012,-0.11616575717926025,-0.18956731999497833,0.04400527477264404,-0.026664018630981445,-0.19967783237080994,-0.1496574878692627,-0.26206332445144653,-0.10799404228311005,-0.12704455852508545,-0.17464172840118408,-0.17509879911523285,-0.06629157066345215,-0.0730811357498169,-0.17735861981492462,-0.020078539848327637,-0.000661015510559082,-0.16561274970155182,-0.2141561508178711,-0.18403631448745728,-0.1291096731482071,-0.19973522424697876,-0.13513189554214478,-0.17067091906648102,-0.15170025825500488,-0.08220195770263672,-0.16256336117368164,-0.10743725299835205,-0.0446619987487793,-0.14671849454026642
M,0.0,0.0,0.0,0.10594403743743896,-0.019010961055755615,-0.06109567538491589,0.16957426071166992,0.004889965057373047,-0.1391061152576576,0.19665932655334473,0.07169950008392334,-0.21855444267979962,0.1911870837211609,0.13803082704544067,-0.2987549956201683,0.12851965427398682,-0.22163596749305725,-0.13754012242547375,0.15448099374771118,-0.06559109687805176,-0.2452632094978462,0.17446738481521606,0.06921428442001343,-0.31960318044415814,0.19797438383102417,0.14001458883285522,-0.3631216044782768,0.024373114109039307,-0.1910366714000702,-0.1599633897899757,0.06537914276123047,-0.04128831624984741,-0.2650213594793449,0.11317700147628784,0.10079079866409302,-0.2995640988706718,0.15263009071350098,0.1722443699836731,-0.3150233979581962,-0.06786829233169556,-0.1326742172241211,-0.18735091940156323,-0.026930928230285645,-0.0057852864265441895,-0.2830042000173698,0.026497185230255127,0.12082451581954956,-0.2751730139612327,0.0679769515991211,0.1797434687614441,-0.25426891998044354,-0.12972575426101685,-0.05995601415634155,-0.21997400180093152,-0.10153192281723022,0.029211342334747314,-0.26647589162579877,-0.04914647340774536,0.10050743818283081,-0.24393171623936993,-0.004021704196929932,0.13415205478668213,-0.22048949257127148
M,0.0,0.0,0.0,-0.04407447576522827,0.10589385032653809,-0.08153062872918326,-0.09085237979888916,0.15887880325317383,-0.1695233862880059,-0.07233196496963501,0.20902258157730103,-0.24052578024895865,-0.02411651611328125,0.2625824809074402,-0.314963562417347,-0.17449289560317993,-0.0867663025856018,-0.2974874209645577,-0.13272839784622192,-0.0002631545066833496,-0.4048993717912026,-0.07250773906707764,0.11706387996673584,-0.45761181228192527,-0.017180263996124268,0.20681655406951904,-0.4875013064626046,-0.12385445833206177,-0.1725407838821411,-0.2976575028184243,-0.04352724552154541,-0.03868824243545532,-0.3993052076581307,0.013678789138793945,0.11063218116760254,-0.41979403607876975,0.04885786771774292,0.2079625129699707,-0.44158668630154807,-0.045508384704589844,-0.20196127891540527,-0.2927938234093972,0.015330076217651367,-0.06943422555923462,-0.3810286056283303,0.056894540786743164,0.07752227783203125,-0.39241392724545676,0.07728278636932373,0.17557048797607422,-0.40053064935239036,0.038364291191101074,-0.19798606634140015,-0.2910083066705056,0.06804639101028442,-0.09631919860839844,-0.35340376012356955,0.08713382482528687,0.01576775312423706,-0.3703394960645028,0.09742122888565063,0.09913790225982666,-0.3883428704026528
M,0.0,0.0,0.0,0.09495717287063599,-0.022176265716552734,-0.07661706460476125,0.173373281955719,-0.038336098194122314,-0.1554182047939321,0.22565484046936035,-0.03273659944534302,-0.2330086256361028,0.2671809196472168,-0.007503330707550049,-0.3113622392511388,0.0843694806098938,-0.2704690992832184,-0.14904561890125478,0.14790600538253784,-0.10940313339233398,-0.2624219681119939,0.16564393043518066,0.02559608221054077,-0.3395881975984594,0.1816033124923706,0.1267874836921692,-0.3780311371183416,-0.023796498775482178,-0.24208202958106995,-0.15693347407341207,0.052373290061950684,-0.086822509765625,-0.256916048655512,0.09693801403045654,0.05104905366897583,-0.29018372548580373,0.12819862365722656,0.15168911218643188,-0.3027851606702825,-0.11121916770935059,-0.1786724328994751,-0.17065266026020254,-0.04656869173049927,-0.0575825572013855,-0.2614868308401128,0.013265430927276611,0.06912684440612793,-0.25974747789859975,0.05590999126434326,0.1598188877105713,-0.2408141220903417,-0.17544633150100708,-0.09956872463226318,-0.19121161354541982,-0.14268898963928223,-0.03104466199874878,-0.24594621611595358,-0.09009087085723877,0.03650325536727905,-0.23654851568699087,-0.05009537935256958,0.08588635921478271,-0.21778948856353963
M,0.0,0.0,0.0,0.0883757472038269,-0.026519954204559326,-0.06630389653389557,0.15519720315933228,-0.06422913074493408,-0.13192982487623794,0.18757599592208862,-0.0854572057723999,-0.19584136717264755,0.20879662036895752,-0.0801248550415039,-0.2608942639106999,0.06713533401489258,-0.2587040066719055,-0.13803162686770065,0.14206308126449585,-0.10295116901397705,-0.23771507553999527,0.1590140461921692,0.029582083225250244,-0.30566685907785995,0.16873449087142944,0.12443286180496216,-0.3395996939415227,-0.03526836633682251,-0.23293966054916382,-0.14407506101076706,0.05101078748703003,-0.07289683818817139,-0.22621510438864334,0.09535104036331177,0.05893063545227051,-0.25100460164492233,0.12757444381713867,0.15405195951461792,-0.26224791519587143,-0.11858826875686646,-0.1740359663963318,-0.1541113507026921,-0.04505610466003418,-0.0494040846824646,-0.23115004115049942,0.013147473335266113,0.06922221183776855,-0.2253887753957997,0.054310500621795654,0.1555916666984558,-0.20825068168585403,-0.18407166004180908,-0.09758222103118896,-0.170414264130045,-0.1487821340560913,-0.021288931369781494,-0.21976029388849838,-0.09221041202545166,0.04844832420349121,-0.20966514460985763,-0.05042237043380737,0.10366177558898926,-0.19218460731451614
M,0.0,0.0,0.0,0.09801149368286133,-0.023447692394256592,-0.07490422366288385,0.16570156812667847,-0.06294339895248413,-0.13809188990023813,0.17809581756591797,-0.08896297216415405,-0.19686825363066873,0.17780160903930664,-0.09184044599533081,-0.2571756073656388,0.06250768899917603,-0.2315576672554016,-0.14403237192061624,0.13689970970153809,-0.08337825536727905,-0.23655153600600443,0.15615630149841309,0.04026573896408081,-0.29837377159026346,0.16546320915222168,0.1275089979171753,-0.3294732400598832,-0.03896045684814453,-0.21302300691604614,-0.1426698395433732,0.04304862022399902,-0.04965782165527344,-0.21850096969035349,0.08898520469665527,0.07832497358322144,-0.24174219159510812,0.12454420328140259,0.16930443048477173,-0.253209871930153,-0.11974167823791504,-0.15997350215911865,-0.14498692540553293,-0.053554534912109375,-0.0303003191947937,-0.22126458374884805,0.005093395709991455,0.08162325620651245,-0.21740913180735788,0.05004662275314331,0.1649128794670105,-0.20209224311736307,-0.18449169397354126,-0.08631563186645508,-0.15377367822554788,-0.15723860263824463,-0.0013675093650817871,-0.2096200713339158,-0.10145121812820435,0.06745797395706177,-0.20410968152907571,-0.058954477310180664,0.12406080961227417,-0.18882852582362375
M,0.0,0.0,0.0,0.09904128313064575,-0.030158579349517822,-0.07365708388874737,0.17871487140655518,-0.07383793592453003,-0.1401516679723045,0.21536409854888916,-0.1048324704170227,-0.2036814872224113,0.2367340326309204,-0.10771447420120239,-0.26800518073628155,0.06879961490631104,-0.275436669588089,-0.13607575335095135,0.1485552191734314,-0.11970210075378418,-0.238849628349044,0.16347765922546387,0.009796619415283203,-0.3106351379353782,0.16789793968200684,0.10608404874801636,-0.3466113690335533,-0.04046589136123657,-0.25052905082702637,-0.13755657114575115,0.0461498498916626,-0.08783453702926636,-0.22272551395485607,0.08896911144256592,0.04438471794128418,-0.2509474340874931,0.11798495054244995,0.1411336064338684,-0.2635885063607475,-0.12623554468154907,-0.19071745872497559,-0.1442230675418159,-0.05185508728027344,-0.060252845287323,-0.2229201380212089,0.004057109355926514,0.05528390407562256,-0.21951838173458782,0.043152689933776855,0.14065593481063843,-0.2031183574397346,-0.1917654275894165,-0.11170238256454468,-0.15793796219418255,-0.1565176248550415,-0.03467559814453125,-0.20822628178189007,-0.10085642337799072,0.03333860635757446,-0.19976730980465618,-0.06073731184005737,0.08724761009216309,-0.18274945356438366
M,0.0,0.0,0.0,0.10496467351913452,-0.0348813533782959,-0.07320003872700909,0.17985498905181885,-0.08141595125198364,-0.13715210473128536,0.20553523302078247,-0.10948693752288818,-0.19864766215869167,0.2269895076751709,-0.11282569169998169,-0.2614876321513293,0.06730496883392334,-0.2647189497947693,-0.1312192670065997,0.1494673490524292,-0.11212658882141113,-0.2295146874148486,0.16277742385864258,0.014991223812103271,-0.29938653027602413,0.16379308700561523,0.1079491376876831,-0.33476817524024227,-0.039639174938201904,-0.24005451798439026,-0.1308266512114642,0.04592412710189819,-0.0784185528755188,-0.21068686163016537,0.08767098188400269,0.05197644233703613,-0.23881783997603634,0.11695188283920288,0.14713752269744873,-0.2521514288146136,-0.12305635213851929,-0.18245309591293335,-0.1353270254094241,-0.0512121319770813,-0.05006223917007446,-0.21017843401023129,0.005570352077484131,0.05893683433532715,-0.2081981441933749,0.047325968742370605,0.14192283153533936,-0.19301472520419338,-0.1889616847038269,-0.10422348976135254,-0.14687545513697842,-0.15616607666015625,-0.02094101905822754,-0.19549615597316006,-0.10151165723800659,0.04105567932128906,-0.1882132283408282,-0.060337603092193604,0.0922088623046875,-0.17195098018237331
M,0.0,0.0,0.0,0.10806244611740112,-0.0372006893157959,-0.08207769799093967,0.18743491172790527,-0.09349364042282104,-0.15153670418123966,0.22164469957351685,-0.13399571180343628,-0.2177093933806873,0.24288147687911987,-0.1436372995376587,-0.28303259718279605,0.0572432279586792,-0.33030933141708374,-0.12715384471277957,0.1384156346321106,-0.17572814226150513,-0.23928606617312198,0.14990109205245972,-0.04395556449890137,-0.31980559337000614,0.1497083306312561,0.05343961715698242,-0.35988459098200565,-0.05486130714416504,-0.30826276540756226,-0.12628892171244388,0.030739784240722656,-0.1431061029434204,-0.22214280176024204,0.07113033533096313,-0.006316542625427246,-0.25678822505335575,0.09794217348098755,0.09472763538360596,-0.2696680139289356,-0.14181256294250488,-0.2456037998199463,-0.13321426617960697,-0.0701485276222229,-0.11142301559448242,-0.22207427131991153,-0.01373445987701416,0.010988235473632812,-0.22196601438383823,0.02647322416305542,0.1008979082107544,-0.2033721666322208,-0.2062339186668396,-0.1617276668548584,-0.14822431015829807,-0.17090487480163574,-0.08133828639984131,-0.20598203050951724,-0.11722791194915771,-0.009505987167358398,-0.20089672613005405,-0.077423095703125,0.04552257061004639,-0.1828428070531345
M,0.0,0.0,0.0,0.09776407480239868,-0.02865469455718994,-0.06731161102311489,0.1640443205833435,-0.08741486072540283,-0.12197373434560177,0.16975724697113037,-0.13638955354690552,-0.17433689906852123,0.16448628902435303,-0.15928977727890015,-0.2272375114227998,0.05765599012374878,-0.2896070182323456,-0.10405359789388058,0.12453234195709229,-0.13847333192825317,-0.19839197769420025,0.13340961933135986,-0.01076352596282959,-0.27018238976256725,0.13328707218170166,0.07689076662063599,-0.3086800165440309,-0.0412752628326416,-0.2872835099697113,-0.10411180928008434,0.03360646963119507,-0.11325526237487793,-0.18037458136336681,0.06918209791183472,0.02268242835998535,-0.21152425184504864,0.09920012950897217,0.11751139163970947,-0.2263926900889146,-0.12071025371551514,-0.24637973308563232,-0.10985857620494244,-0.05839502811431885,-0.08644789457321167,-0.18656666949050305,-0.010777950286865234,0.035565078258514404,-0.18712969496505139,0.027785539627075195,0.12072908878326416,-0.1733150966431367,-0.1861739158630371,-0.17941683530807495,-0.12247465923087475,-0.14863425493240356,-0.06006342172622681,-0.17858073487536785,-0.09845608472824097,0.026449084281921387,-0.17436205222861645,-0.059893667697906494,0.08828616142272949,-0.15827149524943707
M,0.0,0.0,0.0,0.11396592855453491,-0.04794496297836304,-0.08550549418782794,0.19217795133590698,-0.1058085560798645,-0.15953220547294222,0.22414904832839966,-0.14291661977767944,-0.22910972059821688,0.2468755841255188,-0.1440221667289734,-0.2962517601356467,0.07507729530334473,-0.36165955662727356,-0.14261651159381472,0.15152186155319214,-0.2122032642364502,-0.2661616665229758,0.17101997137069702,-0.07559055089950562,-0.347390250574108,0.17786556482315063,0.02398782968521118,-0.38543944181060397,-0.03324878215789795,-0.34256717562675476,-0.14309091986274325,0.04867696762084961,-0.1914118528366089,-0.2572839421138724,0.09364479780197144,-0.053520143032073975,-0.2931561929092368,0.12275069952011108,0.05215698480606079,-0.3008113962516745,-0.12261801958084106,-0.2806084156036377,-0.15247491122340762,-0.05795639753341675,-0.16234058141708374,-0.25591467441176974,0.003409743309020996,-0.04128676652908325,-0.25834082187270724,0.046529173851013184,0.05131477117538452,-0.2363685232505759,-0.19196325540542603,-0.1999197006225586,-0.16954963029479586,-0.1598537564277649,-0.12696802616119385,-0.24067665756797396,-0.10848736763000488,-0.055867910385131836,-0.2436670672998389,-0.06899935007095337,-0.0022569894790649414,-0.22746503473376833
M,0.0,0.0,0.0,0.10718250274658203,-0.0425565242767334,-0.07336217492377273,0.18098396062850952,-0.09553134441375732,-0.1394310849860858,0.2103899121284485,-0.12933558225631714,-0.20353027760540954,0.2317247986793518,-0.13425570726394653,-0.26610843419587127,0.06574004888534546,-0.33637022972106934,-0.119960885043497,0.13999241590499878,-0.18917369842529297,-0.23104530155217162,0.15230685472488403,-0.05429142713546753,-0.3104211497262668,0.1551944613456726,0.04403179883956909,-0.34904558538949004,-0.04084324836730957,-0.31990572810173035,-0.12198421686446181,0.036146342754364014,-0.16260260343551636,-0.21883633315121642,0.07648998498916626,-0.025466620922088623,-0.2528136181787204,0.10519784688949585,0.07943576574325562,-0.26301072120224944,-0.12741386890411377,-0.26197904348373413,-0.13142810344254485,-0.06407541036605835,-0.13576507568359375,-0.218797172899599,-0.006002843379974365,-0.01498323678970337,-0.2198972362235736,0.037049710750579834,0.07788509130477905,-0.20103345393692962,-0.19411545991897583,-0.18235033750534058,-0.14823428868805877,-0.16658252477645874,-0.10651212930679321,-0.2064527678445529,-0.11639803647994995,-0.037094056606292725,-0.2045846986726474,-0.07693082094192505,0.018430650234222412,-0.18780158042466155
M,0.0,0.0,0.0,0.0915408730506897,-0.02691483497619629,-0.06483844191086519,0.14876514673233032,-0.07957625389099121,-0.11781030416739213,0.15014737844467163,-0.12047803401947021,-0.1682188984776758,0.14173346757888794,-0.14188408851623535,-0.2188216027642511,0.04504835605621338,-0.26823851466178894,-0.10502829671156633,0.11424082517623901,-0.13193166255950928,-0.1955064114953302,0.12051910161972046,-0.009928584098815918,-0.2631995704795145,0.11441665887832642,0.07300341129302979,-0.3001033094550394,-0.053862035274505615,-0.26314347982406616,-0.10559988290322053,0.017955124378204346,-0.10823690891265869,-0.17854552239430177,0.050969839096069336,0.022432267665863037,-0.2055779573346399,0.07489573955535889,0.11201333999633789,-0.21886483103287446,-0.1344643235206604,-0.22224414348602295,-0.11163219332945573,-0.07562977075576782,-0.08308517932891846,-0.18576878577721345,-0.02739924192428589,0.034072279930114746,-0.183175372781875,0.008287608623504639,0.11684924364089966,-0.16857631773007142,-0.20143401622772217,-0.1555781364440918,-0.1241931718612932,-0.16622453927993774,-0.04821038246154785,-0.17987259000790345,-0.11363595724105835,0.03373080492019653,-0.1754479435111307,-0.07673639059066772,0.09271955490112305,-0.1601484146739267
M,0.0,0.0,0.0,0.10258442163467407,-0.028613507747650146,-0.07142155823657959,0.17653244733810425,-0.08101320266723633,-0.13186380473325698,0.19692397117614746,-0.12331384420394897,-0.1901443174238011,0.2067229151725769,-0.14139515161514282,-0.24907975104997604,0.06410092115402222,-0.288997083902359,-0.11654469577024429,0.13435953855514526,-0.1395321488380432,-0.21525223759363143,0.13696259260177612,-0.012152910232543945,-0.2897529473657414,0.13094455003738403,0.07999002933502197,-0.3293020298833653,-0.04378616809844971,-0.27725422382354736,-0.1170699989552304,0.0285455584526062,-0.11725091934204102,-0.19806452301691024,0.06217777729034424,0.014904916286468506,-0.2292775979394719,0.08841711282730103,0.11537587642669678,-0.24411146548936813,-0.1302717924118042,-0.22713899612426758,-0.12352413145254104,-0.07302707433700562,-0.09288132190704346,-0.20111561027715652,-0.021791458129882812,0.025990664958953857,-0.20033230093667953,0.019214987754821777,0.11664366722106934,-0.18567483333299606,-0.19910669326782227,-0.1511549949645996,-0.13727922943780868,-0.1725737452507019,-0.058651864528656006,-0.19288495389173477,-0.12126010656356812,0.01676619052886963,-0.18894151059339492,-0.08038848638534546,0.07695376873016357,-0.1737726053352162
M,0.0,0.0,0.0,0.08933854103088379,-0.0146980881690979,-0.07626437065800928,0.1560906171798706,-0.051147639751434326,-0.14298675624331736,0.17189550399780273,-0.07529497146606445,-0.2056266632457664,0.17692291736602783,-0.07812649011611938,-0.2700765993972709,0.05860060453414917,-0.2533038258552551,-0.1354219582458427,0.12255275249481201,-0.10429006814956665,-0.2395612415452888,0.1312580108642578,0.01454085111618042,-0.31392278937300944,0.12883251905441284,0.10240477323532104,-0.35351183680495524,-0.04177546501159668,-0.2452566921710968,-0.1371468719621589,0.02284175157546997,-0.09182333946228027,-0.2240650471826484,0.06037050485610962,0.03784102201461792,-0.2543621924301078,0.0849905014038086,0.1313292384147644,-0.2683211830039909,-0.12550801038742065,-0.19788408279418945,-0.14480311838588023,-0.07590681314468384,-0.07047170400619507,-0.22812023428878092,-0.026167452335357666,0.04872322082519531,-0.22434052494963908,0.007191359996795654,0.13201075792312622,-0.20788195399245524,-0.19380873441696167,-0.12691807746887207,-0.15940467683276438,-0.17435556650161743,-0.03615671396255493,-0.2177588608642509,-0.12491112947463989,0.03847604990005493,-0.21157183913192057,-0.0923815369606018,0.09168821573257446,-0.19563595620593333
M,0.0,0.0,0.0,0.09313541650772095,-0.028350830078125,-0.062190815668031973,0.16539031267166138,-0.07299423217773438,-0.1219935825573657,0.20004361867904663,-0.09317725896835327,-0.179568398605511,0.2182198166847229,-0.0831146240234375,-0.2385021931039546,0.07928591966629028,-0.28326424956321716,-0.12782457829587202,0.1407485008239746,-0.12869542837142944,-0.2294708973275874,0.1564447283744812,-0.0014159083366394043,-0.29696406782738904,0.16225677728652954,0.09347772598266602,-0.3297881966935847,-0.023277759552001953,-0.26942136883735657,-0.13578249872796277,0.03639423847198486,-0.11185401678085327,-0.22756484509579877,0.07708179950714111,0.027275562286376953,-0.25558416904084424,0.10405504703521729,0.12938696146011353,-0.26416008533112745,-0.11011230945587158,-0.21641117334365845,-0.14838663102261762,-0.06361448764801025,-0.09471672773361206,-0.23448305190675,-0.01173853874206543,0.030491352081298828,-0.2307250386583064,0.024069786071777344,0.11896347999572754,-0.21052180589310865,-0.17855513095855713,-0.14347100257873535,-0.1662464773761485,-0.1626179814338684,-0.06888413429260254,-0.22190456451050977,-0.1122923493385315,0.005889415740966797,-0.21395692587964277,-0.07383847236633301,0.061934828758239746,-0.19521966935269575
M,0.0,0.0,0.0,0.09915417432785034,-0.012006640434265137,-0.07788973760830231,0.17333918809890747,-0.018435955047607422,-0.15707625907884903,0.21929657459259033,-0.0014463067054748535,-0.23227848571764298,0.2508220076560974,0.037345707416534424,-0.3089838520907051,0.10793977975845337,-0.24156227707862854,-0.1669114576004631,0.15126043558120728,-0.08377128839492798,-0.2860029832743294,0.1619470715522766,0.049772441387176514,-0.3652888135336525,0.17110675573349,0.1425100564956665,-0.40720604819284745,-0.003827810287475586,-0.22464796900749207,-0.17649069887625046,0.04741966724395752,-0.06643617153167725,-0.2868220405005104,0.08361583948135376,0.07953625917434692,-0.3235327498339302,0.11051356792449951,0.17804723978042603,-0.3394968704603798,-0.09626209735870361,-0.16904419660568237,-0.19114818138109513,-0.05348008871078491,-0.05269432067871094,-0.2917351321600563,-0.005057573318481445,0.08024340867996216,-0.29099147480951615,0.03401404619216919,0.16843336820602417,-0.2733175055407173,-0.16539925336837769,-0.09553200006484985,-0.21199994248377152,-0.1499451994895935,-0.018459737300872803,-0.2734045581244118,-0.10153031349182129,0.05819064378738403,-0.2657497124098427,-0.0584293007850647,0.11010462045669556,-0.24943545919882126
M,0.0,0.0,0.0,0.08859330415725708,0.0023862123489379883,-0.07977063441444443,0.15553832054138184,-0.012224018573760986,-0.14763197535444306,0.1727156639099121,-0.019660770893096924,-0.21045783394743012,0.17730146646499634,-0.01598602533340454,-0.2754419171230893,0.08072519302368164,-0.18978309631347656,-0.14338541263509796,0.12475758790969849,-0.049058496952056885,-0.2382310205118756,0.1282675862312317,0.07328754663467407,-0.30415451759267853,0.12833160161972046,0.16542178392410278,-0.3394491099732022,-0.018419742584228516,-0.19682160019874573,-0.14082771772314118,0.02505779266357422,-0.03481447696685791,-0.2180570238249402,0.05032068490982056,0.10122179985046387,-0.24421651894022034,0.07267403602600098,0.20013129711151123,-0.2579616629498105,-0.10611909627914429,-0.16384124755859375,-0.14311683410574005,-0.07754957675933838,-0.026443302631378174,-0.22403419250417755,-0.03776741027832031,0.09807133674621582,-0.22037557000089691,-0.004631340503692627,0.19066542387008667,-0.20521798962522553,-0.18128889799118042,-0.1036730408668518,-0.1523328148739438,-0.17341983318328857,0.0031966567039489746,-0.2185932123081784,-0.1277140974998474,0.09089607000350952,-0.2155455821173291,-0.09335547685623169,0.159343421459198,-0.2005520039217572
M,0.0,0.0,0.0,0.09783220291137695,-0.015492141246795654,-0.07870003545406234,0.16377407312393188,-0.013795852661132812,-0.16118491405370605,0.20121979713439941,0.018301308155059814,-0.24010647052648437,0.22563380002975464,0.07160401344299316,-0.3201564472329892,0.11823248863220215,-0.23339611291885376,-0.17069859022024048,0.14924275875091553,-0.06613093614578247,-0.28913640195253265,0.15359282493591309,0.06928247213363647,-0.36543785745027435,0.15822231769561768,0.15883207321166992,-0.4055688601148404,0.008371949195861816,-0.21781039237976074,-0.1811750304115094,0.050428688526153564,-0.05121535062789917,-0.2958083074701108,0.07654213905334473,0.10014837980270386,-0.33257871085527313,0.09636569023132324,0.1974126696586609,-0.3469840508115567,-0.0858260989189148,-0.16524392366409302,-0.1966120671642102,-0.050092995166778564,-0.041377902030944824,-0.3011663180005826,-0.011359632015228271,0.09427160024642944,-0.3018112998616971,0.01921790838241577,0.18042320013046265,-0.28379776293161285,-0.158017098903656,-0.09420490264892578,-0.21791178697469604,-0.1399185061454773,-0.014687120914459229,-0.2804719131601132,-0.09289366006851196,0.06134772300720215,-0.27347066217782867,-0.052682340145111084,0.1094866394996643,-0.25753831082704437
M,0.0,0.0,0.0,0.11000221967697144,0.004060149192810059,-0.1018564891760434,0.1683834195137024,0.028314650058746338,-0.20946441262412918,0.19004857540130615,0.0900874137878418,-0.309678744966277,0.1892724633216858,0.1567029356956482,-0.4101848420446004,0.17763185501098633,-0.17111867666244507,-0.22771377533126724,0.18590706586837769,-0.007746756076812744,-0.3702234145944203,0.18150806427001953,0.12596380710601807,-0.46291584938217056,0.1832018494606018,0.20766150951385498,-0.5164929744546498,0.0647926926612854,-0.1635192632675171,-0.24036186605144394,0.08751511573791504,-0.0010546445846557617,-0.3843196150605763,0.10805666446685791,0.15211409330368042,-0.43699289529968155,0.12817484140396118,0.2455189824104309,-0.46336199014831436,-0.03323352336883545,-0.12231439352035522,-0.2585935410802449,-0.008530676364898682,0.018924295902252197,-0.38308532207656754,0.024975061416625977,0.15626972913742065,-0.39297322600532425,0.05665045976638794,0.2412225604057312,-0.38278688162017716,-0.10646390914916992,-0.060079991817474365,-0.28472302525688065,-0.08168911933898926,0.046945393085479736,-0.35353849499870194,-0.0381130576133728,0.13472843170166016,-0.35033844083000076,0.0036129355430603027,0.1919669508934021,-0.3413466331307973
M,0.0,0.0,0.0,0.11481887102127075,0.012539446353912354,-0.1274665734865721,0.1702231764793396,0.03387594223022461,-0.24956118978047925,0.18181562423706055,0.0968819260597229,-0.3583300254442747,0.17615002393722534,0.16836994886398315,-0.46707357383752424,0.17614471912384033,-0.15419256687164307,-0.28027032233262617,0.18206995725631714,0.005717277526855469,-0.4340061388113554,0.17531132698059082,0.1444750428199768,-0.5296615800955351,0.17300212383270264,0.2321363091468811,-0.5857859692671354,0.06440794467926025,-0.1508638858795166,-0.2835600814917143,0.08388429880142212,0.007579207420349121,-0.444183989534622,0.0984642505645752,0.1623799204826355,-0.5033022604086455,0.10932105779647827,0.26179230213165283,-0.5343795261480864,-0.030779659748077393,-0.11681848764419556,-0.29242144442582685,-0.011306285858154297,0.024789392948150635,-0.43148954130197126,0.013935685157775879,0.16668421030044556,-0.44834105587983686,0.03794097900390625,0.26070183515548706,-0.4422743163206633,-0.10135656595230103,-0.06035333871841431,-0.31050889111543256,-0.0838276743888855,0.05174964666366577,-0.3915511510469969,-0.04603606462478638,0.14489543437957764,-0.39799068785691816,-0.007094979286193848,0.20767992734909058,-0.3965826473333891
M,0.0,0.0,0.0,0.09410947561264038,0.00941920280456543,-0.10094041837857048,0.1467840075492859,0.03010314702987671,-0.19964988245175164,0.164828360080719,0.07955241203308105,-0.2892653466622619,0.17051082849502563,0.143496572971344,-0.37978885783360283,0.10814201831817627,-0.19666725397109985,-0.22073767794773858,0.12755221128463745,-0.03266894817352295,-0.3449317635457305,0.1263798475265503,0.10673558712005615,-0.4175161839883117,0.1321677565574646,0.20037603378295898,-0.45509023679898064,0.0011423230171203613,-0.18556037545204163,-0.22373909963772576,0.03347212076187134,-0.020203471183776855,-0.3470493377606658,0.05864065885543823,0.13500374555587769,-0.38024289621517937,0.08068561553955078,0.2375968098640442,-0.3921208800236968,-0.08981138467788696,-0.13758963346481323,-0.23104759766266625,-0.061003684997558594,-0.009029924869537354,-0.34386042966053765,-0.02356553077697754,0.13565587997436523,-0.33954633487866204,0.011178910732269287,0.23196625709533691,-0.31764895929501336,-0.15720587968826294,-0.06883573532104492,-0.24564751698181908,-0.15058261156082153,0.017079830169677734,-0.3159010828892974,-0.10491609573364258,0.10345065593719482,-0.30943776382611077,-0.06093454360961914,0.163116455078125,-0.29362044943974297
M,0.0,0.0,0.0,0.11135351657867432,0.011183083057403564,-0.1250400194826966,0.16636765003204346,0.030437946319580078,-0.24425580593975837,0.18324154615402222,0.08955943584442139,-0.349893490404213,0.17915403842926025,0.15050840377807617,-0.4548590579930192,0.17106521129608154,-0.17557597160339355,-0.2713767090741044,0.17260617017745972,-0.018004298210144043,-0.4202467599812394,0.16697680950164795,0.11729252338409424,-0.5129215815964585,0.17136776447296143,0.20354604721069336,-0.5670334199372178,0.05707758665084839,-0.169279545545578,-0.27339668068322,0.07453393936157227,-0.007478594779968262,-0.4285073378983384,0.08817553520202637,0.14790558815002441,-0.4851554730835801,0.10381507873535156,0.24747347831726074,-0.5148819783631211,-0.03998076915740967,-0.131538987159729,-0.28105382117661293,-0.024298667907714844,0.00938880443572998,-0.414295266002739,0.004714846611022949,0.1465357542037964,-0.43112976345452125,0.03631347417831421,0.2397545576095581,-0.42627380284699257,-0.11071372032165527,-0.07339125871658325,-0.29775492343338783,-0.09712773561477661,0.028263330459594727,-0.3740698197785264,-0.05787628889083862,0.11501073837280273,-0.3802010813656693,-0.014406383037567139,0.17555999755859375,-0.3792519966069108
M,0.0,0.0,0.0,0.10526406764984131,-0.001807570457458496,-0.09691756379335459,0.16663676500320435,0.013393819332122803,-0.19668927204340036,0.19290798902511597,0.06141394376754761,-0.2904975057813459,0.19627439975738525,0.12278950214385986,-0.3841848911020094,0.16598457098007202,-0.206587553024292,-0.20462078761785563,0.1765541434288025,-0.053917884826660156,-0.34097355019777353,0.17098671197891235,0.07784730195999146,-0.4292454959127241,0.1696719527244568,0.16254782676696777,-0.47782647025316294,0.05301719903945923,-0.203499436378479,-0.2146347553703123,0.0787387490272522,-0.0400850772857666,-0.3504524470540815,0.095683753490448,0.11061841249465942,-0.39713575851648386,0.11096137762069702,0.20545947551727295,-0.4166901351186567,-0.04633438587188721,-0.1634238362312317,-0.231074714777165,-0.02064979076385498,-0.018859505653381348,-0.35053452264993723,0.010012447834014893,0.1166616678237915,-0.3575364590856367,0.0372546911239624,0.20266938209533691,-0.342771971342259,-0.12140899896621704,-0.10084331035614014,-0.25533127200334604,-0.09759336709976196,0.011314868927001953,-0.3246431292268568,-0.052650630474090576,0.10085618495941162,-0.3216405154439741,-0.011174917221069336,0.1591564416885376,-0.3089584649774366
M,0.0,0.0,0.0,0.08942151069641113,-0.004297196865081787,-0.12120403465726781,0.14906758069992065,-0.014242768287658691,-0.22610229370096135,0.17818200588226318,0.0023273229598999023,-0.31841017422178197,0.19801545143127441,0.039250075817108154,-0.41055558738210607,0.09745705127716064,-0.2395954430103302,-0.23035100218751836,0.1158328652381897,-0.08340436220169067,-0.37004621443250585,0.11342042684555054,0.04823946952819824,-0.45523195085027623,0.11243295669555664,0.13929343223571777,-0.4990087610194962,-0.01409059762954712,-0.23144376277923584,-0.22369440016248632,0.016276240348815918,-0.08122944831848145,-0.35841246065595556,0.039441049098968506,0.06629693508148193,-0.3969844442317765,0.057752370834350586,0.16434168815612793,-0.41048784670331884,-0.10629791021347046,-0.18349695205688477,-0.22517460700967717,-0.0842447280883789,-0.06666296720504761,-0.3448985975692551,-0.04942202568054199,0.06448054313659668,-0.3438206475684922,-0.01784801483154297,0.15125155448913574,-0.32373313722112584,-0.17810392379760742,-0.11804813146591187,-0.23621547338464666,-0.17274367809295654,-0.040567219257354736,-0.3138141196677964,-0.12745517492294312,0.036794066429138184,-0.31413482245901037,-0.08521974086761475,0.08719867467880249,-0.3022703689048569
M,0.0,0.0,0.0,0.09280902147293091,-0.007054269313812256,-0.09248260098252103,0.15637826919555664,-0.02012425661087036,-0.17995754318985746,0.1928083300590515,-0.009873270988464355,-0.2624209715679626,0.21339291334152222,0.01877683401107788,-0.34520613091740415,0.11203593015670776,-0.24689406156539917,-0.17348024683747099,0.12804055213928223,-0.11087524890899658,-0.29920019644055174,0.12961971759796143,0.01367795467376709,-0.3819986178234558,0.13677841424942017,0.09721904993057251,-0.4267319931343536,0.0012015104293823242,-0.23945224285125732,-0.17880808251652525,0.03255116939544678,-0.09715598821640015,-0.3009765340641479,0.05290776491165161,0.05242961645126343,-0.3414191498115997,0.07022148370742798,0.14852970838546753,-0.35734536188397215,-0.09298485517501831,-0.19238823652267456,-0.19182429152283476,-0.07092010974884033,-0.0862048864364624,-0.30088149445805357,-0.03652828931808472,0.04967021942138672,-0.3010177804783325,-0.004968762397766113,0.14085906744003296,-0.2834222509220581,-0.16446542739868164,-0.12383759021759033,-0.21265635329041288,-0.15513944625854492,-0.04422515630722046,-0.2814265086010437,-0.11006975173950195,0.03939008712768555,-0.2788750721767883,-0.06844860315322876,0.09409314393997192,-0.2661826803043823
M,0.0,0.0,0.0,0.09359627962112427,-0.02970057725906372,-0.1060644852373116,0.15146780014038086,-0.07412415742874146,-0.19180010430545735,0.17641252279281616,-0.0943758487701416,-0.26775744728774953,0.18849235773086548,-0.08029866218566895,-0.3403990881893151,0.09895163774490356,-0.32874417304992676,-0.1643041091415398,0.11494326591491699,-0.18104052543640137,-0.283373029753875,0.11353451013565063,-0.05929410457611084,-0.3590388017150872,0.11408084630966187,0.02013564109802246,-0.3969483988735192,-0.010293781757354736,-0.32352370023727417,-0.15709139578075337,0.01736617088317871,-0.18077796697616577,-0.2750667350742333,0.03760707378387451,-0.04145258665084839,-0.3108831959220879,0.05187636613845825,0.05560302734375,-0.318540425822448,-0.10432744026184082,-0.27615177631378174,-0.1595186906311028,-0.08434289693832397,-0.16181540489196777,-0.26417738370628285,-0.049825966358184814,-0.03361022472381592,-0.26402098111839223,-0.024321258068084717,0.05471491813659668,-0.24210173063011098,-0.1784573197364807,-0.20750272274017334,-0.171066956445884,-0.17037367820739746,-0.1307660937309265,-0.23717519812316823,-0.12917560338974,-0.054656386375427246,-0.23632435672016072,-0.09570956230163574,-0.0061234235763549805,-0.22098262779445577
M,0.0,0.0,0.0,0.102985680103302,-0.0376473069190979,-0.11488252816062072,0.16275304555892944,-0.10361993312835693,-0.1991300204144011,0.18145185708999634,-0.14442598819732666,-0.27069797304730514,0.1860363483428955,-0.14264535903930664,-0.3363028385983,0.0788004994392395,-0.36044615507125854,-0.16333883193593124,0.09880989789962769,-0.215276837348938,-0.28514584091763595,0.1013098955154419,-0.08904588222503662,-0.36310880569081405,0.1015055775642395,-0.004313170909881592,-0.40179222015004257,-0.030864298343658447,-0.3530022203922272,-0.1502362259970198,-0.002428889274597168,-0.22079753875732422,-0.27383636621098617,0.02688014507293701,-0.07577991485595703,-0.312789849315692,0.04669189453125,0.028307795524597168,-0.3205676594124327,-0.11983036994934082,-0.30104368925094604,-0.14813543048958877,-0.10344874858856201,-0.20025283098220825,-0.25730460075001815,-0.05806756019592285,-0.07183998823165894,-0.2594538250313292,-0.022187232971191406,0.01970505714416504,-0.23767820683579544,-0.18757718801498413,-0.22911840677261353,-0.1559207507715712,-0.18832892179489136,-0.16591227054595947,-0.2275375047073851,-0.14507704973220825,-0.0957268476486206,-0.23178856757741073,-0.10622924566268921,-0.05312848091125488,-0.21901259509186843
M,0.0,0.0,0.0,0.10081237554550171,-0.046963512897491455,-0.10383397245101378,0.1552269458770752,-0.1194412112236023,-0.18158986323766158,0.16239303350448608,-0.173456609249115,-0.24886228793553755,0.15556395053863525,-0.18429726362228394,-0.3112017726271574,0.0718761682510376,-0.3662203252315521,-0.14358562880448744,0.10031318664550781,-0.23835206031799316,-0.2585570132105772,0.10172069072723389,-0.11411839723587036,-0.332026413616461,0.10084235668182373,-0.03155547380447388,-0.36808477991513655,-0.0345880389213562,-0.3593090772628784,-0.13314158373765395,0.000532984733581543,-0.23547661304473877,-0.24883364790372298,0.024208545684814453,-0.09123897552490234,-0.2821437632410948,0.0416223406791687,0.012965083122253418,-0.2854018723338072,-0.1250031590461731,-0.3119485378265381,-0.1336902593939726,-0.09763836860656738,-0.20487987995147705,-0.2379354005425398,-0.056913018226623535,-0.0756482481956482,-0.23528797083787367,-0.025828123092651367,0.016196489334106445,-0.20972137802533553,-0.1979694366455078,-0.24379205703735352,-0.14339081102303908,-0.18638962507247925,-0.1672734022140503,-0.21318336480550215,-0.1415773630142212,-0.08661448955535889,-0.21334280723027632,-0.10569506883621216,-0.036288559436798096,-0.19609673970632002
M,0.0,0.0,0.0,0.10135006904602051,-0.03756338357925415,-0.09626646519927817,0.156294584274292,-0.09461534023284912,-0.17432509542732078,0.16578638553619385,-0.13095688819885254,-0.24420295835761863,0.1536628007888794,-0.1240234375,-0.31101584614543754,0.07682877779006958,-0.34860289096832275,-0.14295771898059684,0.10278236865997314,-0.22476905584335327,-0.2557483035448058,0.10413849353790283,-0.09558093547821045,-0.33134541095523673,0.10438472032546997,-0.007514536380767822,-0.3698470312479003,-0.026443302631378174,-0.34053874015808105,-0.13705405772952872,0.004160761833190918,-0.2179412841796875,-0.24850107909469443,0.033447980880737305,-0.07331955432891846,-0.28427607001094657,0.054748475551605225,0.0325084924697876,-0.29140991152553397,-0.11518692970275879,-0.29296785593032837,-0.14049948931960898,-0.09506005048751831,-0.19045329093933105,-0.23971125663547355,-0.05083966255187988,-0.05759739875793457,-0.23836419166354972,-0.016555964946746826,0.03923457860946655,-0.21577850164203483,-0.18520402908325195,-0.22438043355941772,-0.15255610824851829,-0.18300551176071167,-0.1505751609802246,-0.2194598335149749,-0.1396341323852539,-0.0677538514137268,-0.21944631816177207,-0.10297197103500366,-0.012507915496826172,-0.20349687517909842
M,0.0,0.0,0.0,0.1014857292175293,-0.0580979585647583,-0.07371786928331403,0.15291988849639893,-0.13728845119476318,-0.13416812515413312,0.15063977241516113,-0.19429326057434082,-0.1906097153440669,0.13243180513381958,-0.20838558673858643,-0.24383605218088178,0.06363725662231445,-0.37390100955963135,-0.09841112739002256,0.10176360607147217,-0.2545384168624878,-0.2025234619394496,0.1068989634513855,-0.12692248821258545,-0.27710176205789594,0.10590970516204834,-0.03834563493728638,-0.3152429530636027,-0.032347142696380615,-0.3723466992378235,-0.09826828485881833,0.004323065280914307,-0.2458297610282898,-0.19890185392057447,0.0328747034072876,-0.10555797815322876,-0.2332812467828944,0.05486607551574707,0.0032765865325927734,-0.23939417994176893,-0.11720877885818481,-0.32795295119285583,-0.10776229894315748,-0.09282714128494263,-0.21614742279052734,-0.19673221504842786,-0.046080946922302246,-0.09208935499191284,-0.1964383343473628,-0.008029162883758545,0.004260540008544922,-0.17579410171663312,-0.1857815980911255,-0.25808072090148926,-0.12502584552919416,-0.1797744631767273,-0.16886162757873535,-0.18870942986166028,-0.1350824236869812,-0.08812177181243896,-0.19129864072954206,-0.09753966331481934,-0.032918334007263184,-0.17641896701013593
M,0.0,0.0,0.0,0.09940320253372192,-0.051259636878967285,-0.10042360156501218,0.1485244631767273,-0.12016409635543823,-0.1785725179287283,0.14825111627578735,-0.16607147455215454,-0.2471113923164694,0.13070279359817505,-0.16741228103637695,-0.310597685274729,0.0658000111579895,-0.36647889018058777,-0.13944297760451718,0.10878223180770874,-0.24378687143325806,-0.25746813147986813,0.11836791038513184,-0.11607778072357178,-0.33536806434119626,0.11729210615158081,-0.026955842971801758,-0.37371292441810056,-0.03171318769454956,-0.3607112765312195,-0.13162520259345456,0.011634349822998047,-0.2403564453125,-0.24865208297694608,0.047685861587524414,-0.09930747747421265,-0.28658118575538083,0.0712043046951294,0.005133092403411865,-0.29331725567305966,-0.11748343706130981,-0.3117709457874298,-0.13494868308032437,-0.08642125129699707,-0.2127971649169922,-0.23751152783358975,-0.03671032190322876,-0.08827918767929077,-0.23827743261779233,-0.00036913156509399414,0.0033402442932128906,-0.21627475052798673,-0.18825984001159668,-0.2404550313949585,-0.1475296291681616,-0.1785920262336731,-0.17113113403320312,-0.21762571960414334,-0.13604557514190674,-0.09593093395233154,-0.22084869175876065,-0.10304546356201172,-0.04708445072174072,-0.20634962349856778
M,0.0,0.0,0.0,0.10183238983154297,-0.0662502646446228,-0.07150503574803224,0.14901554584503174,-0.14891082048416138,-0.12778418837979189,0.13882315158843994,-0.20663487911224365,-0.17993838666870943,0.11446285247802734,-0.2224687933921814,-0.22819608031704774,0.05863088369369507,-0.37490394711494446,-0.08691080241396776,0.1049727201461792,-0.2646993398666382,-0.18678830145790926,0.12092143297195435,-0.13757765293121338,-0.259704079021958,0.1246536374092102,-0.05416756868362427,-0.29816975771382204,-0.035914719104766846,-0.3751652240753174,-0.08626799612238756,0.012405574321746826,-0.2530818581581116,-0.18210294424488893,0.05126553773880005,-0.11567074060440063,-0.2163912314076697,0.07853847742080688,-0.014271259307861328,-0.22412082134678712,-0.12111818790435791,-0.3318926692008972,-0.0958409640093123,-0.08110713958740234,-0.22167527675628662,-0.18374330877259126,-0.026027977466583252,-0.10184550285339355,-0.18541191100075594,0.014773368835449219,-0.012452125549316406,-0.1669508027930533,-0.19146251678466797,-0.2621164917945862,-0.11291266559555879,-0.16566026210784912,-0.17452192306518555,-0.17753807782128206,-0.11540329456329346,-0.09292435646057129,-0.18145237444832674,-0.07826203107833862,-0.03941702842712402,-0.16805658816292635
M,0.0,0.0,0.0,0.1049697995185852,-0.05602669715881348,-0.06858897868886515,0.1603705883026123,-0.13620364665985107,-0.12187481586232707,0.16295701265335083,-0.19605684280395508,-0.17122341607108638,0.15048325061798096,-0.2151116132736206,-0.21770667944446132,0.06265747547149658,-0.3730728030204773,-0.08989367548718974,0.10676443576812744,-0.26423531770706177,-0.1823855033923678,0.12664538621902466,-0.13921046257019043,-0.2505966267396502,0.13561642169952393,-0.061238110065460205,-0.2881069025804095,-0.0323449969291687,-0.37002164125442505,-0.089702672403007,0.016889512538909912,-0.25327664613723755,-0.17880418811336085,0.05671137571334839,-0.11855846643447876,-0.21102608654990718,0.08675199747085571,-0.02433222532272339,-0.22044351611629054,-0.11748504638671875,-0.32384663820266724,-0.0982783577252917,-0.07692164182662964,-0.22181940078735352,-0.1830959162522845,-0.019675910472869873,-0.10124361515045166,-0.1856767973710589,0.024569571018218994,-0.0147169828414917,-0.16991034064784571,-0.18705415725708008,-0.2523200511932373,-0.11321154896512553,-0.16646772623062134,-0.1762387752532959,-0.1752587250281863,-0.11319994926452637,-0.0986020565032959,-0.1786781391908221,-0.07027381658554077,-0.049164652824401855,-0.16672649894252345
M,0.0,0.0,0.0,0.10328418016433716,-0.06409347057342529,-0.09060936011769627,0.1541156768798828,-0.14848995208740234,-0.1602600846479163,0.14567893743515015,-0.21249455213546753,-0.22108459808328007,0.1186450719833374,-0.23312634229660034,-0.2770717177579627,0.05886274576187134,-0.38102611899375916,-0.128423694152616,0.10990327596664429,-0.28449174761772156,-0.2450764212796912,0.13297748565673828,-0.1590735912322998,-0.3228647742459998,0.1400861144065857,-0.07988238334655762,-0.36369741298653935,-0.033592402935028076,-0.37874072790145874,-0.1236489150712714,0.021942198276519775,-0.27113619446754456,-0.23829050697781895,0.06914663314819336,-0.13595378398895264,-0.27548778392770146,0.09905105829238892,-0.04322159290313721,-0.2849895689676032,-0.11552935838699341,-0.3332083225250244,-0.13010377027489994,-0.0686829686164856,-0.23634546995162964,-0.23805778064229344,-0.009153306484222412,-0.11197996139526367,-0.2396854493806586,0.03225815296173096,-0.026721656322479248,-0.21991354562737797,-0.18418926000595093,-0.2636122405529022,-0.14427000619866703,-0.15473449230194092,-0.1910211443901062,-0.22321160473325108,-0.10141128301620483,-0.1079820990562439,-0.22822667994000767,-0.0621224045753479,-0.05740547180175781,-0.21526643969514225
M,0.0,0.0,0.0,0.10498768091201782,-0.05998927354812622,-0.07574138627990123,0.15702903270721436,-0.14100658893585205,-0.13630275265916225,0.16022050380706787,-0.19845080375671387,-0.1918611063216531,0.14508795738220215,-0.2083958387374878,-0.24280880229218837,0.06806796789169312,-0.39455461502075195,-0.09420623467906353,0.1160651445388794,-0.2908537685871124,-0.19267351762994167,0.1369379162788391,-0.165583074092865,-0.2639103962634408,0.1434323787689209,-0.0844794511795044,-0.3019082082961404,-0.02804189920425415,-0.3889722526073456,-0.09387886361821529,0.02652639150619507,-0.28078317642211914,-0.18857109384282467,0.07044601440429688,-0.14579558372497559,-0.223696006700834,0.09726279973983765,-0.05177432298660278,-0.23376065330251095,-0.11502665281295776,-0.3381457030773163,-0.10356716649278042,-0.06877589225769043,-0.24559319019317627,-0.19071009592755672,-0.009406507015228271,-0.1233522891998291,-0.1952286942456567,0.03071492910385132,-0.03655475378036499,-0.18033039407475826,-0.18478995561599731,-0.26095759868621826,-0.12051266269429561,-0.15476346015930176,-0.19310152530670166,-0.18050460355027553,-0.10110360383987427,-0.11574935913085938,-0.18355431990369198,-0.06221526861190796,-0.06499207019805908,-0.1720486714099252
M,0.0,0.0,0.0,0.1117558479309082,-0.05461406707763672,-0.07922992104376192,0.17010176181793213,-0.12999069690704346,-0.1460375338205182,0.174981951713562,-0.17442816495895386,-0.20625086122835512,0.1609078049659729,-0.17392748594284058,-0.26309901470030184,0.08646303415298462,-0.3828199505805969,-0.11993353808010454,0.13304758071899414,-0.282305508852005,-0.22233483189428682,0.15314066410064697,-0.15111702680587769,-0.29052722448194856,0.16055935621261597,-0.06543314456939697,-0.3278966247447812,-0.007901966571807861,-0.3773977756500244,-0.12369656556928987,0.04218202829360962,-0.28133708238601685,-0.22998179489458437,0.08622568845748901,-0.13989639282226562,-0.2685472666629636,0.11232554912567139,-0.04046982526779175,-0.28061166399801607,-0.09485620260238647,-0.32690179347991943,-0.13546848291242952,-0.05974990129470825,-0.25226980447769165,-0.23695179814184542,-0.003921806812286377,-0.11601603031158447,-0.24002987140501375,0.03410995006561279,-0.021453559398651123,-0.22236917907083864,-0.16716492176055908,-0.250835120677948,-0.15316130215013857,-0.14728659391403198,-0.2005050778388977,-0.22533032292211885,-0.09548026323318481,-0.11306267976760864,-0.2255317270168149,-0.05498528480529785,-0.05452638864517212,-0.21070024365270967
M,0.0,0.0,0.0,0.10701048374176025,-0.046048879623413086,-0.08406176531502751,0.1630069613456726,-0.11655962467193604,-0.15307808780858068,0.15968471765518188,-0.1599959135055542,-0.21420049035737065,0.13765913248062134,-0.1686999797821045,-0.2719084557313636,0.06656312942504883,-0.37340274453163147,-0.1236193563956931,0.12928247451782227,-0.2862910032272339,-0.23030667865464238,0.15239107608795166,-0.15784013271331787,-0.30413483941742925,0.15942102670669556,-0.0715477466583252,-0.3460823830384925,-0.014374792575836182,-0.38511693477630615,-0.12376655006596593,0.04280877113342285,-0.2905329167842865,-0.23241997623631505,0.09009981155395508,-0.1480271816253662,-0.27292185390183477,0.11789959669113159,-0.04548299312591553,-0.28636967504212407,-0.08647382259368896,-0.34830641746520996,-0.1329032715577796,-0.04539346694946289,-0.2634951174259186,-0.23663910591790227,0.0135955810546875,-0.12488269805908203,-0.24088711404988317,0.0531044602394104,-0.02695554494857788,-0.22439631188103704,-0.14310693740844727,-0.2820237874984741,-0.14863563442418126,-0.11873441934585571,-0.21299612522125244,-0.22573737168499974,-0.06277632713317871,-0.11800408363342285,-0.22951226794907598,-0.020222008228302002,-0.05531764030456543,-0.21664669478127507
M,0.0,0.0,0.0,0.11073923110961914,-0.050812602043151855,-0.08069308090455252,0.1703181266784668,-0.12782210111618042,-0.14471721637494284,0.17300796508789062,-0.17404788732528687,-0.2028729020381661,0.15071189403533936,-0.1728750765323639,-0.2565177677894326,0.07029235363006592,-0.39173415303230286,-0.09597671765334326,0.1242297887802124,-0.29727643728256226,-0.19500087189919668,0.14441049098968506,-0.1716938018798828,-0.2661459742809029,0.14905202388763428,-0.09111994504928589,-0.30365031945950705,-0.022788584232330322,-0.3882697820663452,-0.09435792255646902,0.03743433952331543,-0.28707611560821533,-0.19066239881760794,0.08141452074050903,-0.1519773006439209,-0.22701284277684408,0.10508310794830322,-0.06059306859970093,-0.2368910162473412,-0.10786670446395874,-0.3405548632144928,-0.10308393824345785,-0.05997437238693237,-0.2553485631942749,-0.19140261399991232,-0.0033362507820129395,-0.127966046333313,-0.19501598167664724,0.03274691104888916,-0.04094666242599487,-0.17827998090035635,-0.17519456148147583,-0.2669619023799896,-0.11916533845908361,-0.14862728118896484,-0.20814862847328186,-0.17796319711453634,-0.09650206565856934,-0.1259068250656128,-0.17766821372754293,-0.05883747339248657,-0.07301485538482666,-0.1631312816167565
M,0.0,0.0,0.0,0.1106877326965332,-0.057678818702697754,-0.07787923449484424,0.16869378089904785,-0.13635873794555664,-0.1413864039799364,0.16995608806610107,-0.1859959363937378,-0.19915372067896442,0.14449822902679443,-0.1944330930709839,-0.25173711711374835,0.06983113288879395,-0.3924267292022705,-0.102254151644388,0.12228971719741821,-0.29823195934295654,-0.20271862977949695,0.14187967777252197,-0.1731189787387848,-0.27336314255205707,0.14555251598358154,-0.09634876251220703,-0.31109505826441364,-0.025394320487976074,-0.39007481932640076,-0.10196651452986316,0.030453979969024658,-0.28841257095336914,-0.1997178786417635,0.07621359825134277,-0.15583226084709167,-0.23312942618338184,0.1010507345199585,-0.06479161977767944,-0.24146872693506793,-0.11205530166625977,-0.3432272970676422,-0.11170572722164707,-0.06690406799316406,-0.2563127279281616,-0.2022266232391985,-0.004367649555206299,-0.13213765621185303,-0.2038040601631792,0.03690075874328613,-0.04735809564590454,-0.18610139125792102,-0.18006056547164917,-0.269710898399353,-0.12865313822237567,-0.14951294660568237,-0.20445877313613892,-0.19206388229338245,-0.09258943796157837,-0.12421005964279175,-0.19384431773630695,-0.05111140012741089,-0.07372879981994629,-0.18052509361712055
M,0.0,0.0,0.0,0.11163771152496338,-0.05373799800872803,-0.08269754099026727,0.17503809928894043,-0.12484782934188843,-0.15393213229552316,0.18842077255249023,-0.16641223430633545,-0.21906904178038644,0.18149423599243164,-0.16738924384117126,-0.27940464811698007,0.07876855134963989,-0.38178157806396484,-0.12026222842112588,0.1345018744468689,-0.27677831053733826,-0.23228482203856515,0.15307587385177612,-0.14545002579689026,-0.30923438864127206,0.15850424766540527,-0.06081712245941162,-0.3496238668479066,-0.02150893211364746,-0.3769601285457611,-0.12207626598254251,0.039504945278167725,-0.27394914627075195,-0.2304960717476945,0.08605742454528809,-0.13613420724868774,-0.2677129288233857,0.11303544044494629,-0.03911864757537842,-0.27767363982573556,-0.11105179786682129,-0.328684538602829,-0.13377989130393075,-0.06111419200897217,-0.2412714958190918,-0.2351703126944642,0.0010509490966796875,-0.11049079895019531,-0.2381896455802064,0.04084372520446777,-0.02106308937072754,-0.21948663192168283,-0.18217647075653076,-0.2554107904434204,-0.15249326126948404,-0.1445637345314026,-0.18847984075546265,-0.2223902125872712,-0.08574092388153076,-0.09963154792785645,-0.22348503070250558,-0.04481762647628784,-0.04234910011291504,-0.20882362919226694
M,0.0,0.0,0.0,0.10997563600540161,-0.052992284297943115,-0.0896760713015965,0.16716337203979492,-0.1271376609802246,-0.16310556639780316,0.16926640272140503,-0.16844046115875244,-0.22863600064863476,0.15282291173934937,-0.15907201170921326,-0.2892803292428425,0.08070439100265503,-0.38485807180404663,-0.12684302438844952,0.13279354572296143,-0.2726549804210663,-0.23925666917909894,0.15068203210830688,-0.14042353630065918,-0.31490362097372326,0.15372371673583984,-0.055734992027282715,-0.35441106964697155,-0.017702102661132812,-0.38224154710769653,-0.12459765781511578,0.035896241664886475,-0.27434417605400085,-0.234742302790778,0.07868164777755737,-0.13577449321746826,-0.27141198922743115,0.10364431142807007,-0.037895798683166504,-0.2801198403989247,-0.1053343415260315,-0.33311766386032104,-0.13272138346781048,-0.06398439407348633,-0.24013099074363708,-0.23418851603616986,-0.004076957702636719,-0.10986626148223877,-0.23713110794176373,0.035803020000457764,-0.020271897315979004,-0.21817535568823132,-0.17396801710128784,-0.25807374715805054,-0.14865942706217083,-0.14514583349227905,-0.18754050135612488,-0.2181918810759953,-0.09023970365524292,-0.10274964570999146,-0.22095601667513165,-0.05144667625427246,-0.04972440004348755,-0.2077773999129704
M,0.0,0.0,0.0,0.10558277368545532,-0.044016242027282715,-0.10488565554601337,0.1613762378692627,-0.10622477531433105,-0.18999999304992343,0.16225004196166992,-0.1411265730857849,-0.2648463799594083,0.14669567346572876,-0.130651593208313,-0.3344630851386228,0.08746808767318726,-0.36771202087402344,-0.1560354932187238,0.1282283067703247,-0.2496301829814911,-0.27988022109252597,0.14145731925964355,-0.11881917715072632,-0.3590729786990323,0.1459367871284485,-0.03248882293701172,-0.399540032350842,-0.014239072799682617,-0.3646058738231659,-0.15101781030875827,0.033201754093170166,-0.2566621005535126,-0.274226631128613,0.07174396514892578,-0.11975562572479248,-0.3143804921744504,0.09651714563369751,-0.021580100059509277,-0.3237309708235898,-0.10579097270965576,-0.3169327974319458,-0.1569473250744977,-0.07216060161590576,-0.22377699613571167,-0.26871594330054904,-0.01759392023086548,-0.09142422676086426,-0.2719784929392972,0.02265232801437378,-0.0010861754417419434,-0.25145896812659885,-0.17877930402755737,-0.2441788911819458,-0.17168305357677127,-0.15849542617797852,-0.17185142636299133,-0.24801359614116336,-0.10618597269058228,-0.08565449714660645,-0.25206088563186313,-0.06513631343841553,-0.03323376178741455,-0.23872120221835758
M,0.0,0.0,0.0,0.10474395751953125,-0.04903066158294678,-0.08951156251549719,0.15863430500030518,-0.11213409900665283,-0.16338073127388952,0.16120266914367676,-0.14244502782821655,-0.2294980924618244,0.14192819595336914,-0.12626373767852783,-0.2912338864099979,0.07495933771133423,-0.36606743931770325,-0.12706380002617834,0.1223149299621582,-0.24468177556991577,-0.23775110058903692,0.13795983791351318,-0.11302554607391357,-0.31076066606163977,0.14140033721923828,-0.02838766574859619,-0.34827144854187964,-0.024975478649139404,-0.3612418472766876,-0.12561013214707373,0.026449084281921387,-0.2439875304698944,-0.23328622095704077,0.06460988521575928,-0.10473650693893433,-0.26899348609566687,0.0865514874458313,-0.011149168014526367,-0.2774685811293125,-0.11431443691253662,-0.3121757209300995,-0.1342631172430515,-0.07298886775970459,-0.2076857089996338,-0.23138639741063116,-0.019497692584991455,-0.08247494697570801,-0.2339320968878269,0.01555478572845459,-0.0023745298385620117,-0.21561853997826574,-0.18508976697921753,-0.23866981267929077,-0.1508392583620548,-0.1581985354423523,-0.15995550155639648,-0.21260716431260107,-0.10826313495635986,-0.0786595344543457,-0.21255565099835394,-0.07315903902053833,-0.0339665412902832,-0.1990323256742954
M,0.0,0.0,0.0,0.10164815187454224,-0.058621883392333984,-0.07614236790158202,0.15796852111816406,-0.1395740509033203,-0.13581307697512557,0.1608140468597412,-0.20293986797332764,-0.18978605139471938,0.15025115013122559,-0.22265544533729553,-0.23931910562731673,0.06155270338058472,-0.37245237827301025,-0.09884066599823882,0.10849630832672119,-0.2603049576282501,-0.19876802432753493,0.12091463804244995,-0.13299518823623657,-0.2697945730707829,0.12387460470199585,-0.05282795429229736,-0.30675010848261763,-0.03438293933868408,-0.37061652541160583,-0.09605263638712813,0.012788355350494385,-0.2509675621986389,-0.1916003273747151,0.04869842529296875,-0.11670470237731934,-0.2229743646404927,0.07496488094329834,-0.019456028938293457,-0.2293532686255162,-0.11842387914657593,-0.3284738063812256,-0.10306824463822295,-0.08036988973617554,-0.22325599193572998,-0.19076900649287154,-0.030201375484466553,-0.10323494672775269,-0.19016719329573561,0.008116960525512695,-0.015587389469146729,-0.1705572949669545,-0.1861148476600647,-0.2630460560321808,-0.11762895155169417,-0.16634219884872437,-0.18270373344421387,-0.1796912299416249,-0.12080562114715576,-0.0999746322631836,-0.18107209074713637,-0.0850493311882019,-0.04564166069030762,-0.1665088282845204
M,0.0,0.0,0.0,0.1007000207901001,-0.04869359731674194,-0.06904808372803473,0.1528385877609253,-0.11987662315368652,-0.12372505605765127,0.14660656452178955,-0.1662728190422058,-0.1741203808838918,0.12674129009246826,-0.1679491102695465,-0.2206640684659078,0.05880659818649292,-0.35082632303237915,-0.08408807904072546,0.10619932413101196,-0.23222380876541138,-0.17545635939188742,0.11597436666488647,-0.10599195957183838,-0.24054785013743185,0.11500418186187744,-0.025638580322265625,-0.2746247345263555,-0.03318971395492554,-0.352783739566803,-0.08384245575018667,0.011867940425872803,-0.22947046160697937,-0.1704163843447759,0.045499563217163086,-0.09400653839111328,-0.1988122904355123,0.06791967153549194,-0.0002945065498352051,-0.20396302581377768,-0.11622440814971924,-0.31309178471565247,-0.0929015198404386,-0.08125007152557373,-0.20660299062728882,-0.17220641613550924,-0.034600675106048584,-0.08715897798538208,-0.17052373231001638,-0.001993715763092041,-0.006615877151489258,-0.15149198413439535,-0.18475449085235596,-0.24839672446250916,-0.1090014720017507,-0.16818183660507202,-0.16082125902175903,-0.16361187339373373,-0.12328469753265381,-0.08019864559173584,-0.16276952565260672,-0.09053206443786621,-0.03317737579345703,-0.14805659592695974
M,0.0,0.0,0.0,0.0965990424156189,-0.061418890953063965,-0.0686603271635704,0.14249956607818604,-0.13976669311523438,-0.1228077122243576,0.13185656070709229,-0.19234925508499146,-0.17282662626826095,0.107047438621521,-0.2036183774471283,-0.21871923741423416,0.05717206001281738,-0.35730957984924316,-0.08578708854042816,0.10254716873168945,-0.2521810531616211,-0.17775792714678573,0.10947644710540771,-0.12888896465301514,-0.24213906463705825,0.10624831914901733,-0.04974907636642456,-0.2754084252985649,-0.03431135416030884,-0.35795700550079346,-0.08457094517075348,0.008895039558410645,-0.2416263222694397,-0.17148355480753708,0.03413790464401245,-0.10761350393295288,-0.1977978729876213,0.053190529346466064,-0.010524630546569824,-0.20118116673552322,-0.11615675687789917,-0.3202638626098633,-0.0927299940260582,-0.08022415637969971,-0.21279796957969666,-0.1732888602884941,-0.03847861289978027,-0.09206235408782959,-0.1684866928728752,-0.005800962448120117,-0.005129396915435791,-0.14626444217287826,-0.1845921277999878,-0.2590970993041992,-0.10818233427130508,-0.1668541431427002,-0.1733487844467163,-0.16492600080096054,-0.12381082773208618,-0.08956629037857056,-0.16275308367335128,-0.09034615755081177,-0.036580026149749756,-0.14574714836203384
M,0.0,0.0,0.0,0.09932106733322144,-0.06382083892822266,-0.0719411121193616,0.1459370255470276,-0.1454709768295288,-0.12662434293667957,0.13114607334136963,-0.20019474625587463,-0.1762802721444814,0.10139507055282593,-0.2163059115409851,-0.22137030674855396,0.05342984199523926,-0.3523809015750885,-0.09310682578723117,0.10284554958343506,-0.2543207108974457,-0.18683461560647174,0.1163068413734436,-0.1299302577972412,-0.2513072760287969,0.11744707822799683,-0.05003315210342407,-0.2848044307414739,-0.03627443313598633,-0.3531234860420227,-0.09018519236485645,0.010524570941925049,-0.24019020795822144,-0.18054915680329486,0.04054415225982666,-0.10782778263092041,-0.20805182768742725,0.06298434734344482,-0.0137253999710083,-0.2121793152276723,-0.11537295579910278,-0.3175085783004761,-0.09680315567891284,-0.07946932315826416,-0.21240776777267456,-0.1797374309484212,-0.03390014171600342,-0.09563034772872925,-0.17652503861825153,0.0014954805374145508,-0.013600826263427734,-0.15562802268902942,-0.18229955434799194,-0.26104244589805603,-0.11078436388413593,-0.16493219137191772,-0.1748751401901245,-0.1689172358695714,-0.12290841341018677,-0.09251272678375244,-0.16822536005417987,-0.09063369035720825,-0.042602479457855225,-0.1526041449491231
M,0.0,0.0,0.0,0.09509241580963135,-0.0545734167098999,-0.0651189226535962,0.15151607990264893,-0.13177043199539185,-0.1149897415069745,0.1592976450920105,-0.19236624240875244,-0.16111136859933595,0.1541251540184021,-0.21902760863304138,-0.20392590648214082,0.054270803928375244,-0.3383214473724365,-0.08694009369889955,0.10446488857269287,-0.22474315762519836,-0.1740979093937085,0.11576610803604126,-0.10449230670928955,-0.23567038661519746,0.1173432469367981,-0.029535353183746338,-0.2683189500002072,-0.03785353899002075,-0.33628982305526733,-0.08607731646577577,0.013408839702606201,-0.20976534485816956,-0.16835826522390107,0.043052732944488525,-0.08240121603012085,-0.19506144410649995,0.06687778234481812,0.005759119987487793,-0.20175860709230165,-0.1192007064819336,-0.2999812662601471,-0.09357909745256165,-0.07482945919036865,-0.18442875146865845,-0.17159758395234803,-0.02948695421218872,-0.07254844903945923,-0.1705886710313962,0.006344497203826904,0.00516277551651001,-0.15370422488729218,-0.1878846287727356,-0.2415989637374878,-0.1075674209622548,-0.16407275199890137,-0.15726163983345032,-0.16266824192086915,-0.12073910236358643,-0.07903903722763062,-0.16240829116384248,-0.08683383464813232,-0.03075575828552246,-0.14895208066980103
M,0.0,0.0,0.0,0.09513938426971436,-0.0581243634223938,-0.06870702465403156,0.14252126216888428,-0.1373850703239441,-0.12093779255974368,0.12951046228408813,-0.196027010679245,-0.16849908789026813,0.10210788249969482,-0.21872645616531372,-0.21280909140932636,0.05361592769622803,-0.3424433469772339,-0.09165219028818683,0.10654252767562866,-0.23656505346298218,-0.17896903117525653,0.12030977010726929,-0.11784207820892334,-0.2405177261434801,0.11982893943786621,-0.04617041349411011,-0.27445024808275775,-0.032070040702819824,-0.34513795375823975,-0.08978906085121707,0.01928400993347168,-0.22489646077156067,-0.17477013727057056,0.0493699312210083,-0.09499108791351318,-0.20203616281378345,0.07013750076293945,-0.0050688982009887695,-0.2084665354095705,-0.10747629404067993,-0.3105926811695099,-0.09629732181656436,-0.06760144233703613,-0.2021295130252838,-0.1779484357439287,-0.021343111991882324,-0.08745354413986206,-0.17617728372442798,0.01307612657546997,-0.0077135562896728516,-0.15786101480352954,-0.1708747148513794,-0.254565566778183,-0.10936436613428668,-0.1508626937866211,-0.1702916920185089,-0.16935492118227558,-0.10724782943725586,-0.09008395671844482,-0.16933142205107288,-0.07498472929000854,-0.04092419147491455,-0.15501626392233447
M,0.0,0.0,0.0,0.09378290176391602,-0.05299520492553711,-0.06455784286526978,0.14195281267166138,-0.12922173738479614,-0.11294507230786621,0.13460135459899902,-0.1871412694454193,-0.15685743834046662,0.11673158407211304,-0.21280437707901,-0.1974085345414096,0.04787564277648926,-0.3310127854347229,-0.0842091664221698,0.09949123859405518,-0.22209692001342773,-0.16757804895905792,0.10998636484146118,-0.10409390926361084,-0.22689632321862518,0.10963547229766846,-0.03141731023788452,-0.2591969891932422,-0.03563892841339111,-0.3353978395462036,-0.08225908125905335,0.014982879161834717,-0.21398216485977173,-0.16058783973721802,0.04183197021484375,-0.08836859464645386,-0.18667569006947815,0.06305807828903198,-0.000598609447479248,-0.1936880424168521,-0.10896587371826172,-0.304426372051239,-0.08823058004645645,-0.0680316686630249,-0.19255021214485168,-0.16511785234479248,-0.02640753984451294,-0.07914108037948608,-0.16392064835099518,0.0056296586990356445,8.088350296020508e-05,-0.14692751313714325,-0.1707567572593689,-0.2519146502017975,-0.1004544421580249,-0.15022557973861694,-0.16546446084976196,-0.15692969407109558,-0.11037319898605347,-0.08282512426376343,-0.15645045782594025,-0.08105695247650146,-0.030214011669158936,-0.1423396095183307
M,0.0,0.0,0.0,0.09099310636520386,-0.05896669626235962,-0.054653564515660946,0.13416516780853271,-0.13688719272613525,-0.09719285932476396,0.1243627667427063,-0.19755399227142334,-0.1374372300236928,0.10636389255523682,-0.22430270910263062,-0.1748880651324498,0.04673415422439575,-0.34091171622276306,-0.06806061235363359,0.09884530305862427,-0.23037725687026978,-0.14147464004452104,0.10894632339477539,-0.11943334341049194,-0.1975568291276204,0.10837602615356445,-0.05626910924911499,-0.22949417499000901,-0.03509002923965454,-0.3419743478298187,-0.06880760756428117,0.01768052577972412,-0.2157878875732422,-0.1372923758357274,0.044656336307525635,-0.09301525354385376,-0.16074748900825853,0.06430673599243164,-0.006789743900299072,-0.16739872661526078,-0.10615873336791992,-0.30946171283721924,-0.07649294105465287,-0.06345915794372559,-0.19135841727256775,-0.1418440994351613,-0.021174132823944092,-0.08414530754089355,-0.13883528676922197,0.010762691497802734,-0.0067691802978515625,-0.122930711182903,-0.16425740718841553,-0.2567089796066284,-0.09034044114048356,-0.14329802989959717,-0.1684897541999817,-0.1361695435374486,-0.10498547554016113,-0.09111863374710083,-0.13222900596554155,-0.07728821039199829,-0.0398595929145813,-0.11739567485744828
M,0.0,0.0,0.0,0.09856373071670532,-0.05967921018600464,-0.0669246535100001,0.1477641463279724,-0.13854563236236572,-0.1188253457941073,0.141462504863739,-0.19939792156219482,-0.16583563343658625,0.12476152181625366,-0.22180065512657166,-0.20976182774677454,0.053670525550842285,-0.3391113877296448,-0.09178404466285883,0.10532516241073608,-0.23517751693725586,-0.18239547268524348,0.1162790060043335,-0.11976200342178345,-0.24680840925350367,0.11493134498596191,-0.04231959581375122,-0.2804764355815905,-0.028857111930847168,-0.34022584557533264,-0.08921611265316187,0.022834479808807373,-0.2272641658782959,-0.17512963668480097,0.05223733186721802,-0.10476988554000854,-0.20435664013996302,0.07262027263641357,-0.010396897792816162,-0.21165709153785883,-0.1009378433227539,-0.30714166164398193,-0.09500822381153284,-0.05963367223739624,-0.20062577724456787,-0.17564021007194697,-0.01641184091567993,-0.09134727716445923,-0.17702947513237177,0.016329944133758545,-0.008566677570343018,-0.16072028831615626,-0.16215592622756958,-0.25414443016052246,-0.10724910304918467,-0.14295685291290283,-0.174055278301239,-0.16555705622806727,-0.10510790348052979,-0.09620070457458496,-0.1674982602991122,-0.0767894983291626,-0.043339431285858154,-0.15473516241684138
M,0.0,0.0,0.0,0.09431880712509155,-0.06674790382385254,-0.05910284891183437,0.14162135124206543,-0.14496952295303345,-0.10683595463092388,0.13675236701965332,-0.20213744044303894,-0.15303810759837688,0.1210869550704956,-0.2232496440410614,-0.19604586883838238,0.06011378765106201,-0.3448712229728699,-0.07417266889865459,0.10856610536575317,-0.24941837787628174,-0.1554833285456425,0.11889749765396118,-0.13425636291503906,-0.21463934406096996,0.11667931079864502,-0.06604194641113281,-0.24666953905875744,-0.02783447504043579,-0.34273847937583923,-0.07521685286815227,0.024056315422058105,-0.2342258095741272,-0.15440913363750042,0.04829871654510498,-0.10595309734344482,-0.1796917848234898,0.0644378662109375,-0.016595125198364258,-0.18424392565543712,-0.10520082712173462,-0.30783751606941223,-0.08425805791671337,-0.0628129243850708,-0.2060503363609314,-0.15811602100188793,-0.023183047771453857,-0.0937463641166687,-0.15516618713195385,0.007144153118133545,-0.015674352645874023,-0.13596572800929607,-0.1714290976524353,-0.2532309889793396,-0.09957569911534847,-0.14849603176116943,-0.17768827080726624,-0.14936713203246654,-0.10747432708740234,-0.100974440574646,-0.14524281843955578,-0.07782953977584839,-0.05229145288467407,-0.128601454938007
M,0.0,0.0,0.0,0.09356939792633057,-0.07279777526855469,-0.05443858912519772,0.13635939359664917,-0.1551557183265686,-0.09890138542584737,0.12854856252670288,-0.21886169910430908,-0.14203334784440358,0.11241179704666138,-0.24347662925720215,-0.1823579165928777,0.058384835720062256,-0.3472294211387634,-0.07187050765685399,0.10339057445526123,-0.24209269881248474,-0.15360056793622334,0.11401623487472534,-0.1304311752319336,-0.21362429296902974,0.1136215329170227,-0.06425046920776367,-0.2455530557625707,-0.03014683723449707,-0.3411581516265869,-0.0740355271690305,0.01940762996673584,-0.228270024061203,-0.15166484749249776,0.04411846399307251,-0.10720765590667725,-0.1762282494299825,0.06193983554840088,-0.019107043743133545,-0.18085993266038258,-0.10820680856704712,-0.30401042103767395,-0.08392634427480061,-0.06442958116531372,-0.19958043098449707,-0.15605553424290974,-0.024910688400268555,-0.09278082847595215,-0.15326675212315877,0.006080150604248047,-0.013749480247497559,-0.13445773160390218,-0.1746044158935547,-0.24861472845077515,-0.09984356349639256,-0.14996063709259033,-0.17343217134475708,-0.14818511342934926,-0.11209946870803833,-0.10041427612304688,-0.14475778675011952,-0.08414900302886963,-0.051518917083740234,-0.12879368102483113
M,0.0,0.0,0.0,0.090251624584198,-0.06362426280975342,-0.06021383364270605,0.13376688957214355,-0.1418505311012268,-0.11008391116331495,0.129469096660614,-0.20178601145744324,-0.15652342472742475,0.11638498306274414,-0.22058477997779846,-0.1999885622091142,0.051032304763793945,-0.34501802921295166,-0.08704649989078916,0.09752452373504639,-0.24388766288757324,-0.1722362074680177,0.10564500093460083,-0.12720096111297607,-0.23186211620043196,0.10448604822158813,-0.0533679723739624,-0.263343114001259,-0.032058775424957275,-0.34317678213119507,-0.08734351728628553,0.01953268051147461,-0.2326720654964447,-0.16779525910089887,0.04522985219955444,-0.10929858684539795,-0.19274898205469526,0.06292825937271118,-0.01851058006286621,-0.19838138256739057,-0.10455924272537231,-0.30951517820358276,-0.09514050517748274,-0.0607491135597229,-0.20706883072853088,-0.17134330008695997,-0.02110004425048828,-0.09476107358932495,-0.16963482235144056,0.008587062358856201,-0.011233091354370117,-0.15229505632589735,-0.16504031419754028,-0.25640445947647095,-0.10882743035028852,-0.13973677158355713,-0.17491525411605835,-0.16253029142092146,-0.10065138339996338,-0.09497356414794922,-0.16130015586088575,-0.07174807786941528,-0.041234612464904785,-0.1470565680093614
M,0.0,0.0,0.0,0.09142535924911499,-0.06354749202728271,-0.06206918324573962,0.13180994987487793,-0.14669299125671387,-0.1084741223905894,0.11587226390838623,-0.2049504518508911,-0.1515884045813891,0.0890149474143982,-0.223807692527771,-0.19162444214566676,0.053738296031951904,-0.3419596254825592,-0.07655254940732448,0.09276711940765381,-0.23925450444221497,-0.1593173835728976,0.10360503196716309,-0.12561959028244019,-0.2200371865485522,0.10534399747848511,-0.0558696985244751,-0.252416783974013,-0.030611276626586914,-0.3391733765602112,-0.07500809620364635,0.009710133075714111,-0.23114091157913208,-0.15449278990968196,0.03668034076690674,-0.11028462648391724,-0.18155557851537196,0.056858718395233154,-0.021563470363616943,-0.18726388554318874,-0.1064264178276062,-0.3035156726837158,-0.08191300372823207,-0.07483923435211182,-0.20564088225364685,-0.15469699542268245,-0.032286763191223145,-0.09891754388809204,-0.1544815246318194,0.0015225410461425781,-0.021437108516693115,-0.13749645094617335,-0.17119604349136353,-0.24986949563026428,-0.09539026956304042,-0.1567549705505371,-0.1767597794532776,-0.1447866801474902,-0.1207687258720398,-0.10577207803726196,-0.14427747766717403,-0.09270012378692627,-0.060188889503479004,-0.13069609741910426
M,0.0,0.0,0.0,0.08444046974182129,-0.020278573036193848,-0.05450152992261792,0.1701219081878662,-0.06450885534286499,-0.1166959145571127,0.24653387069702148,-0.10952001810073853,-0.16996035366310025,0.31278371810913086,-0.1316888928413391,-0.2269188651348486,0.08758366107940674,-0.12171155214309692,-0.18616181998504544,0.07554411888122559,-0.24601000547409058,-0.2532768884207144,0.06570011377334595,-0.3258056044578552,-0.2958772519136801,0.05921977758407593,-0.3746609091758728,-0.32211253433479214,-0.011425197124481201,-0.1396322250366211,-0.1894023308063879,-0.02538985013961792,-0.24985206127166748,-0.255691591789855,-0.029503047466278076,-0.33404892683029175,-0.2805825808550253,-0.03789162635803223,-0.38375550508499146,-0.30287188678039456,-0.08995842933654785,-0.13828176259994507,-0.18593991189254666,-0.10165256261825562,-0.2391950488090515,-0.25040352731002713,-0.10177844762802124,-0.3091452717781067,-0.25235373168243314,-0.10348373651504517,-0.35834646224975586,-0.25282624750389004,-0.14861547946929932,-0.12997543811798096,-0.18361537544979,-0.16675931215286255,-0.19499188661575317,-0.23262480287803555,-0.17182683944702148,-0.23607510328292847,-0.22544251768840695,-0.17394360899925232,-0.2638937830924988,-0.22077618925823117
M,0.0,0.0,0.0,0.11609858274459839,0.024581968784332275,-0.11289738441928421,0.1687391996383667,0.08537179231643677,-0.22969916041120086,0.15413880348205566,0.136518657207489,-0.31545161779149566,0.11812478303909302,0.21633756160736084,-0.40356656487210785,0.09240025281906128,-0.15228214859962463,-0.42726298744901214,0.10693687200546265,0.021302998065948486,-0.5651526110909799,0.11730891466140747,0.14936870336532593,-0.625099982573829,0.1143265962600708,0.24980992078781128,-0.6620368021272043,-0.03260195255279541,-0.16663366556167603,-0.4215318816445688,0.005838215351104736,0.03399479389190674,-0.5811479943536142,0.033543288707733154,0.1805323362350464,-0.6334949391625742,0.05880868434906006,0.2954413890838623,-0.6721264975808481,-0.12433096766471863,-0.1199517548084259,-0.40410229141934906,-0.08870649337768555,0.06003516912460327,-0.5409138458512643,-0.04767930507659912,0.20325255393981934,-0.5823011058114389,-0.0033187270164489746,0.30966705083847046,-0.6059634941361765,-0.18510252237319946,-0.04479759931564331,-0.3863789397023538,-0.1396346390247345,0.07233995199203491,-0.47599374826177154,-0.08738863468170166,0.15310144424438477,-0.5068230884812692,-0.03596007823944092,0.2158057689666748,-0.5342927830956796
M,0.0,0.0,0.0,0.09278011322021484,0.033612340688705444,-0.0925805980676273,0.13493859767913818,0.06049355864524841,-0.1717565620654682,0.12824249267578125,0.0870758593082428,-0.2244315708392719,0.09684476256370544,0.12461325526237488,-0.2791818494313816,0.09289085865020752,-0.09550166130065918,-0.3141207510942081,0.06328815221786499,-0.011506766080856323,-0.4099002296441654,0.04748159646987915,0.0973154604434967,-0.4612112159246067,0.030676841735839844,0.18919017910957336,-0.49520520515380895,0.029042184352874756,-0.13839149475097656,-0.2953512186521152,0.016935020685195923,-0.04527682065963745,-0.400963854264603,0.017927438020706177,0.08159348368644714,-0.44053081817565953,0.017979025840759277,0.1927725374698639,-0.4756917471402744,-0.03403937816619873,-0.14253857731819153,-0.2675568277352909,-0.029039442539215088,-0.05136469006538391,-0.357151758145676,-0.02090272307395935,0.07204794883728027,-0.3852398807519535,-0.0182819664478302,0.17493662238121033,-0.40493522233902013,-0.09107822179794312,-0.11985018849372864,-0.24060721344886815,-0.07769343256950378,-0.04470863938331604,-0.31068284459053075,-0.06675612926483154,0.03944459557533264,-0.3376302833074192,-0.05813005566596985,0.12246456742286682,-0.3603541368955234
M,0.0,0.0,0.0,0.11635100841522217,0.03948435187339783,-0.1523413139734373,0.147138774394989,0.11436155438423157,-0.283153467193614,0.0938119888305664,0.16114607453346252,-0.3702044117603407,0.02959531545639038,0.2035735547542572,-0.45710086108780956,0.11450701951980591,-0.09791409969329834,-0.48604824425316906,0.13612031936645508,0.05726763606071472,-0.6426447856578932,0.1464710831642151,0.19282248616218567,-0.7189233529720411,0.15004056692123413,0.2997528612613678,-0.7652830112133131,0.004317879676818848,-0.10927575826644897,-0.4538785445842848,0.04660320281982422,0.05738002061843872,-0.6294961202297316,0.08292543888092041,0.20271125435829163,-0.6877313482914076,0.10582143068313599,0.3104803264141083,-0.7279703247699842,-0.0905432403087616,-0.06110265851020813,-0.4100934791717634,-0.024372994899749756,0.08881863951683044,-0.5549392330799208,0.01670539379119873,0.22343716025352478,-0.5926950204525099,0.04583895206451416,0.3269442617893219,-0.6112044084224806,-0.15592724084854126,0.015965193510055542,-0.36908455969430065,-0.07683959603309631,0.1254248321056366,-0.4647684621963606,-0.019852817058563232,0.19955775141716003,-0.4935758042488203,0.01610797643661499,0.2647959291934967,-0.5161248076114759
M,0.0,0.0,0.0,0.0954451858997345,-0.011101722717285156,-0.07616373778154184,0.15745916962623596,-0.02835807204246521,-0.14790404469539453,0.1879132091999054,-0.02682715654373169,-0.2044415983634167,0.17848911881446838,-0.0044179558753967285,-0.2637408438401394,0.11235851049423218,-0.18549495935440063,-0.23823294670154382,0.09694364666938782,-0.12358561158180237,-0.321804231710928,0.09120041131973267,-0.013292044401168823,-0.3677598002629452,0.07802808284759521,0.08023631572723389,-0.3981988492684536,0.004916399717330933,-0.19482463598251343,-0.23489924401809503,-0.0008342117071151733,-0.11391627788543701,-0.31273863346149255,0.006943643093109131,0.00949937105178833,-0.33923084170390894,0.013079255819320679,0.11416292190551758,-0.3671585980134182,-0.08959713578224182,-0.167586088180542,-0.22891313464214136,-0.08893676102161407,-0.08376753330230713,-0.3056618633942776,-0.0754382312297821,0.033608078956604004,-0.3271498146729641,-0.058310091495513916,0.13233906030654907,-0.34230924279262354,-0.1675519049167633,-0.11674320697784424,-0.22530691952277948,-0.17564992606639862,-0.04490870237350464,-0.2883981230931454,-0.1723961979150772,0.03994184732437134,-0.3111733856873684,-0.15422114729881287,0.11833018064498901,-0.3311437431054287
M,0.0,0.0,0.0,0.08945336937904358,-0.026477277278900146,-0.11741466235957887,0.14149713516235352,-0.036702483892440796,-0.2195326776488855,0.14892220497131348,-0.02248471975326538,-0.2957062364801004,0.12046462297439575,0.012986093759536743,-0.3740442336782053,0.10552665591239929,-0.18164604902267456,-0.3395089448674753,0.08018264174461365,-0.149044930934906,-0.44710048448882844,0.06497320532798767,-0.03218391537666321,-0.5027745009645059,0.04969733953475952,0.06984230875968933,-0.5412280203088358,-0.0033915340900421143,-0.18201810121536255,-0.32470654857002046,-0.022214293479919434,-0.15024927258491516,-0.43133693349204805,-0.022721976041793823,-0.024099230766296387,-0.4708795489057138,-0.012167602777481079,0.09140715003013611,-0.510330104945524,-0.1011803150177002,-0.14993888139724731,-0.3055544437154367,-0.10629746317863464,-0.11013773083686829,-0.4082086623891428,-0.0961112380027771,0.015566021203994751,-0.4444707275613382,-0.07723373174667358,0.12664440274238586,-0.4714336932881906,-0.1818801462650299,-0.09867468476295471,-0.2903371394857004,-0.17496058344841003,-0.044570714235305786,-0.37345891606651094,-0.16498024761676788,0.03689292073249817,-0.4088126064523294,-0.14094550907611847,0.11863449215888977,-0.44035750043235566
M,0.0,0.0,0.0,0.12419980764389038,0.023473143577575684,-0.1352924994434943,0.1788884401321411,0.09568566083908081,-0.2457836113180747,0.16209793090820312,0.15602511167526245,-0.321940138122045,0.11881572008132935,0.21877950429916382,-0.398911847850286,0.11631327867507935,-0.1697027087211609,-0.4044384799208274,0.1367654800415039,0.00628507137298584,-0.5330619654860129,0.15372705459594727,0.14142495393753052,-0.5879195175375571,0.15737450122833252,0.25082749128341675,-0.6202618918623557,0.0013026595115661621,-0.18270573019981384,-0.3822737477030387,0.04030698537826538,0.027088642120361328,-0.5262886724676719,0.07871878147125244,0.17223834991455078,-0.5677770815100303,0.10246360301971436,0.2786479592323303,-0.5952688298430076,-0.0936761200428009,-0.1276153326034546,-0.35360087372919224,-0.03791314363479614,0.059941887855529785,-0.4839359364714255,0.0018981695175170898,0.19994020462036133,-0.5183818183149924,0.03450649976730347,0.30574554204940796,-0.5331438622679343,-0.16000622510910034,-0.042994141578674316,-0.3279967448916068,-0.09477803111076355,0.08144551515579224,-0.42078123905321263,-0.04669046401977539,0.1592956781387329,-0.448311581393682,-0.01038450002670288,0.21672874689102173,-0.4684549114908805
M,0.0,0.0,0.0,0.11967936158180237,0.03292489051818848,-0.11587746487623463,0.18195801973342896,0.07642412185668945,-0.2173174698806406,0.1849483847618103,0.11332488059997559,-0.29011414246326694,0.16130176186561584,0.1436622142791748,-0.36389762954479465,0.1681283712387085,-0.1665697693824768,-0.36512175993686924,0.15605676174163818,-0.03478503227233887,-0.47959677176243076,0.14295753836631775,0.09287154674530029,-0.5328984041667582,0.12388139963150024,0.19017726182937622,-0.5653159995532633,0.06145969033241272,-0.20654842257499695,-0.34850854472881565,0.054743796586990356,-0.04167836904525757,-0.47475326852566013,0.05207839608192444,0.11113637685775757,-0.5138426800227762,0.05067983269691467,0.22610825300216675,-0.5455007930255533,-0.03941243886947632,-0.17837953567504883,-0.32487124995952854,-0.02314084768295288,-0.02594563364982605,-0.43838495807415256,-0.019783079624176025,0.12244957685470581,-0.4698652406192423,-0.012869685888290405,0.23764240741729736,-0.48691327171093235,-0.12201987206935883,-0.11193227767944336,-0.3034136076427103,-0.08375030755996704,0.004193425178527832,-0.380994804666102,-0.05242691934108734,0.09895414113998413,-0.40386257366901646,-0.023542433977127075,0.17702770233154297,-0.4238550742126108
M,0.0,0.0,0.0,0.12425693869590759,0.025660306215286255,-0.10690043877230693,0.19013270735740662,0.06491544842720032,-0.20241355161534358,0.1931866705417633,0.10627737641334534,-0.2724840567575555,0.1640804409980774,0.14369913935661316,-0.3445966468320947,0.1667041778564453,-0.15862321853637695,-0.33788724999295283,0.15855374932289124,-0.029560893774032593,-0.4455199466215234,0.147881418466568,0.09614905714988708,-0.4959071205125909,0.13068902492523193,0.19044062495231628,-0.5258782730566125,0.05274108052253723,-0.1879430115222931,-0.32441180209981013,0.048826128244400024,-0.023235350847244263,-0.4369969890581231,0.052910178899765015,0.13043507933616638,-0.4696145282255273,0.055147409439086914,0.24148544669151306,-0.49732586006985713,-0.05252288281917572,-0.16111063957214355,-0.30470349650250483,-0.039300888776779175,-0.008780986070632935,-0.40766512613163997,-0.027793198823928833,0.1431712806224823,-0.4341022596822839,-0.013368666172027588,0.25864508748054504,-0.4491631613241296,-0.13529007136821747,-0.10279473662376404,-0.28724985580311824,-0.09931358695030212,0.0054843127727508545,-0.36287897090779353,-0.06547319889068604,0.10560157895088196,-0.3843319938646417,-0.0321851521730423,0.1864338219165802,-0.40211119513379145
M,0.0,0.0,0.0,0.1212460994720459,0.03630179166793823,-0.12337855155602284,0.19356349110603333,0.08542782068252563,-0.23216041083470174,0.20567366480827332,0.12309449911117554,-0.3111498569978792,0.19941583275794983,0.1521950364112854,-0.3935353374017794,0.15697690844535828,-0.1376045048236847,-0.38037746305599995,0.15036281943321228,0.013360321521759033,-0.5034519946111757,0.13959762454032898,0.14506137371063232,-0.5623446619047243,0.12187498807907104,0.24817562103271484,-0.5979727422727663,0.04136154055595398,-0.17197060585021973,-0.36237987036839314,0.04099634289741516,0.013837993144989014,-0.49469118471279927,0.0471380352973938,0.1676451563835144,-0.5340014612211306,0.04612654447555542,0.27610212564468384,-0.5636709844602663,-0.0642072856426239,-0.14288514852523804,-0.33762016053334065,-0.04403570294380188,0.03190457820892334,-0.4552441751493532,-0.030964970588684082,0.18193048238754272,-0.4851727401746828,-0.019363969564437866,0.29100024700164795,-0.499315462066086,-0.15003475546836853,-0.0797911286354065,-0.31593816633358784,-0.107541024684906,0.05451047420501709,-0.397742352439316,-0.06926923990249634,0.15465199947357178,-0.41922654862538167,-0.035015374422073364,0.23294681310653687,-0.43631686921253987
M,0.0,0.0,0.0,0.10107451677322388,0.030232399702072144,-0.12209811702416573,0.1254516839981079,0.11286836862564087,-0.23469822004483376,0.06429094076156616,0.16580235958099365,-0.31478407874749337,-0.015279710292816162,0.223677396774292,-0.39788344398186837,0.07806199789047241,-0.15881764888763428,-0.4149196435515705,0.08916175365447998,0.0012125074863433838,-0.5424231280391041,0.09599184989929199,0.13260418176651,-0.5973340262477222,0.09751439094543457,0.24003010988235474,-0.6315737356250111,-0.037417709827423096,-0.17894089221954346,-0.4007878591124836,-0.0024567842483520508,0.001962125301361084,-0.5392444719378773,0.03213953971862793,0.1470065712928772,-0.5820688594882313,0.0670168399810791,0.263641357421875,-0.6168723692004505,-0.12847831845283508,-0.136753112077713,-0.37728604570077096,-0.08139145374298096,0.029559433460235596,-0.49690675631211434,-0.03313082456588745,0.17417728900909424,-0.5373040427272144,0.017565369606018066,0.2919777035713196,-0.5638270963733021,-0.1909489631652832,-0.06416168808937073,-0.3551829148833576,-0.13619360327720642,0.039801716804504395,-0.4373019625251118,-0.0751541256904602,0.11770224571228027,-0.46861383214638863,-0.019331276416778564,0.18688911199569702,-0.498182087094051
M,0.0,0.0,0.0,0.1475507616996765,0.029082417488098145,-0.15143721904763652,0.24530184268951416,0.08371561765670776,-0.27391993608483745,0.2629659175872803,0.166692316532135,-0.36178871598252726,0.23938441276550293,0.25059062242507935,-0.45168605055818034,0.18736714124679565,-0.13670626282691956,-0.4119552334786363,0.18167781829833984,0.05894953012466431,-0.5481907090187974,0.1737799048423767,0.1981258988380432,-0.6122503241539903,0.15785926580429077,0.303585410118103,-0.6514934858323045,0.06663259863853455,-0.14319270849227905,-0.38411715235719157,0.05754116177558899,0.0663188099861145,-0.5258536299706407,0.07196223735809326,0.22713470458984375,-0.5645337065697618,0.08362197875976562,0.3380444049835205,-0.5950316747666307,-0.044008418917655945,-0.09921237826347351,-0.35249054040917827,-0.02146628499031067,0.10881620645523071,-0.48159738984116984,0.007830202579498291,0.2650803327560425,-0.5079056581498094,0.03412586450576782,0.3765948414802551,-0.5225430091858811,-0.1347486898303032,-0.033842384815216064,-0.32652374711045695,-0.09176123142242432,0.13168483972549438,-0.4211629590035386,-0.05589236319065094,0.24971163272857666,-0.4478545447827287,-0.024200215935707092,0.3440115451812744,-0.46941068377503825
M,0.0,0.0,0.0,0.14668387174606323,0.02574068307876587,-0.1577446583668234,0.240325927734375,0.08394277095794678,-0.2820706043402197,0.2535631060600281,0.172390878200531,-0.36802348233857174,0.21555089950561523,0.25892698764801025,-0.45518260933556576,0.18943193554878235,-0.13027140498161316,-0.43538471795716305,0.18582415580749512,0.08626455068588257,-0.5778410706678869,0.1744890809059143,0.22971951961517334,-0.643070903793955,0.15805888175964355,0.3325077295303345,-0.6798593673864843,0.06710469722747803,-0.13343530893325806,-0.40142881609597225,0.05907401442527771,0.09482347965240479,-0.5431304249922277,0.06760287284851074,0.25989365577697754,-0.5831401620069983,0.07943421602249146,0.37447911500930786,-0.6148782048384192,-0.047973185777664185,-0.08933916687965393,-0.36261191703476925,-0.02750256657600403,0.13105428218841553,-0.4930134389559271,-0.005313754081726074,0.28567951917648315,-0.5260002288977148,0.020751357078552246,0.391796350479126,-0.5444247994581701,-0.14291499555110931,-0.02568531036376953,-0.32834136225380917,-0.09458568692207336,0.15337634086608887,-0.4197514031092169,-0.05694209039211273,0.2658833861351013,-0.44701987244286556,-0.019864752888679504,0.3488520383834839,-0.4694122049967291
M,0.0,0.0,0.0,0.1450822353363037,0.07967087626457214,-0.16834795962745375,0.22405260801315308,0.18456852436065674,-0.294276883115117,0.21663951873779297,0.2856636643409729,-0.3801218767064256,0.1754746437072754,0.37777215242385864,-0.4666058320897264,0.1821744441986084,-0.03941252827644348,-0.42338847111636824,0.19388413429260254,0.14575976133346558,-0.5482393104928178,0.17153990268707275,0.27579551935195923,-0.5952478845017595,0.14604079723358154,0.37567979097366333,-0.6222276885407609,0.07272505760192871,-0.04820406436920166,-0.3811558980839891,0.073586106300354,0.16687363386154175,-0.49833183478290266,0.0724012553691864,0.33063024282455444,-0.5160358745949907,0.08041101694107056,0.45004385709762573,-0.5382763345139665,-0.03324216604232788,-0.012982070446014404,-0.33553125451976484,-0.02899375557899475,0.19575506448745728,-0.4545941848653001,-0.007838338613510132,0.34866541624069214,-0.4710974295037431,0.010696947574615479,0.4600936770439148,-0.4842755098241014,-0.12384335696697235,0.04032355546951294,-0.2965182561772508,-0.09442000091075897,0.21633833646774292,-0.3985235590832872,-0.05129975080490112,0.33559828996658325,-0.4243402380841417,-0.021787971258163452,0.4281941056251526,-0.443605770577733
M,0.0,0.0,0.0,0.14227917790412903,0.06288310885429382,-0.157564239522344,0.2267036736011505,0.12991902232170105,-0.2825899589265646,0.2352353036403656,0.2067904770374298,-0.37152086379182947,0.21401163935661316,0.27684178948402405,-0.4626828897203268,0.2066880166530609,-0.09495478868484497,-0.41816844226968897,0.19531625509262085,0.07548263669013977,-0.5591361093725027,0.180267333984375,0.20639917254447937,-0.6242984104360403,0.16151165962219238,0.3038714826107025,-0.6633181739057363,0.0971250832080841,-0.10453638434410095,-0.38714538695467127,0.07867291569709778,0.0808502733707428,-0.5253672170842947,0.08045598864555359,0.23029115796089172,-0.5587584543432058,0.08637306094169617,0.33597221970558167,-0.5885424185003103,-0.012465834617614746,-0.076292484998703,-0.35425304057253015,-0.008125990629196167,0.10702863335609436,-0.4876774418557943,0.010358572006225586,0.2522808611392975,-0.5160738396848501,0.029017090797424316,0.3557049334049225,-0.5332956481183828,-0.10922951996326447,-0.030840367078781128,-0.3271743822301687,-0.08404792845249176,0.12058982253074646,-0.4289637971128286,-0.04861891269683838,0.23179170489311218,-0.4599500763620199,-0.019352763891220093,0.31917205452919006,-0.48463232996118677
M,0.0,0.0,0.0,0.09856104850769043,0.019679516553878784,-0.15010937952229142,0.11808702349662781,0.05605760216712952,-0.25405095421501755,0.09245708584785461,0.13300880789756775,-0.3237629672212279,0.05405667424201965,0.216706782579422,-0.39459721647926926,0.08865323662757874,-0.14994576573371887,-0.3285370012445128,0.1013023853302002,0.029615074396133423,-0.43569011890122056,0.09342113137245178,0.18389007449150085,-0.485699160925833,0.07616749405860901,0.30019113421440125,-0.5114604076070464,-0.02381804585456848,-0.15896695852279663,-0.28716106616684556,-0.02294778823852539,0.045753687620162964,-0.3870486458463347,-0.024533629417419434,0.22394558787345886,-0.41132138573357224,-0.020965278148651123,0.35180720686912537,-0.4278855761212981,-0.126989483833313,-0.12159004807472229,-0.24376769267746567,-0.12306764721870422,0.0804036557674408,-0.3338778158349669,-0.09309503436088562,0.23488697409629822,-0.344165398709265,-0.0695527195930481,0.3416261374950409,-0.34650276505180955,-0.20816746354103088,-0.057612836360931396,-0.20821818613239884,-0.18524859845638275,0.11324909329414368,-0.27684686981865525,-0.1390751302242279,0.2245672047138214,-0.2844960530919707,-0.10635548830032349,0.29654261469841003,-0.2843470116777098
