label,f0,f1,f2,f3,f4,f5,f6,f7,f8,f9,f10,f11,f12,f13,f14,f15,f16,f17,f18,f19,f20,f21,f22,f23,f24,f25,f26,f27,f28,f29,f30,f31,f32,f33,f34,f35,f36,f37,f38,f39,f40,f41,f42,f43,f44,f45,f46,f47,f48,f49,f50,f51,f52,f53,f54,f55,f56,f57,f58,f59,f60,f61,f62
Q,0.0,0.0,0.0,-0.009791553020477295,0.11983269453048706,-0.26146689664599876,-0.08282709121704102,0.22496581077575684,-0.37352723490474204,-0.16590094566345215,0.3255429267883301,-0.41870797287700157,-0.26088738441467285,0.42523932456970215,-0.44883150469539146,-0.29298633337020874,-0.01621544361114502,-0.3442254425215481,-0.4705536365509033,0.09047892689704895,-0.41466907274005393,-0.5692399144172668,0.20214295387268066,-0.43916279684779624,-0.626172810792923,0.2856781482696533,-0.44329816710231285,-0.32421380281448364,-0.03830820322036743,-0.1964859278130291,-0.4968326836824417,0.08113521337509155,-0.239913126938319,-0.4300893545150757,0.1481207013130188,-0.21065980803248863,-0.3594644367694855,0.15065377950668335,-0.17838930200812797,-0.346843957901001,-0.030345022678375244,-0.06093397971270065,-0.48921892046928406,0.0817035436630249,-0.11157043140408973,-0.41229090094566345,0.12691795825958252,-0.10757812719819526,-0.3472730815410614,0.12388789653778076,-0.0912983552741764,-0.3769299387931824,-0.011034727096557617,0.05923315275433083,-0.463198184967041,0.07162809371948242,0.01903792422237416,-0.4263518154621124,0.11496937274932861,0.006760675441199737,-0.37565451860427856,0.11921972036361694,0.007041394225979047
Q,0.0,0.0,0.0,0.002054929733276367,0.11838746070861816,-0.2554375953343424,-0.0623435378074646,0.2164580225944519,-0.3793040938046488,-0.13629716634750366,0.30717724561691284,-0.43221686550646155,-0.23095154762268066,0.39951837062835693,-0.47209386297731726,-0.23439264297485352,-0.0009846687316894531,-0.43455143043070166,-0.4095396399497986,0.11134153604507446,-0.5145702786114725,-0.5114821791648865,0.22397571802139282,-0.5249963230755839,-0.5713858008384705,0.3059386610984802,-0.5174326724675211,-0.28372710943222046,-0.03115794062614441,-0.2877685851719889,-0.4321170449256897,0.11227864027023315,-0.3258651024964365,-0.35482990741729736,0.18300622701644897,-0.2606403655674967,-0.28471919894218445,0.18163210153579712,-0.2095219916966471,-0.3183478116989136,-0.025627106428146362,-0.14770857759981482,-0.4452582001686096,0.09982043504714966,-0.19470719763307898,-0.3606553375720978,0.15015941858291626,-0.1633307165768656,-0.2931171953678131,0.14537590742111206,-0.13481281467943518,-0.35279685258865356,-0.006552755832672119,-0.021364066314390584,-0.43213319778442383,0.0747215747833252,-0.06307384141950934,-0.4031040072441101,0.12543004751205444,-0.06774896898537008,-0.3588200807571411,0.1353369951248169,-0.0654809451964411
Q,0.0,0.0,0.0,0.005807280540466309,0.12107187509536743,-0.2625267953089292,-0.05642271041870117,0.22321480512619019,-0.39541618530068945,-0.12470024824142456,0.3221302032470703,-0.45233343545709204,-0.22110521793365479,0.40934890508651733,-0.49503864352021765,-0.20716321468353271,0.0009022355079650879,-0.4798545390776212,-0.3818039298057556,0.10226303339004517,-0.5788153261354978,-0.4949318766593933,0.21563184261322021,-0.6024288982561643,-0.5611250996589661,0.2990555763244629,-0.60533319417749,-0.2581343650817871,-0.025615990161895752,-0.3324747831038053,-0.4197390079498291,0.11189162731170654,-0.3787265569380338,-0.3518350124359131,0.18286138772964478,-0.3121311814001615,-0.29059478640556335,0.18074434995651245,-0.2629181594065244,-0.2997306287288666,-0.020048856735229492,-0.1907319724968488,-0.43089979887008667,0.10591912269592285,-0.23577599231515478,-0.3457992672920227,0.1510605812072754,-0.18966206912313055,-0.28450122475624084,0.1384894847869873,-0.15566329662118505,-0.33711865544319153,0.0001703500747680664,-0.06447654221568655,-0.42120999097824097,0.08433705568313599,-0.11315110329900335,-0.4024162292480469,0.1409730315208435,-0.11495149884734701,-0.37103575468063354,0.15692347288131714,-0.11107124392304968
Q,0.0,0.0,0.0,-0.006312966346740723,0.11785304546356201,-0.2536883094399087,-0.07420998811721802,0.2115822434425354,-0.3791337647526376,-0.14538592100143433,0.301946759223938,-0.4316230752556436,-0.2407054305076599,0.3885599970817566,-0.47098839665342496,-0.24469667673110962,-0.005327820777893066,-0.4521499612419717,-0.4201202988624573,0.10329610109329224,-0.5326095559685342,-0.5204809308052063,0.2144346833229065,-0.5452621319382303,-0.5772386491298676,0.2957228422164917,-0.5406361558525674,-0.2860003113746643,-0.03796869516372681,-0.30305186296392606,-0.44149690866470337,0.09901952743530273,-0.3367814161865823,-0.3744009733200073,0.17522794008255005,-0.27427596236158536,-0.30931636691093445,0.18250691890716553,-0.23054260397840665,-0.31643784046173096,-0.037692368030548096,-0.15800153101373837,-0.44858723878860474,0.08234786987304688,-0.19516258324075864,-0.37215256690979004,0.139387845993042,-0.16068502152849362,-0.30731937289237976,0.1435028314590454,-0.136463780054342,-0.34804481267929077,-0.023062139749526978,-0.026773061701547363,-0.4340176582336426,0.05367082357406616,-0.06551205004144833,-0.4167304039001465,0.11149328947067261,-0.07113383347679303,-0.3836976885795593,0.13283085823059082,-0.07278529191900418
Q,0.0,0.0,0.0,-0.0014895200729370117,0.11910557746887207,-0.2535894677463659,-0.06672626733779907,0.21499913930892944,-0.38290400956307735,-0.14084911346435547,0.3088950514793396,-0.44130741212998714,-0.23995041847229004,0.3930967450141907,-0.48713271473084774,-0.2370927929878235,-0.0020655393600463867,-0.4472780988041052,-0.416442334651947,0.10634994506835938,-0.5315469071689733,-0.5174013078212738,0.21814674139022827,-0.549117164355863,-0.576595664024353,0.3002396821975708,-0.5485379860225805,-0.2854726314544678,-0.03487175703048706,-0.30133630488549557,-0.4409969747066498,0.09763115644454956,-0.3378126785579809,-0.376750111579895,0.17435222864151,-0.2783889040771612,-0.3107658624649048,0.18479597568511963,-0.23702004705106106,-0.3195841312408447,-0.03464162349700928,-0.1599397972646841,-0.45082229375839233,0.07945078611373901,-0.1952842489305624,-0.37346333265304565,0.13881319761276245,-0.15694120679532375,-0.3077734112739563,0.14606893062591553,-0.13127783094083156,-0.35147979855537415,-0.01913219690322876,-0.03352140788470592,-0.43378859758377075,0.05492812395095825,-0.0718941629353651,-0.41316819190979004,0.11837232112884521,-0.07535710338984813,-0.37874579429626465,0.1447736620903015,-0.07535158250962581
Q,0.0,0.0,0.0,-0.0051656365394592285,0.11314105987548828,-0.2567358336595049,-0.07266312837600708,0.2087324857711792,-0.38444987155470756,-0.14542144536972046,0.3011382818222046,-0.4399210534242144,-0.24585503339767456,0.38941526412963867,-0.4831443450597277,-0.23805171251296997,-0.01104399561882019,-0.4448615334180346,-0.406390517950058,0.10340529680252075,-0.527389170899724,-0.5089673399925232,0.2151850461959839,-0.543714763894414,-0.5729887187480927,0.2967469096183777,-0.5424702189115038,-0.2828770875930786,-0.040774405002593994,-0.29992372013602164,-0.4416826665401459,0.09978795051574707,-0.3390917501595965,-0.36651065945625305,0.16811740398406982,-0.28267303325209525,-0.2951282560825348,0.16668415069580078,-0.2406991145757189,-0.3174048364162445,-0.039285749197006226,-0.1600634477284899,-0.44956275820732117,0.08225947618484497,-0.19889982260737327,-0.3615122139453888,0.1312556266784668,-0.16449561931166556,-0.29297399520874023,0.127216637134552,-0.13958752371344474,-0.3499935269355774,-0.02340775728225708,-0.034981342330311804,-0.4285256862640381,0.05958998203277588,-0.07039211161408332,-0.3918563425540924,0.10988438129425049,-0.07040333218846229,-0.34531885385513306,0.12109363079071045,-0.06802185095820334
Q,0.0,0.0,0.0,-0.001498878002166748,0.11302125453948975,-0.2514403352983905,-0.07577979564666748,0.21037954092025757,-0.3758716473825885,-0.16183710098266602,0.30732250213623047,-0.43011872866234313,-0.2628357410430908,0.38948166370391846,-0.472260494018407,-0.23181629180908203,-0.010275840759277344,-0.43953939178070556,-0.4234190881252289,0.10238838195800781,-0.5355177114256335,-0.5252118408679962,0.2078157663345337,-0.5677016566046191,-0.5912951827049255,0.2921907901763916,-0.5773719141729785,-0.29054880142211914,-0.05335187911987305,-0.30068011977753173,-0.4530526101589203,0.10517013072967529,-0.350297112251134,-0.3937327265739441,0.1799049973487854,-0.3055497000463916,-0.32161015272140503,0.19163107872009277,-0.27431311109146606,-0.32966774702072144,-0.05263090133666992,-0.16711309948048125,-0.46518629789352417,0.08891099691390991,-0.21742587187370788,-0.390869140625,0.1471700668334961,-0.18643626966557036,-0.324504554271698,0.15076196193695068,-0.1623789111622287,-0.3624899685382843,-0.030886441469192505,-0.04809788637837897,-0.4451862871646881,0.06263673305511475,-0.09162231185516845,-0.415400892496109,0.12241923809051514,-0.09179509826979171,-0.37104958295822144,0.14092355966567993,-0.0885663221128894
Q,0.0,0.0,0.0,-0.00905466079711914,0.11309152841567993,-0.2401471013141787,-0.08580935001373291,0.20750313997268677,-0.3530164087129748,-0.16992294788360596,0.2963012456893921,-0.3970253491712725,-0.2691231369972229,0.379622220993042,-0.42777049783002496,-0.2596168518066406,-0.015839338302612305,-0.40669596436750055,-0.4392499327659607,0.11019289493560791,-0.4783908748937762,-0.5321464538574219,0.21737414598464966,-0.49137154463063837,-0.5906718671321869,0.299863338470459,-0.4880828583551562,-0.30602771043777466,-0.0558314323425293,-0.2675093436552203,-0.4571419954299927,0.1037406325340271,-0.302918704779259,-0.38230207562446594,0.17636823654174805,-0.25525126102697016,-0.30900049209594727,0.18140554428100586,-0.2205163115574038,-0.3364677429199219,-0.05697035789489746,-0.13220399859677912,-0.4625362455844879,0.0802653431892395,-0.17207736018430353,-0.378677636384964,0.13944637775421143,-0.14480956140290857,-0.3105473518371582,0.14457297325134277,-0.12306890878211618,-0.3629646301269531,-0.04054522514343262,-0.009866389067283876,-0.4414956569671631,0.04897338151931763,-0.04401417690645815,-0.407018780708313,0.1080549955368042,-0.044780823023430116,-0.3624325096607208,0.12952017784118652,-0.04208715129028917
Q,0.0,0.0,0.0,-0.010066449642181396,0.11647498607635498,-0.24551185756945415,-0.07968628406524658,0.20866525173187256,-0.36989718467020793,-0.15391796827316284,0.2928021550178528,-0.42577504903101726,-0.25083303451538086,0.37470364570617676,-0.4690634587409477,-0.24399137496948242,-0.008796513080596924,-0.42610829859995647,-0.4182164669036865,0.10321396589279175,-0.4949547031524162,-0.5152117311954498,0.21267670392990112,-0.5000441351535301,-0.5688635408878326,0.29346925020217896,-0.4912295916678886,-0.28337782621383667,-0.040859997272491455,-0.28218573123240276,-0.43587934970855713,0.09301984310150146,-0.31232139259600444,-0.36525070667266846,0.16621017456054688,-0.2529989162089805,-0.29977962374687195,0.17017346620559692,-0.21116205841326519,-0.31282880902290344,-0.041219353675842285,-0.14181844681525035,-0.4444425106048584,0.07217597961425781,-0.17289811164164348,-0.36481040716171265,0.12951451539993286,-0.13971569925570293,-0.29854708909988403,0.13353872299194336,-0.11777204811596675,-0.3446607291698456,-0.02731156349182129,-0.01522080298536821,-0.4332205057144165,0.04540371894836426,-0.04953157693171306,-0.4174577593803406,0.10564708709716797,-0.05626392900967403,-0.38914817571640015,0.12945133447647095,-0.059372665137289005
Q,0.0,0.0,0.0,-0.0202142596244812,0.10792854428291321,-0.24417232149951218,-0.0990915298461914,0.2011878788471222,-0.35919095748774765,-0.17359644174575806,0.2873639762401581,-0.40442358130328415,-0.26947271823883057,0.3722008764743805,-0.4363022016894078,-0.27589207887649536,-0.025950640439987183,-0.39486889714114426,-0.4383925795555115,0.0923217236995697,-0.44880198115222214,-0.5279914438724518,0.20393094420433044,-0.45113535398356674,-0.5831607282161713,0.2873680293560028,-0.443133311213181,-0.3070509731769562,-0.05388733744621277,-0.2509461509596562,-0.45876801013946533,0.08564850687980652,-0.26845978373400925,-0.3834749758243561,0.15897288918495178,-0.21669402891509293,-0.31449809670448303,0.16320130228996277,-0.1820518093716359,-0.33008646965026855,-0.051257163286209106,-0.11103247279040573,-0.46053314208984375,0.06264659762382507,-0.13315573507659195,-0.37939226627349854,0.12118735909461975,-0.10895151072852371,-0.3152832090854645,0.1295371949672699,-0.095171423495934,-0.35403576493263245,-0.03975224494934082,0.015263149647786634,-0.4348490834236145,0.03489527106285095,-0.005946323142573817,-0.4011922776699066,0.08965089917182922,-0.008090408385918124,-0.35680052638053894,0.11043056845664978,-0.010709596664831622
Q,0.0,0.0,0.0,-0.023311316967010498,0.10560965538024902,-0.23727050849755926,-0.10477769374847412,0.20186680555343628,-0.3528708262141578,-0.1817294955253601,0.2883872389793396,-0.40485179850419684,-0.2739718556404114,0.3725280165672302,-0.4443889004882209,-0.27520716190338135,-0.021574825048446655,-0.3709125263388984,-0.43624237179756165,0.09294384717941284,-0.4210688216384284,-0.5251115262508392,0.19569337368011475,-0.421375964372956,-0.5765669047832489,0.27447086572647095,-0.41195261904557867,-0.30500197410583496,-0.050100505352020264,-0.23490696081479712,-0.45851439237594604,0.07638263702392578,-0.2648040992911689,-0.38987597823143005,0.1601974368095398,-0.22450215050538702,-0.3151392936706543,0.17578864097595215,-0.19185886213143988,-0.3265165686607361,-0.04824411869049072,-0.10264180281718893,-0.46084916591644287,0.05396205186843872,-0.13180858322938604,-0.39222750067710876,0.12252402305603027,-0.11382614502271338,-0.32459503412246704,0.1408843994140625,-0.09934898146947546,-0.34866103529930115,-0.03763440251350403,0.016320658311641978,-0.4371073246002197,0.0347895622253418,-0.008699530340336992,-0.4248977303504944,0.09718209505081177,-0.015157057508432104,-0.39347150921821594,0.12640535831451416,-0.017658725916945173
Q,0.0,0.0,0.0,-0.011199355125427246,0.10958632826805115,-0.25046366536378173,-0.08358097076416016,0.20137926936149597,-0.3811419912552765,-0.16025185585021973,0.282574862241745,-0.4440316268181732,-0.2567427158355713,0.36994507908821106,-0.49613928878068236,-0.24513763189315796,-0.022946834564208984,-0.4225300558781555,-0.412516713142395,0.08956882357597351,-0.48280751788377074,-0.5067532062530518,0.20320728421211243,-0.47976830684899596,-0.5604054629802704,0.28641870617866516,-0.46716630542039184,-0.2837139368057251,-0.05140078067779541,-0.28093934142350463,-0.4396807551383972,0.08227023482322693,-0.3112278290963104,-0.3661491870880127,0.15857896208763123,-0.25364714944123534,-0.30099138617515564,0.1623333990573883,-0.21145665728806762,-0.3115306496620178,-0.05113208293914795,-0.14264193260430602,-0.4361574053764343,0.06280383467674255,-0.1718538560843399,-0.3505359888076782,0.11950895190238953,-0.13909415983914641,-0.2832319736480713,0.12183859944343567,-0.11840853178262023,-0.3426627218723297,-0.03970041871070862,-0.018814450961940565,-0.4196069538593292,0.03408977389335632,-0.04930038833379058,-0.3834823966026306,0.09115675091743469,-0.05231774681567458,-0.34041303396224976,0.10974434018135071,-0.0539605625843933
Q,0.0,0.0,0.0,-0.01923459768295288,0.11030414700508118,-0.2460368435132292,-0.09910237789154053,0.2007545530796051,-0.3667375157820967,-0.17702436447143555,0.2829575836658478,-0.420487375115135,-0.2703952193260193,0.37090715765953064,-0.46333810791847974,-0.26028192043304443,-0.02380266785621643,-0.39387273893235,-0.42856672406196594,0.09900102019309998,-0.4362865696894911,-0.5139524936676025,0.20118799805641174,-0.4262664030539778,-0.5625508278608322,0.27920010685920715,-0.41201719746468335,-0.2920859456062317,-0.057886987924575806,-0.2533975850093153,-0.4395752549171448,0.08687224984169006,-0.28145673975823193,-0.36204051971435547,0.14961788058280945,-0.24059993133423596,-0.28814202547073364,0.14778640866279602,-0.2115795473801878,-0.31606993079185486,-0.061715513467788696,-0.1149596880423811,-0.4356849491596222,0.06435522437095642,-0.14356736943600445,-0.3526889681816101,0.1152326762676239,-0.12807270989296704,-0.28664863109588623,0.11753037571907043,-0.12008967355368405,-0.34441402554512024,-0.05462414026260376,0.010063167544922536,-0.4214668273925781,0.036141782999038696,-0.019221288268544967,-0.3833622336387634,0.08708897233009338,-0.030109117855408485,-0.3387412130832672,0.1036476194858551,-0.03840977058289319
Q,0.0,0.0,0.0,-0.006129622459411621,0.1089215874671936,-0.25048592816588666,-0.07781475782394409,0.20083081722259521,-0.38031378518340375,-0.15923386812210083,0.2821476459503174,-0.4435422433495262,-0.2567605972290039,0.3708224296569824,-0.4962928010105827,-0.23632782697677612,-0.022719621658325195,-0.41068098078963544,-0.4024723172187805,0.08863949775695801,-0.4767295433163383,-0.494030237197876,0.1994747519493103,-0.482070864546273,-0.5446551740169525,0.28365081548690796,-0.4746110750317314,-0.2765159010887146,-0.04973113536834717,-0.2711147976994255,-0.4323815703392029,0.079234778881073,-0.30954811106917646,-0.3700522482395172,0.15676629543304443,-0.2618877900719383,-0.3040383756160736,0.1658111810684204,-0.22469617556330945,-0.30508583784103394,-0.0448780357837677,-0.13600596915480878,-0.43575990200042725,0.06702417135238647,-0.17832282315490033,-0.3601243495941162,0.12572836875915527,-0.15574550758597638,-0.29455554485321045,0.128345787525177,-0.13763465117213514,-0.33817535638809204,-0.030093103647232056,-0.014178500878784916,-0.4174325466156006,0.049717485904693604,-0.052527328389857075,-0.38269221782684326,0.10934555530548096,-0.05726270135042455,-0.33784058690071106,0.12672686576843262,-0.057798293787215016
Q,0.0,0.0,0.0,-0.014606654644012451,0.11249661445617676,-0.23921407234245606,-0.0895998477935791,0.19918012619018555,-0.3575756199317581,-0.17211461067199707,0.27456891536712646,-0.4085228092628128,-0.271762490272522,0.3549732565879822,-0.4469655997710831,-0.24834823608398438,-0.02633953094482422,-0.40842338871532746,-0.41798150539398193,0.09173703193664551,-0.4664156384425766,-0.5049261152744293,0.19870126247406006,-0.4636133856731064,-0.5478909909725189,0.2816935181617737,-0.4504276461558945,-0.28511494398117065,-0.061169445514678955,-0.26842185329967805,-0.4314388632774353,0.08819478750228882,-0.2979811973529465,-0.36100274324417114,0.1563042402267456,-0.24448924731785127,-0.2945559620857239,0.15768790245056152,-0.20667601596885987,-0.312401682138443,-0.06213182210922241,-0.13078559410148927,-0.43333178758621216,0.06869900226593018,-0.16424762677723237,-0.3549019992351532,0.12333178520202637,-0.1347130931573517,-0.2901057004928589,0.1253718137741089,-0.11472638916546174,-0.3434627652168274,-0.047068119049072266,-0.005726036954165181,-0.4219586253166199,0.0393640398979187,-0.04054030996137925,-0.3909515142440796,0.09604871273040771,-0.04480589773827859,-0.35374462604522705,0.11292803287506104,-0.04598294418627091
Q,0.0,0.0,0.0,-0.009173154830932617,0.10747075080871582,-0.24877803115100505,-0.08366292715072632,0.19397997856140137,-0.3769402959749186,-0.16348224878311157,0.27801835536956787,-0.4376240530416453,-0.2593214511871338,0.36607158184051514,-0.4860895731851542,-0.23863869905471802,-0.028186827898025513,-0.41784055618495586,-0.403806209564209,0.09013015031814575,-0.47053356556148174,-0.4904292821884155,0.1991170048713684,-0.4593620458051646,-0.5363783836364746,0.2781338691711426,-0.4422467508718455,-0.27878379821777344,-0.05708697438240051,-0.27573792723865154,-0.4212760627269745,0.08086776733398438,-0.305196956674763,-0.35211899876594543,0.15174663066864014,-0.2500330665513957,-0.28933393955230713,0.15403294563293457,-0.21090929297656658,-0.3085339069366455,-0.05548107624053955,-0.13604763237685802,-0.42974889278411865,0.06659644842147827,-0.1646642246648753,-0.3488438129425049,0.11816132068634033,-0.13347809104175212,-0.2837739586830139,0.11770927906036377,-0.11419185338468196,-0.3395789861679077,-0.040679335594177246,-0.010311396735914968,-0.42555713653564453,0.04007595777511597,-0.042705439905830644,-0.40924620628356934,0.09947800636291504,-0.04841303167791011,-0.3842875361442566,0.12231802940368652,-0.05145752889961841
Q,0.0,0.0,0.0,-0.00957268476486206,0.10327398777008057,-0.24861057222180705,-0.08053046464920044,0.18730366230010986,-0.3747113060980354,-0.16281020641326904,0.262637197971344,-0.43278458833985667,-0.2632301449775696,0.34892451763153076,-0.47874918699555735,-0.23897236585617065,-0.03574240207672119,-0.4166010034113441,-0.39829739928245544,0.08341842889785767,-0.47665292144112925,-0.48307424783706665,0.19590330123901367,-0.4738180351286445,-0.5263801217079163,0.2805566191673279,-0.46162614345841746,-0.2772037982940674,-0.06143343448638916,-0.2760776591330085,-0.41762036085128784,0.0762624740600586,-0.30773884177499156,-0.350851833820343,0.14696776866912842,-0.25475981951051097,-0.2880505323410034,0.15014266967773438,-0.2176767599611793,-0.30524545907974243,-0.05769583582878113,-0.13920943558507304,-0.4217855930328369,0.06034642457962036,-0.17333129167847972,-0.34296542406082153,0.11317700147628784,-0.14432235181622843,-0.2798957824707031,0.1147223711013794,-0.12606561303429942,-0.3361772894859314,-0.043214261531829834,-0.01629114270501475,-0.4088798463344574,0.03852492570877075,-0.05329395205073695,-0.3776434063911438,0.09501832723617554,-0.059942790570787,-0.3418501019477844,0.11268460750579834,-0.06344445169263224
Q,0.0,0.0,0.0,-0.02061450481414795,0.10633015632629395,-0.228900050459373,-0.09618628025054932,0.19256311655044556,-0.3492908828835368,-0.1766534447669983,0.2651861310005188,-0.4081000738720775,-0.2758612632751465,0.3438724875450134,-0.4566171520333171,-0.24423789978027344,-0.029404759407043457,-0.3816570096592784,-0.40258875489234924,0.0842055082321167,-0.43721733027504683,-0.4883478879928589,0.18931883573532104,-0.43788651162194014,-0.5312352478504181,0.2714683413505554,-0.4288737230877757,-0.27786576747894287,-0.06082615256309509,-0.25032160216377974,-0.41755181550979614,0.07267236709594727,-0.2806484752278209,-0.3562249541282654,0.13806533813476562,-0.23249513441132308,-0.29573866724967957,0.14404141902923584,-0.19711079233692885,-0.30236804485321045,-0.061937928199768066,-0.12183291250275374,-0.4171302914619446,0.05665290355682373,-0.1504872941355586,-0.34431254863739014,0.10405337810516357,-0.12054754578875304,-0.28365206718444824,0.10639709234237671,-0.10128980660246611,-0.3306640386581421,-0.04949095845222473,-0.006235831597763308,-0.3986186683177948,0.03358060121536255,-0.03623731964634658,-0.36850106716156006,0.08851742744445801,-0.038196822343337544,-0.3358067572116852,0.10613274574279785,-0.03801908501790763
Q,0.0,0.0,0.0,-0.020033061504364014,0.09659069776535034,-0.2491298892005176,-0.09547924995422363,0.17645835876464844,-0.37159214694339937,-0.1760568618774414,0.25101959705352783,-0.42629758794147676,-0.27483314275741577,0.33287757635116577,-0.4673947222932071,-0.25334614515304565,-0.05021223425865173,-0.39271162230808443,-0.40738213062286377,0.07202041149139404,-0.4380845256550998,-0.48700329661369324,0.18431544303894043,-0.42526538450557894,-0.526860922574997,0.26637035608291626,-0.40861122090656465,-0.2842901349067688,-0.0666983425617218,-0.25305633027393526,-0.4226672351360321,0.0716816782951355,-0.28113926727611727,-0.3423992693424225,0.13451075553894043,-0.23058162410099214,-0.27772194147109985,0.12750637531280518,-0.1933822758897037,-0.30861127376556396,-0.05719733238220215,-0.11799612421829409,-0.4217808246612549,0.05834031105041504,-0.14777999896843141,-0.33722352981567383,0.10155129432678223,-0.12288165618021196,-0.27368026971817017,0.09703010320663452,-0.10745848495800203,-0.33633506298065186,-0.04077023267745972,0.0022068548546343436,-0.402051717042923,0.03137099742889404,-0.03555499915320581,-0.3714814782142639,0.07844346761703491,-0.04905282859046167,-0.3369075059890747,0.09273344278335571,-0.05688975531894869
Q,0.0,0.0,0.0,-0.018434882164001465,0.0914766788482666,-0.2440249323584993,-0.09643256664276123,0.17528647184371948,-0.3642371147611101,-0.1768481731414795,0.25539714097976685,-0.41863335666441515,-0.2763330340385437,0.33534306287765503,-0.46016417441153123,-0.24966681003570557,-0.06003761291503906,-0.3846621364095171,-0.40718841552734375,0.06647276878356934,-0.42737178501867845,-0.48785728216171265,0.17536097764968872,-0.4170349091031511,-0.5317366719245911,0.2544859051704407,-0.40312968191885545,-0.2831864356994629,-0.08100950717926025,-0.2493737786748369,-0.42966127395629883,0.04917335510253906,-0.2777190357186754,-0.355936199426651,0.11964398622512817,-0.234737724039789,-0.286030650138855,0.1241496205329895,-0.20299179849409654,-0.3101032078266144,-0.07191851735115051,-0.11725271490597322,-0.43209534883499146,0.041211724281311035,-0.14592665431284502,-0.3511390686035156,0.09405863285064697,-0.12394859639191225,-0.28525251150131226,0.0976325273513794,-0.11048199978851869,-0.33858925104141235,-0.053652167320251465,0.0006849859751838494,-0.41191983222961426,0.022360146045684814,-0.032103985522027756,-0.37752771377563477,0.07492220401763916,-0.03930380192780092,-0.3352012038230896,0.09341973066329956,-0.04282646996163919
Q,0.0,0.0,0.0,-0.021758973598480225,0.09190350770950317,-0.23047519131944227,-0.10650211572647095,0.17582201957702637,-0.3459297309760814,-0.19811409711837769,0.2550036907196045,-0.4022442291621928,-0.30121076107025146,0.33828866481781006,-0.44882540806577254,-0.2634690999984741,-0.05792289972305298,-0.3429890166167979,-0.4269387423992157,0.07069212198257446,-0.38915722473905134,-0.5070653259754181,0.17895281314849854,-0.3914653252010112,-0.550475150346756,0.2613401412963867,-0.3873020003680949,-0.2997872829437256,-0.09066039323806763,-0.216510881031013,-0.44842594861984253,0.060782015323638916,-0.262046028221107,-0.3862608075141907,0.13025379180908203,-0.2411107461099391,-0.3168359398841858,0.1409924030303955,-0.2210011075381999,-0.322767436504364,-0.08697298169136047,-0.0929522703532939,-0.44218909740448,0.05180239677429199,-0.1343312154655223,-0.3678355813026428,0.10408157110214233,-0.1198481957559352,-0.30152422189712524,0.10695701837539673,-0.10704651876733351,-0.348435640335083,-0.06673282384872437,0.01758415036454153,-0.41639113426208496,0.03536379337310791,-0.02607636182949591,-0.3698798418045044,0.08509182929992676,-0.035904258782125,-0.32177799940109253,0.0923696756362915,-0.03766015201256323
Q,0.0,0.0,0.0,-0.021935224533081055,0.08875298500061035,-0.23181717447787165,-0.10736691951751709,0.16918045282363892,-0.34808960907011866,-0.20059913396835327,0.2502018213272095,-0.40550122015028833,-0.3079851269721985,0.3318646550178528,-0.4523682629302108,-0.2612398862838745,-0.0672869086265564,-0.33613986126929163,-0.42350903153419495,0.06630825996398926,-0.37714863173514246,-0.5002748370170593,0.17647910118103027,-0.3741221760943496,-0.5389426350593567,0.2594149708747864,-0.3668287729456985,-0.298162579536438,-0.09356147050857544,-0.20939503960162043,-0.43832123279571533,0.06077677011489868,-0.25152305118590235,-0.36858779191970825,0.12326735258102417,-0.228705946131047,-0.2988010048866272,0.12449812889099121,-0.20770466677695154,-0.3239562511444092,-0.08594626188278198,-0.08625185839682459,-0.43523532152175903,0.051242053508758545,-0.12206726126223444,-0.3573618531227112,0.09912717342376709,-0.1059114297464454,-0.2925599217414856,0.09773719310760498,-0.09377909801751017,-0.3519737720489502,-0.06287086009979248,0.023022346423569928,-0.41439878940582275,0.03498280048370361,-0.017482876552637805,-0.3674786388874054,0.08404254913330078,-0.028346456362303485,-0.32188478112220764,0.091910719871521,-0.031308039797838916
Q,0.0,0.0,0.0,-0.0314105749130249,0.09444278478622437,-0.2198127315438967,-0.12042146921157837,0.18116438388824463,-0.3234341398872118,-0.21373885869979858,0.26018083095550537,-0.36989414254796316,-0.3106114864349365,0.33312904834747314,-0.4049119905627947,-0.2619689702987671,-0.05682408809661865,-0.3270354227222185,-0.4262835681438446,0.07388293743133545,-0.3829681233562212,-0.5038355588912964,0.1785309910774231,-0.39377072016370107,-0.546474814414978,0.26110589504241943,-0.39317565719258596,-0.29978030920028687,-0.09554749727249146,-0.20837361673486043,-0.4358939528465271,0.0723145604133606,-0.25604471127164175,-0.3709428906440735,0.1360904574394226,-0.23414563695561696,-0.30003899335861206,0.1375051736831665,-0.21391662518155385,-0.32410144805908203,-0.09307083487510681,-0.0949076444901209,-0.43725985288619995,0.058277130126953125,-0.14528959552418996,-0.3678838014602661,0.11007815599441528,-0.13205708126199056,-0.3067408800125122,0.1099669337272644,-0.11695763031613637,-0.34911713004112244,-0.07220840454101562,0.006187361379744516,-0.42275285720825195,0.034187257289886475,-0.041129849205134406,-0.3852992355823517,0.08610516786575317,-0.04998977417719175,-0.3430202305316925,0.09685158729553223,-0.0496973090864401
Q,0.0,0.0,0.0,-0.027278542518615723,0.09026879072189331,-0.212351521781045,-0.11443066596984863,0.1777971386909485,-0.3152091264038859,-0.20976394414901733,0.25785309076309204,-0.3645957469254313,-0.30831652879714966,0.32767754793167114,-0.4034244775086222,-0.2546219229698181,-0.06118744611740112,-0.3190368472843943,-0.4184102416038513,0.07102066278457642,-0.37872303121383766,-0.4964975118637085,0.17181318998336792,-0.39659277193840126,-0.5466604828834534,0.2537227272987366,-0.4035008310585795,-0.29877179861068726,-0.10048002004623413,-0.2084813176899729,-0.4419557750225067,0.06357574462890625,-0.2637414395123301,-0.39417213201522827,0.13818198442459106,-0.2503822802811442,-0.3276023864746094,0.16046327352523804,-0.2363598852663813,-0.3232710361480713,-0.09757333993911743,-0.10255791836078743,-0.44737011194229126,0.04835224151611328,-0.15547539882953743,-0.38817429542541504,0.10712563991546631,-0.14275862865741829,-0.3240198493003845,0.1220739483833313,-0.12753528945739845,-0.3454219102859497,-0.07457250356674194,-0.009288374638515506,-0.41906851530075073,0.03030836582183838,-0.060106126895504985,-0.3901480734348297,0.08948075771331787,-0.0718023239880381,-0.3507130742073059,0.11279177665710449,-0.0727389141231356
Q,0.0,0.0,0.0,-0.031076788902282715,0.09483593702316284,-0.20689240075641635,-0.11811858415603638,0.1816258430480957,-0.3068879244475937,-0.21064317226409912,0.2577994465827942,-0.3538870213180161,-0.3092671036720276,0.32394468784332275,-0.39027732588344577,-0.25199270248413086,-0.05550813674926758,-0.3157762882857895,-0.41651302576065063,0.06994986534118652,-0.3706049916892624,-0.4969802498817444,0.16778099536895752,-0.38563725329929355,-0.5484333634376526,0.24774116277694702,-0.3907718358188248,-0.2908012866973877,-0.09893113374710083,-0.2053879497199631,-0.4352872967720032,0.05984628200531006,-0.2530152199416733,-0.3937838673591614,0.1361038088798523,-0.23532730318599704,-0.33085423707962036,0.1619519591331482,-0.219377368465004,-0.3127761483192444,-0.09955620765686035,-0.09906900651746753,-0.43598493933677673,0.042712628841400146,-0.1433239278941727,-0.38225966691970825,0.1022641658782959,-0.12732166029506686,-0.3226656913757324,0.12005811929702759,-0.11143842317157748,-0.33404380083084106,-0.0809805691242218,-0.005203367918667823,-0.41113829612731934,0.017987489700317383,-0.04913394130760196,-0.39390480518341064,0.0791284441947937,-0.05875022314482692,-0.36425185203552246,0.10803931951522827,-0.059241469725904494
Q,0.0,0.0,0.0,-0.02873218059539795,0.08284658193588257,-0.22489690048590205,-0.11800193786621094,0.1666020154953003,-0.3336749897707989,-0.21158283948898315,0.24889808893203735,-0.3864434586276104,-0.31154578924179077,0.32339513301849365,-0.4269185291041424,-0.26220977306365967,-0.07223689556121826,-0.33033566934958003,-0.427789568901062,0.06459695100784302,-0.38642015321150325,-0.5068845748901367,0.16828036308288574,-0.39784681064978145,-0.5565832555294037,0.24519497156143188,-0.39887403709784053,-0.3013218641281128,-0.10513412952423096,-0.21100955469503901,-0.4343653917312622,0.05886805057525635,-0.2624981330145886,-0.3705171048641205,0.12408649921417236,-0.24278717501059077,-0.3013642430305481,0.1268642544746399,-0.22373039288416408,-0.32576096057891846,-0.09847152233123779,-0.09746136529341243,-0.4411054253578186,0.042632877826690674,-0.14765841526880763,-0.3771529793739319,0.09827107191085815,-0.1350419150103619,-0.3148239850997925,0.10587233304977417,-0.12006297720566295,-0.35276514291763306,-0.0731014609336853,0.00259345454193749,-0.4361250698566437,0.01258772611618042,-0.04224272830381892,-0.43364882469177246,0.07192963361740112,-0.055544994901566724,-0.41964855790138245,0.101185142993927,-0.05900882197514079
Q,0.0,0.0,0.0,-0.0226895809173584,0.08931148052215576,-0.2273751234521022,-0.10274600982666016,0.17358362674713135,-0.3422900622595897,-0.19300109148025513,0.25149834156036377,-0.4008378272761455,-0.2939377427101135,0.3244554400444031,-0.4484083240737071,-0.2459656000137329,-0.060003817081451416,-0.34434916431800033,-0.41039884090423584,0.06185883283615112,-0.40900083238974716,-0.4945167005062103,0.1646134853363037,-0.424244541477119,-0.5413137376308441,0.24520862102508545,-0.42640291507140304,-0.2857357859611511,-0.09304583072662354,-0.22459669763938095,-0.4328354597091675,0.062323153018951416,-0.2765801435221782,-0.38061100244522095,0.13283771276474,-0.2520444279421916,-0.31590938568115234,0.14470022916793823,-0.22964886183634903,-0.31131982803344727,-0.0886145830154419,-0.11082138473883774,-0.43499308824539185,0.04956930875778198,-0.1621907835711589,-0.37287211418151855,0.10485386848449707,-0.1444189285744777,-0.30886900424957275,0.11299985647201538,-0.12607942874327804,-0.3378514051437378,-0.06662148237228394,-0.010766544181560533,-0.41949301958084106,0.026049673557281494,-0.059608772199307936,-0.4034331142902374,0.08685505390167236,-0.07042949999467041,-0.37515789270401,0.1117926836013794,-0.07153293098107483
Q,0.0,0.0,0.0,-0.024083435535430908,0.09032422304153442,-0.23015574130126026,-0.10865908861160278,0.17384052276611328,-0.3375037065417388,-0.19834911823272705,0.2562793493270874,-0.38476339491911915,-0.29769575595855713,0.32968127727508545,-0.4201547554404357,-0.2551417946815491,-0.060581862926483154,-0.33949831637450245,-0.4204975366592407,0.05761873722076416,-0.39883539589949635,-0.5075584352016449,0.1551663875579834,-0.41575277360983875,-0.5616981387138367,0.234499990940094,-0.42012820157118824,-0.2947838306427002,-0.09282296895980835,-0.21507601949282673,-0.44465553760528564,0.05684196949005127,-0.2615870884329894,-0.39075443148612976,0.1267305612564087,-0.24138162049361256,-0.31700414419174194,0.1413998007774353,-0.22253875943728474,-0.3212317228317261,-0.08631014823913574,-0.09652346136876133,-0.44767263531684875,0.04498875141143799,-0.14428827675887135,-0.38697677850723267,0.10185259580612183,-0.1335631510884383,-0.3246820569038391,0.11371546983718872,-0.12024041774579075,-0.34570252895355225,-0.06383150815963745,0.008522498916008203,-0.4214966297149658,0.028483688831329346,-0.03344848143764523,-0.3955947756767273,0.08417242765426636,-0.04327128964372662,-0.3574519455432892,0.10730457305908203,-0.044877996173582346
Q,0.0,0.0,0.0,-0.020236313343048096,0.0982024073600769,-0.22099056004906004,-0.09972989559173584,0.1858615279197693,-0.32427392064953153,-0.18501347303390503,0.26294898986816406,-0.3701748615446121,-0.28342777490615845,0.3334658741950989,-0.40412316381359403,-0.24782347679138184,-0.04709345102310181,-0.32302386223697965,-0.406637966632843,0.06866961717605591,-0.3842010861578018,-0.49068695306777954,0.17062830924987793,-0.4022943144979507,-0.5402164161205292,0.25217294692993164,-0.40605179130459135,-0.2817336320877075,-0.07810074090957642,-0.20252663552189176,-0.41817188262939453,0.08152246475219727,-0.24783291577720945,-0.3500155806541443,0.14371508359909058,-0.2227686709108383,-0.28003108501434326,0.1398247480392456,-0.19865938186073606,-0.3048655390739441,-0.07302510738372803,-0.0890508061590225,-0.4189441204071045,0.06932222843170166,-0.13878687381172483,-0.34709715843200684,0.11745214462280273,-0.12571950911903684,-0.2864909768104553,0.11348932981491089,-0.10860875158930128,-0.3325994610786438,-0.05512768030166626,0.011961672423538516,-0.4077291190624237,0.04303973913192749,-0.03237296178365057,-0.3763292729854584,0.09354251623153687,-0.040119658255818536,-0.34003233909606934,0.10378128290176392,-0.03801754772091215
Q,0.0,0.0,0.0,-0.023425161838531494,0.09606146812438965,-0.21989936740315486,-0.09895199537277222,0.17919403314590454,-0.3329809120408349,-0.18305444717407227,0.2583428621292114,-0.38883475572979975,-0.28269946575164795,0.3275265693664551,-0.433573853086596,-0.2470189332962036,-0.045946598052978516,-0.34246478588498164,-0.4075917601585388,0.061907827854156494,-0.4032224527112298,-0.5015533566474915,0.159143328666687,-0.4165119639149957,-0.5561533272266388,0.2355571985244751,-0.4167117884866052,-0.2807365655899048,-0.08090037107467651,-0.2196802756301217,-0.4306466579437256,0.05649614334106445,-0.25473035485661555,-0.37394070625305176,0.1244993805885315,-0.21742535741246272,-0.3090437054634094,0.1322060227394104,-0.18782105655587245,-0.30507785081863403,-0.08158987760543823,-0.10221094251788188,-0.4318311810493469,0.04118239879608154,-0.13730871291077662,-0.36870038509368896,0.09569066762924194,-0.11251835883772898,-0.30768775939941406,0.1032136082649231,-0.09245031685746241,-0.33062440156936646,-0.06562721729278564,0.002250824727202172,-0.41113975644111633,0.01766425371170044,-0.03193831802523661,-0.39765065908432007,0.07609963417053223,-0.03533822284257937,-0.3708861470222473,0.10010510683059692,-0.03323869393384982
Q,0.0,0.0,0.0,-0.01772439479827881,0.09789019823074341,-0.2346778993667371,-0.09144461154937744,0.17869538068771362,-0.3464541618884809,-0.16823101043701172,0.25657159090042114,-0.39398099828374455,-0.26420795917510986,0.33018696308135986,-0.42736022520673345,-0.2393355369567871,-0.04430276155471802,-0.3691563491882093,-0.3958480954170227,0.05472928285598755,-0.4284083430827863,-0.49031752347946167,0.15708357095718384,-0.4356172864497907,-0.5434216558933258,0.234053373336792,-0.4315034036697156,-0.2708292007446289,-0.06797343492507935,-0.23609499979627202,-0.4132380485534668,0.058232247829437256,-0.2633556609214551,-0.3512016534805298,0.12685686349868774,-0.21666808772695134,-0.29002344608306885,0.12845033407211304,-0.1831080650151975,-0.2972448468208313,-0.06354278326034546,-0.10942662108552526,-0.41904813051223755,0.04369693994522095,-0.13657789278638433,-0.349629282951355,0.09564650058746338,-0.10921455520999501,-0.2914735674858093,0.10015213489532471,-0.09075308192384313,-0.3232805132865906,-0.048796117305755615,0.0023837469345622253,-0.4035327434539795,0.02031528949737549,-0.030049409455180864,-0.3997024893760681,0.07615876197814941,-0.038853078818441134,-0.3826903998851776,0.10390883684158325,-0.04237786654245923
Q,0.0,0.0,0.0,-0.01732689142227173,0.09642231464385986,-0.2293393829797381,-0.0874643325805664,0.17777609825134277,-0.3465333798860186,-0.16290158033370972,0.2611151337623596,-0.4017447749112719,-0.256656289100647,0.3363599181175232,-0.4435078719590777,-0.2337091565132141,-0.043645501136779785,-0.3747531989549273,-0.3915852904319763,0.04897189140319824,-0.44461800846801935,-0.49122124910354614,0.1484084129333496,-0.45814966354118525,-0.5474312901496887,0.22252702713012695,-0.45722319874511896,-0.26787298917770386,-0.06302911043167114,-0.2459486791823977,-0.4151764214038849,0.06198388338088989,-0.27974822315918146,-0.34699827432632446,0.12869304418563843,-0.22889246735321223,-0.28871428966522217,0.12283098697662354,-0.19026707801567255,-0.29625093936920166,-0.05594402551651001,-0.1236446568702334,-0.423376202583313,0.05058717727661133,-0.1566702345346087,-0.3527924418449402,0.099723219871521,-0.12442959788786112,-0.29554468393325806,0.09647512435913086,-0.10062512699114023,-0.3260260224342346,-0.03717905282974243,-0.01542254387931763,-0.4138357639312744,0.02785015106201172,-0.052369348142015326,-0.41801050305366516,0.08477115631103516,-0.05888738426910578,-0.4076814651489258,0.10924077033996582,-0.05929501298414408
Q,0.0,0.0,0.0,-0.01774585247039795,0.09909093379974365,-0.2246041326123276,-0.08831965923309326,0.17734909057617188,-0.34018394633112337,-0.16400372982025146,0.25554072856903076,-0.39588707967577363,-0.25669801235198975,0.3275322914123535,-0.43934262080965425,-0.2286229133605957,-0.040170133113861084,-0.3649186520176926,-0.3893815875053406,0.042291462421417236,-0.4260566560822525,-0.48894110321998596,0.13391727209091187,-0.4314139811593094,-0.5446103811264038,0.20668917894363403,-0.42598611398516084,-0.260051429271698,-0.06568014621734619,-0.23820849045095827,-0.4033697843551636,0.05354464054107666,-0.27506846471605684,-0.3480706810951233,0.12169963121414185,-0.22844124122438814,-0.29588454961776733,0.1246025562286377,-0.19091035707769777,-0.28685295581817627,-0.06268370151519775,-0.11664427353916551,-0.40836966037750244,0.04804182052612305,-0.1478078095513382,-0.34338968992233276,0.09533178806304932,-0.11473965181885148,-0.2862052321434021,0.09358841180801392,-0.08995630129156496,-0.3159676790237427,-0.04490739107131958,-0.009187105138877882,-0.39718008041381836,0.03023475408554077,-0.04629592879591371,-0.40469494462013245,0.08649218082427979,-0.054374913712123885,-0.40149128437042236,0.1095888614654541,-0.055013555129150404
Q,0.0,0.0,0.0,-0.017203152179718018,0.09705710411071777,-0.21948373446749514,-0.08959585428237915,0.17829018831253052,-0.33014404902743166,-0.1698591709136963,0.2624014616012573,-0.3831999612836725,-0.2602960467338562,0.3425130844116211,-0.4244980526952631,-0.2407117486000061,-0.03738534450531006,-0.34227267036722964,-0.400920033454895,0.04918527603149414,-0.4183412207155115,-0.5055999159812927,0.1393730640411377,-0.4461712552099115,-0.5685458779335022,0.2101612091064453,-0.4538534594564325,-0.2735714316368103,-0.06727087497711182,-0.21875055263327425,-0.4220460057258606,0.05979180335998535,-0.2588462246446497,-0.36438512802124023,0.1298878788948059,-0.2220318181304819,-0.3030589818954468,0.13415074348449707,-0.19000683853911227,-0.29925453662872314,-0.0669717788696289,-0.10247004906224078,-0.42155128717422485,0.045650482177734375,-0.14025525877760714,-0.3570140600204468,0.09559136629104614,-0.11391300092028445,-0.29968738555908203,0.09485429525375366,-0.08951193223284548,-0.32485902309417725,-0.05102497339248657,0.0003334694386367687,-0.4084876775741577,0.025226950645446777,-0.03185900057243174,-0.4014382064342499,0.08234143257141113,-0.03162702302025622,-0.3808968961238861,0.10536646842956543,-0.02495211864398783
Q,0.0,0.0,0.0,-0.01807403564453125,0.09273689985275269,-0.22912133015435643,-0.09101653099060059,0.17363715171813965,-0.34477462149899907,-0.16693603992462158,0.2566986083984375,-0.4015028355244965,-0.2579802870750427,0.3325809836387634,-0.4457135973100037,-0.24331051111221313,-0.0502663254737854,-0.3544912812833161,-0.40613871812820435,0.03652489185333252,-0.4221053300027222,-0.5031529664993286,0.1329454779624939,-0.4390942630891175,-0.5584623217582703,0.20629358291625977,-0.4404694018487305,-0.27291446924209595,-0.07355403900146484,-0.2269369540337891,-0.42322009801864624,0.04883807897567749,-0.2681756792191834,-0.36760687828063965,0.12331360578536987,-0.23094189442437596,-0.30725497007369995,0.12886345386505127,-0.1990771023158402,-0.2955130338668823,-0.06681430339813232,-0.10602322496217198,-0.4252842962741852,0.04109889268875122,-0.14310427285474248,-0.36118268966674805,0.09464257955551147,-0.11859429158013768,-0.30085325241088867,0.09505391120910645,-0.09692879296582646,-0.32146865129470825,-0.04808032512664795,0.0005924501854508435,-0.41488850116729736,0.018191754817962646,-0.03532012082379765,-0.4276600480079651,0.0793452262878418,-0.043888675940451094,-0.4221174716949463,0.10819673538208008,-0.04464597902935452
Q,0.0,0.0,0.0,-0.008955717086791992,0.10206550359725952,-0.22915837749637546,-0.0765690803527832,0.18445920944213867,-0.347168585507049,-0.1483393907546997,0.2639102339744568,-0.4054714052359003,-0.23338717222213745,0.3415001630783081,-0.4508563487211603,-0.22758609056472778,-0.02761906385421753,-0.3660013584772486,-0.39004868268966675,0.05110853910446167,-0.43133570834793034,-0.48979276418685913,0.14515787363052368,-0.43874295636810245,-0.5442540943622589,0.21343153715133667,-0.43292140051521244,-0.2575753927230835,-0.054545462131500244,-0.23886317595638218,-0.40073448419570923,0.06408065557479858,-0.2770091502348322,-0.3341122269630432,0.13423967361450195,-0.22734943613208713,-0.27958130836486816,0.12937021255493164,-0.18583192512191715,-0.2828420400619507,-0.054147303104400635,-0.11844768211044254,-0.401915043592453,0.053773343563079834,-0.1540489850918192,-0.332868754863739,0.10112184286117554,-0.1222096814195055,-0.28073549270629883,0.09397155046463013,-0.09608458563484135,-0.3113399147987366,-0.03983229398727417,-0.01214720237798872,-0.40714699029922485,0.027004778385162354,-0.04675463422931614,-0.4273265600204468,0.08844178915023804,-0.05245021194018307,-0.43439042568206787,0.11875301599502563,-0.05194874316252651
Q,0.0,0.0,0.0,-0.00809180736541748,0.09802132844924927,-0.22114132657145547,-0.07877784967422485,0.18066519498825073,-0.3323476047763734,-0.16178667545318604,0.2626495957374573,-0.38622501804923104,-0.2497146725654602,0.3348013758659363,-0.42821255638693856,-0.23131048679351807,-0.03560900688171387,-0.33894768669699715,-0.3974323868751526,0.05542337894439697,-0.41305959537123726,-0.4994408190250397,0.14765691757202148,-0.4393678934821992,-0.5610731244087219,0.2170814871788025,-0.44845319106673287,-0.2686935067176819,-0.06643053889274597,-0.21788035645579384,-0.4162452220916748,0.06352120637893677,-0.2623434098014741,-0.35826176404953003,0.12492161989212036,-0.22702834322547005,-0.30244338512420654,0.12213224172592163,-0.19648164823149727,-0.29408514499664307,-0.06462180614471436,-0.10456232293938683,-0.41389039158821106,0.053241848945617676,-0.14805557146166848,-0.3504725694656372,0.09970158338546753,-0.12149197920655297,-0.2972651720046997,0.09592229127883911,-0.09705428346489953,-0.3210664987564087,-0.04562121629714966,-0.004954834798923002,-0.41280800104141235,0.026062190532684326,-0.04801895409320878,-0.43530791997909546,0.08724087476730347,-0.05552571206783341,-0.44612616300582886,0.11941027641296387,-0.054475679392567145
Q,0.0,0.0,0.0,-0.01137840747833252,0.09302496910095215,-0.2158205674461655,-0.08406376838684082,0.17537838220596313,-0.3251978026203446,-0.17028403282165527,0.2605173587799072,-0.3812176154426865,-0.25687313079833984,0.3361903429031372,-0.4259261654190354,-0.2364903688430786,-0.04314875602722168,-0.31904329522173924,-0.40429922938346863,0.04659748077392578,-0.3923805819324784,-0.5066334009170532,0.13202905654907227,-0.42032461031001134,-0.5707423090934753,0.19695526361465454,-0.4306771622471146,-0.2746444344520569,-0.07658493518829346,-0.2047979251913361,-0.4230593144893646,0.0613785982131958,-0.25563405616801305,-0.3616793155670166,0.12592393159866333,-0.22633956535380406,-0.30058759450912476,0.12441784143447876,-0.19707171781580968,-0.3001924753189087,-0.0752737820148468,-0.09893626137297673,-0.4229227304458618,0.051256418228149414,-0.14960879250090642,-0.36017394065856934,0.0982438325881958,-0.1251719759277634,-0.30361872911453247,0.09468799829483032,-0.09843896492045445,-0.3267818093299866,-0.05485367774963379,-0.006756062383168171,-0.4171273708343506,0.024838387966156006,-0.050159761445932816,-0.4273967742919922,0.08033835887908936,-0.053376016902142,-0.4246244430541992,0.10297822952270508,-0.04693865193646474
Q,0.0,0.0,0.0,-0.015826940536499023,0.08346438407897949,-0.22577244809326658,-0.08253800868988037,0.16146600246429443,-0.34270956388172635,-0.1550876498222351,0.2415289282798767,-0.4035626577442599,-0.24766725301742554,0.3192809224128723,-0.4535067307060672,-0.24693608283996582,-0.0498429536819458,-0.3350751923626376,-0.4048367738723755,0.03988635540008545,-0.390300892502637,-0.4983373284339905,0.13068252801895142,-0.39924874177631864,-0.5516771972179413,0.19923394918441772,-0.3968463765686465,-0.2755354046821594,-0.07302659749984741,-0.2099669652288867,-0.42037421464920044,0.04394078254699707,-0.24456917515453824,-0.36473584175109863,0.11663240194320679,-0.2104283498829318,-0.3055703043937683,0.12280303239822388,-0.18141590824779996,-0.29458051919937134,-0.06766766309738159,-0.09097611925062665,-0.41835615038871765,0.033426105976104736,-0.12314110270199308,-0.3528120517730713,0.08638107776641846,-0.10224262645897397,-0.29236775636672974,0.08920842409133911,-0.08455225846228132,-0.31729787588119507,-0.05182582139968872,0.014038552320926101,-0.40440255403518677,0.013966917991638184,-0.018359799147219746,-0.40237849950790405,0.07042074203491211,-0.02630991137084493,-0.38410043716430664,0.09609508514404297,-0.0273512156909419
Q,0.0,0.0,0.0,-0.009088575839996338,0.08523660898208618,-0.22581691181440533,-0.07216036319732666,0.16670256853103638,-0.34193504488249005,-0.14347195625305176,0.2477070689201355,-0.40131834780950726,-0.2316538691520691,0.32949596643447876,-0.4500660065390605,-0.23286223411560059,-0.044020235538482666,-0.340308463928892,-0.38731810450553894,0.04464322328567505,-0.39616645014066876,-0.479859322309494,0.13697022199630737,-0.4045721951701182,-0.5338129997253418,0.20615249872207642,-0.4024042848326701,-0.26487618684768677,-0.06336218118667603,-0.21653362250108898,-0.3994332253932953,0.04667097330093384,-0.25253546869535626,-0.3488110303878784,0.11727774143218994,-0.21833517288942517,-0.29388952255249023,0.1228259801864624,-0.18994269406576336,-0.2867337465286255,-0.05362558364868164,-0.09887072330494107,-0.39970678091049194,0.041352808475494385,-0.13744517302293957,-0.33656013011932373,0.09134697914123535,-0.12174339478988827,-0.28015851974487305,0.09322625398635864,-0.10696898287315548,-0.31229454278945923,-0.03608894348144531,0.0057292540728610675,-0.39130154252052307,0.027174055576324463,-0.03198172411103428,-0.380140483379364,0.07895106077194214,-0.04190689956922711,-0.3547799289226532,0.10098254680633545,-0.04412739237923802
Q,0.0,0.0,0.0,-0.011216402053833008,0.08877313137054443,-0.22550367076328826,-0.07854461669921875,0.16674810647964478,-0.3428445633166177,-0.15444624423980713,0.24999207258224487,-0.40353666503361296,-0.2403818964958191,0.3301786780357361,-0.452775048803602,-0.23733437061309814,-0.044833362102508545,-0.3459080334418161,-0.39409339427948,0.04290860891342163,-0.4096042688601358,-0.48914605379104614,0.13141894340515137,-0.4242601569407327,-0.5452776849269867,0.1997075080871582,-0.4256777938120706,-0.27326691150665283,-0.0703924298286438,-0.2226063485854013,-0.4105587899684906,0.04957413673400879,-0.2631949957125528,-0.3575625717639923,0.11723726987838745,-0.22847385961941313,-0.30222707986831665,0.12356621026992798,-0.19960326213768553,-0.29681581258773804,-0.06478935480117798,-0.105329925905977,-0.4150097966194153,0.041781485080718994,-0.14345979947975707,-0.3524216413497925,0.08871150016784668,-0.11830275018147063,-0.2951679825782776,0.08942413330078125,-0.09690536816052031,-0.3194230794906616,-0.04304933547973633,-0.00220003446011674,-0.41046684980392456,0.020106136798858643,-0.03741228837898802,-0.4275457561016083,0.07726281881332397,-0.04333239678672385,-0.42866581678390503,0.10699462890625,-0.043043433468852754
Q,0.0,0.0,0.0,-0.009032785892486572,0.07627034187316895,-0.22924110776406792,-0.07513999938964844,0.1538323163986206,-0.34784520155412224,-0.1500074863433838,0.2372201681137085,-0.41126728540879753,-0.23843038082122803,0.31853294372558594,-0.46362478023988274,-0.23782265186309814,-0.06005460023880005,-0.33352178818208245,-0.3956472873687744,0.037745535373687744,-0.3868612993381646,-0.48496031761169434,0.12811505794525146,-0.39486158377152947,-0.5382250547409058,0.1951654553413391,-0.39333427435380486,-0.270842969417572,-0.07824039459228516,-0.21071592456323174,-0.40656688809394836,0.04457974433898926,-0.25254920608026055,-0.35098376870155334,0.11246150732040405,-0.225823451938453,-0.29262709617614746,0.1168222427368164,-0.20168489700776604,-0.29364925622940063,-0.06661617755889893,-0.09399777388793495,-0.4105624854564667,0.0398065447807312,-0.1324350435159829,-0.3459698259830475,0.0870290994644165,-0.11447440570813683,-0.2861897349357605,0.08696198463439941,-0.09778097009879616,-0.3187171220779419,-0.04386889934539795,0.008309031663117139,-0.4089294373989105,0.019663095474243164,-0.0252878192685273,-0.42015665769577026,0.07480424642562866,-0.033490714790644915,-0.4152737557888031,0.10259807109832764,-0.03511045611125496
Q,0.0,0.0,0.0,-0.012182652950286865,0.08046203851699829,-0.22462934037753257,-0.07817667722702026,0.15731149911880493,-0.34300321122714195,-0.15228134393692017,0.24054419994354248,-0.40645819684573326,-0.24012386798858643,0.31834876537323,-0.45928874394007835,-0.2372397780418396,-0.05438762903213501,-0.33816814204760703,-0.3926609754562378,0.03697711229324341,-0.39855339905329856,-0.48451364040374756,0.1260107159614563,-0.4104335882336727,-0.5385195910930634,0.19444024562835693,-0.41044997951098594,-0.2715826630592346,-0.0797576904296875,-0.21753409287043723,-0.41238218545913696,0.04321354627609253,-0.2614100255639187,-0.35771140456199646,0.11384779214859009,-0.23082686742850456,-0.2992193102836609,0.1226733922958374,-0.20348983785220298,-0.29451292753219604,-0.07471358776092529,-0.10286080619403037,-0.41367316246032715,0.03519332408905029,-0.1422000803620449,-0.34913337230682373,0.08501023054122925,-0.11830646326848182,-0.288643479347229,0.08849906921386719,-0.09712273409672889,-0.31751078367233276,-0.05474215745925903,-0.0024968475670448242,-0.4048062860965729,0.013210892677307129,-0.03901665812441024,-0.4080602526664734,0.06740719079971313,-0.04452936505981597,-0.39687514305114746,0.09351199865341187,-0.04303033059545669
Q,0.0,0.0,0.0,-0.007609426975250244,0.07913357019424438,-0.2176533501876321,-0.0731765627861023,0.1579917073249817,-0.3283752959502664,-0.1531887650489807,0.24378085136413574,-0.3877491515410867,-0.2393983006477356,0.3190639615058899,-0.43753917629847194,-0.23031854629516602,-0.05439591407775879,-0.3143396240008798,-0.38992488384246826,0.04012995958328247,-0.3812239330543008,-0.48230886459350586,0.12623387575149536,-0.40630658085474636,-0.5396155416965485,0.1947656273841858,-0.4163898688090768,-0.2704373002052307,-0.0826331377029419,-0.20205626006254818,-0.41036397218704224,0.04630333185195923,-0.25636090452799465,-0.36554792523384094,0.11171132326126099,-0.2408212881816354,-0.30325841903686523,0.12615060806274414,-0.2228306543363061,-0.2938980460166931,-0.07569164037704468,-0.09692150468954708,-0.4142827093601227,0.041098058223724365,-0.14923337216505672,-0.35882362723350525,0.08899909257888794,-0.13623735423216488,-0.2989259362220764,0.09325426816940308,-0.11885397250780727,-0.3179425001144409,-0.05143415927886963,-0.005455101123246209,-0.40262162685394287,0.02498006820678711,-0.05097059275040294,-0.3981265425682068,0.07855063676834106,-0.06023731197247173,-0.3765776753425598,0.09967046976089478,-0.05930245782265331
Q,0.0,0.0,0.0,-0.007322192192077637,0.0852155089378357,-0.2154290867476618,-0.0673065185546875,0.16163396835327148,-0.33209672993709205,-0.1363823413848877,0.24372655153274536,-0.397329394283787,-0.21957886219024658,0.318822979927063,-0.45305633968402503,-0.22142106294631958,-0.049152255058288574,-0.32587916082431434,-0.3739832043647766,0.037059009075164795,-0.38961488431979774,-0.4672725200653076,0.12329602241516113,-0.407065962019459,-0.5219540596008301,0.18727821111679077,-0.40967965549518226,-0.2539595365524292,-0.07344460487365723,-0.20982975191165565,-0.39155903458595276,0.04723578691482544,-0.25519434041072486,-0.33938971161842346,0.11580842733383179,-0.2265830231337702,-0.2812681198120117,0.12244611978530884,-0.19848958081294654,-0.27606064081192017,-0.06663143634796143,-0.09966668165017722,-0.3935964107513428,0.04117518663406372,-0.14051589793254493,-0.33520710468292236,0.0880391001701355,-0.11702690697003959,-0.27889740467071533,0.08816462755203247,-0.09337997114946006,-0.30044353008270264,-0.04397571086883545,-0.002738179450005873,-0.39435863494873047,0.018374264240264893,-0.03500016457130073,-0.4159402847290039,0.07057797908782959,-0.03697871840287803,-0.42123663425445557,0.09390527009963989,-0.03240194967676757
Q,0.0,0.0,0.0,-0.01066213846206665,0.08439648151397705,-0.22016859418528156,-0.07275235652923584,0.15968918800354004,-0.3380738831199892,-0.14732104539871216,0.23993098735809326,-0.40191465980188923,-0.23409807682037354,0.31084197759628296,-0.45617342359201984,-0.2253158688545227,-0.046319782733917236,-0.3513580597080477,-0.38477593660354614,0.042765140533447266,-0.41928923493998127,-0.4786462187767029,0.12441831827163696,-0.4351703859009035,-0.5323948860168457,0.19014817476272583,-0.43643141156809406,-0.2641080617904663,-0.0804826021194458,-0.2327402866520174,-0.4028952121734619,0.050130367279052734,-0.2778603172935732,-0.35388216376304626,0.1149020791053772,-0.24545225865023212,-0.2940288782119751,0.12597805261611938,-0.21850186950342732,-0.2891503572463989,-0.08019852638244629,-0.11921110368149357,-0.4119529128074646,0.03787761926651001,-0.16247664755957203,-0.35537049174308777,0.08876192569732666,-0.1397793776430376,-0.29449498653411865,0.09654039144515991,-0.11944159484284,-0.3128342032432556,-0.0604473352432251,-0.018977017987538147,-0.4003125727176666,0.015251755714416504,-0.057630564931798745,-0.40007853507995605,0.07300740480422974,-0.06294864035027103,-0.38036173582077026,0.1009225845336914,-0.06168546519057827
Q,0.0,0.0,0.0,0.0010738968849182129,0.08314114809036255,-0.2185183341238428,-0.0567585825920105,0.15827369689941406,-0.3353272999260355,-0.1349797248840332,0.2419908046722412,-0.40024337420200595,-0.21483838558197021,0.3171992897987366,-0.4557060326073099,-0.19636636972427368,-0.048513174057006836,-0.3398635114166666,-0.35703763365745544,0.03217965364456177,-0.42015323290561923,-0.454776406288147,0.11075359582901001,-0.45045590648388156,-0.5184658765792847,0.17433404922485352,-0.4625403309795786,-0.2439287304878235,-0.07860684394836426,-0.2288405621979166,-0.38460642099380493,0.04845559597015381,-0.29071894535755405,-0.34054291248321533,0.11278396844863892,-0.26994136223530063,-0.28288793563842773,0.12285512685775757,-0.24782824763988742,-0.27376294136047363,-0.07265126705169678,-0.12462657937740573,-0.39161062240600586,0.04333353042602539,-0.18283102164005527,-0.33777642250061035,0.09156781435012817,-0.1637443775865961,-0.2815593481063843,0.09295600652694702,-0.1412563050720621,-0.3026103377342224,-0.04697144031524658,-0.03404429057573566,-0.38889914751052856,0.02330303192138672,-0.08165141442751178,-0.40152496099472046,0.08050316572189331,-0.0884243423674036,-0.39672577381134033,0.10652363300323486,-0.08586237082218418
Q,0.0,0.0,0.0,-0.005125880241394043,0.08258253335952759,-0.22129938963105644,-0.05914485454559326,0.15471720695495605,-0.34403503897836174,-0.13069754838943481,0.22929680347442627,-0.41454608205010857,-0.21346771717071533,0.2998562455177307,-0.4761181867425677,-0.20293623208999634,-0.05366218090057373,-0.3517741954629656,-0.3621695339679718,0.028797924518585205,-0.4257008827035662,-0.4587220549583435,0.10661017894744873,-0.4488036132161852,-0.5171174705028534,0.1699202060699463,-0.45577100876023735,-0.24256747961044312,-0.08501940965652466,-0.2373289561574694,-0.3801097571849823,0.03883403539657593,-0.2908787823026415,-0.3335570991039276,0.1009138822555542,-0.26438100102593864,-0.2797113060951233,0.10994279384613037,-0.24060044649293388,-0.26969653367996216,-0.08199703693389893,-0.12857075992276634,-0.39259088039398193,0.030891716480255127,-0.17682480278661217,-0.3392010033130646,0.07933193445205688,-0.15361530545403923,-0.28236865997314453,0.08374476432800293,-0.13193027141740288,-0.2984864115715027,-0.05894261598587036,-0.03375030520608391,-0.3919282555580139,0.01131129264831543,-0.07439085307767357,-0.40849369764328003,0.06616765260696411,-0.07921534243276085,-0.405460000038147,0.09165823459625244,-0.07743039938857521
Q,0.0,0.0,0.0,-0.010962367057800293,0.07937335968017578,-0.1889666844570641,-0.07045459747314453,0.15506088733673096,-0.29193646502137227,-0.15186208486557007,0.23153042793273926,-0.3536267359220986,-0.23197585344314575,0.29802197217941284,-0.40597126674294515,-0.21702474355697632,-0.051936328411102295,-0.26575434994339986,-0.3802504241466522,0.025818824768066406,-0.329535790201426,-0.473166286945343,0.09924322366714478,-0.3555166501963143,-0.5312954187393188,0.15954262018203735,-0.36758259725213094,-0.2522355318069458,-0.09189939498901367,-0.17659918260216756,-0.3977945148944855,0.036616742610931396,-0.2374070216381554,-0.3589667081832886,0.10193401575088501,-0.23069735657811208,-0.30305808782577515,0.11506110429763794,-0.21686331224083943,-0.273040771484375,-0.09317857027053833,-0.09470216226220174,-0.4042206406593323,0.024973809719085693,-0.15144085180401845,-0.3586244583129883,0.07594996690750122,-0.13948086690545125,-0.30226606130599976,0.08150559663772583,-0.12072873156905217,-0.29711276292800903,-0.07291907072067261,-0.0252396505737309,-0.39369362592697144,0.00752025842666626,-0.07352968346715016,-0.396678626537323,0.0603870153427124,-0.08205463778615041,-0.3805113136768341,0.07906985282897949,-0.07899730693936391
Q,0.0,0.0,0.0,-0.010363101959228516,0.08613401651382446,-0.19279612397352963,-0.07266384363174438,0.15958839654922485,-0.2973190823713949,-0.15319156646728516,0.23248052597045898,-0.35868215357462674,-0.23108339309692383,0.29621297121047974,-0.4107198098818472,-0.2169448733329773,-0.054761290550231934,-0.28125348483721524,-0.38125306367874146,0.026765942573547363,-0.3491653183619192,-0.4746216833591461,0.10213637351989746,-0.37707021629015713,-0.533276379108429,0.16225498914718628,-0.3894895294825247,-0.25178831815719604,-0.09572488069534302,-0.187531215898197,-0.40034323930740356,0.035281479358673096,-0.24293164705435544,-0.3608827590942383,0.10145300626754761,-0.22769297455946713,-0.30817949771881104,0.11175817251205444,-0.2098472992102316,-0.27246522903442383,-0.09735089540481567,-0.10118599032561093,-0.4072198271751404,0.0205533504486084,-0.1531719992081335,-0.36382466554641724,0.0753433108329773,-0.1354231218020132,-0.3106982409954071,0.08154183626174927,-0.11437939649025708,-0.29656273126602173,-0.07580864429473877,-0.0275953503469637,-0.3971759080886841,-0.0013426542282104492,-0.0710804889122656,-0.4139828085899353,0.05719059705734253,-0.07677173411051541,-0.4098021984100342,0.08121949434280396,-0.07336532866160184
Q,0.0,0.0,0.0,-0.005398392677307129,0.08465063571929932,-0.19108892494410412,-0.06381070613861084,0.15751570463180542,-0.29550884181231396,-0.14690476655960083,0.23185580968856812,-0.3574950199720277,-0.2236507534980774,0.29783910512924194,-0.410827467977704,-0.20865970849990845,-0.049634575843811035,-0.2751368086931123,-0.3682001233100891,0.029494881629943848,-0.3444313209649934,-0.4653978943824768,0.10109913349151611,-0.3749993246194734,-0.5253551304340363,0.1562596559524536,-0.3892589312192811,-0.24293994903564453,-0.08650320768356323,-0.1827128928300752,-0.3782716989517212,0.03719747066497803,-0.2392970573303117,-0.33705610036849976,0.09656780958175659,-0.2262169223424806,-0.28780069947242737,0.10104119777679443,-0.20926707500189679,-0.2642132043838501,-0.08640247583389282,-0.09818528854817288,-0.38968244194984436,0.028557121753692627,-0.15386014693945782,-0.3428015112876892,0.07510900497436523,-0.13885178679198162,-0.290486216545105,0.07281368970870972,-0.11841671431034939,-0.29012811183929443,-0.06565779447555542,-0.025725745424331592,-0.3924500346183777,0.011042296886444092,-0.07183970028132336,-0.41242921352386475,0.06577599048614502,-0.07726467663020031,-0.41222089529037476,0.08392536640167236,-0.07280873024433987
Q,0.0,0.0,0.0,-0.009883999824523926,0.08547848463058472,-0.1862958270977373,-0.06665754318237305,0.1590512990951538,-0.2877098519276018,-0.1469075083732605,0.2300540804862976,-0.3488205272625322,-0.21880477666854858,0.2973618507385254,-0.40112196392520616,-0.20806294679641724,-0.05275470018386841,-0.2633091110657091,-0.3672214150428772,0.019850730895996094,-0.33100639767154405,-0.46464699506759644,0.09085696935653687,-0.35891692823871324,-0.5252350568771362,0.1475822925567627,-0.37137099093898485,-0.24407601356506348,-0.08952730894088745,-0.17478308565124223,-0.38308000564575195,0.03710991144180298,-0.2296205658386583,-0.3411700427532196,0.10380703210830688,-0.21200336999400804,-0.29363635182380676,0.10695260763168335,-0.19076319522365282,-0.2662176489830017,-0.08986228704452515,-0.09497955179914186,-0.3900219798088074,0.028094112873077393,-0.14992918557628343,-0.3451371490955353,0.07964152097702026,-0.13126135355933854,-0.29625260829925537,0.07659512758255005,-0.10769150889619539,-0.2933771014213562,-0.07070976495742798,-0.027681737385236715,-0.3846309781074524,0.008947134017944336,-0.07433539367421815,-0.38478797674179077,0.059628069400787354,-0.07748636341794679,-0.36709558963775635,0.06971055269241333,-0.07007439172967622
Q,0.0,0.0,0.0,-0.008480489253997803,0.07387101650238037,-0.2004981322211279,-0.06729179620742798,0.14143407344818115,-0.3049781603735937,-0.1481696367263794,0.2139526605606079,-0.3646991832179083,-0.22578662633895874,0.2818334102630615,-0.41511702369871273,-0.21602332592010498,-0.0734972357749939,-0.2771081311625494,-0.37470513582229614,0.006273388862609863,-0.34311628174009456,-0.46632206439971924,0.07936763763427734,-0.37014815043630733,-0.5240974426269531,0.13754802942276,-0.38297903370084896,-0.25450921058654785,-0.10208499431610107,-0.1799915118140234,-0.389161616563797,0.030646562576293945,-0.2393566651267065,-0.342472106218338,0.09256935119628906,-0.22919314932050838,-0.285922110080719,0.09562903642654419,-0.2137265039605154,-0.2786697447299957,-0.09509843587875366,-0.09130971711101665,-0.3952363133430481,0.02497810125350952,-0.15064540337743892,-0.34472399950027466,0.07314318418502808,-0.13963413070860042,-0.2878081500530243,0.07196271419525146,-0.12157789450111522,-0.3053179383277893,-0.07219374179840088,-0.015896128676558874,-0.3867529332637787,0.006114065647125244,-0.06963749807300701,-0.37003952264785767,0.05244177579879761,-0.08030623774948253,-0.33608192205429077,0.06293922662734985,-0.0778346342963232
Q,0.0,0.0,0.0,-0.009860098361968994,0.07062190771102905,-0.20258207597389344,-0.06778252124786377,0.13428670167922974,-0.30881884672298554,-0.1481243371963501,0.205133318901062,-0.3704620001520169,-0.2295096516609192,0.26881730556488037,-0.42249438144817475,-0.2145317792892456,-0.07976841926574707,-0.27851244785442475,-0.3726744055747986,-0.0017641186714172363,-0.3458532390798581,-0.46376094222068787,0.07054388523101807,-0.37365296461238984,-0.5210455060005188,0.12928462028503418,-0.3864846823419583,-0.25412026047706604,-0.10341471433639526,-0.18137958624019745,-0.3908916711807251,0.02236872911453247,-0.24350702740802888,-0.3432384133338928,0.08372735977172852,-0.2358182070459378,-0.28402864933013916,0.0865640640258789,-0.22152531125202302,-0.2786436080932617,-0.09292036294937134,-0.09276690312280778,-0.4009931683540344,0.017026185989379883,-0.1546891776527417,-0.3498639464378357,0.06671607494354248,-0.1454350648130429,-0.2904789447784424,0.06661427021026611,-0.1282214818204892,-0.3055677115917206,-0.06771814823150635,-0.017356253942395483,-0.39076435565948486,0.004180729389190674,-0.0727151034082425,-0.37213951349258423,0.05201154947280884,-0.0836629269327176,-0.33366861939430237,0.06396639347076416,-0.08139866568699006
Q,0.0,0.0,0.0,-0.010839521884918213,0.07146131992340088,-0.18608803964760057,-0.06708848476409912,0.1352773904800415,-0.2855812749972557,-0.1465158462524414,0.20645391941070557,-0.3453535876383995,-0.2250967025756836,0.2682223320007324,-0.39599092222358934,-0.2112763524055481,-0.07733780145645142,-0.2540033898463463,-0.3695593476295471,-0.0010614991188049316,-0.3197156629672264,-0.45985573530197144,0.0730290412902832,-0.3484952888598656,-0.517219603061676,0.12975239753723145,-0.36227427340652696,-0.2474362850189209,-0.1001560389995575,-0.16603799081947557,-0.38331782817840576,0.019887864589691162,-0.22427192248012773,-0.33922669291496277,0.08544844388961792,-0.21556885458137742,-0.28600358963012695,0.09042549133300781,-0.20082713581230394,-0.270249605178833,-0.08952540159225464,-0.08665900595094911,-0.39319103956222534,0.01611107587814331,-0.14425654626991502,-0.3457493782043457,0.06828868389129639,-0.1323205969443535,-0.29025769233703613,0.07008856534957886,-0.11350750840809098,-0.2966158986091614,-0.06446737051010132,-0.019784680675527966,-0.3836706578731537,0.003992557525634766,-0.0714082262625908,-0.36891239881515503,0.050988078117370605,-0.07938745535518876,-0.33426645398139954,0.06180328130722046,-0.07485904462244264
Q,0.0,0.0,0.0,-0.0120735764503479,0.06661778688430786,-0.1780421996101964,-0.06653058528900146,0.1311296820640564,-0.2732843869909871,-0.14522182941436768,0.2006722092628479,-0.3301376515612233,-0.22949403524398804,0.26247626543045044,-0.3783063107714284,-0.21295368671417236,-0.07885167002677917,-0.2383330726608861,-0.37158241868019104,-0.0030471086502075195,-0.2998932713255513,-0.45857298374176025,0.07099485397338867,-0.32966382443758135,-0.5115199089050293,0.13155245780944824,-0.34390808284135943,-0.2454272210597992,-0.10090780258178711,-0.1538773739323247,-0.37794435024261475,0.015910089015960693,-0.21484015524240618,-0.33746257424354553,0.07226592302322388,-0.21788988649698382,-0.2812930941581726,0.08018511533737183,-0.211090322731458,-0.2665679156780243,-0.09033596515655518,-0.07675200342985278,-0.3793127238750458,0.012381196022033691,-0.13551415145250445,-0.33331072330474854,0.054681599140167236,-0.13281796514841204,-0.2783510982990265,0.059747159481048584,-0.12018796443792468,-0.2902991771697998,-0.06853139400482178,-0.010991791410766893,-0.3705518841743469,0.002041757106781006,-0.06251291572900897,-0.3468416929244995,0.03808516263961792,-0.07267963528486376,-0.3080289363861084,0.04706597328186035,-0.06954923659416323
Q,0.0,0.0,0.0,-0.00931692123413086,0.06596618890762329,-0.18554530636335986,-0.06460374593734741,0.1249542236328125,-0.2842458297398247,-0.14494061470031738,0.1916896104812622,-0.3433659185555138,-0.22690799832344055,0.25574564933776855,-0.3937361945297875,-0.20527583360671997,-0.09098008275032043,-0.2468634952690758,-0.3646979331970215,-0.0136566162109375,-0.31145916477705615,-0.4514317959547043,0.059600234031677246,-0.3426165391590752,-0.5048110485076904,0.11855584383010864,-0.3578566123631157,-0.24249202013015747,-0.10784697532653809,-0.15924569562937396,-0.3715338408946991,0.007917225360870361,-0.22170376376177447,-0.32957375049591064,0.06464874744415283,-0.2236030657675423,-0.274760901927948,0.07137525081634521,-0.2163262923147835,-0.267212837934494,-0.09437263011932373,-0.07985686109329837,-0.376552939414978,0.005473613739013672,-0.13984667853380817,-0.3285503387451172,0.050001561641693115,-0.13697135046984332,-0.2720963656902313,0.05613720417022705,-0.12463293568159717,-0.2941909730434418,-0.07148802280426025,-0.012745161251381809,-0.36793389916419983,-0.006167709827423096,-0.06602076039578098,-0.34273239970207214,0.03302818536758423,-0.07836559758450168,-0.3025020956993103,0.046137452125549316,-0.07704853610064166
Q,0.0,0.0,0.0,-0.005152463912963867,0.07116824388504028,-0.18687806736497237,-0.05885285139083862,0.1310579776763916,-0.2841685683634694,-0.13805514574050903,0.19757944345474243,-0.34033018063573195,-0.21854397654533386,0.25925397872924805,-0.38745704006223036,-0.20325708389282227,-0.0744912326335907,-0.2504381508734639,-0.36322924494743347,-0.004892528057098389,-0.3157139391806538,-0.45088669657707214,0.07126188278198242,-0.3437693984415944,-0.5000577569007874,0.12923866510391235,-0.35526153158215834,-0.23629024624824524,-0.09448790550231934,-0.1586835951712544,-0.3614916205406189,0.02476590871810913,-0.21348316680459334,-0.313147634267807,0.07886725664138794,-0.20221432756451918,-0.2641127109527588,0.07081460952758789,-0.18525680612592055,-0.25858384370803833,-0.08376210927963257,-0.07618730973271681,-0.3624780774116516,0.021704375743865967,-0.13244329105882002,-0.31239476799964905,0.06401252746582031,-0.12080141614941908,-0.2645183801651001,0.056112587451934814,-0.10223708759812666,-0.2843817472457886,-0.06255131959915161,-0.005915172321778073,-0.3543819487094879,0.004846930503845215,-0.05733951266674353,-0.32806408405303955,0.044304728507995605,-0.06380933981208159,-0.2908132076263428,0.04927927255630493,-0.05738540451793028
Q,0.0,0.0,0.0,-0.019312918186187744,0.0643836259841919,-0.17075995892857776,-0.08132338523864746,0.12535232305526733,-0.2588004151043819,-0.1639372706413269,0.19231975078582764,-0.3113048949894832,-0.24497577548027039,0.25327062606811523,-0.3546328225788997,-0.22671043872833252,-0.0803927481174469,-0.21202942520951495,-0.3849073052406311,-0.004882693290710449,-0.2690158465561794,-0.4696136862039566,0.06623107194900513,-0.29739370734071,-0.5219415724277496,0.1213788390159607,-0.3113564828095363,-0.2574557363986969,-0.09641653299331665,-0.13270620793675647,-0.38210374116897583,0.021792948246002197,-0.19447308570718036,-0.33473896980285645,0.0702662467956543,-0.19936141163682208,-0.2783403694629669,0.06615227460861206,-0.19156311244343982,-0.27787643671035767,-0.08372622728347778,-0.0619060897884296,-0.3838037848472595,0.019489169120788574,-0.12219368458365665,-0.33598870038986206,0.05659627914428711,-0.12256210834359393,-0.28378409147262573,0.053583741188049316,-0.11007297576045261,-0.3007516860961914,-0.06365102529525757,-0.0025239638203160553,-0.37704795598983765,0.005424320697784424,-0.05633134559368358,-0.34918779134750366,0.038913190364837646,-0.06905724645232425,-0.30866917967796326,0.04405742883682251,-0.06602864504431949
Q,0.0,0.0,0.0,-0.014695525169372559,0.06489741802215576,-0.19257320331537642,-0.0772048830986023,0.12225890159606934,-0.28987936543428816,-0.16050001978874207,0.18461275100708008,-0.34669856595003523,-0.2421395480632782,0.2459874153137207,-0.39437495039904036,-0.22486960887908936,-0.08679956197738647,-0.23798903690779127,-0.3799523711204529,-0.010485053062438965,-0.29390551017725386,-0.46265868842601776,0.06359314918518066,-0.3180597858330003,-0.5098702609539032,0.1198740005493164,-0.328266544808983,-0.25428441166877747,-0.09700137376785278,-0.14384354518854536,-0.3806331157684326,0.01773977279663086,-0.20113806294405379,-0.3334598243236542,0.07230854034423828,-0.2000588016411058,-0.2784341275691986,0.07124418020248413,-0.18892264234030165,-0.2734315097332001,-0.0810537338256836,-0.05880522595846571,-0.3810991048812866,0.016905665397644043,-0.11565242575609602,-0.33097952604293823,0.058647751808166504,-0.11405989395582594,-0.2752534747123718,0.05748552083969116,-0.10124135630333342,-0.29808565974235535,-0.059198200702667236,0.013424670713604314,-0.3751456141471863,0.0017771124839782715,-0.03802403675520338,-0.3538036048412323,0.0412333607673645,-0.05239452662074484,-0.3169272840023041,0.05111461877822876,-0.0517971167167417
Q,0.0,0.0,0.0,-0.016191482543945312,0.0673338770866394,-0.18338925363252656,-0.07842755317687988,0.1254185438156128,-0.2759847563667108,-0.15883749723434448,0.18723750114440918,-0.3296727162761499,-0.24002501368522644,0.24559128284454346,-0.37493138732145326,-0.2235146164894104,-0.08226501941680908,-0.2299933654231836,-0.3764125555753708,-0.006261706352233887,-0.2864707929057886,-0.46083222329616547,0.06994152069091797,-0.31333967270086305,-0.5107556879520416,0.12513697147369385,-0.32595356525609986,-0.24786964058876038,-0.09813481569290161,-0.14039660216997163,-0.375810369849205,0.011054575443267822,-0.19500481309125917,-0.3350967764854431,0.06921672821044922,-0.19310644985864656,-0.28518766164779663,0.06961607933044434,-0.18236739160249726,-0.26380160450935364,-0.08568224310874939,-0.05955571280549066,-0.3744490295648575,0.00941687822341919,-0.11513204099367158,-0.3305431008338928,0.05491983890533447,-0.11177381844947831,-0.28131699562072754,0.05194753408432007,-0.09820469440649049,-0.28681764006614685,-0.0660480260848999,0.009427835515339211,-0.36721308529376984,-0.004061222076416016,-0.039974912719230815,-0.34345340728759766,0.03486365079879761,-0.04987030075619714,-0.30432283878326416,0.038095295429229736,-0.04636577116082208
Q,0.0,0.0,0.0,-0.019749879837036133,0.06328153610229492,-0.18515297648941953,-0.08204716444015503,0.1206851601600647,-0.27839410183464963,-0.1629902422428131,0.1875714659690857,-0.33198949573075254,-0.24157515168190002,0.25359100103378296,-0.37718045589959104,-0.2280636727809906,-0.08049041032791138,-0.22976726172005613,-0.37832802534103394,-0.0015085935592651367,-0.2807435083154388,-0.45972636342048645,0.06955718994140625,-0.3036309766534515,-0.5105953812599182,0.1231810450553894,-0.3142661738160797,-0.2554919719696045,-0.09357810020446777,-0.13789038238560636,-0.37958480417728424,0.02402395009994507,-0.18966427323853452,-0.33168888092041016,0.07599848508834839,-0.18760736165081937,-0.2758571207523346,0.07452630996704102,-0.1769396948579498,-0.2727966904640198,-0.08037334680557251,-0.054288892722482274,-0.3794379383325577,0.018613040447235107,-0.10571630177533109,-0.329562783241272,0.0601920485496521,-0.10387564328944165,-0.27562907338142395,0.05817073583602905,-0.09195344028508146,-0.29598039388656616,-0.05965059995651245,0.01724793510997813,-0.3735004961490631,0.0018586516380310059,-0.027594781196469853,-0.3560524135828018,0.041500866413116455,-0.03965204460060079,-0.3221076726913452,0.04951506853103638,-0.038862037188167164
Q,0.0,0.0,0.0,-0.018314003944396973,0.0706777572631836,-0.1828545853457868,-0.08209091424942017,0.12967950105667114,-0.2755420580468595,-0.16212472319602966,0.19134050607681274,-0.32911510020117163,-0.24217402935028076,0.2500663995742798,-0.37506318837026953,-0.22961264848709106,-0.06971848011016846,-0.22777590900282263,-0.3762260377407074,0.00447767972946167,-0.2794384136758268,-0.4596889764070511,0.07675904035568237,-0.3035351410470426,-0.505455881357193,0.13130098581314087,-0.3145954087338865,-0.2517282962799072,-0.0903053879737854,-0.1363821551165998,-0.37356534600257874,0.019904255867004395,-0.18592732399324774,-0.3321901857852936,0.07527494430541992,-0.18306405096868872,-0.28174155950546265,0.07656878232955933,-0.17273961752275824,-0.26609179377555847,-0.08111572265625,-0.053119458254379026,-0.37245550751686096,0.017293691635131836,-0.10307691245893835,-0.3291288912296295,0.06209152936935425,-0.09914311766247152,-0.27988824248313904,0.06015592813491821,-0.0868431255183637,-0.2875196933746338,-0.06150650978088379,0.01830759458621145,-0.364212304353714,0.005797088146209717,-0.02666448987643122,-0.33997198939323425,0.043663084506988525,-0.03598640113691687,-0.2991293668746948,0.04498946666717529,-0.03330036997417807
Q,0.0,0.0,0.0,-0.018475592136383057,0.06651520729064941,-0.17473807600564228,-0.08027103543281555,0.12684786319732666,-0.2614009496313976,-0.16086599230766296,0.1918795108795166,-0.3094123419863628,-0.23758485913276672,0.2582545876502991,-0.3492566761118816,-0.22479426860809326,-0.06709766387939453,-0.21902861860818135,-0.370874360203743,0.00440746545791626,-0.2665703412634777,-0.44853878021240234,0.07518798112869263,-0.28535423842496144,-0.49422451853752136,0.13031423091888428,-0.2923818048579143,-0.2470603585243225,-0.08571994304656982,-0.13038248983449208,-0.37014244496822357,0.02712380886077881,-0.1758305993420528,-0.3214716613292694,0.082039475440979,-0.1680508222920345,-0.2690162658691406,0.08025801181793213,-0.15352606442994343,-0.26017898321151733,-0.07575953006744385,-0.04958608043617474,-0.36701303720474243,0.022183358669281006,-0.09698717710799443,-0.3182894289493561,0.06557118892669678,-0.09137256113118397,-0.26756322383880615,0.06212735176086426,-0.07709241328067051,-0.27983537316322327,-0.055198609828948975,0.02025978970103992,-0.35425154864788055,0.011971712112426758,-0.0213334415597366,-0.3281162828207016,0.04706090688705444,-0.029137907971207966,-0.28764164447784424,0.046161770820617676,-0.02524576564556824
Q,0.0,0.0,0.0,-0.018382906913757324,0.07683426141738892,-0.17899569996602338,-0.0779007077217102,0.1376546025276184,-0.27280174323327344,-0.15761974453926086,0.2007870078086853,-0.327552781784604,-0.23436912894248962,0.26177912950515747,-0.375536636793683,-0.222854882478714,-0.05665552616119385,-0.23055741318471235,-0.36932095885276794,0.012190639972686768,-0.27869181462533277,-0.4512362629175186,0.08300960063934326,-0.2982692880273561,-0.49485865235328674,0.13850384950637817,-0.30646117159135144,-0.2423253357410431,-0.0818130373954773,-0.13902306684262555,-0.3629686087369919,0.033157169818878174,-0.1831753415704469,-0.31383270025253296,0.08586001396179199,-0.17352287598855298,-0.26218047738075256,0.08212542533874512,-0.15895654388673108,-0.2546581029891968,-0.07759106159210205,-0.054809757852623875,-0.36150331795215607,0.025453805923461914,-0.09917315968282026,-0.3112448900938034,0.06737852096557617,-0.09030728914744657,-0.2590092122554779,0.06115025281906128,-0.0759060768128137,-0.27470138669013977,-0.06221961975097656,0.018197062081029003,-0.35102351009845734,0.009964823722839355,-0.023143650376866276,-0.3207593262195587,0.046021223068237305,-0.029202725151250775,-0.27570024132728577,0.04135787487030029,-0.024750919425557072
Q,0.0,0.0,0.0,-0.01833730936050415,0.07366466522216797,-0.17331452104004086,-0.07825592160224915,0.13368213176727295,-0.26405709418209256,-0.15750569105148315,0.19264841079711914,-0.3169681075468844,-0.2334040105342865,0.24632298946380615,-0.3623388055220431,-0.21296438574790955,-0.0614737868309021,-0.22335796984584988,-0.3594837635755539,0.0071524977684021,-0.27288060816677273,-0.44180983304977417,0.07441461086273193,-0.2938152495280093,-0.4868770241737366,0.12635010480880737,-0.30309199723156155,-0.23528039455413818,-0.08871513605117798,-0.1367693636074847,-0.35786421597003937,0.019265294075012207,-0.1814977321282214,-0.31634920835494995,0.07556682825088501,-0.17361382576378048,-0.26831144094467163,0.0773078203201294,-0.16149040492923916,-0.250772088766098,-0.08450824022293091,-0.05767748313697041,-0.35767270624637604,0.01120305061340332,-0.10423553916366757,-0.3147822618484497,0.05656629800796509,-0.0963640976205653,-0.2654792070388794,0.05656230449676514,-0.08295440855177105,-0.2717132568359375,-0.06845223903656006,0.010317647878807179,-0.34731970727443695,-0.0027646422386169434,-0.03310594144018353,-0.3223814070224762,0.03624999523162842,-0.040249196763355144,-0.2816857695579529,0.04024374485015869,-0.03685034620316685
Q,0.0,0.0,0.0,-0.020400524139404297,0.07051777839660645,-0.16646907679857037,-0.08326038718223572,0.1298862099647522,-0.2509520148497941,-0.16374021768569946,0.18972265720367432,-0.2990821694594743,-0.23562422394752502,0.2519444227218628,-0.3397993838054063,-0.222133606672287,-0.06110858917236328,-0.20652460508168957,-0.36449915170669556,0.007166385650634766,-0.2535337304335954,-0.44366246461868286,0.07637012004852295,-0.27292335979760907,-0.4864853620529175,0.1292731761932373,-0.280009428189409,-0.2396133542060852,-0.08179259300231934,-0.1219818761211755,-0.3627752512693405,0.026327013969421387,-0.1637592559319856,-0.31651270389556885,0.0798998475074768,-0.15287628226102612,-0.2695702910423279,0.07621955871582031,-0.13583918862165234,-0.25059303641319275,-0.07539677619934082,-0.04559914969028256,-0.35988424718379974,0.020443260669708252,-0.08868032150090954,-0.31347768008708954,0.06269150972366333,-0.0790278931719186,-0.2660572826862335,0.05718994140625,-0.06246790118635914,-0.2699843645095825,-0.05699586868286133,0.0199914591747401,-0.3452271819114685,0.009418487548828125,-0.01826052941502354,-0.32111451029777527,0.04592674970626831,-0.02320306763173363,-0.2843729853630066,0.04375380277633667,-0.0175189992052438
Q,0.0,0.0,0.0,-0.015293002128601074,0.07307636737823486,-0.17632428580205328,-0.07206499576568604,0.13305211067199707,-0.26825130754392035,-0.14839208126068115,0.19222527742385864,-0.3216879742709864,-0.22300824522972107,0.24924486875534058,-0.368313499030279,-0.20770037174224854,-0.06074792146682739,-0.2267787831393946,-0.3457787185907364,0.005029916763305664,-0.28399277501981146,-0.42929330468177795,0.07457178831100464,-0.31172338896672613,-0.47546255588531494,0.13133656978607178,-0.32426724606435187,-0.23106133937835693,-0.08221167325973511,-0.13902000361363775,-0.3476148992776871,0.030443191528320312,-0.1869167762366999,-0.2980339825153351,0.08298993110656738,-0.1772559809056986,-0.2475198209285736,0.07650470733642578,-0.1614466833440531,-0.2464556097984314,-0.07639360427856445,-0.06005778559725172,-0.34829211235046387,0.022791028022766113,-0.10812890553157217,-0.29820793867111206,0.06578290462493896,-0.09805523627679236,-0.24945750832557678,0.059690117835998535,-0.08144297474305517,-0.2673874497413635,-0.05952972173690796,0.007397713370068004,-0.3351195752620697,0.0074027180671691895,-0.03394334786813147,-0.3052848130464554,0.04417431354522705,-0.03817186528127081,-0.26395106315612793,0.04229867458343506,-0.032182857629464934
Q,0.0,0.0,0.0,-0.018420755863189697,0.07227069139480591,-0.17465556431095308,-0.07658767700195312,0.12822598218917847,-0.2669166849879474,-0.1524498462677002,0.18341094255447388,-0.32256805169861025,-0.2292182743549347,0.23855042457580566,-0.37127237785141176,-0.21063891053199768,-0.06423497200012207,-0.21452888119499391,-0.3488885909318924,0.0026001334190368652,-0.2642858849791736,-0.43193353712558746,0.0680243968963623,-0.28626882303039736,-0.47806763648986816,0.11994361877441406,-0.2958935724524707,-0.22888487577438354,-0.08829927444458008,-0.12880223262588686,-0.34295977652072906,0.02255779504776001,-0.17658715713302797,-0.29592283070087433,0.07200098037719727,-0.17042077350895113,-0.25103527307510376,0.06491869688034058,-0.15691594052593416,-0.24231958389282227,-0.08550190925598145,-0.051648501488372744,-0.33761200308799744,0.015067517757415771,-0.09803692269603914,-0.29253900051116943,0.05586588382720947,-0.08906519431154436,-0.24930089712142944,0.0505596399307251,-0.07375394571106142,-0.2623772919178009,-0.07287931442260742,0.013690811400309144,-0.33178654313087463,-0.0068015456199646,-0.0262960122851581,-0.30821412801742554,0.03147023916244507,-0.030992768886491717,-0.2732975482940674,0.035635411739349365,-0.025216551679179133
Q,0.0,0.0,0.0,-0.016989469528198242,0.06944823265075684,-0.16232065831594156,-0.07341471314430237,0.12728124856948853,-0.24707835887841867,-0.1471281349658966,0.18237322568893433,-0.2975819853442161,-0.22060266137123108,0.23818278312683105,-0.3411521164076774,-0.20561525225639343,-0.062037646770477295,-0.1978367266552894,-0.3417162597179413,-0.000269472599029541,-0.2461528477566688,-0.42329004406929016,0.0666114091873169,-0.2704315630095451,-0.46756136417388916,0.119961678981781,-0.2820466009276359,-0.2238873839378357,-0.08088183403015137,-0.11891420160703348,-0.3415902405977249,0.016435444355010986,-0.16063445781640695,-0.2999541908502579,0.07240265607833862,-0.15433968578748392,-0.2548910975456238,0.07188409566879272,-0.1419462112086265,-0.23708072304725647,-0.07359462976455688,-0.048573050399348006,-0.34167708456516266,0.011491239070892334,-0.08885528122358011,-0.3002372086048126,0.05741840600967407,-0.07954546039275812,-0.255886435508728,0.05755960941314697,-0.0653548089163749,-0.2569534182548523,-0.05654102563858032,0.010581322262957826,-0.33050692081451416,0.0003432035446166992,-0.025265114133283362,-0.30849190056324005,0.037302494049072266,-0.02842412305347608,-0.27183517813682556,0.040182530879974365,-0.022606802855655417
Q,0.0,0.0,0.0,-0.020449399948120117,0.07410883903503418,-0.17088034872384128,-0.08061477541923523,0.12663960456848145,-0.2594941121754175,-0.15856719017028809,0.18193745613098145,-0.3122517031845575,-0.2343369424343109,0.23658591508865356,-0.35869918886990604,-0.20935195684432983,-0.06103038787841797,-0.20117491607041416,-0.34489426016807556,-0.0010085701942443848,-0.24833811942906436,-0.4289308786392212,0.06061875820159912,-0.272250728052569,-0.47895151376724243,0.10817575454711914,-0.28376813356251773,-0.22791358828544617,-0.07988816499710083,-0.1148086128053194,-0.3442660719156265,0.0211716890335083,-0.15404904012055454,-0.29946818947792053,0.07103663682937622,-0.1451416624006754,-0.25483477115631104,0.06355971097946167,-0.13032916311593112,-0.24094274640083313,-0.07385468482971191,-0.03760793183417377,-0.34261780977249146,0.014023244380950928,-0.0753777039465433,-0.2988741397857666,0.05498993396759033,-0.06557048980565128,-0.2552088499069214,0.05058056116104126,-0.050500163179350466,-0.2600143700838089,-0.06021350622177124,0.02780073757796231,-0.33245760202407837,-0.004974544048309326,-0.00447265647770223,-0.31938426196575165,0.031079113483428955,-0.007660409272176594,-0.2912849187850952,0.03538501262664795,-0.0018736171298598947
Q,0.0,0.0,0.0,-0.023449867963790894,0.06935125589370728,-0.16147445954473483,-0.08474552631378174,0.12360793352127075,-0.24639908291490542,-0.16204556822776794,0.18095779418945312,-0.2969006083169745,-0.23583516478538513,0.2322598695755005,-0.34044817902238833,-0.2096259593963623,-0.06539905071258545,-0.19976330615671145,-0.34698234498500824,-0.004898250102996826,-0.24531110443265902,-0.4283725321292877,0.05785554647445679,-0.26370025493295657,-0.47038763761520386,0.10735732316970825,-0.27060017801912295,-0.22629103064537048,-0.08799433708190918,-0.11809366263540255,-0.34314772486686707,0.012861490249633789,-0.15776095606477725,-0.29922571778297424,0.06922042369842529,-0.1466344974199103,-0.2573319673538208,0.06795912981033325,-0.13073673166425692,-0.238639235496521,-0.08471071720123291,-0.04424425281675326,-0.3389730751514435,0.006135106086730957,-0.08448161251934039,-0.2965400218963623,0.052678048610687256,-0.07269371368082034,-0.2546427249908447,0.05050724744796753,-0.0562923073032664,-0.2574564218521118,-0.0703498125076294,0.018852989449186452,-0.329703614115715,-0.00818014144897461,-0.016670695246176592,-0.30844148993492126,0.030432522296905518,-0.019161351696567408,-0.2733334004878998,0.03243064880371094,-0.012473523356931082
Q,0.0,0.0,0.0,-0.02452671527862549,0.07276022434234619,-0.15433210001383202,-0.0858040452003479,0.1307721734046936,-0.23761591182146446,-0.16309413313865662,0.18898165225982666,-0.2874745117226638,-0.23835182189941406,0.2417280077934265,-0.3318148242035903,-0.2082650363445282,-0.05876654386520386,-0.1945693479577102,-0.3416639268398285,-0.0028728842735290527,-0.2391697900095977,-0.42358604073524475,0.05592381954193115,-0.26218986378107445,-0.46760696172714233,0.10532057285308838,-0.2736984478035964,-0.22516924142837524,-0.08514028787612915,-0.11667423562202828,-0.33966682851314545,0.01654350757598877,-0.15283696220312493,-0.30168774724006653,0.06709706783294678,-0.14535230265055077,-0.25789448618888855,0.0673222541809082,-0.13419233129415886,-0.23671257495880127,-0.08331865072250366,-0.04569154844675438,-0.33842746913433075,0.007541000843048096,-0.08028624073658364,-0.29825009405612946,0.0494229793548584,-0.07072712347898857,-0.25557196140289307,0.04893559217453003,-0.058382323543170855,-0.2531938850879669,-0.069999098777771,0.015198829983731343,-0.3245011568069458,-0.0033188462257385254,-0.016355796317199633,-0.30215637385845184,0.030510663986206055,-0.018257957483271525,-0.26606395840644836,0.030697166919708252,-0.0126205604249634
Q,0.0,0.0,0.0,-0.02369353175163269,0.07113629579544067,-0.1571235679643621,-0.08615872263908386,0.1290825605392456,-0.23667434086971184,-0.16590118408203125,0.18559342622756958,-0.28264031043224236,-0.2384345978498459,0.2396823763847351,-0.32222265234165093,-0.20863404870033264,-0.06147944927215576,-0.18383369078807732,-0.33918188512325287,-0.002733170986175537,-0.2207568459766378,-0.4170016944408417,0.055571913719177246,-0.23685263326339623,-0.46050049364566803,0.10154616832733154,-0.2446094774263372,-0.2261190116405487,-0.0837140679359436,-0.10462376704387566,-0.34362734854221344,0.01500403881072998,-0.13925837209396263,-0.30130425095558167,0.07019287347793579,-0.1315941535490026,-0.2548840492963791,0.07127118110656738,-0.11902819057874581,-0.23711717128753662,-0.07981765270233154,-0.03304174026422402,-0.3404819369316101,0.009257018566131592,-0.06740411600046059,-0.2974916696548462,0.0540732741355896,-0.05946479221753975,-0.2505900412797928,0.053684234619140625,-0.04708910217456719,-0.25395581126213074,-0.06530541181564331,0.027867560778332745,-0.326891154050827,-0.000788569450378418,-0.004453898369746412,-0.3050357401371002,0.033755481243133545,-0.00997941890679499,-0.2674559950828552,0.03197157382965088,-0.006521725989358629
Q,0.0,0.0,0.0,-0.024236589670181274,0.06754136085510254,-0.15318407110134302,-0.0874190628528595,0.12470364570617676,-0.22931785873333155,-0.16342270374298096,0.1796244978904724,-0.272641554392969,-0.23445425927639008,0.23185670375823975,-0.30916272095600306,-0.2076258659362793,-0.0677686333656311,-0.17642220846573053,-0.3389222174882889,-0.009043693542480469,-0.21418689183155237,-0.4157542735338211,0.05008339881896973,-0.23149356237808405,-0.4580729007720947,0.09807825088500977,-0.23944769791523157,-0.22319737076759338,-0.08797842264175415,-0.10078579179207026,-0.3442828357219696,0.002366185188293457,-0.13876274219909845,-0.3053748905658722,0.05715900659561157,-0.13554480663696467,-0.2593291252851486,0.06305855512619019,-0.12470439068237482,-0.2341289520263672,-0.083732008934021,-0.03290495640793978,-0.34071870148181915,-0.0013051033020019531,-0.0697463973538035,-0.29853540658950806,0.04430246353149414,-0.06405669442573725,-0.2520871162414551,0.04856032133102417,-0.05191818244019686,-0.2517656683921814,-0.06844806671142578,0.02445073061426939,-0.3256928026676178,-0.008710026741027832,-0.010010157629942285,-0.30290989577770233,0.02702265977859497,-0.016652654774581777,-0.2661727964878082,0.030002236366271973,-0.01306487052897154
Q,0.0,0.0,0.0,-0.021962672472000122,0.07035499811172485,-0.1467796474099572,-0.08560013771057129,0.12685877084732056,-0.22232449644808128,-0.16292798519134521,0.1796712875366211,-0.26710229212049796,-0.2348158359527588,0.22684884071350098,-0.30477719599012687,-0.19907906651496887,-0.06710261106491089,-0.17214802497629478,-0.3286839425563812,-0.012269973754882812,-0.21644127959017112,-0.40780623257160187,0.042850494384765625,-0.23718847924475028,-0.4502549171447754,0.08808666467666626,-0.24690867060427024,-0.21665477752685547,-0.08719879388809204,-0.10370481604341819,-0.3313586562871933,0.008440017700195312,-0.14579803341631248,-0.28896471858024597,0.0579686164855957,-0.14008935385946586,-0.24601875245571136,0.053430914878845215,-0.12687688165907218,-0.2285325676202774,-0.08242672681808472,-0.04402740517262771,-0.3295484036207199,0.002358376979827881,-0.08667886847261741,-0.2868015021085739,0.04433441162109375,-0.07785814100508048,-0.24568432569503784,0.04076027870178223,-0.0624886176884587,-0.24510511755943298,-0.06743752956390381,0.0053567589856271525,-0.3169849216938019,-0.00851351022720337,-0.031923612892668984,-0.2943800091743469,0.02443164587020874,-0.03550652632121398,-0.25996240973472595,0.02400970458984375,-0.02922242911164119
Q,0.0,0.0,0.0,-0.02245199680328369,0.07249957323074341,-0.15343368206448815,-0.08661401271820068,0.12963002920150757,-0.23046109233327172,-0.16471803188323975,0.18477606773376465,-0.2735476211113479,-0.23797127604484558,0.23478364944458008,-0.3100398198170211,-0.20143631100654602,-0.0575297474861145,-0.18643747423119805,-0.33585405349731445,-0.005066275596618652,-0.22725449655480645,-0.4168958216905594,0.05266392230987549,-0.2462672904533889,-0.46161922812461853,0.09916949272155762,-0.25552225265927575,-0.22034543752670288,-0.07964879274368286,-0.1089450061721351,-0.3342655897140503,0.015285789966583252,-0.14298668656773827,-0.2939048856496811,0.06423622369766235,-0.13223840449281,-0.2502222955226898,0.06228375434875488,-0.11806281809039376,-0.23281756043434143,-0.0756983757019043,-0.03937632371015809,-0.3329853117465973,0.010211288928985596,-0.07479382459349893,-0.2911688834428787,0.04873645305633545,-0.06458232704825662,-0.24943014979362488,0.04500991106033325,-0.050857027660086374,-0.2508786618709564,-0.06261187791824341,0.019938944240138312,-0.3194640278816223,-0.0017966628074645996,-0.01315403230763934,-0.2963928282260895,0.029675424098968506,-0.01590144973523877,-0.2611045837402344,0.027513504028320312,-0.010478946979119996
Q,0.0,0.0,0.0,-0.028003215789794922,0.06973469257354736,-0.16000628391402927,-0.09427034854888916,0.12243646383285522,-0.23969785789149967,-0.17243701219558716,0.17519819736480713,-0.2851159415592548,-0.24742485582828522,0.22331011295318604,-0.3235464535107013,-0.21179446578025818,-0.065449059009552,-0.18077056029933658,-0.3467905670404434,-0.008217275142669678,-0.21838046530383792,-0.4247421622276306,0.050935208797454834,-0.23618213752406803,-0.46941837668418884,0.09753704071044922,-0.2443243555178043,-0.22554472088813782,-0.08656460046768188,-0.09897652188438144,-0.3424680233001709,0.009447932243347168,-0.13466891566413608,-0.3023902624845505,0.05936098098754883,-0.13008919278281894,-0.2609664797782898,0.05869835615158081,-0.11928807864087787,-0.23530220985412598,-0.08326178789138794,-0.0253226898064014,-0.332817405462265,0.004149794578552246,-0.059615592603861955,-0.2930137515068054,0.044825196266174316,-0.05370905542868343,-0.25283725559711456,0.045167386531829834,-0.04227660143870082,-0.2516295313835144,-0.07218873500823975,0.03729334553581509,-0.32290998101234436,-0.01384127140045166,0.007075016720861527,-0.3060849905014038,0.02196115255355835,0.0019895733415040695,-0.275482177734375,0.028043389320373535,0.005902819203853937
Q,0.0,0.0,0.0,-0.027040421962738037,0.05991917848587036,-0.16403607922296715,-0.08915618062019348,0.10802149772644043,-0.24745657938223076,-0.1661638617515564,0.1621922254562378,-0.29776102202635,-0.2435850352048874,0.21293854713439941,-0.3412304510424633,-0.2131245732307434,-0.0785825252532959,-0.1765852262328167,-0.3453636169433594,-0.018299758434295654,-0.21733309226732445,-0.42354753613471985,0.04232001304626465,-0.23871816592912865,-0.46823209524154663,0.09108662605285645,-0.24890160458784294,-0.2266463339328766,-0.08997678756713867,-0.0947908301899929,-0.3444449454545975,0.004019558429718018,-0.1371560384581585,-0.2996164411306381,0.05397593975067139,-0.13812075453500938,-0.25389033555984497,0.05522352457046509,-0.12852434712152672,-0.23648318648338318,-0.08090627193450928,-0.022060480813195227,-0.3342672884464264,0.0013454556465148926,-0.060006747866680143,-0.2915112376213074,0.04067564010620117,-0.05617489191394043,-0.24664796888828278,0.04218852519989014,-0.043914339418222426,-0.25395773351192474,-0.06483876705169678,0.03894390640158463,-0.3269009292125702,-0.013329684734344482,0.009132470091174127,-0.315085232257843,0.021032869815826416,0.0031381988370071667,-0.28687216341495514,0.027339577674865723,0.006907553964595081
Q,0.0,0.0,0.0,-0.027202993631362915,0.0639379620552063,-0.15269033304005575,-0.09193995594978333,0.11766356229782104,-0.22900443962365102,-0.17053258419036865,0.17139261960983276,-0.27233475139885854,-0.24604278802871704,0.21994924545288086,-0.3088787167385192,-0.21641629934310913,-0.06230199337005615,-0.17704045465737295,-0.35281406342983246,-0.0022278428077697754,-0.22172520747929525,-0.4312713146209717,0.058558642864227295,-0.24708188763409566,-0.4768855422735214,0.10676819086074829,-0.2593825428798766,-0.23207533359527588,-0.08453184366226196,-0.10132656684666586,-0.34495556354522705,0.017674386501312256,-0.1419116972997756,-0.30218514800071716,0.06584775447845459,-0.14157224884777975,-0.25298193097114563,0.0673062801361084,-0.1334421007946105,-0.24243366718292236,-0.08098894357681274,-0.03397158971577596,-0.33797986805438995,0.01055675745010376,-0.07345310291796636,-0.2953605055809021,0.04811990261077881,-0.07008116385489416,-0.2511233389377594,0.05080026388168335,-0.05914687058478307,-0.25635799765586853,-0.06849783658981323,0.02289754645377684,-0.32690125703811646,-0.0056653618812561035,-0.011640813858804222,-0.3040534555912018,0.0259515643119812,-0.01711945301443052,-0.269258975982666,0.0320473313331604,-0.012286863015589233
Q,0.0,0.0,0.0,-0.02787986397743225,0.060743629932403564,-0.16213422953528323,-0.09452909231185913,0.10970866680145264,-0.243698551649274,-0.1727007031440735,0.16128945350646973,-0.290280520314397,-0.24966013431549072,0.21065878868103027,-0.33048292934340395,-0.21476835012435913,-0.06994748115539551,-0.18537059366148867,-0.34956371784210205,-0.010016858577728271,-0.22694328367155947,-0.4286234825849533,0.04861730337142944,-0.24888691245955386,-0.47599247097969055,0.09442675113677979,-0.25888210474890627,-0.22813943028450012,-0.08826631307601929,-0.1032610231582538,-0.3403511494398117,0.010666906833648682,-0.142432540053548,-0.2960417717695236,0.05764198303222656,-0.1413881176654712,-0.24601855874061584,0.0568462610244751,-0.13216660856646456,-0.23818817734718323,-0.08353447914123535,-0.02957745767575659,-0.33297380805015564,0.0037419795989990234,-0.0642544844691173,-0.288912832736969,0.04048275947570801,-0.06041244729799189,-0.24461811780929565,0.04081636667251587,-0.05007041930598177,-0.25311362743377686,-0.07196110486984253,0.03279574275570951,-0.32412081956863403,-0.014377832412719727,0.004293278926937205,-0.30249446630477905,0.017629921436309814,-4.4920909701318124e-05,-0.2683907449245453,0.02374476194381714,0.004544652668712956
Q,0.0,0.0,0.0,-0.02823096513748169,0.05990320444107056,-0.16528942116616463,-0.09486407041549683,0.10948872566223145,-0.24461128243325447,-0.17333984375,0.15827018022537231,-0.28859074839471077,-0.2506498396396637,0.2067444920539856,-0.3248008085143397,-0.22060438990592957,-0.07024431228637695,-0.17717425950883126,-0.3538188338279724,-0.011932730674743652,-0.2181762052428553,-0.42973263561725616,0.04829758405685425,-0.24025547930119728,-0.4747369736433029,0.095039963722229,-0.2496149135482142,-0.2329375147819519,-0.0868481993675232,-0.09354588815091347,-0.3450017422437668,0.01295483112335205,-0.1323474837195704,-0.30021390318870544,0.06032758951187134,-0.13151781686661934,-0.2511204481124878,0.057402729988098145,-0.1215565992247889,-0.2418055534362793,-0.08070880174636841,-0.019871550212485545,-0.3364100456237793,0.006727635860443115,-0.05798488535998558,-0.29309478402137756,0.04354006052017212,-0.057160012955648654,-0.2487807273864746,0.04315662384033203,-0.04699507036326622,-0.2554669976234436,-0.07019007205963135,0.042365148131864316,-0.32711365818977356,-0.011675655841827393,0.012445342195348985,-0.31079837679862976,0.020924389362335205,0.006196670633869417,-0.2795937955379486,0.02799808979034424,0.010053957280831582
Q,0.0,0.0,0.0,-0.026227504014968872,0.05796593427658081,-0.15662134163710562,-0.09140405058860779,0.10448330640792847,-0.23427694015833822,-0.17123204469680786,0.15659499168395996,-0.27878842227789846,-0.2464170753955841,0.20734280347824097,-0.31635609739157644,-0.21011611819267273,-0.06963413953781128,-0.17381556802126852,-0.34429414570331573,-0.00933462381362915,-0.21574463420245138,-0.42161503434181213,0.048191845417022705,-0.23757368796202627,-0.46914592385292053,0.09116989374160767,-0.24811535053584066,-0.22442400455474854,-0.0865476131439209,-0.0970799001369187,-0.3397054821252823,0.005567610263824463,-0.13920714431139913,-0.29558417201042175,0.05318248271942139,-0.1406677412304589,-0.24994689226150513,0.05321890115737915,-0.13269579880568472,-0.23455893993377686,-0.08114802837371826,-0.029168018183440836,-0.33445388078689575,0.0004412531852722168,-0.06666726343962637,-0.2902119755744934,0.03887885808944702,-0.06233596154186216,-0.24553188681602478,0.04018527269363403,-0.05090626054141012,-0.249447762966156,-0.06753450632095337,0.027424280488162367,-0.32426124811172485,-0.013256609439849854,-0.004063736225248249,-0.30568015575408936,0.01790308952331543,-0.00966449179384199,-0.27256202697753906,0.02357637882232666,-0.005391719794602068
Q,0.0,0.0,0.0,-0.031366944313049316,0.06375253200531006,-0.15335362669080865,-0.10129368305206299,0.11565923690795898,-0.2302655529603399,-0.18025225400924683,0.16874241828918457,-0.2738066565617956,-0.2568036913871765,0.2187443971633911,-0.31066032763570917,-0.2232225239276886,-0.05841469764709473,-0.171976293288175,-0.35623008012771606,-0.0012902021408081055,-0.21281490739435327,-0.4344700425863266,0.055116117000579834,-0.2345864724740423,-0.48108893632888794,0.09912151098251343,-0.2438420158252157,-0.23294711112976074,-0.0796934962272644,-0.09369231279939783,-0.3451101779937744,0.020398199558258057,-0.1287829678878225,-0.29700493812561035,0.06927508115768433,-0.12431648638099801,-0.24776095151901245,0.06553179025650024,-0.11259974058717859,-0.2390221655368805,-0.07680833339691162,-0.02407986190170419,-0.3371838480234146,0.010689854621887207,-0.057243889980021834,-0.29166293144226074,0.049392759799957275,-0.05105486404151094,-0.24812647700309753,0.046154797077178955,-0.038564345650378584,-0.24988120794296265,-0.06625670194625854,0.035060716010626436,-0.3260960429906845,-0.0068479180335998535,0.00942613292485106,-0.3054094910621643,0.02474188804626465,0.00892597451805699,-0.27059435844421387,0.027984321117401123,0.016317327655848146
Q,0.0,0.0,0.0,-0.03386867046356201,0.06564319133758545,-0.15019121527078738,-0.10220780968666077,0.11672419309616089,-0.22689945756795993,-0.1807117760181427,0.16465437412261963,-0.2715293443143665,-0.25870224833488464,0.20780432224273682,-0.3092691576421558,-0.2175789773464203,-0.06377500295639038,-0.17502152680757632,-0.3545159101486206,-0.008035004138946533,-0.2185425734460651,-0.43409328162670135,0.050878703594207764,-0.23955660819414248,-0.47669556736946106,0.09942179918289185,-0.24794171511533847,-0.22674447298049927,-0.08895719051361084,-0.10078204929235568,-0.34552639722824097,-0.0017603635787963867,-0.14414207398298373,-0.3040523827075958,0.053047776222229004,-0.14348898589017978,-0.2568762004375458,0.06074875593185425,-0.1330778276861011,-0.23432591557502747,-0.08856034278869629,-0.03450375183823695,-0.3360733687877655,-0.005676448345184326,-0.07623403280380359,-0.2926236093044281,0.03811085224151611,-0.0711145451605617,-0.2469674050807953,0.04357665777206421,-0.05743995069864383,-0.2476988136768341,-0.07870757579803467,0.021917379057377673,-0.3257535994052887,-0.018397510051727295,-0.013083666035562658,-0.3044038414955139,0.01749473810195923,-0.016647954875260496,-0.26828858256340027,0.025112688541412354,-0.009664027424186372
Q,0.0,0.0,0.0,-0.03310114145278931,0.05963188409805298,-0.15209368307376891,-0.10070395469665527,0.10867762565612793,-0.22574557800079376,-0.17985311150550842,0.16083484888076782,-0.2666921361186603,-0.25576117634773254,0.2086593508720398,-0.3004493160941699,-0.22415414452552795,-0.06983911991119385,-0.16290387947345764,-0.3579714447259903,-0.010174810886383057,-0.19995409686351806,-0.4346804916858673,0.04937183856964111,-0.22062786359573394,-0.47903841733932495,0.0973351001739502,-0.22950917918468505,-0.2350194752216339,-0.08457660675048828,-0.08394927222515136,-0.3469783067703247,0.007166504859924316,-0.12195443798090011,-0.3022526204586029,0.05635249614715576,-0.12399612803245574,-0.2526435852050781,0.058512210845947266,-0.11545089323307067,-0.24279183149337769,-0.07698237895965576,-0.013046175877104105,-0.33637264370918274,0.003490626811981201,-0.04928042803193122,-0.29380741715431213,0.0416339635848999,-0.049321521709213556,-0.24838629364967346,0.044391095638275146,-0.039113034198532404,-0.25580543279647827,-0.06429457664489746,0.04779219936346024,-0.32814422249794006,-0.009933948516845703,0.018717848991503416,-0.31032106280326843,0.022315800189971924,0.01345718960975617,-0.27659228444099426,0.028430819511413574,0.018753039946307837
Q,0.0,0.0,0.0,-0.03168851137161255,0.060471296310424805,-0.14897405640954986,-0.10089683532714844,0.1074487566947937,-0.22036408917779937,-0.181712806224823,0.15694546699523926,-0.26020504073972717,-0.25859466195106506,0.20393133163452148,-0.2924632235037805,-0.21678510308265686,-0.07533454895019531,-0.15394764678354278,-0.3511609584093094,-0.018387019634246826,-0.18912958638544097,-0.42679205536842346,0.040952980518341064,-0.20817091600770965,-0.4677876830101013,0.08835208415985107,-0.2163046701418878,-0.22824335098266602,-0.08859074115753174,-0.07790523307199493,-0.3368666023015976,0.004028439521789551,-0.11771993623847976,-0.2936913073062897,0.05107778310775757,-0.12172735767240539,-0.24765080213546753,0.05245310068130493,-0.11404121951932922,-0.23720306158065796,-0.08010369539260864,-0.01015030598069444,-0.32583317160606384,0.002269268035888672,-0.04761174233431831,-0.2849313020706177,0.03732699155807495,-0.0482816948163034,-0.2424589991569519,0.03899514675140381,-0.03843236999387756,-0.25239869952201843,-0.06689757108688354,0.047565066201734396,-0.3209521472454071,-0.01064521074295044,0.01670648059074864,-0.30329039692878723,0.02020096778869629,0.010217853767919394,-0.2722037434577942,0.025842368602752686,0.01500920573447928
Q,0.0,0.0,0.0,-0.037579119205474854,0.05702698230743408,-0.14772590441282274,-0.10977870225906372,0.10373276472091675,-0.22008187515314104,-0.1888493299484253,0.15163594484329224,-0.2607413176971245,-0.26439347863197327,0.19477742910385132,-0.2944188956695366,-0.2234809696674347,-0.073536217212677,-0.16549677593286516,-0.3615362346172333,-0.019858241081237793,-0.20107840938146593,-0.43633951246738434,0.035903334617614746,-0.21905439538534166,-0.4785316586494446,0.08146554231643677,-0.22622052771623613,-0.23360884189605713,-0.09425145387649536,-0.0897450317221451,-0.3469071239233017,-0.0027179718017578125,-0.1259178165870476,-0.3088073134422302,0.04653489589691162,-0.1269583199697304,-0.2620192766189575,0.0516057014465332,-0.11993128997858049,-0.24176713824272156,-0.08964192867279053,-0.021359093539671914,-0.3391682803630829,-0.0077672600746154785,-0.056752169557170884,-0.30159685015678406,0.031184852123260498,-0.05675120843227388,-0.2579323649406433,0.03735768795013428,-0.048413964040832536,-0.2558002471923828,-0.07802528142929077,0.03731487127367972,-0.3320305198431015,-0.023053884506225586,0.008375800162298663,-0.31519562005996704,0.010305643081665039,0.0030829293594938356,-0.2812494933605194,0.02133643627166748,0.00708050741229771
Q,0.0,0.0,0.0,-0.039351820945739746,0.059739530086517334,-0.15237964116034775,-0.11199700832366943,0.10618126392364502,-0.22497708521781234,-0.19006597995758057,0.15003734827041626,-0.2644677104800728,-0.2655643820762634,0.19403135776519775,-0.2969224097579506,-0.22588405013084412,-0.07379552721977234,-0.16418800674376755,-0.36147440969944,-0.01870417594909668,-0.19588006459174423,-0.4351463168859482,0.03790545463562012,-0.21266319774089126,-0.4753270447254181,0.08435428142547607,-0.2192106040566948,-0.23433905839920044,-0.0924292504787445,-0.08395195923743515,-0.3489346355199814,-0.004928290843963623,-0.11566190592942505,-0.3140247166156769,0.044947028160095215,-0.11683639310298233,-0.2665692865848541,0.05102193355560303,-0.11050900988278656,-0.24124404788017273,-0.08734062314033508,-0.01140907950697212,-0.3386296182870865,-0.009605586528778076,-0.04231444917617111,-0.3025076687335968,0.030903220176696777,-0.044924223646500394,-0.25773847103118896,0.039322078227996826,-0.039294214770176694,-0.25304412841796875,-0.07726877927780151,0.05107287891211243,-0.32658493518829346,-0.025306224822998047,0.025343258082887843,-0.3092801570892334,0.010130465030670166,0.01815412580969067,-0.2736993134021759,0.02375239133834839,0.02004091084005566
Q,0.0,0.0,0.0,-0.03714251518249512,0.049909114837646484,-0.1489871458521428,-0.10944563150405884,0.09412229061126709,-0.22036598784833572,-0.19031372666358948,0.14595896005630493,-0.259643899034554,-0.26794537901878357,0.18929684162139893,-0.29183031780629776,-0.22223949432373047,-0.08401578664779663,-0.1659510449877324,-0.36041127145290375,-0.028015553951263428,-0.20278762442975662,-0.43454723060131073,0.030504047870635986,-0.22403192682176254,-0.47707678377628326,0.07958018779754639,-0.23410786850362442,-0.2357206642627716,-0.09773504734039307,-0.09008631272225998,-0.34657658636569977,-0.0055733323097229,-0.126430751513535,-0.309383362531662,0.03755307197570801,-0.13026032013803146,-0.2603473365306854,0.0405881404876709,-0.12675768299012802,-0.2470930814743042,-0.08754497766494751,-0.021786683928066708,-0.3440006375312805,-0.00806659460067749,-0.05720136476665161,-0.3061940670013428,0.02682560682296753,-0.05911296768098495,-0.26132670044898987,0.032032787799835205,-0.053291437905127026,-0.261340469121933,-0.07145822048187256,0.03635919677109101,-0.3352585434913635,-0.01959383487701416,0.0050025268086848484,-0.31277593970298767,0.012212514877319336,-0.0022456387428881897,-0.2728099822998047,0.02286064624786377,0.00011115773159886544
Q,0.0,0.0,0.0,-0.04377537965774536,0.04862278699874878,-0.15421817398810944,-0.11775684356689453,0.0925782322883606,-0.22640334761882386,-0.19685524702072144,0.1405797004699707,-0.26616901851440034,-0.2744685113430023,0.18231546878814697,-0.29803562856460175,-0.23211351037025452,-0.08969295024871826,-0.1603554705455359,-0.365121454000473,-0.032965123653411865,-0.19756836391234955,-0.4364916682243347,0.02371680736541748,-0.22090772486472687,-0.4790690690279007,0.07163846492767334,-0.23223829961562714,-0.24123799800872803,-0.10268604755401611,-0.08133909798408112,-0.3467003107070923,-0.00797945261001587,-0.12406749225402436,-0.3064509928226471,0.0357394814491272,-0.13269168830657563,-0.2558807134628296,0.03913146257400513,-0.12996802426124177,-0.2483474612236023,-0.09257084131240845,-0.010971214093213888,-0.3387702405452728,-0.010955750942230225,-0.052912186302190634,-0.30060359835624695,0.024529695510864258,-0.05995884112263283,-0.25611886382102966,0.030638813972473145,-0.05453902430081925,-0.26096513867378235,-0.07943558692932129,0.049188271693939356,-0.33164891600608826,-0.027024388313293457,0.0161014185920898,-0.3114461600780487,0.007989048957824707,0.005864591866785673,-0.27618736028671265,0.02101963758468628,0.007082388799691586
Q,0.0,0.0,0.0,-0.012427031993865967,0.12464907765388489,-0.23369861754926546,-0.09038865566253662,0.23265841603279114,-0.3344327172950159,-0.16507822275161743,0.3370249569416046,-0.3677808603957544,-0.26472944021224976,0.4256249964237213,-0.38700350734742983,-0.2924971878528595,0.012012839317321777,-0.3644523582175623,-0.4660254716873169,0.1336342990398407,-0.433158244819964,-0.5696323215961456,0.24057075381278992,-0.45558857533487185,-0.6355142593383789,0.3195842206478119,-0.45895784709009035,-0.32800111174583435,-0.01974281668663025,-0.2197030893281351,-0.49556054174900055,0.11866143345832825,-0.25290491792711123,-0.42152923345565796,0.19835808873176575,-0.2123294136241327,-0.33800405263900757,0.2135484516620636,-0.17702515038999422,-0.35139891505241394,-0.016538411378860474,-0.08058702561410769,-0.49951766431331635,0.10395842790603638,-0.11821049812587603,-0.41979190707206726,0.165541410446167,-0.10253343346866473,-0.3465110957622528,0.1737590730190277,-0.08327575388702257,-0.3763596713542938,0.002266913652420044,0.046778660385285775,-0.4684089422225952,0.08413133025169373,0.014854260838006894,-0.4415043592453003,0.14605751633644104,0.007167879609738748,-0.3966149091720581,0.16761353611946106,0.007866411587571065
Q,0.0,0.0,0.0,-0.04545760154724121,0.044492244720458984,-0.14800539826575232,-0.12257704138755798,0.08777797222137451,-0.2149729005021186,-0.20037010312080383,0.137251615524292,-0.2505040935200782,-0.27568385004997253,0.1787206530570984,-0.2779568604153724,-0.23320060968399048,-0.09208434820175171,-0.15310198282423926,-0.3667292296886444,-0.03444927930831909,-0.19036983167353583,-0.4341087192296982,0.020255625247955322,-0.21511729275408698,-0.47568242251873016,0.06576120853424072,-0.22705634152117682,-0.24216237664222717,-0.10187426209449768,-0.07693487619582129,-0.3485642969608307,-0.01223766803741455,-0.12051683878127051,-0.3146244287490845,0.03028547763824463,-0.13374409293356848,-0.2636417746543884,0.03951215744018555,-0.134181680433187,-0.2481766641139984,-0.08950543403625488,-0.008848355427119259,-0.34143149852752686,-0.014689326286315918,-0.05079634328905058,-0.30815184116363525,0.02036184072494507,-0.06198784177723837,-0.26386529207229614,0.03064119815826416,-0.05899904137078238,-0.25856274366378784,-0.07411539554595947,0.04959863210495996,-0.3325462341308594,-0.02643001079559326,0.017280535497036453,-0.318729966878891,0.0077828168869018555,0.005069728199657675,-0.28765934705734253,0.024589240550994873,0.0046622163656024895
Q,0.0,0.0,0.0,-0.03873521089553833,0.050420403480529785,-0.14894177271028397,-0.11020538210868835,0.09252756834030151,-0.21824442101617691,-0.18875858187675476,0.13683462142944336,-0.25538563979764817,-0.26587748527526855,0.17941433191299438,-0.2847464109768474,-0.22169801592826843,-0.08481478691101074,-0.1601622725834453,-0.35415127873420715,-0.03247144818305969,-0.19772418094774125,-0.4259241968393326,0.0214158296585083,-0.21879364801545975,-0.4664502739906311,0.06768888235092163,-0.22769432021280167,-0.23096740245819092,-0.09901362657546997,-0.08406863613029358,-0.3367524743080139,-0.009673535823822021,-0.12487684441705582,-0.2988904118537903,0.034725308418273926,-0.13034665835996506,-0.2490120530128479,0.03995716571807861,-0.12535123778482316,-0.23873421549797058,-0.08949410915374756,-0.0162701594640815,-0.32890287041664124,-0.011129617691040039,-0.05845186738272545,-0.2909555435180664,0.02389371395111084,-0.06382023049493668,-0.24692600965499878,0.030613839626312256,-0.057074117194613194,-0.2509801983833313,-0.07584333419799805,0.04189435513714912,-0.3199440836906433,-0.022828400135040283,0.006959351059297347,-0.2948523163795471,0.008688688278198242,-0.0022903079630189893,-0.2557348608970642,0.019423067569732666,0.00025741111628363456
Q,0.0,0.0,0.0,-0.043768882751464844,0.04333239793777466,-0.1544114589900687,-0.12005376815795898,0.08352494239807129,-0.22330083849141147,-0.19870340824127197,0.12820690870285034,-0.2591027558059409,-0.27587276697158813,0.16773992776870728,-0.2864580691070273,-0.22749698162078857,-0.09703189134597778,-0.15780914725968387,-0.36124271154403687,-0.04356825351715088,-0.1938004136295035,-0.4305976331233978,0.008548617362976074,-0.2152799755544379,-0.47248320281505585,0.05279695987701416,-0.22482939960667636,-0.23698663711547852,-0.10245245695114136,-0.0783933788747504,-0.34688544273376465,-0.013121426105499268,-0.12041890027234103,-0.3079940378665924,0.03259915113449097,-0.12979348900029208,-0.255288302898407,0.03678882122039795,-0.12683994474122073,-0.24300232529640198,-0.08855235576629639,-0.00782276747980859,-0.33859726786613464,-0.014552593231201172,-0.050409854969473145,-0.3011432886123657,0.022967875003814697,-0.0598793752700999,-0.2548757493495941,0.028762996196746826,-0.05507090093800571,-0.2542433738708496,-0.0734778344631195,0.052603831866292694,-0.328541100025177,-0.027189940214157104,0.01895901223412011,-0.311313271522522,0.005307674407958984,0.006682553214488962,-0.27582764625549316,0.015553653240203857,0.006742866595743635
Q,0.0,0.0,0.0,-0.04447460174560547,0.042860984802246094,-0.15428385539532385,-0.12121343612670898,0.08233684301376343,-0.22207047446251593,-0.20034009218215942,0.12755942344665527,-0.25713071628094397,-0.2772095501422882,0.16772687435150146,-0.2835949699449607,-0.22854739427566528,-0.09926056861877441,-0.15244150562763892,-0.3618813455104828,-0.043437421321868896,-0.18791406257630072,-0.43145132064819336,0.009021461009979248,-0.20951533718586646,-0.4728506803512573,0.052011191844940186,-0.21906999154568396,-0.23792657256126404,-0.10346704721450806,-0.07349701626778327,-0.3475133776664734,-0.016258686780929565,-0.11495358152867041,-0.30945682525634766,0.02900838851928711,-0.12479800386906348,-0.2579961121082306,0.032257258892059326,-0.12181382282257758,-0.2444458305835724,-0.0891372561454773,-0.003946921607411724,-0.3398004472255707,-0.01743340492248535,-0.04603186650753699,-0.3030284643173218,0.01987755298614502,-0.055842094408280474,-0.25698813796043396,0.025178611278533936,-0.05091358377218924,-0.2562814950942993,-0.07383778691291809,0.05519887031435289,-0.32954761385917664,-0.028311967849731445,0.021642179874771017,-0.31465965509414673,0.003741443157196045,0.008810385776751417,-0.28082549571990967,0.014261186122894287,0.008791480859809297
Q,0.0,0.0,0.0,-0.036822617053985596,0.043981969356536865,-0.1576773712592452,-0.1078413724899292,0.08293992280960083,-0.22955565547517232,-0.18462857604026794,0.1278839111328125,-0.26628174280694417,-0.26123046875,0.172468364238739,-0.29492982124856404,-0.21320071816444397,-0.09405133128166199,-0.16873912906220845,-0.343100905418396,-0.045507848262786865,-0.2032950857835143,-0.41598352789878845,0.007075846195220947,-0.22114754116109303,-0.4575109928846359,0.05357640981674194,-0.22769160961678914,-0.22409582138061523,-0.10178780555725098,-0.08596913909486226,-0.33138370513916016,-0.019905537366867065,-0.12010479366353444,-0.2930752635002136,0.02605658769607544,-0.12141420340112141,-0.24336174130439758,0.029938220977783203,-0.11436414366534642,-0.23379698395729065,-0.08987388014793396,-0.011958080548259531,-0.3266749680042267,-0.019843757152557373,-0.04828818162849835,-0.28822988271713257,0.016260862350463867,-0.05331428741982869,-0.2446879744529724,0.02226191759109497,-0.047720760311397825,-0.24797752499580383,-0.0764816403388977,0.05182327682205745,-0.31627172231674194,-0.028374016284942627,0.021334534306612696,-0.29428496956825256,0.0030484795570373535,0.011897249874261107,-0.25674688816070557,0.013915002346038818,0.01312412021735021
Q,0.0,0.0,0.0,-0.03779566287994385,0.04375433921813965,-0.15807683795534544,-0.10871893167495728,0.08128845691680908,-0.23174378305517607,-0.18881180882453918,0.12338888645172119,-0.27179189056002073,-0.266813188791275,0.1661812663078308,-0.30373822182260923,-0.2173549234867096,-0.09829804301261902,-0.16356077819906645,-0.3488720655441284,-0.04702088236808777,-0.198180437384476,-0.42256052792072296,0.004444003105163574,-0.21653921931826048,-0.4640144407749176,0.048638999462127686,-0.22369901865564756,-0.22951054573059082,-0.10495993494987488,-0.08223741531216078,-0.33754265308380127,-0.01994892954826355,-0.11839813768707685,-0.3014720678329468,0.024564266204833984,-0.1216856989248889,-0.2539023160934448,0.027392327785491943,-0.1155293661340373,-0.2399580478668213,-0.09208464622497559,-0.010024959517945575,-0.33280283212661743,-0.019661307334899902,-0.047340374736418056,-0.2966424524784088,0.016605615615844727,-0.05260907888256483,-0.2524638772010803,0.02255380153656006,-0.04664599180065565,-0.2551974058151245,-0.07759678363800049,0.051525462122331334,-0.3250553607940674,-0.029637962579727173,0.02023967139578886,-0.30886927247047424,0.002498447895050049,0.009632880503009034,-0.2743459939956665,0.014090478420257568,0.010509762616525364
Q,0.0,0.0,0.0,-0.027855634689331055,0.048144638538360596,-0.1620755445043045,-0.09412574768066406,0.08752059936523438,-0.23802238216795502,-0.17252665758132935,0.12872380018234253,-0.2793158393184143,-0.2515372335910797,0.16956037282943726,-0.31295237949289856,-0.19676697254180908,-0.0963263213634491,-0.17439743390478668,-0.33208075165748596,-0.04516419768333435,-0.211553494242807,-0.4038810729980469,0.009407579898834229,-0.2303527992049652,-0.44322045147418976,0.05297642946243286,-0.2378553252498108,-0.21108919382095337,-0.10510522127151489,-0.0921830262819725,-0.3223649263381958,-0.018512725830078125,-0.1339191894809204,-0.28523215651512146,0.032569944858551025,-0.1393876623193222,-0.23600023984909058,0.03898167610168457,-0.13365704825319824,-0.22529980540275574,-0.09310519695281982,-0.018843513710280035,-0.31849488615989685,-0.01974320411682129,-0.060040014592786406,-0.2805820107460022,0.020121842622756958,-0.06584260126747665,-0.2350766658782959,0.028710007667541504,-0.05945803111590919,-0.24642115831375122,-0.08024632930755615,0.043738153966287996,-0.3165161907672882,-0.03322538733482361,0.008881152810673143,-0.3006954789161682,-0.0014395713806152344,-0.0036266262473958477,-0.26819929480552673,0.009452462196350098,-0.0036073697561818108
Q,0.0,0.0,0.0,-0.03389018774032593,0.04518654942512512,-0.14211821628952492,-0.10359817743301392,0.08311107754707336,-0.2111255086793946,-0.18248504400253296,0.12320682406425476,-0.25047110093975533,-0.25996795296669006,0.1612105667591095,-0.2826498009100007,-0.20507097244262695,-0.09881502389907837,-0.15429946853065957,-0.3372483551502228,-0.054659754037857056,-0.19125939978504647,-0.41228848695755005,-0.0043839216232299805,-0.21129837705040444,-0.4521023631095886,0.03840664029121399,-0.21931089533710946,-0.21520879864692688,-0.1114407479763031,-0.08339770211124886,-0.3267522156238556,-0.03300538659095764,-0.12010705543900002,-0.29618433117866516,0.01714375615119934,-0.12358627541208733,-0.25187480449676514,0.02605980634689331,-0.11789195312405099,-0.2253848910331726,-0.10249462723731995,-0.020356702415590178,-0.32149413228034973,-0.034153491258621216,-0.05793049259329308,-0.29057788848876953,0.007225722074508667,-0.06030345408463944,-0.24959054589271545,0.01731020212173462,-0.05261123253250588,-0.24018451571464539,-0.09062141180038452,0.033266912417168726,-0.3166786730289459,-0.04562342166900635,0.002146040292139162,-0.3037848472595215,-0.011686444282531738,-0.0042345931589053976,-0.27134332060813904,0.0018646419048309326,-0.00028468240736145844
Q,0.0,0.0,0.0,-0.03066343069076538,0.04429277777671814,-0.15768614633547529,-0.09883961081504822,0.0792146623134613,-0.23278264923559888,-0.1784995198249817,0.1183258593082428,-0.2748586110638307,-0.25794997811317444,0.15705135464668274,-0.3097346000240968,-0.20580920577049255,-0.1039535403251648,-0.16389049811827405,-0.3346899151802063,-0.05446714162826538,-0.19963789208399518,-0.40807363390922546,-0.0032753348350524902,-0.21996946855055555,-0.44993527233600616,0.04045403003692627,-0.22920276446806653,-0.21841731667518616,-0.11033210158348083,-0.08471893741356595,-0.3285217881202698,-0.026802092790603638,-0.12211187406050428,-0.2931738793849945,0.020411670207977295,-0.12747238798605665,-0.24684610962867737,0.025077790021896362,-0.12298482133614286,-0.22790947556495667,-0.09844836592674255,-0.014520218955151876,-0.3224661350250244,-0.02835977077484131,-0.05096847041117414,-0.28786444664001465,0.010955631732940674,-0.054096045331828435,-0.2447347342967987,0.018210232257843018,-0.04747517629133924,-0.2416749894618988,-0.08449029922485352,0.04472177626026408,-0.3139905035495758,-0.03914123773574829,0.01541597267074124,-0.30140459537506104,-0.006284564733505249,0.007195592498607795,-0.2697755694389343,0.00503888726234436,0.00898240936381356
Q,0.0,0.0,0.0,-0.030529558658599854,0.044608473777770996,-0.1574962043588144,-0.09593266248703003,0.08052510023117065,-0.23224263427901093,-0.17595124244689941,0.12148725986480713,-0.2735330515925867,-0.2540912628173828,0.16072845458984375,-0.30687839327502076,-0.20103773474693298,-0.10606884956359863,-0.17037234244990174,-0.33220845460891724,-0.054859310388565063,-0.20842256186652008,-0.4054347723722458,-0.002919435501098633,-0.22680061100172821,-0.44774070382118225,0.03991711139678955,-0.23411585925268952,-0.21497175097465515,-0.11395862698554993,-0.09214290766167466,-0.32257401943206787,-0.01950952410697937,-0.1329065167729837,-0.28070005774497986,0.028994977474212646,-0.13385472236323182,-0.2333025336265564,0.028222888708114624,-0.12532021639990631,-0.22737354040145874,-0.10132187604904175,-0.022995447499035038,-0.3184840679168701,-0.019171714782714844,-0.06441890983033005,-0.27831509709358215,0.01950359344482422,-0.06459387181448761,-0.23521170020103455,0.02093791961669922,-0.054611062390087284,-0.24474963545799255,-0.08575940132141113,0.03531545983505424,-0.3145827054977417,-0.03386688232421875,0.0011039902537035573,-0.29571330547332764,-0.0025905966758728027,-0.006266531759230531,-0.26096752285957336,0.0037192106246948242,-0.002467137287659682
Q,0.0,0.0,0.0,-0.012549221515655518,0.12619060277938843,-0.24553616763046193,-0.08631408214569092,0.2332422137260437,-0.35092080057552266,-0.16060811281204224,0.33500832319259644,-0.3903278452246468,-0.2591107189655304,0.42960917949676514,-0.41443837107112813,-0.3004627823829651,-0.00400853157043457,-0.3381803971617501,-0.4768824577331543,0.09985178709030151,-0.3990331035940926,-0.5767808556556702,0.20670920610427856,-0.41776135981967855,-0.6325694024562836,0.2889416813850403,-0.41876864851406026,-0.330927312374115,-0.029339998960494995,-0.19105589807918477,-0.5002584010362625,0.0919279158115387,-0.22252086223056722,-0.4416319727897644,0.1638329029083252,-0.1928948652832787,-0.37132441997528076,0.17625313997268677,-0.16450910688331533,-0.3503674864768982,-0.02517634630203247,-0.05262645007064748,-0.4960474520921707,0.08551159501075745,-0.09146439702203679,-0.42433518171310425,0.13444727659225464,-0.08839694083621907,-0.35981693863868713,0.13943445682525635,-0.07738165975501943,-0.3746100664138794,-0.005439102649688721,0.07276590495416713,-0.4605119228363037,0.07492199540138245,0.03947974695870471,-0.42812952399253845,0.12635701894760132,0.02602452180394721,-0.3826068043708801,0.14185607433319092,0.022868925249667882
Q,0.0,0.0,0.0,-0.029063940048217773,0.04533106088638306,-0.16309133563018108,-0.09579294919967651,0.0826767086982727,-0.23920540902591014,-0.17418554425239563,0.1253279447555542,-0.2808496395108726,-0.2539810538291931,0.1660938858985901,-0.31413722429251933,-0.20329129695892334,-0.10219940543174744,-0.17063184473490978,-0.33267462253570557,-0.053012728691101074,-0.20885393414473796,-0.40627366304397583,-5.549192428588867e-05,-0.22838008794760967,-0.4482385665178299,0.04510068893432617,-0.23612706754184032,-0.21817165613174438,-0.10677364468574524,-0.08956607822156215,-0.3263437896966934,-0.016812682151794434,-0.12980115804648662,-0.2853793501853943,0.030151337385177612,-0.13257916662669444,-0.2363263964653015,0.03042978048324585,-0.12490545604205394,-0.23079395294189453,-0.09329450130462646,-0.0184453485516336,-0.3216087818145752,-0.016281962394714355,-0.05883119273758197,-0.28157365322113037,0.02075934410095215,-0.06162592414593959,-0.2380598783493042,0.023741811513900757,-0.05332862976765895,-0.24719944596290588,-0.078571617603302,0.04125817474150395,-0.31635457277297974,-0.031658679246902466,0.008628547007081266,-0.302481472492218,-0.0003306567668914795,-0.00036076498045289895,-0.27230942249298096,0.00979575514793396,0.0019141174171615205
Q,0.0,0.0,0.0,-0.03316092491149902,0.04650154709815979,-0.1528613535925878,-0.10210278630256653,0.0863562524318695,-0.2277369169756902,-0.18102824687957764,0.1287578046321869,-0.27055345161409505,-0.26118361949920654,0.1694992482662201,-0.30620579107256063,-0.2037234902381897,-0.09375539422035217,-0.16718855185957082,-0.33691731095314026,-0.04878130555152893,-0.20378224237413534,-0.4121672362089157,0.003228813409805298,-0.22356633527727254,-0.4529518187046051,0.050532907247543335,-0.23188648803682455,-0.21530303359031677,-0.10693362355232239,-0.08979705406875738,-0.32940855622291565,-0.02963581681251526,-0.125225511030866,-0.3008115887641907,0.020199984312057495,-0.12890587432832845,-0.2553712725639343,0.03177890181541443,-0.1248791260883344,-0.22606167197227478,-0.09880343079566956,-0.02056068053991922,-0.32460668683052063,-0.03282371163368225,-0.05488360358924993,-0.29410648345947266,0.008988946676254272,-0.057487708167744955,-0.2510359585285187,0.023194164037704468,-0.0519271014496816,-0.23988404870033264,-0.0873878002166748,0.038248624069975534,-0.3146081268787384,-0.04511207342147827,0.009709046570943514,-0.3017635941505432,-0.009275108575820923,0.0018536100391166599,-0.26796260476112366,0.008379966020584106,0.0030703783262389095
Q,0.0,0.0,0.0,-0.02988719940185547,0.046170592308044434,-0.1601607337614297,-0.09490877389907837,0.08612817525863647,-0.23924954086744776,-0.170587956905365,0.12735098600387573,-0.28428505212271205,-0.2505432963371277,0.16905927658081055,-0.3223355546613931,-0.19819504022598267,-0.09596294164657593,-0.17813670486414424,-0.3270549923181534,-0.0475899875164032,-0.2180244609733819,-0.40237583220005035,0.00537601113319397,-0.23966987282240382,-0.44359806180000305,0.054144203662872314,-0.24851943403685084,-0.21192538738250732,-0.10795027017593384,-0.09637296050989619,-0.3235641270875931,-0.03258165717124939,-0.13438707441294184,-0.2957242727279663,0.01624929904937744,-0.1386235788484811,-0.24919024109840393,0.02903848886489868,-0.13405796736681452,-0.22463536262512207,-0.0987040102481842,-0.023041628675699144,-0.31996677815914154,-0.03410899639129639,-0.06007111668789378,-0.28825318813323975,0.0059815943241119385,-0.06379283815824977,-0.24463266134262085,0.020121455192565918,-0.058032816650509744,-0.2409789264202118,-0.08641347289085388,0.03961143791472921,-0.3112732470035553,-0.042833805084228516,0.00994597337937364,-0.2971099317073822,-0.008744478225708008,0.0010383154478148526,-0.2646649479866028,0.007623910903930664,0.0018048780950010723
Q,0.0,0.0,0.0,-0.02416461706161499,0.04900243878364563,-0.166422106936281,-0.08754110336303711,0.08824703097343445,-0.2481521150615862,-0.16088372468948364,0.12991949915885925,-0.2935561469343355,-0.24049967527389526,0.17117097973823547,-0.33148791702062397,-0.19147449731826782,-0.08936908841133118,-0.19009100706846027,-0.32028380036354065,-0.04197707772254944,-0.22908187718660145,-0.39586441218852997,0.010530263185501099,-0.2453256032016924,-0.4360244423151016,0.05724939703941345,-0.24952500374585895,-0.20475396513938904,-0.10097703337669373,-0.10442371727496891,-0.314644455909729,-0.02390342950820923,-0.1403601250198534,-0.2808387279510498,0.026800870895385742,-0.1376987925317934,-0.2327849566936493,0.034036070108413696,-0.12749377699167042,-0.2186642587184906,-0.09277406334877014,-0.02762010009557514,-0.3110840916633606,-0.027173221111297607,-0.06372116567165165,-0.2738838791847229,0.014108002185821533,-0.06518978686601429,-0.23097383975982666,0.023416250944137573,-0.05780292363435535,-0.23582682013511658,-0.08280161023139954,0.03832279829710217,-0.30430519580841064,-0.04077830910682678,0.010093468562061503,-0.29027193784713745,-0.00507625937461853,0.0023344371880540393,-0.26036059856414795,0.01184031367301941,0.003708926350171282
Q,0.0,0.0,0.0,-0.030470728874206543,0.04900878667831421,-0.1523013561172739,-0.09747618436813354,0.09046679735183716,-0.2286827563448206,-0.17538568377494812,0.1345881223678589,-0.27263113848402654,-0.25545334815979004,0.17583554983139038,-0.3098926543398157,-0.19775187969207764,-0.09151583909988403,-0.1747066377802149,-0.32924458384513855,-0.04406130313873291,-0.21217486254408513,-0.4037005454301834,0.008976370096206665,-0.23233234874441777,-0.4440065175294876,0.057399868965148926,-0.24115948371126805,-0.21108576655387878,-0.10582801699638367,-0.09707877777054463,-0.32732030749320984,-0.03177589178085327,-0.1314874141617075,-0.303292840719223,0.01864445209503174,-0.13493764392569219,-0.2595750093460083,0.034306466579437256,-0.13196220986082707,-0.22262340784072876,-0.09820243716239929,-0.0265796221001402,-0.3236590027809143,-0.0364912748336792,-0.058347482155109986,-0.2958901524543762,0.007240772247314453,-0.05915626875593816,-0.25331905484199524,0.02487015724182129,-0.05390271164014493,-0.23645472526550293,-0.08522233366966248,0.033540189345334426,-0.3113442063331604,-0.043490201234817505,0.005859109186534539,-0.29936152696609497,-0.006598055362701416,-0.0015934559423804728,-0.2660592198371887,0.01214689016342163,-0.0008479605103239862
Q,0.0,0.0,0.0,-0.02610766887664795,0.04908597469329834,-0.1524419913883004,-0.08944165706634521,0.09097850322723389,-0.2298864106530938,-0.16649281978607178,0.1338459849357605,-0.27462553781221244,-0.2463110089302063,0.17243742942810059,-0.31213214796731803,-0.19248440861701965,-0.08989784121513367,-0.18342226546953055,-0.32366958260536194,-0.04223865270614624,-0.22341409128854606,-0.39808475971221924,0.010378211736679077,-0.24079613190839622,-0.43713393807411194,0.05642420053482056,-0.24690931838701102,-0.20526772737503052,-0.10840964317321777,-0.10715104442785117,-0.3182380348443985,-0.026519089937210083,-0.14484305483053062,-0.2891331613063812,0.023585200309753418,-0.1434693018789086,-0.24405714869499207,0.03257882595062256,-0.13601110678861472,-0.21764501929283142,-0.1029449999332428,-0.038100218295553656,-0.3164265602827072,-0.03241655230522156,-0.07507948380658958,-0.28518784046173096,0.010418355464935303,-0.07267763268897864,-0.24304243922233582,0.021169960498809814,-0.06400432240913245,-0.23360338807106018,-0.09140288829803467,0.020905668020745782,-0.3091423809528351,-0.04495486617088318,-0.010949131927886935,-0.2955867648124695,-0.007637500762939453,-0.01678654168496463,-0.26305091381073,0.008465677499771118,-0.013881236209968062
Q,0.0,0.0,0.0,-0.021216988563537598,0.049043625593185425,-0.15228379905513023,-0.08325499296188354,0.08956277370452881,-0.2284625136881182,-0.1591373085975647,0.13248008489608765,-0.27239854276469444,-0.23812422156333923,0.17116868495941162,-0.3096415215759585,-0.18170714378356934,-0.09557360410690308,-0.17850748837283348,-0.3133235275745392,-0.04706794023513794,-0.22209336996367668,-0.38964878022670746,0.008002310991287231,-0.24599039197257255,-0.43411019444465637,0.055184394121170044,-0.2572706455021212,-0.1982334852218628,-0.10522580146789551,-0.10415125280907844,-0.3132368326187134,-0.029469966888427734,-0.14815540254405235,-0.2825911045074463,0.021040022373199463,-0.15448855996421074,-0.23722752928733826,0.03150808811187744,-0.15092858314803337,-0.21261277794837952,-0.09449297189712524,-0.037284437718899,-0.3127467632293701,-0.033821552991867065,-0.07730196804097389,-0.28140610456466675,0.007180511951446533,-0.07785664141467308,-0.23837760090827942,0.01891636848449707,-0.06988934070161079,-0.23083031177520752,-0.07983258366584778,0.019170593318431628,-0.30585698783397675,-0.04206487536430359,-0.01510385066560005,-0.2962973713874817,-0.010014921426773071,-0.023160986754209745,-0.26772409677505493,0.0031999051570892334,-0.020874001237661588
Q,0.0,0.0,0.0,-0.024239063262939453,0.054035186767578125,-0.14887602890827267,-0.0868525505065918,0.09783270955085754,-0.2252210255990228,-0.16229131817817688,0.14150509238243103,-0.2693363454470834,-0.2402787208557129,0.18041500449180603,-0.3066877451071939,-0.1865120232105255,-0.08393850922584534,-0.17988197769023984,-0.31943920254707336,-0.03117719292640686,-0.21941308940746396,-0.39415498077869415,0.02069428563117981,-0.2381585117707452,-0.4363645166158676,0.06250786781311035,-0.24573420251705258,-0.20021280646324158,-0.09743693470954895,-0.10501174892284482,-0.31550076603889465,-0.01643022894859314,-0.14099648858406155,-0.2818717956542969,0.03243705630302429,-0.13806288207866757,-0.2365095019340515,0.03554275631904602,-0.12928475703098385,-0.21218115091323853,-0.08981278538703918,-0.03715753073789685,-0.3132932186126709,-0.023018836975097656,-0.07220044250585644,-0.2799701690673828,0.018057137727737427,-0.06848696137764065,-0.23830196261405945,0.02336016297340393,-0.059015731168766905,-0.2283443808555603,-0.07794645428657532,0.020952669130782198,-0.3047743886709213,-0.0345996618270874,-0.009945357059915949,-0.2916708290576935,-0.0008061528205871582,-0.014415548024555136,-0.25981080532073975,0.009019732475280762,-0.010241402154644419
Q,0.0,0.0,0.0,-0.026481449604034424,0.0467759370803833,-0.1559114732918161,-0.09100461006164551,0.08524048328399658,-0.23374327804416595,-0.16876864433288574,0.12918365001678467,-0.278271196144523,-0.25061944127082825,0.16856008768081665,-0.3157770314392465,-0.1962483823299408,-0.09421727061271667,-0.1758607306656259,-0.32582640647888184,-0.049677878618240356,-0.21315645958751617,-0.39919690787792206,0.0031775236129760742,-0.23293453242153106,-0.4406753331422806,0.04935175180435181,-0.24159131731361327,-0.21091407537460327,-0.10287526249885559,-0.09641305889457641,-0.3223104178905487,-0.028622299432754517,-0.1291032263216394,-0.2912440896034241,0.018690556287765503,-0.12969212021202026,-0.24666494131088257,0.02610918879508972,-0.124401567238273,-0.22302290797233582,-0.093138188123703,-0.024909833180608132,-0.3191028833389282,-0.03248906135559082,-0.05455622981757102,-0.28665146231651306,0.0069213807582855225,-0.05302473317355094,-0.24531346559524536,0.016567260026931763,-0.046374244349898674,-0.2375343143939972,-0.08022266626358032,0.03559479702740731,-0.30906395614147186,-0.04183226823806763,0.00983392753183665,-0.29763364791870117,-0.007920324802398682,0.003794885971693418,-0.2671356201171875,0.006119132041931152,0.00565334110066118
Q,0.0,0.0,0.0,-0.028130412101745605,0.05179154872894287,-0.15007183956934256,-0.09271621704101562,0.09131920337677002,-0.22706883656812948,-0.17037221789360046,0.13199907541275024,-0.27263603615595144,-0.24977436661720276,0.17471277713775635,-0.31179220485521597,-0.19359040260314941,-0.08802852034568787,-0.16856607305837912,-0.3228051960468292,-0.04112866520881653,-0.2042569171173696,-0.39701806008815765,0.012718945741653442,-0.2232719908936147,-0.4400465488433838,0.05763998627662659,-0.23217696952654165,-0.20528510212898254,-0.10207024216651917,-0.09365013497902197,-0.31692686676979065,-0.023550212383270264,-0.12515368568731589,-0.28462448716163635,0.025735676288604736,-0.1241964499933843,-0.24324753880500793,0.031049072742462158,-0.11794200795723242,-0.21594831347465515,-0.09441536664962769,-0.02634267206324381,-0.31315815448760986,-0.03010159730911255,-0.05478100734783453,-0.28073808550834656,0.011106550693511963,-0.050946420757306043,-0.24212521314620972,0.019676506519317627,-0.04325784253908438,-0.2299431562423706,-0.08135247230529785,0.030357466311919268,-0.3032364547252655,-0.03905695676803589,0.0054396998600836355,-0.29027822613716125,-0.004761636257171631,0.002063750987666424,-0.2602959871292114,0.008396267890930176,0.005687306867706354
Q,0.0,0.0,0.0,-0.008875668048858643,0.12059465050697327,-0.24978629890517823,-0.0778607726097107,0.23026853799819946,-0.3630764001949274,-0.1556670069694519,0.3282994031906128,-0.41247741523818604,-0.25168976187705994,0.4234173893928528,-0.44938338938789,-0.2904517948627472,0.007807374000549316,-0.35463593545989625,-0.4627615809440613,0.13027456402778625,-0.41661055031852356,-0.561755895614624,0.24053245782852173,-0.43118275347785584,-0.6226132810115814,0.3208848834037781,-0.4293958658321344,-0.32492634654045105,-0.02127322554588318,-0.2089422160728418,-0.47871124744415283,0.11371511220932007,-0.24685297552184693,-0.40676265954971313,0.18458616733551025,-0.2084565723283731,-0.3355628252029419,0.19132620096206665,-0.17152027431563965,-0.34729668498039246,-0.015048861503601074,-0.07205888274745575,-0.48190435767173767,0.10310539603233337,-0.11752313766317002,-0.41032975912094116,0.15686464309692383,-0.10927651468352906,-0.3440656065940857,0.15978020429611206,-0.09196533653573624,-0.376837819814682,0.005630612373352051,0.051631595756248316,-0.4666038155555725,0.08587545156478882,0.022049028243259272,-0.43644481897354126,0.1357857882976532,0.015377958122030577,-0.389329731464386,0.14411216974258423,0.016534851680830798
Q,0.0,0.0,0.0,-0.03214472532272339,0.049997478723526,-0.14571265140450151,-0.09880554676055908,0.08947724103927612,-0.216957934292914,-0.17776364088058472,0.13423442840576172,-0.25650637606060656,-0.2554224729537964,0.17446422576904297,-0.28908314565098436,-0.2017994523048401,-0.09228697419166565,-0.1655001566735521,-0.33366529643535614,-0.041085898876190186,-0.19944768408215197,-0.40451082587242126,0.012087345123291016,-0.21801795819676073,-0.4458383321762085,0.056919217109680176,-0.22658025482571276,-0.21482008695602417,-0.10457506775856018,-0.09063856312906893,-0.3270971179008484,-0.022601813077926636,-0.12417276212847383,-0.29437458515167236,0.025086641311645508,-0.12778150299465807,-0.24804630875587463,0.03376820683479309,-0.12457618871605547,-0.22525522112846375,-0.0959290862083435,-0.022333717065812664,-0.3226189464330673,-0.028936117887496948,-0.05413295337832125,-0.2887164354324341,0.011955410242080688,-0.05555435651815088,-0.24463298916816711,0.02267313003540039,-0.05012113610184343,-0.2391556203365326,-0.08255481719970703,0.03627831479632704,-0.31418630480766296,-0.03879427909851074,0.008309538384018822,-0.30160291492938995,-0.0050189197063446045,0.0009233017578296199,-0.2689700126647949,0.0072844624519348145,0.002333352482928319
Q,0.0,0.0,0.0,-0.025708019733428955,0.04965132474899292,-0.15107087324420831,-0.08818453550338745,0.08951389789581299,-0.22599094639579675,-0.16547590494155884,0.13079982995986938,-0.26854139099876306,-0.241100013256073,0.1684679388999939,-0.3033119393424215,-0.18980279564857483,-0.0955461859703064,-0.17763925622264765,-0.32319776713848114,-0.043165743350982666,-0.21705127785961054,-0.39263275265693665,0.009866714477539062,-0.23521048854152582,-0.43126165866851807,0.055391550064086914,-0.24205886851112268,-0.2066112458705902,-0.11127805709838867,-0.10242528001825235,-0.31949959695339203,-0.026077330112457275,-0.1445020986632528,-0.2875330150127411,0.023485839366912842,-0.1478195739821615,-0.2400866448879242,0.03505977988243103,-0.1419127238825979,-0.21999263763427734,-0.1047717034816742,-0.03436922187964342,-0.31325212121009827,-0.03225600719451904,-0.07440005521337412,-0.27941057085990906,0.008719086647033691,-0.076562720342082,-0.2352963387966156,0.02109244465827942,-0.06925402860204599,-0.23615166544914246,-0.09375143051147461,0.023692126394706747,-0.3062012493610382,-0.047449588775634766,-0.01034858076880596,-0.2946430444717407,-0.011781960725784302,-0.020435149772566774,-0.26567402482032776,0.0049169957637786865,-0.019607079206508615
Q,0.0,0.0,0.0,-0.025968551635742188,0.04537874460220337,-0.15184839398413041,-0.09082776308059692,0.08313998579978943,-0.22598637969045976,-0.1688668131828308,0.12673327326774597,-0.26781705350427965,-0.24805375933647156,0.16940006613731384,-0.302477899499229,-0.19043117761611938,-0.09908965229988098,-0.17009666890650132,-0.3195110559463501,-0.04857027530670166,-0.20880233079939226,-0.39091815054416656,0.00461423397064209,-0.23094773621111253,-0.433173805475235,0.05099385976791382,-0.24197982580213884,-0.2079029381275177,-0.10739573836326599,-0.09519730836897233,-0.3182215243577957,-0.029993444681167603,-0.13448019654302934,-0.2873504161834717,0.01533430814743042,-0.14127618402986863,-0.24101856350898743,0.02376130223274231,-0.13954362601785997,-0.2217685580253601,-0.09638252854347229,-0.02808315635471681,-0.315179780125618,-0.03251442313194275,-0.06345265687256196,-0.2818920612335205,0.004773348569869995,-0.06590527624636033,-0.23930734395980835,0.014022201299667358,-0.06098880947380403,-0.23791629076004028,-0.08244773745536804,0.02818505509943625,-0.3053427040576935,-0.03981247544288635,-0.0028308122679505665,-0.2883542776107788,-0.007152765989303589,-0.012315167605868371,-0.25448328256607056,0.0055694580078125,-0.012270917676380666
Q,0.0,0.0,0.0,-0.028366148471832275,0.04368704557418823,-0.1439983274005261,-0.09493207931518555,0.08150982856750488,-0.21473601713403134,-0.17440897226333618,0.12984251976013184,-0.25471596672757535,-0.2520764470100403,0.17132949829101562,-0.2872877891324368,-0.1994970738887787,-0.09632506966590881,-0.1613293911479321,-0.33013585209846497,-0.04366099834442139,-0.19703649237378507,-0.39921191334724426,0.008354038000106812,-0.21677224591000943,-0.4415433704853058,0.05128780007362366,-0.22616306200250058,-0.2144744098186493,-0.10363271832466125,-0.0896900917552319,-0.32157979905605316,-0.018821001052856445,-0.12671563282235532,-0.28335872292518616,0.023184925317764282,-0.13084998979791074,-0.23705404996871948,0.024284720420837402,-0.12705026819928555,-0.22591853141784668,-0.09262266755104065,-0.025327936481675195,-0.3183320462703705,-0.02330353856086731,-0.05840949222072034,-0.28228580951690674,0.011657536029815674,-0.05863715216143994,-0.2412756085395813,0.014157861471176147,-0.05224476635082631,-0.24085700511932373,-0.07809245586395264,0.0288401742316875,-0.3132581412792206,-0.03496408462524414,0.0002829660978260762,-0.2989473342895508,-0.0034703314304351807,-0.006138058580448913,-0.267877995967865,0.006064355373382568,-0.0036819844655600065
Q,0.0,0.0,0.0,-0.03124392032623291,0.04822951555252075,-0.14397282590408622,-0.0970022976398468,0.08577901124954224,-0.21563343395729362,-0.17390653491020203,0.13026714324951172,-0.25729718496342,-0.25253161787986755,0.1688658595085144,-0.29252674867649375,-0.20392215251922607,-0.09306883811950684,-0.14968917955894767,-0.32693006098270416,-0.04096674919128418,-0.18316702236671745,-0.3949873745441437,0.010210603475570679,-0.2052742212011367,-0.43945828080177307,0.0532173216342926,-0.21739975800056754,-0.2160136103630066,-0.10220420360565186,-0.07841580798168479,-0.3211991488933563,-0.018838614225387573,-0.113026600976184,-0.2852633595466614,0.024291396141052246,-0.12027562846679984,-0.24080190062522888,0.027971208095550537,-0.11895125051279365,-0.22482642531394958,-0.09224730730056763,-0.014971367728605856,-0.31506121158599854,-0.022920221090316772,-0.04449763213534652,-0.28027239441871643,0.012659311294555664,-0.04534518038173019,-0.24064981937408447,0.018063902854919434,-0.03997324099083244,-0.23749274015426636,-0.07803922891616821,0.03788956190209092,-0.3060941696166992,-0.033725857734680176,0.01275965227495135,-0.2896043509244919,-0.0030213594436645508,0.006939721114292752,-0.2584057152271271,0.005768567323684692,0.009395875322923075
Q,0.0,0.0,0.0,-0.028412580490112305,0.04592981934547424,-0.1374260788055004,-0.09233644604682922,0.0841306746006012,-0.2065755282731594,-0.1664990484714508,0.12780657410621643,-0.2465782617421688,-0.24056458473205566,0.16720470786094666,-0.27999942053275717,-0.19283682107925415,-0.0954853892326355,-0.15691387701945914,-0.3181394636631012,-0.046114951372146606,-0.1948289280028881,-0.3864098936319351,0.006286352872848511,-0.21825516272502554,-0.4293566346168518,0.0527290403842926,-0.23004701782184256,-0.2078285813331604,-0.10480940341949463,-0.08969475377517355,-0.3152306377887726,-0.03135165572166443,-0.13071785915809286,-0.28721508383750916,0.01550862193107605,-0.1428351556153835,-0.24274638295173645,0.032947152853012085,-0.14435535717921866,-0.2189677357673645,-0.09373369812965393,-0.028575765454942115,-0.31295132637023926,-0.0334908664226532,-0.06499328512864722,-0.28225192427635193,0.005501419305801392,-0.069588393458897,-0.23938345909118652,0.021343708038330078,-0.06514052350240362,-0.23309916257858276,-0.07808053493499756,0.023271049818223588,-0.30806827545166016,-0.03954020142555237,-0.006297790000015624,-0.29961860179901123,-0.007773488759994507,-0.013809333110028632,-0.27133089303970337,0.009318500757217407,-0.012080016100579627
Q,0.0,0.0,0.0,-0.024123698472976685,0.047113776206970215,-0.150088441598335,-0.0862264335155487,0.08454769849777222,-0.22556104980699132,-0.16337713599205017,0.127346932888031,-0.2689299704908521,-0.24309635162353516,0.1675453782081604,-0.305102211463371,-0.18686053156852722,-0.0924355685710907,-0.1748055043100507,-0.31442388892173767,-0.04097887873649597,-0.2179409237980039,-0.38636504113674164,0.012275248765945435,-0.23986676059953282,-0.4286847710609436,0.05857950448989868,-0.2487333687423856,-0.20098534226417542,-0.10321637988090515,-0.1007330762623937,-0.3122781068086624,-0.023908495903015137,-0.14450241349927495,-0.2770124077796936,0.02271220088005066,-0.1486047329782636,-0.22875401377677917,0.031102091073989868,-0.14253955804101537,-0.21227440237998962,-0.09307274222373962,-0.03421234064094136,-0.3074418902397156,-0.026741117238998413,-0.07430234276048253,-0.2718546688556671,0.010774552822113037,-0.07381161772004674,-0.22746238112449646,0.018878817558288574,-0.06434116237155507,-0.22742313146591187,-0.07840096950531006,0.02226170986600806,-0.3004695326089859,-0.03722706437110901,-0.0095968600764067,-0.28696537017822266,-0.004745543003082275,-0.015267068560341102,-0.25436586141586304,0.008280128240585327,-0.011242636519590121
Q,0.0,0.0,0.0,-0.026994049549102783,0.04325813055038452,-0.15086366680178998,-0.08991199731826782,0.08005222678184509,-0.22491242435489056,-0.1668461263179779,0.12398040294647217,-0.2668693706086671,-0.24510031938552856,0.16305726766586304,-0.30170461979422925,-0.1935703456401825,-0.09641680121421814,-0.16625766900096295,-0.3206310421228409,-0.04360702633857727,-0.20359914448771832,-0.3897087723016739,0.008471250534057617,-0.22511813488517163,-0.4313009977340698,0.054529815912246704,-0.23514995422873852,-0.2083568572998047,-0.10358846187591553,-0.0906463607839143,-0.31736013293266296,-0.02287060022354126,-0.13267471340213177,-0.2822085916996002,0.01849183440208435,-0.14206794348273633,-0.23245051503181458,0.028780639171600342,-0.14004250314746258,-0.2198639214038849,-0.09161967039108276,-0.022377856790164685,-0.31137074530124664,-0.024817675352096558,-0.05848025602016804,-0.27640122175216675,0.008623212575912476,-0.06203045394931195,-0.23132053017616272,0.01901113986968994,-0.05603054237280247,-0.23582330346107483,-0.07598134875297546,0.03536179217781665,-0.3035174608230591,-0.03356999158859253,0.006218428940435672,-0.29171454906463623,-0.0043204426765441895,-0.003079159434030032,-0.26178720593452454,0.008109569549560547,-0.0022729579518383503
Q,0.0,0.0,0.0,-0.026987791061401367,0.04415133595466614,-0.14446026037293436,-0.09094974398612976,0.0813961923122406,-0.21530881474572183,-0.16973581910133362,0.12637916207313538,-0.2552784825380421,-0.2472478449344635,0.16875901818275452,-0.28774099002438547,-0.1973963975906372,-0.09758380055427551,-0.1589082623537159,-0.3255401849746704,-0.04403701424598694,-0.19549214790421487,-0.39207302033901215,0.01005333662033081,-0.21630065093594553,-0.4323358088731766,0.05480232834815979,-0.226195454102335,-0.21116110682487488,-0.10580500960350037,-0.08662348191100122,-0.31720730662345886,-0.022884130477905273,-0.12861774812298776,-0.2811834216117859,0.02079281210899353,-0.13730367968636514,-0.2335861623287201,0.03011488914489746,-0.13502480040150644,-0.2220262885093689,-0.09405174851417542,-0.02147974583166601,-0.3098665177822113,-0.024777472019195557,-0.05846302534299852,-0.2735629677772522,0.010329782962799072,-0.061427968990383164,-0.22998300194740295,0.01934489607810974,-0.05496012369948389,-0.23794695734977722,-0.07882717251777649,0.03364738126439093,-0.30456115305423737,-0.033856749534606934,0.002315836988064035,-0.2901078462600708,-0.002961069345474243,-0.007456742197600619,-0.2605147361755371,0.00870513916015625,-0.006428240303275601
Q,0.0,0.0,0.0,-0.0257890522480011,0.041241854429244995,-0.14780375073289065,-0.09046980738639832,0.07717067003250122,-0.2189170987400928,-0.1692901849746704,0.12228673696517944,-0.2579797924551883,-0.24926438927650452,0.16204988956451416,-0.2895769597086826,-0.1921023726463318,-0.09808745980262756,-0.16505300710534243,-0.3207131177186966,-0.04780355095863342,-0.20002679238652377,-0.3913256675004959,0.005005091428756714,-0.21976707587575106,-0.4335293173789978,0.050848037004470825,-0.22965497980450778,-0.20803388953208923,-0.1049775779247284,-0.09069600413178591,-0.31884215772151947,-0.03199046850204468,-0.12932067821358828,-0.29125356674194336,0.012625306844711304,-0.13878489742612032,-0.24676263332366943,0.029828935861587524,-0.13873567889069705,-0.22052866220474243,-0.0917089581489563,-0.02298566410874514,-0.3147877901792526,-0.030636370182037354,-0.05774260396694331,-0.28311787545681,0.005424469709396362,-0.061793961474648995,-0.2401815950870514,0.020399391651153564,-0.05750750834678797,-0.2372833788394928,-0.0743945837020874,0.034487425437220054,-0.30657097697257996,-0.03371793031692505,0.0020254802368810942,-0.2914557158946991,-0.0030468404293060303,-0.009184136899165196,-0.2582276165485382,0.011861234903335571,-0.009798729704669995
Q,0.0,0.0,0.0,-0.004457294940948486,0.11879554390907288,-0.24798219948263522,-0.06991046667098999,0.2257220447063446,-0.3590013340041196,-0.14433741569519043,0.32796725630760193,-0.4051708236262357,-0.242761492729187,0.4227614104747772,-0.4373280957266843,-0.2872298061847687,0.005521029233932495,-0.35508119612188693,-0.4585152566432953,0.11466246843338013,-0.4303248181864774,-0.5602105259895325,0.22216662764549255,-0.45478066354246494,-0.6231406331062317,0.3030737340450287,-0.45787500887365695,-0.31958603858947754,-0.015959054231643677,-0.2109225496575391,-0.47324368357658386,0.11520633101463318,-0.26045020966978427,-0.3957864046096802,0.18212071061134338,-0.22464954405279514,-0.31679868698120117,0.1806129515171051,-0.18604808598013278,-0.3399622142314911,-0.008144140243530273,-0.07657236158104297,-0.47151845693588257,0.10693925619125366,-0.13191853015871402,-0.3890143036842346,0.15551522374153137,-0.1205614462420499,-0.31903430819511414,0.15035787224769592,-0.0974225655123746,-0.3659689724445343,0.01144978404045105,0.04453822673110608,-0.4482044577598572,0.09315824508666992,0.002939786816000378,-0.4085530638694763,0.14631199836730957,-0.005499752882883513,-0.35855117440223694,0.15416070818901062,-0.0014245273238202572
Q,0.0,0.0,0.0,-0.02558237314224243,0.04085862636566162,-0.15298053130485556,-0.08858141303062439,0.07570761442184448,-0.2258792023358538,-0.16523286700248718,0.11871904134750366,-0.26634558543540976,-0.24527618288993835,0.15726664662361145,-0.2994488428530886,-0.1929323971271515,-0.09906899929046631,-0.16198278471805594,-0.3204777091741562,-0.05063769221305847,-0.19711021587230704,-0.3895731270313263,0.0034362971782684326,-0.21853069469310782,-0.42899033427238464,0.05009254813194275,-0.22892602786399863,-0.2066952884197235,-0.10322532057762146,-0.08407382920362494,-0.3162131756544113,-0.03677883744239807,-0.12208330139495871,-0.2906302511692047,0.009861946105957031,-0.13394949838497183,-0.24756310880184174,0.028558015823364258,-0.13491391643859885,-0.2178107500076294,-0.09071317315101624,-0.013723049051840519,-0.30958200991153717,-0.03625348210334778,-0.0462669979033663,-0.2802259624004364,0.0019330382347106934,-0.05312757074811003,-0.23825740814208984,0.01872125267982483,-0.05058013901092551,-0.23372161388397217,-0.07622221112251282,0.04582722231767633,-0.2995375394821167,-0.03785654902458191,0.016949412673930908,-0.2872491180896759,-0.006354600191116333,0.004447284881244684,-0.2555960565805435,0.00963166356086731,0.0025757709799663076
Q,0.0,0.0,0.0,-0.0244331955909729,0.03669282793998718,-0.14508876940918114,-0.0859525203704834,0.07162350416183472,-0.21542010447693016,-0.1621473729610443,0.11649537086486816,-0.2560768797130599,-0.24201449751853943,0.15403211116790771,-0.2892282380790725,-0.19192364811897278,-0.1005498468875885,-0.1502429767580047,-0.31438054144382477,-0.052471667528152466,-0.18937722584915306,-0.3838801831007004,-0.0007827877998352051,-0.21396251759243157,-0.42546242475509644,0.043562233448028564,-0.22638628623199608,-0.20798218250274658,-0.10275992751121521,-0.08021201929760124,-0.31050585210323334,-0.03453335165977478,-0.12445960930299904,-0.2781253457069397,0.008257955312728882,-0.13784297547054436,-0.23408785462379456,0.02238929271697998,-0.1376742794246688,-0.22059360146522522,-0.08862149715423584,-0.01832705913794186,-0.3059859871864319,-0.03112703561782837,-0.05788190654230263,-0.27227798104286194,0.0023876428604125977,-0.06372664860201027,-0.23231253027915955,0.013580173254013062,-0.05812628931117203,-0.2377719283103943,-0.0722857117652893,0.03317800917911384,-0.3031315356492996,-0.03399324417114258,-0.0003795042294818529,-0.2856966257095337,-0.006919682025909424,-0.010882875795783065,-0.2535572052001953,0.004018306732177734,-0.009609617206574939
Q,0.0,0.0,0.0,-0.029440641403198242,0.03902807831764221,-0.14945048491200197,-0.09575104713439941,0.07033568620681763,-0.21902326146801698,-0.17181196808815002,0.11099269986152649,-0.25739165047844637,-0.2506694942712784,0.14775604009628296,-0.2888859997197031,-0.1970696747303009,-0.1030007004737854,-0.15037575761517274,-0.3209775984287262,-0.06028386950492859,-0.18720145920952547,-0.3889301121234894,-0.01040560007095337,-0.2127637157841562,-0.4327095150947571,0.034990400075912476,-0.22569862405499208,-0.21002882719039917,-0.10270664095878601,-0.07582935343226183,-0.3172982931137085,-0.036242514848709106,-0.1189597288771509,-0.2856415957212448,0.008237451314926147,-0.13684699336727846,-0.23806048929691315,0.024410128593444824,-0.1400090644760965,-0.2204587459564209,-0.08677726984024048,-0.009395014743411423,-0.31364230811595917,-0.03344982862472534,-0.047364808867776276,-0.28170035779476166,0.003526031970977783,-0.057695593933665634,-0.2384379506111145,0.018373578786849976,-0.05485482166250932,-0.23638474941253662,-0.07030272483825684,0.04677170862714064,-0.3086514323949814,-0.03585299849510193,0.018367554743683456,-0.2977350503206253,-0.008870840072631836,0.007957597014403461,-0.2670614719390869,0.0030120015144348145,0.008434721019959568
Q,0.0,0.0,0.0,-0.03246447443962097,0.038772791624069214,-0.14177003049294967,-0.10014721751213074,0.07199400663375854,-0.20861741446893234,-0.17605629563331604,0.11287522315979004,-0.2463234170619728,-0.255690336227417,0.14512032270431519,-0.27690754377286453,-0.19989991188049316,-0.10354024171829224,-0.1376137837116005,-0.32581624388694763,-0.060988932847976685,-0.16924680315892715,-0.39510540664196014,-0.010343313217163086,-0.19111951732080001,-0.4359327554702759,0.03283417224884033,-0.2020780398790123,-0.209672749042511,-0.10403710603713989,-0.06537487649362106,-0.3200860023498535,-0.03973788022994995,-0.10346160375516433,-0.29306869208812714,0.007367312908172607,-0.11862785660665054,-0.250408798456192,0.02486702799797058,-0.12018342607657928,-0.2174651026725769,-0.08951622247695923,-0.0007109539630221207,-0.30925342440605164,-0.03329429030418396,-0.03297227912585754,-0.279779314994812,0.0017426609992980957,-0.04095927917401809,-0.2389925718307495,0.014784574508666992,-0.037595826322245784,-0.23151201009750366,-0.07395759224891663,0.05385800904591065,-0.30246347188949585,-0.0360390841960907,0.027197520127486996,-0.2930467426776886,-0.00956997275352478,0.016320188408684544,-0.2644665539264679,-0.0005550384521484375,0.01636742695231419
Q,0.0,0.0,0.0,-0.030788898468017578,0.03859427571296692,-0.14192008406176093,-0.09875741600990295,0.07025474309921265,-0.20622497231020454,-0.17323195934295654,0.11099326610565186,-0.24099239141001227,-0.25036077201366425,0.14578372240066528,-0.26854326755060676,-0.1973991096019745,-0.10203814506530762,-0.13980802327646735,-0.3221580386161804,-0.05905550718307495,-0.17311320632948402,-0.3907298594713211,-0.009908407926559448,-0.19569733172907355,-0.43348753452301025,0.03178226947784424,-0.20712875753893378,-0.20760449767112732,-0.10062694549560547,-0.06946371674789908,-0.3122505694627762,-0.03351566195487976,-0.10986634522928718,-0.2817412316799164,0.011683940887451172,-0.12618964344515327,-0.23747524619102478,0.025521397590637207,-0.12869193583979133,-0.21634113788604736,-0.08427798748016357,-0.007130928731251984,-0.30722399055957794,-0.029426485300064087,-0.043428471239943534,-0.2757111042737961,0.00668865442276001,-0.05293833270921233,-0.23489703238010406,0.018535465002059937,-0.049950459900040656,-0.23062288761138916,-0.06894814968109131,0.04521108239636895,-0.30363425612449646,-0.0338018536567688,0.016078218889694185,-0.294889897108078,-0.007256984710693359,0.005224248466353387,-0.2669326364994049,0.003319859504699707,0.005632586849193544
Q,0.0,0.0,0.0,-0.030622482299804688,0.03276088833808899,-0.14146125559978096,-0.09845837950706482,0.0626707375049591,-0.2041665190952262,-0.17438998818397522,0.10511043667793274,-0.23803022747211067,-0.2513526380062103,0.13988664746284485,-0.26419614498786537,-0.19139501452445984,-0.11190435290336609,-0.13044449930362312,-0.31473955512046814,-0.0703195333480835,-0.1658773893611869,-0.38398562371730804,-0.020999133586883545,-0.19087380414180366,-0.4284188449382782,0.019777029752731323,-0.20362726097278205,-0.2032531201839447,-0.10417720675468445,-0.06110371892623512,-0.3097695857286453,-0.04369664192199707,-0.10491378848723976,-0.28018128871917725,0.005965203046798706,-0.12315959726743309,-0.2378568798303604,0.022637546062469482,-0.12460290883950798,-0.2133798897266388,-0.08399853110313416,-0.0006855596909662864,-0.30181631445884705,-0.03211641311645508,-0.04054079448155967,-0.26961225271224976,0.004097580909729004,-0.05136870836190788,-0.22874709963798523,0.015392839908599854,-0.04681350161604492,-0.2293734848499298,-0.06537428498268127,0.04951391498275193,-0.2989490032196045,-0.030645519495010376,0.018547806317881665,-0.2900124192237854,-0.006263285875320435,0.006638592003808341,-0.2623620182275772,0.0009322166442871094,0.007609236414507947
Q,0.0,0.0,0.0,-0.03191030025482178,0.036304354667663574,-0.13812572212435903,-0.10009264945983887,0.06786870956420898,-0.20187706203677358,-0.1738077998161316,0.10340636968612671,-0.23753522784926595,-0.24899443984031677,0.13228672742843628,-0.26549342723109426,-0.19501709938049316,-0.10590451955795288,-0.13485059590556325,-0.31853707134723663,-0.06755810976028442,-0.17005825491168203,-0.38694658875465393,-0.020833700895309448,-0.1908567592642516,-0.42721129953861237,0.01949465274810791,-0.1992687478802413,-0.20256423950195312,-0.10701948404312134,-0.06711936445452871,-0.30786192417144775,-0.04100799560546875,-0.10681614728190603,-0.27737894654273987,0.008080899715423584,-0.11744416953541936,-0.2361820638179779,0.02068096399307251,-0.11453820468403997,-0.2098587453365326,-0.09299758076667786,-0.008128824471613783,-0.2989039719104767,-0.03540068864822388,-0.04566974268772306,-0.2670217752456665,0.0025208592414855957,-0.051431299015066045,-0.2278912365436554,0.013128936290740967,-0.04456856922723951,-0.22267192602157593,-0.07943275570869446,0.041080097840049845,-0.29474374651908875,-0.04262137413024902,0.012272579767623526,-0.285986065864563,-0.01484420895576477,0.004443565090069157,-0.2595161199569702,-0.005062669515609741,0.007828880273619276
Q,0.0,0.0,0.0,-0.02995520830154419,0.029141157865524292,-0.13720819301050113,-0.09922292828559875,0.05664205551147461,-0.19941976613443302,-0.17364612221717834,0.09720867872238159,-0.23382905072610782,-0.25111690163612366,0.12650564312934875,-0.2613619858686249,-0.18777063488960266,-0.11266098916530609,-0.13295917159955906,-0.311209574341774,-0.07805895805358887,-0.1685323709909241,-0.379242405295372,-0.033773064613342285,-0.19545200414102482,-0.4233979284763336,0.007133841514587402,-0.20954394287507938,-0.19915738701820374,-0.10704934597015381,-0.06651155597608494,-0.3067409545183182,-0.06047326326370239,-0.11165526456277775,-0.2932947278022766,-0.011878103017807007,-0.1367938811246674,-0.2587219774723053,0.02003157138824463,-0.14415486103933262,-0.20903027057647705,-0.08793675899505615,-0.007663260149620044,-0.30118614435195923,-0.04645684361457825,-0.04726875520389484,-0.277838334441185,-0.008519768714904785,-0.06301265901964115,-0.24043124914169312,0.012855559587478638,-0.06252707487981723,-0.22508525848388672,-0.07017543911933899,0.04169337504465176,-0.29924724996089935,-0.04192093014717102,0.011041620345004333,-0.2992054522037506,-0.017124146223068237,-0.0028421205290030116,-0.2788374722003937,-0.002516835927963257,-0.004059502324871289
Q,0.0,0.0,0.0,-0.02832511067390442,0.028861910104751587,-0.12998795409938424,-0.0985293984413147,0.05651360750198364,-0.1870513250424537,-0.17332082986831665,0.10016191005706787,-0.21690337260505288,-0.2490084171295166,0.1332172155380249,-0.23978379269382089,-0.18170681595802307,-0.10277684032917023,-0.12782028218051522,-0.3066290467977524,-0.07367125153541565,-0.16401791473170846,-0.37719352543354034,-0.028497010469436646,-0.18893439968368142,-0.42342570424079895,0.009948194026947021,-0.2016982724263343,-0.1935906708240509,-0.09908813238143921,-0.06544235249301522,-0.29923950135707855,-0.04453355073928833,-0.10529123147269814,-0.27595141530036926,0.004384756088256836,-0.12030975421210854,-0.23519763350486755,0.022848010063171387,-0.12207524379035561,-0.20359042286872864,-0.08163917064666748,-0.011626682181564263,-0.2957077771425247,-0.03509056568145752,-0.04846213286062806,-0.270930215716362,0.005953609943389893,-0.05692683060905068,-0.23532861471176147,0.02175617218017578,-0.053226130951848916,-0.2168869972229004,-0.06591755151748657,0.03276416013697059,-0.28680258989334106,-0.034849852323532104,0.002384569092932054,-0.27790969610214233,-0.006222248077392578,-0.006913197629806689,-0.2509118318557739,0.009558290243148804,-0.005055471726414851
Q,0.0,0.0,0.0,-0.02455061674118042,0.025229811668395996,-0.13181830657651616,-0.09145522117614746,0.049216508865356445,-0.19178513897588445,-0.16563737392425537,0.09255731105804443,-0.22531358612706853,-0.24161839485168457,0.12418550252914429,-0.2518102051131983,-0.172689288854599,-0.11673049628734589,-0.12884051812818242,-0.29437968134880066,-0.08736205101013184,-0.1675773234479685,-0.36427587270736694,-0.0423721969127655,-0.19629791093995763,-0.4054076075553894,0.0003121495246887207,-0.21154452575376226,-0.18781471252441406,-0.10583546757698059,-0.06787257356574727,-0.2928548753261566,-0.06988486647605896,-0.11532894982030584,-0.27884209156036377,-0.018681645393371582,-0.13921062363317205,-0.24264207482337952,0.013135582208633423,-0.14498868299653722,-0.20059660077095032,-0.08385255932807922,-0.0147820980661173,-0.2947832942008972,-0.05387946963310242,-0.05597359029581739,-0.2735704183578491,-0.012972742319107056,-0.06778735382487966,-0.23628133535385132,0.008452683687210083,-0.06440394831826879,-0.2173471748828888,-0.06317675113677979,0.02869900973508166,-0.28985077142715454,-0.043138206005096436,-0.004378057960476411,-0.28624556958675385,-0.01902848482131958,-0.01612000627448751,-0.25956419110298157,-0.005399942398071289,-0.015143767874743475
Q,0.0,0.0,0.0,-0.009766817092895508,0.12114182114601135,-0.2437029430333837,-0.08167493343353271,0.2262384295463562,-0.35513786465566,-0.16069239377975464,0.32681602239608765,-0.4037622311774953,-0.2625443637371063,0.4210779666900635,-0.4395068088237508,-0.2948935925960541,0.0021586716175079346,-0.3398514488403066,-0.46562016010284424,0.11966836452484131,-0.4057977595988973,-0.5653342306613922,0.2252214550971985,-0.42651088029782613,-0.6216803789138794,0.3049565553665161,-0.4279074767295583,-0.322274386882782,-0.020416617393493652,-0.19620458275716146,-0.48463036119937897,0.11390265822410583,-0.24114375800530752,-0.4233265817165375,0.1847781538963318,-0.212894434637235,-0.3503679037094116,0.19572794437408447,-0.18037548155228933,-0.34029778838157654,-0.013739705085754395,-0.060820868766711556,-0.4724524915218353,0.1086355447769165,-0.10921901703517278,-0.3934163749217987,0.1609506607055664,-0.10135676205794653,-0.32101672887802124,0.161371648311615,-0.08186303318183263,-0.36474716663360596,0.007380247116088867,0.0614234557684199,-0.4410642981529236,0.09750905632972717,0.021694428690864243,-0.3996749520301819,0.15083950757980347,0.010872769572927155,-0.34691476821899414,0.15987122058868408,0.013516212285651363
Q,0.0,0.0,0.0,-0.019019126892089844,0.0217893123626709,-0.12408425471689455,-0.08542463183403015,0.0461193323135376,-0.17785259148981325,-0.161017507314682,0.09180450439453125,-0.20584087631609194,-0.23427248001098633,0.12488561868667603,-0.22656161150839083,-0.16186624765396118,-0.11010369658470154,-0.12469781002905123,-0.28516049683094025,-0.08546513319015503,-0.16294287702944033,-0.35461388528347015,-0.0443577766418457,-0.18941288254167787,-0.3983341157436371,-0.004793822765350342,-0.20298705062772981,-0.17883557081222534,-0.09865513443946838,-0.0682650413265442,-0.2829802483320236,-0.06276407837867737,-0.11121919563915483,-0.2696450501680374,-0.015104234218597412,-0.13082187435533754,-0.23169347643852234,0.01460978388786316,-0.1351559515943741,-0.19326993823051453,-0.07540285587310791,-0.01990280858185045,-0.2858439236879349,-0.048285067081451416,-0.059098457907698076,-0.26719994843006134,-0.007272183895111084,-0.06982566974069826,-0.23108187317848206,0.015873879194259644,-0.06690846196319811,-0.20829904079437256,-0.0542721152305603,0.019366441304423887,-0.27663813531398773,-0.038790762424468994,-0.01375568750258438,-0.2756253778934479,-0.01435708999633789,-0.02503412029649965,-0.2536841928958893,0.004474222660064697,-0.02419883570577852
Q,0.0,0.0,0.0,-0.026451289653778076,0.027578651905059814,-0.14092106275383287,-0.09438440203666687,0.05254083871841431,-0.20420069150749498,-0.16720306873321533,0.08968764543533325,-0.23856251590076738,-0.24492895603179932,0.1151999831199646,-0.2659856890899306,-0.17062035202980042,-0.11432294547557831,-0.13833051078144365,-0.2936025559902191,-0.08603549003601074,-0.17613548688713365,-0.3667270392179489,-0.04317033290863037,-0.20284635476890855,-0.4101739823818207,-0.002147465944290161,-0.21592195980373674,-0.18243488669395447,-0.10805507004261017,-0.07058395348612123,-0.29551494121551514,-0.07870551943778992,-0.11401867024723344,-0.2869473546743393,-0.025831013917922974,-0.13427173249546343,-0.25338274240493774,0.010133177042007446,-0.1373867606383925,-0.19397327303886414,-0.08981606364250183,-0.011159221605694825,-0.2898433208465576,-0.05786821246147156,-0.04895402021828943,-0.2687550187110901,-0.017081141471862793,-0.05961405016604715,-0.23237550258636475,0.004048138856887817,-0.05587755419436746,-0.21070045232772827,-0.07278066873550415,0.03818121649202055,-0.28404514491558075,-0.050449877977371216,0.009080718307458824,-0.2828174978494644,-0.026124000549316406,-0.001020166288427049,-0.25973159074783325,-0.011991113424301147,0.00019147797830498803
Q,0.0,0.0,0.0,-0.029541015625,0.026428401470184326,-0.13577329222794887,-0.09704768657684326,0.04947084188461304,-0.19660619501706478,-0.17058968544006348,0.08772078156471252,-0.22980180983182308,-0.24661216139793396,0.11576110124588013,-0.2558455825292718,-0.17554128170013428,-0.11918777227401733,-0.13069658581849453,-0.300455778837204,-0.08922931551933289,-0.16664602462884304,-0.37056539952754974,-0.04719528555870056,-0.19232455496426937,-0.4138648211956024,-0.007306098937988281,-0.2053358763897073,-0.18699410557746887,-0.11105373501777649,-0.06523072574969646,-0.29478485882282257,-0.06412029266357422,-0.1084883422100198,-0.2734041213989258,-0.015567600727081299,-0.1290365964614999,-0.23341262340545654,0.009661376476287842,-0.13342901174661037,-0.19767498970031738,-0.09128706157207489,-0.00794628117915508,-0.29206618666648865,-0.05327466130256653,-0.0469908141040456,-0.26685428619384766,-0.01440921425819397,-0.05896963779565212,-0.2278861403465271,0.006191909313201904,-0.05638165254827854,-0.21401694416999817,-0.07382023334503174,0.0396539285338271,-0.2873873710632324,-0.04863935708999634,0.007728291724507841,-0.2812330722808838,-0.02452227473258972,-0.004693489472682444,-0.25400736927986145,-0.01082998514175415,-0.004615566178525654
Q,0.0,0.0,0.0,-0.025206267833709717,0.024259179830551147,-0.13152974050343502,-0.09156903624534607,0.048999905586242676,-0.19108515184224117,-0.16629323363304138,0.09258735179901123,-0.2239694515973376,-0.24309471249580383,0.12364184856414795,-0.2499871770650195,-0.17250704765319824,-0.11293092370033264,-0.12904099326432217,-0.2956503629684448,-0.08351567387580872,-0.1669308910876559,-0.3655935823917389,-0.04041513800621033,-0.19484638374150265,-0.407841295003891,6.219744682312012e-05,-0.20926479201615322,-0.18506896495819092,-0.10390627384185791,-0.06631869029105175,-0.2916506230831146,-0.06901195645332336,-0.11099281113446224,-0.27639827132225037,-0.017625391483306885,-0.13290632467568386,-0.2394971251487732,0.01485133171081543,-0.1379323969394015,-0.19618791341781616,-0.0834411233663559,-0.011399262098972684,-0.2918914556503296,-0.05675455927848816,-0.051034241428975946,-0.2711236774921417,-0.015322834253311157,-0.06321782570183743,-0.23336577415466309,0.008671581745147705,-0.06045518394411076,-0.21286875009536743,-0.06491866707801819,0.034291085341568106,-0.2879742681980133,-0.045853495597839355,0.003486297811935657,-0.2859523892402649,-0.021006137132644653,-0.00782598040849436,-0.2596055269241333,-0.004745811223983765,-0.007227804026012308
Q,0.0,0.0,0.0,-0.021836161613464355,0.029406577348709106,-0.1284058936114283,-0.08933195471763611,0.0559658408164978,-0.18479597048711494,-0.1609324812889099,0.09998497366905212,-0.21407578365754798,-0.23465323448181152,0.13147109746932983,-0.23700953500222877,-0.16364789009094238,-0.10405190289020538,-0.13265837209176734,-0.2798590064048767,-0.0747213214635849,-0.17196887211751655,-0.35069677233695984,-0.030896812677383423,-0.1995418913836451,-0.3956049829721451,0.008898109197616577,-0.21455122010659888,-0.1761423647403717,-0.10224016010761261,-0.07399149464320853,-0.27995651960372925,-0.06165096163749695,-0.12003199236345008,-0.2622529864311218,-0.009876847267150879,-0.13879899160814002,-0.22498124837875366,0.017039507627487183,-0.14178160803270057,-0.18827760219573975,-0.08540910482406616,-0.023160782101270705,-0.2816774845123291,-0.048948049545288086,-0.06333603190135673,-0.25524401664733887,-0.007549911737442017,-0.07032120453071311,-0.21841204166412354,0.008306831121444702,-0.06479982511949256,-0.2050013244152069,-0.06625160574913025,0.018263171968343705,-0.2759849727153778,-0.04129958152770996,-0.015112826059278994,-0.26476913690567017,-0.014928847551345825,-0.02367327028763011,-0.23452815413475037,-0.0030029714107513428,-0.020832678693053275
Q,0.0,0.0,0.0,-0.029536783695220947,0.030743688344955444,-0.13542376060048866,-0.09688466787338257,0.05617254972457886,-0.19545156855146217,-0.17104572057724,0.0948060154914856,-0.22705345947305489,-0.2468576729297638,0.12331452965736389,-0.2517595400289707,-0.17633241415023804,-0.11035516858100891,-0.13253035742799568,-0.29911530017852783,-0.07857434451580048,-0.16634024281064796,-0.36621683835983276,-0.03461575508117676,-0.18986785013238716,-0.4072933942079544,0.00478130578994751,-0.20168955225507545,-0.187636137008667,-0.10681340098381042,-0.06520013857642937,-0.29519492387771606,-0.06409075856208801,-0.10657993305484581,-0.2794301509857178,-0.011268019676208496,-0.1254654635862522,-0.24345606565475464,0.019248634576797485,-0.1282696982101612,-0.1972855031490326,-0.08986698091030121,-0.005406426470827341,-0.2865145802497864,-0.04757004976272583,-0.04158567238609123,-0.25918489694595337,-0.00864630937576294,-0.052471261210840225,-0.22070413827896118,0.008390247821807861,-0.04925309095541763,-0.2124689817428589,-0.07287171483039856,0.04483477797349167,-0.27897441387176514,-0.04127383232116699,0.015092575251955509,-0.2675779461860657,-0.01585996150970459,0.0032546248099691866,-0.23763006925582886,-0.006377577781677246,0.003720220671866059
Q,0.0,0.0,0.0,-0.03130453824996948,0.03342851996421814,-0.13026690005471053,-0.09860101342201233,0.059732645750045776,-0.18633265315701308,-0.1697726547718048,0.09658238291740417,-0.21577737747837844,-0.24180907011032104,0.124260812997818,-0.23859865485836806,-0.17300301790237427,-0.1078786700963974,-0.12298797338415923,-0.2917332649230957,-0.0778847336769104,-0.15862249850441756,-0.3606194704771042,-0.03688311576843262,-0.18486785411049667,-0.40455833077430725,0.0017602741718292236,-0.19851330935169997,-0.18388912081718445,-0.10502326488494873,-0.060838146946924354,-0.28633666038513184,-0.06078888475894928,-0.10468787222315612,-0.2687608301639557,-0.010570913553237915,-0.1258945119302446,-0.23314309120178223,0.01740935444831848,-0.12960634648014846,-0.19478949904441833,-0.0898667722940445,-0.0068438829589361205,-0.2844715416431427,-0.04848647117614746,-0.04524725570489707,-0.25771409273147583,-0.01004287600517273,-0.05693719058443847,-0.221087247133255,0.00794723629951477,-0.05340228124667945,-0.2108372151851654,-0.07413880527019501,0.0376455831606215,-0.2802560329437256,-0.04455956816673279,0.0082553980205482,-0.27387735247612,-0.019695132970809937,-0.0024191859379136815,-0.24920254945755005,-0.007690161466598511,-0.0008686678452143326
Q,0.0,0.0,0.0,-0.036251842975616455,0.036279916763305664,-0.13100578811483032,-0.10303932428359985,0.06408184766769409,-0.18912331190423615,-0.17526847124099731,0.10085722804069519,-0.2202145251305545,-0.24834081530570984,0.12837761640548706,-0.24440299895124085,-0.17756211757659912,-0.10887762904167175,-0.12759279635266907,-0.29763340950012207,-0.07884617149829865,-0.16193404224233277,-0.36463986337184906,-0.03655725717544556,-0.18519278791265137,-0.40859851241111755,-0.0003561973571777344,-0.19746107783631928,-0.18775811791419983,-0.10874767601490021,-0.06326854404525406,-0.2861655652523041,-0.05158396065235138,-0.10515838291959412,-0.2556590437889099,-0.0035481154918670654,-0.11972953554706223,-0.21528512239456177,0.010283470153808594,-0.12032658782319672,-0.1973734200000763,-0.09453396499156952,-0.0069240372488046376,-0.28421837091445923,-0.043979376554489136,-0.04563313153104431,-0.2522709369659424,-0.007345020771026611,-0.05251672294454224,-0.2146921157836914,0.0028465092182159424,-0.047073626783653566,-0.21347638964653015,-0.08097606897354126,0.040100658419564894,-0.27932316064834595,-0.04537937045097351,0.00905132211281412,-0.2618904411792755,-0.019338220357894897,0.00036830008847132945,-0.2290560007095337,-0.012009888887405396,0.002982208379567197
Q,0.0,0.0,0.0,-0.03611278533935547,0.03856953978538513,-0.12835627004380257,-0.10474279522895813,0.06840300559997559,-0.18281467959160835,-0.17772600054740906,0.10474878549575806,-0.21074841126675636,-0.2505591809749603,0.13019496202468872,-0.2312137405561927,-0.17947351932525635,-0.10518389940261841,-0.11889855518813164,-0.3007517457008362,-0.07374940812587738,-0.15234740778679878,-0.3672355115413666,-0.030642956495285034,-0.17587587937588722,-0.4091554135084152,0.006311595439910889,-0.18801099762196571,-0.1906205713748932,-0.10565206408500671,-0.05597474008674652,-0.2883746027946472,-0.04491022229194641,-0.09665953323121101,-0.2591512203216553,0.00048422813415527344,-0.11227230682845146,-0.2182275652885437,0.013097971677780151,-0.11338396325583489,-0.20089325308799744,-0.09133623540401459,-0.001494554703747042,-0.2842717170715332,-0.03805345296859741,-0.040616347937536545,-0.25243228673934937,-0.0037553608417510986,-0.050444270967197724,-0.21507513523101807,0.007139325141906738,-0.046280122845125504,-0.21604862809181213,-0.07801204919815063,0.04380668372039764,-0.2794782221317291,-0.04220607876777649,0.011143266671645335,-0.2620394229888916,-0.017324328422546387,0.0001150273209375996,-0.23076826333999634,-0.008330076932907104,0.0017883732042562883
Q,0.0,0.0,0.0,-0.04341840744018555,0.03392788767814636,-0.12777869614221515,-0.11373487114906311,0.0654509961605072,-0.1838296970949358,-0.18703657388687134,0.104156494140625,-0.213172095142383,-0.2588626742362976,0.13020214438438416,-0.2344646474943346,-0.1891917884349823,-0.10887274146080017,-0.12442872884132328,-0.3138684630393982,-0.07272854447364807,-0.15785938712217273,-0.37763847410678864,-0.029146045446395874,-0.17941437872507038,-0.41826021671295166,0.007374882698059082,-0.18954700442411365,-0.19910281896591187,-0.11159850656986237,-0.05988392072178783,-0.3013932704925537,-0.045829594135284424,-0.10067711236335697,-0.27217626571655273,0.0024458467960357666,-0.11388568045951786,-0.2287101447582245,0.016461879014968872,-0.1138364023194498,-0.2080059051513672,-0.0972827672958374,-0.003140875384289643,-0.2960579991340637,-0.044363945722579956,-0.04472856061913433,-0.26502329111099243,-0.00548747181892395,-0.056121116750020406,-0.2247888743877411,0.008495539426803589,-0.052377311758775136,-0.2233334183692932,-0.08377143740653992,0.04527907607696591,-0.2901703715324402,-0.04912827908992767,0.012429138399582484,-0.276889830827713,-0.02114143967628479,-6.210171633824757e-06,-0.24832147359848022,-0.010725915431976318,0.00018017960390181997
Q,0.0,0.0,0.0,-0.016726553440093994,0.11758458614349365,-0.2441450111840311,-0.08990973234176636,0.2199738621711731,-0.35236116277914675,-0.1720471978187561,0.31944626569747925,-0.3977430664275232,-0.2721254825592041,0.4152899384498596,-0.42966317164641055,-0.30817878246307373,-0.0033520758152008057,-0.33276109921675356,-0.4749870300292969,0.10737812519073486,-0.3978981577132288,-0.5722801089286804,0.2166774868965149,-0.41872673260908755,-0.6315656006336212,0.29908502101898193,-0.42120983230810793,-0.33573073148727417,-0.02336663007736206,-0.18819623219710024,-0.4795406460762024,0.11249881982803345,-0.23279645073156985,-0.401103675365448,0.18031805753707886,-0.2013135902855936,-0.32196947932243347,0.180023193359375,-0.16674256849032076,-0.35266560316085815,-0.014725983142852783,-0.05348685535531672,-0.4795325994491577,0.10269233584403992,-0.10360056686144503,-0.39843377470970154,0.15279912948608398,-0.09795766848068865,-0.3255399167537689,0.1499089002609253,-0.08021605539065035,-0.3780501186847687,0.0050601959228515625,0.06807954085130064,-0.4522603452205658,0.08770358562469482,0.028742544698303618,-0.41111260652542114,0.14374253153800964,0.014958982701188006,-0.3599734902381897,0.15504741668701172,0.014599785553997435
Q,0.0,0.0,0.0,-0.037807464599609375,0.0378396213054657,-0.1271418918124425,-0.10603541135787964,0.06902173161506653,-0.1840978700867879,-0.18018847703933716,0.10725519061088562,-0.215317128991245,-0.25349873304367065,0.1352078914642334,-0.23955325672542926,-0.1833237111568451,-0.10704627633094788,-0.12075773516809818,-0.30307793617248535,-0.0710178017616272,-0.15528742859279987,-0.3669440448284149,-0.02489200234413147,-0.1787185508958089,-0.40658487379550934,0.013809233903884888,-0.19016390929138538,-0.19368737936019897,-0.10944615304470062,-0.058136719112752644,-0.2937259078025818,-0.049147605895996094,-0.09954113403475162,-0.26469555497169495,0.0009952187538146973,-0.1150363747230756,-0.22472858428955078,0.016402751207351685,-0.11619280913984653,-0.20310822129249573,-0.09697382152080536,-0.0034187287758129514,-0.28898006677627563,-0.04425019025802612,-0.04218785355007526,-0.2569943964481354,-0.004125535488128662,-0.05107978621637699,-0.21757400035858154,0.00903591513633728,-0.04636442179000255,-0.21872329711914062,-0.0834750235080719,0.0424336131461871,-0.2864381670951843,-0.04714176058769226,0.012102977538944515,-0.27394944429397583,-0.01842626929283142,0.002169951729939612,-0.24433153867721558,-0.008444160223007202,0.0040948141165984
Q,0.0,0.0,0.0,-0.04068702459335327,0.03988617658615112,-0.12714390104717666,-0.11024060845375061,0.07273972034454346,-0.1839929634899562,-0.18428221344947815,0.11045777797698975,-0.214991044458813,-0.257149875164032,0.1375598907470703,-0.23883418386883193,-0.18641221523284912,-0.10405200719833374,-0.12090853994793349,-0.3079591691493988,-0.06573709845542908,-0.15349349027580672,-0.37130820751190186,-0.019944816827774048,-0.17606119459576064,-0.4111727178096771,0.01857498288154602,-0.18730644529766494,-0.19665080308914185,-0.10860082507133484,-0.05713523944920951,-0.29752594232559204,-0.04645073413848877,-0.09787793850607329,-0.270506352186203,0.004309535026550293,-0.11406924968666488,-0.2300739884376526,0.021240651607513428,-0.11613405888981276,-0.20583033561706543,-0.09643539786338806,-0.0008667977255498727,-0.29419416189193726,-0.044826626777648926,-0.039881259408659275,-0.2648260295391083,-0.0033574700355529785,-0.05080045407719069,-0.2255910336971283,0.01120293140411377,-0.04734240492886954,-0.22201824188232422,-0.08324219286441803,0.04697156676941461,-0.2915303707122803,-0.0491432249546051,0.017324834856324856,-0.28340497612953186,-0.019414544105529785,0.006350135224991504,-0.25711458921432495,-0.008845716714859009,0.007050647194617454
Q,0.0,0.0,0.0,-0.036930203437805176,0.040927499532699585,-0.1235563632865535,-0.1056058406829834,0.07563939690589905,-0.17768116563755143,-0.17952963709831238,0.11572316288948059,-0.20622119575935471,-0.2529585361480713,0.14352497458457947,-0.22721012205082047,-0.1852899193763733,-0.10162432491779327,-0.1208766576667415,-0.3050251603126526,-0.06248536705970764,-0.15587745875316728,-0.36798425018787384,-0.01702284812927246,-0.1779786524196254,-0.4090922474861145,0.019893527030944824,-0.1884956237693416,-0.19791248440742493,-0.10698096454143524,-0.060112330021439675,-0.2934678792953491,-0.038221925497055054,-0.10250001669126618,-0.2594963610172272,0.010951519012451172,-0.11463257938819993,-0.21644043922424316,0.02095922827720642,-0.11312982708412278,-0.20854926109313965,-0.09379561245441437,-0.0071570620705472265,-0.29070574045181274,-0.03509986400604248,-0.0498418909330951,-0.25509119033813477,0.0035020112991333008,-0.057688317151843194,-0.2157837152481079,0.011700242757797241,-0.05119505793052781,-0.2251771092414856,-0.07975101470947266,0.037616969196022865,-0.2900502681732178,-0.04125267267227173,0.003230385126443025,-0.27453988790512085,-0.012994378805160522,-0.0066800507550226484,-0.246273010969162,-0.005052775144577026,-0.003766694462029818
Q,0.0,0.0,0.0,-0.04244077205657959,0.03719863295555115,-0.11975758423875504,-0.11270436644554138,0.07315286993980408,-0.1742437099463814,-0.18502724170684814,0.11524614691734314,-0.20419558038781815,-0.2552174925804138,0.14238443970680237,-0.22669700434278184,-0.19174301624298096,-0.10005627572536469,-0.1209028278834694,-0.31301572918891907,-0.060090601444244385,-0.1581742381102913,-0.3743778169155121,-0.01456761360168457,-0.18171704461644822,-0.4127454459667206,0.025285661220550537,-0.1923040067202919,-0.2033957839012146,-0.10902464389801025,-0.06223178183506661,-0.30296170711517334,-0.03958141803741455,-0.10567562928270036,-0.2749672830104828,0.00912049412727356,-0.12004630913804704,-0.23235982656478882,0.02660238742828369,-0.12073649367164307,-0.21225851774215698,-0.09910723567008972,-0.010897756496774491,-0.2977975010871887,-0.04208305478096008,-0.05382939701746636,-0.26534736156463623,-0.0006732046604156494,-0.06352960219453507,-0.22497320175170898,0.016144365072250366,-0.05853017693232232,-0.22507041692733765,-0.08640970289707184,0.032612741982234184,-0.2920244038105011,-0.04785338044166565,-0.000393185474308666,-0.27928626537323,-0.016169637441635132,-0.011472437473344144,-0.2529226243495941,-0.0007323622703552246,-0.01019074296425515
Q,0.0,0.0,0.0,-0.036552488803863525,0.03633660078048706,-0.12854100114056166,-0.10419023036956787,0.06958338618278503,-0.1837537372703224,-0.1763424575328827,0.1138574481010437,-0.2111382121438652,-0.24724334478378296,0.1438513994216919,-0.23049824780174788,-0.1885119378566742,-0.10045087337493896,-0.13113423532196578,-0.3109966516494751,-0.056481778621673584,-0.16722541397759016,-0.3705662935972214,-0.008012264966964722,-0.1893971050376564,-0.40953516960144043,0.030167967081069946,-0.19978774434277113,-0.20007207989692688,-0.10404801368713379,-0.06617492532679137,-0.2952888011932373,-0.029616087675094604,-0.10912017619558867,-0.2592174708843231,0.012323051691055298,-0.12135949826189574,-0.21381989121437073,0.018546611070632935,-0.12078165358254012,-0.20916709303855896,-0.08981750905513763,-0.008916383631017766,-0.28986111283302307,-0.028487175703048706,-0.05171166455694731,-0.2521764636039734,0.0052817463874816895,-0.060671229868617615,-0.2108524739742279,0.012152820825576782,-0.055525896161285004,-0.2234794795513153,-0.07453569769859314,0.039774595737966933,-0.2831115126609802,-0.03393241763114929,0.004182620883497634,-0.26266807317733765,-0.008032470941543579,-0.008677748053756318,-0.23052021861076355,-0.0005165040493011475,-0.008237442023542485
Q,0.0,0.0,0.0,-0.03726458549499512,0.03554001450538635,-0.1285204360285661,-0.10435205698013306,0.06929799914360046,-0.183919287661638,-0.17523512244224548,0.11410585045814514,-0.21224173102768873,-0.24672934412956238,0.14304527640342712,-0.2327142724791429,-0.18806907534599304,-0.10049639642238617,-0.1271735349694154,-0.30787932872772217,-0.05684000253677368,-0.16384633574875807,-0.36829419434070587,-0.009058237075805664,-0.18811903093251203,-0.4079253375530243,0.0304374098777771,-0.20022460017594312,-0.19976696372032166,-0.10324907302856445,-0.06345714573058103,-0.29246214032173157,-0.029412448406219482,-0.10785274151953672,-0.256162166595459,0.010101556777954102,-0.12307212446125959,-0.21081531047821045,0.016818732023239136,-0.12444044593962644,-0.20883753895759583,-0.0888873040676117,-0.007798787115689265,-0.28845757246017456,-0.028962403535842896,-0.050407871047582375,-0.2511463761329651,0.0015797615051269531,-0.06064550895484899,-0.2114267647266388,0.007862359285354614,-0.05660563651713346,-0.2233707308769226,-0.07399845123291016,0.0389956166943648,-0.28292936086654663,-0.03601837158203125,0.0038046074075737124,-0.2630467712879181,-0.012581110000610352,-0.00969272330644344,-0.23299849033355713,-0.006280243396759033,-0.009959306942846524
Q,0.0,0.0,0.0,-0.03980398178100586,0.03979954123497009,-0.12574770364163612,-0.10613054037094116,0.07357162237167358,-0.1807874372899363,-0.17495253682136536,0.11442017555236816,-0.20960069510338997,-0.24483531713485718,0.14199542999267578,-0.2309103688895533,-0.1875503957271576,-0.10095725953578949,-0.12333498212693428,-0.30713358521461487,-0.05742254853248596,-0.1597830584943125,-0.36636561155319214,-0.00933140516281128,-0.1849652013480494,-0.4046158939599991,0.029467344284057617,-0.19750972899792885,-0.1973879635334015,-0.10371950268745422,-0.06076343792675232,-0.290154367685318,-0.032306522130966187,-0.10553488942979072,-0.2562316656112671,0.009350627660751343,-0.12266664269564842,-0.21208161115646362,0.018297851085662842,-0.1251381567418406,-0.2057153284549713,-0.09004820883274078,-0.00591684614492749,-0.28511282801628113,-0.031123220920562744,-0.04843105810878967,-0.24965640902519226,0.002043098211288452,-0.05993821907041763,-0.21093669533729553,0.010369926691055298,-0.05650867956875061,-0.22018590569496155,-0.07643276453018188,0.040436382710950625,-0.2808908522129059,-0.03745490312576294,0.006764483477937233,-0.2622720003128052,-0.012584000825881958,-0.0059696223325858,-0.23328623175621033,-0.005829036235809326,-0.005810789458436716
Q,0.0,0.0,0.0,-0.04320049285888672,0.039563775062561035,-0.1186570540399714,-0.11256194114685059,0.07571089267730713,-0.17334684136821465,-0.18551689386367798,0.11602973937988281,-0.2042762875886126,-0.2560531497001648,0.14411091804504395,-0.22805015150024133,-0.19428706169128418,-0.09725356101989746,-0.11519918743087487,-0.3142580986022949,-0.0546397864818573,-0.14997811022712426,-0.37436914443969727,-0.008097648620605469,-0.17311573925925927,-0.41152386367321014,0.03049391508102417,-0.18417724374248223,-0.20446118712425232,-0.10582807660102844,-0.056686302307383585,-0.30211976170539856,-0.0344090461730957,-0.09999862465573983,-0.2720838487148285,0.013389676809310913,-0.11583860370828347,-0.22940471768379211,0.02736818790435791,-0.11737078580571847,-0.21188867092132568,-0.09620887041091919,-0.005401371638612318,-0.297615647315979,-0.0381833016872406,-0.04736941087557511,-0.2654675543308258,0.0019549429416656494,-0.05758244324042039,-0.224939227104187,0.015637904405593872,-0.05295887741758065,-0.2250092625617981,-0.08444198966026306,0.03816079196022315,-0.2938924729824066,-0.04571154713630676,0.006419655275209379,-0.28419268131256104,-0.014212489128112793,-0.004692155528204012,-0.2596116364002228,-0.0016803741455078125,-0.00360610954029994
Q,0.0,0.0,0.0,-0.04543381929397583,0.037790387868881226,-0.12262854075717655,-0.11518359184265137,0.0717104971408844,-0.1762354830532047,-0.18795618414878845,0.11201003193855286,-0.20408694541740147,-0.2585393190383911,0.14105218648910522,-0.22374053395080296,-0.19659265875816345,-0.10174883902072906,-0.11778813696193424,-0.3186039924621582,-0.05685549974441528,-0.14842783010291782,-0.3765163719654083,-0.008999109268188477,-0.16893273687648502,-0.414682075381279,0.030511707067489624,-0.17943796611118046,-0.2067812979221344,-0.10499049723148346,-0.05525661355542866,-0.30175310373306274,-0.029724448919296265,-0.09543527758407322,-0.2698642611503601,0.012421667575836182,-0.10968708342599598,-0.22711363434791565,0.02139320969581604,-0.11147024578141895,-0.2139360010623932,-0.0902915745973587,7.639902131018061e-05,-0.2972298562526703,-0.0309925377368927,-0.04031761831330982,-0.2643396854400635,0.0025931894779205322,-0.05177595562028614,-0.22534668445587158,0.0118008553981781,-0.049151507231471214,-0.2270900011062622,-0.07526491582393646,0.047429873582842674,-0.29008251428604126,-0.036293476819992065,0.01476667725754055,-0.27366846799850464,-0.009270668029785156,0.0015436776195940638,-0.245255708694458,-0.0011885464191436768,0.0005958946169641877
Q,0.0,0.0,0.0,-0.04595273733139038,0.03366866707801819,-0.12021762451291806,-0.11397320032119751,0.06694033741950989,-0.17319587936759717,-0.18639984726905823,0.10872116684913635,-0.20139947107196576,-0.25733980536460876,0.1394069790840149,-0.2214341568028999,-0.1998770534992218,-0.10084360837936401,-0.11075084230066068,-0.3188725709915161,-0.05746382474899292,-0.14136373570323713,-0.3755985200405121,-0.008564412593841553,-0.16250915398956067,-0.4131588786840439,0.031080156564712524,-0.17332122793555982,-0.2086607813835144,-0.10268059372901917,-0.050136062709100315,-0.3015689551830292,-0.032207489013671875,-0.08960973044992215,-0.26782089471817017,0.011295884847640991,-0.10410117676616437,-0.22539100050926208,0.021484285593032837,-0.10591121336580045,-0.2147640883922577,-0.08737199008464813,0.0029037076314466503,-0.2963760495185852,-0.030698567628860474,-0.03631914725662,-0.26173916459083557,0.003907978534698486,-0.046435322073705265,-0.22222581505775452,0.01337653398513794,-0.04293930476666219,-0.22761443257331848,-0.07166153192520142,0.047936440052978924,-0.2916701138019562,-0.03579598665237427,0.01761941106855147,-0.2749589681625366,-0.009057611227035522,0.006578334214680126,-0.2458755373954773,-0.0016238987445831299,0.006958853060893944
Q,0.0,0.0,0.0,-0.026921391487121582,0.11722773313522339,-0.2332434583054912,-0.1102251410484314,0.22042500972747803,-0.33177370611299395,-0.19205588102340698,0.32149970531463623,-0.3674624938117397,-0.2958170771598816,0.408794641494751,-0.3895076889144313,-0.3184349238872528,-0.012644559144973755,-0.32848943058122515,-0.5021129250526428,0.10420596599578857,-0.38811425152887224,-0.5937930643558502,0.2093358039855957,-0.40955910864938616,-0.6517421007156372,0.2930130958557129,-0.41275379840005755,-0.34755051136016846,-0.04411649703979492,-0.18583697858919024,-0.5020676255226135,0.09953221678733826,-0.22488533738721728,-0.4378471374511719,0.18398380279541016,-0.20452753487695574,-0.3520512580871582,0.20643138885498047,-0.18219936672319292,-0.36279407143592834,-0.035088181495666504,-0.049456324760807746,-0.4929467737674713,0.0962214469909668,-0.09339692476858019,-0.42041781544685364,0.1589534878730774,-0.09555257145036578,-0.3457673490047455,0.16997259855270386,-0.08586430582870364,-0.38366636633872986,-0.011172473430633545,0.07535766031871916,-0.46474194526672363,0.08250126242637634,0.04203979637752653,-0.4279995262622833,0.13710319995880127,0.02899651009868265,-0.3750035762786865,0.1498398780822754,0.027405943389045007
Q,0.0,0.0,0.0,-0.04445779323577881,0.03711491823196411,-0.12163782203535334,-0.11336183547973633,0.07078784704208374,-0.17498318189720408,-0.1839803159236908,0.11097738146781921,-0.20287745529751078,-0.25210124254226685,0.13795876502990723,-0.22262675398926035,-0.1929478645324707,-0.09997032582759857,-0.11682453090290323,-0.3118717074394226,-0.05749228596687317,-0.14965076083282725,-0.3697546720504761,-0.011423230171203613,-0.1719018303785731,-0.4075516313314438,0.02678847312927246,-0.18325574034790293,-0.2046622335910797,-0.10435269773006439,-0.05601457962731615,-0.2981611490249634,-0.03226888179779053,-0.0971468471918513,-0.2672140598297119,0.00956505537033081,-0.11250996673445002,-0.22514379024505615,0.019800543785095215,-0.11496542477945582,-0.21316853165626526,-0.09144166111946106,-0.002677517616774594,-0.2952449917793274,-0.033975839614868164,-0.04344478333334223,-0.262881338596344,0.0007942914962768555,-0.0546990566883494,-0.22465524077415466,0.01146918535232544,-0.051959124300282156,-0.22672384977340698,-0.0775219202041626,0.04258286869188055,-0.2894490659236908,-0.04014343023300171,0.010748692881662691,-0.27596142888069153,-0.012136518955230713,-0.0016494365638379804,-0.25085344910621643,-0.0013100206851959229,-0.00220478037337557
Q,0.0,0.0,0.0,-0.04303461313247681,0.03751829266548157,-0.12336447101354509,-0.11037212610244751,0.07129830121994019,-0.17812686424970536,-0.1804102063179016,0.11046034097671509,-0.20745823543786912,-0.2499227225780487,0.13568899035453796,-0.22899647813558488,-0.1882847249507904,-0.10165342688560486,-0.12060834478855043,-0.3062693178653717,-0.061495304107666016,-0.15574920933961778,-0.36533957719802856,-0.016449689865112305,-0.1791561172556868,-0.40378040075302124,0.020398974418640137,-0.19070505362272172,-0.19872060418128967,-0.10682308673858643,-0.0595693701159945,-0.29216429591178894,-0.037026017904281616,-0.10265335452079682,-0.2611033320426941,0.007989108562469482,-0.11781027179479509,-0.2189582884311676,0.019601523876190186,-0.11928302061080842,-0.20786771178245544,-0.09456734359264374,-0.006211749392448951,-0.29024192690849304,-0.03790062665939331,-0.04921948176145463,-0.25741931796073914,-0.00030356645584106445,-0.059800423796176005,-0.2185022532939911,0.012139648199081421,-0.05561466153979211,-0.22314688563346863,-0.08083447813987732,0.03898002568364234,-0.286638081073761,-0.044914573431015015,0.0061592402654895295,-0.2742132544517517,-0.01570799946784973,-0.0053938162726154815,-0.24919313192367554,-0.0035084784030914307,-0.00478542467847376
Q,0.0,0.0,0.0,-0.04363834857940674,0.03871151804924011,-0.12175310009877194,-0.1114928126335144,0.07281702756881714,-0.17634325826327313,-0.18206489086151123,0.1108185350894928,-0.20571581626097668,-0.2517000436782837,0.1368660032749176,-0.22728931510607708,-0.1893633008003235,-0.0990556925535202,-0.11980402076403607,-0.30865564942359924,-0.0589049756526947,-0.15261801684061993,-0.3672439754009247,-0.01313936710357666,-0.17450031244914044,-0.4048503637313843,0.024752795696258545,-0.1853605320469569,-0.20016682147979736,-0.10553212463855743,-0.05846726128618229,-0.29578354954719543,-0.037835538387298584,-0.09863306188742627,-0.26913172006607056,0.008499622344970703,-0.11287037635008801,-0.22903680801391602,0.02302926778793335,-0.11463859284083355,-0.20885613560676575,-0.09369905292987823,-0.004305273553086408,-0.2940914034843445,-0.03999119997024536,-0.044829170943899044,-0.26544681191444397,-0.0017243027687072754,-0.056119750978155025,-0.2279830276966095,0.0123538076877594,-0.053325868935985454,-0.22392642498016357,-0.08087757229804993,0.04209661131937992,-0.28888002038002014,-0.04442015290260315,0.01023492051501762,-0.27656641602516174,-0.014804750680923462,-0.0019585257654171073,-0.25016385316848755,-0.003127962350845337,-0.0022937548604886615
Q,0.0,0.0,0.0,-0.04147595167160034,0.037558674812316895,-0.12107096024533348,-0.109885573387146,0.07216280698776245,-0.17618894734164314,-0.18058404326438904,0.11044731736183167,-0.20577785529872017,-0.2493787407875061,0.1357925534248352,-0.22765940584918098,-0.18734392523765564,-0.0967608392238617,-0.12430519022723274,-0.3067150115966797,-0.05785498023033142,-0.15841542341490822,-0.3655703365802765,-0.013069838285446167,-0.17918308236380653,-0.40139269828796387,0.02459445595741272,-0.18853639223357277,-0.19738337397575378,-0.1066996157169342,-0.06407235719939308,-0.29598939418792725,-0.037439197301864624,-0.10505459614773827,-0.26679638028144836,0.008587121963500977,-0.11730774649163322,-0.22417768836021423,0.02137640118598938,-0.11714776762505608,-0.20614343881607056,-0.0971013605594635,-0.010824537544749546,-0.2926211953163147,-0.03916540741920471,-0.051110615662537384,-0.26129838824272156,-0.0010007917881011963,-0.059350577823124695,-0.22254255414009094,0.010436534881591797,-0.05446863331576424,-0.2202182412147522,-0.0843564122915268,0.03457931644538803,-0.287126362323761,-0.04608595371246338,0.003227261884831023,-0.2743447422981262,-0.017043858766555786,-0.00702089880337553,-0.24802613258361816,-0.006600886583328247,-0.005917032423667479
Q,0.0,0.0,0.0,-0.04136037826538086,0.04051297903060913,-0.11753398228928802,-0.10909855365753174,0.07654464244842529,-0.17157401193425414,-0.17869293689727783,0.1150331199169159,-0.201424420369122,-0.24736493825912476,0.14033275842666626,-0.22424919952199218,-0.1880071461200714,-0.09489420056343079,-0.1175868441586232,-0.30580541491508484,-0.05378925800323486,-0.15165832687661407,-0.3630036413669586,-0.007986873388290405,-0.17417882431790588,-0.39776694774627686,0.030467867851257324,-0.18495687891289947,-0.19739693403244019,-0.10465335845947266,-0.05932871673748252,-0.29568353295326233,-0.03558635711669922,-0.10071487773701904,-0.26810282468795776,0.011238157749176025,-0.1162600298647618,-0.22644856572151184,0.02599620819091797,-0.11863723446175811,-0.20538663864135742,-0.0957685112953186,-0.007942916383299803,-0.29161328077316284,-0.038564980030059814,-0.0475506824676728,-0.26103973388671875,0.0016055703163146973,-0.057293162239048456,-0.2217385470867157,0.015679538249969482,-0.053582806629393076,-0.2191011607646942,-0.08347158133983612,0.03577042694642785,-0.28672075271606445,-0.04375234246253967,0.004764146613624121,-0.27339327335357666,-0.013408362865447998,-0.006367008690986609,-0.24566584825515747,-0.0026042163372039795,-0.0058607296322321645
Q,0.0,0.0,0.0,-0.037062764167785645,0.04132208228111267,-0.1159884180540729,-0.10287761688232422,0.07724133133888245,-0.1705560158605266,-0.17322006821632385,0.11506658792495728,-0.20104024518677477,-0.24179533123970032,0.1399780511856079,-0.2247690628881145,-0.17905333638191223,-0.0919826328754425,-0.12372473586746935,-0.29747480154037476,-0.05347278714179993,-0.1607390116567302,-0.3572500944137573,-0.007985413074493408,-0.18456906784722094,-0.39333227276802063,0.03243201971054077,-0.19592183042713884,-0.192194402217865,-0.10303610563278198,-0.06680235226103548,-0.28992295265197754,-0.036568641662597656,-0.10877767909714464,-0.2652473747730255,0.009823620319366455,-0.12255221564718966,-0.22409027814865112,0.027157902717590332,-0.1238270695919681,-0.20280209183692932,-0.09472322463989258,-0.016302208941667118,-0.2867881655693054,-0.03805142641067505,-0.05598508153506998,-0.25715920329093933,0.00016424059867858887,-0.0635664682502437,-0.21882960200309753,0.015011489391326904,-0.05877193767973665,-0.21723005175590515,-0.08243244886398315,0.026549017462642155,-0.2809467911720276,-0.04319262504577637,-0.005605638087033071,-0.2659887969493866,-0.013871580362319946,-0.01584856171557192,-0.2375349998474121,-0.0016810894012451172,-0.014573545720665493
Q,0.0,0.0,0.0,-0.03643268346786499,0.04030734300613403,-0.12066080157487136,-0.1010063886642456,0.07598906755447388,-0.17821696136920195,-0.1701977252960205,0.11457276344299316,-0.21105994020430785,-0.23958739638328552,0.14037057757377625,-0.23731757436721068,-0.18020114302635193,-0.09406611323356628,-0.12688547109095794,-0.29549166560173035,-0.05233561992645264,-0.16381776069133025,-0.35419052839279175,-0.00711098313331604,-0.18751489852397185,-0.3899914622306824,0.03187564015388489,-0.1991429600569461,-0.19203275442123413,-0.10487222671508789,-0.06822339181630355,-0.28775033354759216,-0.03653687238693237,-0.111522373900101,-0.2578112781047821,0.008414924144744873,-0.125563842401192,-0.21604731678962708,0.021483302116394043,-0.12672626708476287,-0.20190641283988953,-0.09698610007762909,-0.01634321470586997,-0.2846396863460541,-0.03762650489807129,-0.056184620753214176,-0.25194287300109863,6.777048110961914e-05,-0.062344812944814976,-0.2129579484462738,0.011456817388534546,-0.056777612462923344,-0.2166561484336853,-0.08411368727684021,0.027360274299695675,-0.2804969549179077,-0.04338100552558899,-0.003974268369660194,-0.26400262117385864,-0.014322459697723389,-0.012994073488101776,-0.23458436131477356,-0.004968523979187012,-0.011124787077591236
Q,0.0,0.0,0.0,-0.035993874073028564,0.03741303086280823,-0.11981940819541137,-0.10040944814682007,0.0715239942073822,-0.175752220588123,-0.17141997814178467,0.11012232303619385,-0.20689987941304366,-0.24055156111717224,0.13512372970581055,-0.2311409096292607,-0.1790924072265625,-0.09558093547821045,-0.12429105295458953,-0.2954019606113434,-0.05611002445220947,-0.16150420709172408,-0.3542417287826538,-0.010713905096054077,-0.18551707072774093,-0.3917139768600464,0.029474377632141113,-0.19733626945534866,-0.19314396381378174,-0.10533232986927032,-0.06562691731969039,-0.2898302674293518,-0.035482168197631836,-0.10807178719559829,-0.2621437609195709,0.008135199546813965,-0.12177329315463226,-0.2206510305404663,0.021390289068222046,-0.12308291150847595,-0.20320069789886475,-0.09624698758125305,-0.013957944611405537,-0.2845602035522461,-0.037444114685058594,-0.05457569091240089,-0.2525166869163513,-0.0015913546085357666,-0.062093337910567925,-0.21354803442955017,0.010466307401657104,-0.057138202624713585,-0.21664908528327942,-0.08350205421447754,0.029564540920461013,-0.27709823846817017,-0.044719159603118896,-0.003920922434275553,-0.258603572845459,-0.01656326651573181,-0.01514990432778518,-0.22791466116905212,-0.006267935037612915,-0.014448561618422673
Q,0.0,0.0,0.0,-0.03309506177902222,0.03851473331451416,-0.12073766766565086,-0.09568053483963013,0.07338929176330566,-0.1775131258227134,-0.1672900915145874,0.11390572786331177,-0.2095769378401542,-0.23768332600593567,0.14220625162124634,-0.23483273713367225,-0.17861711978912354,-0.09092307090759277,-0.12424534885661842,-0.29282549023628235,-0.05276072025299072,-0.1609674575783515,-0.3523283302783966,-0.00614851713180542,-0.18405460147636177,-0.3883991837501526,0.03503262996673584,-0.19506813912170173,-0.19224387407302856,-0.10041314363479614,-0.06552505819576027,-0.28508320450782776,-0.03419443964958191,-0.10713725118415596,-0.25403761863708496,0.010973811149597168,-0.1192821594931388,-0.21233981847763062,0.024470537900924683,-0.11895065336005928,-0.2024412751197815,-0.0910693109035492,-0.014001341075470464,-0.28049415349960327,-0.03393912315368652,-0.05444164155500175,-0.24603796005249023,0.002634197473526001,-0.06066412805097343,-0.2068852186203003,0.01468321681022644,-0.054463941142728345,-0.21671408414840698,-0.07807987928390503,0.029366724654266818,-0.27662041783332825,-0.039704084396362305,-0.004144783601930158,-0.2579612731933594,-0.011992096900939941,-0.01409600442724468,-0.22721311450004578,-0.002632319927215576,-0.012035792232325093
Q,0.0,0.0,0.0,-0.03537940979003906,0.037672579288482666,-0.11512152788007768,-0.10286861658096313,0.07340186834335327,-0.1660090455111316,-0.1718806028366089,0.11562031507492065,-0.19128354576194795,-0.23738926649093628,0.1412811279296875,-0.20901254501903566,-0.17822378873825073,-0.09144139289855957,-0.12580161479080232,-0.2979173958301544,-0.04893261194229126,-0.15880758252704652,-0.3544958233833313,-0.0011046230792999268,-0.17729938712680848,-0.3881835341453552,0.03793856501579285,-0.18514314976299318,-0.19088250398635864,-0.09992155432701111,-0.06714522775972398,-0.2868882119655609,-0.030765563249588013,-0.10481244263017686,-0.25649455189704895,0.010273367166519165,-0.11382247444952043,-0.2147563099861145,0.01922065019607544,-0.11260099646413835,-0.20048308372497559,-0.0894988477230072,-0.014456661723201591,-0.28138312697410583,-0.031167924404144287,-0.0507422157820514,-0.2468574047088623,0.000828087329864502,-0.05653107476199182,-0.20883142948150635,0.00737607479095459,-0.05159182038867982,-0.21356260776519775,-0.07578146457672119,0.030686803788299244,-0.2734290063381195,-0.038122981786727905,-0.001168138187026102,-0.2544187903404236,-0.013271957635879517,-0.012035085193460304,-0.22568553686141968,-0.006110072135925293,-0.011451200887208302
Q,0.0,0.0,0.0,-0.0209234356880188,0.1153826117515564,-0.23788951496512567,-0.10165184736251831,0.22077640891075134,-0.337623061341354,-0.1861836314201355,0.3226034939289093,-0.37445619861514245,-0.2888302505016327,0.41263118386268616,-0.3976205901327816,-0.3181821405887604,-0.007996559143066406,-0.31926876465708887,-0.5007947087287903,0.10780295729637146,-0.37509349147708093,-0.5933227241039276,0.21563461422920227,-0.39304259578616296,-0.6518436670303345,0.2977159917354584,-0.3939456359568325,-0.3443816900253296,-0.0367298424243927,-0.17560294429690515,-0.4991554170846939,0.10643479228019714,-0.21685491661460077,-0.4193223714828491,0.18920227885246277,-0.19468328515917932,-0.3304791748523712,0.20084628462791443,-0.1673267201605526,-0.3595355749130249,-0.025503933429718018,-0.039650948447295775,-0.48719000816345215,0.10519787669181824,-0.08822526941926156,-0.40159717202186584,0.16357406973838806,-0.09057174782187616,-0.32235202193260193,0.1624566614627838,-0.0776479409161297,-0.3837169408798218,-0.0028559863567352295,0.08444198806851233,-0.4626273810863495,0.09346911311149597,0.04752605621784056,-0.41635534167289734,0.14201471209526062,0.03425770466296996,-0.3573164939880371,0.1407577395439148,0.034621717679193864
Q,0.0,0.0,0.0,-0.03252971172332764,0.035565078258514404,-0.1166411015902753,-0.09371691942214966,0.07190483808517456,-0.17209896927225543,-0.16283732652664185,0.11422416567802429,-0.20400122290003253,-0.23201507329940796,0.13936564326286316,-0.22902842347967578,-0.17426562309265137,-0.09267723560333252,-0.1210554960881467,-0.2891917824745178,-0.05251458287239075,-0.15889660005915118,-0.3481293320655823,-0.007011592388153076,-0.1834414202486272,-0.3851543962955475,0.0326230525970459,-0.19576441233503772,-0.19074571132659912,-0.09854552149772644,-0.0652647439156766,-0.2830805480480194,-0.035276710987091064,-0.11045182233202411,-0.2522876262664795,0.007343918085098267,-0.1257026243721242,-0.2100905179977417,0.021070510149002075,-0.1268652427707906,-0.20272225141525269,-0.08707213401794434,-0.016313187009572516,-0.28169381618499756,-0.033026278018951416,-0.05758871620047046,-0.24727770686149597,-0.00020429491996765137,-0.06459302192079974,-0.20747286081314087,0.009843647480010986,-0.058655237010597716,-0.21827805042266846,-0.07283216714859009,0.0246294968063836,-0.27862411737442017,-0.036730021238327026,-0.008792621246456633,-0.2618769705295563,-0.012469291687011719,-0.019273107102989684,-0.2334860861301422,-0.005134999752044678,-0.017544218501925002
Q,0.0,0.0,0.0,-0.03407055139541626,0.03543707728385925,-0.11480201172621207,-0.09557020664215088,0.0713406503200531,-0.16992607104570823,-0.1665007472038269,0.1131683886051178,-0.20181986081392722,-0.23605740070343018,0.13852819800376892,-0.2270410000065084,-0.17581838369369507,-0.09492498636245728,-0.11930130558998542,-0.2908307909965515,-0.0535469651222229,-0.15682689237387137,-0.34965425729751587,-0.008279651403427124,-0.18128477918894248,-0.38694363832473755,0.0318433940410614,-0.19359747457296805,-0.1917765736579895,-0.10312104225158691,-0.06378621744902091,-0.28474822640419006,-0.03559219837188721,-0.1082728816846128,-0.2554403245449066,0.007516384124755859,-0.1237150071838613,-0.21374869346618652,0.021760255098342896,-0.12577442216665702,-0.20338356494903564,-0.09271872043609619,-0.014842302044641542,-0.2826102375984192,-0.0371134877204895,-0.05646580222041564,-0.25031620264053345,-0.0013805925846099854,-0.06432593750746207,-0.21056073904037476,0.011787980794906616,-0.059206487117123174,-0.21857255697250366,-0.07912349700927734,0.026483428226995898,-0.2784948945045471,-0.03984487056732178,-0.007063818136018085,-0.2607855200767517,-0.012788057327270508,-0.01792384262175517,-0.2305988073348999,-0.0036217570304870605,-0.016642190022182035
Q,0.0,0.0,0.0,-0.03224986791610718,0.03716933727264404,-0.1191447795058167,-0.09590369462966919,0.0697932243347168,-0.17305027401694417,-0.1664772629737854,0.11123731732368469,-0.20128003216036916,-0.2341017723083496,0.14224278926849365,-0.22239609515914083,-0.17913848161697388,-0.09153053164482117,-0.1273690209413445,-0.2938059866428375,-0.05125609040260315,-0.16149530267962575,-0.35074764490127563,-0.0033043622970581055,-0.18243012285479665,-0.3858060836791992,0.035777896642684937,-0.19286355829486013,-0.19177424907684326,-0.09631708264350891,-0.067174059214679,-0.2843284606933594,-0.03451275825500488,-0.10648947662362218,-0.2585088610649109,0.00947520136833191,-0.1182539582873261,-0.22042316198349,0.022748678922653198,-0.1192438424254334,-0.20047128200531006,-0.08395934104919434,-0.013186471412566902,-0.28144460916519165,-0.03185051679611206,-0.050947745206443074,-0.2500326633453369,0.003344625234603882,-0.057707921477643254,-0.21202349662780762,0.012778401374816895,-0.053456918212262394,-0.21459829807281494,-0.0701715350151062,0.03310325288525462,-0.2744905352592468,-0.03382810950279236,0.0005676808728338756,-0.2560344338417053,-0.007497817277908325,-0.010214372413841488,-0.22500771284103394,-0.0010204315185546875,-0.009699614594367745
Q,0.0,0.0,0.0,-0.032858073711395264,0.03448215126991272,-0.1078937872186998,-0.094998300075531,0.06777849793434143,-0.158810652686725,-0.16481059789657593,0.10953283309936523,-0.18774075050509964,-0.22982364892959595,0.14154809713363647,-0.20978771884597336,-0.17736345529556274,-0.09276023507118225,-0.11208863545812164,-0.2895634174346924,-0.052130669355392456,-0.1459528430239061,-0.346598744392395,-0.006330430507659912,-0.16792529065764938,-0.3833337426185608,0.031004667282104492,-0.1794681771532396,-0.19086194038391113,-0.09815484285354614,-0.06045546372092758,-0.28386759757995605,-0.04040086269378662,-0.10305848707116638,-0.26083904504776,0.004740774631500244,-0.1187534256712297,-0.2250981330871582,0.022845864295959473,-0.12126625318683182,-0.200789213180542,-0.08627665042877197,-0.014558642996917115,-0.28265637159347534,-0.03725269436836243,-0.05342894409454857,-0.253337562084198,-0.0022795796394348145,-0.06077339117086922,-0.21652019023895264,0.010111331939697266,-0.05584076781428848,-0.21516019105911255,-0.07197704911231995,0.024184486003150596,-0.2804170846939087,-0.040053606033325195,-0.00717186265296732,-0.27148252725601196,-0.014250397682189941,-0.01696646575487648,-0.24904406070709229,-0.0037466585636138916,-0.015403982146153794
Q,0.0,0.0,0.0,-0.03410637378692627,0.03597638010978699,-0.11081188681491483,-0.09717744588851929,0.07197967171669006,-0.16279747846492398,-0.16666138172149658,0.11425343155860901,-0.19176672163375486,-0.23206686973571777,0.14535853266716003,-0.2136356210983621,-0.1781153678894043,-0.09233829379081726,-0.12110779943832028,-0.29212409257888794,-0.04887554049491882,-0.157113907364689,-0.34916985034942627,-0.0032030045986175537,-0.17785903575786222,-0.3866910934448242,0.03320685029029846,-0.1872182762897836,-0.19253790378570557,-0.09819874167442322,-0.06704351815351117,-0.2847056984901428,-0.030872642993927002,-0.10866056892045606,-0.2544601559638977,0.015528202056884766,-0.1184856719053613,-0.21411913633346558,0.025496572256088257,-0.11679561945565808,-0.20276141166687012,-0.08586305379867554,-0.01908321442969907,-0.2868438959121704,-0.03180310130119324,-0.06020756575234998,-0.2537922263145447,0.0044893622398376465,-0.06596719237931836,-0.213828444480896,0.011907517910003662,-0.05908718469508756,-0.21769165992736816,-0.07190588116645813,0.02191938136748206,-0.2869111895561218,-0.037644416093826294,-0.009612162103437072,-0.27878910303115845,-0.009972810745239258,-0.017866372568093425,-0.25549858808517456,-0.0014320313930511475,-0.015072641400180942
Q,0.0,0.0,0.0,-0.04055154323577881,0.036731719970703125,-0.11372787632716097,-0.10471290349960327,0.07142236828804016,-0.16608231642020144,-0.17430615425109863,0.11094269156455994,-0.195160308263425,-0.24013817310333252,0.14041626453399658,-0.21659908571017183,-0.1858271360397339,-0.09331342577934265,-0.11658153810274996,-0.3017897605895996,-0.05306762456893921,-0.1510912714220325,-0.35907965898513794,-0.007993191480636597,-0.17250024654639162,-0.39609795808792114,0.031005054712295532,-0.18286017455828585,-0.19926732778549194,-0.09936434030532837,-0.06098672129881777,-0.29210591316223145,-0.03360635042190552,-0.10234143712294497,-0.2644234895706177,0.011444777250289917,-0.11486998327744402,-0.22503972053527832,0.024011433124542236,-0.11539956309569277,-0.20837539434432983,-0.08758309483528137,-0.012123929678622858,-0.2924724221229553,-0.03430521488189697,-0.05267296113741793,-0.2621227502822876,0.0019999146461486816,-0.060539794496420996,-0.22402536869049072,0.012413948774337769,-0.05553148814213671,-0.2220434546470642,-0.07379150390625,0.029347310432072504,-0.28886157274246216,-0.03795439004898071,-0.0014532060522327583,-0.27763688564300537,-0.009568661451339722,-0.010964971377674715,-0.2521877884864807,-5.844235420227051e-05,-0.009511174976054804
Q,0.0,0.0,0.0,-0.03665083646774292,0.035339415073394775,-0.11092687019683467,-0.10085499286651611,0.07082882523536682,-0.16315080592013942,-0.17056500911712646,0.11201313138008118,-0.19215195247508632,-0.23404693603515625,0.14052140712738037,-0.21427566179610835,-0.17833799123764038,-0.09328863024711609,-0.12231813737727748,-0.2943194508552551,-0.051209598779678345,-0.15768880018569575,-0.35247930884361267,-0.008351147174835205,-0.17796370753623592,-0.3903766870498657,0.02777266502380371,-0.1873113102612649,-0.1938188672065735,-0.10404956340789795,-0.06756043055631267,-0.28613096475601196,-0.03436288237571716,-0.11042468616344081,-0.2596508860588074,0.011702001094818115,-0.12174903222896205,-0.21989619731903076,0.025491654872894287,-0.12116405734397517,-0.20407086610794067,-0.09428989887237549,-0.018534798115268813,-0.28561997413635254,-0.03682813048362732,-0.060234423666969406,-0.25596630573272705,0.0009106695652008057,-0.0672215036449586,-0.21757584810256958,0.012796908617019653,-0.061278004139438735,-0.21774178743362427,-0.08072525262832642,0.023648349628075493,-0.2824963331222534,-0.04191768169403076,-0.008539982080236541,-0.27346378564834595,-0.011888653039932251,-0.01827402965702163,-0.2510296106338501,0.0005322694778442383,-0.01653087133146869
Q,0.0,0.0,0.0,-0.03468853235244751,0.0346473753452301,-0.10773438414136649,-0.09769374132156372,0.07111597061157227,-0.15886210849086524,-0.1682831048965454,0.11307990550994873,-0.18776057114402533,-0.2320449948310852,0.14275726675987244,-0.2094988917330909,-0.17254096269607544,-0.09337323904037476,-0.11964099308053733,-0.28941941261291504,-0.050665199756622314,-0.15707702388564826,-0.34823232889175415,-0.007077068090438843,-0.17816832115451575,-0.3864958882331848,0.02939009666442871,-0.18790664722720862,-0.1905333399772644,-0.10319408774375916,-0.06849985768596412,-0.2853838801383972,-0.033924102783203125,-0.11370075692931891,-0.25970447063446045,0.012393951416015625,-0.12462724199096442,-0.22032326459884644,0.027089327573776245,-0.12282308389941932,-0.2033601999282837,-0.09231626987457275,-0.023363487921159276,-0.2860172986984253,-0.0338134765625,-0.06756786455909491,-0.256067156791687,0.002276122570037842,-0.07385339041749717,-0.21826428174972534,0.014219582080841064,-0.0664925222615409,-0.21910834312438965,-0.07839220762252808,0.014939430974919787,-0.2840196490287781,-0.04017239809036255,-0.020404206715028295,-0.2732175588607788,-0.011721104383468628,-0.030355947218339452,-0.2505289912223816,0.0014718174934387207,-0.027808038643996724
Q,0.0,0.0,0.0,-0.033170342445373535,0.03783977031707764,-0.11599516568476531,-0.09493303298950195,0.07264444231987,-0.17074668852383468,-0.1636279821395874,0.11278101801872253,-0.20149584559494826,-0.229885995388031,0.14245596528053284,-0.22547424284512374,-0.1760520339012146,-0.09241978824138641,-0.12687102405125472,-0.2893611788749695,-0.052163541316986084,-0.16251522747570846,-0.3469710350036621,-0.0067597925662994385,-0.1833988472610173,-0.3845493793487549,0.030145198106765747,-0.19359758941227767,-0.18968307971954346,-0.09978123009204865,-0.06997573075587127,-0.28070735931396484,-0.03205418586730957,-0.11175235060746047,-0.2531757354736328,0.014633595943450928,-0.12230508474404189,-0.21539819240570068,0.02661779522895813,-0.12165155706698272,-0.19975018501281738,-0.08778056502342224,-0.01921537963444564,-0.28185659646987915,-0.031688153743743896,-0.05969641057545516,-0.2514592409133911,0.003829449415206909,-0.06510419098431441,-0.21388381719589233,0.013003110885620117,-0.058793422558849784,-0.2153593897819519,-0.07323312759399414,0.024036814665848283,-0.2803995609283447,-0.03585585951805115,-0.008078829178160163,-0.2699160575866699,-0.008360177278518677,-0.01709179093832347,-0.2457437515258789,0.0010704398155212402,-0.015123207846230002
Q,0.0,0.0,0.0,-0.032766640186309814,0.04197359085083008,-0.11365301092811819,-0.09429025650024414,0.0760418176651001,-0.16752147605367895,-0.16215300559997559,0.11250489950180054,-0.19800434937425848,-0.22645705938339233,0.14113426208496094,-0.22154164245077368,-0.16776907444000244,-0.09015791118144989,-0.12538833846994635,-0.28230684995651245,-0.055549055337905884,-0.15982119669862982,-0.34181785583496094,-0.011608123779296875,-0.1789213859076142,-0.37817609310150146,0.024616271257400513,-0.18730370631166693,-0.1794825792312622,-0.10063347220420837,-0.06981349667259451,-0.2762676477432251,-0.04171457886695862,-0.10840548505731817,-0.25420045852661133,0.009241640567779541,-0.11626496841856238,-0.21846437454223633,0.024246543645858765,-0.11361727049299475,-0.18996435403823853,-0.09126110374927521,-0.020294579916679822,-0.27723073959350586,-0.04148945212364197,-0.05754005467244383,-0.2518598437309265,-0.0010097026824951172,-0.06127051194854971,-0.21658837795257568,0.010958880186080933,-0.05411910569020506,-0.20647549629211426,-0.07784083485603333,0.021847535616672076,-0.2763591408729553,-0.04604417085647583,-0.0061915095495521655,-0.27478545904159546,-0.016255855560302734,-0.012935300597035848,-0.2560521960258484,-0.004839986562728882,-0.010042152606928312
Q,0.0,0.0,0.0,-0.007875800132751465,0.11662399768829346,-0.24716742346890896,-0.07970517873764038,0.22298413515090942,-0.3539369107306811,-0.16148221492767334,0.32335519790649414,-0.39761528382905453,-0.26000478863716125,0.41779953241348267,-0.4294731021941516,-0.30118328332901,0.00116005539894104,-0.330899357897124,-0.4731123149394989,0.10759219527244568,-0.3943686784327838,-0.5753389894962311,0.21433722972869873,-0.4167932272971484,-0.6396144330501556,0.29715293645858765,-0.4216524959624621,-0.3304629921913147,-0.019997358322143555,-0.18729825328000516,-0.475358247756958,0.11805728077888489,-0.23245090256341427,-0.4243044853210449,0.1963629126548767,-0.20821936438687771,-0.3626341223716736,0.20852583646774292,-0.1797428877175662,-0.3480672836303711,-0.011481046676635742,-0.05378321568377942,-0.46275296807289124,0.1106710135936737,-0.10128758112796277,-0.3874247074127197,0.15939456224441528,-0.09891617308267087,-0.3202052712440491,0.15413105487823486,-0.08403397361644238,-0.3737178444862366,0.008976072072982788,0.06537231792799503,-0.43605953454971313,0.1004289984703064,0.025315511870303453,-0.3917803168296814,0.1507759690284729,0.009748423370638193,-0.3413752317428589,0.15405595302581787,0.008971662159183325
Q,0.0,0.0,0.0,-0.02889382839202881,0.042045801877975464,-0.12537597255787603,-0.08969569206237793,0.07436171174049377,-0.1843425645121073,-0.1588342785835266,0.11046344041824341,-0.21702560918411962,-0.22869408130645752,0.14009225368499756,-0.24358087914070836,-0.16479408740997314,-0.09097050130367279,-0.1375535293110346,-0.2768312096595764,-0.0560641884803772,-0.16954843835911504,-0.3373152017593384,-0.012051194906234741,-0.18713481860241643,-0.3738012909889221,0.025391191244125366,-0.19501753287396184,-0.1757209300994873,-0.09716477990150452,-0.07415139811119786,-0.27390360832214355,-0.04329401254653931,-0.10921303318819753,-0.2502855062484741,0.007164657115936279,-0.11626058207831136,-0.21351057291030884,0.024278730154037476,-0.11361783133826009,-0.18507254123687744,-0.08605635166168213,-0.01682716371497861,-0.27295243740081787,-0.03994283080101013,-0.04927638309082738,-0.24533408880233765,-0.0009794831275939941,-0.05241945894441358,-0.20702272653579712,0.010643869638442993,-0.04640125991782895,-0.20184224843978882,-0.07217660546302795,0.03221534056582698,-0.2691503167152405,-0.04100382328033447,0.0054314006491864575,-0.26065313816070557,-0.016092449426651,-0.0022206077911590683,-0.23356735706329346,-0.011433154344558716,-0.0006263400638175654
Q,0.0,0.0,0.0,-0.03502607345581055,0.04043671488761902,-0.12407307724529915,-0.0971493124961853,0.0721525251865387,-0.18177012751871757,-0.1668798327445984,0.10711383819580078,-0.2132804508047741,-0.23528170585632324,0.136618971824646,-0.23761558185393028,-0.17195159196853638,-0.09202133119106293,-0.1324306542711895,-0.2862597703933716,-0.05969837307929993,-0.16312725494677238,-0.3457673192024231,-0.015661507844924927,-0.17838872621828727,-0.38008421659469604,0.02115035057067871,-0.18397248934084587,-0.1816110610961914,-0.10092025995254517,-0.06861104468876533,-0.281379759311676,-0.04131403565406799,-0.10103492091471367,-0.25529319047927856,0.0077964067459106445,-0.10376363645369224,-0.21862834692001343,0.01795196533203125,-0.09822164128596,-0.1898268461227417,-0.09156917035579681,-0.01154880902791433,-0.27843183279037476,-0.041596949100494385,-0.045182913793865964,-0.25114816427230835,-0.002854764461517334,-0.04740509043509178,-0.21481174230575562,0.005711734294891357,-0.0400311614113491,-0.20530277490615845,-0.07984235882759094,0.03755257626002617,-0.27369725704193115,-0.04877081513404846,0.011951309376712516,-0.26762527227401733,-0.020662546157836914,0.00582742665832825,-0.24394822120666504,-0.014015436172485352,0.00830666509395428
Q,0.0,0.0,0.0,-0.03126263618469238,0.04103994369506836,-0.11926067325414635,-0.09260660409927368,0.07365983724594116,-0.17415837648452737,-0.16320663690567017,0.1102997362613678,-0.20364805760921456,-0.2322455644607544,0.1393299698829651,-0.2262767672830961,-0.1671842336654663,-0.09179151058197021,-0.12857459190429665,-0.2820550203323364,-0.0573602020740509,-0.15973446968139626,-0.3415337800979614,-0.014049738645553589,-0.17606867554725625,-0.3775160312652588,0.019788116216659546,-0.18279266062320687,-0.1782817840576172,-0.09855373203754425,-0.06716792735399224,-0.277090847492218,-0.03777119517326355,-0.09953969421924569,-0.250768780708313,0.011897802352905273,-0.1026168659621618,-0.21450620889663696,0.02237117290496826,-0.09750861379446008,-0.187408447265625,-0.08735808730125427,-0.012151971302344577,-0.27545076608657837,-0.03628876805305481,-0.046261750935926216,-0.24623608589172363,0.0013169348239898682,-0.04824802356900193,-0.20894604921340942,0.008075237274169922,-0.04066765013278939,-0.20297563076019287,-0.07478171586990356,0.03532734435854934,-0.2707873582839966,-0.04088413715362549,0.006989468977437241,-0.2596532106399536,-0.015018969774246216,0.0006693374422610532,-0.2311827540397644,-0.011189550161361694,0.003926140413270218
Q,0.0,0.0,0.0,-0.030324101448059082,0.04035651683807373,-0.12249669807671637,-0.09171116352081299,0.07027575373649597,-0.17616726833104224,-0.1625591516494751,0.10726216435432434,-0.20298838990449042,-0.2320770025253296,0.13498416543006897,-0.22224560755013556,-0.16324996948242188,-0.09455643594264984,-0.13293275612114996,-0.2792167663574219,-0.06136670708656311,-0.16462254899262518,-0.338765025138855,-0.017899155616760254,-0.18132280188321204,-0.3766677975654602,0.01645103096961975,-0.18877438085793585,-0.17609965801239014,-0.09886577725410461,-0.07013336199044318,-0.27316397428512573,-0.03733888268470764,-0.10308626669167609,-0.24595403671264648,0.007958829402923584,-0.1067376919341001,-0.20862668752670288,0.014656245708465576,-0.10273526238917441,-0.1864364743232727,-0.08586665987968445,-0.014127961384943433,-0.2725733518600464,-0.03598782420158386,-0.04911726343154044,-0.24246442317962646,-0.001857668161392212,-0.052607774759522385,-0.20615679025650024,0.0021892189979553223,-0.0465466082346353,-0.2023545503616333,-0.07247540354728699,0.03389009458304315,-0.2663532495498657,-0.04174557328224182,0.00302609868639081,-0.25386273860931396,-0.018318861722946167,-0.006027531369468875,-0.2253284454345703,-0.014803111553192139,-0.004807370274207301
Q,0.0,0.0,0.0,-0.03196173906326294,0.03998762369155884,-0.1203453647665853,-0.09248894453048706,0.07089108228683472,-0.17453229005860038,-0.16330450773239136,0.10668736696243286,-0.20253517802284904,-0.2304709553718567,0.1348925232887268,-0.2230219798855657,-0.16535383462905884,-0.0956403911113739,-0.12857819672154136,-0.28215640783309937,-0.06003803014755249,-0.16021763856934257,-0.341364324092865,-0.015978068113327026,-0.1765296864085073,-0.3767892122268677,0.01904711127281189,-0.18296785231159873,-0.17749524116516113,-0.10287441313266754,-0.06677146579550453,-0.27299970388412476,-0.03490948677062988,-0.09991188670920081,-0.2434062957763672,0.008729249238967896,-0.10306544180439658,-0.20615482330322266,0.012372702360153198,-0.09788267638014503,-0.1883389949798584,-0.09113460779190063,-0.011784353735315278,-0.27103590965270996,-0.033838897943496704,-0.04742273639367767,-0.24014770984649658,-0.0022965073585510254,-0.05097381349133201,-0.20517593622207642,-0.0003294050693511963,-0.044229387747513726,-0.20484328269958496,-0.07794910669326782,0.03549324024988465,-0.26761001348495483,-0.04124981164932251,0.004801308760029599,-0.2525474429130554,-0.01882535219192505,-0.003301519411074594,-0.22361087799072266,-0.01639053225517273,-0.0007522366120653601
Q,0.0,0.0,0.0,-0.03104346990585327,0.0399283766746521,-0.11592924136289184,-0.08980977535247803,0.0726253092288971,-0.17024346727498596,-0.15870362520217896,0.10836553573608398,-0.1997715486920697,-0.22512423992156982,0.13597029447555542,-0.2223705752528531,-0.16260886192321777,-0.09288619458675385,-0.12519518572457855,-0.27745336294174194,-0.05788120627403259,-0.158603127185188,-0.339236855506897,-0.0154094398021698,-0.1775741531289441,-0.3777655363082886,0.01850643754005432,-0.18619480270513122,-0.17570018768310547,-0.10154061019420624,-0.06680119324096268,-0.2741168737411499,-0.04176560044288635,-0.10308828491338318,-0.2504398822784424,0.006043195724487305,-0.10941282201179092,-0.21467822790145874,0.017502903938293457,-0.10563303816684311,-0.18686020374298096,-0.09082207083702087,-0.014676273871145895,-0.2717509865760803,-0.03868719935417175,-0.051382551971755674,-0.24478238821029663,-0.0030978918075561523,-0.054950366798721006,-0.2116217017173767,0.0034326016902923584,-0.04759698647626465,-0.20339059829711914,-0.07813793420791626,0.030070298280634233,-0.2672547698020935,-0.042484134435653687,0.00033594174806239607,-0.2538003921508789,-0.018028825521469116,-0.006433626241914681,-0.22691595554351807,-0.014212489128112793,-0.002883188264377168
Q,0.0,0.0,0.0,-0.033785998821258545,0.038835883140563965,-0.11221362114671507,-0.09449630975723267,0.07032683491706848,-0.16353626758579054,-0.16256099939346313,0.10698750615119934,-0.19116775900844374,-0.22625744342803955,0.1384778618812561,-0.21156299323562422,-0.16869819164276123,-0.0901501476764679,-0.11585202277425566,-0.2799038290977478,-0.0552140474319458,-0.14476920873645582,-0.3391689658164978,-0.013419181108474731,-0.1613698771667842,-0.3754690885543823,0.019537776708602905,-0.16926537663463392,-0.18023204803466797,-0.0970228910446167,-0.0601040592861537,-0.27545422315597534,-0.04406857490539551,-0.09517606557134428,-0.2536742091178894,-0.0005380809307098389,-0.10415465594056883,-0.2195829153060913,0.014136016368865967,-0.10245371074203291,-0.18943637609481812,-0.0860748291015625,-0.01032901578370371,-0.27266258001327515,-0.037264078855514526,-0.04481655941132345,-0.2460780143737793,-0.006114840507507324,-0.050523946292436506,-0.212127685546875,0.0023757219314575195,-0.04530441225293913,-0.2043878436088562,-0.07353273034095764,0.03210118948694429,-0.27005892992019653,-0.04086536169052124,0.0026835880729194628,-0.2613121271133423,-0.019289851188659668,-0.006417459107673551,-0.23867249488830566,-0.013047784566879272,-0.004838265243655826
Q,0.0,0.0,0.0,-0.029229581356048584,0.03772422671318054,-0.11608584878681683,-0.0876651406288147,0.06931117177009583,-0.16906873790262722,-0.1548495888710022,0.10588732361793518,-0.19746719209192776,-0.21976172924041748,0.13723358511924744,-0.2186024626874783,-0.16100788116455078,-0.09084746241569519,-0.12410095987556957,-0.2715402841567993,-0.05836179852485657,-0.15524415580271267,-0.3317440152168274,-0.015146911144256592,-0.1713995179319241,-0.36808937788009644,0.018118828535079956,-0.17835469452379726,-0.17340385913848877,-0.096355140209198,-0.06658102480410122,-0.27054518461227417,-0.042354077100753784,-0.09914521781443142,-0.2464085817337036,0.005842268466949463,-0.10159542320011639,-0.21001100540161133,0.016705423593521118,-0.09550901410816692,-0.1833924651145935,-0.08400753140449524,-0.015824419462070693,-0.267916202545166,-0.03690207004547119,-0.050023428180203666,-0.2391454577445984,-0.0010227859020233154,-0.051621462234244575,-0.2028180956840515,0.00502970814704895,-0.043491723963008155,-0.1992586851119995,-0.07025957107543945,0.027194733715667496,-0.263885498046875,-0.039680272340774536,-0.002085138128087749,-0.2553461194038391,-0.01535007357597351,-0.009333520212159385,-0.23098725080490112,-0.010378599166870117,-0.0065742749878623385
Q,0.0,0.0,0.0,-0.028026103973388672,0.03702843189239502,-0.12006181128138138,-0.08746302127838135,0.06790339946746826,-0.17368583775871826,-0.156430184841156,0.10341420769691467,-0.20131999648922516,-0.22465777397155762,0.13159963488578796,-0.2213292459380014,-0.16335934400558472,-0.0959978997707367,-0.12729740537518097,-0.2770048975944519,-0.061585187911987305,-0.15981708861702515,-0.33678776025772095,-0.016025692224502563,-0.17758964396828247,-0.3731755018234253,0.0191667377948761,-0.1854972878825052,-0.17599356174468994,-0.10010263323783875,-0.06681930668467118,-0.2721503973007202,-0.04050680994987488,-0.09964857645147873,-0.24794447422027588,0.004867345094680786,-0.10356707520598007,-0.21207678318023682,0.012889862060546875,-0.0991581866871698,-0.18633508682250977,-0.08662396669387817,-0.013420227205394042,-0.26949000358581543,-0.035755306482315063,-0.04824633918517662,-0.24160122871398926,-0.0033588707447052,-0.051647033764062655,-0.20774251222610474,0.0003452599048614502,-0.04525670803898407,-0.20198220014572144,-0.07311072945594788,0.03198675789123939,-0.26404905319213867,-0.03890180587768555,0.0012175524718927022,-0.24947983026504517,-0.016560018062591553,-0.007130742760388387,-0.22083961963653564,-0.013786286115646362,-0.005062001513330472
Q,0.0,0.0,0.0,-0.03528827428817749,0.03663289546966553,-0.12014183650513388,-0.09620380401611328,0.06826484203338623,-0.17558677742977835,-0.1650397777557373,0.10355088114738464,-0.20621209095020987,-0.23283791542053223,0.13139081001281738,-0.22914171467323996,-0.17112576961517334,-0.10028070211410522,-0.12452853719492651,-0.2878124713897705,-0.06307676434516907,-0.15630215654869772,-0.3461180329322815,-0.018938839435577393,-0.17388400683899619,-0.383406400680542,0.016969293355941772,-0.18173969040413596,-0.18365103006362915,-0.1029144823551178,-0.06432213882704474,-0.2808268070220947,-0.03763917088508606,-0.100880103807647,-0.25385552644729614,0.006323069334030151,-0.10824638853569724,-0.2155994176864624,0.014355123043060303,-0.10548457751770712,-0.19382184743881226,-0.08886843919754028,-0.011062490444381012,-0.2794712781906128,-0.036999136209487915,-0.04811081911226012,-0.25234270095825195,-0.0031818747520446777,-0.054319313417870774,-0.21628975868225098,0.004796266555786133,-0.048861748229462876,-0.21059036254882812,-0.07486188411712646,0.03425930937032007,-0.27682316303253174,-0.042983949184417725,0.004470674164842592,-0.2697107195854187,-0.019590795040130615,-0.005651362396527304,-0.2473536729812622,-0.014005571603775024,-0.005111657704908623
Q,0.0,0.0,0.0,-0.02846747636795044,0.03488776087760925,-0.12191420021868282,-0.0884142518043518,0.06644737720489502,-0.17524120184994274,-0.1548052430152893,0.10356378555297852,-0.20216234001732403,-0.21999824047088623,0.12969255447387695,-0.22184205028629833,-0.1598542332649231,-0.09556984901428223,-0.12736277255631023,-0.27706295251846313,-0.06040272116661072,-0.15845634016609722,-0.3376085162162781,-0.01795375347137451,-0.1761195209941917,-0.37637072801589966,0.016301453113555908,-0.18433089527702862,-0.1733722686767578,-0.0957249104976654,-0.06573469165182644,-0.27262383699417114,-0.03659963607788086,-0.10119131925917202,-0.24723076820373535,0.008165359497070312,-0.10876402232266003,-0.2085455060005188,0.01979672908782959,-0.10586893531895214,-0.18491840362548828,-0.0807611346244812,-0.011014121318524417,-0.26922619342803955,-0.0316472053527832,-0.04597629207587772,-0.2420487403869629,0.0011829733848571777,-0.05124500739789539,-0.20631366968154907,0.009310543537139893,-0.045457754018073615,-0.20208609104156494,-0.06660065054893494,0.035392005262607995,-0.2625892758369446,-0.03540444374084473,0.006165208095396224,-0.2506500482559204,-0.01413339376449585,-0.0033349664549433555,-0.22332364320755005,-0.0094260573387146,-0.002226042295163211
Q,0.0,0.0,0.0,-0.029526174068450928,0.03820285201072693,-0.12414549978133849,-0.08853137493133545,0.07032737135887146,-0.18160551728364638,-0.15409499406814575,0.10391959547996521,-0.2132626170074623,-0.2200174331665039,0.13067281246185303,-0.23842765332814864,-0.16443371772766113,-0.08996260166168213,-0.1332358116066139,-0.2783671021461487,-0.056721389293670654,-0.16786414326783827,-0.3399198651313782,-0.01582273840904236,-0.18853525759336165,-0.3773650527000427,0.02071160078048706,-0.19800318719503096,-0.17687886953353882,-0.09637734293937683,-0.07170297147390059,-0.28033876419067383,-0.0431845486164093,-0.11042353452798537,-0.2625129818916321,0.007320106029510498,-0.12113063724395445,-0.22567963600158691,0.029991447925567627,-0.12004111649152449,-0.1869422197341919,-0.08541914820671082,-0.016752085999218735,-0.2773369550704956,-0.040981560945510864,-0.05322470457908324,-0.2539297938346863,-0.001942664384841919,-0.05943844036814383,-0.21665042638778687,0.014597773551940918,-0.05376195477005652,-0.20242983102798462,-0.07108226418495178,0.029869333490164962,-0.27113741636276245,-0.04200628399848938,0.001734353018360224,-0.2668881416320801,-0.0171758234500885,-0.007447131794510398,-0.24278444051742554,-0.007132828235626221,-0.0064030423542540404
Q,0.0,0.0,0.0,-0.034471333026885986,0.034082770347595215,-0.12042960251936563,-0.09732067584991455,0.06771308183670044,-0.17491005088457712,-0.16467249393463135,0.10619017481803894,-0.20412206377157815,-0.23078083992004395,0.1331474483013153,-0.22629065539011606,-0.1703816056251526,-0.09721493721008301,-0.12557300652632364,-0.2861989736557007,-0.06279259920120239,-0.15683047200808176,-0.34636175632476807,-0.02109941840171814,-0.17655089224943765,-0.3851047158241272,0.016285330057144165,-0.18657205726275095,-0.18361473083496094,-0.09994694590568542,-0.0655687573111976,-0.28743410110473633,-0.04520374536514282,-0.10169201816687234,-0.27094727754592896,0.0011701583862304688,-0.1131895082748855,-0.23476767539978027,0.021767497062683105,-0.11402176047930368,-0.1933184266090393,-0.08707019686698914,-0.012064937569888912,-0.2831119894981384,-0.04268255829811096,-0.04654501850971826,-0.26092463731765747,-0.0061769187450408936,-0.0541236932135547,-0.22542595863342285,0.010289579629898071,-0.0505383657968963,-0.20755118131637573,-0.0734369158744812,0.03318726171484343,-0.27380430698394775,-0.04483860731124878,0.004699450849798836,-0.26758408546447754,-0.02004411816596985,-0.00623880799183496,-0.24383682012557983,-0.008540362119674683,-0.006853049223067842
Q,0.0,0.0,0.0,-0.03432059288024902,0.03136834502220154,-0.12319065545396768,-0.09523248672485352,0.06362974643707275,-0.1793143964250561,-0.16031163930892944,0.10294216871261597,-0.20930813912944757,-0.22478699684143066,0.13305151462554932,-0.2323992020328518,-0.17219579219818115,-0.09863525629043579,-0.12916510467128717,-0.2859378457069397,-0.06194162368774414,-0.16147316162185632,-0.34592390060424805,-0.018497377634048462,-0.18112467889385186,-0.38360923528671265,0.018256425857543945,-0.1906797504861828,-0.18461698293685913,-0.10072058439254761,-0.06792370889978372,-0.28621846437454224,-0.042197853326797485,-0.1038545585115429,-0.2624261975288391,0.005128711462020874,-0.11273823593454324,-0.22240066528320312,0.01990288496017456,-0.11130088482694589,-0.19380420446395874,-0.08657622337341309,-0.0136211170692917,-0.28216874599456787,-0.03908956050872803,-0.04919107918338739,-0.25459545850753784,-0.0012404322624206543,-0.05513548765974008,-0.21648567914962769,0.011938661336898804,-0.04990769465165101,-0.20622467994689941,-0.0713273286819458,0.032259677455854785,-0.27034425735473633,-0.041999101638793945,0.0028789836569700356,-0.25890856981277466,-0.016156375408172607,-0.006920531938689578,-0.23082435131072998,-0.0061254799365997314,-0.0062533706304606085
Q,0.0,0.0,0.0,-0.03744792938232422,0.03098893165588379,-0.11999175770709769,-0.1007087230682373,0.062172919511795044,-0.17561324013898627,-0.16790980100631714,0.10051074624061584,-0.20667222215364234,-0.2338075041770935,0.12802311778068542,-0.23105831517408149,-0.17821216583251953,-0.10144931077957153,-0.1215333498878266,-0.2930254340171814,-0.06389474868774414,-0.15493932439515845,-0.35223162174224854,-0.020637542009353638,-0.17777302934358374,-0.3891071081161499,0.017790645360946655,-0.18917712642381446,-0.18848228454589844,-0.10282260179519653,-0.06186921595165984,-0.29059702157974243,-0.04503336548805237,-0.10121289713809745,-0.2721664309501648,0.0007351338863372803,-0.11710133476684348,-0.23359745740890503,0.021165519952774048,-0.1200181178612496,-0.1960989236831665,-0.08907446265220642,-0.008785127462246578,-0.28366196155548096,-0.04139256477355957,-0.04500812365243689,-0.260395348072052,-0.003404468297958374,-0.05449722780416266,-0.22261756658554077,0.013063818216323853,-0.05109355299303786,-0.20822978019714355,-0.0737098753452301,0.036252173795006115,-0.2757202386856079,-0.043153852224349976,0.009479420459470589,-0.2700270414352417,-0.016223013401031494,-0.0004265400095704308,-0.24455249309539795,-0.0044769346714019775,-7.584772923507899e-05
Q,0.0,0.0,0.0,-0.035404860973358154,0.036056727170944214,-0.12145184159814448,-0.09826141595840454,0.0674823522567749,-0.17661339223920436,-0.16471630334854126,0.10304737091064453,-0.20580446899472804,-0.22859227657318115,0.1323421597480774,-0.22799791575013728,-0.17253100872039795,-0.09520140290260315,-0.12680429399549098,-0.2880890369415283,-0.06041434407234192,-0.16047248423635097,-0.3477787971496582,-0.016449928283691406,-0.18272122920095057,-0.38405275344848633,0.021962344646453857,-0.1933187413269195,-0.1825287938117981,-0.09968402981758118,-0.06548325151740642,-0.28460144996643066,-0.044703662395477295,-0.10198900282918544,-0.2682139277458191,0.0007284283638000488,-0.11531043977080913,-0.2313169240951538,0.019910603761672974,-0.11734419495402904,-0.19080102443695068,-0.08751749992370605,-0.010712592793396425,-0.2792053818702698,-0.042365044355392456,-0.04601312608062358,-0.25699716806411743,-0.004491269588470459,-0.055245207553497266,-0.2214488983154297,0.011579662561416626,-0.052345098858467054,-0.20358622074127197,-0.07291743159294128,0.03607555299461751,-0.2704014778137207,-0.04265424609184265,0.008402311312266875,-0.26212602853775024,-0.01618620753288269,-0.0018336769898894545,-0.23580306768417358,-0.004651963710784912,-0.0018128161791253206
Q,0.0,0.0,0.0,-0.0347292423248291,0.036175280809402466,-0.11683646241973378,-0.09799212217330933,0.06977283954620361,-0.170673754316077,-0.16494983434677124,0.10942697525024414,-0.1995724553878162,-0.23076874017715454,0.14077484607696533,-0.22205887387345769,-0.17892706394195557,-0.08888348937034607,-0.12162955502818562,-0.29274916648864746,-0.05195334553718567,-0.15214076290677525,-0.351584792137146,-0.00650334358215332,-0.17351232121537663,-0.3871971368789673,0.03359195590019226,-0.18420415769170262,-0.1887860894203186,-0.09465169906616211,-0.06140660892079808,-0.2864532470703125,-0.03427779674530029,-0.09383450100968815,-0.2701745629310608,0.009774267673492432,-0.10733265827249028,-0.23376035690307617,0.029342085123062134,-0.1110271776730869,-0.19670474529266357,-0.08261266350746155,-0.006974758830175176,-0.28164446353912354,-0.03414982557296753,-0.03711906845520474,-0.2609689235687256,0.0017207562923431396,-0.045915484678253904,-0.22623366117477417,0.018284887075424194,-0.04461013550709225,-0.2083667516708374,-0.0679163932800293,0.03980554242779277,-0.2745237350463867,-0.03624573349952698,0.0159352847670462,-0.2676430940628052,-0.010153114795684814,0.006915531802668795,-0.241654634475708,0.0025871694087982178,0.006793705496683344
Q,0.0,0.0,0.0,-0.03417402505874634,0.038941413164138794,-0.12086347584319412,-0.09591549634933472,0.07456281781196594,-0.17660371307921707,-0.16197699308395386,0.11136111617088318,-0.2069022590358287,-0.22714072465896606,0.13765236735343933,-0.23013887648177445,-0.17432022094726562,-0.09074327349662781,-0.128434055491212,-0.2911449074745178,-0.051451146602630615,-0.16139661614489853,-0.3501232862472534,-0.006947755813598633,-0.18294393364978134,-0.3870163559913635,0.03138035535812378,-0.193764426751855,-0.18567419052124023,-0.09775671362876892,-0.06808645371985733,-0.29030007123947144,-0.04062798619270325,-0.10725902859759628,-0.2760193943977356,0.007301896810531616,-0.12230335269761383,-0.23860102891921997,0.030737757682800293,-0.12507043127608597,-0.19422566890716553,-0.08666020631790161,-0.013749191543880102,-0.28530412912368774,-0.04007449746131897,-0.04951158632231056,-0.26565927267074585,-0.0006282627582550049,-0.05873308797073662,-0.22974467277526855,0.01772254705429077,-0.05569477100563347,-0.2072184681892395,-0.07216653227806091,0.03256106655406654,-0.2752983570098877,-0.040920138359069824,0.0038499946176528965,-0.27315282821655273,-0.01329958438873291,-0.007906757301512357,-0.25193578004837036,-0.0003973245620727539,-0.00881822128486931
Q,0.0,0.0,0.0,-0.03464305400848389,0.03450241684913635,-0.11485335737243219,-0.09808862209320068,0.07027813792228699,-0.1679519465543322,-0.16262507438659668,0.11285141110420227,-0.19705951720252557,-0.22780191898345947,0.1430639922618866,-0.21956092625632806,-0.17831140756607056,-0.08616778254508972,-0.12137969344630761,-0.2934160828590393,-0.04858192801475525,-0.1531545719481997,-0.3514564633369446,-0.0024152398109436035,-0.17386130004897637,-0.3846980631351471,0.03696170449256897,-0.1836697658874087,-0.18935543298721313,-0.09209665656089783,-0.06388465821519418,-0.2885082960128784,-0.03420683741569519,-0.09597451001182122,-0.2716238498687744,0.009568780660629272,-0.10767292737737222,-0.23540139198303223,0.02775108814239502,-0.11024714022651239,-0.1973104476928711,-0.08130627870559692,-0.012519669195263816,-0.28530454635620117,-0.03455090522766113,-0.042886344192176296,-0.26332414150238037,0.0013602674007415771,-0.05000421166196389,-0.22850966453552246,0.015902608633041382,-0.04784127831235452,-0.20850443840026855,-0.0671204924583435,0.031177023949474858,-0.27750998735427856,-0.036315977573394775,0.007197607366741465,-0.27093935012817383,-0.010538756847381592,-0.0006724327687166465,-0.24514853954315186,0.0013263821601867676,-0.00020077721283229266
Q,0.0,0.0,0.0,-0.033131182193756104,0.034322768449783325,-0.11408514659677849,-0.09552663564682007,0.07099667191505432,-0.16879775505339012,-0.158380389213562,0.11737474799156189,-0.19974880795751915,-0.22463726997375488,0.15080401301383972,-0.2251705465820919,-0.1820826530456543,-0.082486093044281,-0.12147141378198967,-0.2933444380760193,-0.04202112555503845,-0.15161342304025993,-0.35237640142440796,0.003840893507003784,-0.17187095563684807,-0.38752999901771545,0.04248669743537903,-0.18206138294016228,-0.18915772438049316,-0.08847931027412415,-0.06408639382397041,-0.28496837615966797,-0.026886790990829468,-0.09675582628523216,-0.2595977783203125,0.013936668634414673,-0.10809677969490394,-0.2201235294342041,0.025084763765335083,-0.1097806928661953,-0.19513708353042603,-0.07818183302879333,-0.01240496188228235,-0.27993059158325195,-0.025611817836761475,-0.04216181989585266,-0.2540348768234253,0.0067296624183654785,-0.04818044733082161,-0.21846848726272583,0.015353739261627197,-0.045405705830205534,-0.2056475281715393,-0.06569066643714905,0.031736365148674395,-0.2734253406524658,-0.029255539178848267,0.007472215780865099,-0.2597852945327759,-0.005840808153152466,0.0010893740475808045,-0.22894525527954102,-0.00033286213874816895,0.00305995657282665
Q,0.0,0.0,0.0,-0.006869256496429443,0.11745002865791321,-0.24845150443508146,-0.07730287313461304,0.2234039306640625,-0.35416277083351133,-0.15502721071243286,0.3245212435722351,-0.39566688569976805,-0.25263869762420654,0.41898113489151,-0.42544715436889646,-0.3025399148464203,0.005890548229217529,-0.3339280370135498,-0.47659309208393097,0.11041170358657837,-0.39649303587867735,-0.5813292562961578,0.2157294750213623,-0.42201878460838316,-0.646520584821701,0.29995906352996826,-0.4295194033045959,-0.3282984793186188,-0.010822653770446777,-0.18862854274703977,-0.484659343957901,0.11884471774101257,-0.2249773475785446,-0.49533799290657043,0.22170811891555786,-0.2079729917903137,-0.4933811128139496,0.27423739433288574,-0.19159648152782438,-0.34412217140197754,-0.002682507038116455,-0.05280571388794897,-0.4622577428817749,0.1211908757686615,-0.09423484983636854,-0.39150187373161316,0.16787976026535034,-0.09398566516830442,-0.3241294026374817,0.16649657487869263,-0.08341754558279035,-0.3681154251098633,0.019994407892227173,0.0677845668535042,-0.4282985031604767,0.11071950197219849,0.027117157776217482,-0.3839292824268341,0.15927231311798096,0.009601546872715971,-0.33409538865089417,0.16410642862319946,0.0068709305043626046
Q,0.0,0.0,0.0,-0.03643149137496948,0.039116114377975464,-0.11321849805421635,-0.10057955980300903,0.07503506541252136,-0.16692726743526265,-0.16348469257354736,0.11717352271080017,-0.19750103783912465,-0.22763419151306152,0.1510862410068512,-0.22207160723514363,-0.18189972639083862,-0.07954958081245422,-0.11949647647447392,-0.294705331325531,-0.04123896360397339,-0.14997475278682515,-0.35459405183792114,0.004488170146942139,-0.1706250948936443,-0.38820821046829224,0.04342857003211975,-0.18106885683841512,-0.19043248891830444,-0.08797523379325867,-0.06324940604276463,-0.28703171014785767,-0.03434845805168152,-0.09544765633649632,-0.2706800103187561,0.00951191782951355,-0.10807311219281956,-0.23686307668685913,0.02923610806465149,-0.11130387765474126,-0.1974138617515564,-0.07932031154632568,-0.012827885906467884,-0.28523898124694824,-0.03337088227272034,-0.04186550957269475,-0.2665734887123108,0.0026358962059020996,-0.04885304031081006,-0.23534858226776123,0.019438862800598145,-0.04735251945562169,-0.20829355716705322,-0.06738200783729553,0.029964692321350128,-0.2778084874153137,-0.03462132811546326,0.006683709461917431,-0.27204573154449463,-0.008050024509429932,-0.0008064723678629093,-0.24831253290176392,0.00578877329826355,-0.00035201052555322576
Q,0.0,0.0,0.0,-0.03292524814605713,0.03624275326728821,-0.11674229744297548,-0.09572464227676392,0.07292225956916809,-0.17178839388710543,-0.16038501262664795,0.1173335611820221,-0.20281158331257387,-0.22910279035568237,0.1476134955883026,-0.22765995505672976,-0.18124520778656006,-0.0825735330581665,-0.1217137196980147,-0.29407817125320435,-0.04427969455718994,-0.15311306658608004,-0.3537288308143616,0.00018396973609924316,-0.17577566150051638,-0.3904302716255188,0.0393538773059845,-0.18791101816517397,-0.19051355123519897,-0.08751356601715088,-0.06388947311264559,-0.2886328101158142,-0.033948808908462524,-0.09863921198469683,-0.2742706537246704,0.007669627666473389,-0.11524964812618776,-0.23936456441879272,0.029974788427352905,-0.1207858541927962,-0.19835543632507324,-0.07575052976608276,-0.011911974655809843,-0.28648316860198975,-0.031929343938827515,-0.042786895664754354,-0.26872265338897705,0.0029631853103637695,-0.05220661255938097,-0.2371554970741272,0.022073060274124146,-0.05158951449615046,-0.20996934175491333,-0.06167405843734741,0.03221665379184202,-0.2785945534706116,-0.030162423849105835,0.006904959311363257,-0.2731150984764099,-0.005581170320510864,-0.0023284530214695565,-0.24931013584136963,0.008739441633224487,-0.002502300910997235
Q,0.0,0.0,0.0,-0.028271794319152832,0.03904557228088379,-0.12303147557478233,-0.0877079963684082,0.07788962125778198,-0.1818035850236921,-0.15253937244415283,0.12069141864776611,-0.2149710813472776,-0.22159206867218018,0.1531410813331604,-0.24190539214115425,-0.17773205041885376,-0.08126389980316162,-0.13009624275665566,-0.2901078462600708,-0.04209011793136597,-0.16136062237720772,-0.347925066947937,0.005121439695358276,-0.18168531450729652,-0.382146418094635,0.04658263921737671,-0.19187602493267342,-0.1873849630355835,-0.08783286809921265,-0.06890551093321129,-0.2877768278121948,-0.026630669832229614,-0.10213490668039604,-0.2687702178955078,0.01996314525604248,-0.11451197508077904,-0.2313801646232605,0.038812100887298584,-0.1175434822152166,-0.19458413124084473,-0.07731914520263672,-0.014062426046541177,-0.2831704020500183,-0.02843642234802246,-0.04477522987227722,-0.2598989009857178,0.01024329662322998,-0.051635910750439606,-0.2227742075920105,0.027372658252716064,-0.04956499579649254,-0.205765962600708,-0.06478112936019897,0.03240916412968353,-0.2747238278388977,-0.03247028589248657,0.006486949517318763,-0.2682650685310364,-0.0040798187255859375,-0.0028862543339638336,-0.24236196279525757,0.00952640175819397,-0.003398867783209525
Q,0.0,0.0,0.0,-0.034200847148895264,0.034579694271087646,-0.12040685252375738,-0.09615296125411987,0.0716894268989563,-0.1748111708564295,-0.1604653000831604,0.11519473791122437,-0.20378096536822454,-0.2263060212135315,0.14610618352890015,-0.22575159506030218,-0.18803316354751587,-0.08254721760749817,-0.12280826405711309,-0.3028413653373718,-0.040828198194503784,-0.15356774763293402,-0.3564188480377197,0.005161315202713013,-0.17411112920470373,-0.3863871991634369,0.04406464099884033,-0.1839426769418253,-0.19433218240737915,-0.09086480736732483,-0.06195459277458326,-0.294411838054657,-0.029713064432144165,-0.09746261076159612,-0.2792293429374695,0.014832675457000732,-0.11401493237443105,-0.24381393194198608,0.03616786003112793,-0.1190630658072962,-0.19856739044189453,-0.08115598559379578,-0.007486576634420317,-0.286266028881073,-0.02930280566215515,-0.042371769855691355,-0.2649502158164978,0.008737385272979736,-0.05535824732012884,-0.22978121042251587,0.02647501230239868,-0.055441239337397974,-0.20787334442138672,-0.06892940402030945,0.03941365568809374,-0.27779966592788696,-0.03168773651123047,0.01095940596334799,-0.2675607204437256,-0.004020273685455322,-0.0012918217815069966,-0.23943644762039185,0.008583426475524902,-0.0027755398312194757
Q,0.0,0.0,0.0,-0.0366855263710022,0.03253653645515442,-0.12068386481836058,-0.10222375392913818,0.06916347146034241,-0.1733084406121037,-0.16808074712753296,0.11567774415016174,-0.2003002847893498,-0.23554039001464844,0.14588680863380432,-0.2197804536087773,-0.19201719760894775,-0.08682867884635925,-0.12073206262424208,-0.3117481470108032,-0.04071402549743652,-0.1488425518734715,-0.3661012649536133,0.008121699094772339,-0.1676699455244801,-0.3966955542564392,0.04963991045951843,-0.17628849403693891,-0.1985849142074585,-0.09209975600242615,-0.058018827007558116,-0.29827380180358887,-0.03010505437850952,-0.09142837034299589,-0.28401273488998413,0.014190047979354858,-0.11007744924857832,-0.24841469526290894,0.03678533434867859,-0.11728925363853193,-0.20301979780197144,-0.08039069175720215,-0.0013526901718563522,-0.2877359986305237,-0.029144763946533203,-0.03352088214590765,-0.2696014642715454,0.011355370283126831,-0.05062889413669325,-0.23515725135803223,0.03261247277259827,-0.05422784866526342,-0.21157091856002808,-0.06643682718276978,0.04791797219083094,-0.2795848846435547,-0.031079888343811035,0.022983486636135808,-0.2752019166946411,-0.0009857118129730225,0.008786067238602868,-0.2502228021621704,0.016524165868759155,0.005021561274830333
Q,0.0,0.0,0.0,-0.038205623626708984,0.0364815890789032,-0.12707182301619468,-0.10241270065307617,0.07377317547798157,-0.18516850008109031,-0.16755551099777222,0.11730054020881653,-0.2169276429567617,-0.2364066243171692,0.1471863090991974,-0.24121807052233635,-0.19567924737930298,-0.0862179696559906,-0.12710415853598533,-0.3118360638618469,-0.04037517309188843,-0.15919474794009147,-0.3668389320373535,0.007584482431411743,-0.18079787029364525,-0.3970946669578552,0.04721197485923767,-0.19166583849528251,-0.20335721969604492,-0.09374484419822693,-0.06389392449000297,-0.3031155467033386,-0.027700036764144897,-0.10323384685852943,-0.2817791700363159,0.01551160216331482,-0.12184919698574959,-0.24123317003250122,0.03369101881980896,-0.1277431650314611,-0.20829010009765625,-0.08350425958633423,-0.007668302882848366,-0.29663413763046265,-0.029384702444076538,-0.04579131959417282,-0.2732778787612915,0.009770900011062622,-0.0598936332617086,-0.23594027757644653,0.027969807386398315,-0.060294761345176084,-0.21830618381500244,-0.06944623589515686,0.040429328545542376,-0.2889310121536255,-0.032223910093307495,0.010440046876283304,-0.2814534306526184,-0.0016529262065887451,-0.003275562100498064,-0.25650203227996826,0.013894051313400269,-0.005989503138152941
Q,0.0,0.0,0.0,-0.04080301523208618,0.03336268663406372,-0.12626298974772965,-0.10666900873184204,0.06836169958114624,-0.18297992359420334,-0.17345333099365234,0.11145824193954468,-0.21422020803710495,-0.2402360439300537,0.14493107795715332,-0.23779609512111222,-0.19686472415924072,-0.09415140748023987,-0.12064152668735062,-0.3151704668998718,-0.04315316677093506,-0.15042179535647904,-0.37117984890937805,0.0036261677742004395,-0.1728399814250139,-0.4065420627593994,0.040474116802215576,-0.1852439166190294,-0.20519959926605225,-0.09749788045883179,-0.05788562159558808,-0.30297040939331055,-0.03530225157737732,-0.09815165858289276,-0.2879031300544739,0.007258176803588867,-0.12163278918286835,-0.2520453929901123,0.03048551082611084,-0.13077932308932816,-0.2109392285346985,-0.08408790826797485,-0.00196337249634837,-0.29949861764907837,-0.034095585346221924,-0.03859148259779488,-0.28385430574417114,0.003432631492614746,-0.057637565690484394,-0.2522466778755188,0.025841891765594482,-0.06165411781093155,-0.22203820943832397,-0.06872117519378662,0.04573481817224945,-0.2936168313026428,-0.03680601716041565,0.01818574507215942,-0.30386775732040405,-0.006151914596557617,0.0009745550547535231,-0.2968919277191162,0.015170037746429443,-0.005008753310349334
Q,0.0,0.0,0.0,-0.04209524393081665,0.03396129608154297,-0.1260477554846986,-0.10786563158035278,0.06918931007385254,-0.1822715652037843,-0.17288649082183838,0.11259496212005615,-0.2129879397202714,-0.24052387475967407,0.1456298828125,-0.23616156995785076,-0.19764143228530884,-0.09082365036010742,-0.12041802227985698,-0.3134549856185913,-0.04673829674720764,-0.15082644939911205,-0.3692401349544525,7.265806198120117e-05,-0.1736636412192567,-0.40426117181777954,0.04052072763442993,-0.18579232216369945,-0.20418542623519897,-0.0941334068775177,-0.057139045451997106,-0.30262529850006104,-0.03839677572250366,-0.09693500668299038,-0.28816843032836914,0.006446659564971924,-0.12015922636282284,-0.25156736373901367,0.032083332538604736,-0.12887459517013866,-0.20863944292068481,-0.08097928762435913,-0.0007133511921821878,-0.2979034185409546,-0.03579998016357422,-0.03776103154313404,-0.28127992153167725,0.004178881645202637,-0.05653531373035747,-0.24742454290390015,0.028130531311035156,-0.05975584954511959,-0.21789777278900146,-0.0658758282661438,0.04765190660464924,-0.2894139885902405,-0.03687945008277893,0.020607684845806773,-0.29644596576690674,-0.005044341087341309,0.004807728449584658,-0.28366488218307495,0.01758122444152832,3.988617891792501e-05
Q,0.0,0.0,0.0,-0.04037070274353027,0.03505915403366089,-0.12844987901918614,-0.10564947128295898,0.0714256763458252,-0.1855227121996137,-0.171844482421875,0.11557847261428833,-0.2161730149673673,-0.23907828330993652,0.14865189790725708,-0.23875584396593297,-0.19560736417770386,-0.09359771013259888,-0.1249288165854665,-0.312918484210968,-0.045716047286987305,-0.15586774739496434,-0.3681035041809082,0.002811729907989502,-0.17817050906889165,-0.4030803442001343,0.04399746656417847,-0.19005902799837315,-0.20442718267440796,-0.09419840574264526,-0.06033006998769963,-0.30412614345550537,-0.03502294421195984,-0.09960184934608662,-0.2868964672088623,0.010518908500671387,-0.12075105252735341,-0.24831241369247437,0.034175097942352295,-0.12833381387464726,-0.21009624004364014,-0.07935747504234314,-0.002700115452185514,-0.30061841011047363,-0.03271949291229248,-0.039822656093761566,-0.28115785121917725,0.006938517093658447,-0.057886227397844436,-0.2449832558631897,0.02982419729232788,-0.0609710136341306,-0.2203962206840515,-0.06374996900558472,0.04656193462140834,-0.28995782136917114,-0.032605767250061035,0.01801468302436149,-0.29219669103622437,-0.002789318561553955,0.0011614817048979376,-0.2753167748451233,0.016695916652679443,-0.004293618621900919
Q,0.0,0.0,0.0,-0.03797942399978638,0.034287989139556885,-0.12826765860668843,-0.10285484790802002,0.07006806135177612,-0.1862796821748418,-0.16852468252182007,0.11572140455245972,-0.21771198298088734,-0.234869122505188,0.14987826347351074,-0.24132166589848225,-0.19488292932510376,-0.09137403964996338,-0.13321511234394734,-0.3142439126968384,-0.03852945566177368,-0.16523378874413197,-0.37140604853630066,0.008525729179382324,-0.1868879028712911,-0.40958157181739807,0.04715996980667114,-0.19818338538757985,-0.205031156539917,-0.09379860758781433,-0.06891148324362462,-0.3042804002761841,-0.03264915943145752,-0.11234058226696675,-0.28450989723205566,0.00905388593673706,-0.13397070552460377,-0.243388831615448,0.03051745891571045,-0.14095078195683186,-0.21267437934875488,-0.07922676205635071,-0.010608508915225912,-0.3029929995536804,-0.030453801155090332,-0.051032377139250684,-0.28303390741348267,0.008088469505310059,-0.06852683211914723,-0.24548053741455078,0.028691589832305908,-0.0702252441202802,-0.22548127174377441,-0.061835259199142456,0.03979611237295444,-0.2973291873931885,-0.030431687831878662,0.010485065437336516,-0.3063449263572693,0.0006366968154907227,-0.005302705999980617,-0.29465776681900024,0.02134150266647339,-0.009742179617802549
Q,0.0,0.0,0.0,-0.010342240333557129,0.12316441535949707,-0.26165572878986154,-0.0807182788848877,0.23073452711105347,-0.37405921098857675,-0.17058825492858887,0.3294304609298706,-0.42198250767856393,-0.26773619651794434,0.428139328956604,-0.4560280549254969,-0.3047471344470978,-0.014271318912506104,-0.3442174601283625,-0.4950087070465088,0.09657332301139832,-0.41332248923450265,-0.5924283266067505,0.20557600259780884,-0.43736283061176096,-0.6493956446647644,0.29427504539489746,-0.44105137464671884,-0.33914822340011597,-0.046886980533599854,-0.19649008986621652,-0.5081688016653061,0.08850705623626709,-0.24862810549407754,-0.44197556376457214,0.16264361143112183,-0.22891078469424997,-0.36307451128959656,0.17395496368408203,-0.2022693562236384,-0.3578384816646576,-0.040467679500579834,-0.05949882370501314,-0.5011904239654541,0.08166936039924622,-0.12356272664933954,-0.4332723319530487,0.13777869939804077,-0.13008737144141946,-0.36242082715034485,0.14222276210784912,-0.11615338501601968,-0.3851557970046997,-0.017340898513793945,0.06388934376568045,-0.4773499667644501,0.0719664990901947,0.021301622045342583,-0.44505783915519714,0.12135434150695801,0.007178815090213675,-0.39288294315338135,0.12909239530563354,0.006763813560013432
Q,0.0,0.0,0.0,-0.039967894554138184,0.03448688983917236,-0.12553033731894914,-0.1033560037612915,0.07297468185424805,-0.1823134472222847,-0.16753923892974854,0.1184810996055603,-0.2139161279054207,-0.23464006185531616,0.15081572532653809,-0.2379131069036049,-0.19403451681137085,-0.09165364503860474,-0.12316598497348252,-0.31178995966911316,-0.04202103614807129,-0.1559484501929802,-0.368012934923172,0.0058068037033081055,-0.18080950282531205,-0.40604227781295776,0.04693615436553955,-0.194621508345179,-0.20522016286849976,-0.09246388077735901,-0.06105952836590234,-0.3057311177253723,-0.03698119521141052,-0.10321445517259065,-0.29431408643722534,0.010246574878692627,-0.12747806809859696,-0.259746253490448,0.03985387086868286,-0.13684718810038987,-0.21232551336288452,-0.07701531052589417,-0.0056669789926928615,-0.30213290452957153,-0.032756149768829346,-0.04290224738436166,-0.2897036075592041,0.007662832736968994,-0.06239105515199128,-0.25931882858276367,0.033871233463287354,-0.06643826268630448,-0.22272861003875732,-0.05984225869178772,0.04144097365421828,-0.2915646433830261,-0.03078281879425049,0.0141336951775628,-0.2998740077018738,-0.0009477734565734863,-0.002922798143870864,-0.28957033157348633,0.020637333393096924,-0.0087719888986868
Q,0.0,0.0,0.0,-0.006162285804748535,0.11126559972763062,-0.2536798229828605,-0.07511866092681885,0.21487367153167725,-0.3673367908612022,-0.1572766900062561,0.31402820348739624,-0.41790090114028544,-0.2562880218029022,0.40947091579437256,-0.4574583283081779,-0.2960977554321289,-0.010590672492980957,-0.3440368881836662,-0.47419556975364685,0.09722146391868591,-0.41622988492400737,-0.5764312446117401,0.20971453189849854,-0.44660995513351054,-0.6375527381896973,0.29749757051467896,-0.45687768966109843,-0.32417866587638855,-0.025241464376449585,-0.2014361581221351,-0.47362120449543,0.1046304702758789,-0.2516288867607841,-0.43194669485092163,0.18335247039794922,-0.23308524102122874,-0.3820433020591736,0.20049482583999634,-0.21094232410342784,-0.3431450128555298,-0.009849369525909424,-0.06939281135947795,-0.46615663170814514,0.10850882530212402,-0.12235648542792887,-0.3933769166469574,0.15544360876083374,-0.12061122417600245,-0.3257700800895691,0.15046048164367676,-0.10743828475625605,-0.37283313274383545,0.01580187678337097,0.04748930424301534,-0.4375821352005005,0.1018897294998169,0.0024638973720243484,-0.3919946551322937,0.14666873216629028,-0.012793150582922408,-0.34020739793777466,0.146079421043396,-0.013917954491091677
Q,0.0,0.0,0.0,-0.005990922451019287,0.12235423922538757,-0.2440949363482332,-0.07606250047683716,0.225852370262146,-0.35655134747150896,-0.15759527683258057,0.3199443221092224,-0.40636408159855364,-0.25798699259757996,0.4134690761566162,-0.44464129040363787,-0.2964974641799927,0.001879274845123291,-0.340561060406003,-0.47224240005016327,0.10781422257423401,-0.40168812701824663,-0.5765972137451172,0.21231365203857422,-0.4214114827883577,-0.6380079090595245,0.2944501042366028,-0.4242144806158876,-0.32018354535102844,-0.023372024297714233,-0.20011532137516497,-0.4888187050819397,0.10152322053909302,-0.2460444701683855,-0.4594447612762451,0.18917429447174072,-0.22597434947613237,-0.41304585337638855,0.22049319744110107,-0.20092356035831926,-0.33626702427864075,-0.017499804496765137,-0.066727256573472,-0.46483927965164185,0.10146400332450867,-0.11365339735868929,-0.38944828510284424,0.1565077304840088,-0.10712810436609743,-0.3232586979866028,0.15867537260055542,-0.0898305384290552,-0.3621498644351959,0.0025311410427093506,0.052923230283226985,-0.43387147784233093,0.09441390633583069,0.012464072384204883,-0.3877342939376831,0.1468004584312439,0.0025487596320772354,-0.3378634452819824,0.1526086926460266,0.006154747043069619
Q,0.0,0.0,0.0,-0.01723015308380127,0.119832843542099,-0.2380768622601579,-0.08794379234313965,0.2242431342601776,-0.3429412956679414,-0.1670094132423401,0.3222646415233612,-0.3855279202902864,-0.2653275728225708,0.4194304049015045,-0.4149703498328279,-0.3125724196434021,0.0025139153003692627,-0.3190738375628541,-0.48530739545822144,0.11115556955337524,-0.3775218542063783,-0.584734320640564,0.21757283806800842,-0.3964466567481111,-0.6447241604328156,0.2967243492603302,-0.39734898166304333,-0.3331242799758911,-0.017373114824295044,-0.17569592253809674,-0.48178111016750336,0.11576792597770691,-0.21396250681524975,-0.4083009958267212,0.18719056248664856,-0.18468527154570324,-0.3335872292518616,0.19096407294273376,-0.15124769167547925,-0.34627437591552734,-0.006635159254074097,-0.041186388894374204,-0.46906429529190063,0.11168193817138672,-0.08519550816660626,-0.3865363895893097,0.16245219111442566,-0.0812598432744096,-0.3182440996170044,0.16015878319740295,-0.06459245489483578,-0.3713628053665161,0.014142423868179321,0.08106583698148029,-0.443157434463501,0.10062167048454285,0.04944574056619899,-0.39857912063598633,0.15122726559638977,0.04128062321299808,-0.34802573919296265,0.15617325901985168,0.044980507031624484
Q,0.0,0.0,0.0,-0.012882232666015625,0.12289273738861084,-0.23328232613516775,-0.08274930715560913,0.22926688194274902,-0.33813489821864096,-0.16522979736328125,0.33087098598480225,-0.381831152710447,-0.2672489881515503,0.42675191164016724,-0.41298527863932577,-0.30585548281669617,0.0065763890743255615,-0.32354043272448507,-0.483525812625885,0.11723694205284119,-0.38611633923960653,-0.5826092660427094,0.2221890091896057,-0.4054299428792092,-0.6384979784488678,0.3015826940536499,-0.4051770105691048,-0.33148178458213806,-0.019393622875213623,-0.18297187832308737,-0.47752177715301514,0.12297680974006653,-0.22524648753119436,-0.40081554651260376,0.19180583953857422,-0.19371612218333212,-0.32136476039886475,0.19197964668273926,-0.15820698288393942,-0.346882164478302,-0.012306839227676392,-0.05077466962052313,-0.47188305854797363,0.11426490545272827,-0.1016666650505158,-0.3880320191383362,0.16363215446472168,-0.09549984184218374,-0.3167473375797272,0.1584513783454895,-0.0758916720481011,-0.3722149133682251,0.006844162940979004,0.07027490588711771,-0.4453451633453369,0.1002156138420105,0.03374929877804789,-0.3960721492767334,0.15065893530845642,0.027100374576320974,-0.34178462624549866,0.1524835228919983,0.03253070044206652
Q,0.0,0.0,0.0,-0.006690859794616699,0.11674153804779053,-0.24812672737169805,-0.0761483907699585,0.22245562076568604,-0.3527274847321564,-0.15906846523284912,0.3241252303123474,-0.3934486031823212,-0.2586304843425751,0.4222148060798645,-0.4218377590470368,-0.30370819568634033,-0.00048410892486572266,-0.33769388201761785,-0.4826892465353012,0.10686290264129639,-0.41391731503534857,-0.5866593420505524,0.2143370509147644,-0.44806699159670416,-0.6513564884662628,0.2980309724807739,-0.45837033989954534,-0.33184510469436646,-0.022120177745819092,-0.19347752335596624,-0.4746169149875641,0.11702778935432434,-0.24409156742621008,-0.41183561086654663,0.18893122673034668,-0.22242991331148687,-0.3435012102127075,0.19299465417861938,-0.19600000682402197,-0.34870874881744385,-0.012734323740005493,-0.05982544723082128,-0.4648001492023468,0.10979065299034119,-0.11813255104351583,-0.3895057737827301,0.15814465284347534,-0.11667947921085897,-0.3242282271385193,0.15168076753616333,-0.09935185763168874,-0.3742029070854187,0.010455965995788574,0.06040128243040499,-0.44208231568336487,0.10261845588684082,0.020058506325597136,-0.40110307931900024,0.14980220794677734,0.011048652388865321,-0.3534771800041199,0.14924460649490356,0.015242754638904898
Q,0.0,0.0,0.0,-0.007467210292816162,0.12224552035331726,-0.24345917735888634,-0.07824826240539551,0.22928577661514282,-0.3322893354733196,-0.1571967601776123,0.3214385509490967,-0.35339626406027946,-0.2509559094905853,0.4165533185005188,-0.36002292965247307,-0.3061005473136902,0.005145370960235596,-0.33958366249396477,-0.47686074674129486,0.10863766074180603,-0.4106713208992687,-0.5780006349086761,0.21319955587387085,-0.44506919120146904,-0.6451558470726013,0.2959226965904236,-0.4573800239403454,-0.3274378478527069,-0.016925156116485596,-0.19260661040141258,-0.474595382809639,0.11785587668418884,-0.22238619361712608,-0.4578001797199249,0.21893250942230225,-0.20223271582915459,-0.43135976791381836,0.2608516812324524,-0.18702989552809868,-0.3387320637702942,-0.007754921913146973,-0.055433620854159926,-0.45511484146118164,0.11500144004821777,-0.09706096832348976,-0.3882428705692291,0.16897863149642944,-0.10158347819640312,-0.32855141162872314,0.17387962341308594,-0.09435499940707359,-0.3573644459247589,0.016903609037399292,0.06788558031723824,-0.4258159399032593,0.10154390335083008,0.03153644766018715,-0.3941294550895691,0.15174245834350586,0.013898255148092176,-0.35092219710350037,0.16195333003997803,0.008751706064799691
Q,0.0,0.0,0.0,-0.00892859697341919,0.11750954389572144,-0.24915377734774324,-0.0799795389175415,0.22088909149169922,-0.35963460742109987,-0.16025018692016602,0.3220059871673584,-0.407209753380954,-0.25475937128067017,0.4221336841583252,-0.44322398244017336,-0.3042791783809662,-0.0004856586456298828,-0.34594312249296877,-0.480172723531723,0.11485868692398071,-0.4173851901161072,-0.5815339684486389,0.22218751907348633,-0.44386511980169985,-0.6459177732467651,0.3019360899925232,-0.4493947619068024,-0.33419835567474365,-0.021627485752105713,-0.20096309422129366,-0.47063910961151123,0.12132769823074341,-0.248359917985141,-0.40089595317840576,0.19353973865509033,-0.22021271227472994,-0.3308676481246948,0.19419199228286743,-0.1891672307121155,-0.3524462580680847,-0.009966284036636353,-0.06608285693997118,-0.47056466341018677,0.11147481203079224,-0.12102116583460543,-0.3953653872013092,0.16395217180252075,-0.12029457776421282,-0.32854098081588745,0.1598280668258667,-0.10486505119675371,-0.38031187653541565,0.013530075550079346,0.055747300995648175,-0.45123380422592163,0.100044846534729,0.017155614359438687,-0.41188228130340576,0.15015113353729248,0.005265087498486309,-0.3619173765182495,0.15320104360580444,0.006241317050665884
Q,0.0,0.0,0.0,-0.00884026288986206,0.12823960185050964,-0.24897318794461398,-0.08054500818252563,0.2366020381450653,-0.3476408840629688,-0.16772204637527466,0.33199790120124817,-0.38045800938340335,-0.26731646060943604,0.4298788011074066,-0.39793751849862247,-0.30666613578796387,-0.010765135288238525,-0.34108738317223697,-0.5051732659339905,0.09029126167297363,-0.4080881895038715,-0.6001283228397369,0.2041015326976776,-0.42832560553284793,-0.6531932950019836,0.2922419607639313,-0.42752559199067264,-0.33701446652412415,-0.04654437303543091,-0.19533650293084293,-0.5168471336364746,0.08062022924423218,-0.24825444533558993,-0.44702208042144775,0.16178181767463684,-0.2257902295801273,-0.359569787979126,0.17352703213691711,-0.19404983236523776,-0.3514612913131714,-0.041328638792037964,-0.05854435353609233,-0.49933964014053345,0.0842595100402832,-0.12094992115231662,-0.43264761567115784,0.13783559203147888,-0.12647479488583713,-0.36596569418907166,0.13733837008476257,-0.10980114056798129,-0.3758190870285034,-0.015396028757095337,0.0665446995284924,-0.46457725763320923,0.07848367094993591,0.02877050363389344,-0.42845121026039124,0.12334606051445007,0.019264125311053704,-0.3774832487106323,0.12116804718971252,0.02305928715435357
Q,0.0,0.0,0.0,-0.00913161039352417,0.11779758334159851,-0.2555670206413083,-0.07841557264328003,0.2200697660446167,-0.3700645928249173,-0.16144919395446777,0.3165382146835327,-0.4215138618812375,-0.25226137042045593,0.4190952777862549,-0.46084008263204623,-0.30237776041030884,-0.0005669891834259033,-0.347383088336926,-0.4772404432296753,0.1118631660938263,-0.4155968491897397,-0.5760451555252075,0.21922051906585693,-0.4362858598098569,-0.6376318335533142,0.29650789499282837,-0.4371103708610349,-0.32999375462532043,-0.023389697074890137,-0.20008737491224338,-0.4760619103908539,0.1137344241142273,-0.24961306797121097,-0.40270066261291504,0.19054031372070312,-0.21819808231447269,-0.32879045605659485,0.193456768989563,-0.18194227562997867,-0.34576085209846497,-0.013249009847640991,-0.06344759361599017,-0.4698687493801117,0.10319432616233826,-0.12248510764692355,-0.3946499228477478,0.15924525260925293,-0.12187334792469073,-0.3264520466327667,0.1570345163345337,-0.10373874651048709,-0.3738348186016083,0.008474290370941162,0.05987805230762433,-0.45311450958251953,0.08948096632957458,0.01985967448200654,-0.4188411235809326,0.14090502262115479,0.007194294689554681,-0.37158679962158203,0.14579027891159058,0.008223194724280347
Q,0.0,0.0,0.0,-0.014601588249206543,0.11221730709075928,-0.24308948877063585,-0.08261126279830933,0.21418485045433044,-0.34315474989620043,-0.15999889373779297,0.30955013632774353,-0.37836300494876696,-0.24887365102767944,0.41284605860710144,-0.40086444380489183,-0.3086378574371338,-0.004062145948410034,-0.33811255457607103,-0.47613343596458435,0.094808429479599,-0.4029780245086272,-0.5729460418224335,0.1981528103351593,-0.426988116528662,-0.6343125998973846,0.27546682953834534,-0.4314617431422789,-0.32821083068847656,-0.021991759538650513,-0.19247496786323381,-0.4630292057991028,0.1044817566871643,-0.22245504620281054,-0.4065852165222168,0.18123063445091248,-0.19029601576534105,-0.3536199927330017,0.19329258799552917,-0.1623843974134047,-0.33899256587028503,-0.011184334754943848,-0.05662579002586199,-0.44870203733444214,0.10026243329048157,-0.09980385663715197,-0.3759700655937195,0.14909961819648743,-0.0990960663816054,-0.3180963397026062,0.14752891659736633,-0.08793953719344927,-0.3603730797767639,0.01127895712852478,0.06632022646459745,-0.4221925735473633,0.09433776140213013,0.03314467233809637,-0.3840734362602234,0.14161285758018494,0.020877537254420986,-0.3391587734222412,0.1443651020526886,0.019345072034923305
Q,0.0,0.0,0.0,-0.017546772956848145,0.11925274133682251,-0.2310043528015342,-0.09126907587051392,0.22578465938568115,-0.330446596377584,-0.17723411321640015,0.32814115285873413,-0.37059983157465126,-0.2685336470603943,0.4270145297050476,-0.39875256561586525,-0.306625634431839,-0.004137516021728516,-0.31797176145860817,-0.48897287249565125,0.10105589032173157,-0.39404150389978554,-0.590782880783081,0.20784419775009155,-0.4320679857666221,-0.655577540397644,0.2920415997505188,-0.4461106910640922,-0.33724597096443176,-0.03227612376213074,-0.18434242450544502,-0.4837823510169983,0.1068372130393982,-0.22937982820818092,-0.4241091012954712,0.18822908401489258,-0.20647139393636849,-0.34818506240844727,0.1980077624320984,-0.18106662773439552,-0.350824236869812,-0.022304952144622803,-0.06097086810419228,-0.4847065508365631,0.1009293794631958,-0.11314796202728417,-0.41843026876449585,0.16083383560180664,-0.10790884041139748,-0.3473777770996094,0.16468411684036255,-0.09000567638227608,-0.36928248405456543,0.000202864408493042,0.049416192687061766,-0.4468201994895935,0.08740347623825073,0.010742304726448992,-0.41632407903671265,0.1440701186656952,0.003494956643265823,-0.36860913038253784,0.15642452239990234,0.008619303694871405
Q,0.0,0.0,0.0,-0.0023502111434936523,0.12052428722381592,-0.26748845582312697,-0.06940609216690063,0.2244362235069275,-0.392744129946891,-0.15273267030715942,0.32139432430267334,-0.45254898672408217,-0.2517569065093994,0.4183847904205322,-0.500684416344825,-0.27979594469070435,-0.019681155681610107,-0.3763195932418739,-0.4690781533718109,0.08125999569892883,-0.4526607752353584,-0.5811891853809357,0.18624114990234375,-0.481459265998069,-0.6451694071292877,0.274761438369751,-0.48911607866591567,-0.3171378970146179,-0.04328268766403198,-0.2281696260482704,-0.4984099566936493,0.07770833373069763,-0.27489868407553786,-0.49365904927253723,0.16846144199371338,-0.2515852809459602,-0.46870115399360657,0.21201223134994507,-0.22877592449492568,-0.34156474471092224,-0.039379626512527466,-0.08981920634812468,-0.48763415217399597,0.07990860939025879,-0.13841346507376784,-0.42343926429748535,0.1313464641571045,-0.12902005617922896,-0.3564412295818329,0.13760817050933838,-0.11206243788308257,-0.37201356887817383,-0.018598735332489014,0.031730187633570495,-0.4554142355918884,0.06442674994468689,-0.00778681314966434,-0.42195695638656616,0.11323845386505127,-0.017635290002885995,-0.3737081289291382,0.12231922149658203,-0.01697679837650412
Q,0.0,0.0,0.0,-0.016543328762054443,0.11288467049598694,-0.2225558920620898,-0.10373103618621826,0.2180270552635193,-0.31803150613298214,-0.19938981533050537,0.3232068717479706,-0.3607743843316058,-0.29322052001953125,0.4130918085575104,-0.3912071450470904,-0.3098895251750946,-0.022768959403038025,-0.2875064774273852,-0.509249746799469,0.08915358781814575,-0.3569105132340411,-0.604320764541626,0.19135144352912903,-0.38335554440011776,-0.6663581728935242,0.27219757437705994,-0.39065434176912106,-0.34645313024520874,-0.05634438991546631,-0.16937318582525052,-0.492057740688324,0.10205912590026855,-0.23049807686795987,-0.4205598831176758,0.18290302157402039,-0.21718680996885098,-0.34417781233787537,0.18764746189117432,-0.19346183676709927,-0.36122551560401917,-0.04388052225112915,-0.06193049017777241,-0.48912936449050903,0.10131567716598511,-0.13316662747850216,-0.4167911112308502,0.16303732991218567,-0.13305628437986172,-0.344940721988678,0.16137346625328064,-0.11261674900045193,-0.38257715106010437,-0.01272532343864441,0.033144196975328555,-0.4699978828430176,0.09169656038284302,-0.02391196739365853,-0.4346560835838318,0.1374538242816925,-0.036892303717039,-0.3836836814880371,0.13350701332092285,-0.0307431327967862
Q,0.0,0.0,0.0,-0.01646733283996582,0.11674061417579651,-0.1936651898032835,-0.1017637848854065,0.22886568307876587,-0.275287909567993,-0.1976388692855835,0.3386097252368927,-0.3131895495063475,-0.29418230056762695,0.4265742599964142,-0.3384645414954832,-0.3146578073501587,0.007613822817802429,-0.2316302788860014,-0.511398434638977,0.11132538318634033,-0.28724701529804975,-0.6036305129528046,0.2052634060382843,-0.3046496046191862,-0.6623242199420929,0.2847426235675812,-0.3075624240047148,-0.34900525212287903,-0.029324501752853394,-0.13210660046402722,-0.4939548969268799,0.1299656629562378,-0.19368830150429517,-0.4199649691581726,0.20392921566963196,-0.18550848788086682,-0.34267085790634155,0.20510467886924744,-0.162185846031349,-0.3593212962150574,-0.02335287630558014,-0.042614190042655764,-0.48813116550445557,0.12066212296485901,-0.11436282670561582,-0.41441142559051514,0.17817234992980957,-0.11516713178221494,-0.34140026569366455,0.17444023489952087,-0.09225270724360257,-0.3749235272407532,0.003073453903198242,0.03629582175548762,-0.46994051337242126,0.10922586917877197,-0.020376905933659373,-0.43179890513420105,0.15485888719558716,-0.03272369703714162,-0.380046010017395,0.15093371272087097,-0.02416310100321084
Q,0.0,0.0,0.0,0.02977651357650757,0.16589343547821045,-0.1153834222359933,-0.0539669394493103,0.3094956874847412,-0.1697417853875436,-0.16134756803512573,0.41051071882247925,-0.19324687705471888,-0.25280821323394775,0.4967711567878723,-0.21410693810418024,-0.15267914533615112,0.1582503318786621,-0.21234408603146449,-0.34255945682525635,0.13761460781097412,-0.2668656914038934,-0.43878963589668274,0.15300703048706055,-0.2960796265406884,-0.4980347454547882,0.17749455571174622,-0.3100269048018731,-0.1983444094657898,0.0895051658153534,-0.16066346154644862,-0.3924047648906708,0.09757769107818604,-0.21187621937230006,-0.42113128304481506,0.14824610948562622,-0.22314207838013544,-0.4081619083881378,0.17263084650039673,-0.2280773429675378,-0.21862417459487915,0.054649531841278076,-0.10940465913250819,-0.38781845569610596,0.10163165628910065,-0.15733600244954005,-0.3957401514053345,0.19616466760635376,-0.17000352428391352,-0.3708854615688324,0.2450816035270691,-0.1692079065842904,-0.22634553909301758,0.0558842271566391,-0.0625226108832635,-0.36570674180984497,0.12262997031211853,-0.1040381251378335,-0.41508224606513977,0.21440905332565308,-0.12358830706313029,-0.43228596448898315,0.2652064859867096,-0.13126960978939906
Q,0.0,0.0,0.0,0.0014960765838623047,0.11194464564323425,-0.26506616247438686,-0.07245701551437378,0.2123199999332428,-0.3900324560477664,-0.1553936004638672,0.3047693073749542,-0.44144766104959743,-0.25543004274368286,0.3923954665660858,-0.47960381282114284,-0.23501980304718018,-0.026309937238693237,-0.4501716352775027,-0.4261370599269867,0.0940733253955841,-0.536960885651343,-0.5306732654571533,0.20090213418006897,-0.5572924472167422,-0.6016491949558258,0.2850710451602936,-0.5592089153602053,-0.29221123456954956,-0.06101694703102112,-0.3055681742503573,-0.4636208117008209,0.1001996099948883,-0.3570400334670474,-0.38641679286956787,0.17417553067207336,-0.3103133894278933,-0.30319565534591675,0.17782971262931824,-0.27264837992929714,-0.331285297870636,-0.055654376745224,-0.1664303548409869,-0.47737717628479004,0.08398428559303284,-0.221789479978316,-0.3949977457523346,0.14307579398155212,-0.19678536129736202,-0.3215417265892029,0.14559760689735413,-0.1724928922727038,-0.36473870277404785,-0.03449365496635437,-0.04193604064726131,-0.4510905146598816,0.06151631474494934,-0.08367545974993007,-0.41377782821655273,0.11934617161750793,-0.08553701711439388,-0.3588750958442688,0.1333571970462799,-0.08258603585504787
Q,0.0,0.0,0.0,-0.004939615726470947,0.1091063916683197,-0.2538357418107893,-0.0787704586982727,0.20368912816047668,-0.3715817373323347,-0.15984296798706055,0.2876112163066864,-0.4183244746255781,-0.26285505294799805,0.36723437905311584,-0.450655881695738,-0.2470971941947937,-0.019702643156051636,-0.4216837924051191,-0.42257556319236755,0.10402342677116394,-0.49066576772212045,-0.5153161585330963,0.21607741713523865,-0.49706328325747506,-0.5763077139854431,0.29816630482673645,-0.49074736648081796,-0.29465264081954956,-0.04920375347137451,-0.2779789608049299,-0.44666939973831177,0.10730502009391785,-0.31335577779292123,-0.3632686734199524,0.18066397309303284,-0.2569183748292829,-0.2883458733558655,0.18076500296592712,-0.21419835501193063,-0.3256750702857971,-0.043777674436569214,-0.139842111997595,-0.4559894800186157,0.0887821614742279,-0.18154189401148813,-0.3734152913093567,0.1441350281238556,-0.15265116506098764,-0.30612146854400635,0.1463855803012848,-0.1287392716932203,-0.3551309108734131,-0.02608180046081543,-0.015754592053880856,-0.44218528270721436,0.05654284358024597,-0.052863750987043545,-0.419169545173645,0.1151762306690216,-0.05758056455134408,-0.3799430727958679,0.13606902956962585,-0.0575403165149595
Q,0.0,0.0,0.0,-0.010518074035644531,0.11911556124687195,-0.24260764081213892,-0.08109647035598755,0.22511035203933716,-0.3543761547300619,-0.15734905004501343,0.327619731426239,-0.40288739163611353,-0.2507474422454834,0.42798101902008057,-0.43935387093756617,-0.28009915351867676,-0.009696036577224731,-0.3532893236372274,-0.45877087116241455,0.09201914072036743,-0.42582591135237635,-0.5760846138000488,0.1875084638595581,-0.4555004711839956,-0.6480573415756226,0.26802414655685425,-0.46476637084219874,-0.3152960240840912,-0.03557944297790527,-0.2118934418651861,-0.4836578816175461,0.0807216465473175,-0.2581590290758413,-0.44971227645874023,0.16027206182479858,-0.23518240709040583,-0.3870556950569153,0.1904832124710083,-0.2101556684467596,-0.33641332387924194,-0.031001240015029907,-0.07776228595707835,-0.4781121611595154,0.07955315709114075,-0.12342798967097224,-0.41638368368148804,0.13373500108718872,-0.11655513454411448,-0.3495561182498932,0.14512282609939575,-0.10107284296486796,-0.36233487725257874,-0.011531651020050049,0.04285740595128118,-0.4404824376106262,0.07163295149803162,0.007365436980535378,-0.4137614965438843,0.1264006495475769,-0.0027632934618395666,-0.3726445138454437,0.14408975839614868,-0.002345115888829241
Q,0.0,0.0,0.0,-0.012537539005279541,0.12027531862258911,-0.24866326601107858,-0.09380722045898438,0.2149372100830078,-0.36424263269503854,-0.18308573961257935,0.2964705228805542,-0.4087354436596229,-0.2833470106124878,0.3832436203956604,-0.44015120417674325,-0.26036536693573,-0.001756429672241211,-0.4125416770656898,-0.4338573217391968,0.12373733520507812,-0.47367747575839303,-0.5319074094295502,0.22756969928741455,-0.4783370688637092,-0.5914914309978485,0.30544960498809814,-0.47092380077441476,-0.2973126173019409,-0.03796201944351196,-0.26909925491412423,-0.4593079090118408,0.10920876264572144,-0.30177189857562325,-0.3831658959388733,0.1788613200187683,-0.2560705438335731,-0.30483293533325195,0.1829392910003662,-0.22201469988425515,-0.32573896646499634,-0.040684789419174194,-0.1288032129486396,-0.46051478385925293,0.08596247434616089,-0.16458958835204385,-0.37939801812171936,0.14499986171722412,-0.14391519577105782,-0.31141167879104614,0.15392976999282837,-0.1280502572735145,-0.35232746601104736,-0.031568706035614014,-0.0017785349008931917,-0.4369248151779175,0.06249654293060303,-0.030494580798347215,-0.4091402292251587,0.1158178448677063,-0.03494345099528573,-0.3671015799045563,0.13543719053268433,-0.037005361922581415
Q,0.0,0.0,0.0,-0.007737934589385986,0.1108505129814148,-0.25744489793379444,-0.08888602256774902,0.20372366905212402,-0.37694011096556324,-0.17540663480758667,0.28435850143432617,-0.42401833300192493,-0.2798699140548706,0.37181270122528076,-0.4576594925363793,-0.25655674934387207,-0.015235990285873413,-0.4326141870458855,-0.4323572814464569,0.11072814464569092,-0.4997693098028435,-0.529545247554779,0.21855062246322632,-0.5051718152006401,-0.5934500694274902,0.30335938930511475,-0.49889893297751087,-0.29998987913131714,-0.046330273151397705,-0.28731791143019336,-0.47021958231925964,0.09799164533615112,-0.33156699900229114,-0.39924097061157227,0.17544639110565186,-0.2860019302805199,-0.3190307021141052,0.19035470485687256,-0.248985806747271,-0.3289452791213989,-0.04410150647163391,-0.14521891836722034,-0.47149384021759033,0.07695168256759644,-0.19118351702292102,-0.39541804790496826,0.14135468006134033,-0.16806758408148426,-0.3245564103126526,0.1574850082397461,-0.14669216637213367,-0.35581839084625244,-0.030225932598114014,-0.017093539505196986,-0.4473993480205536,0.053174614906311035,-0.05449646179278034,-0.4223645031452179,0.11527645587921143,-0.06057146032054561,-0.3779551684856415,0.14255493879318237,-0.06164059628446239
Q,0.0,0.0,0.0,-0.0004442930221557617,0.11259517073631287,-0.2406556556842645,-0.07798218727111816,0.21032306551933289,-0.35290650528887113,-0.15883183479309082,0.2990129292011261,-0.39688105386713346,-0.25346237421035767,0.3976181447505951,-0.42976380390146574,-0.25239408016204834,0.00021460652351379395,-0.4105649988077005,-0.42330512404441833,0.11523124575614929,-0.49133924645403226,-0.52462238073349,0.21506670117378235,-0.5143643419168313,-0.5918105840682983,0.29794570803642273,-0.5173350374124368,-0.29469913244247437,-0.03177371621131897,-0.2696163753888925,-0.44607871770858765,0.11491534113883972,-0.3160340289495309,-0.38040465116500854,0.191590815782547,-0.2730996708295663,-0.3048939108848572,0.20828327536582947,-0.2364507864139398,-0.3211972415447235,-0.03010159730911255,-0.1327486584804376,-0.44007378816604614,0.10269954800605774,-0.18276707333544095,-0.35650110244750977,0.15576007962226868,-0.16072347265699705,-0.2860878109931946,0.1586463749408722,-0.13606009882906278,-0.3479893207550049,-0.01403382420539856,-0.007880531894358,-0.4204573333263397,0.0817846953868866,-0.04577357200005849,-0.3765328526496887,0.13483938574790955,-0.04853488755443891,-0.3230099380016327,0.14711704850196838,-0.04458205652454694
Q,0.0,0.0,0.0,-5.9545040130615234e-05,0.11766648292541504,-0.25693598691938746,-0.07834947109222412,0.2127087116241455,-0.3741902739238583,-0.16429901123046875,0.2980501055717468,-0.420240047616943,-0.26101696491241455,0.39086878299713135,-0.452067497415527,-0.25460898876190186,-0.007784157991409302,-0.42584601346968043,-0.4389573037624359,0.11983716487884521,-0.5056589872073971,-0.5322927832603455,0.22983002662658691,-0.5183631211948239,-0.5910809636116028,0.31079167127609253,-0.5124136239719235,-0.30307531356811523,-0.03816521167755127,-0.27803799812315333,-0.45830512046813965,0.12414509057998657,-0.32151049677847254,-0.3744429349899292,0.19439327716827393,-0.2641247541141354,-0.29535824060440063,0.19200128316879272,-0.21629938785551417,-0.33423691987991333,-0.031215637922286987,-0.13740736548422205,-0.46787261962890625,0.10383135080337524,-0.1880601674747311,-0.385727196931839,0.15856009721755981,-0.1623093516063534,-0.31239283084869385,0.16052579879760742,-0.13442761008261073,-0.36523741483688354,-0.010519176721572876,-0.010711648730620027,-0.4554029107093811,0.07013261318206787,-0.05383968655584681,-0.43722790479660034,0.12524616718292236,-0.06341632757900584,-0.39813917875289917,0.14446401596069336,-0.06356644932745326
Q,0.0,0.0,0.0,-0.0036164522171020508,0.11793121695518494,-0.24979185630390077,-0.07445967197418213,0.21963295340538025,-0.36373574604103,-0.14781928062438965,0.3151334822177887,-0.4064353810698691,-0.24626606702804565,0.4035378396511078,-0.43476931323120027,-0.2537429928779602,0.0026256144046783447,-0.4128217207343283,-0.42519018054008484,0.1192384660243988,-0.48322961796829134,-0.521856963634491,0.23172596096992493,-0.49686775673934847,-0.5846850574016571,0.31089887022972107,-0.4953858958632651,-0.2945602536201477,-0.025823593139648438,-0.26568452586242586,-0.44634342193603516,0.11671730875968933,-0.2982485996634665,-0.3713446259498596,0.1907314956188202,-0.24689320792266756,-0.2975611686706543,0.194545716047287,-0.2090290146023932,-0.32226160168647766,-0.018492847681045532,-0.12396937181064516,-0.45630741119384766,0.10666283965110779,-0.1615201639086905,-0.3744834065437317,0.15794309973716736,-0.13845173586913972,-0.3063200116157532,0.15510490536689758,-0.11910955925294786,-0.3530365228652954,0.001063704490661621,0.0042403252719935836,-0.44626879692077637,0.08583000302314758,-0.03262232561418443,-0.4305655360221863,0.13720503449440002,-0.04265044946977525,-0.39758622646331787,0.14997974038124084,-0.04628141169258981
Q,0.0,0.0,0.0,0.00550764799118042,0.11449015140533447,-0.2585036021154341,-0.060324907302856445,0.21022653579711914,-0.3809927266519484,-0.13775849342346191,0.30714792013168335,-0.4282489877622542,-0.23680174350738525,0.3988431692123413,-0.461004481879991,-0.23120450973510742,-0.008538961410522461,-0.45530481752566665,-0.4106171727180481,0.10354775190353394,-0.541243807641786,-0.514246255159378,0.22053176164627075,-0.5561190408151564,-0.5771579146385193,0.30609965324401855,-0.5528767269533095,-0.2846366763114929,-0.03750717639923096,-0.3068327766340193,-0.4381178021430969,0.10926729440689087,-0.3422824006956038,-0.358462393283844,0.17966806888580322,-0.2754360896032271,-0.28944289684295654,0.17649877071380615,-0.22749745961837142,-0.32199618220329285,-0.034092605113983154,-0.16432483610324233,-0.4508174955844879,0.09380918741226196,-0.20739920553378433,-0.3633156418800354,0.1447923183441162,-0.1703405093830046,-0.29796624183654785,0.1413123607635498,-0.14234480377845138,-0.35500237345695496,-0.018661409616470337,-0.03614362445287078,-0.4356321096420288,0.06593024730682373,-0.07968082395009368,-0.40746235847473145,0.12034773826599121,-0.0836914193313536,-0.3667457103729248,0.1366187334060669,-0.08263534423522323
Q,0.0,0.0,0.0,-0.002550780773162842,0.12077939510345459,-0.2534771489196572,-0.07260370254516602,0.2185826301574707,-0.3828162776523385,-0.14465731382369995,0.3135925531387329,-0.4398036824756417,-0.24699479341506958,0.4024883508682251,-0.48451568952138757,-0.24459761381149292,0.002568483352661133,-0.4511208759837899,-0.42174801230430603,0.12014776468276978,-0.5238853620582375,-0.5230287909507751,0.23483526706695557,-0.5302024411254678,-0.5829043388366699,0.3180534243583679,-0.5226325320297036,-0.2912907600402832,-0.03153383731842041,-0.30197849145467615,-0.44620251655578613,0.1137923002243042,-0.3309567796283517,-0.3736596405506134,0.18201839923858643,-0.2674308048778329,-0.3060375452041626,0.18287140130996704,-0.2230300830894265,-0.32414016127586365,-0.03399321436882019,-0.15557130446966028,-0.45043978095054626,0.0921858549118042,-0.18007697930868005,-0.36323991417884827,0.14171594381332397,-0.1377494411760125,-0.2943612337112427,0.14073646068572998,-0.11127465239103174,-0.3547556400299072,-0.019930481910705566,-0.02410474067862367,-0.4312715530395508,0.0621647834777832,-0.052347440480545515,-0.4071425199508667,0.11356717348098755,-0.051834985821798796,-0.3726031184196472,0.12960821390151978,-0.05046610927517747
Q,0.0,0.0,0.0,-0.00200575590133667,0.11645931005477905,-0.26072506453756716,-0.07518291473388672,0.21307611465454102,-0.3843121662354889,-0.14647972583770752,0.31248342990875244,-0.4332890346265259,-0.24492013454437256,0.40678536891937256,-0.46870361115698245,-0.2485474944114685,-0.006461381912231445,-0.44830505397085574,-0.42493948340415955,0.10943114757537842,-0.5253740682816925,-0.5214613676071167,0.22863668203353882,-0.5393436684823456,-0.5814350545406342,0.315373957157135,-0.5372388496613922,-0.2934449315071106,-0.0332888662815094,-0.29484517719511416,-0.44715285301208496,0.10984808206558228,-0.32955045845274356,-0.3770727813243866,0.18171530961990356,-0.27468056823973086,-0.30994701385498047,0.18382012844085693,-0.23619478788141635,-0.3260315954685211,-0.027947187423706055,-0.14574526097540286,-0.4571307301521301,0.09529995918273926,-0.18176661278967288,-0.3717591166496277,0.14656943082809448,-0.1520509108519974,-0.30245158076286316,0.14403969049453735,-0.13098499026064303,-0.3571820855140686,-0.009950459003448486,-0.01129519600335982,-0.43744564056396484,0.07201272249221802,-0.047578791490835215,-0.4088253974914551,0.12400490045547485,-0.05385760065082934,-0.3674049973487854,0.13603615760803223,-0.05591622959737208
Q,0.0,0.0,0.0,0.0023850202560424805,0.11394935846328735,-0.2592545760732321,-0.06544184684753418,0.21387773752212524,-0.38815388213211577,-0.13280540704727173,0.314694344997406,-0.44347772131973784,-0.23286187648773193,0.4056618809700012,-0.48645833264404814,-0.2328818440437317,-0.004290163516998291,-0.4597647203069357,-0.406223863363266,0.10938137769699097,-0.5329306138616232,-0.5096385478973389,0.22227269411087036,-0.5394393218618063,-0.5751630365848541,0.30544668436050415,-0.5337681187253622,-0.281014621257782,-0.031043201684951782,-0.31343063841873686,-0.4499863386154175,0.1054990291595459,-0.34990576039368193,-0.4226919114589691,0.19810569286346436,-0.2981088174443869,-0.3846168518066406,0.2315424084663391,-0.2623908234697012,-0.3166378438472748,-0.02850019931793213,-0.1695510907035498,-0.4492504596710205,0.0949941873550415,-0.2042744917731909,-0.3614882230758667,0.1423054337501526,-0.16947919260078947,-0.29012009501457214,0.1410343050956726,-0.14553062747532408,-0.3491373658180237,-0.011585056781768799,-0.041006849513593124,-0.42884495854377747,0.07322341203689575,-0.07871542255693953,-0.3949117064476013,0.1220395565032959,-0.08071406315380614,-0.34916621446609497,0.13393539190292358,-0.07918797563129942
Q,0.0,0.0,0.0,0.009001851081848145,0.11145168542861938,-0.27043096220347707,-0.0530206561088562,0.2107256054878235,-0.4063846865877849,-0.12005019187927246,0.3093506693840027,-0.46619815623614613,-0.21992701292037964,0.40610015392303467,-0.513562122939561,-0.22130584716796875,-0.009738326072692871,-0.4824025431856853,-0.3996882140636444,0.10524356365203857,-0.5646707812533123,-0.501290500164032,0.22611337900161743,-0.5748334327921611,-0.5657897591590881,0.31330054998397827,-0.5703033605799419,-0.27266573905944824,-0.03763744235038757,-0.3314318755850536,-0.4310585856437683,0.0977901816368103,-0.37305484211299245,-0.362353652715683,0.17481625080108643,-0.3135050038084728,-0.29614609479904175,0.180325448513031,-0.27156550681445424,-0.31083962321281433,-0.03204253315925598,-0.18413739895675008,-0.4417269229888916,0.08803319931030273,-0.2273509601340038,-0.3501484990119934,0.13886499404907227,-0.19101209437701527,-0.28028956055641174,0.13453257083892822,-0.16611608362052266,-0.3468872904777527,-0.015182852745056152,-0.05203611275408093,-0.4247279763221741,0.06799691915512085,-0.09311951941106145,-0.3833484649658203,0.11940640211105347,-0.09363889193389241,-0.33228084444999695,0.13101410865783691,-0.09238232916447942
