label,f0,f1,f2,f3,f4,f5,f6,f7,f8,f9,f10,f11,f12,f13,f14,f15,f16,f17,f18,f19,f20,f21,f22,f23,f24,f25,f26,f27,f28,f29,f30,f31,f32,f33,f34,f35,f36,f37,f38,f39,f40,f41,f42,f43,f44,f45,f46,f47,f48,f49,f50,f51,f52,f53,f54,f55,f56,f57,f58,f59,f60,f61,f62
R,0.0,0.0,0.0,0.1167999804019928,-0.0694655179977417,-0.1518403029045885,0.14085093140602112,-0.2536029815673828,-0.16926212962482623,0.03176146745681763,-0.3656536042690277,-0.15896122511242083,-0.0857681930065155,-0.4072708487510681,-0.1338186895451372,0.1730174720287323,-0.4007765054702759,-0.06191165726397685,0.14777317643165588,-0.5730598866939545,-0.1132101302943056,0.11067637801170349,-0.6904707551002502,-0.1479892468056505,0.07401922345161438,-0.788559764623642,-0.16866197045658282,0.0843687355518341,-0.398784339427948,-0.02608692254636935,0.10518866777420044,-0.5980020761489868,-0.07729401793096713,0.11660626530647278,-0.7136932909488678,-0.10505529846761874,0.12154430150985718,-0.8071319758892059,-0.11047217603538684,-0.010860338807106018,-0.3644695281982422,-0.0146083196601694,-0.05226512253284454,-0.4849375784397125,-0.1424295192560976,-0.02443110942840576,-0.34712111949920654,-0.17652431484077624,-0.0021631717681884766,-0.2697490453720093,-0.15378535147522143,-0.09903921186923981,-0.30712419748306274,-0.013541825858396805,-0.10811857879161835,-0.39712241291999817,-0.1253515517315691,-0.07105797529220581,-0.3003731369972229,-0.1416411137184923,-0.061420053243637085,-0.22937923669815063,-0.126114714702112
R,0.0,0.0,0.0,0.06384873390197754,-0.06646931171417236,-0.05938880786874279,0.08195793628692627,-0.1676991581916809,-0.07542805269935116,0.015440642833709717,-0.23912495374679565,-0.08691813693025097,-0.05254805088043213,-0.28298020362854004,-0.09352056578376278,0.07932853698730469,-0.27297472953796387,-0.017385021677398527,0.056012094020843506,-0.3847721815109253,-0.05535570800878986,0.02785956859588623,-0.4526993930339813,-0.08190140024402126,-0.005210161209106445,-0.5121190845966339,-0.09581284121253475,0.021589934825897217,-0.268427312374115,-0.012687042249524438,0.025164663791656494,-0.40377146005630493,-0.05686509505488857,0.0220869779586792,-0.48286306858062744,-0.08089919284560665,0.014961719512939453,-0.5475228726863861,-0.08572807804324611,-0.032150328159332275,-0.24158281087875366,-0.01803796448388084,-0.06748205423355103,-0.29856640100479126,-0.09603851929881557,-0.04634314775466919,-0.2184232473373413,-0.10999013379790767,-0.02424168586730957,-0.1665632128715515,-0.09079630569198116,-0.08186769485473633,-0.20195531845092773,-0.026803334137582624,-0.09684324264526367,-0.24684518575668335,-0.08801032499053463,-0.07488405704498291,-0.18375277519226074,-0.08598128602483257,-0.05668729543685913,-0.13924705982208252,-0.06646567479350551
R,0.0,0.0,0.0,0.0683596134185791,-0.06705212593078613,-0.052353378708346554,0.08151274919509888,-0.1737111210823059,-0.06306913899896927,0.011349201202392578,-0.24451416730880737,-0.07086086678026504,-0.05303722620010376,-0.285042941570282,-0.0736790116381485,0.07763040065765381,-0.27461785078048706,-0.0047982799325723136,0.054343342781066895,-0.38435202836990356,-0.03872656854508705,0.028886616230010986,-0.45127367973327637,-0.0636191110563118,-0.0008506178855895996,-0.5083295106887817,-0.07757431673525161,0.021068096160888672,-0.2676171660423279,-0.004575567643030354,0.02289515733718872,-0.40477675199508667,-0.04554845425008125,0.018181681632995605,-0.4838307499885559,-0.07006765561817474,0.008039593696594238,-0.548705130815506,-0.07608977365015335,-0.030486226081848145,-0.23838144540786743,-0.01433116136757917,-0.06631845235824585,-0.2976340651512146,-0.09159579532860107,-0.0417017936706543,-0.21865421533584595,-0.10711545902012176,-0.0182112455368042,-0.1690869927406311,-0.08946258979557342,-0.0801091194152832,-0.19464826583862305,-0.026981667007191845,-0.09491515159606934,-0.24313348531723022,-0.08873890745161361,-0.06936722993850708,-0.18071061372756958,-0.08839369970081634,-0.04994606971740723,-0.13737761974334717,-0.0708185698342163
R,0.0,0.0,0.0,0.06627881526947021,-0.07206416130065918,-0.0503003493473102,0.07612490653991699,-0.18096184730529785,-0.06114618932457461,0.007503330707550049,-0.25384020805358887,-0.070462555490451,-0.05811864137649536,-0.287747859954834,-0.07548380722852244,0.06858563423156738,-0.27586829662323,-0.00494494322316541,0.04058384895324707,-0.38755714893341064,-0.04075027336926951,0.012971222400665283,-0.4547509551048279,-0.06617435892673029,-0.018321514129638672,-0.5116108655929565,-0.0801434077844192,0.015386998653411865,-0.2677285671234131,-0.005162993311898845,0.016113698482513428,-0.40702348947525024,-0.04949322050066485,0.008209049701690674,-0.48650169372558594,-0.07439742317052378,-0.004373371601104736,-0.5509739220142365,-0.07966419389100565,-0.03320646286010742,-0.23913872241973877,-0.014994212292151587,-0.07621991634368896,-0.30133694410324097,-0.09358186354489817,-0.051297903060913086,-0.2248052954673767,-0.10723632653804316,-0.02441006898880005,-0.17349565029144287,-0.08768896838279261,-0.07993811368942261,-0.19634169340133667,-0.02755911541731848,-0.10505765676498413,-0.2474895715713501,-0.08823833694310679,-0.07967185974121094,-0.18658190965652466,-0.08538503279538645,-0.05534738302230835,-0.14169204235076904,-0.06574496706576838
R,0.0,0.0,0.0,0.06811171770095825,-0.07133418321609497,-0.05219518859405525,0.07178902626037598,-0.18450027704238892,-0.055967834782791215,-0.00711512565612793,-0.24691057205200195,-0.05635766778607376,-0.07906031608581543,-0.2786988615989685,-0.05161032919306763,0.05164617300033569,-0.2878149747848511,0.007600621781307382,0.022124826908111572,-0.3921314477920532,-0.01740718912799366,-0.005864143371582031,-0.4548805058002472,-0.03643688653130539,-0.036024630069732666,-0.5085744857788086,-0.04773090500850685,-0.003576338291168213,-0.276294469833374,0.007368096145796699,-0.009187400341033936,-0.41420483589172363,-0.02333760727663048,-0.010394036769866943,-0.4878506064414978,-0.04259409849066742,-0.017237365245819092,-0.5481978058815002,-0.04602551553864487,-0.05234891176223755,-0.24110692739486694,-0.004000730351549464,-0.08985406160354614,-0.30602192878723145,-0.07948277984280594,-0.053765833377838135,-0.2231290340423584,-0.09546154086012848,-0.029436588287353516,-0.17460912466049194,-0.07809367869515427,-0.09552192687988281,-0.18736696243286133,-0.018060932871890145,-0.11477643251419067,-0.2452741265296936,-0.08072216157336243,-0.08006882667541504,-0.18415474891662598,-0.08022635523695953,-0.059150516986846924,-0.1392914056777954,-0.06279915664811142
R,0.0,0.0,0.0,0.07228332757949829,-0.0695960521697998,-0.05418273023809661,0.07579940557479858,-0.18450742959976196,-0.06138291172231902,-0.0023050904273986816,-0.2518450617790222,-0.06464037633980979,-0.07473880052566528,-0.2807939648628235,-0.06294042951907386,0.054536402225494385,-0.27581334114074707,-0.002525479155735866,0.023385167121887207,-0.3847789764404297,-0.03104350491906871,-0.006970584392547607,-0.45079195499420166,-0.0513828914567398,-0.040820181369781494,-0.5058879852294922,-0.06310052014435996,-0.00021958351135253906,-0.26349937915802,-0.00045425302363355513,-0.009670138359069824,-0.40445858240127563,-0.03518637977089156,-0.013507664203643799,-0.48017647862434387,-0.05480190328802337,-0.024101078510284424,-0.540759801864624,-0.05817278809394111,-0.048234760761260986,-0.23023086786270142,-0.008750915150301353,-0.08657699823379517,-0.3018209934234619,-0.08388274497832526,-0.050553321838378906,-0.22252488136291504,-0.0967116687401699,-0.025627613067626953,-0.17170047760009766,-0.07766188270892371,-0.09297680854797363,-0.1812138557434082,-0.019970982889788047,-0.10918056964874268,-0.24294400215148926,-0.08107152170981635,-0.07605904340744019,-0.18395107984542847,-0.07902361042346229,-0.05652880668640137,-0.13892537355422974,-0.060941319535629646
R,0.0,0.0,0.0,0.07379961013793945,-0.07054662704467773,-0.05063958959908632,0.08072829246520996,-0.1836342215538025,-0.05968321236105112,0.0041970014572143555,-0.250252902507782,-0.06660368042321352,-0.06997078657150269,-0.28016912937164307,-0.06883930163712648,0.06183934211730957,-0.27346426248550415,-0.001794061323380447,0.026849210262298584,-0.38471317291259766,-0.03013233402998594,-0.006199300289154053,-0.4507080316543579,-0.05055068554611353,-0.04381394386291504,-0.5046713948249817,-0.06239479156465677,0.005747437477111816,-0.2625543475151062,-0.00278106290170399,-0.0036602020263671875,-0.4029104709625244,-0.038726342192603624,-0.011397719383239746,-0.4822307229042053,-0.05996900545687822,-0.0278283953666687,-0.5434711575508118,-0.06450924771161226,-0.045126259326934814,-0.22941988706588745,-0.013471574804498232,-0.08041304349899292,-0.29988229274749756,-0.08911515521140245,-0.04433411359786987,-0.22075366973876953,-0.10209151106209902,-0.020725905895233154,-0.1681276559829712,-0.08319185422988085,-0.09430325031280518,-0.17998260259628296,-0.0267483771804109,-0.10483717918395996,-0.2403773069381714,-0.08830944197507051,-0.07161962985992432,-0.18111801147460938,-0.08599694567055849,-0.0529746413230896,-0.13560271263122559,-0.06751906620593218
R,0.0,0.0,0.0,0.07303279638290405,-0.0657607913017273,-0.05202512864718756,0.08270490169525146,-0.17895513772964478,-0.0655055460775884,0.0069699883460998535,-0.24703609943389893,-0.07593964461932501,-0.0694534182548523,-0.2765388488769531,-0.08191578511844,0.056051552295684814,-0.2703518867492676,-0.014545379697779026,0.022490501403808594,-0.37841397523880005,-0.04678000558863005,-0.01074439287185669,-0.44350308179855347,-0.06947854582915625,-0.05085176229476929,-0.4973958134651184,-0.08293021891961416,-0.0010139942169189453,-0.2589219808578491,-0.015548252991834488,-0.012056529521942139,-0.3969845175743103,-0.05388698403487524,-0.017495572566986084,-0.47671133279800415,-0.07542254452357611,-0.032812535762786865,-0.5387272238731384,-0.0806882945145162,-0.05187612771987915,-0.2245488166809082,-0.02529295583019575,-0.07889211177825928,-0.2946206331253052,-0.09880295817504248,-0.043009936809539795,-0.22037875652313232,-0.10963337545047125,-0.02259904146194458,-0.16864311695098877,-0.09089421902547201,-0.09891706705093384,-0.17446470260620117,-0.03778223742494902,-0.10172957181930542,-0.23290187120437622,-0.09724646483311972,-0.06943035125732422,-0.17740017175674438,-0.09366860662350973,-0.054538726806640625,-0.13295674324035645,-0.07495200310597738
R,0.0,0.0,0.0,0.07303017377853394,-0.050193607807159424,-0.053397541914876,0.08357805013656616,-0.15663361549377441,-0.06751707014888098,0.011871039867401123,-0.21810698509216309,-0.07825471279471685,-0.06255167722702026,-0.24406957626342773,-0.0849815290912943,0.047424137592315674,-0.2537528872489929,-0.01784842093735506,0.019483089447021484,-0.358829140663147,-0.05027600568979551,-0.00722050666809082,-0.4262080788612366,-0.07143869814723303,-0.04223114252090454,-0.4784832000732422,-0.0827598181113558,-0.004587233066558838,-0.24027961492538452,-0.01786932167857458,-0.011572003364562988,-0.3744499683380127,-0.05746446368544866,-0.012060999870300293,-0.45462483167648315,-0.07848867592662145,-0.025907933712005615,-0.5166160464286804,-0.08165811565964987,-0.04988652467727661,-0.20447182655334473,-0.026452709038551347,-0.07424604892730713,-0.26381397247314453,-0.10283832070678045,-0.034111618995666504,-0.1915501356124878,-0.11430437681525518,-0.013214588165283203,-0.14016568660736084,-0.09398124930709173,-0.09298896789550781,-0.15314584970474243,-0.037556367044146555,-0.09393537044525146,-0.20663177967071533,-0.09938703296035101,-0.05974256992340088,-0.15164613723754883,-0.0962548833832102,-0.04595351219177246,-0.10612106323242188,-0.0763852876171427
R,0.0,0.0,0.0,0.071391761302948,-0.05222886800765991,-0.05298051531121928,0.08532088994979858,-0.158860981464386,-0.06954120020077426,0.017165064811706543,-0.22084355354309082,-0.08330143163607318,-0.056707143783569336,-0.25284773111343384,-0.09343089828894335,0.05727356672286987,-0.25175029039382935,-0.02311082477376658,0.02839970588684082,-0.3609762191772461,-0.056683077613570276,-0.0031842589378356934,-0.4300723075866699,-0.07947737644121844,-0.04085409641265869,-0.4860178232192993,-0.09287583748505313,0.004151523113250732,-0.24248677492141724,-0.024686291019179407,-0.0016478300094604492,-0.37785983085632324,-0.06520038018629748,-0.007539033889770508,-0.45923852920532227,-0.08748234728977877,-0.024637341499328613,-0.5220629274845123,-0.09324035714075762,-0.044262707233428955,-0.2100996971130371,-0.034325881997801844,-0.06699568033218384,-0.28416746854782104,-0.11035822997496325,-0.02975362539291382,-0.20582681894302368,-0.11987380603954989,-0.009653329849243164,-0.14870482683181763,-0.10005051563189227,-0.091366708278656,-0.16125309467315674,-0.046668789486147944,-0.08963209390640259,-0.22432559728622437,-0.1096441067259093,-0.05662333965301514,-0.16668516397476196,-0.10591300497458178,-0.04220098257064819,-0.11754077672958374,-0.08647961835072238
R,0.0,0.0,0.0,0.06806385517120361,-0.04862487316131592,-0.05149860264174322,0.0838245153427124,-0.15402472019195557,-0.0674293036889253,0.020263671875,-0.21706265211105347,-0.08070990399829725,-0.052475035190582275,-0.2456190586090088,-0.09067459361068586,0.04904496669769287,-0.25264596939086914,-0.022944567291062867,0.02566927671432495,-0.35731256008148193,-0.056529335243624246,-0.001552879810333252,-0.42426449060440063,-0.07926735983602384,-0.03657412528991699,-0.4788929224014282,-0.09254874990693907,-0.0024953484535217285,-0.24165362119674683,-0.024550772769373452,-0.007121145725250244,-0.37501227855682373,-0.06448486403934339,-0.006458759307861328,-0.45371484756469727,-0.08600828008167127,-0.01831340789794922,-0.5159186720848083,-0.09113156752101759,-0.04867970943450928,-0.20683103799819946,-0.0339253614973245,-0.0651659369468689,-0.27555739879608154,-0.10870213018171171,-0.024345695972442627,-0.19922900199890137,-0.11766447083465437,-0.004257500171661377,-0.14392048120498657,-0.0977569963168321,-0.09266740083694458,-0.15591251850128174,-0.04585907937399725,-0.0863567590713501,-0.21448922157287598,-0.10721643970720152,-0.05095392465591431,-0.15868037939071655,-0.10278665230981687,-0.0373913049697876,-0.1113210916519165,-0.08311138258687834
R,0.0,0.0,0.0,0.12092514336109161,-0.06637454032897949,-0.13282792709208024,0.1469450443983078,-0.2489224076271057,-0.144431506017213,0.03742070496082306,-0.36429330706596375,-0.13275485179758562,-0.0791492909193039,-0.4051557779312134,-0.10857931963539613,0.17353729903697968,-0.39429545402526855,-0.0548224381301452,0.15102152526378632,-0.5723848640918732,-0.10349443993902696,0.12428151071071625,-0.6900075674057007,-0.13238911769724382,0.09828250110149384,-0.789497047662735,-0.1487770869526912,0.08380262553691864,-0.394514799118042,-0.025184840628867278,0.11171825230121613,-0.5939222574234009,-0.08046015791035188,0.12433521449565887,-0.708881139755249,-0.10919228635168565,0.13092659413814545,-0.8090106546878815,-0.11433756790495408,-0.0098477303981781,-0.35891374945640564,-0.015952701413993964,-0.04472459852695465,-0.475751668214798,-0.1445157720837642,-0.012737885117530823,-0.3375591039657593,-0.17239539764261735,0.009341999888420105,-0.2585970163345337,-0.14547524295187486,-0.09743650257587433,-0.29906225204467773,-0.014579420642917285,-0.09931406378746033,-0.3869878053665161,-0.12628041646814836,-0.05862127244472504,-0.29298776388168335,-0.13810988209581865,-0.04705291986465454,-0.22339361906051636,-0.11863852731323732
R,0.0,0.0,0.0,0.06691908836364746,-0.04702252149581909,-0.05203148520263312,0.08259087800979614,-0.14918863773345947,-0.06854298135908721,0.021339774131774902,-0.21040350198745728,-0.0818295346823561,-0.04883778095245361,-0.23748695850372314,-0.09152750841053603,0.044362425804138184,-0.24498885869979858,-0.026812111797653415,0.022710025310516357,-0.3468972444534302,-0.061895364734255054,-0.00259476900100708,-0.41448652744293213,-0.08437590471180556,-0.03661930561065674,-0.46893155574798584,-0.09632807395132659,-0.004608094692230225,-0.23269498348236084,-0.027849929246031024,-0.008957624435424805,-0.3687458038330078,-0.06815065613659499,-0.0041481852531433105,-0.44994115829467773,-0.08777550778063414,-0.01173180341720581,-0.5139472782611847,-0.09049647471579192,-0.04936671257019043,-0.19801169633865356,-0.036679411145769336,-0.061566948890686035,-0.2624579071998596,-0.11146683416041014,-0.020498156547546387,-0.18729543685913086,-0.11931447109850524,-0.0009633302688598633,-0.13365095853805542,-0.09762244841726897,-0.09240889549255371,-0.14839285612106323,-0.04802060297402022,-0.08273881673812866,-0.20488345623016357,-0.10723219982060073,-0.04761379957199097,-0.148573637008667,-0.10054242036017058,-0.03543233871459961,-0.10184216499328613,-0.07893344185026763
R,0.0,0.0,0.0,0.0674893856048584,-0.04776889085769653,-0.05024667896270785,0.08664578199386597,-0.15422821044921875,-0.0661135210835937,0.029599547386169434,-0.22049260139465332,-0.07946483485341105,-0.04411572217941284,-0.24728012084960938,-0.08957355908989939,0.05267965793609619,-0.24444299936294556,-0.027220566495657295,0.029869258403778076,-0.3540545105934143,-0.05968562953114542,0.0041422247886657715,-0.4234035015106201,-0.08046012066245112,-0.029394209384918213,-0.4798579216003418,-0.09239937804579768,0.0035535693168640137,-0.23794323205947876,-0.028506717383265823,0.003173828125,-0.37605780363082886,-0.06837620280623469,0.004899322986602783,-0.4586951732635498,-0.08868233554005656,-0.006592094898223877,-0.5206167697906494,-0.0931680618965629,-0.04359513521194458,-0.20768839120864868,-0.036736868991852134,-0.05389887094497681,-0.2853533625602722,-0.10885698787808451,-0.017158031463623047,-0.20860373973846436,-0.11487545512557062,-0.0011720061302185059,-0.15071046352386475,-0.09389938853621516,-0.08950185775756836,-0.1616271734237671,-0.04757097802996668,-0.07657110691070557,-0.2212841510772705,-0.10679994963049921,-0.043837785720825195,-0.1643303632736206,-0.10151697389721903,-0.03352475166320801,-0.11552315950393677,-0.08172776989579233
R,0.0,0.0,0.0,0.06764066219329834,-0.045373737812042236,-0.053383957778237345,0.08711135387420654,-0.14744454622268677,-0.06970970723511982,0.03531801700592041,-0.21265441179275513,-0.08292585257174778,-0.03639519214630127,-0.24274933338165283,-0.09263005498530674,0.055158793926239014,-0.2494027018547058,-0.026295229976199153,0.03183931112289429,-0.35529977083206177,-0.059221726094506266,0.006305038928985596,-0.4229813814163208,-0.08030648175360966,-0.02597522735595703,-0.47782212495803833,-0.0915828684318285,0.005303919315338135,-0.2418527603149414,-0.02629339154543686,0.002924799919128418,-0.37870270013809204,-0.06513087842347431,0.006871521472930908,-0.4615020751953125,-0.08426329139354038,-0.00027245283126831055,-0.5229664444923401,-0.08702722582700062,-0.0421757698059082,-0.2093183994293213,-0.03413611668827343,-0.052521347999572754,-0.2791336178779602,-0.10690456274630833,-0.01698535680770874,-0.20157045125961304,-0.11393667403342533,-0.0005781650543212891,-0.14415669441223145,-0.09237108025433827,-0.08812004327774048,-0.16063696146011353,-0.044797524993441584,-0.07667309045791626,-0.21780800819396973,-0.10389959457995701,-0.04535335302352905,-0.16040408611297607,-0.0981177354204874,-0.03512328863143921,-0.11144351959228516,-0.07721946779372502
R,0.0,0.0,0.0,0.0668187141418457,-0.049390316009521484,-0.0517719206137599,0.08531635999679565,-0.15361493825912476,-0.06601740463804617,0.03197884559631348,-0.2192264199256897,-0.07757230146955862,-0.039317309856414795,-0.24921190738677979,-0.08569969280790701,0.053022027015686035,-0.24964356422424316,-0.02158388911914244,0.03514045476913452,-0.3582054376602173,-0.05256015478801146,0.012809932231903076,-0.4254225492477417,-0.07261379852127448,-0.01673644781112671,-0.4805335998535156,-0.08328658386301413,0.002962946891784668,-0.24067461490631104,-0.0219451156182231,0.0020903944969177246,-0.3774064779281616,-0.059629541329854874,0.006938815116882324,-0.46011149883270264,-0.07941268428396597,-0.00018358230590820312,-0.5229198336601257,-0.08315233930181876,-0.044111013412475586,-0.20822876691818237,-0.030256974018925575,-0.052510201930999756,-0.2782318592071533,-0.10346413447689429,-0.016210436820983887,-0.20021653175354004,-0.11332920982670203,-0.0008649826049804688,-0.1429862380027771,-0.09377522065472021,-0.08919501304626465,-0.16102832555770874,-0.04109498902391806,-0.07682603597640991,-0.22182846069335938,-0.10081239088606253,-0.044954001903533936,-0.16525602340698242,-0.0969309364182891,-0.03481811285018921,-0.11672967672348022,-0.07782915278505698
R,0.0,0.0,0.0,0.07087045907974243,-0.048750221729278564,-0.052871662019697396,0.09182476997375488,-0.1563551425933838,-0.06642415636679289,0.037488698959350586,-0.22612035274505615,-0.07685753220221159,-0.03510957956314087,-0.2579898238182068,-0.08354474866291639,0.06177413463592529,-0.2502022385597229,-0.02138935291668531,0.04106694459915161,-0.35901540517807007,-0.05148627126118299,0.016261041164398193,-0.4276242256164551,-0.07062604540487882,-0.014385759830474854,-0.48428666591644287,-0.08140275144478437,0.011156678199768066,-0.24421900510787964,-0.020916365846005647,0.010790050029754639,-0.3844296932220459,-0.058421990661827294,0.017071068286895752,-0.46748602390289307,-0.07706551515957472,0.012860774993896484,-0.5290261507034302,-0.08004612737795469,-0.03733968734741211,-0.2143346667289734,-0.028541379435864656,-0.047845304012298584,-0.29120874404907227,-0.10292280727526304,-0.014663994312286377,-0.2107418179512024,-0.11137850844761488,-0.00010633468627929688,-0.1514122486114502,-0.09060197585722563,-0.08480000495910645,-0.1684378981590271,-0.03879251965781805,-0.07207953929901123,-0.2289610505104065,-0.10140389466187116,-0.042046189308166504,-0.1693764328956604,-0.09859006369015333,-0.033682286739349365,-0.11911994218826294,-0.07971176767250654
R,0.0,0.0,0.0,0.0697629451751709,-0.049637675285339355,-0.055452086822583624,0.09101229906082153,-0.1580955982208252,-0.07031843145330186,0.031843364238739014,-0.2274419665336609,-0.08112817336757416,-0.041651248931884766,-0.2608073949813843,-0.08768439372022385,0.06331855058670044,-0.2480894923210144,-0.0243857324584269,0.04060584306716919,-0.36017417907714844,-0.055050317989184805,0.01637125015258789,-0.4302889108657837,-0.0737181388302588,-0.012699425220489502,-0.4879359006881714,-0.08393634934861893,0.010203063488006592,-0.2420218586921692,-0.022726169647171446,0.007690727710723877,-0.3838704824447632,-0.06079819877584214,0.012359321117401123,-0.46568405628204346,-0.07930765380103821,0.0062961578369140625,-0.5269148349761963,-0.08186997552354569,-0.03956282138824463,-0.2127852439880371,-0.029246861906244703,-0.05125606060028076,-0.2890225052833557,-0.10394907076795334,-0.016609907150268555,-0.2090911865234375,-0.11229092706878419,-0.001695394515991211,-0.15203773975372314,-0.0912996314926886,-0.08693259954452515,-0.16791999340057373,-0.03850964908440346,-0.07410132884979248,-0.22746026515960693,-0.10015395362813706,-0.04267168045043945,-0.16905343532562256,-0.09658000697334046,-0.0341639518737793,-0.12040489912033081,-0.07726571042974228
R,0.0,0.0,0.0,0.07520931959152222,-0.046708881855010986,-0.049596992407714424,0.09490054845809937,-0.15528416633605957,-0.06387259540406376,0.03451770544052124,-0.22280484437942505,-0.07531096515504032,-0.0382615327835083,-0.2550922632217407,-0.08358883586970478,0.05916857719421387,-0.2545863389968872,-0.023552485828076897,0.040338099002838135,-0.3614158034324646,-0.05345260826197773,0.016018033027648926,-0.43115508556365967,-0.0734601068243137,-0.01691526174545288,-0.4879727363586426,-0.08559990403500706,0.0060468316078186035,-0.24701005220413208,-0.024608804930721817,0.006512165069580078,-0.38120555877685547,-0.05990047109571606,0.013734698295593262,-0.4584590792655945,-0.078444411133205,0.006393551826477051,-0.5167340040206909,-0.08282165703622013,-0.04356539249420166,-0.214499831199646,-0.03282735226002842,-0.0487707257270813,-0.28977322578430176,-0.10215784338561207,-0.011274158954620361,-0.21508938074111938,-0.11008806255904346,0.0022804737091064453,-0.1595548391342163,-0.09175912020054966,-0.0907442569732666,-0.1656532883644104,-0.04348611560908466,-0.07296943664550781,-0.22285860776901245,-0.10310133275834232,-0.03938758373260498,-0.1669543981552124,-0.10028467801657825,-0.03158193826675415,-0.11908882856369019,-0.08269615200606495
R,0.0,0.0,0.0,0.08433812856674194,-0.037315309047698975,-0.04819807350810379,0.10332369804382324,-0.14577728509902954,-0.06096374184068054,0.03482252359390259,-0.21331524848937988,-0.07098586052831024,-0.039316534996032715,-0.24040788412094116,-0.07796464801009506,0.060382068157196045,-0.24559438228607178,-0.023101155983169974,0.04031527042388916,-0.35371726751327515,-0.05374677792366356,0.018542170524597168,-0.4255905747413635,-0.07428171426232666,-0.010718464851379395,-0.48241907358169556,-0.08691991061147064,0.006920576095581055,-0.23613226413726807,-0.024787799792250098,0.005156576633453369,-0.3671610355377197,-0.06093184963043541,0.010635972023010254,-0.44705426692962646,-0.08029928744014114,0.0024797916412353516,-0.510451078414917,-0.08520466029818863,-0.04150831699371338,-0.20323145389556885,-0.03360851794656128,-0.050776660442352295,-0.28482604026794434,-0.10423068642791122,-0.01274251937866211,-0.21125096082687378,-0.11197782993491501,0.002840697765350342,-0.1542704701423645,-0.09298606902535766,-0.08817213773727417,-0.15337395668029785,-0.044885690661033095,-0.07191240787506104,-0.2128157615661621,-0.10733397245581955,-0.03724515438079834,-0.15780794620513916,-0.10629405021842331,-0.02702432870864868,-0.1096847653388977,-0.08913258403714508
R,0.0,0.0,0.0,0.07872897386550903,-0.04068106412887573,-0.050185243986902606,0.09544616937637329,-0.14953023195266724,-0.06291490366345442,0.028235435485839844,-0.2162339687347412,-0.07211720516568221,-0.04595386981964111,-0.24402421712875366,-0.07825962772255934,0.05318605899810791,-0.24548888206481934,-0.022730593957362544,0.035389602184295654,-0.35167717933654785,-0.05221981128340758,0.013516604900360107,-0.42181408405303955,-0.07164341529494322,-0.016698837280273438,-0.477850079536438,-0.0830195130932907,7.367134094238281e-05,-0.23597633838653564,-0.02282278371637858,-2.3066997528076172e-05,-0.3665439486503601,-0.05697166120296515,0.00658184289932251,-0.44527918100357056,-0.07529823055153884,-0.0004241466522216797,-0.507537305355072,-0.07942223122006453,-0.04859650135040283,-0.20230525732040405,-0.03021528331225909,-0.053389787673950195,-0.277116596698761,-0.10081558992749251,-0.016934990882873535,-0.20237666368484497,-0.10944394340401686,-0.0031041502952575684,-0.1460421085357666,-0.09048626145010985,-0.09592747688293457,-0.15173780918121338,-0.03982651924377478,-0.07889348268508911,-0.20933997631072998,-0.10133567770606078,-0.04501998424530029,-0.15297043323516846,-0.09910049607640303,-0.035930335521698,-0.1036192774772644,-0.08099621852522887
R,0.0,0.0,0.0,0.08122867345809937,-0.0342562198638916,-0.052480381286386546,0.10218340158462524,-0.13754898309707642,-0.06887882605815321,0.037482380867004395,-0.20267856121063232,-0.08173895285153776,-0.03759342432022095,-0.22990703582763672,-0.09184118018174559,0.05614900588989258,-0.24002909660339355,-0.029465090787653025,0.037203967571258545,-0.34508103132247925,-0.06147201762223631,0.017694056034088135,-0.41288667917251587,-0.08126758441949278,-0.008523941040039062,-0.4671679735183716,-0.09184389219308287,0.0040212273597717285,-0.23005837202072144,-0.027943739971760806,0.003926277160644531,-0.36330074071884155,-0.06567763195062071,0.013555467128753662,-0.44729769229888916,-0.08510786697888761,0.011487007141113281,-0.5122641623020172,-0.08895437822366148,-0.04422938823699951,-0.19551634788513184,-0.033223524993900355,-0.049158334732055664,-0.2696208357810974,-0.10440618202710539,-0.011089146137237549,-0.1978297233581543,-0.11212225661302,0.005186319351196289,-0.1415005922317505,-0.09216687486195951,-0.0907210111618042,-0.14459270238876343,-0.040682066536191996,-0.07214498519897461,-0.20088183879852295,-0.10165802792334944,-0.03667670488357544,-0.14355206489562988,-0.098283265090231,-0.026822924613952637,-0.0933350920677185,-0.07881461486840635
R,0.0,0.0,0.0,0.11774402856826782,-0.05809718370437622,-0.13614538858848846,0.1497870683670044,-0.24119853973388672,-0.15299046586471832,0.04270169138908386,-0.35990938544273376,-0.14635742257553375,-0.07105694711208344,-0.4279952943325043,-0.12764517019707,0.17738717794418335,-0.40026766061782837,-0.05490831460076606,0.1563320755958557,-0.5680582523345947,-0.10671990166622436,0.12689083814620972,-0.6851814091205597,-0.14029914687591827,0.09961521625518799,-0.7863757014274597,-0.160407518848956,0.0816202163696289,-0.39715585112571716,-0.026555780202329515,0.10761293768882751,-0.5966866612434387,-0.0846073831172589,0.11828309297561646,-0.7043591141700745,-0.11493142496067321,0.12477079033851624,-0.8000954687595367,-0.1205883378835324,-0.013784781098365784,-0.3587300479412079,-0.018905002504766344,-0.055058762431144714,-0.4726346433162689,-0.15577044139820373,-0.02220088243484497,-0.3292917013168335,-0.18140027473884857,0.0029455870389938354,-0.2506265640258789,-0.15144134114700591,-0.10624822974205017,-0.2944929003715515,-0.01891106541472709,-0.11320754885673523,-0.3824179768562317,-0.13989353726822173,-0.07081414759159088,-0.2790287733078003,-0.14972256670910156,-0.054616570472717285,-0.20700782537460327,-0.12683374236542022
R,0.0,0.0,0.0,0.08118808269500732,-0.026583075523376465,-0.05794096499732859,0.10922050476074219,-0.1202232837677002,-0.07879458129457362,0.04371440410614014,-0.18166190385818481,-0.09533783555082209,-0.02691948413848877,-0.21376246213912964,-0.10900075495294459,0.06405246257781982,-0.2371944785118103,-0.03415043041161425,0.04432058334350586,-0.335701048374176,-0.06834859162620432,0.022320806980133057,-0.4026572108268738,-0.09034833073667414,-0.004268646240234375,-0.45546120405197144,-0.10307435452989466,0.008452892303466797,-0.22723692655563354,-0.03309944778732188,0.009810030460357666,-0.3528212904930115,-0.07226254552654154,0.01717478036880493,-0.43380600214004517,-0.09306340426257975,0.013936281204223633,-0.4953065812587738,-0.09833522647670634,-0.040699303150177,-0.1914697289466858,-0.03989089041999705,-0.04214078187942505,-0.2611202001571655,-0.11356886982969172,-0.007269680500030518,-0.1892162561416626,-0.1236322125797642,0.00895625352859497,-0.1320926547050476,-0.10554636776498683,-0.08734315633773804,-0.13789528608322144,-0.04956500366381533,-0.06800675392150879,-0.18625378608703613,-0.11477271229080088,-0.03415137529373169,-0.1290963888168335,-0.11512984842113383,-0.02269977331161499,-0.0798482894897461,-0.09807973116687663
R,0.0,0.0,0.0,0.07322794198989868,-0.026394546031951904,-0.05768034605705452,0.09947508573532104,-0.1227031946182251,-0.08189309386932564,0.0352059006690979,-0.18846774101257324,-0.10211589185917092,-0.037833988666534424,-0.22288715839385986,-0.11975087223970604,0.05859506130218506,-0.23355692625045776,-0.04099004714214516,0.0418052077293396,-0.33641982078552246,-0.08089672772609902,0.02109050750732422,-0.40428900718688965,-0.1055956482740612,-0.0055498480796813965,-0.4589008092880249,-0.11945854125940514,0.0018124580383300781,-0.22517985105514526,-0.04143774880492401,0.007590949535369873,-0.3570186495780945,-0.08705557136261177,0.018688082695007324,-0.43863075971603394,-0.10916555671417427,0.017128705978393555,-0.502702385187149,-0.11407370863878441,-0.047740638256073,-0.19054293632507324,-0.049211930468914034,-0.0479854941368103,-0.25967758893966675,-0.1265118047448368,-0.012206196784973145,-0.18584859371185303,-0.13285408167564583,0.0030128955841064453,-0.12913376092910767,-0.11129899321520043,-0.09245073795318604,-0.13689637184143066,-0.05980271844589424,-0.07183557748794556,-0.18952041864395142,-0.12405799327814293,-0.037657082080841064,-0.13185375928878784,-0.1191481202694149,-0.02792733907699585,-0.0830809473991394,-0.0981714054795475
R,0.0,0.0,0.0,0.07352876663208008,-0.021874189376831055,-0.06282002586794988,0.09945029020309448,-0.11571842432022095,-0.08875668901873723,0.03506815433502197,-0.1820874810218811,-0.10905054319573537,-0.038687288761138916,-0.2157077193260193,-0.12694472927523748,0.06170684099197388,-0.2340759038925171,-0.04755632314754621,0.04880833625793457,-0.33421504497528076,-0.08863241333438054,0.033428728580474854,-0.3997775912284851,-0.1132575433321108,0.011628150939941406,-0.45351165533065796,-0.12627577144576208,0.0043364763259887695,-0.22354274988174438,-0.04462073106242315,0.01514965295791626,-0.35037511587142944,-0.0926211338110079,0.029556334018707275,-0.42911410331726074,-0.11532607037497655,0.03181171417236328,-0.49450916051864624,-0.11911632973624364,-0.045118749141693115,-0.18658757209777832,-0.04893379393888608,-0.041525423526763916,-0.23811709880828857,-0.12994802851153509,-0.006357669830322266,-0.1614360809326172,-0.13820897895766393,0.009434759616851807,-0.10785162448883057,-0.11576002199126378,-0.08804672956466675,-0.13301068544387817,-0.05574203390551702,-0.0697370171546936,-0.1779240369796753,-0.12180288243962423,-0.0342068076133728,-0.11695879697799683,-0.11647897321654455,-0.02145928144454956,-0.06943923234939575,-0.0936483155555834
R,0.0,0.0,0.0,0.06657755374908447,-0.01396787166595459,-0.06886675225109684,0.0963708758354187,-0.0966988205909729,-0.10191661135763752,0.03325295448303223,-0.16064268350601196,-0.12857722507328617,-0.038896799087524414,-0.19941586256027222,-0.15237862633080113,0.061277925968170166,-0.22101587057113647,-0.05857136116833317,0.0498238205909729,-0.31893259286880493,-0.10570243017286884,0.03363454341888428,-0.3830934166908264,-0.1341337488731824,0.009853720664978027,-0.43285447359085083,-0.1491416470846616,0.0028737783432006836,-0.21212774515151978,-0.05613988654226887,0.013121366500854492,-0.33514219522476196,-0.10819584147543537,0.02583897113800049,-0.4130249619483948,-0.13288430140823948,0.02881026268005371,-0.475142240524292,-0.13846989737362492,-0.048006534576416016,-0.17654949426651,-0.061670530750461694,-0.0421791672706604,-0.22471022605895996,-0.14183939264626133,-0.012260138988494873,-0.15358412265777588,-0.14851447211117375,0.0019559860229492188,-0.10165560245513916,-0.12674645350784886,-0.09290027618408203,-0.12374156713485718,-0.07094048724979984,-0.07061737775802612,-0.16342365741729736,-0.13492061959118473,-0.03963750600814819,-0.10711973905563354,-0.12887156771034824,-0.030385494232177734,-0.061885058879852295,-0.10670499519915211
R,0.0,0.0,0.0,0.07454240322113037,-0.016320466995239258,-0.06939227542443405,0.10117626190185547,-0.10474848747253418,-0.10066945514245162,0.03135573863983154,-0.17209124565124512,-0.12533879688544403,-0.04288548231124878,-0.20959538221359253,-0.14743085614009033,0.06532031297683716,-0.23066115379333496,-0.05829087680740486,0.051412105560302734,-0.3338756561279297,-0.10582196375889907,0.03366762399673462,-0.4017207622528076,-0.13448304346366058,0.009243607521057129,-0.45396900177001953,-0.14947499743266235,0.0053157806396484375,-0.2204614281654358,-0.05418514496250282,0.013669013977050781,-0.3480342626571655,-0.10677119007868896,0.027048110961914062,-0.4273828864097595,-0.1314663480834497,0.03005582094192505,-0.4906374514102936,-0.13674115052981506,-0.04611802101135254,-0.18330365419387817,-0.05806395074887405,-0.04266369342803955,-0.23134446144104004,-0.14033690503401886,-0.01196962594985962,-0.1568717360496521,-0.1480996351556314,0.0024379491806030273,-0.1030699610710144,-0.12599131873412261,-0.09158575534820557,-0.13040244579315186,-0.06530117651982437,-0.07176154851913452,-0.17393779754638672,-0.130851406963302,-0.04002344608306885,-0.11377686262130737,-0.12493283710045944,-0.02946162223815918,-0.0656508207321167,-0.10227371415658126
R,0.0,0.0,0.0,-0.006767988204956055,-0.03404200077056885,-0.043135731022687196,-0.02611994743347168,-0.0748671293258667,-0.07221031795057797,-0.06300157308578491,-0.10116058588027954,-0.09658600996050382,-0.10097116231918335,-0.12075930833816528,-0.12217723439249539,-0.012274205684661865,-0.16246384382247925,-0.059288034688563584,-0.023310482501983643,-0.23581576347351074,-0.09797517071280026,-0.042906880378723145,-0.28978413343429565,-0.1301006362846806,-0.06420302391052246,-0.3309105634689331,-0.15288412431988263,-0.02789318561553955,-0.15733015537261963,-0.06069848547491574,-0.029593050479888916,-0.2426941990852356,-0.09576050798210645,-0.04072558879852295,-0.30402785539627075,-0.12232026318821454,-0.0508807897567749,-0.3526957631111145,-0.14156789938721204,-0.045961737632751465,-0.13476359844207764,-0.06651054183754468,-0.05344134569168091,-0.21083611249923706,-0.09850849072250867,-0.06350237131118774,-0.2642894387245178,-0.11965262750896954,-0.0711941123008728,-0.3084481358528137,-0.13453970710548901,-0.06831681728363037,-0.1000252366065979,-0.07585621486219907,-0.08394908905029297,-0.13550794124603271,-0.10542218248161817,-0.0894739031791687,-0.16197162866592407,-0.1193775818756535,-0.09018456935882568,-0.18036580085754395,-0.12885188917431378
R,0.0,0.0,0.0,0.08124828338623047,-0.031895577907562256,-0.06284913955346383,0.10868620872497559,-0.14286410808563232,-0.08618089346305169,0.035569846630096436,-0.21791911125183105,-0.10382383851424493,-0.0453152060508728,-0.2517325282096863,-0.1187683248342637,0.07008552551269531,-0.2633175253868103,-0.04487078799024857,0.05026960372924805,-0.37361299991607666,-0.08338638184682168,0.02836984395980835,-0.44404709339141846,-0.10715026198045052,0.0013608932495117188,-0.5028658211231232,-0.12134306667462624,0.009595096111297607,-0.25512731075286865,-0.04231129376307763,0.015970587730407715,-0.390051007270813,-0.08860116986647881,0.02711176872253418,-0.47160011529922485,-0.11091077862397469,0.026165366172790527,-0.5367953777313232,-0.1164707594932679,-0.044541120529174805,-0.21801435947418213,-0.04711720882073678,-0.045203447341918945,-0.2922741174697876,-0.12796702770606316,-0.008291542530059814,-0.20855188369750977,-0.1340212651909951,0.006757259368896484,-0.14768290519714355,-0.11165882436648644,-0.09300756454467773,-0.16073518991470337,-0.0546511204363469,-0.0721014142036438,-0.22030824422836304,-0.12307900725022591,-0.03787654638290405,-0.15653091669082642,-0.11843850253239907,-0.029642760753631592,-0.10492414236068726,-0.09716886071578301
R,0.0,0.0,0.0,0.07960593700408936,-0.03054952621459961,-0.06737546133638261,0.10004013776779175,-0.13643234968185425,-0.09180666017175554,0.026840507984161377,-0.21029531955718994,-0.1097818415129268,-0.05455201864242554,-0.24549096822738647,-0.12468397128225206,0.0626937747001648,-0.2571437954902649,-0.04504636558533548,0.04460209608078003,-0.36662042140960693,-0.08359387027860521,0.025658726692199707,-0.4360004663467407,-0.10712224501014589,-0.0001265406608581543,-0.4931657314300537,-0.1206577371323192,0.001936197280883789,-0.24409091472625732,-0.040799951877602325,0.005705654621124268,-0.3828364610671997,-0.08707114565015672,0.023081421852111816,-0.46364152431488037,-0.10929295676589845,0.025802195072174072,-0.5281093120574951,-0.11362332361579774,-0.05058783292770386,-0.20302635431289673,-0.04483276861549257,-0.0530242919921875,-0.26668357849121094,-0.12971943127752183,-0.013523459434509277,-0.18665999174118042,-0.13989127683282732,-0.00020128488540649414,-0.13141268491744995,-0.11826312797904848,-0.09642958641052246,-0.14550745487213135,-0.051411031510838257,-0.07939809560775757,-0.20186877250671387,-0.12242164718747972,-0.04152989387512207,-0.13967955112457275,-0.11911944555879472,-0.0310133695602417,-0.09022539854049683,-0.0979945610725963
R,0.0,0.0,0.0,0.08122950792312622,-0.04359030723571777,-0.06257003449854892,0.09937947988510132,-0.16224122047424316,-0.08361987673697513,0.016958951950073242,-0.24212157726287842,-0.09921427720246356,-0.06281369924545288,-0.2844167947769165,-0.11075811737237018,0.06863439083099365,-0.2691565752029419,-0.03425714277682346,0.04747194051742554,-0.3870881199836731,-0.07183876537737888,0.021857261657714844,-0.46270036697387695,-0.09489826017079395,-0.011332094669342041,-0.5246894955635071,-0.10814998948035282,0.004739165306091309,-0.25947409868240356,-0.03328663387355846,0.008706092834472656,-0.4100385904312134,-0.07717779182848972,0.020261764526367188,-0.49549758434295654,-0.09766013824400943,0.017802178859710693,-0.5632845759391785,-0.10104147248921436,-0.05142861604690552,-0.2223171591758728,-0.04098752790150684,-0.06377637386322021,-0.30263984203338623,-0.1252967780178551,-0.02523118257522583,-0.21837377548217773,-0.13296271019635242,-0.007487952709197998,-0.15716314315795898,-0.10899709814248126,-0.10406780242919922,-0.16695207357406616,-0.05146669873056453,-0.09161007404327393,-0.23481827974319458,-0.12237099462208789,-0.05535084009170532,-0.16886508464813232,-0.11718471252379459,-0.04355436563491821,-0.11421054601669312,-0.09448256992754978
R,0.0,0.0,0.0,0.12921151518821716,-0.03858304023742676,-0.13000653034873721,0.1607341468334198,-0.21845072507858276,-0.1422213698072028,0.047470033168792725,-0.3370630443096161,-0.13125475591846225,-0.066456139087677,-0.3870445191860199,-0.10749618804879901,0.18229728937149048,-0.36754798889160156,-0.056405396227319216,0.15905305743217468,-0.5429556369781494,-0.10843351579137561,0.12915730476379395,-0.6645140945911407,-0.14106952494807956,0.0999407172203064,-0.7639786899089813,-0.15883433169551608,0.09242713451385498,-0.37226200103759766,-0.03396401277609584,0.1134626567363739,-0.58488929271698,-0.08860363907047031,0.12321782112121582,-0.709756076335907,-0.11828841364808795,0.1263522505760193,-0.8155848383903503,-0.12179301774926898,0.000699460506439209,-0.3432932496070862,-0.031381902311522936,-0.04338313639163971,-0.46710968017578125,-0.1656825924558234,-0.014558553695678711,-0.32403984665870667,-0.19358433133788822,0.008450955152511597,-0.24329489469528198,-0.16330082065292117,-0.0927014946937561,-0.2837468385696411,-0.036258903358657335,-0.10251067578792572,-0.3678407669067383,-0.15930161720939395,-0.06315834820270538,-0.25754839181900024,-0.16945669895835636,-0.05343545973300934,-0.1805843710899353,-0.14407815880008457
R,0.0,0.0,0.0,0.0847402811050415,-0.044249892234802246,-0.06384048920142504,0.10633796453475952,-0.15800702571868896,-0.08675121080148074,0.027916312217712402,-0.23066449165344238,-0.10455427628028247,-0.053989410400390625,-0.26988446712493896,-0.11886104505526873,0.06702077388763428,-0.27861636877059937,-0.038583747409461466,0.046846210956573486,-0.3934241533279419,-0.07482007455098483,0.021038413047790527,-0.46657800674438477,-0.09719869803655001,-0.00824350118637085,-0.5273094177246094,-0.11000614922511431,0.003522515296936035,-0.26866960525512695,-0.03686083044874522,0.010597765445709229,-0.4149168133735657,-0.08006930660474154,0.023778796195983887,-0.5013137459754944,-0.10001769226062152,0.025076448917388916,-0.5655644834041595,-0.10342097591626498,-0.05316579341888428,-0.23002749681472778,-0.043531718962071864,-0.058008551597595215,-0.30819761753082275,-0.12518908392655703,-0.018902599811553955,-0.22141486406326294,-0.1308816255258307,-0.002312302589416504,-0.15653949975967407,-0.10692653369176242,-0.1037219762802124,-0.17110168933868408,-0.05314489390718791,-0.08737045526504517,-0.23859059810638428,-0.12058823864924761,-0.050174713134765625,-0.1711847186088562,-0.11301672022807452,-0.038565754890441895,-0.11397385597229004,-0.08950700175034854
R,0.0,0.0,0.0,0.08137845993041992,-0.047383785247802734,-0.05929822337384394,0.10085022449493408,-0.16816502809524536,-0.0785452337240713,0.02256566286087036,-0.2463226318359375,-0.09365898978467158,-0.05809241533279419,-0.2893192768096924,-0.10473975401873759,0.07174211740493774,-0.2877197265625,-0.026543347654296667,0.053886353969573975,-0.40310823917388916,-0.061654938874198706,0.031940996646881104,-0.47640281915664673,-0.08549065750594309,0.0018357038497924805,-0.5382591784000397,-0.09978470068926981,0.008071184158325195,-0.27987128496170044,-0.027489763242556364,0.017349421977996826,-0.4311476945877075,-0.06791441005225352,0.031998515129089355,-0.5160452723503113,-0.0880686403488653,0.030202507972717285,-0.5828286111354828,-0.09168494355435541,-0.04924207925796509,-0.24331355094909668,-0.037353741494371206,-0.060219407081604004,-0.32144981622695923,-0.11807167392726114,-0.021515369415283203,-0.23373830318450928,-0.1266055689429777,-0.005161285400390625,-0.1731244921684265,-0.1043131933784025,-0.10175073146820068,-0.18571782112121582,-0.05008673158044985,-0.08673232793807983,-0.2480560541152954,-0.11841263484711817,-0.05142796039581299,-0.17837589979171753,-0.11331018668170145,-0.04167217016220093,-0.1249159574508667,-0.09152426433320215
R,0.0,0.0,0.0,0.08174777030944824,-0.049053192138671875,-0.06729245139632667,0.10435318946838379,-0.1711708903312683,-0.0901868636754557,0.027428269386291504,-0.25451552867889404,-0.10690276278529609,-0.053863704204559326,-0.3041810989379883,-0.11870709760461295,0.07821589708328247,-0.2947877049446106,-0.033101222946982034,0.05877816677093506,-0.41158878803253174,-0.06932170642886604,0.03554636240005493,-0.48586803674697876,-0.09288458479915107,0.005365312099456787,-0.5487594902515411,-0.10670454753909553,0.012235581874847412,-0.2862488031387329,-0.03062141081665004,0.018455207347869873,-0.43962085247039795,-0.07292429311547721,0.03436475992202759,-0.5221959352493286,-0.09225586010489906,0.03362858295440674,-0.5880546867847443,-0.09483519150290931,-0.0478818416595459,-0.24894559383392334,-0.03777150391016448,-0.056899309158325195,-0.32164615392684937,-0.12112954212699378,-0.01690429449081421,-0.23100590705871582,-0.1287012691644236,-0.0035373568534851074,-0.17209303379058838,-0.10521006537948097,-0.10205262899398804,-0.1928589940071106,-0.048276718243698724,-0.08546996116638184,-0.25572991371154785,-0.11637153430257285,-0.0515705943107605,-0.18561619520187378,-0.10931865824733222,-0.04709005355834961,-0.1342265009880066,-0.08638606919322456
R,0.0,0.0,0.0,0.07923519611358643,-0.052943527698516846,-0.06219661469708626,0.10275161266326904,-0.1724412441253662,-0.08681809763561432,0.024557769298553467,-0.25311172008514404,-0.10721441219698136,-0.05495721101760864,-0.2998313307762146,-0.12328148494611924,0.0758899450302124,-0.3010380268096924,-0.036230629786359714,0.05329322814941406,-0.42264479398727417,-0.07630808512817566,0.029113709926605225,-0.4992011785507202,-0.10249882797847931,-0.0003218650817871094,-0.5639185905456543,-0.11781036715160553,0.0109139084815979,-0.29169583320617676,-0.03809692572008316,0.019180893898010254,-0.4435410499572754,-0.08334015171180909,0.031840980052948,-0.5285930633544922,-0.10459533195148651,0.029797613620758057,-0.5973102450370789,-0.10854673246990387,-0.04979521036148071,-0.25309622287750244,-0.04893021519433205,-0.06029033660888672,-0.3285781741142273,-0.1320616738046283,-0.023357152938842773,-0.23730754852294922,-0.13929204504142945,-0.007887482643127441,-0.17628753185272217,-0.11599308858762925,-0.1054878830909729,-0.19401085376739502,-0.06295657764326279,-0.09150463342666626,-0.2535654902458191,-0.12998361746917908,-0.05750405788421631,-0.18416261672973633,-0.12236501137863343,-0.048496782779693604,-0.13310277462005615,-0.09904105077634995
R,0.0,0.0,0.0,0.08876341581344604,-0.04474526643753052,-0.06101090381355334,0.11128902435302734,-0.1663200855255127,-0.08066911170692492,0.031147480010986328,-0.24866217374801636,-0.09632288584919024,-0.050408124923706055,-0.29247725009918213,-0.1082957975050931,0.07973659038543701,-0.2898713946342468,-0.028307116725159176,0.06031829118728638,-0.41005104780197144,-0.06590080926628161,0.03509390354156494,-0.4888300895690918,-0.09063938180418063,0.002985715866088867,-0.5530962944030762,-0.10537877599210788,0.0121803879737854,-0.27943724393844604,-0.030064520560813435,0.019683659076690674,-0.43218064308166504,-0.07527848998518039,0.032001495361328125,-0.5193207263946533,-0.09747391859502841,0.02890712022781372,-0.5857139527797699,-0.1016839138648038,-0.04673582315444946,-0.24000310897827148,-0.0409464269361024,-0.05737870931625366,-0.3178682327270508,-0.12822470734329272,-0.016621112823486328,-0.22809594869613647,-0.13622613916606952,0.0017127394676208496,-0.16407370567321777,-0.11170835713357974,-0.10235309600830078,-0.18008196353912354,-0.054660770245504864,-0.08587515354156494,-0.24849075078964233,-0.12781513402671862,-0.04887545108795166,-0.177667498588562,-0.12208749274225283,-0.03760659694671631,-0.1209723949432373,-0.0986432946702962
R,0.0,0.0,0.0,0.07997572422027588,-0.056371212005615234,-0.06506772217579737,0.10241258144378662,-0.17803168296813965,-0.08932876465149775,0.025304019451141357,-0.26113808155059814,-0.10894147929974451,-0.05459737777709961,-0.30917251110076904,-0.12351985153981104,0.0718725323677063,-0.30589771270751953,-0.032754177872618584,0.051769256591796875,-0.4255824685096741,-0.0707233461482133,0.027562320232391357,-0.5018185973167419,-0.09696632501908198,-0.004204511642456055,-0.5672435164451599,-0.1130037295562829,0.005818843841552734,-0.294253408908844,-0.03311932710238352,0.012334585189819336,-0.4517781734466553,-0.07686275121994868,0.03157460689544678,-0.5386563539505005,-0.0985863569123353,0.03379464149475098,-0.6063866913318634,-0.10351791856118098,-0.05433768033981323,-0.25502437353134155,-0.043012539569815544,-0.06570261716842651,-0.33448296785354614,-0.1269875752670373,-0.02110469341278076,-0.24468553066253662,-0.1349822419626321,-0.0023729801177978516,-0.1814395785331726,-0.11173395690747157,-0.10860830545425415,-0.19692951440811157,-0.05635607493348971,-0.09370952844619751,-0.26633167266845703,-0.12386640784569636,-0.05592930316925049,-0.19804519414901733,-0.11639983830281153,-0.046385347843170166,-0.14262241125106812,-0.09324841079541102
R,0.0,0.0,0.0,0.08364969491958618,-0.05710864067077637,-0.06405992926249837,0.10633903741836548,-0.17798352241516113,-0.08775247753749227,0.02699577808380127,-0.2582179307937622,-0.1071325105536971,-0.05619215965270996,-0.30026954412460327,-0.12245498717913961,0.07105809450149536,-0.30170416831970215,-0.03736043841729497,0.04765784740447998,-0.42149269580841064,-0.0779732105244193,0.020421504974365234,-0.49742287397384644,-0.10426802308450078,-0.011987924575805664,-0.5636521875858307,-0.11992766083369588,0.004481852054595947,-0.2910047769546509,-0.03710068137536382,0.013532876968383789,-0.44558900594711304,-0.08408069730887746,0.03146493434906006,-0.531853437423706,-0.10536264748463964,0.03568905591964722,-0.6006452739238739,-0.10957142830977773,-0.057675063610076904,-0.2515544295310974,-0.045884278874495976,-0.06806951761245728,-0.3314191699028015,-0.13120564938674306,-0.0251806378364563,-0.2403886914253235,-0.13660681368003225,-0.004178643226623535,-0.17506027221679688,-0.11162568749080037,-0.11324673891067505,-0.19320076704025269,-0.05799355478177404,-0.09626111388206482,-0.2590739130973816,-0.12603683889994954,-0.059657931327819824,-0.19049668312072754,-0.11767045528779363,-0.04961174726486206,-0.13561475276947021,-0.09381386757979726
R,0.0,0.0,0.0,0.07913452386856079,-0.05325359106063843,-0.06177053333396998,0.09963041543960571,-0.16884005069732666,-0.08614984260077563,0.023870646953582764,-0.24563944339752197,-0.10697189823861208,-0.060168325901031494,-0.2879045605659485,-0.12440438673968401,0.06618648767471313,-0.2960747480392456,-0.036930081556988625,0.04778468608856201,-0.41550761461257935,-0.07676976279492465,0.024891912937164307,-0.4910975694656372,-0.10210950032944766,-0.0054582953453063965,-0.556244432926178,-0.11708938435788241,0.0010019540786743164,-0.2868102192878723,-0.03882109851713267,0.015373826026916504,-0.4383084774017334,-0.08505924151415911,0.03139960765838623,-0.5233375430107117,-0.10593266145463076,0.029606223106384277,-0.5911344289779663,-0.10977646813864794,-0.06044489145278931,-0.2453153133392334,-0.04927174852366534,-0.06802278757095337,-0.32252174615859985,-0.1331396858500966,-0.02672553062438965,-0.23069113492965698,-0.13764512644286242,-0.00998389720916748,-0.16677355766296387,-0.11227638379807559,-0.114493727684021,-0.1821829080581665,-0.06278327957863894,-0.09699782729148865,-0.2448958158493042,-0.12977424369330492,-0.05927187204360962,-0.1778630018234253,-0.12022161589140978,-0.051088154315948486,-0.1251378059387207,-0.09544296668047991
R,0.0,0.0,0.0,0.07958835363388062,-0.04210245609283447,-0.0649917475645907,0.1004531979560852,-0.15189874172210693,-0.09113262367895913,0.022074401378631592,-0.2288641333580017,-0.11283316982439828,-0.058073073625564575,-0.2755141854286194,-0.13069564623287988,0.07440662384033203,-0.27614521980285645,-0.039338284707582716,0.05757284164428711,-0.3977872133255005,-0.08165855479887796,0.03532153367996216,-0.4764571189880371,-0.10780414713076425,0.007070004940032959,-0.5415970087051392,-0.12249973935536218,0.007493793964385986,-0.26584434509277344,-0.040074729896105055,0.017607033252716064,-0.4171437621116638,-0.08877836687020135,0.032344698905944824,-0.5046113133430481,-0.11236571294716668,0.03308260440826416,-0.5736179649829865,-0.11716099602631402,-0.05246970057487488,-0.22531092166900635,-0.04962666479400468,-0.06425678730010986,-0.2953856587409973,-0.13711172861508203,-0.02456212043762207,-0.21079838275909424,-0.14584669989994836,-0.005698561668395996,-0.1497478485107422,-0.12182605785778833,-0.10789275169372559,-0.16633856296539307,-0.06223761809519601,-0.09362095594406128,-0.22565150260925293,-0.13384357613972497,-0.05626589059829712,-0.16094619035720825,-0.12779453916004968,-0.04519382119178772,-0.10828250646591187,-0.10394637805870843
R,0.0,0.0,0.0,0.11436349153518677,-0.0731821060180664,-0.14505892437546208,0.1450413167476654,-0.2523447871208191,-0.1596446130856748,0.030029892921447754,-0.35837939381599426,-0.14758344930260137,-0.08201542496681213,-0.38820594549179077,-0.12093796026556447,0.17384031414985657,-0.3960799276828766,-0.05607904684393361,0.14638522267341614,-0.5708312392234802,-0.10447832387535527,0.11294764280319214,-0.6923497915267944,-0.13619033437817052,0.08209383487701416,-0.7926647365093231,-0.15547713082878545,0.08696901798248291,-0.39679986238479614,-0.024083919866370707,0.11505705118179321,-0.5987926125526428,-0.07793878209440663,0.12183532118797302,-0.7118916213512421,-0.10866710734217122,0.12315696477890015,-0.8019866347312927,-0.11493322443811849,-0.006878167390823364,-0.3652113974094391,-0.014705831228184252,-0.06003357470035553,-0.4902643859386444,-0.14638700526802495,-0.032362788915634155,-0.34465497732162476,-0.1775412206038709,-0.006080120801925659,-0.26138144731521606,-0.15098845404236272,-0.09455558657646179,-0.30423563718795776,-0.014685433401155024,-0.11432354152202606,-0.3932611346244812,-0.13154498678295568,-0.07329258322715759,-0.288574755191803,-0.14581243139355138,-0.056486502289772034,-0.2121688723564148,-0.12670044046490148
R,0.0,0.0,0.0,0.07559818029403687,-0.02569401264190674,-0.0665815750752472,0.09396642446517944,-0.11437046527862549,-0.0987367014084839,0.01478499174118042,-0.17929768562316895,-0.12560388247118226,-0.055487751960754395,-0.22549647092819214,-0.14927372137651673,0.07805359363555908,-0.239926278591156,-0.052136914679863366,0.06427532434463501,-0.352297842502594,-0.0997396687661194,0.04664623737335205,-0.4270130395889282,-0.12691376904592744,0.022490978240966797,-0.48605531454086304,-0.14163878361330262,0.01347506046295166,-0.22756439447402954,-0.054115308323957834,0.02373737096786499,-0.36859869956970215,-0.11128056595669022,0.03540724515914917,-0.45244765281677246,-0.13773101369486085,0.03760421276092529,-0.5191646218299866,-0.1429024318848633,-0.04464730620384216,-0.18523269891738892,-0.06444961378917924,-0.05055832862854004,-0.24537497758865356,-0.15792169968233338,-0.018213272094726562,-0.16353952884674072,-0.16895784238920442,0.0008428096771240234,-0.10592246055603027,-0.1455273906384491,-0.09678813815116882,-0.12435281276702881,-0.077301492789843,-0.07882454991340637,-0.17032384872436523,-0.15572066406355134,-0.042382657527923584,-0.10467767715454102,-0.15404441753969422,-0.027540147304534912,-0.0549473762512207,-0.13173094193086854
R,0.0,0.0,0.0,0.07519763708114624,-0.03637576103210449,-0.06855341114294333,0.09116220474243164,-0.14161276817321777,-0.09877082027685447,0.010372340679168701,-0.21527153253555298,-0.12420892782699866,-0.07002842426300049,-0.2639850378036499,-0.14593327112686438,0.06357622146606445,-0.28149092197418213,-0.047184944825289676,0.04779458045959473,-0.3973386883735657,-0.09408503838074012,0.027413547039031982,-0.47433388233184814,-0.12381754882824225,-0.0015423297882080078,-0.5382527709007263,-0.1412388689089994,-0.006688058376312256,-0.2670968174934387,-0.05050631307256026,-0.0003147721290588379,-0.41593843698501587,-0.10261513360035224,0.01643913984298706,-0.5029398202896118,-0.12850268252384467,0.017537057399749756,-0.5724464058876038,-0.1349578059483747,-0.0660448670387268,-0.22098207473754883,-0.06327381797325415,-0.07521802186965942,-0.28089505434036255,-0.15332521565449042,-0.031108856201171875,-0.19966697692871094,-0.1647596962023954,-0.00968945026397705,-0.1425042748451233,-0.14327912099849982,-0.11829197406768799,-0.15482646226882935,-0.07969559796345038,-0.10152065753936768,-0.20437175035476685,-0.15417330034267707,-0.05851784348487854,-0.1391305923461914,-0.15065784819614692,-0.04141056537628174,-0.08825570344924927,-0.1290318376589994
R,0.0,0.0,0.0,0.07261103391647339,-0.020906805992126465,-0.06650031245101218,0.0932842493057251,-0.10591697692871094,-0.10392483955968146,0.0195348858833313,-0.17499542236328125,-0.13636238015044455,-0.05330505967140198,-0.2153363823890686,-0.16624931133139853,0.05956822633743286,-0.2374972105026245,-0.0664239514504743,0.048198819160461426,-0.3523353934288025,-0.12019830829251532,0.035798609256744385,-0.43016737699508667,-0.15165897345889334,0.018987417221069336,-0.4921994209289551,-0.1691507611309362,-0.004979640245437622,-0.21771061420440674,-0.0694725800191236,-4.863739013671875e-05,-0.36174649000167847,-0.1322278294597936,0.01913928985595703,-0.4393383264541626,-0.16078784203875784,0.030017435550689697,-0.5001441538333893,-0.16822927332270865,-0.059234410524368286,-0.1735360026359558,-0.0794840518270803,-0.05740654468536377,-0.234325110912323,-0.17232619858134512,-0.02047666907310486,-0.15710073709487915,-0.178293875220902,-0.001856386661529541,-0.0984833836555481,-0.1533993247782064,-0.1053762435913086,-0.1119433045387268,-0.09250628090251212,-0.08564877510070801,-0.16196036338806152,-0.16607826090205435,-0.04396522045135498,-0.10081958770751953,-0.1592833611999822,-0.027377784252166748,-0.050032615661621094,-0.13514213896144156
R,0.0,0.0,0.0,0.08069321513175964,-0.0325702428817749,-0.0677349887806713,0.10183951258659363,-0.13735604286193848,-0.09505854770725364,0.02393665909767151,-0.21030205488204956,-0.1176685191709339,-0.05967837572097778,-0.2563767433166504,-0.1368062071520626,0.07321998476982117,-0.27198994159698486,-0.039881946893387976,0.05906066298484802,-0.3868054747581482,-0.08248726502245063,0.03838035464286804,-0.4673774242401123,-0.10993655994718665,0.010319650173187256,-0.5324841737747192,-0.12606284246032828,0.0029450953006744385,-0.26153892278671265,-0.04287772476857299,0.01095542311668396,-0.41064733266830444,-0.09367694929426307,0.025828570127487183,-0.5028796792030334,-0.12026966586893195,0.02725347876548767,-0.575784295797348,-0.12674784884040946,-0.05816975235939026,-0.21852773427963257,-0.05513936877434844,-0.06835818290710449,-0.28969937562942505,-0.1494072847086727,-0.027654021978378296,-0.2013188600540161,-0.16103598699157828,-0.008120477199554443,-0.13642609119415283,-0.13700101003234977,-0.11504742503166199,-0.1548789143562317,-0.07043533250873679,-0.10040602087974548,-0.21706026792526245,-0.15088343844001884,-0.05879533290863037,-0.14698845148086548,-0.14775851592605704,-0.04194030165672302,-0.08932608366012573,-0.12402423694913978
R,0.0,0.0,0.0,0.07690277695655823,-0.05599868297576904,-0.07125186568089248,0.09392544627189636,-0.1754225492477417,-0.09794003164358855,0.004893392324447632,-0.2510039210319519,-0.12030861174650909,-0.08637595176696777,-0.2993320822715759,-0.13828363662548782,0.052118271589279175,-0.30918651819229126,-0.03487030064650298,0.0305614173412323,-0.43428778648376465,-0.07457892989702941,0.0035491585731506348,-0.5116333961486816,-0.10012863969393493,-0.028802931308746338,-0.5805652141571045,-0.11603614335842849,-0.018718481063842773,-0.2975851893424988,-0.034773148800809395,-0.009160131216049194,-0.45916396379470825,-0.08289752548523666,0.011805802583694458,-0.5501468181610107,-0.10529477542229415,0.017476409673690796,-0.6236628592014313,-0.10972536748238326,-0.08272269368171692,-0.252452552318573,-0.045069758053500664,-0.09096547961235046,-0.33985382318496704,-0.1393050367195201,-0.04093140363693237,-0.24024516344070435,-0.1457139814455104,-0.019460856914520264,-0.17095494270324707,-0.1185191983539653,-0.1386793851852417,-0.1848536729812622,-0.05881256630607368,-0.12081778049468994,-0.25845587253570557,-0.1364305580217433,-0.07519233226776123,-0.18563324213027954,-0.12872501855679275,-0.06213921308517456,-0.12664532661437988,-0.10314224308319808
R,0.0,0.0,0.0,0.07632777094841003,-0.04339194297790527,-0.069524404988897,0.09851768612861633,-0.14708346128463745,-0.09966957329334036,0.017992854118347168,-0.22017043828964233,-0.12540202348054663,-0.06917449831962585,-0.26836347579956055,-0.14799778668702857,0.05793669819831848,-0.28975754976272583,-0.04634854702771918,0.04092326760292053,-0.40749263763427734,-0.09118111191810385,0.018079042434692383,-0.4859898090362549,-0.11966471134246603,-0.008746236562728882,-0.5531635880470276,-0.13674068956197516,-0.010092437267303467,-0.27831774950027466,-0.04765730856479422,-0.0004342496395111084,-0.427797794342041,-0.09921745716155783,0.015117228031158447,-0.5180690288543701,-0.1247285282474877,0.01754176616668701,-0.5896137654781342,-0.13122849671663062,-0.0721178948879242,-0.23114359378814697,-0.057856587157857575,-0.07673266530036926,-0.31134510040283203,-0.15108450262368933,-0.028444737195968628,-0.22197580337524414,-0.15816388039411322,-0.006360292434692383,-0.1548377275466919,-0.13239048926652686,-0.128666490316391,-0.15934568643569946,-0.07113928108037726,-0.10944485664367676,-0.22818660736083984,-0.15079579262555853,-0.05903869867324829,-0.16093945503234863,-0.1447277119618775,-0.03924763202667236,-0.10132980346679688,-0.11903921274961249
R,0.0,0.0,0.0,0.08058097958564758,-0.04732978343963623,-0.0735629098641084,0.1032889187335968,-0.155725359916687,-0.10486897548310026,0.019456565380096436,-0.22954005002975464,-0.13089683374039396,-0.07131209969520569,-0.2740926742553711,-0.15302724858395322,0.059457093477249146,-0.30278313159942627,-0.04644908850661977,0.04218217730522156,-0.4210391044616699,-0.09075168987385496,0.016831547021865845,-0.4991258978843689,-0.11916596164576276,-0.012108176946640015,-0.5678500533103943,-0.13636950870625242,-0.010826915502548218,-0.2894861102104187,-0.04541950767509206,0.0016142725944519043,-0.4390169382095337,-0.09827047308556303,0.020088791847229004,-0.5311708450317383,-0.12426551153532728,0.025410324335098267,-0.6060823798179626,-0.13075755258671506,-0.07404559850692749,-0.24083203077316284,-0.053681531004826866,-0.0766899585723877,-0.3149186372756958,-0.1490161838161157,-0.027685999870300293,-0.22018694877624512,-0.15509418865315183,-0.005424559116363525,-0.1511293649673462,-0.12731805165878995,-0.1289478838443756,-0.16868460178375244,-0.0653747590409921,-0.11031243205070496,-0.2389124631881714,-0.1443441184388803,-0.06061452627182007,-0.16880738735198975,-0.13600124140850767,-0.04224669933319092,-0.10794365406036377,-0.10843834003082975
R,0.0,0.0,0.0,0.08582004904747009,-0.05510425567626953,-0.07062194676177569,0.11026164889335632,-0.17529165744781494,-0.09873181016223498,0.020144671201705933,-0.25591009855270386,-0.1224710512258298,-0.07662984728813171,-0.298708438873291,-0.14243781746404238,0.06396958231925964,-0.31108808517456055,-0.041611218760181146,0.04274454712867737,-0.44029897451400757,-0.08282447786109515,0.01649424433708191,-0.5200908780097961,-0.10812285722272463,-0.012789934873580933,-0.5920444428920746,-0.12400844872968264,-0.007136553525924683,-0.30214405059814453,-0.04155520529525347,0.00015488266944885254,-0.4599345922470093,-0.09082560421006747,0.018296927213668823,-0.5508784055709839,-0.11468600661532946,0.022704601287841797,-0.6246585845947266,-0.12102541507260867,-0.07124346494674683,-0.25885486602783203,-0.05073736787812777,-0.07684153318405151,-0.3447742462158203,-0.1448258775569684,-0.02636513113975525,-0.24722880125045776,-0.15211923600213595,-0.0037981271743774414,-0.17528510093688965,-0.12634504021184512,-0.12807229161262512,-0.1921594738960266,-0.06308033497111865,-0.10713386535644531,-0.2617180347442627,-0.14249922514932223,-0.05761292576789856,-0.18932396173477173,-0.13702711642758914,-0.0411761999130249,-0.12661290168762207,-0.11267253191249438
R,0.0,0.0,0.0,0.08493909239768982,-0.05626261234283447,-0.07554456012871924,0.11178794503211975,-0.17231452465057373,-0.10705705153372946,0.031457722187042236,-0.2526204586029053,-0.13316152411130133,-0.059752047061920166,-0.30499058961868286,-0.15519204157021704,0.06358101963996887,-0.3201329708099365,-0.05129725279834929,0.04562065005302429,-0.4468827247619629,-0.09770614820149603,0.020830661058425903,-0.5253907442092896,-0.12483569400933447,-0.007948577404022217,-0.5966247618198395,-0.14016161280301276,-0.009897798299789429,-0.3074294924736023,-0.048839559579164415,-0.0010233819484710693,-0.46212607622146606,-0.10525457727339926,0.017622917890548706,-0.5551086068153381,-0.13075430112508002,0.023702472448349,-0.6310794055461884,-0.13604629951146308,-0.07571724057197571,-0.2585051655769348,-0.05554092469242278,-0.07527568936347961,-0.3286755084991455,-0.15486268120434943,-0.018987685441970825,-0.2329728603363037,-0.16074591296342078,0.00563773512840271,-0.16417598724365234,-0.13166081326630774,-0.13280177116394043,-0.18886691331863403,-0.06529578732875052,-0.11322915554046631,-0.25938862562179565,-0.14554194527295294,-0.058904677629470825,-0.18865954875946045,-0.13608528094914618,-0.041583627462387085,-0.12616032361984253,-0.10731502043631735
R,0.0,0.0,0.0,0.08326047658920288,-0.052044034004211426,-0.07505048955840721,0.10394585132598877,-0.1685972809791565,-0.10486564929647102,0.017689436674118042,-0.24741601943969727,-0.1290867343084301,-0.07823121547698975,-0.2908627390861511,-0.14914193893832817,0.0551457405090332,-0.3101946711540222,-0.043999535544344326,0.03607308864593506,-0.4346908926963806,-0.08677843357486381,0.009426683187484741,-0.5162405371665955,-0.11373605723542823,-0.021282494068145752,-0.587029218673706,-0.13020296539230003,-0.015705615282058716,-0.29621654748916626,-0.04206589753789558,-0.006502360105514526,-0.4516809582710266,-0.0942484750883068,0.01633027195930481,-0.5457935929298401,-0.11940331901473655,0.024382203817367554,-0.6233491897583008,-0.12523141647739067,-0.08019912242889404,-0.24698787927627563,-0.05000589559836044,-0.08580282330513,-0.32488328218460083,-0.14803834403915062,-0.030451953411102295,-0.22742992639541626,-0.15514883543414726,-0.005548238754272461,-0.15809082984924316,-0.12727281595630302,-0.1368207335472107,-0.1759013533592224,-0.061269966466852566,-0.1170610785484314,-0.24924546480178833,-0.1423725053207363,-0.06486248970031738,-0.17736315727233887,-0.13494885112208976,-0.0467887818813324,-0.1160203218460083,-0.10821242774886741
R,0.0,0.0,0.0,0.1279214322566986,-0.028008103370666504,-0.13370436683862863,0.154366135597229,-0.21805322170257568,-0.1462103451844996,0.03857600688934326,-0.34406688809394836,-0.13362659767835794,-0.08038774132728577,-0.3759891092777252,-0.10760822401016412,0.1777091920375824,-0.35534799098968506,-0.06473526612489877,0.15564849972724915,-0.5257883071899414,-0.11688338474004922,0.12204724550247192,-0.6464735567569733,-0.15056582049101053,0.08864939212799072,-0.7463054060935974,-0.1708760733959025,0.09094780683517456,-0.3601251542568207,-0.04070350036590753,0.1132383644580841,-0.5750500857830048,-0.09578841433494745,0.12485021352767944,-0.6968689560890198,-0.12601687267988382,0.12818697094917297,-0.8025199770927429,-0.13184766725271402,0.0007801055908203125,-0.33366096019744873,-0.036017174577409605,-0.0499778687953949,-0.4639977216720581,-0.16763571158617196,-0.024918511509895325,-0.3233470916748047,-0.1924536849614924,-0.0028796792030334473,-0.24174493551254272,-0.16231946901052652,-0.09424085915088654,-0.28024208545684814,-0.03958554819791971,-0.11008940637111664,-0.36908069252967834,-0.15984049693315683,-0.07257021963596344,-0.26016730070114136,-0.16855445758073984,-0.0636262446641922,-0.18081629276275635,-0.1442511703130549
R,0.0,0.0,0.0,0.08371156454086304,-0.05948615074157715,-0.07728916980727263,0.11145526170730591,-0.1827031373977661,-0.10565855183108397,0.0303347110748291,-0.2671773433685303,-0.12873854317172118,-0.06515747308731079,-0.31466197967529297,-0.14723229982359953,0.05948370695114136,-0.3224009871482849,-0.0432105568836505,0.04668489098548889,-0.45919811725616455,-0.08644969590409346,0.02418917417526245,-0.5423480272293091,-0.11128684707387038,-0.002120792865753174,-0.6188682019710541,-0.12646964766486235,-0.013391345739364624,-0.3145669102668762,-0.03884802215202399,-0.0007004141807556152,-0.4698222875595093,-0.09507912226422377,0.017406225204467773,-0.565121054649353,-0.12159554489358015,0.023290932178497314,-0.6432964205741882,-0.1287334022711093,-0.07928141951560974,-0.26809000968933105,-0.04433739386900015,-0.08033967018127441,-0.35596245527267456,-0.1456926671455676,-0.027302831411361694,-0.2560514211654663,-0.15117942370875426,-0.005639791488647461,-0.18582332134246826,-0.12234645165904112,-0.13571685552597046,-0.2004683017730713,-0.05300855838163443,-0.11331060528755188,-0.2770015001296997,-0.13807266034586974,-0.0587325394153595,-0.20449215173721313,-0.1325502900074298,-0.041661232709884644,-0.14102774858474731,-0.10665129699214049
R,0.0,0.0,0.0,0.1254788637161255,-0.04483473300933838,-0.12447137584194934,0.1538999080657959,-0.22204726934432983,-0.1415266488979796,0.034161895513534546,-0.33674418926239014,-0.1374182199429015,-0.07967263460159302,-0.3750970959663391,-0.12174494018063342,0.17291012406349182,-0.36303889751434326,-0.06309013267264163,0.14947763085365295,-0.5370782017707825,-0.11926569243178164,0.11381754279136658,-0.6598688066005707,-0.15339448501572406,0.07430869340896606,-0.7602123618125916,-0.1718529408167342,0.0827600359916687,-0.3669561445713043,-0.04529421230063235,0.11828437447547913,-0.5870869159698486,-0.10710619588599002,0.131862074136734,-0.7167543470859528,-0.14013198961720263,0.13551467657089233,-0.8256694078445435,-0.1451909785459975,-0.01062612235546112,-0.3358291983604431,-0.04542553623423373,-0.057894155383110046,-0.4572916328907013,-0.17851089884743487,-0.029907062649726868,-0.31825417280197144,-0.20212664653763568,-0.0054749995470047,-0.23445570468902588,-0.16876206745610034,-0.10209396481513977,-0.2747337818145752,-0.052787868429277296,-0.11302442848682404,-0.36360400915145874,-0.1659245287369231,-0.07099497318267822,-0.2613576054573059,-0.1672493313740233,-0.05615244805812836,-0.18473905324935913,-0.13690585841641223
R,0.0,0.0,0.0,0.10636088252067566,-0.06586790084838867,-0.08341774027314841,0.150297611951828,-0.1950027346611023,-0.11536832581725776,0.061734169721603394,-0.28713345527648926,-0.1416247082826203,-0.04155947268009186,-0.340193510055542,-0.16317442487445533,0.10007759928703308,-0.3489800691604614,-0.04504550303784072,0.08639141917228699,-0.496123731136322,-0.09194979499545752,0.06097346544265747,-0.5900126099586487,-0.11921441982951819,0.03395819664001465,-0.6748269498348236,-0.13590184282031714,0.017216384410858154,-0.3426174521446228,-0.04023446943131148,0.037124067544937134,-0.5106648802757263,-0.10041904132333457,0.057820260524749756,-0.6134035885334015,-0.12962957154479682,0.06731116771697998,-0.6967578530311584,-0.13762332926955878,-0.05747801065444946,-0.2949026823043823,-0.046089672106177204,-0.06026281416416168,-0.3854607939720154,-0.15735827814307868,-0.006753325462341309,-0.277010440826416,-0.16714169512954413,0.01842924952507019,-0.19916749000549316,-0.13795982729163825,-0.12335899472236633,-0.22134137153625488,-0.05513926278320014,-0.10074467957019806,-0.29885804653167725,-0.15193155835834204,-0.03767073154449463,-0.2204238772392273,-0.1502846969243592,-0.010844886302947998,-0.1511162519454956,-0.12415092121329963
R,0.0,0.0,0.0,0.10965147614479065,-0.04631143808364868,-0.07244377911081301,0.14194747805595398,-0.18444687128067017,-0.09787309497585284,0.04552316665649414,-0.2788231372833252,-0.11820428401222216,-0.06154516339302063,-0.3174632787704468,-0.13485315769901263,0.09393548965454102,-0.32594048976898193,-0.037674314826631417,0.08123397827148438,-0.46844375133514404,-0.0818933430313109,0.05980631709098816,-0.5667413473129272,-0.1095655444263457,0.03137052059173584,-0.6482009887695312,-0.12643356949081408,0.01490640640258789,-0.31736069917678833,-0.038832366019391884,0.02893739938735962,-0.4919236898422241,-0.09293051391830431,0.059460461139678955,-0.5947194397449493,-0.12048505574455248,0.07174631953239441,-0.6777604818344116,-0.12674272388210284,-0.05581745505332947,-0.27353304624557495,-0.049652445614242424,-0.0673581212759018,-0.3652092218399048,-0.15519254237403857,-0.014641910791397095,-0.2614917755126953,-0.16741197139015185,0.00943899154663086,-0.18520992994308472,-0.13976393967857348,-0.12249401211738586,-0.2037653923034668,-0.06321445435276019,-0.10171379148960114,-0.2791346311569214,-0.15351075261821734,-0.04854100942611694,-0.19682610034942627,-0.14974157840003954,-0.02931530773639679,-0.12795257568359375,-0.12291559904804217
R,0.0,0.0,0.0,0.054668501019477844,-0.062119364738464355,-0.010519661205265152,0.10019555687904358,-0.1485866904258728,-0.020601877207312214,0.13792122900485992,-0.203680157661438,-0.03596067541316472,0.1631099283695221,-0.22977972030639648,-0.050352954501661884,0.08605115115642548,-0.2492566704750061,0.010435906042900456,0.17980456352233887,-0.25152522325515747,-0.03132198118642293,0.23535338044166565,-0.21732169389724731,-0.0671182099826666,0.2657414972782135,-0.18123900890350342,-0.08523613699749433,0.054895222187042236,-0.24991154670715332,-0.002740504416081535,0.16157427430152893,-0.2436416745185852,-0.03755349778607808,0.20892909169197083,-0.199143648147583,-0.057484307522329914,0.23103395104408264,-0.1573205590248108,-0.06324167289808713,0.021129190921783447,-0.2303263545036316,-0.021669308850917446,0.12049224972724915,-0.23065924644470215,-0.06123790257647954,0.1652669608592987,-0.18508583307266235,-0.06157316380217992,0.1829410195350647,-0.14547783136367798,-0.050029632831368076,-0.015265494585037231,-0.19547206163406372,-0.042396460855755436,0.06282395124435425,-0.20243972539901733,-0.07321706154421292,0.101511150598526,-0.15500807762145996,-0.06488522627428495,0.11850601434707642,-0.11370545625686646,-0.047754318649325
R,0.0,0.0,0.0,0.13044671714305878,-0.07322919368743896,-0.0652197553389442,0.16508449614048004,-0.23901838064193726,-0.07878632383278728,0.06247873604297638,-0.3504200577735901,-0.0892964257471931,-0.03997690975666046,-0.4028599262237549,-0.09490867988995433,0.13390301167964935,-0.3442859649658203,-0.021888847517288923,0.12547855079174042,-0.5022413432598114,-0.05628355132273555,0.1046331375837326,-0.6087251007556915,-0.07785292254618525,0.07814474403858185,-0.7011848986148834,-0.09295364009074092,0.04839654266834259,-0.346307635307312,-0.026582294198192358,0.06743578612804413,-0.5348138809204102,-0.06931110011271358,0.09692133963108063,-0.6446193754673004,-0.08933767216137767,0.1074417382478714,-0.7328779697418213,-0.09479124383858561,-0.03446592390537262,-0.31616663932800293,-0.042194075005568266,-0.033595964312553406,-0.4496290683746338,-0.14281050400666118,0.011742249131202698,-0.33119624853134155,-0.1529575540297401,0.02575397491455078,-0.24101561307907104,-0.12624161975315928,-0.11699645221233368,-0.2615138292312622,-0.06113565252951503,-0.07978950440883636,-0.358054518699646,-0.1521335794203651,-0.03176398575305939,-0.2731946110725403,-0.15361023979119182,-0.01921115815639496,-0.19781428575515747,-0.13304589228562236
R,0.0,0.0,0.0,0.12361209094524384,-0.07725322246551514,-0.06663946781065988,0.15893162786960602,-0.23660218715667725,-0.08126563552525568,0.06147722899913788,-0.3485795259475708,-0.09320192757752466,-0.04177519679069519,-0.39708322286605835,-0.10007440272477197,0.12760527431964874,-0.35335010290145874,-0.015244753768115515,0.11843465268611908,-0.5052173733711243,-0.05173746842649507,0.09810338914394379,-0.6090100705623627,-0.07578244033959436,0.07266254723072052,-0.6990901529788971,-0.09134400609639215,0.04523439705371857,-0.3513752222061157,-0.019986893718510146,0.06992171704769135,-0.5323154330253601,-0.06672868106272745,0.0981934517621994,-0.6395654380321503,-0.08947976652291345,0.10864560306072235,-0.7284405827522278,-0.09514481547978448,-0.03610911965370178,-0.3180985450744629,-0.03691134948041963,-0.030888289213180542,-0.43601858615875244,-0.14098320875075387,0.009360551834106445,-0.3176189064979553,-0.15528781685736703,0.022343292832374573,-0.23059523105621338,-0.1296400872221284,-0.11645233631134033,-0.26271581649780273,-0.05722901571300554,-0.07930043339729309,-0.35195237398147583,-0.147873118256598,-0.03708741068840027,-0.26641911268234253,-0.14990317795184183,-0.028586730360984802,-0.19376665353775024,-0.12921853337195444
R,0.0,0.0,0.0,0.12210613489151001,-0.08537793159484863,-0.06602509069296048,0.1527749001979828,-0.2511752247810364,-0.07998355227562115,0.050602734088897705,-0.3662627935409546,-0.09147066372486279,-0.05624115467071533,-0.41114866733551025,-0.09810964512678311,0.11384177207946777,-0.35980623960494995,-0.013707691161357616,0.10695779323577881,-0.5192738175392151,-0.047078007189952586,0.09100323915481567,-0.6261553466320038,-0.06860096502157376,0.07014420628547668,-0.7188315391540527,-0.08293948072048352,0.032439589500427246,-0.3577086925506592,-0.017021422563516353,0.05014944076538086,-0.5411220788955688,-0.05970954272004292,0.08177059888839722,-0.6492520868778229,-0.08126955973955319,0.09689438343048096,-0.7383324205875397,-0.08783519017549679,-0.04723300039768219,-0.3236907720565796,-0.03215107071252987,-0.045413538813591,-0.44842955470085144,-0.13205679255577252,0.002187103033065796,-0.3351026773452759,-0.14687960344406292,0.020014047622680664,-0.24593448638916016,-0.12328370410057232,-0.12783291935920715,-0.26848602294921875,-0.050620761989080165,-0.09382428228855133,-0.3627236485481262,-0.13927412527652905,-0.04508593678474426,-0.2832569479942322,-0.14358598488422558,-0.030479922890663147,-0.21039509773254395,-0.12557000416370556
R,0.0,0.0,0.0,0.12230855226516724,-0.07464295625686646,-0.061537666306662686,0.1578134298324585,-0.23896318674087524,-0.07270020811336053,0.06244632601737976,-0.3550117015838623,-0.08209672390000833,-0.045717835426330566,-0.40580031275749207,-0.08700440643804086,0.12480852007865906,-0.3593284487724304,-0.009164858669805653,0.11444318294525146,-0.5122767984867096,-0.04416638059990419,0.09410661458969116,-0.6158175468444824,-0.06866508542077554,0.07102921605110168,-0.7055696845054626,-0.08529138384835733,0.03914332389831543,-0.36097538471221924,-0.016280708894896634,0.05983421206474304,-0.5431179404258728,-0.061386870280671246,0.08719301223754883,-0.6499841809272766,-0.08606669871585382,0.09690973162651062,-0.7360490262508392,-0.0938164946295501,-0.044728994369506836,-0.3301021456718445,-0.034986140266823895,-0.04072780907154083,-0.44719237089157104,-0.13557772158162607,0.0008819699287414551,-0.3260313868522644,-0.14984649239556802,0.015147626399993896,-0.23627346754074097,-0.12561772583501352,-0.12613965570926666,-0.2751694917678833,-0.0571837928749801,-0.09082695841789246,-0.35519134998321533,-0.14501015661733163,-0.04205469787120819,-0.2698928713798523,-0.14772358356492532,-0.02694205939769745,-0.19870883226394653,-0.12837824045197976
R,0.0,0.0,0.0,0.12124520540237427,-0.07474005222320557,-0.06555120523876212,0.1602059304714203,-0.23976057767868042,-0.07989822205013297,0.062386155128479004,-0.35607582330703735,-0.09159318979686759,-0.04416285455226898,-0.4084354341030121,-0.09861048932975791,0.12325912714004517,-0.3559081554412842,-0.017814702054920417,0.11586150527000427,-0.5080619156360626,-0.0551878723115351,0.0959453284740448,-0.6114700138568878,-0.07975273456281684,0.07061043381690979,-0.7025299966335297,-0.09555572148269675,0.03990021347999573,-0.3563288450241089,-0.023124138525190574,0.06285655498504639,-0.5473583340644836,-0.06925079848474525,0.09778735041618347,-0.654500275850296,-0.09144610043472312,0.11425235867500305,-0.7414831221103668,-0.09660474087900184,-0.040615737438201904,-0.3252671957015991,-0.04002211119836829,-0.03583432734012604,-0.44414159655570984,-0.1429786818832781,0.006201595067977905,-0.3221513628959656,-0.1558883475870516,0.019210368394851685,-0.23373758792877197,-0.1294112044186022,-0.12062573432922363,-0.2724665403366089,-0.06022591765827201,-0.08313266932964325,-0.3590627908706665,-0.14838094886249564,-0.038452595472335815,-0.2699544429779053,-0.14822293694919608,-0.02895812690258026,-0.1961841583251953,-0.1262383746714022
R,0.0,0.0,0.0,0.12597793340682983,-0.03502398729324341,-0.1280804808307039,0.1553592085838318,-0.21403801441192627,-0.1414558823275911,0.03542451560497284,-0.32918304204940796,-0.13246332957032791,-0.07993286848068237,-0.3750753104686737,-0.1111884946990358,0.18401199579238892,-0.36508315801620483,-0.0561786192524778,0.1636599600315094,-0.5398586690425873,-0.1080761711168634,0.1318347156047821,-0.6649443507194519,-0.1412175829577791,0.0998803973197937,-0.7678098678588867,-0.16067656232598893,0.09012266993522644,-0.3694891631603241,-0.03604882313493363,0.10577687621116638,-0.5809860527515411,-0.09385117991450898,0.11354818940162659,-0.704325795173645,-0.12674186481717697,0.1143081784248352,-0.811140239238739,-0.13292584671262375,-0.003570854663848877,-0.3364241123199463,-0.034705308364664234,-0.055379897356033325,-0.4539140462875366,-0.17030900074723831,-0.02267765998840332,-0.3136616349220276,-0.19657976283315293,0.0008211582899093628,-0.23251879215240479,-0.16560777379754654,-0.09818002581596375,-0.27217376232147217,-0.040682778792415775,-0.11185234785079956,-0.353693425655365,-0.16351444377187363,-0.06987585127353668,-0.24946272373199463,-0.1718303049970018,-0.05987626314163208,-0.17505306005477905,-0.14571435107473008
R,0.0,0.0,0.0,0.12254783511161804,-0.07757341861724854,-0.06915803809806675,0.1583651900291443,-0.247971773147583,-0.08441782553836674,0.05815240740776062,-0.36522629857063293,-0.09621737708494038,-0.04951293766498566,-0.41814497113227844,-0.10222068985149235,0.12475493550300598,-0.36129146814346313,-0.016291975948661275,0.11831161379814148,-0.5225152373313904,-0.05077391673967213,0.1025187075138092,-0.6297080218791962,-0.07323054780408711,0.08024513721466064,-0.723957747220993,-0.08861786683246464,0.040692687034606934,-0.3608784079551697,-0.018784433576911397,0.06216615438461304,-0.5477198362350464,-0.06442197223350377,0.09239721298217773,-0.6531003415584564,-0.08687247892066807,0.103473961353302,-0.7422859072685242,-0.09257440080091328,-0.040172234177589417,-0.3292279839515686,-0.033149642843454785,-0.03467877209186554,-0.45010906457901,-0.13671956022426457,0.009966596961021423,-0.32827329635620117,-0.1494169737879929,0.02310881018638611,-0.2411564588546753,-0.12294941951677174,-0.11751598119735718,-0.27590876817703247,-0.051179474193304486,-0.07574516534805298,-0.36360278725624084,-0.14271677096530766,-0.030342906713485718,-0.2755827307701111,-0.1455332841460404,-0.020865097641944885,-0.20409125089645386,-0.12544939478084416
R,0.0,0.0,0.0,0.12290000915527344,-0.08602839708328247,-0.06622661365543081,0.15441825985908508,-0.2550271153450012,-0.07739571942363455,0.05360206961631775,-0.36639147996902466,-0.08577693714175894,-0.0529593825340271,-0.4122541546821594,-0.08821182413373663,0.1163443922996521,-0.37095189094543457,-0.008759240567428606,0.10563957691192627,-0.5269285440444946,-0.04374540312562658,0.08580979704856873,-0.6315553188323975,-0.06708521111283972,0.06200578808784485,-0.7233796119689941,-0.08227125270639135,0.03435152769088745,-0.3661942183971405,-0.013662083953363435,0.05847814679145813,-0.5513892769813538,-0.05926505191598608,0.09014567732810974,-0.657572865486145,-0.08247574879203512,0.10189846158027649,-0.7453601062297821,-0.08803398622546865,-0.04628102481365204,-0.3298289179801941,-0.03133170394573881,-0.04587364196777344,-0.44894662499427795,-0.13739323331390096,0.0006232857704162598,-0.3269025683403015,-0.15373299731288625,0.01626381278038025,-0.23885071277618408,-0.12786592258487417,-0.1236349493265152,-0.27003592252731323,-0.052219928189856546,-0.08941449224948883,-0.3664918541908264,-0.14350165142093374,-0.03850442171096802,-0.2804310917854309,-0.1454822690633364,-0.0242995023727417,-0.20578783750534058,-0.12412979169164373
R,0.0,0.0,0.0,0.11675865948200226,-0.08229202032089233,-0.06275376140843036,0.15235061943531036,-0.25460392236709595,-0.07128442287216785,0.05190540850162506,-0.3718870282173157,-0.07620240211258533,-0.056494519114494324,-0.4098822772502899,-0.07508164107571247,0.11365391314029694,-0.36945757269859314,-0.007578339648944166,0.10350160300731659,-0.5283953547477722,-0.037175430206161764,0.08466272056102753,-0.6349785327911377,-0.05798750579128864,0.062644824385643,-0.7268839478492737,-0.0727164393640578,0.031141623854637146,-0.367510050535202,-0.015789551881653097,0.047608956694602966,-0.5556764304637909,-0.05124281182656887,0.07507012784481049,-0.6604741513729095,-0.07275097280512455,0.07944662868976593,-0.7458235025405884,-0.07964378058682087,-0.05197462439537048,-0.3359384536743164,-0.03603786438475254,-0.048199668526649475,-0.46112358570098877,-0.13071433663139942,-0.0013427287340164185,-0.34390881657600403,-0.1512420421815932,0.011847957968711853,-0.2605476379394531,-0.1325088983751357,-0.13263897597789764,-0.28023606538772583,-0.05985600337157848,-0.09477484226226807,-0.36436983942985535,-0.14543730973969105,-0.04138574004173279,-0.27970999479293823,-0.152407074568373,-0.02896614372730255,-0.2085399031639099,-0.1371475404478133
R,0.0,0.0,0.0,0.12630052864551544,-0.0790291428565979,-0.06745139632153041,0.15779714286327362,-0.2511531114578247,-0.07888345543074138,0.05230163037776947,-0.3691864609718323,-0.0862851229660464,-0.05348019301891327,-0.4180941581726074,-0.08835534129070766,0.12106005847454071,-0.3561917543411255,-0.017638077323908874,0.1167212575674057,-0.5162257552146912,-0.049890020226712295,0.10090617835521698,-0.6230996549129486,-0.0697530594818545,0.0797923356294632,-0.7155136466026306,-0.0830805462949229,0.03700292110443115,-0.35526567697525024,-0.018885900562281677,0.052839502692222595,-0.5439211130142212,-0.06050346169399745,0.08338256180286407,-0.6524802148342133,-0.08049595478701121,0.0980818122625351,-0.7406894564628601,-0.08584947261738307,-0.044751301407814026,-0.3235083222389221,-0.031581216787571975,-0.04251812398433685,-0.4529833197593689,-0.13082926843094356,0.0024465471506118774,-0.3371216356754303,-0.14362710091995723,0.017551705241203308,-0.249667227268219,-0.11872197810339458,-0.12542080879211426,-0.2724626660346985,-0.04760181281494624,-0.08618830144405365,-0.3668447732925415,-0.13574621949123866,-0.03869330883026123,-0.28455448150634766,-0.13918892416882045,-0.02660965919494629,-0.21412092447280884,-0.12076583627390391
R,0.0,0.0,0.0,0.12408500909805298,-0.07670313119888306,-0.07108415134598545,0.155373215675354,-0.24900871515274048,-0.08214947797705463,0.049596965312957764,-0.36258459091186523,-0.0884042031352692,-0.060152724385261536,-0.40773558616638184,-0.0887910000269585,0.12282204627990723,-0.3616291582584381,-0.015535470399754558,0.11489623785018921,-0.5193818807601929,-0.04860551871706775,0.09745943546295166,-0.6254443526268005,-0.07029667713095478,0.07646441459655762,-0.7173333168029785,-0.08524385311056903,0.03771898150444031,-0.36075109243392944,-0.01667350374509624,0.05067265033721924,-0.5482821464538574,-0.05874651141812137,0.08318769931793213,-0.6574194133281708,-0.07948960580279163,0.099820077419281,-0.746487557888031,-0.0847798682038956,-0.0433315634727478,-0.3279281556606293,-0.0303204062615805,-0.04689580202102661,-0.45546531677246094,-0.13278342999865345,-0.0011117756366729736,-0.33476752042770386,-0.14521524526526264,0.013423308730125427,-0.24681168794631958,-0.11859277107168964,-0.12201960384845734,-0.2713817358016968,-0.04794143729259304,-0.09123510122299194,-0.36946699023246765,-0.1389149151032143,-0.04314780235290527,-0.2843039035797119,-0.14137193777014545,-0.031869322061538696,-0.21090447902679443,-0.12135220535446933
R,0.0,0.0,0.0,0.12631016969680786,-0.07933217287063599,-0.0741820092719081,0.16596940159797668,-0.24683451652526855,-0.0871994625251773,0.06757926940917969,-0.3586028516292572,-0.09514874773435622,-0.04430459439754486,-0.40624988079071045,-0.0965855474989894,0.11697974801063538,-0.3609936237335205,-0.00877895107828408,0.10822230577468872,-0.5148924887180328,-0.04004935356192618,0.09194722771644592,-0.6190139353275299,-0.0609889681857112,0.06928196549415588,-0.7091361284255981,-0.07448323624544173,0.03739309310913086,-0.3609115481376648,-0.008315938472378548,0.062151938676834106,-0.5515260100364685,-0.049715137056637104,0.09614205360412598,-0.6625392436981201,-0.07075526373796492,0.10980525612831116,-0.755370020866394,-0.07424413221292525,-0.04135328531265259,-0.3290012776851654,-0.021638626180219944,-0.04106995463371277,-0.45491382479667664,-0.12747946935110122,0.0011548101902008057,-0.3304184675216675,-0.1442399676363948,0.014025509357452393,-0.24421828985214233,-0.11761276232414275,-0.12045753002166748,-0.27726680040359497,-0.03852195101194411,-0.08692924678325653,-0.3700351417064667,-0.13245399849824935,-0.042444825172424316,-0.27899235486984253,-0.13724873023443251,-0.03205057978630066,-0.20674389600753784,-0.11693991529159575
R,0.0,0.0,0.0,0.12584173679351807,-0.06501191854476929,-0.0735326919328827,0.16194581985473633,-0.23216009140014648,-0.08747491124984208,0.06004738807678223,-0.3466188907623291,-0.09588290635463181,-0.05341470241546631,-0.3943493962287903,-0.09893029812690202,0.11377230286598206,-0.3498865067958832,-0.019986492357816132,0.10661154985427856,-0.5090343058109283,-0.0535897004973549,0.08982989192008972,-0.6161915063858032,-0.07461753372069779,0.067437082529068,-0.7077549993991852,-0.08837881568786088,0.031765520572662354,-0.34849482774734497,-0.018537790290679368,0.05097585916519165,-0.5399881899356842,-0.06279664371129456,0.08475089073181152,-0.653045654296875,-0.0855592775714058,0.10045292973518372,-0.7465626895427704,-0.09088276956197205,-0.0467069149017334,-0.314666748046875,-0.029003626443113717,-0.044008269906044006,-0.44414669275283813,-0.13436455164071504,0.0003439486026763916,-0.3241472840309143,-0.14910989139195863,0.014595776796340942,-0.23840951919555664,-0.12263041619178239,-0.124545156955719,-0.2599784731864929,-0.04271382722970429,-0.0881245881319046,-0.3494933247566223,-0.1395596626770157,-0.04049581289291382,-0.2592353820800781,-0.14532031748410645,-0.027699947357177734,-0.18647754192352295,-0.12539226446267548
R,0.0,0.0,0.0,0.12857767939567566,-0.08643448352813721,-0.06604409569035852,0.1552773118019104,-0.2502157688140869,-0.07585906588565194,0.05749499797821045,-0.36704936623573303,-0.08331415408383691,-0.048221126198768616,-0.4125651717185974,-0.08554654174577081,0.11936822533607483,-0.35336828231811523,-0.0005745383291468897,0.11442646384239197,-0.5067994594573975,-0.031412295783866284,0.09847897291183472,-0.6098275482654572,-0.05313013472687089,0.07755625247955322,-0.6993917524814606,-0.06843368315230691,0.038610875606536865,-0.35380709171295166,-0.0028591265631803253,0.05343294143676758,-0.5374411940574646,-0.044955611015666364,0.08439835906028748,-0.6482378244400024,-0.06829411142598474,0.0984654426574707,-0.7388628721237183,-0.07588404023181283,-0.041583672165870667,-0.3220099210739136,-0.018134537870992062,-0.04123219847679138,-0.4517832398414612,-0.12016727381478631,0.005512908101081848,-0.33560460805892944,-0.13651897364388788,0.020612001419067383,-0.24643254280090332,-0.11245256268512094,-0.12120813131332397,-0.2689398527145386,-0.03680048116575563,-0.0855814665555954,-0.36834239959716797,-0.12851067238580072,-0.0366797000169754,-0.2861817479133606,-0.13510489815007531,-0.0234430730342865,-0.21327924728393555,-0.11791783177386606
R,0.0,0.0,0.0,0.1323954463005066,-0.07188683748245239,-0.06916413889632622,0.1638927161693573,-0.23458290100097656,-0.07876970307336251,0.06455698609352112,-0.3522099256515503,-0.08494944558844963,-0.04217575490474701,-0.40534430742263794,-0.08552221642241875,0.12283995747566223,-0.3386622965335846,-0.0068044472988049165,0.1114555299282074,-0.4970513880252838,-0.03570716143951813,0.09413844347000122,-0.6033133268356323,-0.054510098559717335,0.07186627388000488,-0.6949363946914673,-0.06785712824569146,0.041838064789772034,-0.33988848328590393,-0.0060016025360027925,0.05870756506919861,-0.5261547565460205,-0.046685413135151066,0.08951839804649353,-0.6337999105453491,-0.06732202009663979,0.10022777318954468,-0.7214210033416748,-0.07244925634370247,-0.03512921929359436,-0.31062787771224976,-0.018026462433795132,-0.038600265979766846,-0.44032835960388184,-0.12150179283128182,0.00642046332359314,-0.3213293254375458,-0.13638823912845055,0.020145833492279053,-0.23126840591430664,-0.11066391752467553,-0.11177575588226318,-0.26074522733688354,-0.03351109163270394,-0.07945515215396881,-0.3587303161621094,-0.1277184902261297,-0.03191915154457092,-0.27665841579437256,-0.13537463234172264,-0.019297122955322266,-0.20321887731552124,-0.11841522590623299
R,0.0,0.0,0.0,0.12882421910762787,-0.07937920093536377,-0.06856382087255497,0.16268326342105865,-0.24682939052581787,-0.07661497787023563,0.0629691332578659,-0.3579002320766449,-0.08085810587192555,-0.04410654306411743,-0.40544307231903076,-0.07934715792919178,0.11402548849582672,-0.3484281003475189,-0.003170918285945845,0.10737265646457672,-0.5034222602844238,-0.031985657367954445,0.09432385861873627,-0.6064760088920593,-0.050802478645096016,0.07561282813549042,-0.6955190598964691,-0.06292368665720005,0.03416784107685089,-0.3484722971916199,-0.003567363679508162,0.05182693898677826,-0.537807285785675,-0.04244515121365566,0.08539582788944244,-0.6464249491691589,-0.062108034346351815,0.0993998795747757,-0.7346141338348389,-0.0655417834260561,-0.04267469048500061,-0.3182768225669861,-0.01738005511845131,-0.040034592151641846,-0.4442523419857025,-0.12006900653625507,0.004047378897666931,-0.32415643334388733,-0.1375502069332697,0.01619000732898712,-0.23749035596847534,-0.11260514900470753,-0.11901365220546722,-0.26919251680374146,-0.03452548578763981,-0.0801859200000763,-0.36362919211387634,-0.12617039874578495,-0.03288938105106354,-0.2782597541809082,-0.13314399317289372,-0.021500900387763977,-0.2067204713821411,-0.11563411549116154
R,0.0,0.0,0.0,0.12358158826828003,-0.08128499984741211,-0.06943384023111321,0.157396137714386,-0.2391335368156433,-0.08093834878604866,0.06085479259490967,-0.34697556495666504,-0.0885460993806646,-0.03963947296142578,-0.40120404958724976,-0.09023621888559319,0.11094292998313904,-0.3436555862426758,-0.010284092516712917,0.10556665062904358,-0.49334439635276794,-0.04174531088870026,0.09102877974510193,-0.5913088321685791,-0.06213647337358452,0.0705137848854065,-0.6766094863414764,-0.0746235495964811,0.030027806758880615,-0.34143388271331787,-0.0095825337405131,0.04505515098571777,-0.5269615948200226,-0.050965605543069614,0.07401439547538757,-0.6340372860431671,-0.07028201432626702,0.08509695529937744,-0.7203218638896942,-0.07286025048892952,-0.044502705335617065,-0.30940452218055725,-0.02140914858978249,-0.04344600439071655,-0.4334920048713684,-0.12175365002553917,0.0009827017784118652,-0.31538087129592896,-0.13220111490886666,0.014781489968299866,-0.22918784618377686,-0.10327806533973671,-0.11794078350067139,-0.2559446692466736,-0.036955343798808826,-0.08377748727798462,-0.3542764484882355,-0.12465012283723809,-0.04036644101142883,-0.2693368196487427,-0.1248390248576925,-0.03105659782886505,-0.19745850563049316,-0.1024773588935659
R,0.0,0.0,0.0,0.11721649765968323,-0.08355754613876343,-0.0591465636458679,0.14890092611312866,-0.23706161975860596,-0.06938517757919271,0.05769231915473938,-0.3459233343601227,-0.07837439247634848,-0.03847384452819824,-0.3949396312236786,-0.08281406679418524,0.1075015664100647,-0.3407083749771118,-0.007602193981824712,0.09910151362419128,-0.4896170496940613,-0.04110871919658621,0.07962760329246521,-0.5897178053855896,-0.06270220049884756,0.05465659499168396,-0.6757351458072662,-0.07626028278139074,0.029715150594711304,-0.3388901650905609,-0.010930841911999778,0.04487510025501251,-0.5175328552722931,-0.05640162819292982,0.07227364182472229,-0.6250773966312408,-0.0785077727701946,0.08242714405059814,-0.7112862765789032,-0.0835301197436138,-0.04405513405799866,-0.30700331926345825,-0.02504072257545431,-0.05102530121803284,-0.42562049627304077,-0.1242948017385288,-0.003299623727798462,-0.31752774119377136,-0.1342849499848171,0.015034854412078857,-0.2312692403793335,-0.10634998151329,-0.11809791624546051,-0.2529417872428894,-0.0418709433939739,-0.08991585671901703,-0.3538861870765686,-0.127071878996162,-0.045920103788375854,-0.27438879013061523,-0.12567339011695822,-0.03354686498641968,-0.20025396347045898,-0.10269471922185858
R,0.0,0.0,0.0,0.11845117807388306,-0.07831525802612305,-0.061969037085532364,0.14172348380088806,-0.23679137229919434,-0.07148065689182204,0.051513731479644775,-0.3463558554649353,-0.07832350108003538,-0.04657334089279175,-0.3984730541706085,-0.08041412654495161,0.10299375653266907,-0.3249610364437103,-0.01399784526950043,0.09286355972290039,-0.4763888120651245,-0.04882512140250128,0.07582393288612366,-0.5775446593761444,-0.06910854849195402,0.05227607488632202,-0.6635532379150391,-0.08114641430950087,0.024651959538459778,-0.32724249362945557,-0.014531974598526176,0.038869380950927734,-0.5085025429725647,-0.06125570359802168,0.06230497360229492,-0.615341067314148,-0.081191624432563,0.06691119074821472,-0.6966266334056854,-0.08330051872110289,-0.05178681015968323,-0.30024611949920654,-0.0259557840523712,-0.05361691117286682,-0.4186481833457947,-0.1272472319302551,-0.00754055380821228,-0.31143897771835327,-0.1372861144242279,0.0065512508153915405,-0.22607284784317017,-0.10838269713497084,-0.12751610577106476,-0.2523232698440552,-0.04008423063135069,-0.08544376492500305,-0.3450561761856079,-0.12776963683938902,-0.03947366774082184,-0.26671332120895386,-0.12880113992071074,-0.030788719654083252,-0.19497078657150269,-0.10688558492040556
R,0.0,0.0,0.0,0.1148965060710907,-0.08259212970733643,-0.06143814278334503,0.1441325545310974,-0.23415642976760864,-0.0708141322204483,0.05898255109786987,-0.33722159266471863,-0.07748506171196823,-0.03358656167984009,-0.38976311683654785,-0.0792553792664421,0.10265633463859558,-0.3346668779850006,-0.015419537662864968,0.09108468890190125,-0.4796180725097656,-0.04693402675479774,0.067434161901474,-0.5746181607246399,-0.06682857078999405,0.03942391276359558,-0.6571630835533142,-0.07928404164999847,0.025679856538772583,-0.330249160528183,-0.01676294905632858,0.04060603678226471,-0.5087288022041321,-0.056089702523649976,0.06634190678596497,-0.6140069365501404,-0.07316532684058075,0.07502725720405579,-0.694112092256546,-0.07594001991242294,-0.04908172786235809,-0.2975339889526367,-0.02933396538287525,-0.053575098514556885,-0.4144735038280487,-0.12254355055779342,-0.0033252835273742676,-0.30891257524490356,-0.13229814869850998,0.01449863612651825,-0.22677719593048096,-0.10644929064005737,-0.12102444469928741,-0.24515986442565918,-0.04511682642191772,-0.09150940179824829,-0.342605322599411,-0.12623605830162887,-0.042739272117614746,-0.26713812351226807,-0.12522143823593979,-0.029482021927833557,-0.19519877433776855,-0.10421981615513687
R,0.0,0.0,0.0,0.10834033787250519,-0.08360636234283447,-0.06794260889955694,0.13423793017864227,-0.23460239171981812,-0.08125531376072104,0.04445968568325043,-0.3407481610774994,-0.09066746831604178,-0.04953010380268097,-0.39493799209594727,-0.09430961013504202,0.09679843485355377,-0.33688780665397644,-0.015516491427206347,0.08920048177242279,-0.47978830337524414,-0.04808925539919073,0.07067184150218964,-0.5732035040855408,-0.06942802370258505,0.04586012661457062,-0.6543054580688477,-0.08348858804174597,0.02057473361492157,-0.3293708562850952,-0.013635683625125239,0.03170458972454071,-0.5000613927841187,-0.055130936957084486,0.05541045963764191,-0.5983808934688568,-0.0741331920094126,0.061382219195365906,-0.6781003475189209,-0.0785831928319567,-0.05131359398365021,-0.29369789361953735,-0.02381183095940287,-0.05556231737136841,-0.4090047776699066,-0.11883717477985556,-0.005666673183441162,-0.30449098348617554,-0.12962900549837286,0.012376561760902405,-0.22641265392303467,-0.1049244448608988,-0.12007200717926025,-0.23951321840286255,-0.037821152067863295,-0.09009364247322083,-0.3336983919143677,-0.1224211871690386,-0.04588720202445984,-0.258634090423584,-0.12521845550008948,-0.03621740639209747,-0.19291216135025024,-0.1069502428240412
R,0.0,0.0,0.0,0.10899798572063446,-0.07939279079437256,-0.061026804443031324,0.1326337307691574,-0.22760194540023804,-0.0696185457665024,0.04886952042579651,-0.3324565887451172,-0.07516407996001817,-0.041816726326942444,-0.3872346878051758,-0.07579904079022981,0.09515069425106049,-0.3213123083114624,-0.01225062954756595,0.08633913099765778,-0.46364349126815796,-0.042646624441772474,0.06518222391605377,-0.5570868253707886,-0.061513096388011945,0.03698351979255676,-0.6374425888061523,-0.07321592449727632,0.02151772379875183,-0.31812232732772827,-0.011467954437762273,0.03677119314670563,-0.4904193878173828,-0.05174929678025819,0.061996445059776306,-0.5910485684871674,-0.07014183729472734,0.06882785260677338,-0.667566567659378,-0.07355850219312288,-0.049134060740470886,-0.28547900915145874,-0.02161828085365869,-0.05589282512664795,-0.39608848094940186,-0.11403961509051896,-0.008678600192070007,-0.2975388765335083,-0.12538570195022203,0.006487861275672913,-0.2209697961807251,-0.10102971672597505,-0.11679694056510925,-0.2346290946006775,-0.0345148372608719,-0.08978365361690521,-0.33146846294403076,-0.1150136667448578,-0.0450422465801239,-0.25953471660614014,-0.11559077381673433,-0.035819992423057556,-0.19181841611862183,-0.09588522493424989
R,0.0,0.0,0.0,0.10890842974185944,-0.07934325933456421,-0.06540614151094815,0.1322609931230545,-0.22580206394195557,-0.07593316369388958,0.0478208065032959,-0.33192434906959534,-0.08242777519558331,-0.04377205669879913,-0.38230398297309875,-0.08336289011572262,0.1085929423570633,-0.31398966908454895,-0.01249556493644377,0.09777016937732697,-0.4575858414173126,-0.040956573269113505,0.07635338604450226,-0.5512597858905792,-0.06062485807274243,0.05088798701763153,-0.6316757202148438,-0.0742091291460838,0.033546313643455505,-0.307449072599411,-0.01018698577468058,0.04189923405647278,-0.4728260636329651,-0.046641753694757426,0.0613698810338974,-0.5701166391372681,-0.06611645006273648,0.06414179503917694,-0.6487868130207062,-0.07261463784311672,-0.03898020088672638,-0.27619868516921997,-0.019442597112401927,-0.04364985227584839,-0.3921566903591156,-0.10923715465401074,0.0004440397024154663,-0.29160672426223755,-0.12329344981048962,0.013933241367340088,-0.21485906839370728,-0.10250708990429303,-0.10874350368976593,-0.2279425859451294,-0.03240919642780682,-0.07716643810272217,-0.3222808837890625,-0.11470924847458264,-0.03146176040172577,-0.2519170641899109,-0.1209768333349075,-0.01852498948574066,-0.1859404444694519,-0.10618217074011227
R,0.0,0.0,0.0,0.10764168202877045,-0.08108490705490112,-0.06175263421346244,0.1289515644311905,-0.22618573904037476,-0.0687109922032505,0.04221780598163605,-0.3299259543418884,-0.07214359389354286,-0.04873228073120117,-0.38375961780548096,-0.07053829924871025,0.10288824141025543,-0.31185537576675415,-0.007982762620940775,0.09190584719181061,-0.45117899775505066,-0.037749754355445475,0.0651891678571701,-0.5437796413898468,-0.05653118164946136,0.03280752897262573,-0.622236579656601,-0.06812627063800392,0.029922112822532654,-0.31105321645736694,-0.005894134842947096,0.043783992528915405,-0.48044341802597046,-0.044893244371905894,0.06354771554470062,-0.578238308429718,-0.06210823924948272,0.06720452010631561,-0.6500356197357178,-0.06435658232976493,-0.04212792217731476,-0.28281450271606445,-0.015458649114862055,-0.0517013818025589,-0.3977851867675781,-0.10847471849729118,-0.007843956351280212,-0.2967299818992615,-0.11984946774055061,0.007766112685203552,-0.2173910140991211,-0.09493276672174034,-0.11340305209159851,-0.23634469509124756,-0.02784933531393108,-0.08555455505847931,-0.33137375116348267,-0.10988231943656501,-0.04219485819339752,-0.2565320134162903,-0.11112065063525733,-0.03158639371395111,-0.18660223484039307,-0.0912876819234043
R,0.0,0.0,0.0,0.11011303961277008,-0.07231307029724121,-0.06089392003832472,0.13550744950771332,-0.21113914251327515,-0.0682407065969528,0.053899019956588745,-0.31279256939888,-0.07255251405058516,-0.036276593804359436,-0.3594156503677368,-0.07164071199713362,0.10808156430721283,-0.2988424003124237,-0.005844916936439404,0.10248954594135284,-0.43265944719314575,-0.034622587982994446,0.08149386942386627,-0.5200032889842987,-0.05563611609159125,0.0547461062669754,-0.5960169434547424,-0.07032983449516905,0.036553800106048584,-0.29787522554397583,-0.004884288900029787,0.04862190783023834,-0.45820456743240356,-0.04090525281844748,0.07109682261943817,-0.5541782230138779,-0.06059030887900008,0.07715480029582977,-0.6311850845813751,-0.0675596266728462,-0.0345851331949234,-0.2694537043571472,-0.015740838621240982,-0.04182717204093933,-0.38337579369544983,-0.10240509060440672,0.0012177526950836182,-0.2847498655319214,-0.11650491205273283,0.016007333993911743,-0.20843654870986938,-0.09668226239500655,-0.10498639941215515,-0.22343045473098755,-0.030274973039013275,-0.07744649052619934,-0.3097377419471741,-0.10806539354143752,-0.03444312512874603,-0.24326664209365845,-0.11395825145064009,-0.02323855459690094,-0.18142348527908325,-0.1000930711370529
R,0.0,0.0,0.0,0.10694897174835205,-0.07083094120025635,-0.06393166717793974,0.1304294466972351,-0.21189117431640625,-0.07224330392386946,0.04945962131023407,-0.3131839334964752,-0.07538718816545043,-0.0393921434879303,-0.36344656348228455,-0.07348549452331099,0.10251510143280029,-0.29599547386169434,-0.013585670783186288,0.09376943111419678,-0.42887169122695923,-0.04072312351968321,0.07277733087539673,-0.5185853987932205,-0.05764710616972479,0.046982988715171814,-0.5940013527870178,-0.06927292880322966,0.032377853989601135,-0.29357004165649414,-0.010178213871085973,0.04662984609603882,-0.45002877712249756,-0.04545669343974623,0.06480923295021057,-0.5386760830879211,-0.06020490166451964,0.06532052159309387,-0.6078041195869446,-0.06261213210132155,-0.03651806712150574,-0.2651536464691162,-0.018240158378148408,-0.04424503445625305,-0.37760472297668457,-0.10735575196054015,-0.005588561296463013,-0.2806238830089569,-0.11762125131394896,0.004752621054649353,-0.20758593082427979,-0.09477976795938048,-0.10379865765571594,-0.21734654903411865,-0.029533174752259583,-0.07467692345380783,-0.3062795102596283,-0.11171039280202422,-0.033781975507736206,-0.23431771993637085,-0.11589078691508803,-0.027091756463050842,-0.1685870885848999,-0.09969284471776518
R,0.0,0.0,0.0,0.11184936761856079,-0.07512319087982178,-0.1424011828228231,0.13754403591156006,-0.23580563068389893,-0.15988699512922722,0.028979480266571045,-0.3377634882926941,-0.15252571719133812,-0.07157155871391296,-0.38949745893478394,-0.13104010539495903,0.175723135471344,-0.3798089027404785,-0.05977197157585579,0.15604731440544128,-0.552098274230957,-0.11316178160154777,0.12080538272857666,-0.6659257411956787,-0.14622900801145988,0.08472177386283875,-0.763465940952301,-0.1637780310436483,0.08780422806739807,-0.381916880607605,-0.027590505577563817,0.11968919634819031,-0.5883840918540955,-0.08350457417213875,0.12903809547424316,-0.7101710736751556,-0.11325556205952125,0.1344725787639618,-0.8143655955791473,-0.11715609001362282,-0.0030434727668762207,-0.3480257987976074,-0.017451144553660924,-0.05888892710208893,-0.4572383761405945,-0.1485923917814489,-0.030301958322525024,-0.3232763409614563,-0.18181783872091728,-0.0013663172721862793,-0.24674922227859497,-0.15490361469232994,-0.08480420708656311,-0.28809893131256104,-0.016100058130859907,-0.10780279338359833,-0.3698608875274658,-0.13001162724935966,-0.06689442694187164,-0.2788665294647217,-0.1434785218759771,-0.04644855856895447,-0.20747357606887817,-0.12227907197916466
R,0.0,0.0,0.0,0.10227024555206299,-0.07381981611251831,-0.059547333805085145,0.12907147407531738,-0.213814377784729,-0.0662959430499086,0.051955193281173706,-0.31434452533721924,-0.06984691956472489,-0.037130653858184814,-0.36440491676330566,-0.06778757908773514,0.10798275470733643,-0.30961188673973083,-0.006176524622560464,0.09769517183303833,-0.4473724365234375,-0.03610512503814789,0.07307782769203186,-0.5343180745840073,-0.0572813850028524,0.043044984340667725,-0.6091808676719666,-0.07107259222698303,0.03818772733211517,-0.3067484200000763,-0.005399552932203733,0.05867919325828552,-0.4634304642677307,-0.04631211498212906,0.07842868566513062,-0.5565691441297531,-0.06887947657537552,0.0797639787197113,-0.628826916217804,-0.07612739392948242,-0.03138485550880432,-0.27862173318862915,-0.016136391846657716,-0.04479815065860748,-0.37812522053718567,-0.10671301820707413,-0.007714197039604187,-0.28061893582344055,-0.12321500369739624,0.005854681134223938,-0.2090064287185669,-0.1037146140022287,-0.09902848303318024,-0.23516374826431274,-0.030037252990723573,-0.07932570576667786,-0.31562143564224243,-0.10813418665361496,-0.04093006253242493,-0.24744749069213867,-0.1127139095349321,-0.031803205609321594,-0.18749785423278809,-0.09731786587667557
R,0.0,0.0,0.0,0.10138490796089172,-0.0747140645980835,-0.05811728342166589,0.12210452556610107,-0.20822888612747192,-0.05964368759384797,0.042373016476631165,-0.301756352186203,-0.05663129492393182,-0.0451115220785141,-0.34404781460762024,-0.048484733241707545,0.10434311628341675,-0.2909373641014099,-0.00021229707715519908,0.09040656685829163,-0.4169444441795349,-0.023637879553348284,0.06617647409439087,-0.5005781501531601,-0.03994527264228509,0.038414761424064636,-0.5716166794300079,-0.05099342941036866,0.03807723522186279,-0.28671401739120483,0.002713398395940203,0.054841041564941406,-0.43622732162475586,-0.029490737157971125,0.07235467433929443,-0.5259028077125549,-0.04636713667503045,0.07469213008880615,-0.5986412465572357,-0.0500986444830005,-0.029016122221946716,-0.2570212185382843,-0.0059723843886558825,-0.051385194063186646,-0.3569472134113312,-0.09401226966372178,-0.013920009136199951,-0.26076143980026245,-0.10955872564306901,0.0015213936567306519,-0.19049715995788574,-0.08929170845738099,-0.09566322714090347,-0.20814406871795654,-0.017150396394640666,-0.08352576941251755,-0.2948955297470093,-0.09714665441504167,-0.0454569011926651,-0.22496122121810913,-0.10238643913260148,-0.03618556261062622,-0.16104960441589355,-0.08697898118487046
R,0.0,0.0,0.0,0.09977206587791443,-0.07099741697311401,-0.05403639039752761,0.11988765001296997,-0.20582813024520874,-0.05625412276742736,0.04310673475265503,-0.2984108030796051,-0.05508700049279014,-0.03804400563240051,-0.3397371172904968,-0.048559055093505776,0.10216692090034485,-0.2873059809207916,-0.0008251617083487872,0.09012338519096375,-0.4149555563926697,-0.02555157652852813,0.06615221500396729,-0.49946586787700653,-0.04344273022172729,0.03765840828418732,-0.5713522732257843,-0.05531363597867767,0.036989226937294006,-0.2827264666557312,-0.0011384009968651299,0.0508478581905365,-0.4334449768066406,-0.032543093327262795,0.06784799695014954,-0.5253751426935196,-0.05003146863339225,0.06842485070228577,-0.5982243716716766,-0.05491640827415267,-0.028437048196792603,-0.25472888350486755,-0.012546000432053006,-0.0489179790019989,-0.3600553870201111,-0.09532492271421233,-0.011452645063400269,-0.267012357711792,-0.10954059324024001,0.003495335578918457,-0.1957484483718872,-0.0898521732425479,-0.09392072260379791,-0.20817750692367554,-0.026915219042280114,-0.07845073938369751,-0.2979103922843933,-0.1018075834846286,-0.039297208189964294,-0.23127871751785278,-0.10623319855687896,-0.02815493941307068,-0.16774773597717285,-0.09112584254501144
R,0.0,0.0,0.0,0.0985567569732666,-0.07294297218322754,-0.057847001576931234,0.11750438809394836,-0.20582324266433716,-0.06145661416104531,0.04263788461685181,-0.2991998791694641,-0.06057895811846947,-0.03903427720069885,-0.34324729442596436,-0.05400949063351845,0.10495904088020325,-0.2816224694252014,-0.005252879100055452,0.09177747368812561,-0.40996024012565613,-0.031887442791969534,0.0654560923576355,-0.49401357769966125,-0.05101076232841706,0.035023853182792664,-0.5658827722072601,-0.06407857778123116,0.038492560386657715,-0.2777714133262634,-0.003990973333031889,0.0483894944190979,-0.4294072985649109,-0.03742907660654282,0.06440773606300354,-0.5194359123706818,-0.0564093636219809,0.06537580490112305,-0.5897630751132965,-0.06236717196753716,-0.027351409196853638,-0.2496996521949768,-0.014195000739903207,-0.05176369845867157,-0.3530474305152893,-0.09865390601208901,-0.014280140399932861,-0.26371511816978455,-0.11575013490966057,0.0019648969173431396,-0.19600820541381836,-0.0983584308867762,-0.09069844335317612,-0.20324283838272095,-0.02749619352272248,-0.08022543787956238,-0.2878042161464691,-0.10412835421612954,-0.03957626223564148,-0.22434520721435547,-0.11125773283293938,-0.025745943188667297,-0.1644270420074463,-0.09841914566806054
R,0.0,0.0,0.0,0.09202000498771667,-0.07409811019897461,-0.05758060601027637,0.11119264364242554,-0.2018381953239441,-0.06242858332069545,0.037282928824424744,-0.2913268208503723,-0.06264695238741069,-0.043595701456069946,-0.33791008591651917,-0.057299100723582796,0.09431266784667969,-0.28747206926345825,-0.0037606595312240643,0.0800187885761261,-0.4083241820335388,-0.02940999988885551,0.055230408906936646,-0.4884251207113266,-0.04816496085794597,0.025448516011238098,-0.5571899116039276,-0.060948231187182955,0.03093099594116211,-0.28483808040618896,-0.0014719928610134048,0.044261664152145386,-0.42974746227264404,-0.0334011585679832,0.05974370241165161,-0.5108045786619186,-0.04997913252981334,0.05900678038597107,-0.576265275478363,-0.053724140789825015,-0.03130899369716644,-0.25726255774497986,-0.010512525145429663,-0.05478754639625549,-0.35389959812164307,-0.09208872627885967,-0.02023226022720337,-0.26255664229393005,-0.10527366858394771,-0.0064884573221206665,-0.1977100372314453,-0.08591533165844112,-0.09151475131511688,-0.21008074283599854,-0.02279611576767593,-0.08341878652572632,-0.2889309525489807,-0.09734949928196102,-0.046494513750076294,-0.224010169506073,-0.10202878427179485,-0.036020636558532715,-0.1670500636100769,-0.08724351685913234
R,0.0,0.0,0.0,0.09145861864089966,-0.08704245090484619,-0.06548549692860206,0.11086708307266235,-0.21251130104064941,-0.06913391958704551,0.03534853458404541,-0.29676052927970886,-0.06625733982554038,-0.046304851770401,-0.34209829568862915,-0.056111724039226374,0.09514546394348145,-0.2928750813007355,-0.0014835279832254855,0.07661885023117065,-0.4189835786819458,-0.025505247449189028,0.04876628518104553,-0.49712350964546204,-0.04289684530129989,0.018008291721343994,-0.565506786108017,-0.0539221436881121,0.03228713572025299,-0.2869432866573334,0.005604624359250465,0.04363369941711426,-0.43256229162216187,-0.02411860871842464,0.05646422505378723,-0.5159431844949722,-0.04164880599608978,0.05497601628303528,-0.5824758112430573,-0.04597005706062873,-0.030874580144882202,-0.2578033208847046,-0.000502508755459985,-0.05728450417518616,-0.34764280915260315,-0.08225038360586723,-0.020786896347999573,-0.25733301043510437,-0.10170712034931739,-0.0034149885177612305,-0.196682870388031,-0.085601572801977,-0.08957705646753311,-0.21228760480880737,-0.010422806178837618,-0.08411142230033875,-0.28748297691345215,-0.08287165771952232,-0.046784013509750366,-0.22421026229858398,-0.09003377418747505,-0.03513650596141815,-0.16976487636566162,-0.07728815536728462
R,0.0,0.0,0.0,0.09063801169395447,-0.07725459337234497,-0.059549887628804754,0.10574313998222351,-0.2018580436706543,-0.06253316715503843,0.02814355492591858,-0.28699812293052673,-0.06037419378901632,-0.05103091895580292,-0.32758665084838867,-0.05177211105967672,0.09921643137931824,-0.2768467962741852,0.00044724718406996544,0.08699706196784973,-0.39886289834976196,-0.024336767347108434,0.06306186318397522,-0.4776964485645294,-0.042306483687411855,0.034415632486343384,-0.5449424684047699,-0.05407225057626874,0.03717672824859619,-0.27442947030067444,0.004374507384795834,0.04357409477233887,-0.4185364246368408,-0.026456628890286993,0.05563655495643616,-0.5022800266742706,-0.0446339444830528,0.05523282289505005,-0.5688850283622742,-0.049765829892407965,-0.02489110827445984,-0.24886015057563782,-0.003957962581466745,-0.04895569384098053,-0.335649311542511,-0.08413796588922651,-0.015571564435958862,-0.25007498264312744,-0.10358625367427976,-3.457069396972656e-05,-0.19042539596557617,-0.08848806187654645,-0.08627444505691528,-0.208637535572052,-0.01570379264796884,-0.07674552500247955,-0.2739717364311218,-0.08698354378486783,-0.04170750081539154,-0.21393287181854248,-0.0956605644538513,-0.03160707652568817,-0.1638055443763733,-0.0849217669680229
R,0.0,0.0,0.0,0.08772242069244385,-0.0716361403465271,-0.05359485552173737,0.10330727696418762,-0.19282513856887817,-0.061077760462580954,0.03178791701793671,-0.27834805846214294,-0.0654155071125615,-0.04387916624546051,-0.3186168372631073,-0.06465288803440217,0.09758350253105164,-0.2717420160770416,-0.005390224442749059,0.08191925287246704,-0.3926766514778137,-0.03405162498813752,0.055470794439315796,-0.47191768884658813,-0.055104860966025626,0.025158196687698364,-0.5394608080387115,-0.06893031105857972,0.03753200173377991,-0.26840686798095703,-0.0044369659618723745,0.044982582330703735,-0.4097353219985962,-0.03912231505375985,0.05542442202568054,-0.4925233870744705,-0.058683076803504264,0.054025858640670776,-0.5593404769897461,-0.06487119004589204,-0.021731838583946228,-0.24206295609474182,-0.01390574772369746,-0.04963015019893646,-0.33038344979286194,-0.09182549074751023,-0.019333615899086,-0.2483595907688141,-0.10598811313968781,-0.002657756209373474,-0.18666553497314453,-0.08879338756662492,-0.08072656393051147,-0.20028430223464966,-0.026549348537741935,-0.07659284770488739,-0.2692132592201233,-0.09469411328893784,-0.04602450132369995,-0.20984292030334473,-0.09865663752418641,-0.034915000200271606,-0.15791600942611694,-0.08498588756185654
R,0.0,0.0,0.0,0.08511824905872345,-0.07174324989318848,-0.053262386108883675,0.10487861931324005,-0.1917506456375122,-0.06257078387881165,0.031211361289024353,-0.2757224142551422,-0.0687715593829239,-0.04522596299648285,-0.3189487159252167,-0.06968177446270829,0.09612996876239777,-0.2740589678287506,-0.005990444786050375,0.08128871023654938,-0.3929041624069214,-0.03565426134611016,0.055981144309043884,-0.47076451778411865,-0.056720677401074227,0.02596588432788849,-0.5369718968868256,-0.07046693154717332,0.03598867356777191,-0.2695291042327881,-0.005970429732599314,0.04314257204532623,-0.41233646869659424,-0.04274192043686753,0.05454812943935394,-0.492395281791687,-0.06311823018933183,0.05348487198352814,-0.5587061047554016,-0.06906371899987107,-0.022494271397590637,-0.24117639660835266,-0.015867115567573364,-0.0503196120262146,-0.3281363248825073,-0.09500063547039872,-0.018791958689689636,-0.24401989579200745,-0.10671945997620469,-0.0027387887239456177,-0.18319851160049438,-0.0875609252705658,-0.08091014623641968,-0.1969224214553833,-0.02868014724100476,-0.07771226763725281,-0.2655562460422516,-0.09742511400128251,-0.04588671028614044,-0.2036488652229309,-0.09861341455126649,-0.03474204242229462,-0.15179377794265747,-0.08238665350819474
R,0.0,0.0,0.0,0.08358058333396912,-0.06132185459136963,-0.05068546773520666,0.10260564088821411,-0.1794034242630005,-0.05916355790225225,0.03450077772140503,-0.26316872239112854,-0.06502069027749258,-0.0388525128364563,-0.3043336272239685,-0.06660942973223882,0.09565827250480652,-0.26974719762802124,-0.006573608216172033,0.08295035362243652,-0.38492512702941895,-0.03410154821006017,0.0589752197265625,-0.46085476875305176,-0.05440206320611196,0.03018432855606079,-0.5257596075534821,-0.06783344091502386,0.03515219688415527,-0.2659578025341034,-0.006760452479397827,0.04514038562774658,-0.4014677405357361,-0.04153185950247007,0.05686506628990173,-0.48134976625442505,-0.061505629286443764,0.05707058310508728,-0.5473862588405609,-0.06797650696364599,-0.022880196571350098,-0.2384924292564392,-0.0162801841053124,-0.04847666621208191,-0.322095662355423,-0.09232536198226171,-0.01916906237602234,-0.23998060822486877,-0.10556405277577596,-0.0016331225633621216,-0.1788393259048462,-0.08866083116856771,-0.07997593283653259,-0.19629698991775513,-0.0285415915551539,-0.07676313817501068,-0.2607259452342987,-0.09575926752415853,-0.04588353633880615,-0.20004349946975708,-0.09908414126959997,-0.03078979253768921,-0.14866453409194946,-0.08508785308924871
R,0.0,0.0,0.0,0.07935741543769836,-0.07164472341537476,-0.05711858793870306,0.10239267349243164,-0.1892651915550232,-0.06751828714982366,0.03520578145980835,-0.27325698733329773,-0.07391947582141256,-0.03975990414619446,-0.3177661895751953,-0.07500748410598135,0.09814149141311646,-0.2789362370967865,-0.00794849246517515,0.08427464962005615,-0.3973308205604553,-0.03641140535250997,0.061186283826828,-0.4720118045806885,-0.05719677433148718,0.034945517778396606,-0.5358741879463196,-0.0702819682635436,0.03843298554420471,-0.27507299184799194,-0.004397104771442173,0.04861342906951904,-0.4131454825401306,-0.04072007983700132,0.05992200970649719,-0.48932284116744995,-0.06170639469996786,0.060832321643829346,-0.5500282943248749,-0.06778952553645468,-0.019668161869049072,-0.24738669395446777,-0.011042326500273703,-0.04643771052360535,-0.3267389237880707,-0.08791133835688925,-0.019656628370285034,-0.24591174721717834,-0.10281300619021749,-0.003021538257598877,-0.18911099433898926,-0.08636390492097235,-0.07597434520721436,-0.2059323787689209,-0.02089700363353586,-0.07659268379211426,-0.2675168216228485,-0.08624351098910665,-0.04988926649093628,-0.20765382051467896,-0.0889679498948226,-0.038459181785583496,-0.15946108102798462,-0.07451173737422323
R,0.0,0.0,0.0,0.07731935381889343,-0.06483244895935059,-0.06019599684844934,0.10108739137649536,-0.1800413727760315,-0.06775447302828752,0.033969610929489136,-0.26387038826942444,-0.06971038454543077,-0.03800541162490845,-0.3090725839138031,-0.06570667350064241,0.0952790379524231,-0.2684978246688843,-0.006514314984485736,0.08299154043197632,-0.3825640380382538,-0.03191035189996683,0.06145894527435303,-0.4554516077041626,-0.05164308795104944,0.03744193911552429,-0.5189039558172226,-0.06472055190573656,0.03604328632354736,-0.261362761259079,-0.001913657019429138,0.04372808337211609,-0.3980475068092346,-0.03261535191307985,0.05794510245323181,-0.47342561185359955,-0.05219765701662027,0.06177157163619995,-0.5365936756134033,-0.058723702517852416,-0.020675629377365112,-0.2324257493019104,-0.008372322147295108,-0.04469352960586548,-0.31148695945739746,-0.0842320876694771,-0.013829931616783142,-0.22872021794319153,-0.10222310894499742,0.0031219422817230225,-0.17294096946716309,-0.0881811934090706,-0.0753832757472992,-0.19150370359420776,-0.018307141450748077,-0.07241009175777435,-0.25742363929748535,-0.0857564988113495,-0.04372188448905945,-0.19633996486663818,-0.09167153709898912,-0.03382690250873566,-0.14648663997650146,-0.07973204874764406
R,0.0,0.0,0.0,0.07892096042633057,-0.06656044721603394,-0.05635627299142243,0.0982637107372284,-0.18077129125595093,-0.06350805177879693,0.031001955270767212,-0.2631072998046875,-0.06610062285852791,-0.03923770785331726,-0.30505627393722534,-0.06362245544386269,0.09727641940116882,-0.26508164405822754,-0.007463652040485158,0.08640658855438232,-0.37830066680908203,-0.033449645485404744,0.06314462423324585,-0.44984233379364014,-0.0533065305609739,0.03644475340843201,-0.5119416117668152,-0.0660682053823507,0.03931513428688049,-0.2583765387535095,-0.003587758266974106,0.052024245262145996,-0.3917335569858551,-0.035186286415580525,0.0629231333732605,-0.46890024840831757,-0.0550445684750116,0.0649920403957367,-0.5314782857894897,-0.0619415411312616,-0.01699821650981903,-0.23043537139892578,-0.010106359939697995,-0.0431099534034729,-0.31131407618522644,-0.0837102638144529,-0.016350045800209045,-0.23418426513671875,-0.10123813464832665,0.0020275115966796875,-0.17801696062088013,-0.08771504029226662,-0.07158870995044708,-0.19031208753585815,-0.019824560131553426,-0.0736372321844101,-0.25789153575897217,-0.08394460692596795,-0.04701429605484009,-0.20144283771514893,-0.08911190494490029,-0.03415986895561218,-0.15200167894363403,-0.0773936019797361
R,0.0,0.0,0.0,0.07499375939369202,-0.07071471214294434,-0.05624014574306102,0.09543430805206299,-0.18549728393554688,-0.06592833313362689,0.033023685216903687,-0.26875194907188416,-0.07128880980627628,-0.037949323654174805,-0.3123864531517029,-0.07151091906445117,0.09218597412109375,-0.26940295100212097,-0.008152795650232747,0.08266672492027283,-0.38346508145332336,-0.03396098005788417,0.06159380078315735,-0.4546724855899811,-0.05387724253552051,0.03700661659240723,-0.5173277854919434,-0.06677182826416583,0.033610373735427856,-0.2648847699165344,-0.004112180482763961,0.04353192448616028,-0.39930105209350586,-0.035984285801816895,0.05675867199897766,-0.4748867005109787,-0.05630956652777286,0.060576438903808594,-0.5366174876689911,-0.06320019128935428,-0.021903231739997864,-0.23724576830863953,-0.00986185918765159,-0.04738180339336395,-0.31275156140327454,-0.08112086418287845,-0.02104976773262024,-0.2376469075679779,-0.0977947122158298,-0.0037504732608795166,-0.18276846408843994,-0.08418633106367679,-0.0745307207107544,-0.1971149444580078,-0.018862054377962068,-0.07688923180103302,-0.2583296298980713,-0.08020626071112247,-0.050357043743133545,-0.20281732082366943,-0.08411450001614185,-0.03704681992530823,-0.15495359897613525,-0.0715154713691959
R,0.0,0.0,0.0,0.07727155089378357,-0.06064105033874512,-0.05575331205790235,0.09959149360656738,-0.1688520312309265,-0.06557153815691663,0.03491297364234924,-0.24839845299720764,-0.07108510190909101,-0.03381595015525818,-0.2918908894062042,-0.0719166090554495,0.09520033001899719,-0.2525758445262909,-0.012770765445281995,0.08540236949920654,-0.3627859354019165,-0.03932364562814428,0.0633421242237091,-0.43372106552124023,-0.058776042408396734,0.03936922550201416,-0.49494636058807373,-0.0713505660957594,0.03673467040061951,-0.24734511971473694,-0.009082456103612913,0.04491183161735535,-0.3764122724533081,-0.041881485826422704,0.05632138252258301,-0.4517134428024292,-0.06176990548436834,0.06003805994987488,-0.5117356181144714,-0.06898502165739728,-0.018918588757514954,-0.21987563371658325,-0.014942447639157308,-0.041848182678222656,-0.2974550127983093,-0.08723863864605619,-0.017827704548835754,-0.22243037819862366,-0.10327464992468549,-0.0026561319828033447,-0.16605234146118164,-0.08960641825859739,-0.07182395458221436,-0.18035286664962769,-0.02392039539580537,-0.07088500261306763,-0.24397584795951843,-0.08696310127442075,-0.0453144907951355,-0.19072431325912476,-0.09182947034304334,-0.034806668758392334,-0.14314395189285278,-0.08007512146895124
R,0.0,0.0,0.0,0.07662901282310486,-0.06464922428131104,-0.05134663716467003,0.10066524147987366,-0.17116814851760864,-0.06081477910788635,0.035298287868499756,-0.24833714962005615,-0.06728783980520348,-0.03210797905921936,-0.2890910804271698,-0.06935608372600655,0.0957803726196289,-0.2550742030143738,-0.007045261417943038,0.0861436128616333,-0.36407867074012756,-0.03371148914607147,0.06516402959823608,-0.4328228235244751,-0.05437881857665161,0.04175576567649841,-0.4935895800590515,-0.06817144886167625,0.036928415298461914,-0.25025635957717896,-0.0054854469797192,0.04723423719406128,-0.3765861690044403,-0.03864500284703354,0.05564945936203003,-0.44816750288009644,-0.06017149597914795,0.055955708026885986,-0.508750319480896,-0.0687162874689875,-0.018816351890563965,-0.223455011844635,-0.013094509807842769,-0.04301448166370392,-0.2980928122997284,-0.08317395285280327,-0.019169926643371582,-0.2214238941669464,-0.0986487044444857,-0.0021181702613830566,-0.16583263874053955,-0.08544713244350532,-0.07175761461257935,-0.184941828250885,-0.023764496525245704,-0.07340310513973236,-0.24310347437858582,-0.08417484149845222,-0.048560649156570435,-0.18825960159301758,-0.0882145984521685,-0.0356636643409729,-0.14221960306167603,-0.07646486893804649
R,0.0,0.0,0.0,0.0758754312992096,-0.06891989707946777,-0.05252620787871365,0.09482893347740173,-0.1738511323928833,-0.059434889122371715,0.029985874891281128,-0.24941223859786987,-0.06240339414728169,-0.038101792335510254,-0.28583040833473206,-0.060625074669246715,0.0942055881023407,-0.24596020579338074,-0.0040620977575827055,0.08121711015701294,-0.3531333804130554,-0.03170572803867344,0.05838397145271301,-0.4208143651485443,-0.05250004143965725,0.03172287344932556,-0.47986486554145813,-0.06573871360672001,0.03783339262008667,-0.24276483058929443,-0.0013764323717850857,0.04997864365577698,-0.3697969317436218,-0.035577794774894755,0.05845963954925537,-0.44011157751083374,-0.05613764585507397,0.05825266242027283,-0.4970945566892624,-0.06239008741033558,-0.016650527715682983,-0.21746495366096497,-0.008463176205282252,-0.04538625478744507,-0.29301998019218445,-0.08175316290510182,-0.0240786075592041,-0.21842807531356812,-0.09655262367380146,-0.008208394050598145,-0.16579407453536987,-0.0810229687537003,-0.0695895403623581,-0.17855137586593628,-0.018470457061653178,-0.0771012157201767,-0.2367880940437317,-0.0814974440778542,-0.05459998548030853,-0.1811671257019043,-0.08438733057630543,-0.04395323991775513,-0.13520824909210205,-0.07043838338506703
R,0.0,0.0,0.0,0.0752331018447876,-0.07373392581939697,-0.04836765420645861,0.09381398558616638,-0.1783280372619629,-0.0552004624626079,0.03148996829986572,-0.2544234097003937,-0.059122034581605476,-0.03379495441913605,-0.29329973459243774,-0.05883193132490305,0.09625548124313354,-0.2452947497367859,-0.003338983282674235,0.08129698038101196,-0.3553115427494049,-0.030304753454629463,0.056493788957595825,-0.4248111844062805,-0.050405682297650856,0.02969375252723694,-0.48450498282909393,-0.06332748499721674,0.03896689414978027,-0.242219477891922,-0.001761337160360199,0.0476650595664978,-0.3665356934070587,-0.03595436480850367,0.05303698778152466,-0.4390298128128052,-0.05687429127306132,0.05174708366394043,-0.49636517465114594,-0.06415095296711115,-0.016854047775268555,-0.21816805005073547,-0.009349177824560684,-0.045211464166641235,-0.2935377061367035,-0.08018026617378382,-0.024277731776237488,-0.22318145632743835,-0.09501153347105173,-0.007771939039230347,-0.1704331636428833,-0.08091991511196284,-0.0705433338880539,-0.18175721168518066,-0.019619872095290702,-0.07685768604278564,-0.23937168717384338,-0.0809996884784141,-0.05502840876579285,-0.18717527389526367,-0.08516927924961237,-0.04292643070220947,-0.14255988597869873,-0.07289866474479823
R,0.0,0.0,0.0,0.0720064640045166,-0.07708978652954102,-0.047449126324181634,0.09155380725860596,-0.17842411994934082,-0.05533940293503292,0.029695987701416016,-0.25273311138153076,-0.061502556732421,-0.03636440634727478,-0.2915923595428467,-0.06325816311550625,0.08744055032730103,-0.2482406497001648,0.0053436155928920925,0.07297646999359131,-0.35443025827407837,-0.02024050936711319,0.05057525634765625,-0.41920214891433716,-0.04036220111561306,0.024287313222885132,-0.47733236849308014,-0.05380452000213154,0.03304603695869446,-0.24604150652885437,0.00630208482357375,0.04400050640106201,-0.37040871381759644,-0.027482099315648156,0.05299520492553711,-0.4395352602005005,-0.04863820173454769,0.053241848945617676,-0.49625079333782196,-0.055881350717072564,-0.0197179913520813,-0.2215237021446228,-0.0023282526028651773,-0.04552176594734192,-0.2968668043613434,-0.07261470653725155,-0.02408258616924286,-0.2243586778640747,-0.0857989112348605,-0.008564949035644531,-0.17159265279769897,-0.07051816531134136,-0.07128167152404785,-0.1838064193725586,-0.013798269859080392,-0.07748666405677795,-0.23855161666870117,-0.07431637444210537,-0.05525606870651245,-0.18457019329071045,-0.0771636361689616,-0.043436095118522644,-0.14066994190216064,-0.06388831832123287
R,0.0,0.0,0.0,0.0755971372127533,-0.07192587852478027,-0.05324336586119216,0.09239885210990906,-0.17568278312683105,-0.05778338832379859,0.029208242893218994,-0.24902021884918213,-0.05745888573648017,-0.03753004968166351,-0.28751853108406067,-0.051728275395646506,0.08772298693656921,-0.24442991614341736,-0.00026930830273386164,0.07457399368286133,-0.34928053617477417,-0.02351136950375121,0.05090656876564026,-0.41453099250793457,-0.041691505141272955,0.024267107248306274,-0.47227616608142853,-0.053947095550313406,0.03205689787864685,-0.2394360899925232,0.004065580409303493,0.03943818807601929,-0.36242538690567017,-0.02475985398115199,0.0491461455821991,-0.43170681595802307,-0.04325542298676055,0.05106276273727417,-0.4886883497238159,-0.04966263917805236,-0.022002607583999634,-0.21350401639938354,-0.002090773801967316,-0.04907888174057007,-0.2889847159385681,-0.07173531574727576,-0.022645235061645508,-0.2160297930240631,-0.08808098805667441,-0.004902631044387817,-0.1658165454864502,-0.07522636724235099,-0.07278656959533691,-0.1753300428390503,-0.011372660077825003,-0.07855653762817383,-0.23335224390029907,-0.0736919946742205,-0.05204741656780243,-0.18033850193023682,-0.08018579406262916,-0.03882274031639099,-0.13680744171142578,-0.06995718253375571
R,0.0,0.0,0.0,0.07249805331230164,-0.07244217395782471,-0.050776255681114435,0.09109482169151306,-0.17510294914245605,-0.05891734863718057,0.027734965085983276,-0.24925553798675537,-0.06388759742577577,-0.03989681601524353,-0.2874065637588501,-0.06432665268977189,0.08446323871612549,-0.24716535210609436,-0.0024495237888118027,0.06888702511787415,-0.3540526330471039,-0.02866734880109334,0.04469120502471924,-0.4212004542350769,-0.04913114513357186,0.017421722412109375,-0.4798797518014908,-0.062401638730364084,0.029086172580718994,-0.24118724465370178,0.00041978333291581293,0.03823539614677429,-0.36226382851600647,-0.03366016353567147,0.04637134075164795,-0.4309777617454529,-0.05517690013249421,0.046221643686294556,-0.4874695986509323,-0.06253389398654008,-0.02393937110900879,-0.21487462520599365,-0.006240208066003561,-0.05006417632102966,-0.28350526094436646,-0.07683258633215928,-0.025296226143836975,-0.21244186162948608,-0.09240491817791963,-0.007229208946228027,-0.1624741554260254,-0.07866998146374726,-0.0739319920539856,-0.1775168776512146,-0.015694653048115015,-0.08006596565246582,-0.23183992505073547,-0.0751220894892981,-0.055882275104522705,-0.17986631393432617,-0.0783719880421927,-0.042351797223091125,-0.1371350884437561,-0.06564737985928559
R,0.0,0.0,0.0,0.07192173600196838,-0.06813687086105347,-0.04809280896006385,0.08919191360473633,-0.1669480800628662,-0.05595963114319602,0.02646195888519287,-0.2404986321926117,-0.06115127020893851,-0.037914276123046875,-0.2769169509410858,-0.06209019610105315,0.08878320455551147,-0.23720914125442505,-0.0024308277425006963,0.07414239645004272,-0.3425403833389282,-0.028860975442512427,0.04974430799484253,-0.40994396805763245,-0.049512904522998724,0.022082746028900146,-0.4689113646745682,-0.06290402674494544,0.03430783748626709,-0.23178619146347046,-0.0009300674209953286,0.04406091570854187,-0.3533053994178772,-0.03444605359254638,0.05205979943275452,-0.4216892421245575,-0.05548983105836669,0.05116721987724304,-0.47735588252544403,-0.06280932986555854,-0.01800064742565155,-0.206539124250412,-0.008396113677008543,-0.04442918300628662,-0.277716726064682,-0.07775063478766242,-0.022200167179107666,-0.2078438401222229,-0.09115674012718955,-0.006946980953216553,-0.15708810091018677,-0.07625759804068366,-0.06923578679561615,-0.16935235261917114,-0.018565049780590925,-0.0752764344215393,-0.2288396656513214,-0.07712565028487006,-0.052704185247421265,-0.1761898398399353,-0.07841854208527366,-0.04199466109275818,-0.1315404772758484,-0.06443757229862968
R,0.0,0.0,0.0,0.07171964645385742,-0.07283097505569458,-0.05022901391703272,0.08864063024520874,-0.17219549417495728,-0.05423644652682924,0.0263444185256958,-0.242229163646698,-0.054228757527653215,-0.038933366537094116,-0.27642926573753357,-0.04908011948782587,0.084906667470932,-0.24099433422088623,0.0032089953115246317,0.0703575611114502,-0.3428911566734314,-0.021413601023141382,0.0459650456905365,-0.4072914719581604,-0.041131802854124544,0.018403470516204834,-0.4646471291780472,-0.0538524138005414,0.030874282121658325,-0.23603028059005737,0.006143838147636416,0.0403895378112793,-0.35743483901023865,-0.023892606628123758,0.048410117626190186,-0.42567211389541626,-0.043751300332132814,0.04878684878349304,-0.48078753054142,-0.05020134991127634,-0.02104508876800537,-0.21086764335632324,-0.0011321933902763703,-0.049549371004104614,-0.2800934910774231,-0.06953031292277956,-0.025790557265281677,-0.2092655599117279,-0.0854000793965497,-0.007997483015060425,-0.16032421588897705,-0.0718405889542737,-0.07034505903720856,-0.17263567447662354,-0.011450856012288568,-0.07879403233528137,-0.22731930017471313,-0.07040448954421663,-0.054706841707229614,-0.17440229654312134,-0.07423847636300707,-0.041856154799461365,-0.13079369068145752,-0.06199564507323885
R,0.0,0.0,0.0,0.06952804327011108,-0.07517540454864502,-0.046003383852507795,0.08493945002555847,-0.17372804880142212,-0.05258686960485193,0.024241358041763306,-0.24355709552764893,-0.0571028155162594,-0.04059880971908569,-0.2779139578342438,-0.057283287204768385,0.08238440752029419,-0.24328553676605225,0.0016314376490527138,0.0674421489238739,-0.3473384380340576,-0.024284174002673353,0.04465889930725098,-0.4115700423717499,-0.0447819505706093,0.019573956727981567,-0.4685835540294647,-0.058235359646346296,0.02875065803527832,-0.23850053548812866,0.001970832666415845,0.038499295711517334,-0.35836097598075867,-0.031231298379566397,0.04521903395652771,-0.42636096477508545,-0.05214162290837976,0.04510462284088135,-0.4813791513442993,-0.059569948621060576,-0.023319557309150696,-0.21267443895339966,-0.006972740206833805,-0.05140089988708496,-0.2841348648071289,-0.07628195480253908,-0.030085667967796326,-0.21579509973526,-0.09113745138790819,-0.012810617685317993,-0.16495907306671143,-0.07744439438727113,-0.07216376066207886,-0.174410879611969,-0.018553312204744543,-0.08023068308830261,-0.22896847128868103,-0.07771365091946336,-0.05717496573925018,-0.17889899015426636,-0.0810203675999901,-0.04359380900859833,-0.13496291637420654,-0.06844483063366624
R,0.0,0.0,0.0,0.06887465715408325,-0.06560313701629639,-0.056726712621752995,0.08765479922294617,-0.1647588014602661,-0.06415036309510924,0.02586504817008972,-0.23703229427337646,-0.06529907125980117,-0.03918863832950592,-0.2748561501502991,-0.06071944151074149,0.08613249659538269,-0.23697856068611145,-0.009399050734941738,0.07138985395431519,-0.33758658170700073,-0.03712532658130385,0.04702910780906677,-0.40054893493652344,-0.05787722010165908,0.019631117582321167,-0.4569377601146698,-0.07094157475978591,0.03134438395500183,-0.2312898337841034,-0.003159602060918587,0.03763142228126526,-0.35083943605422974,-0.035019799955193776,0.047469377517700195,-0.4155486822128296,-0.054066479094331044,0.0518987774848938,-0.47015969455242157,-0.059841804094617146,-0.020112112164497375,-0.20615005493164062,-0.007106319889430779,-0.04766666889190674,-0.26957088708877563,-0.0755904241278813,-0.023212403059005737,-0.1995958387851715,-0.09021250147372939,-0.004030793905258179,-0.15519338846206665,-0.07632505882531859,-0.06738448143005371,-0.16955327987670898,-0.014518977031116265,-0.07873888313770294,-0.21793091297149658,-0.07267975050956466,-0.05390392243862152,-0.16619431972503662,-0.07564989466220595,-0.03911012411117554,-0.12715333700180054,-0.06304705876857497
R,0.0,0.0,0.0,0.07132294774055481,-0.06888264417648315,-0.04535587238046901,0.08394768834114075,-0.16747355461120605,-0.052825545090172454,0.019886404275894165,-0.23775747418403625,-0.05794768514010684,-0.045284345746040344,-0.27183303236961365,-0.05902610452744739,0.0824512243270874,-0.23475971817970276,-0.00644641149688141,0.06899869441986084,-0.3390246629714966,-0.03498625861379878,0.048404544591903687,-0.40454116463661194,-0.056839888113472625,0.024095237255096436,-0.4623105823993683,-0.07122748823735492,0.028208613395690918,-0.2279873490333557,-0.0071227882419862,0.03898942470550537,-0.34467723965644836,-0.042407860177490875,0.046098917722702026,-0.4119083881378174,-0.06448637427661197,0.04486268758773804,-0.46892106533050537,-0.07325333835456149,-0.02412852644920349,-0.20178353786468506,-0.016337129416797325,-0.04911607503890991,-0.26955342292785645,-0.08458327235553043,-0.02586105465888977,-0.2048029899597168,-0.09905427427861468,-0.008779734373092651,-0.15771019458770752,-0.08613994451138751,-0.07293154299259186,-0.16432392597198486,-0.028218950274322196,-0.07987043261528015,-0.2178514003753662,-0.08529288800332324,-0.05529850721359253,-0.17116910219192505,-0.08812533797595279,-0.042296022176742554,-0.13014709949493408,-0.07611386211488025
R,0.0,0.0,0.0,0.07001909613609314,-0.06876647472381592,-0.048506180980041336,0.08619755506515503,-0.16672927141189575,-0.057970556654765915,0.0211620032787323,-0.23692992329597473,-0.06446048174126418,-0.043895602226257324,-0.273750901222229,-0.06666706059201033,0.08475625514984131,-0.23274463415145874,-0.0072597989260998474,0.07028034329414368,-0.3348069489002228,-0.03711722720487387,0.04783514142036438,-0.3994345963001251,-0.059691745080783676,0.02122330665588379,-0.45713111758232117,-0.0744650841139105,0.029327064752578735,-0.2278422713279724,-0.006470307000711273,0.03919309377670288,-0.3437371551990509,-0.04269078303201468,0.04834085702896118,-0.4087950587272644,-0.06436695460303099,0.04927194118499756,-0.46492789685726166,-0.07244411412699492,-0.023907870054244995,-0.2035388946533203,-0.014677603021993946,-0.0478270947933197,-0.27110472321510315,-0.08373254094345839,-0.02427336573600769,-0.2026502788066864,-0.09596251253111632,-0.007845431566238403,-0.155195415019989,-0.0813141197345999,-0.07452565431594849,-0.16776585578918457,-0.025823903494313072,-0.07991880178451538,-0.21957117319107056,-0.08298021111710341,-0.05574604868888855,-0.16975605487823486,-0.08402089331372053,-0.04355141520500183,-0.1293458342552185,-0.07057721469624312
R,0.0,0.0,0.0,0.06785038113594055,-0.07120448350906372,-0.04059334421822314,0.08327692747116089,-0.16609400510787964,-0.04895422930189852,0.023404568433761597,-0.23545223474502563,-0.05711783791252856,-0.04179266095161438,-0.26969045400619507,-0.06211890602776293,0.07693451642990112,-0.23499441146850586,0.001428412773520904,0.062855064868927,-0.3350163698196411,-0.025724023080556435,0.04142320156097412,-0.39762142300605774,-0.04723092863628153,0.015689879655838013,-0.45383569598197937,-0.061490091926543755,0.024344265460968018,-0.23036926984786987,-0.0009044717537562974,0.037917107343673706,-0.34557777643203735,-0.036804981029717965,0.04781004786491394,-0.41034063696861267,-0.05840730244585757,0.048046767711639404,-0.4651308059692383,-0.06614670852491145,-0.026538968086242676,-0.20569202303886414,-0.011378432124047322,-0.04896387457847595,-0.2756868302822113,-0.08026824096509699,-0.024574697017669678,-0.20687735080718994,-0.09169304320880656,-0.007252365350723267,-0.1545391082763672,-0.0761761958367515,-0.07502637803554535,-0.16857504844665527,-0.023917821667282624,-0.0770801305770874,-0.22543621063232422,-0.08062123457261805,-0.05173584818840027,-0.1758131980895996,-0.08017683724233393,-0.037078917026519775,-0.1314259171485901,-0.06530475566455607
R,0.0,0.0,0.0,0.06705376505851746,-0.07519853115081787,-0.04282619593379877,0.08358785510063171,-0.16951525211334229,-0.051247732468823415,0.02841368317604065,-0.23980450630187988,-0.05879435104964159,-0.03437349200248718,-0.27570056915283203,-0.06275819403765581,0.08127367496490479,-0.24063068628311157,0.0013130391138247433,0.06491684913635254,-0.34062522649765015,-0.024924095475057584,0.0428425669670105,-0.40230315923690796,-0.04554708463786028,0.0190504789352417,-0.458464652299881,-0.058997815229872685,0.02848184108734131,-0.23647698760032654,0.0008295711717209997,0.04083520174026489,-0.3528304398059845,-0.034960815438012105,0.04747366905212402,-0.4188960790634155,-0.056647917010764104,0.048229366540908813,-0.4732190668582916,-0.06402062786457918,-0.02172708511352539,-0.21201816201210022,-0.008020399824658853,-0.04970121383666992,-0.27800610661506653,-0.07693721515772722,-0.028885453939437866,-0.2098616361618042,-0.08913012010691546,-0.008802950382232666,-0.15767693519592285,-0.07367517215845965,-0.06728614866733551,-0.1756492257118225,-0.01914877792535208,-0.07615622878074646,-0.22814777493476868,-0.07597728980420015,-0.053391262888908386,-0.1774691343307495,-0.07620611203549288,-0.03609904646873474,-0.1327683925628662,-0.061479257174710256
R,0.0,0.0,0.0,0.06963205337524414,-0.07234960794448853,-0.034961173578096805,0.08055919408798218,-0.16466325521469116,-0.039590807898832736,0.021039068698883057,-0.23120003938674927,-0.04494946662981647,-0.04084709286689758,-0.2626854479312897,-0.04740238030154842,0.0756615400314331,-0.23589032888412476,0.008481647552059712,0.06133732199668884,-0.33103838562965393,-0.014990744448198257,0.042567312717437744,-0.38987216353416443,-0.03406443287332195,0.02050870656967163,-0.44304151833057404,-0.04716340292890209,0.024637311697006226,-0.2302643358707428,0.004568133701638999,0.03689953684806824,-0.3424290120601654,-0.027501978247357783,0.04597434401512146,-0.4048159420490265,-0.04749322150547641,0.04648950695991516,-0.4581998139619827,-0.05476968948443073,-0.02446761727333069,-0.20324379205703735,-0.007127173512174068,-0.0489201545715332,-0.2695589065551758,-0.07213555489380497,-0.02707749605178833,-0.203850656747818,-0.08301560048658985,-0.010286003351211548,-0.15544885396957397,-0.06827962611515659,-0.070888951420784,-0.16279858350753784,-0.020527957274509845,-0.07599645853042603,-0.21581053733825684,-0.0749486706097855,-0.052598774433135986,-0.16733622550964355,-0.07494131688673633,-0.03838041424751282,-0.12563878297805786,-0.06106584359605449
R,0.0,0.0,0.0,0.06786003708839417,-0.0701557993888855,-0.045354432697308766,0.08483341336250305,-0.16162925958633423,-0.05384886943818401,0.0211525559425354,-0.22960034012794495,-0.060217852975142705,-0.04152747988700867,-0.26236870884895325,-0.06258452990175556,0.08210533857345581,-0.23035234212875366,-0.002139133439300167,0.06664416193962097,-0.3268399238586426,-0.029630274782789456,0.043375253677368164,-0.3881225287914276,-0.05142393642188381,0.016795575618743896,-0.4431460499763489,-0.06565211274744343,0.02884882688522339,-0.22347238659858704,-0.0012111156628407116,0.03736039996147156,-0.3347417116165161,-0.034428703869593846,0.044707417488098145,-0.3978677988052368,-0.05484512382270168,0.0449904203414917,-0.4526519626379013,-0.06254411795259784,-0.021572262048721313,-0.19881370663642883,-0.009240884604764688,-0.04725635051727295,-0.26325419545173645,-0.07474997946144413,-0.022927314043045044,-0.19760510325431824,-0.08753289588810276,-0.004394471645355225,-0.1501474380493164,-0.07412967392326664,-0.06953682005405426,-0.163682222366333,-0.020073629255307424,-0.0764460563659668,-0.21576979756355286,-0.07430262425066303,-0.05204814672470093,-0.16776853799819946,-0.07597650148989032,-0.03681039810180664,-0.12700027227401733,-0.0635660768401749
R,0.0,0.0,0.0,0.06427553296089172,-0.07715535163879395,-0.04340743222718402,0.07941773533821106,-0.1731756329536438,-0.05251750299220248,0.02057826519012451,-0.24320381879806519,-0.060179948298980435,-0.042842090129852295,-0.27893906831741333,-0.06377139636759921,0.07459431886672974,-0.24728253483772278,0.0012260174101470511,0.06115967035293579,-0.34360408782958984,-0.024533364414025982,0.04340371489524841,-0.40103879570961,-0.045677363364745815,0.023571789264678955,-0.4542427510023117,-0.05923849666004344,0.022675395011901855,-0.2404947578907013,0.0018401396649210255,0.02994590997695923,-0.3548109531402588,-0.03065936030333205,0.03727647662162781,-0.41846758127212524,-0.052419252185870846,0.039638131856918335,-0.47241730988025665,-0.061060208319474896,-0.02699679136276245,-0.21447110176086426,-0.0058764190923170645,-0.04901546239852905,-0.2727920711040497,-0.06813685545211001,-0.027843236923217773,-0.20870375633239746,-0.08108982393031283,-0.01031714677810669,-0.16183322668075562,-0.06843911805634662,-0.07262679934501648,-0.17876559495925903,-0.016270745037843426,-0.07937803864479065,-0.22583675384521484,-0.06541825035100146,-0.05830422043800354,-0.1778288185596466,-0.06495349058394595,-0.0450136661529541,-0.13775110244750977,-0.051803431897212704
R,0.0,0.0,0.0,0.06481912732124329,-0.07729119062423706,-0.03784549495509282,0.08084988594055176,-0.16971689462661743,-0.045834007471114546,0.022442549467086792,-0.2367004156112671,-0.053842092662364394,-0.040086060762405396,-0.2663043737411499,-0.058445761709720045,0.07417449355125427,-0.23893576860427856,0.0028441357116548716,0.06018942594528198,-0.3357957601547241,-0.021482066049486548,0.04219090938568115,-0.39308154582977295,-0.041378202646285445,0.021543383598327637,-0.4444974213838577,-0.053986052780658156,0.024113059043884277,-0.2312074899673462,0.0016222637768237291,0.03303423523902893,-0.3404892683029175,-0.02910889013043061,0.038021087646484375,-0.4046090245246887,-0.04951363688638821,0.03577473759651184,-0.45788465440273285,-0.05752347296407834,-0.023845404386520386,-0.20627397298812866,-0.007418881899923235,-0.04672122001647949,-0.2643109858036041,-0.06584290301731244,-0.02572345733642578,-0.206854909658432,-0.07902573680809155,-0.008903831243515015,-0.161815345287323,-0.06764151042631283,-0.06813636422157288,-0.1734294891357422,-0.01883015668323651,-0.07544046640396118,-0.22097626328468323,-0.06377841418913022,-0.055926620960235596,-0.18031823635101318,-0.06368596738508359,-0.04307401180267334,-0.1431238055229187,-0.051744854807168394
R,0.0,0.0,0.0,0.06461548805236816,-0.06736874580383301,-0.03698717490067338,0.08012393116950989,-0.16120824217796326,-0.04583681062092637,0.025883734226226807,-0.2297011911869049,-0.05490545988311624,-0.03554770350456238,-0.26251643896102905,-0.0615322186075673,0.07199400663375854,-0.23649489879608154,-0.001368059560149959,0.05912694334983826,-0.3311809003353119,-0.025557840841315738,0.03953775763511658,-0.3920728862285614,-0.044763405474327556,0.01969173550605774,-0.44595639407634735,-0.05734911620845651,0.021043449640274048,-0.23030900955200195,-0.0039335914351568135,0.027061104774475098,-0.3366466462612152,-0.03473014071812486,0.03383272886276245,-0.4001891613006592,-0.053633850666187755,0.03563627600669861,-0.45103830099105835,-0.061266441496513835,-0.02755582332611084,-0.20580053329467773,-0.013761263007722846,-0.042679399251937866,-0.2694898545742035,-0.07283648163308953,-0.023086905479431152,-0.2065015435218811,-0.08266296297540521,-0.008680015802383423,-0.15445011854171753,-0.06941115916004037,-0.07178983092308044,-0.17115944623947144,-0.02588039882709836,-0.07247990369796753,-0.2272849678993225,-0.072928839030169,-0.0519731342792511,-0.18251872062683105,-0.07142656356325006,-0.04044520854949951,-0.13829421997070312,-0.058333241047762385
R,0.0,0.0,0.0,0.06497693061828613,-0.07037031650543213,-0.035248874933927254,0.07985806465148926,-0.16148421168327332,-0.04454723677179118,0.022292882204055786,-0.2271120846271515,-0.05484286254784365,-0.040107935667037964,-0.2586797773838043,-0.06269242173573275,0.06860047578811646,-0.23475557565689087,0.002273367470593257,0.05664873123168945,-0.32610970735549927,-0.022204418913929658,0.03860858082771301,-0.38259148597717285,-0.04244764453312655,0.017667055130004883,-0.4341565668582916,-0.055955148549287514,0.01936429738998413,-0.2278957962989807,-0.002106749699919419,0.02842840552330017,-0.3351709246635437,-0.033272630782335,0.03685116767883301,-0.39621078968048096,-0.05321818894287844,0.03694307804107666,-0.4485495388507843,-0.06130893832585116,-0.02827468514442444,-0.20261722803115845,-0.013755998821466164,-0.043718308210372925,-0.26449054479599,-0.07423853433272143,-0.018788307905197144,-0.19899418950080872,-0.08395687794825335,-0.0029232800006866455,-0.14853805303573608,-0.07016481018206377,-0.07358622550964355,-0.16599753499031067,-0.02746741405269404,-0.07225683331489563,-0.22014397382736206,-0.07531369781634112,-0.046647459268569946,-0.17399665713310242,-0.0726611421122243,-0.03284892439842224,-0.13097918033599854,-0.058482586653440194
R,0.0,0.0,0.0,0.06516110897064209,-0.0696035623550415,-0.034221657128341576,0.0819246768951416,-0.15839725732803345,-0.04286619326592245,0.030059397220611572,-0.22581616044044495,-0.05239066904903211,-0.03057977557182312,-0.256136029958725,-0.05941029316306867,0.07393717765808105,-0.22767910361289978,0.002002806826226333,0.06229674816131592,-0.3207961618900299,-0.02178827351451673,0.043598562479019165,-0.37882959842681885,-0.04085340401650228,0.023223161697387695,-0.43014906346797943,-0.05312302759409704,0.024871081113815308,-0.2228032350540161,-0.001429451206035992,0.03350570797920227,-0.32899904251098633,-0.031969003887184044,0.038876891136169434,-0.39104601740837097,-0.05104615217567243,0.03783601522445679,-0.4406401365995407,-0.058289032937295815,-0.02251642942428589,-0.20048737525939941,-0.011945735239692112,-0.03915250301361084,-0.2618270814418793,-0.07002106359720983,-0.017216652631759644,-0.20129624009132385,-0.08082279613734045,-0.00030624866485595703,-0.15123188495635986,-0.06813589534283437,-0.0663892924785614,-0.1682044267654419,-0.02446428178370752,-0.06597113609313965,-0.21942779421806335,-0.06983672878266134,-0.04322710633277893,-0.17747080326080322,-0.06867902031660833,-0.028516143560409546,-0.13649964332580566,-0.05588970756650724
R,0.0,0.0,0.0,0.06447756290435791,-0.06766784191131592,-0.03680362167989415,0.0811774730682373,-0.1556565761566162,-0.04784085217153233,0.028209567070007324,-0.2213711142539978,-0.05938609305059117,-0.03126218914985657,-0.2535707652568817,-0.0682966670695464,0.07319754362106323,-0.2272638976573944,-0.006158217668883026,0.06170973181724548,-0.32057127356529236,-0.03327818203007382,0.04326671361923218,-0.379769504070282,-0.054157283038250625,0.022871464490890503,-0.43186554312705994,-0.06781778100167912,0.02429714798927307,-0.2202562689781189,-0.009996142119518936,0.032865971326828,-0.323300838470459,-0.044098112613312423,0.038204461336135864,-0.38442397117614746,-0.0650470292869727,0.03662365674972534,-0.4351070523262024,-0.07390431675349873,-0.022978127002716064,-0.19619551301002502,-0.02090870577131909,-0.03805914521217346,-0.2555544972419739,-0.08089585217868489,-0.014088362455368042,-0.1974852979183197,-0.09217772248422307,0.0021661221981048584,-0.14994192123413086,-0.08039271447097462,-0.06669607758522034,-0.1618524193763733,-0.03409538033639592,-0.06508582830429077,-0.21350809931755066,-0.08022168639337224,-0.04085898399353027,-0.17449507117271423,-0.07950741413270634,-0.02731892466545105,-0.135320782661438,-0.0674881971183936
R,0.0,0.0,0.0,0.0645056664943695,-0.06704813241958618,-0.033720570819127715,0.08060675859451294,-0.15867751836776733,-0.04307115005110518,0.027864575386047363,-0.2257450819015503,-0.053287907706248916,-0.03152477741241455,-0.2598990499973297,-0.06107256861184851,0.06827259063720703,-0.23090431094169617,-0.0030292195432366498,0.05913093686103821,-0.32836639881134033,-0.02586691008662001,0.042888760566711426,-0.38833245635032654,-0.04343067036722914,0.024514377117156982,-0.4406745135784149,-0.05506193937515036,0.01934841275215149,-0.22277617454528809,-0.007162612134266055,0.025078296661376953,-0.3282789885997772,-0.03666029425119177,0.03166660666465759,-0.3871263861656189,-0.05500061737154738,0.03036937117576599,-0.4351155012845993,-0.06274964960073248,-0.027632921934127808,-0.19765043258666992,-0.0178363334551932,-0.04018270969390869,-0.2584013044834137,-0.07325789632056967,-0.014182895421981812,-0.20016896724700928,-0.08295226396774069,0.000983893871307373,-0.1532248854637146,-0.07141129227136389,-0.07179689407348633,-0.1638355851173401,-0.03060766981695906,-0.06728056073188782,-0.2178998589515686,-0.07373409272884146,-0.04320177435874939,-0.17738211154937744,-0.07227324994062201,-0.03185981512069702,-0.13792043924331665,-0.06059588791583792
R,0.0,0.0,0.0,0.06283155083656311,-0.07430237531661987,-0.03306537464362691,0.07651036977767944,-0.16280913352966309,-0.044630143494430286,0.025112509727478027,-0.22928941249847412,-0.05781421035629819,-0.03519430756568909,-0.2623217701911926,-0.06881896376711438,0.07234528660774231,-0.23221448063850403,-0.004356275946918231,0.05938097834587097,-0.3276723623275757,-0.03062805876237462,0.04111224412918091,-0.38584330677986145,-0.05082779720527242,0.020020604133605957,-0.43694405257701874,-0.06400573223930905,0.025149822235107422,-0.22543588280677795,-0.009328704961660605,0.03301963210105896,-0.33044254779815674,-0.044160492421212894,0.036018311977386475,-0.3901040554046631,-0.06475687742334912,0.031179219484329224,-0.43840648233890533,-0.07302657485109876,-0.022571265697479248,-0.20183977484703064,-0.02061357691985677,-0.039617687463760376,-0.26296091079711914,-0.07909255445105146,-0.01580628752708435,-0.205619215965271,-0.08762691140276502,0.0007627308368682861,-0.1574927568435669,-0.07442649424177716,-0.06851255893707275,-0.169225811958313,-0.033899247349324924,-0.0682813823223114,-0.22131970524787903,-0.07774395465952466,-0.04463788866996765,-0.18219074606895447,-0.07457238406044553,-0.029993146657943726,-0.14327776432037354,-0.06101048335534642
R,0.0,0.0,0.0,0.06356239318847656,-0.07236659526824951,-0.03556196250104904,0.07971978187561035,-0.16260749101638794,-0.04533049695277214,0.02966707944869995,-0.2283514142036438,-0.055160409287452694,-0.02889111638069153,-0.26328423619270325,-0.06202149622225761,0.06803429126739502,-0.23482462763786316,-0.0017841147313788497,0.05821448564529419,-0.328661173582077,-0.02366938114249706,0.04365542531013489,-0.38456201553344727,-0.040478593186378475,0.02545180916786194,-0.43353071808815,-0.050991388485670086,0.02151966094970703,-0.22640180587768555,-0.0036524287247061693,0.0268038809299469,-0.33254438638687134,-0.03139208860778808,0.03225699067115784,-0.3896266222000122,-0.04760593406939506,0.030041098594665527,-0.43582683801651,-0.05341374360108375,-0.02509823441505432,-0.20203453302383423,-0.012499121465623375,-0.0366005003452301,-0.2606733739376068,-0.06641468636775016,-0.014237254858016968,-0.2022252380847931,-0.0752419330933094,-0.001473844051361084,-0.1581375002861023,-0.06303790442728996,-0.06982746720314026,-0.17053455114364624,-0.023509415314435955,-0.06431147456169128,-0.22133979201316833,-0.06460904561066627,-0.04270896315574646,-0.17970186471939087,-0.06220476932907104,-0.032390296459198,-0.14312660694122314,-0.04998916246080398
R,0.0,0.0,0.0,0.06417027115821838,-0.06783837080001831,-0.03333872322212983,0.08233827352523804,-0.1548469066619873,-0.043546376267784126,0.03300347924232483,-0.22095516324043274,-0.05468256537091065,-0.025146037340164185,-0.25435835123062134,-0.06334237519871522,0.06973883509635925,-0.22703242301940918,-0.002229949675836451,0.05949702858924866,-0.3220851421356201,-0.025336397329681404,0.044590651988983154,-0.3798772096633911,-0.04281634602915574,0.026965439319610596,-0.42952580749988556,-0.053888396809213646,0.023415684700012207,-0.21961110830307007,-0.005684610439800508,0.0313701331615448,-0.32337725162506104,-0.037110799441450126,0.03510624170303345,-0.37999871373176575,-0.05580197785269547,0.0309411883354187,-0.42455294728279114,-0.06272078816067506,-0.0217740535736084,-0.19694751501083374,-0.015531324299388416,-0.03379225730895996,-0.2550247311592102,-0.07129988584887315,-0.011351704597473145,-0.19791725277900696,-0.08072376016747285,0.002754420042037964,-0.15132075548171997,-0.06857215378653336,-0.06477305293083191,-0.16629499197006226,-0.027337166929953582,-0.060098618268966675,-0.21802201867103577,-0.06927895311486054,-0.03761911392211914,-0.17769479751586914,-0.06714721534621049,-0.024953186511993408,-0.13911014795303345,-0.05481437731754113
R,0.0,0.0,0.0,0.06484097242355347,-0.06877762079238892,-0.03209417238900869,0.08210918307304382,-0.15720504522323608,-0.041499144584633996,0.03339925408363342,-0.22479426860809326,-0.052395760268666436,-0.024522095918655396,-0.25692132115364075,-0.06081831753323286,0.0671083927154541,-0.23287174105644226,0.000745794548890899,0.05820643901824951,-0.32767242193222046,-0.021770357341267754,0.04625597596168518,-0.3849118649959564,-0.039473652095296075,0.030983567237854004,-0.43453989923000336,-0.05092819705674856,0.020433902740478516,-0.22455081343650818,-0.0035006948288014428,0.028767108917236328,-0.3272705376148224,-0.035219355673291375,0.033375948667526245,-0.3852642774581909,-0.05410931930015295,0.029050439596176147,-0.43139833211898804,-0.061408913881280114,-0.024754971265792847,-0.19985944032669067,-0.014341948740877797,-0.038992851972579956,-0.25933706760406494,-0.07041571214864462,-0.015829533338546753,-0.20217546820640564,-0.08048078343341558,-0.0009775161743164062,-0.15462374687194824,-0.06869861409137457,-0.06593239307403564,-0.16764506697654724,-0.0270962931222698,-0.06398391723632812,-0.22136598825454712,-0.06893116906354635,-0.042056500911712646,-0.18267029523849487,-0.0673574425287029,-0.02880224585533142,-0.14423209428787231,-0.05561044365236967
R,0.0,0.0,0.0,0.06331110000610352,-0.06825363636016846,-0.03151445447565493,0.08198508620262146,-0.15400058031082153,-0.039534725091471046,0.035351574420928955,-0.2185879647731781,-0.048939689836515754,-0.02114155888557434,-0.2530752420425415,-0.05580925553203997,0.06589481234550476,-0.2307824194431305,0.006401688017831475,0.05758979916572571,-0.3212394714355469,-0.011610806762291759,0.04341217875480652,-0.3750278353691101,-0.027098739362372726,0.027093619108200073,-0.422025665640831,-0.037438075832142204,0.020131558179855347,-0.22230002284049988,0.0031709614386272733,0.027448654174804688,-0.3262719213962555,-0.021449941984428733,0.03545430302619934,-0.3821150064468384,-0.038069639197601646,0.03564378619194031,-0.427223801612854,-0.04497680424810824,-0.024503350257873535,-0.1978805959224701,-0.0068881975776093896,-0.033941060304641724,-0.25704607367515564,-0.05734905584813532,-0.00859445333480835,-0.2011227309703827,-0.06804052352072176,0.005733400583267212,-0.15741980075836182,-0.05826785027147707,-0.0656203031539917,-0.16603392362594604,-0.018896942800893157,-0.059716224670410156,-0.21954652667045593,-0.05708716048957285,-0.035974085330963135,-0.17980718612670898,-0.05559165760041651,-0.023520350456237793,-0.14278465509414673,-0.04502695783139643
R,0.0,0.0,0.0,0.06034749746322632,-0.06399214267730713,-0.033317087943714796,0.07832649350166321,-0.15093699097633362,-0.042342933620375334,0.029740869998931885,-0.21642732620239258,-0.052317890132826506,-0.027017921209335327,-0.24858984351158142,-0.059994223321837126,0.06150898337364197,-0.22714531421661377,0.0008018916435048595,0.05488327145576477,-0.32125306129455566,-0.01892236879007214,0.043264687061309814,-0.37788233160972595,-0.03525772204534405,0.029050379991531372,-0.4273761063814163,-0.046205851043623625,0.015411853790283203,-0.2171982228755951,-0.002478403299164711,0.022004306316375732,-0.31863513588905334,-0.03136336689726704,0.028016656637191772,-0.373572438955307,-0.05130556112067097,0.0241641104221344,-0.4194697141647339,-0.05967321505681866,-0.028160899877548218,-0.19150865077972412,-0.011967840398710905,-0.03901281952857971,-0.24617049098014832,-0.06587946301237935,-0.010123997926712036,-0.18845310807228088,-0.07809649294154042,0.005176514387130737,-0.143591046333313,-0.06826280688778752,-0.06799337267875671,-0.15886783599853516,-0.023336603100460707,-0.06252038478851318,-0.2132393717765808,-0.06401806211010808,-0.03828802704811096,-0.173345685005188,-0.06289641445414418,-0.026200413703918457,-0.13492858409881592,-0.051799821461600004
R,0.0,0.0,0.0,0.06266129016876221,-0.06671178340911865,-0.030781624239580196,0.07917618751525879,-0.15404805541038513,-0.03888827688683705,0.03053542971611023,-0.219350665807724,-0.04840594656457142,-0.026242613792419434,-0.25187280774116516,-0.0556391601978703,0.06253129243850708,-0.2264510691165924,0.003909858542783695,0.054806917905807495,-0.3191024661064148,-0.015156498511032623,0.0405707061290741,-0.37356096506118774,-0.030514355149762196,0.024728715419769287,-0.42076680064201355,-0.04035514346946911,0.016431748867034912,-0.21833229064941406,0.00023424894857271283,0.02169656753540039,-0.3227478563785553,-0.0254996506093903,0.027389615774154663,-0.3800715208053589,-0.04179645083536343,0.025980323553085327,-0.4258750230073929,-0.048299466591970486,-0.02877098321914673,-0.1947176456451416,-0.009930354875223202,-0.037771403789520264,-0.2535044550895691,-0.06102378792752461,-0.012855589389801025,-0.19649845361709595,-0.07062887154211239,0.0008495450019836426,-0.1507990062236786,-0.05975337452878193,-0.0704386830329895,-0.1637553572654724,-0.021929017600314182,-0.06372097134590149,-0.21799394488334656,-0.060316031199590725,-0.04074731469154358,-0.1768227219581604,-0.057664224278823895,-0.02976033091545105,-0.13741058111190796,-0.04598683617700772
R,0.0,0.0,0.0,0.06272223591804504,-0.07081252336502075,-0.029692152003178762,0.07959786057472229,-0.1566755175590515,-0.037250384176502394,0.03235265612602234,-0.22209683060646057,-0.04639568501187341,-0.024221807718276978,-0.25314709544181824,-0.05321196042967813,0.06352755427360535,-0.22459736466407776,0.00477713211404307,0.055548280477523804,-0.3184695541858673,-0.013716623606512712,0.04082188010215759,-0.37328118085861206,-0.02854052879882829,0.024203240871429443,-0.4212484508752823,-0.03792568245006578,0.019398421049118042,-0.21657967567443848,0.001387978484501673,0.025405585765838623,-0.32261598110198975,-0.023932124907503294,0.03069305419921875,-0.3802735507488251,-0.040296855802068876,0.029351860284805298,-0.4262878745794296,-0.04693160527421014,-0.024606168270111084,-0.19398099184036255,-0.008279954502711462,-0.034765273332595825,-0.2522575259208679,-0.05913106673432367,-0.009805023670196533,-0.1959356665611267,-0.06953527727199571,0.00460660457611084,-0.1504572331905365,-0.05914845266414659,-0.06569060683250427,-0.16470548510551453,-0.01955187083257215,-0.05989658832550049,-0.21868041157722473,-0.057324818754921125,-0.036165475845336914,-0.1770482063293457,-0.054882998997697996,-0.023646920919418335,-0.13700491189956665,-0.04346447759343164
R,0.0,0.0,0.0,0.0602913498878479,-0.07196873426437378,-0.03035351404318476,0.0754547119140625,-0.15649336576461792,-0.03814324134359026,0.0289766788482666,-0.2195427119731903,-0.04729044952759409,-0.02579176425933838,-0.2511325478553772,-0.05375541516909266,0.06295716762542725,-0.2273450791835785,0.005387625625786541,0.05371221899986267,-0.3184104561805725,-0.013466596168967726,0.0387340784072876,-0.3718114495277405,-0.028735074711534025,0.020937085151672363,-0.41836364567279816,-0.03822504499325419,0.01924186944961548,-0.21922418475151062,0.002552679010165093,0.02315792441368103,-0.3246252238750458,-0.021913233710023405,0.02898392081260681,-0.38137876987457275,-0.03731685274610186,0.028274089097976685,-0.42526111006736755,-0.04308173575768137,-0.023928165435791016,-0.19554287195205688,-0.006910869882943871,-0.03463384509086609,-0.25021257996559143,-0.05519268804559374,-0.011557579040527344,-0.19621500372886658,-0.06474289440879488,0.002433985471725464,-0.15259569883346558,-0.05430613600978518,-0.06369143724441528,-0.16543403267860413,-0.01836192005643511,-0.06005936861038208,-0.21391034126281738,-0.053610777047964575,-0.037631332874298096,-0.17583736777305603,-0.05104378381142283,-0.024934500455856323,-0.1393904685974121,-0.03987454020747805
R,0.0,0.0,0.0,0.05680668354034424,-0.06804078817367554,-0.029693581657767254,0.07109510898590088,-0.15286782383918762,-0.039876832189321476,0.026943296194076538,-0.21596193313598633,-0.05142494154191013,-0.02727365493774414,-0.24714067578315735,-0.06071427327609058,0.0563734769821167,-0.22562703490257263,-0.0036112026128023444,0.049582988023757935,-0.31410831212997437,-0.025785174714684445,0.03638175129890442,-0.36648714542388916,-0.042269701632022816,0.020302653312683105,-0.4126512408256531,-0.05272240427350994,0.012563824653625488,-0.21846920251846313,-0.007829022156357723,0.016429424285888672,-0.31820210814476013,-0.035573797794342,0.022091925144195557,-0.37212884426116943,-0.0518445023617744,0.020434141159057617,-0.4154897928237915,-0.0583827779910564,-0.030374616384506226,-0.19614511728286743,-0.017802894609332043,-0.038692355155944824,-0.25123852491378784,-0.06722206858015056,-0.014316201210021973,-0.19790056347846985,-0.07556671884870525,-0.0004894733428955078,-0.15371599793434143,-0.06494916466093059,-0.06922024488449097,-0.16593670845031738,-0.02976760503864284,-0.06181305646896362,-0.2127174735069275,-0.06659269568538662,-0.03816637396812439,-0.17667827010154724,-0.06479224053239818,-0.02592635154724121,-0.14058059453964233,-0.05411913854098316
R,0.0,0.0,0.0,0.05859476327896118,-0.06724876165390015,-0.030224683166125033,0.07344841957092285,-0.1487826108932495,-0.040101088986375544,0.02998831868171692,-0.2092888355255127,-0.05113647545931599,-0.023162901401519775,-0.2415352463722229,-0.060053673044421885,0.05832624435424805,-0.2180030643939972,-0.001623687155188236,0.05028367042541504,-0.3049428164958954,-0.021839049116351816,0.03472676873207092,-0.35739952325820923,-0.03807639370916149,0.016989916563034058,-0.4036356508731842,-0.04875928203819058,0.013997852802276611,-0.21048158407211304,-0.0054678138649251196,0.017481297254562378,-0.3108271658420563,-0.029842304468729708,0.0249902606010437,-0.36613619327545166,-0.04563091363070271,0.025904804468154907,-0.41127602756023407,-0.0527095537936475,-0.029765158891677856,-0.18795186281204224,-0.015292139195480559,-0.0352495014667511,-0.2462436556816101,-0.06230591277835629,-0.010664761066436768,-0.19389131665229797,-0.07043122540471813,0.0016796886920928955,-0.15165355801582336,-0.06047518964169285,-0.07071909308433533,-0.15795379877090454,-0.027173376113751146,-0.06074780225753784,-0.20692157745361328,-0.06287631432769558,-0.03924882411956787,-0.17044448852539062,-0.06025884713289997,-0.03133431077003479,-0.13509857654571533,-0.04948385100124142
R,0.0,0.0,0.0,0.05593380331993103,-0.07217776775360107,-0.030801322722652458,0.0710248053073883,-0.15625408291816711,-0.039955534452417396,0.027181655168533325,-0.21972298622131348,-0.04993309494278719,-0.026276856660842896,-0.25237762928009033,-0.05717887398026278,0.06525751948356628,-0.22453132271766663,-0.00045816504683671155,0.0540984570980072,-0.3150748610496521,-0.02082894969902327,0.03877153992652893,-0.36707574129104614,-0.0364995230378895,0.020821332931518555,-0.4129207879304886,-0.04618193250320246,0.022408753633499146,-0.21741339564323425,-0.0026259074842869268,0.02604958415031433,-0.31856343150138855,-0.028232541346767448,0.031110823154449463,-0.3718828558921814,-0.043948714101532005,0.029872208833694458,-0.41458700597286224,-0.05003315251491358,-0.020826280117034912,-0.1955421268939972,-0.010859886595824264,-0.03442150354385376,-0.2511623203754425,-0.05887619819662859,-0.013155490159988403,-0.1977384090423584,-0.06770464819095423,0.00025144219398498535,-0.15463003516197205,-0.05728302564642718,-0.06108200550079346,-0.16732493042945862,-0.02105868090114882,-0.059295654296875,-0.2151893973350525,-0.05656743090770533,-0.03951233625411987,-0.1785246729850769,-0.05434414785526087,-0.02914261817932129,-0.14334464073181152,-0.04339933064005663
R,0.0,0.0,0.0,0.05539500713348389,-0.06738388538360596,-0.029864556669025433,0.07353991270065308,-0.15077656507492065,-0.03888514596107484,0.02946704626083374,-0.21250057220458984,-0.04884792077425004,-0.02418285608291626,-0.2403470277786255,-0.05650693881395341,0.06748723983764648,-0.22390234470367432,-0.0007862713427755352,0.05695605278015137,-0.3128226399421692,-0.02181213866057874,0.04373651742935181,-0.36469006538391113,-0.03790105837467195,0.028681635856628418,-0.40965864062309265,-0.04756034496310235,0.023595184087753296,-0.21649199724197388,-0.003669042420341384,0.029941082000732422,-0.31421133875846863,-0.030784708960680973,0.034374117851257324,-0.3668684959411621,-0.047377690254478466,0.03298187255859375,-0.409388467669487,-0.05334931942704202,-0.019015133380889893,-0.19376254081726074,-0.012377197435824883,-0.03343704342842102,-0.24218225479125977,-0.06058334517362596,-0.014122992753982544,-0.19033196568489075,-0.06994702252629281,-2.422928810119629e-05,-0.15010079741477966,-0.059448729782133114,-0.05718517303466797,-0.1653035283088684,-0.02289759325864793,-0.058846861124038696,-0.21069136261940002,-0.0567850205588627,-0.041683733463287354,-0.17419779300689697,-0.053421046166448605,-0.030849099159240723,-0.14123645424842834,-0.04164577233675004
R,0.0,0.0,0.0,0.05703538656234741,-0.06742995977401733,-0.02876129951130224,0.07436680793762207,-0.1513146460056305,-0.03588896821986509,0.02882838249206543,-0.2124793529510498,-0.04435941409121824,-0.025307059288024902,-0.24169662594795227,-0.050507025977481135,0.06290292739868164,-0.22260499000549316,0.0070156388004534165,0.0552026629447937,-0.30717363953590393,-0.010937634108472594,0.043370723724365234,-0.3575183153152466,-0.02614384162973238,0.029784321784973145,-0.4019146114587784,-0.03594722803484274,0.018977582454681396,-0.21473506093025208,0.003770536558818094,0.02504056692123413,-0.30985239148139954,-0.01962140966008974,0.031993865966796875,-0.36241209506988525,-0.03562246840249372,0.03267878293991089,-0.4063347578048706,-0.04231463577400518,-0.023427963256835938,-0.1910955309867859,-0.005773232968408593,-0.032468974590301514,-0.24212577939033508,-0.051257709225524195,-0.012702018022537231,-0.19121775031089783,-0.06045036967645956,-0.001207888126373291,-0.15208658576011658,-0.050952555796015986,-0.061548590660095215,-0.1610834002494812,-0.017255515044439562,-0.058404743671417236,-0.2090563178062439,-0.0495622811819203,-0.040931910276412964,-0.17356207966804504,-0.04641229864012075,-0.03272131085395813,-0.1410306990146637,-0.035645159145701655
R,0.0,0.0,0.0,0.0559883713722229,-0.06782770156860352,-0.029697900112893194,0.07373327016830444,-0.14647451043128967,-0.040156850066210836,0.033810198307037354,-0.20888936519622803,-0.051575468328024954,-0.016623109579086304,-0.24028655886650085,-0.06061137601378164,0.06845182180404663,-0.2125382423400879,-0.0033006620930393638,0.059903621673583984,-0.2991853654384613,-0.026084865849639982,0.046634018421173096,-0.3503662943840027,-0.04327453434112272,0.030476748943328857,-0.39542095363140106,-0.05369788169505796,0.025740444660186768,-0.2076132893562317,-0.0061578321607669295,0.03379017114639282,-0.30438971519470215,-0.034955521520402044,0.038609206676483154,-0.35541632771492004,-0.05162486195209226,0.036667466163635254,-0.3972131162881851,-0.05755641445162496,-0.01778435707092285,-0.18910187482833862,-0.014553704705264181,-0.02688521146774292,-0.24319088459014893,-0.06340893864276609,-0.010229617357254028,-0.19037958979606628,-0.07018197089078626,-0.0005963444709777832,-0.14783233404159546,-0.05811229854467115,-0.05813199281692505,-0.16397202014923096,-0.024841362085368246,-0.05166158080101013,-0.208149254322052,-0.059991364773537725,-0.03517290949821472,-0.171301007270813,-0.055977144684817404,-0.028142213821411133,-0.13680464029312134,-0.043288466926838964
R,0.0,0.0,0.0,0.057991981506347656,-0.06646543741226196,-0.024136705367482136,0.07410234212875366,-0.14414644241333008,-0.03256572973600669,0.0364079475402832,-0.20546826720237732,-0.043096842287695836,-0.012166917324066162,-0.23250922560691833,-0.051747849254525136,0.07029026746749878,-0.20409804582595825,-0.0014972147034768568,0.06485450267791748,-0.29296883940696716,-0.022278718693769406,0.05368882417678833,-0.34509581327438354,-0.037753170399582814,0.039325594902038574,-0.3909830152988434,-0.047269301532423924,0.030347883701324463,-0.19897931814193726,-0.006724557882762383,0.038892269134521484,-0.2965230345726013,-0.0324358847426538,0.04452776908874512,-0.350254625082016,-0.047690032093441914,0.04345136880874634,-0.3946628123521805,-0.054079635112202595,-0.011234641075134277,-0.18097031116485596,-0.016878563954151105,-0.022478491067886353,-0.23838725686073303,-0.061733974187291096,-0.00450664758682251,-0.1899348497390747,-0.06888240021339698,0.006364881992340088,-0.14862826466560364,-0.05867256042233748,-0.050600528717041016,-0.15640857815742493,-0.028575610412872265,-0.04572683572769165,-0.2038251757621765,-0.060210617302573155,-0.02892175316810608,-0.1709701418876648,-0.05662391152850432,-0.021506905555725098,-0.13733568787574768,-0.045753570316946934
R,0.0,0.0,0.0,0.05692845582962036,-0.06481492519378662,-0.023488245863461543,0.07426643371582031,-0.14626458287239075,-0.03131160880997186,0.03846395015716553,-0.21102777123451233,-0.04151753704621797,-0.010816812515258789,-0.2401212453842163,-0.04986370350792413,0.0693163275718689,-0.2137972116470337,-0.0002102274183357622,0.06419491767883301,-0.30225878953933716,-0.020367745269084025,0.056180477142333984,-0.35309427976608276,-0.03504048656299119,0.04591572284698486,-0.39722712337970734,-0.04397771503403192,0.0297701358795166,-0.20752346515655518,-0.005547590978437711,0.03929048776626587,-0.30244696140289307,-0.031409244943404246,0.04458773136138916,-0.3521145284175873,-0.04645828153564935,0.04289168119430542,-0.3932398706674576,-0.05242697890474801,-0.010811865329742432,-0.18767398595809937,-0.015706770081067134,-0.023714542388916016,-0.24327871203422546,-0.060681033838534404,-0.0074977874755859375,-0.19481390714645386,-0.06743589039518838,0.002998948097229004,-0.15321096777915955,-0.05711922790482049,-0.04908859729766846,-0.16155007481575012,-0.02729766811802392,-0.04820513725280762,-0.20884335041046143,-0.059325151104474116,-0.03165549039840698,-0.1763233244419098,-0.055744737345719386,-0.022343814373016357,-0.14251065254211426,-0.04469523574783807
R,0.0,0.0,0.0,0.05780506134033203,-0.06627142429351807,-0.02862505111593805,0.07662457227706909,-0.14436891674995422,-0.03811451103288732,0.03976404666900635,-0.20854392647743225,-0.04871511142451368,-0.009122908115386963,-0.2417013943195343,-0.05678087528545461,0.07284742593765259,-0.2060888707637787,-0.0028087723509599982,0.06531041860580444,-0.2955012917518616,-0.02349363881845079,0.053866028785705566,-0.34738093614578247,-0.03862781505782209,0.04038351774215698,-0.3930540382862091,-0.04782896917063795,0.03187209367752075,-0.20223376154899597,-0.005647061017640453,0.03971964120864868,-0.30010151863098145,-0.031333521564789635,0.04636240005493164,-0.35081636905670166,-0.04628397952515684,0.04658401012420654,-0.3929687738418579,-0.05199701022107206,-0.011030733585357666,-0.18494242429733276,-0.013846425895877701,-0.018480658531188965,-0.24069085717201233,-0.05987922157842718,-0.002788066864013672,-0.18985244631767273,-0.06636541764933668,0.00458371639251709,-0.14885231852531433,-0.055212170441933495,-0.052402228116989136,-0.16068464517593384,-0.023873771165796143,-0.04448199272155762,-0.2068210244178772,-0.05721151511866651,-0.028459608554840088,-0.17245212197303772,-0.053420883228369576,-0.023923635482788086,-0.13898855447769165,-0.04172307308513723
R,0.0,0.0,0.0,0.05885434150695801,-0.06517112255096436,-0.029047400986058847,0.0787891149520874,-0.14446675777435303,-0.03803585964928402,0.04070013761520386,-0.2096095085144043,-0.048049246256454126,-0.009786069393157959,-0.24333670735359192,-0.05584120500574841,0.0740741491317749,-0.20598968863487244,-0.002252309878571168,0.06836634874343872,-0.29312053322792053,-0.022363155444367067,0.05617040395736694,-0.34455764293670654,-0.03734963509927525,0.041831016540527344,-0.3897786885499954,-0.04663572210560574,0.032433271408081055,-0.20221811532974243,-0.004730860998137132,0.0412602424621582,-0.2992343306541443,-0.030055501793725625,0.04804879426956177,-0.3506013751029968,-0.045053170358045236,0.0485997200012207,-0.39249923825263977,-0.05094159144650234,-0.01078885793685913,-0.18491864204406738,-0.012697048780722753,-0.017273128032684326,-0.2415710985660553,-0.05882765102873577,-0.0016397833824157715,-0.19117051362991333,-0.06590779993425144,0.006001591682434082,-0.15004569292068481,-0.05527370918284191,-0.0527532696723938,-0.16162428259849548,-0.02248734544704689,-0.04527372121810913,-0.2089322805404663,-0.05614593747745289,-0.02940535545349121,-0.1745968759059906,-0.052895170931918756,-0.024066805839538574,-0.14119389653205872,-0.04173703986893429
R,0.0,0.0,0.0,0.05853205919265747,-0.0617557168006897,-0.027369710094006905,0.07964825630187988,-0.13964936137199402,-0.03728401701775397,0.042681217193603516,-0.2036382257938385,-0.04846819903579558,-0.005383014678955078,-0.23819270730018616,-0.057519965282352814,0.07105553150177002,-0.2046634554862976,-0.005086969061466107,0.0669066309928894,-0.29221734404563904,-0.02559050213423575,0.05776619911193848,-0.34290611743927,-0.04029685299721564,0.04584825038909912,-0.3867906183004379,-0.04924206476536597,0.030165553092956543,-0.19931286573410034,-0.008463033883543858,0.041348159313201904,-0.2966465950012207,-0.03372175659862364,0.050902366638183594,-0.3471205532550812,-0.047823921254547486,0.05186384916305542,-0.38750118017196655,-0.05332296009984816,-0.012304544448852539,-0.18089762330055237,-0.016971238366039643,-0.018018662929534912,-0.23861902952194214,-0.061622206530245194,0.0002511739730834961,-0.18985515832901,-0.06793634261813963,0.00850224494934082,-0.14923596382141113,-0.05758796673146094,-0.05258917808532715,-0.15632149577140808,-0.02719398256269301,-0.04476344585418701,-0.20391085743904114,-0.0594501201423725,-0.026948630809783936,-0.17151197791099548,-0.0560604822250923,-0.020729422569274902,-0.1388835310935974,-0.04537312354770506
R,0.0,0.0,0.0,0.059328317642211914,-0.061357200145721436,-0.02899337159212223,0.08084392547607422,-0.1393345296382904,-0.03716491507108799,0.040789663791656494,-0.20221784710884094,-0.046144455389338646,-0.009575426578521729,-0.23141416907310486,-0.05261775823052517,0.07455724477767944,-0.20424208045005798,0.0003391344417025266,0.06955486536026001,-0.28884628415107727,-0.01768162259574524,0.05928701162338257,-0.3381025791168213,-0.03097778716798416,0.04783660173416138,-0.3810674548149109,-0.03935569496567837,0.033276259899139404,-0.20122167468070984,-0.0019162671614765259,0.041433095932006836,-0.2937886118888855,-0.024935930685359153,0.04824340343475342,-0.34081774950027466,-0.03873209254558674,0.04847759008407593,-0.38066963851451874,-0.04413944082077137,-0.00994497537612915,-0.18381261825561523,-0.009755908229607257,-0.015511572360992432,-0.23625066876411438,-0.054430558995562706,0.00191497802734375,-0.1862259805202484,-0.061376116887885246,0.008881807327270508,-0.14671370387077332,-0.05122174666936985,-0.05222821235656738,-0.1593049168586731,-0.019451847017961654,-0.0423206090927124,-0.20243710279464722,-0.05338809983547321,-0.024610042572021484,-0.16646528244018555,-0.05071631418283573,-0.01989036798477173,-0.13216030597686768,-0.04001990677531353
R,0.0,0.0,0.0,0.059229254722595215,-0.06424939632415771,-0.02798398646390865,0.0802873969078064,-0.14203786849975586,-0.03686467620408962,0.04397249221801758,-0.20423847436904907,-0.046447449055079915,-0.004251360893249512,-0.2376178801059723,-0.053743016597394444,0.07320678234100342,-0.19923579692840576,-0.004327914368872143,0.07030266523361206,-0.28395065665245056,-0.023284095030788876,0.05872225761413574,-0.33416545391082764,-0.037433524307374455,0.0450018048286438,-0.3786579966545105,-0.046488401171330906,0.03195101022720337,-0.19720172882080078,-0.006751679972325064,0.041728854179382324,-0.2915882170200348,-0.029502859961752392,0.05021822452545166,-0.34181883931159973,-0.04282008546269367,0.05269134044647217,-0.3824650049209595,-0.048289303359155156,-0.010895788669586182,-0.18181869387626648,-0.014403381076220967,-0.01329052448272705,-0.23988980054855347,-0.05682243841565082,0.0030175447463989258,-0.19096192717552185,-0.06315769689953754,0.010262370109558105,-0.1513211727142334,-0.05340407105958889,-0.051915645599365234,-0.1600608229637146,-0.023949893814091183,-0.04061448574066162,-0.20507442951202393,-0.055344410863284565,-0.024477601051330566,-0.17204809188842773,-0.05266330453432033,-0.020229816436767578,-0.14042341709136963,-0.042711247381333806
R,0.0,0.0,0.0,0.05953049659729004,-0.06205594539642334,-0.025325285245003215,0.080241858959198,-0.14141136407852173,-0.033146019999207965,0.04499542713165283,-0.20322582125663757,-0.04263821241659116,-0.0024226903915405273,-0.23643511533737183,-0.04987100509208631,0.07163989543914795,-0.2042684555053711,0.0024960150734614217,0.07046908140182495,-0.28632593154907227,-0.015289015110852233,0.06048363447189331,-0.3346501290798187,-0.029597507763924114,0.04780375957489014,-0.3780123293399811,-0.03897906092208814,0.030322492122650146,-0.20078837871551514,-0.001919800855489484,0.0401955246925354,-0.29416000843048096,-0.02374320102137517,0.050022244453430176,-0.34310388565063477,-0.037937983844699374,0.05167907476425171,-0.3841640502214432,-0.04413247850936841,-0.011275887489318848,-0.1838681697845459,-0.011734191302480212,-0.014179885387420654,-0.24017050862312317,-0.054043032203139774,0.004102468490600586,-0.18879485130310059,-0.061754699770631305,0.01172703504562378,-0.14833533763885498,-0.05279202011627149,-0.049269676208496094,-0.1601177453994751,-0.023323986653508655,-0.03852987289428711,-0.20586568117141724,-0.054554976497115604,-0.021020829677581787,-0.17245477437973022,-0.052428986851396076,-0.01521766185760498,-0.1401083767414093,-0.04297813398045491
R,0.0,0.0,0.0,0.05977445840835571,-0.061974406242370605,-0.027593051974719174,0.08123272657394409,-0.1403437852859497,-0.03563565384322942,0.04465240240097046,-0.2033684253692627,-0.04448812823468984,-0.004092216491699219,-0.2341717779636383,-0.050956677605455525,0.07289785146713257,-0.19760051369667053,-0.0012142613595926832,0.06910860538482666,-0.2821168005466461,-0.019756043289845593,0.05824357271194458,-0.33127498626708984,-0.03360235687071622,0.045185744762420654,-0.3748699426651001,-0.04220575090224088,0.032344698905944824,-0.19527685642242432,-0.0035760970386320423,0.04186880588531494,-0.2890646755695343,-0.025647113059704907,0.051347970962524414,-0.3378627300262451,-0.03841035809094251,0.054415106773376465,-0.3776272386312485,-0.04313061009818853,-0.009500324726104736,-0.17960092425346375,-0.01133516054326833,-0.011017858982086182,-0.2341681718826294,-0.054005216767137654,0.005038797855377197,-0.18480104207992554,-0.06028803806478322,0.011565864086151123,-0.14508801698684692,-0.049908421893661625,-0.04914200305938721,-0.15680772066116333,-0.020953658928220875,-0.03773289918899536,-0.19899171590805054,-0.0528776496248895,-0.021638572216033936,-0.1651138961315155,-0.04993594806367696,-0.018063247203826904,-0.13280802965164185,-0.03931092094356359
R,0.0,0.0,0.0,0.05902785062789917,-0.05915176868438721,-0.025062489620154338,0.08203089237213135,-0.13681507110595703,-0.03289072897166534,0.04556173086166382,-0.1989341378211975,-0.042044389358466105,-0.001765131950378418,-0.23219600319862366,-0.04886186804503723,0.07511377334594727,-0.20309603214263916,0.000608671392569704,0.07096129655838013,-0.2881534993648529,-0.01615922462076469,0.060431480407714844,-0.3382333815097809,-0.029182059055870013,0.04784286022186279,-0.38132865726947784,-0.037580951413815455,0.034204185009002686,-0.19900298118591309,-0.0030467101081512737,0.04354804754257202,-0.29385197162628174,-0.024598284921353297,0.05274689197540283,-0.34126952290534973,-0.037445756903593974,0.05461913347244263,-0.3783162534236908,-0.0425292917701654,-0.007282137870788574,-0.18214276432991028,-0.011872434354131656,-0.012127101421356201,-0.2382310926914215,-0.05379661854237838,0.006734788417816162,-0.18860211968421936,-0.061049985996191936,0.01555091142654419,-0.147894024848938,-0.05194968666762634,-0.045357346534729004,-0.15889543294906616,-0.022286459169094996,-0.0356975793838501,-0.206305593252182,-0.05324035819501205,-0.017825782299041748,-0.17199444770812988,-0.050852391234343486,-0.01089930534362793,-0.13825777173042297,-0.04132653709382339
R,0.0,0.0,0.0,0.05853801965713501,-0.05622053146362305,-0.02815243254551092,0.08172667026519775,-0.1323138177394867,-0.0373933634454886,0.047263920307159424,-0.19543781876564026,-0.047361249356953294,-0.0005025267601013184,-0.22717750072479248,-0.055295331656424196,0.07241147756576538,-0.19647684693336487,-0.006302385843781622,0.06844925880432129,-0.2794082760810852,-0.026445638641206415,0.05797821283340454,-0.32870301604270935,-0.04074081617542902,0.04523831605911255,-0.3710506111383438,-0.049523586660114916,0.032140910625457764,-0.19281986355781555,-0.00859418816068569,0.04383885860443115,-0.2839506268501282,-0.03413159984299341,0.05151808261871338,-0.33284592628479004,-0.048295157283035905,0.052278101444244385,-0.371449276804924,-0.05346295076557794,-0.008366703987121582,-0.176174134016037,-0.015930654733864458,-0.013734161853790283,-0.22967228293418884,-0.06102286118218103,0.0032544732093811035,-0.18199995160102844,-0.0683072044248263,0.013106226921081543,-0.1419556736946106,-0.05829243200966516,-0.04629760980606079,-0.15368422865867615,-0.024982543915001543,-0.03857409954071045,-0.19653117656707764,-0.05891509938189188,-0.021776795387268066,-0.16376039385795593,-0.057574050753800066,-0.01413339376449585,-0.1313956379890442,-0.04778441998311678
R,0.0,0.0,0.0,0.0596233606338501,-0.0580865740776062,-0.026476090881374148,0.0818745493888855,-0.13393285870552063,-0.034627219769504336,0.046563804149627686,-0.19455724954605103,-0.043845443162467745,-0.000710606575012207,-0.22707226872444153,-0.05125643509938982,0.07265061140060425,-0.19399365782737732,-0.004653683505353001,0.06875264644622803,-0.277325838804245,-0.02290967303827074,0.05757558345794678,-0.32705506682395935,-0.03590301993801859,0.0449100136756897,-0.3700970262289047,-0.043965285751369265,0.03275877237319946,-0.19093483686447144,-0.007578892740752963,0.042450904846191406,-0.283232182264328,-0.030345244440582064,0.04979109764099121,-0.3333278000354767,-0.043169310423877505,0.05151289701461792,-0.37252409756183624,-0.048203038159158496,-0.0076187849044799805,-0.17449191212654114,-0.01545884005292919,-0.012355387210845947,-0.2306794822216034,-0.05820426541879442,0.003779888153076172,-0.1831291913986206,-0.06452482763245371,0.012262582778930664,-0.1432076096534729,-0.05457996774032381,-0.045756638050079346,-0.15177756547927856,-0.024942705515172747,-0.03904956579208374,-0.20029759407043457,-0.0565091316731241,-0.02194613218307495,-0.16799208521842957,-0.05364481184199121,-0.014668822288513184,-0.13459813594818115,-0.04345902625038889
R,0.0,0.0,0.0,0.05810171365737915,-0.06429266929626465,-0.026171331814168752,0.07873094081878662,-0.14148762822151184,-0.034311208462952436,0.0407828688621521,-0.20142966508865356,-0.043769914245842756,-0.007679581642150879,-0.2337501347064972,-0.05124160606288797,0.0693960189819336,-0.200553297996521,-0.0010819412382829796,0.06314480304718018,-0.28230175375938416,-0.020047394147752584,0.05143457651138306,-0.33174824714660645,-0.034327853060005964,0.03789764642715454,-0.37476594746112823,-0.04342098120474702,0.02903425693511963,-0.19781112670898438,-0.00443527014800793,0.03802287578582764,-0.28807392716407776,-0.027873036971925558,0.04505425691604614,-0.3369113504886627,-0.04202384460592157,0.04583317041397095,-0.3770305812358856,-0.047767936772345365,-0.012294471263885498,-0.18128743767738342,-0.013072297497330965,-0.01737654209136963,-0.23730412125587463,-0.05625727731609231,-0.00028651952743530273,-0.1895080804824829,-0.0633049416902054,0.008229970932006836,-0.15006473660469055,-0.05364217940592653,-0.051273345947265625,-0.15768200159072876,-0.02336723316335565,-0.04445064067840576,-0.20490190386772156,-0.05516988370442277,-0.026458799839019775,-0.17297273874282837,-0.05273831967139131,-0.018709301948547363,-0.1405634880065918,-0.042610808795927824
R,0.0,0.0,0.0,0.058284640312194824,-0.061769723892211914,-0.026348835756976996,0.07862383127212524,-0.13781613111495972,-0.034274692615468894,0.04107457399368286,-0.19615912437438965,-0.043280742099483405,-0.0066533684730529785,-0.22632965445518494,-0.050281885048349295,0.06930345296859741,-0.1969451606273651,-0.0012369680599988442,0.06309306621551514,-0.2779732048511505,-0.018980690246422682,0.0497971773147583,-0.3273933231830597,-0.032522304883201514,0.03534197807312012,-0.37012746930122375,-0.04129580684562484,0.028791844844818115,-0.19315090775489807,-0.004567082008321677,0.03648233413696289,-0.28285902738571167,-0.02660936020870963,0.042290329933166504,-0.3323972225189209,-0.040138351699312125,0.042400240898132324,-0.3718884289264679,-0.045697323014934454,-0.011747658252716064,-0.17594924569129944,-0.013121423279841338,-0.016960442066192627,-0.22931310534477234,-0.05568561979194442,0.0022559762001037598,-0.1819542944431305,-0.06294922434349814,0.012690424919128418,-0.14259716868400574,-0.05357761957307616,-0.05016142129898071,-0.15189588069915771,-0.02338707350750724,-0.042593300342559814,-0.1974557340145111,-0.05568772830625335,-0.024222910404205322,-0.16419252753257751,-0.053552499940593634,-0.01640927791595459,-0.13066858053207397,-0.043616383304794226
R,0.0,0.0,0.0,0.05776554346084595,-0.059756457805633545,-0.027759434448796583,0.07879668474197388,-0.13777917623519897,-0.03510969670327313,0.03936004638671875,-0.19731590151786804,-0.04336334930570729,-0.009238958358764648,-0.22812187671661377,-0.04955075474293835,0.06694841384887695,-0.1994679868221283,0.0003713196811645503,0.06058955192565918,-0.2791719138622284,-0.01723896505149014,0.04853707551956177,-0.3273353576660156,-0.030854714827853513,0.03505319356918335,-0.36917583644390106,-0.03961530493410237,0.026990771293640137,-0.19527891278266907,-0.002300686927753759,0.03371989727020264,-0.2840356230735779,-0.024818356873709035,0.04062533378601074,-0.3329651653766632,-0.0388331578841985,0.04091012477874756,-0.37343190610408783,-0.044613634960967374,-0.012671411037445068,-0.17692703008651733,-0.010607709901648832,-0.019737958908081055,-0.23287442326545715,-0.05495263056667454,3.898143768310547e-05,-0.18300685286521912,-0.06300926746638424,0.010240554809570312,-0.1429412066936493,-0.05363458933146603,-0.04987132549285889,-0.1518612802028656,-0.020571812780815435,-0.044517338275909424,-0.2007823884487152,-0.05383433194668896,-0.026206910610198975,-0.16838955879211426,-0.052248792516309095,-0.018832504749298096,-0.13626527786254883,-0.042716046588736845
R,0.0,0.0,0.0,0.05745953321456909,-0.0631403923034668,-0.02538875758310155,0.07679307460784912,-0.1399688720703125,-0.032028692659338276,0.03763324022293091,-0.19669225811958313,-0.039643022116621296,-0.010685741901397705,-0.22431445121765137,-0.04522102594037847,0.06705385446548462,-0.19510892033576965,0.0008769580732348459,0.06069636344909668,-0.27577242255210876,-0.015202060226698677,0.04654484987258911,-0.3231407701969147,-0.028255217593510906,0.031168043613433838,-0.36440911889076233,-0.03696648299356298,0.02597278356552124,-0.19075608253479004,-0.00259405805391566,0.029585540294647217,-0.28198307752609253,-0.02178940258582429,0.03420621156692505,-0.33174461126327515,-0.03502277552743749,0.03298848867416382,-0.3713446706533432,-0.04129980027337865,-0.014566302299499512,-0.17338967323303223,-0.011244659196933071,-0.019917786121368408,-0.2301020622253418,-0.05013520165940122,0.0020084381103515625,-0.18630266189575195,-0.057888421114881794,0.013110816478729248,-0.1494348645210266,-0.0502219599451621,-0.052799224853515625,-0.15017738938331604,-0.02169289149006204,-0.045426368713378906,-0.19783544540405273,-0.05096493556757764,-0.02670341730117798,-0.1671818494796753,-0.04890861257572965,-0.01947188377380371,-0.1351393759250641,-0.04016016319056348
R,0.0,0.0,0.0,0.055545806884765625,-0.06672221422195435,-0.024069260797404013,0.07226550579071045,-0.14367324113845825,-0.0316106434827077,0.032843589782714844,-0.20172324776649475,-0.04074910841038104,-0.016346633434295654,-0.23099392652511597,-0.047997290260099135,0.06110537052154541,-0.19804471731185913,0.00197246275754992,0.053092360496520996,-0.2806580662727356,-0.014661495565377436,0.03829312324523926,-0.3293269872665405,-0.02786848506977435,0.022399544715881348,-0.37185072898864746,-0.036583909756444655,0.02002042531967163,-0.1949511468410492,-0.0023786071603524306,0.02321702241897583,-0.2887568175792694,-0.022927192962669096,0.027989864349365234,-0.33867329359054565,-0.03642093575646754,0.027608275413513184,-0.3784537613391876,-0.0423026997511613,-0.020722031593322754,-0.17845043540000916,-0.011759215957425795,-0.025143444538116455,-0.23654627799987793,-0.051810918367408476,-0.0029215216636657715,-0.18990930914878845,-0.058174299067758284,0.008563458919525146,-0.15022248029708862,-0.04883415437390681,-0.05951499938964844,-0.1549205780029297,-0.02277347817172881,-0.05225282907485962,-0.20445752143859863,-0.051688024765752516,-0.03060305118560791,-0.17309266328811646,-0.047760849810146055,-0.02021777629852295,-0.13953202962875366,-0.0372031051581132
R,0.0,0.0,0.0,0.05588960647583008,-0.06208711862564087,-0.02713126390037246,0.07363677024841309,-0.13890671730041504,-0.03462269416806407,0.03474920988082886,-0.19748851656913757,-0.04322342834231563,-0.013687372207641602,-0.2260465919971466,-0.04976510143634982,0.061574578285217285,-0.19845545291900635,0.0008331819201714552,0.05421561002731323,-0.2779344916343689,-0.01655990144965358,0.040142834186553955,-0.3252677023410797,-0.03011759816465087,0.02529275417327881,-0.36662232875823975,-0.038581690553399994,0.021303832530975342,-0.19358626008033752,-0.001767128391946926,0.023797988891601562,-0.2850717604160309,-0.023722360644313767,0.028906404972076416,-0.33569467067718506,-0.03746836519596286,0.028951168060302734,-0.37509942054748535,-0.042909662041637375,-0.017930448055267334,-0.17603430151939392,-0.00986068582889743,-0.024396538734436035,-0.22925785183906555,-0.05285051724669643,-0.0049898624420166016,-0.18053212761878967,-0.06130487731454082,0.005453288555145264,-0.1398363709449768,-0.052203985664817765,-0.053750693798065186,-0.15261220932006836,-0.019710517290803864,-0.04690730571746826,-0.19815587997436523,-0.05164224914071269,-0.027690112590789795,-0.1662602424621582,-0.050274400774213746,-0.018444836139678955,-0.13339531421661377,-0.04089125877973743
R,0.0,0.0,0.0,0.05698519945144653,-0.06383258104324341,-0.026630304673517458,0.07403689622879028,-0.14236626029014587,-0.03320996082743477,0.032128751277923584,-0.1994437277317047,-0.040204942146147005,-0.017202675342559814,-0.2259073555469513,-0.04483832410892319,0.06088763475418091,-0.19781482219696045,-0.0002451787074733147,0.05338698625564575,-0.2789188325405121,-0.01578355013748478,0.039801716804504395,-0.3259812295436859,-0.027947071859443895,0.024864554405212402,-0.36708925664424896,-0.03601669884642433,0.020522713661193848,-0.19308820366859436,-0.0022919819818980613,0.021195709705352783,-0.2836189568042755,-0.021233912477100603,0.025528013706207275,-0.33209386467933655,-0.033977854916656725,0.024332642555236816,-0.3709026873111725,-0.03962183363159966,-0.01915585994720459,-0.1750839650630951,-0.009496641265059225,-0.025521159172058105,-0.22973638772964478,-0.0486445202620871,-0.004381775856018066,-0.18529683351516724,-0.05724507934769463,0.005957186222076416,-0.14785289764404297,-0.04987493894418549,-0.055781662464141846,-0.1509455144405365,-0.018463233405555002,-0.047427594661712646,-0.19312438368797302,-0.049044161954725496,-0.028179168701171875,-0.1632322371006012,-0.04896618045290779,-0.020901739597320557,-0.132601797580719,-0.04120177022537064
R,0.0,0.0,0.0,0.053619384765625,-0.0583915114402771,-0.02604109416293454,0.0714411735534668,-0.13540014624595642,-0.03478684830056977,0.0316280722618103,-0.19286534190177917,-0.044514903747909784,-0.01627790927886963,-0.22034621238708496,-0.05233761849390817,0.05913197994232178,-0.19095498323440552,-0.006490314328544855,0.05002927780151367,-0.2755207419395447,-0.026788547584288835,0.03450024127960205,-0.32713907957077026,-0.041863603466623545,0.01757603883743286,-0.3713333308696747,-0.05154174747454476,0.01810556650161743,-0.18524044752120972,-0.01071335556494546,0.022799372673034668,-0.2772955298423767,-0.034994462454193354,0.028901875019073486,-0.3278033137321472,-0.050213189744823694,0.02781999111175537,-0.3687034547328949,-0.056987194293611765,-0.02169591188430786,-0.16685375571250916,-0.019592797332876444,-0.027407050132751465,-0.22056308388710022,-0.06158478366720033,-0.004853665828704834,-0.17618590593338013,-0.06848900201308084,0.00681382417678833,-0.1387733519077301,-0.05945271434771371,-0.05841141939163208,-0.1419999599456787,-0.030253287353986025,-0.05070453882217407,-0.18931102752685547,-0.06011450099336457,-0.030580103397369385,-0.1597687005996704,-0.05630066054450822,-0.022198140621185303,-0.1285332441329956,-0.045942353033893824
R,0.0,0.0,0.0,0.05586796998977661,-0.058338940143585205,-0.026512808782172215,0.07368457317352295,-0.1360054910182953,-0.03508832460374833,0.03032553195953369,-0.19323506951332092,-0.04445161080093385,-0.018965482711791992,-0.22116824984550476,-0.05184710553021432,0.059507787227630615,-0.19178441166877747,-0.005480896831613791,0.0525745153427124,-0.27589502930641174,-0.02408851279051305,0.0393519401550293,-0.3264409899711609,-0.0379856318804741,0.02431654930114746,-0.37061095237731934,-0.04732069527835847,0.01780080795288086,-0.18628883361816406,-0.00932020848722459,0.021562933921813965,-0.2755676507949829,-0.032292762455654156,0.026193082332611084,-0.32426711916923523,-0.0469122768017769,0.023368656635284424,-0.3649344742298126,-0.05371972328157426,-0.022209882736206055,-0.16774505376815796,-0.017926497069311154,-0.027131199836730957,-0.22098922729492188,-0.059665163663339627,-0.0034013986587524414,-0.17566820979118347,-0.06642906149954797,0.007572472095489502,-0.1384284496307373,-0.057620877084445965,-0.059040606021881104,-0.14252126216888428,-0.028277819660615933,-0.04991334676742554,-0.18897327780723572,-0.058897601124954235,-0.029208719730377197,-0.15886735916137695,-0.055887890664052975,-0.021748661994934082,-0.12748360633850098,-0.04615112176270486
R,0.0,0.0,0.0,0.056704819202423096,-0.06050741672515869,-0.02572866968475296,0.07349354028701782,-0.1367070972919464,-0.03355483218692257,0.034185171127319336,-0.19370737671852112,-0.04261512934826328,-0.014875352382659912,-0.2196229100227356,-0.049970778372511404,0.05766338109970093,-0.19420433044433594,-0.003263493968546527,0.04897189140319824,-0.27551600337028503,-0.021183422502502935,0.03511238098144531,-0.32556843757629395,-0.03464425235651447,0.02039402723312378,-0.36822205781936646,-0.0434332366254182,0.018001556396484375,-0.18798762559890747,-0.00684318339116885,0.020600318908691406,-0.2759547531604767,-0.029311245974525946,0.025912940502166748,-0.3262177109718323,-0.04331669091843082,0.0254247784614563,-0.36547428369522095,-0.04957010477446033,-0.020894408226013184,-0.1684606969356537,-0.01527404479347183,-0.027981460094451904,-0.22173449397087097,-0.05673907205127193,-0.004537224769592285,-0.17916715145111084,-0.06412162139676525,0.007943272590637207,-0.14037162065505981,-0.05554286643527462,-0.057317376136779785,-0.14252513647079468,-0.02538437090478851,-0.05093890428543091,-0.18866553902626038,-0.056249162849411505,-0.030045747756958008,-0.1605808436870575,-0.05430655434392406,-0.020892679691314697,-0.12838095426559448,-0.045106201168522375
R,0.0,0.0,0.0,0.05600273609161377,-0.061751484870910645,-0.026508060655231702,0.0720948576927185,-0.13831976056098938,-0.03398572783791565,0.03239786624908447,-0.19496244192123413,-0.0423464415582373,-0.016084134578704834,-0.22188720107078552,-0.04882796238982223,0.05812394618988037,-0.19652622938156128,-0.0020698580412670253,0.05091655254364014,-0.27678850293159485,-0.019741048476333845,0.03770256042480469,-0.32390332221984863,-0.033230205437774885,0.023282885551452637,-0.364968478679657,-0.0416062822552874,0.018219947814941406,-0.1912597417831421,-0.004731123241271007,0.020116567611694336,-0.2797582447528839,-0.026248100584979284,0.023953676223754883,-0.3300747275352478,-0.03988992180549644,0.0226934552192688,-0.3700127601623535,-0.04566642027222656,-0.020965874195098877,-0.17266207933425903,-0.012481321020658243,-0.02756434679031372,-0.22514334321022034,-0.0534458806725695,-0.007578432559967041,-0.1795227825641632,-0.06099367271983169,0.0031629204750061035,-0.14050954580307007,-0.05216727163517021,-0.05749326944351196,-0.1474369466304779,-0.021959268859262693,-0.05095893144607544,-0.19270434975624084,-0.0522617561730101,-0.031710684299468994,-0.16300973296165466,-0.05012919884049438,-0.02325117588043213,-0.13118261098861694,-0.04057168718301796
R,0.0,0.0,0.0,0.05414378643035889,-0.05844998359680176,-0.026642232656882925,0.07249760627746582,-0.13587257266044617,-0.03403349731902949,0.032718122005462646,-0.1947692334651947,-0.04234689985256068,-0.01640409231185913,-0.2239496111869812,-0.04867285256128184,0.0584871768951416,-0.19791975617408752,0.0008395218281691541,0.049565017223358154,-0.278556764125824,-0.015937217966126127,0.03572779893875122,-0.32694369554519653,-0.02975050684850089,0.02208155393600464,-0.3681773543357849,-0.03871050988178126,0.018170058727264404,-0.19139492511749268,-0.0019243609750958512,0.018741846084594727,-0.27987128496170044,-0.022891869292067213,0.022159457206726074,-0.32816949486732483,-0.03719046850542895,0.01990330219268799,-0.3665037155151367,-0.04360415180067889,-0.020441710948944092,-0.17230069637298584,-0.009861142829464598,-0.026558220386505127,-0.22362294793128967,-0.050537859544562025,-0.005454897880554199,-0.1784762144088745,-0.058429387852953596,0.0045209527015686035,-0.1408568024635315,-0.05020987753610484,-0.05644512176513672,-0.14738956093788147,-0.019621718198465032,-0.04863548278808594,-0.1937815546989441,-0.0499367653284537,-0.029525816440582275,-0.16286194324493408,-0.0475956438932883,-0.02181035280227661,-0.13083970546722412,-0.03809714083413951
R,0.0,0.0,0.0,0.055400073528289795,-0.06257665157318115,-0.02671715173642042,0.07042813301086426,-0.1417725682258606,-0.03461241651098135,0.0288546085357666,-0.19984978437423706,-0.043375133757990625,-0.021129906177520752,-0.2281043529510498,-0.05011124092857244,0.052218079566955566,-0.20122304558753967,-0.0028136670473486447,0.0430949330329895,-0.2812812328338623,-0.020281144639056947,0.028890013694763184,-0.3280375301837921,-0.033586955850523736,0.013371586799621582,-0.36826568841934204,-0.04199066687147024,0.011802077293395996,-0.194446861743927,-0.005460998730313804,0.012170553207397461,-0.28630247712135315,-0.026499659975570466,0.01726633310317993,-0.3363407850265503,-0.03923866081754568,0.016388535499572754,-0.3745156228542328,-0.04456843737284544,-0.027124762535095215,-0.1747746467590332,-0.013266782497566965,-0.03301495313644409,-0.22896859049797058,-0.053349099343222406,-0.01180177927017212,-0.18480756878852844,-0.060581068729561593,-0.0011706352233886719,-0.14682388305664062,-0.05207103792349699,-0.0623592734336853,-0.14936017990112305,-0.022962021862667825,-0.05482560396194458,-0.19487476348876953,-0.05260450694481733,-0.0339733362197876,-0.16840514540672302,-0.05110881034056547,-0.023709118366241455,-0.13951215147972107,-0.04251384291569593
R,0.0,0.0,0.0,0.05352640151977539,-0.059657394886016846,-0.027587698246122727,0.06999564170837402,-0.1381736397743225,-0.0349912973444475,0.028714358806610107,-0.1954352855682373,-0.04316004313039912,-0.02101844549179077,-0.22119051218032837,-0.04927357233572138,0.05299830436706543,-0.19970980286598206,0.0004885444676006045,0.043309152126312256,-0.279949814081192,-0.01591038465011252,0.02966320514678955,-0.32656994462013245,-0.029017766411186585,0.015761852264404297,-0.36733803153038025,-0.03760034538316859,0.012277364730834961,-0.19251185655593872,-0.0018614192351265046,0.011834800243377686,-0.28165316581726074,-0.023085683057786355,0.015706002712249756,-0.3295115828514099,-0.03687305323290957,0.013387143611907959,-0.3683962821960449,-0.042672104607106576,-0.026317834854125977,-0.1725550889968872,-0.009552815402628312,-0.033793628215789795,-0.2245425283908844,-0.0515325511198057,-0.010669529438018799,-0.1769489049911499,-0.05927036277461184,0.0007901787757873535,-0.13891243934631348,-0.050319861094237694,-0.06125462055206299,-0.14713382720947266,-0.019024978796721825,-0.05392181873321533,-0.19365713000297546,-0.050084910760404,-0.033731818199157715,-0.16182953119277954,-0.04772074467945231,-0.025381743907928467,-0.13026928901672363,-0.038077372531176934
R,0.0,0.0,0.0,0.05265045166015625,-0.06104123592376709,-0.030074652992539086,0.06853288412094116,-0.13884001970291138,-0.03845843184774367,0.028877973556518555,-0.19638487696647644,-0.04679361987894026,-0.02197664976119995,-0.22233325242996216,-0.05277507636731116,0.049846351146698,-0.19857081770896912,-0.004607090037666239,0.035874783992767334,-0.27878010272979736,-0.022777533866815247,0.020656466484069824,-0.32425451278686523,-0.035905985869817414,0.0037571191787719727,-0.3643558919429779,-0.04379254091566054,0.010474026203155518,-0.19278734922409058,-0.005074214898399987,0.010679543018341064,-0.2862306535243988,-0.027196193822078385,0.016548335552215576,-0.3355940282344818,-0.03963505361264197,0.016403913497924805,-0.3734322190284729,-0.04349474120920149,-0.028477728366851807,-0.1733795404434204,-0.01091165259515492,-0.03377467393875122,-0.22410380840301514,-0.053307591714315095,-0.012656927108764648,-0.17709201574325562,-0.05953734625165907,-0.0020921826362609863,-0.13942945003509521,-0.04884937290137259,-0.06478452682495117,-0.14753791689872742,-0.018653447516612687,-0.05712544918060303,-0.18813985586166382,-0.049872132726363816,-0.03804957866668701,-0.1561029851436615,-0.04664733890479056,-0.03098881244659424,-0.12584954500198364,-0.03568905103986708
R,0.0,0.0,0.0,0.12587134540081024,-0.05674433708190918,-0.12190838236290347,0.14592696726322174,-0.2342839241027832,-0.130812906510414,0.03342868387699127,-0.3409079909324646,-0.11935286302048098,-0.07743927836418152,-0.3811582922935486,-0.09666394520479571,0.17252643406391144,-0.38371187448501587,-0.04808390218693148,0.14093659818172455,-0.5517982244491577,-0.094220370835842,0.10512955486774445,-0.6629771292209625,-0.12390505600649249,0.0681629627943039,-0.7591400742530823,-0.14229288030344378,0.08575914800167084,-0.3835935890674591,-0.026309571079195848,0.11115910112857819,-0.5903848111629486,-0.07749606002050768,0.11988799273967743,-0.7069376707077026,-0.1062021486826552,0.1209544688463211,-0.8124376237392426,-0.11197238493639361,-0.003570377826690674,-0.34836554527282715,-0.023468152470172754,-0.052331581711769104,-0.4543822407722473,-0.1499903135367049,-0.014451980590820312,-0.31784486770629883,-0.17560004521089922,0.013630792498588562,-0.24540334939956665,-0.14778942692953478,-0.09113141894340515,-0.2851217985153198,-0.02772858630794417,-0.10626988112926483,-0.36440855264663696,-0.13987458575445544,-0.05895434319972992,-0.2673475742340088,-0.14823984432894122,-0.040014103055000305,-0.19978046417236328,-0.12601804066378008
R,0.0,0.0,0.0,0.0541003942489624,-0.062119364738464355,-0.0267358994572362,0.06978946924209595,-0.14008373022079468,-0.03477529757608977,0.029940545558929443,-0.19942569732666016,-0.04358070292462912,-0.01886230707168579,-0.22772067785263062,-0.050328347319265276,0.05335932970046997,-0.19645503163337708,-0.0036859483919045033,0.04138970375061035,-0.27870628237724304,-0.02217551269521323,0.025223374366760254,-0.3257533013820648,-0.03567932122339812,0.007487297058105469,-0.366751492023468,-0.04396941834082213,0.013434886932373047,-0.18960940837860107,-0.006311941379209429,0.012252569198608398,-0.2860546112060547,-0.028432346367736727,0.017940759658813477,-0.33555319905281067,-0.04022910022129622,0.017943143844604492,-0.37290626764297485,-0.04444635980715361,-0.02615535259246826,-0.17005884647369385,-0.014156701461871535,-0.03264772891998291,-0.22702628374099731,-0.05589074590196219,-0.010254740715026855,-0.18011611700057983,-0.06100568124045935,0.0012173056602478027,-0.14108282327651978,-0.05037468993057814,-0.06313163042068481,-0.1451530158519745,-0.023728940123220355,-0.055522918701171875,-0.19276800751686096,-0.05333004095544425,-0.03550487756729126,-0.16255265474319458,-0.049127071583171755,-0.02748715877532959,-0.13231265544891357,-0.03854333930601683
R,0.0,0.0,0.0,0.05311250686645508,-0.06365430355072021,-0.02844384612674844,0.06937181949615479,-0.14160245656967163,-0.03704160938198697,0.02888190746307373,-0.1996796429157257,-0.04597432652647626,-0.021158874034881592,-0.22723135352134705,-0.05267059171731603,0.05167365074157715,-0.19909948110580444,-0.0041394589671028825,0.04072403907775879,-0.2806323170661926,-0.02299745308394563,0.02522224187850952,-0.32867708802223206,-0.037166220342470524,0.008048057556152344,-0.3712182939052582,-0.046121870374037144,0.011036574840545654,-0.1942477822303772,-0.006007646882636664,0.013502717018127441,-0.2832329571247101,-0.02905061582262647,0.01746910810470581,-0.3325963318347931,-0.04245013484890592,0.015509843826293945,-0.3726760149002075,-0.04754961395795476,-0.02865314483642578,-0.17563554644584656,-0.013126089444114086,-0.032339274883270264,-0.22708448767662048,-0.05526941010887754,-0.012216448783874512,-0.17867600917816162,-0.060764224474979756,-0.0025641918182373047,-0.14009469747543335,-0.05012058207924497,-0.06464594602584839,-0.14988747239112854,-0.022173780223084805,-0.05518949031829834,-0.1935490369796753,-0.05197128022248876,-0.03667604923248291,-0.16266202926635742,-0.047758945470405934,-0.03011929988861084,-0.13257604837417603,-0.03666761258776319
R,0.0,0.0,0.0,0.0542445182800293,-0.06133347749710083,-0.025911148383755744,0.07212954759597778,-0.14223045110702515,-0.0329814029182387,0.034762561321258545,-0.20361116528511047,-0.04093747560634142,-0.015146732330322266,-0.22783708572387695,-0.04688411553158289,0.05215567350387573,-0.20325592160224915,-0.0030520024965596804,0.04146057367324829,-0.2852711081504822,-0.020882665857214988,0.027418076992034912,-0.33313852548599243,-0.033954832449097694,0.011492788791656494,-0.3752287030220032,-0.04238941867603785,0.013505160808563232,-0.19734972715377808,-0.0058395734313023695,0.015827536582946777,-0.2879532277584076,-0.02804061186267859,0.021586358547210693,-0.33725690841674805,-0.04059024129762179,0.020994961261749268,-0.3772195875644684,-0.045593943193097175,-0.02442699670791626,-0.1771523356437683,-0.013527022420902313,-0.03206455707550049,-0.23077157139778137,-0.054651945575614036,-0.011565566062927246,-0.18472465872764587,-0.05997851465596682,-0.0008102059364318848,-0.14599472284317017,-0.04983571146382815,-0.0588492751121521,-0.14987033605575562,-0.02292784836842543,-0.053434133529663086,-0.1959652602672577,-0.05220283542527682,-0.03538483381271362,-0.16691499948501587,-0.048483159139294685,-0.027943134307861328,-0.13705188035964966,-0.03826036278857714
R,0.0,0.0,0.0,0.05550271272659302,-0.061080753803253174,-0.029123212475667515,0.07322293519973755,-0.1370111107826233,-0.03830533221770338,0.03291332721710205,-0.195092111825943,-0.04759612426568083,-0.016655921936035156,-0.22134023904800415,-0.05482525125552229,0.055186688899993896,-0.1915830373764038,-0.008621560674498596,0.04275935888290405,-0.27303624153137207,-0.028834100146184483,0.027601242065429688,-0.3200588822364807,-0.04307073101807646,0.01117783784866333,-0.36122947931289673,-0.05177756146002821,0.015498816967010498,-0.1873091459274292,-0.010505736139009514,0.016929149627685547,-0.27940377593040466,-0.0341827546100717,0.02192765474319458,-0.3296456038951874,-0.047624928210268536,0.021504521369934082,-0.3696553707122803,-0.05257057890702299,-0.02370232343673706,-0.16876044869422913,-0.01733283073116354,-0.028409898281097412,-0.22084832191467285,-0.0605351638834577,-0.007747948169708252,-0.17554181814193726,-0.06699656442214064,0.0028281211853027344,-0.13771182298660278,-0.056845189337025204,-0.060290515422821045,-0.14202147722244263,-0.025952535946260014,-0.05200850963592529,-0.18396136164665222,-0.058764961812983074,-0.03145509958267212,-0.15392380952835083,-0.056155366156588116,-0.023028671741485596,-0.1228836178779602,-0.045491845611820736
R,0.0,0.0,0.0,0.05725950002670288,-0.060680389404296875,-0.02744158606665792,0.07639861106872559,-0.1378622055053711,-0.0346281534774846,0.03695124387741089,-0.1961456537246704,-0.04271989751296701,-0.013071596622467041,-0.22357362508773804,-0.04874554339485826,0.055938899517059326,-0.19673600792884827,0.00013689985925680048,0.04615885019302368,-0.277789443731308,-0.017207241316015143,0.03162580728530884,-0.32686007022857666,-0.03037889923589887,0.016688406467437744,-0.36882662773132324,-0.038691756014401335,0.015583992004394531,-0.19255253672599792,-0.0020114636762684768,0.016291677951812744,-0.2821253538131714,-0.023860438425714392,0.02283024787902832,-0.3319858908653259,-0.03728192735152902,0.024335145950317383,-0.3703314960002899,-0.04241517994242372,-0.02219831943511963,-0.17497491836547852,-0.009621746536964793,-0.025687575340270996,-0.22630876302719116,-0.05213271889525117,-0.0019698739051818848,-0.1796078383922577,-0.05943775985079469,0.01051640510559082,-0.1394701600074768,-0.049670555327708144,-0.056745290756225586,-0.150064617395401,-0.019008597989255804,-0.048599958419799805,-0.19560575485229492,-0.05058406356411638,-0.026437461376190186,-0.16408923268318176,-0.04817661333518686,-0.01600039005279541,-0.1304360032081604,-0.03782634872632684
R,0.0,0.0,0.0,0.05421805381774902,-0.05757814645767212,-0.030531232222813287,0.07526075839996338,-0.13438808917999268,-0.04029716269661776,0.035214126110076904,-0.19426178932189941,-0.04981345029165141,-0.01404660940170288,-0.22260791063308716,-0.057162133023041406,0.058584630489349365,-0.1933678686618805,-0.009300166718560376,0.046733558177948,-0.27540212869644165,-0.030480085849660554,0.03209012746810913,-0.3239246904850006,-0.04536891819526545,0.01631873846054077,-0.3664323687553406,-0.05443051175763003,0.018374085426330566,-0.19104698300361633,-0.010850186437266984,0.022145390510559082,-0.2822684645652771,-0.03594427646686427,0.027435302734375,-0.3316238522529602,-0.04980375708629481,0.026508867740631104,-0.37151169776916504,-0.05441587881733767,-0.02029949426651001,-0.17381533980369568,-0.01749430873979918,-0.023801743984222412,-0.224559485912323,-0.06189787478734843,-0.0053258538246154785,-0.17514753341674805,-0.06714707703878275,0.00319749116897583,-0.1367563009262085,-0.055568461283939996,-0.056689441204071045,-0.14743387699127197,-0.02606425338973395,-0.04797166585922241,-0.18912208080291748,-0.059137274488705316,-0.029426872730255127,-0.15610480308532715,-0.05512553544332377,-0.0229913592338562,-0.12516218423843384,-0.043043685123222986
R,0.0,0.0,0.0,0.057079851627349854,-0.05243712663650513,-0.02786127084991108,0.07920652627944946,-0.12965422868728638,-0.035008156468478546,0.03869384527206421,-0.18858733773231506,-0.042218277027217255,-0.010493338108062744,-0.21501144766807556,-0.04755964668592583,0.06104123592376709,-0.18919643759727478,-0.00558104671662818,0.053150713443756104,-0.2719179391860962,-0.02287896143397461,0.03915208578109741,-0.3220481872558594,-0.03582029955586563,0.023661911487579346,-0.36555713415145874,-0.04435524137815605,0.01922011375427246,-0.18552318215370178,-0.007685974502322779,0.022996604442596436,-0.27403324842453003,-0.0288897322317041,0.02857208251953125,-0.32281744480133057,-0.041941897739974365,0.027485370635986328,-0.36114227771759033,-0.0474841462274469,-0.019838392734527588,-0.1680029034614563,-0.014661504683402882,-0.02356058359146118,-0.21848589181900024,-0.055644729902354584,-0.0008844137191772461,-0.17299526929855347,-0.062243936379758225,0.009762406349182129,-0.13459521532058716,-0.05303126739462982,-0.05633300542831421,-0.14294129610061646,-0.02343045527240406,-0.04780018329620361,-0.18797922134399414,-0.054779676516858444,-0.026851654052734375,-0.15580707788467407,-0.05205082686742912,-0.018844425678253174,-0.12199276685714722,-0.041913801600543366
R,0.0,0.0,0.0,0.05566173791885376,-0.05870550870895386,-0.030745864786155153,0.07464814186096191,-0.13636499643325806,-0.039341037101991105,0.03544425964355469,-0.19474050402641296,-0.04755017621064894,-0.014283835887908936,-0.22336062788963318,-0.05361942289019339,0.0601617693901062,-0.1968766748905182,-0.006768589314020801,0.05042940378189087,-0.27741384506225586,-0.026111152894742418,0.034702956676483154,-0.3262897729873657,-0.0406329528763365,0.017545223236083984,-0.3685619831085205,-0.04991837678099387,0.019734203815460205,-0.19363820552825928,-0.0077418055720102075,0.023028194904327393,-0.28438645601272583,-0.03052897652233355,0.02716010808944702,-0.333993136882782,-0.04375549865508788,0.025357186794281006,-0.37246888875961304,-0.04875506175304167,-0.01981639862060547,-0.17539560794830322,-0.014132805108971525,-0.02537989616394043,-0.22779536247253418,-0.05662604136014693,-0.005232751369476318,-0.1805829405784607,-0.06247850222135298,0.0046825408935546875,-0.14252501726150513,-0.05220532504463904,-0.05707085132598877,-0.14884018898010254,-0.022642795868165422,-0.04906153678894043,-0.19280749559402466,-0.054746114589221406,-0.030081570148468018,-0.16027969121932983,-0.05161146906758063,-0.023446977138519287,-0.12865424156188965,-0.04089092922950499
R,0.0,0.0,0.0,0.058904170989990234,-0.055420637130737305,-0.029718441121730166,0.07958853244781494,-0.1345893144607544,-0.036881939672383623,0.037826359272003174,-0.19349071383476257,-0.04404362400666173,-0.011934638023376465,-0.22251218557357788,-0.04902148356333669,0.06319189071655273,-0.19862332940101624,-0.004031878594759064,0.05508995056152344,-0.27958226203918457,-0.02275369053378995,0.04205375909805298,-0.3294299840927124,-0.03614539017573293,0.027738571166992188,-0.3721153736114502,-0.044312429778727846,0.02231389284133911,-0.19516810774803162,-0.005684062071594553,0.026510238647460938,-0.28317826986312866,-0.029162272043976145,0.031674325466156006,-0.33256199955940247,-0.04304320847288068,0.0311967134475708,-0.37213313579559326,-0.04804311429754193,-0.01685476303100586,-0.1770046353340149,-0.012813939877304392,-0.022428691387176514,-0.224484384059906,-0.05778244247332509,-0.0029807686805725098,-0.1749974489212036,-0.06597436329022344,0.007108747959136963,-0.13621842861175537,-0.05613865440383847,-0.0528828501701355,-0.1510196328163147,-0.021681958042535143,-0.045728445053100586,-0.19294750690460205,-0.05556911339655812,-0.02693355083465576,-0.15993160009384155,-0.05401102935567792,-0.01909506320953369,-0.12820273637771606,-0.043845080934914904
R,0.0,0.0,0.0,0.05850064754486084,-0.05786406993865967,-0.03052041759511326,0.07885539531707764,-0.1333862543106079,-0.038199473971332054,0.03907370567321777,-0.19217067956924438,-0.04578102459927891,-0.009674787521362305,-0.22144675254821777,-0.05131391143223141,0.06651967763900757,-0.19557225704193115,-0.0021235825101086903,0.05909383296966553,-0.27470919489860535,-0.021137815767730217,0.04448723793029785,-0.3231375813484192,-0.035859891081059914,0.028205275535583496,-0.365262508392334,-0.04489196171780918,0.025482356548309326,-0.19259792566299438,-0.0033971516953954506,0.02921503782272339,-0.2831838130950928,-0.026360778936947327,0.03342801332473755,-0.33504718542099,-0.04081228082796429,0.03254050016403198,-0.3756163716316223,-0.0463039659502158,-0.014266550540924072,-0.17454814910888672,-0.010406877713108997,-0.021539270877838135,-0.2248905897140503,-0.05515039419552181,-0.0035728812217712402,-0.17520898580551147,-0.06330464487692211,0.0065958499908447266,-0.13532918691635132,-0.05336388652941082,-0.05185532569885254,-0.14823001623153687,-0.019284550899470787,-0.04522073268890381,-0.19221842288970947,-0.05336075728556011,-0.02772343158721924,-0.15761268138885498,-0.051210009360517006,-0.020712077617645264,-0.12440496683120728,-0.04051065152307842
R,0.0,0.0,0.0,0.10734519362449646,-0.06795001029968262,-0.12927961599245918,0.12755832076072693,-0.2345970869064331,-0.1429146404208268,0.018666774034500122,-0.33991754055023193,-0.1340190197171296,-0.08185751736164093,-0.402264267206192,-0.11235241841689003,0.14400342106819153,-0.387816458940506,-0.050843211525830156,0.1156320571899414,-0.5537084639072418,-0.09593091409817589,0.07888332009315491,-0.6655386686325073,-0.12337674450293434,0.04117974638938904,-0.7587249279022217,-0.1376500899733628,0.05691307783126831,-0.3824178874492645,-0.024396736809762842,0.08437368273735046,-0.5845490097999573,-0.07444395374670876,0.09336382150650024,-0.7026783227920532,-0.10053220641032112,0.09588438272476196,-0.8000698089599609,-0.10192097973242653,-0.030709654092788696,-0.3394031524658203,-0.01778838101938618,-0.07978688180446625,-0.44652900099754333,-0.14306345831766976,-0.04835668206214905,-0.31068122386932373,-0.17053543280974282,-0.021215826272964478,-0.233381986618042,-0.14164518069640053,-0.11216582357883453,-0.2700161933898926,-0.018662140408309824,-0.12662683427333832,-0.35363370180130005,-0.1293388928116883,-0.08673864603042603,-0.25828272104263306,-0.13843541097060097,-0.06916064023971558,-0.18841314315795898,-0.11485246818676842
R,0.0,0.0,0.0,0.058945298194885254,-0.05413627624511719,-0.03110422952818226,0.08020424842834473,-0.1317434310913086,-0.03856353848027538,0.03722941875457764,-0.19200009107589722,-0.04571391283320736,-0.012875974178314209,-0.22081410884857178,-0.05087523548650097,0.06636571884155273,-0.1952391266822815,-0.004205078955465069,0.0578765869140625,-0.277441143989563,-0.023569909993284455,0.042499661445617676,-0.32843855023384094,-0.03836365430402111,0.025108695030212402,-0.37289831042289734,-0.04777416973161053,0.02420586347579956,-0.19141486287117004,-0.005335819113724938,0.027938127517700195,-0.2830674946308136,-0.029181393000953904,0.03302574157714844,-0.3343139886856079,-0.04377059279727291,0.03177160024642944,-0.3749808073043823,-0.0495595188324387,-0.016013026237487793,-0.17275768518447876,-0.012061929467790833,-0.02369457483291626,-0.22568881511688232,-0.05773982419418644,-0.001397550106048584,-0.17643064260482788,-0.06536699845241856,0.010848820209503174,-0.13653641939163208,-0.05511785684871029,-0.05438363552093506,-0.14662939310073853,-0.020717073369496575,-0.04750138521194458,-0.19275382161140442,-0.05573759986805271,-0.027083396911621094,-0.15839827060699463,-0.053565010565989724,-0.018996596336364746,-0.12514960765838623,-0.04288720725821804
R,0.0,0.0,0.0,0.059762001037597656,-0.05853271484375,-0.031623510814085876,0.08111447095870972,-0.13922858238220215,-0.03849503601230708,0.04234492778778076,-0.20070767402648926,-0.04505617374815074,-0.0075612664222717285,-0.2320999801158905,-0.04895081574358073,0.068992018699646,-0.20965024828910828,0.00038800901239710583,0.05977112054824829,-0.2900186777114868,-0.01674061099328128,0.04515039920806885,-0.3379778563976288,-0.03048424626030055,0.02873915433883667,-0.3795630931854248,-0.03909494931139079,0.026330947875976562,-0.20595401525497437,0.0003647262681738539,0.030324816703796387,-0.2966080904006958,-0.021103320813551818,0.036204397678375244,-0.34663182497024536,-0.034325311130658065,0.03621339797973633,-0.3842620849609375,-0.038884034550562774,-0.014394044876098633,-0.18685424327850342,-0.005910637493059312,-0.023536324501037598,-0.2359701693058014,-0.04907597804702846,-0.0052713751792907715,-0.18561968207359314,-0.057782789862528716,0.006460368633270264,-0.14570093154907227,-0.04849261993803111,-0.051324307918548584,-0.1609209179878235,-0.014391659929231082,-0.0460129976272583,-0.2016594409942627,-0.04708917269744006,-0.029083311557769775,-0.1683807373046875,-0.04647882113494006,-0.01988399028778076,-0.1382538080215454,-0.0373576117519292
R,0.0,0.0,0.0,0.060687363147735596,-0.06174200773239136,-0.031719536276312965,0.08261775970458984,-0.14091384410858154,-0.03800273755356898,0.03987020254135132,-0.2017287015914917,-0.043948077352496284,-0.011467576026916504,-0.23026397824287415,-0.04734144428536524,0.07094770669937134,-0.2036464810371399,0.0028662756199366868,0.060820162296295166,-0.2848358452320099,-0.014124052354844707,0.04416048526763916,-0.3335818946361542,-0.02809340948030581,0.02577155828475952,-0.3760858178138733,-0.036629811616393226,0.02833116054534912,-0.20005840063095093,0.0033062035331852258,0.0336529016494751,-0.29260870814323425,-0.01796021567449202,0.03761821985244751,-0.34436601400375366,-0.03141937846109499,0.03613758087158203,-0.38341355323791504,-0.03589948335454096,-0.01266556978225708,-0.18192315101623535,-0.0026553077509277045,-0.02456754446029663,-0.2310400903224945,-0.04651315578982462,-0.006622314453125,-0.18105068802833557,-0.05560093069240679,0.005872189998626709,-0.14143860340118408,-0.045938932092639106,-0.05108720064163208,-0.15756547451019287,-0.010692825296672481,-0.04844212532043457,-0.1996789574623108,-0.0434045388714992,-0.03192418813705444,-0.1640976369380951,-0.041812428029032844,-0.02254432439804077,-0.1321743130683899,-0.03169155189559092
R,0.0,0.0,0.0,0.058151841163635254,-0.05809509754180908,-0.03411678173384303,0.08540570735931396,-0.13772469758987427,-0.04187641986450785,0.04007488489151001,-0.1998727023601532,-0.04871114664516085,-0.01271522045135498,-0.2277628481388092,-0.05275791086992854,0.0738595724105835,-0.20800146460533142,-0.0012852756287031752,0.06527894735336304,-0.29001402854919434,-0.02179326810679072,0.04988163709640503,-0.34042888879776,-0.038512236855837045,0.03318887948989868,-0.3847041726112366,-0.04910052143773669,0.027959227561950684,-0.20421430468559265,-0.0013986080399774892,0.03269892930984497,-0.2919882535934448,-0.02581682004770869,0.03515738248825073,-0.3413769006729126,-0.04282583989939326,0.03256213665008545,-0.38476699590682983,-0.04990898393830889,-0.01509469747543335,-0.18465247750282288,-0.007836195126088796,-0.0249173641204834,-0.22651103138923645,-0.05256280251583689,-0.00476604700088501,-0.1764664649963379,-0.0631417254432165,0.00816810131072998,-0.14092326164245605,-0.05492410012325877,-0.05307406187057495,-0.1573919653892517,-0.016701273105951486,-0.050394654273986816,-0.19485151767730713,-0.04853467591843241,-0.03321266174316406,-0.1606023609638214,-0.04659058847269648,-0.024308621883392334,-0.13151299953460693,-0.03655200772723788
R,0.0,0.0,0.0,0.05771481990814209,-0.059240639209747314,-0.033194525443917655,0.08393949270248413,-0.14204221963882446,-0.041272336893683814,0.037168800830841064,-0.2049158215522766,-0.04873057668746128,-0.01574265956878662,-0.23521143198013306,-0.053385513179904365,0.07165002822875977,-0.21310624480247498,0.0006128340172892877,0.06078970432281494,-0.2958076596260071,-0.01854028766692295,0.045329928398132324,-0.34619587659835815,-0.03464974304378643,0.028069138526916504,-0.39003413915634155,-0.045217844002849006,0.02554142475128174,-0.20776641368865967,-9.16747595454126e-05,0.028656840324401855,-0.2984727621078491,-0.023465005957490348,0.03159397840499878,-0.347310870885849,-0.03957748254478588,0.02804696559906006,-0.38973093032836914,-0.046194555514460944,-0.017479121685028076,-0.1861734390258789,-0.007071212210661315,-0.027792811393737793,-0.23181840777397156,-0.05093475272596493,-0.0058359503746032715,-0.18257662653923035,-0.06014539142788067,0.006929636001586914,-0.1482459306716919,-0.05153283318222179,-0.055957794189453125,-0.15747904777526855,-0.016431538664704703,-0.0525282621383667,-0.19730404019355774,-0.047908770197039985,-0.035078346729278564,-0.16364380717277527,-0.04520070766747608,-0.02700132131576538,-0.13664942979812622,-0.035025099568969154
R,0.0,0.0,0.0,0.05730515718460083,-0.0657050609588623,-0.033824857461269175,0.08117115497589111,-0.1482527256011963,-0.041061010348613536,0.0365985631942749,-0.21184569597244263,-0.04775796471815852,-0.016226649284362793,-0.24448949098587036,-0.051273208248431956,0.0728117823600769,-0.21821165084838867,0.005034967654381717,0.06113642454147339,-0.30324167013168335,-0.012133487637157714,0.044381797313690186,-0.3543737232685089,-0.027287503841336047,0.02535957098007202,-0.3988925814628601,-0.03704905151110438,0.02729421854019165,-0.21320685744285583,0.00591453896183225,0.031112313270568848,-0.30507445335388184,-0.015371400068517005,0.0343051552772522,-0.35554009675979614,-0.03080225004535464,0.03125268220901489,-0.39689695835113525,-0.03703476874810008,-0.015887796878814697,-0.19241595268249512,-2.4962066646594394e-05,-0.028411030769348145,-0.23835799098014832,-0.04255799217801837,-0.008945763111114502,-0.1894018054008484,-0.05313585339766291,0.003906309604644775,-0.1532660722732544,-0.04527172087412623,-0.05461907386779785,-0.1657160520553589,-0.00845685521792916,-0.05298161506652832,-0.20529165863990784,-0.03871694220882205,-0.0370672345161438,-0.1723625659942627,-0.03720927252155093,-0.028190910816192627,-0.14466440677642822,-0.02800495004933623
R,0.0,0.0,0.0,0.058600008487701416,-0.06115102767944336,-0.03307547125200472,0.08247768878936768,-0.14159810543060303,-0.04193466606716356,0.03600001335144043,-0.20443600416183472,-0.05005582872013292,-0.017143607139587402,-0.23442742228507996,-0.055568412720958804,0.07405298948287964,-0.21049031615257263,-0.0033985912630214443,0.06178891658782959,-0.2968667447566986,-0.025619034498731708,0.0435183048248291,-0.34944093227386475,-0.04318953010420046,0.023146331310272217,-0.3953939974308014,-0.05411271828393183,0.02763688564300537,-0.20680078864097595,-0.004177889630000209,0.029869258403778076,-0.2984544634819031,-0.030058397754828547,0.030632972717285156,-0.34969645738601685,-0.046876181691686725,0.026511013507843018,-0.3928810656070709,-0.053537801682750796,-0.016105234622955322,-0.18687713146209717,-0.011008941411773776,-0.030194342136383057,-0.2316340208053589,-0.0565190621016427,-0.011020481586456299,-0.18125927448272705,-0.0656828180251523,0.0034502744674682617,-0.14404845237731934,-0.05624469819645128,-0.05557924509048462,-0.15928080677986145,-0.02018147039393625,-0.05524909496307373,-0.19535237550735474,-0.053120759159128283,-0.038540005683898926,-0.1608957052230835,-0.05082087668756685,-0.028316020965576172,-0.13239681720733643,-0.04010727706531725
R,0.0,0.0,0.0,0.056283771991729736,-0.05783236026763916,-0.03830792179411446,0.08326035737991333,-0.1362854242324829,-0.049611607399640434,0.03624838590621948,-0.20035940408706665,-0.059062151071486824,-0.015625596046447754,-0.2333323359489441,-0.0654345842272619,0.07846266031265259,-0.20734527707099915,-0.01023816393768584,0.06304651498794556,-0.2968657612800598,-0.03522445058530366,0.03983980417251587,-0.3513627052307129,-0.05476816913193261,0.01667112112045288,-0.39937160909175873,-0.06711019745176827,0.0305250883102417,-0.20503652095794678,-0.008889659141061657,0.034659743309020996,-0.29972532391548157,-0.0367812233239988,0.0371357798576355,-0.35430848598480225,-0.0548636147946695,0.036804139614105225,-0.39958804845809937,-0.06245193054979836,-0.013683497905731201,-0.1864403784275055,-0.013984479774592273,-0.027580857276916504,-0.2349252998828888,-0.062131078746972435,-0.009927034378051758,-0.18368962407112122,-0.07239817997520959,0.005602002143859863,-0.14505010843276978,-0.0632167102963308,-0.052970707416534424,-0.1594744324684143,-0.021820936185179107,-0.053820908069610596,-0.19653764367103577,-0.058970959690270774,-0.03736823797225952,-0.1600576937198639,-0.058668346908746116,-0.0257529616355896,-0.1296215057373047,-0.04851408099835908
R,0.0,0.0,0.0,0.05533015727996826,-0.05577152967453003,-0.04083789828951012,0.08082294464111328,-0.13330399990081787,-0.05252510998184334,0.03279191255569458,-0.19643723964691162,-0.061718552743741384,-0.018655359745025635,-0.23305591940879822,-0.06758665982420098,0.07711553573608398,-0.20672866702079773,-0.01022907383526217,0.062185704708099365,-0.2934340536594391,-0.03484832439357888,0.040586113929748535,-0.3464899957180023,-0.05364585984284531,0.017697811126708984,-0.39375966787338257,-0.06537561062509667,0.030331075191497803,-0.2057829201221466,-0.007634398897835126,0.03446906805038452,-0.30199748277664185,-0.03512334394986283,0.036879122257232666,-0.3547610640525818,-0.05207371655637871,0.03545159101486206,-0.3990408927202225,-0.05837880763942849,-0.013666808605194092,-0.1880645751953125,-0.011935250272699705,-0.028719723224639893,-0.23658433556556702,-0.0610812710576738,-0.010042309761047363,-0.18259960412979126,-0.07055640164549004,0.005121290683746338,-0.14379200339317322,-0.06029534656340729,-0.05421990156173706,-0.1623273491859436,-0.019107002204009405,-0.054787278175354004,-0.19910842180252075,-0.05708645600611817,-0.03788524866104126,-0.16178452968597412,-0.05638699177438866,-0.02703028917312622,-0.1324668526649475,-0.04575219694311272
R,0.0,0.0,0.0,0.055325090885162354,-0.05681931972503662,-0.039223798858188275,0.08176660537719727,-0.13745200634002686,-0.05066577096488345,0.03470247983932495,-0.2007344663143158,-0.06018171583320964,-0.01776111125946045,-0.2361167073249817,-0.06661185373570788,0.07776474952697754,-0.21282270550727844,-0.009898225153051499,0.06283962726593018,-0.30007392168045044,-0.0338008080890404,0.040562987327575684,-0.3539159297943115,-0.0522496489157902,0.018236219882965088,-0.40220150351524353,-0.0640662436654793,0.03002375364303589,-0.21240809559822083,-0.008330534519814137,0.03527003526687622,-0.30923134088516235,-0.0346233261099087,0.039139509201049805,-0.3656677007675171,-0.05132527028229106,0.03970152139663696,-0.41337575018405914,-0.05791746576335299,-0.014163613319396973,-0.19367262721061707,-0.013427458079718235,-0.02997267246246338,-0.241033136844635,-0.06000751008298266,-0.013792991638183594,-0.18901878595352173,-0.06932016958501208,0.0008811354637145996,-0.15165650844573975,-0.05978032697942126,-0.054263949394226074,-0.16572776436805725,-0.02155730438437331,-0.05665713548660278,-0.19889947772026062,-0.057607245939038876,-0.04132115840911865,-0.16264760494232178,-0.05736163382437098,-0.029491841793060303,-0.13519072532653809,-0.047627394395135525
R,0.0,0.0,0.0,0.11044687032699585,-0.07143115997314453,-0.12873467488248025,0.12879148125648499,-0.24584436416625977,-0.13954242749173318,0.012345552444458008,-0.3456721901893616,-0.12729614658314858,-0.09585161507129669,-0.3904910087585449,-0.10224052203852807,0.14868232607841492,-0.38760554790496826,-0.050972186606713876,0.1189517080783844,-0.551525354385376,-0.09849638177115594,0.08451518416404724,-0.6642597615718842,-0.12776323838193093,0.05073589086532593,-0.7589187324047089,-0.14381517155129586,0.06306236982345581,-0.3824266791343689,-0.026461953875013933,0.08084693551063538,-0.5867860317230225,-0.07649358047206078,0.08876064419746399,-0.7006504535675049,-0.10238516761023675,0.08811649680137634,-0.7960271537303925,-0.1041787831302372,-0.02376560866832733,-0.34369492530822754,-0.02241740992326413,-0.07560817897319794,-0.4488917887210846,-0.14875518960911904,-0.03569301962852478,-0.31403547525405884,-0.17758844478089486,-0.008352875709533691,-0.24064087867736816,-0.1498071817870823,-0.10508331656455994,-0.2775647044181824,-0.026103491541334733,-0.12100698053836823,-0.35873252153396606,-0.13586856110055123,-0.07303181290626526,-0.263374388217926,-0.1453971682306019,-0.05634064972400665,-0.19471698999404907,-0.12323330773074304
R,0.0,0.0,0.0,0.0569576621055603,-0.0643383264541626,-0.03909255214063023,0.07994383573532104,-0.14470535516738892,-0.047945693359054076,0.03676581382751465,-0.20948895812034607,-0.05484096728292798,-0.01382756233215332,-0.24825772643089294,-0.05863329790560101,0.08040821552276611,-0.22043800354003906,-0.002328777211062061,0.06572753190994263,-0.3068313002586365,-0.022925136834658133,0.0456734299659729,-0.3605571687221527,-0.03992198430029248,0.02472376823425293,-0.4072718322277069,-0.05045165888992642,0.03473854064941406,-0.21952170133590698,0.00028874705634507336,0.036137521266937256,-0.31798726320266724,-0.0231120774897704,0.035750746726989746,-0.37531787157058716,-0.03907590009299611,0.03151577711105347,-0.4195237457752228,-0.04508563526002263,-0.009290695190429688,-0.2006046175956726,-0.004432194624371277,-0.02950054407119751,-0.250232994556427,-0.051878154501594054,-0.013326764106750488,-0.19700098037719727,-0.06501013435450886,0.001904308795928955,-0.15592455863952637,-0.05713738895980214,-0.049814045429229736,-0.17349964380264282,-0.011891323365546214,-0.05404764413833618,-0.2106861174106598,-0.05017305932966565,-0.0382876992225647,-0.17306768894195557,-0.053241368606961714,-0.025683879852294922,-0.14132052659988403,-0.04532003425089215
R,0.0,0.0,0.0,0.10875412821769714,-0.061951279640197754,-0.12097203163239101,0.1351720094680786,-0.226282000541687,-0.1359123158249531,0.030364006757736206,-0.33502376079559326,-0.1302232163939152,-0.07826298475265503,-0.38730302453041077,-0.11213378784987071,0.1497078239917755,-0.37487271428108215,-0.05262495009037593,0.12359243631362915,-0.5396965146064758,-0.10563410250279048,0.08916690945625305,-0.6475775241851807,-0.1389706301483784,0.052491992712020874,-0.7402679026126862,-0.15790331540438274,0.06363511085510254,-0.37278425693511963,-0.030714386979070696,0.07590049505233765,-0.5735417008399963,-0.08826479492518047,0.088470458984375,-0.6844245195388794,-0.11703366217943767,0.09345829486846924,-0.7842260003089905,-0.12081382600399593,-0.022384613752365112,-0.3364863991737366,-0.027514880428043398,-0.07135149836540222,-0.4341971278190613,-0.15312658427092174,-0.02928522229194641,-0.30172884464263916,-0.17569892285200694,0.0002461075782775879,-0.23021060228347778,-0.14546182928415874,-0.10258187353610992,-0.27559417486190796,-0.031626621166196855,-0.1191498190164566,-0.3433524966239929,-0.14101660428377727,-0.07394364476203918,-0.24816888570785522,-0.1475853490624104,-0.05692178010940552,-0.18349504470825195,-0.12323094336124996
R,0.0,0.0,0.0,0.10603371262550354,-0.07191962003707886,-0.11729632175445204,0.1287904679775238,-0.23202276229858398,-0.1357891172814334,0.023057907819747925,-0.3338173031806946,-0.13574894375085478,-0.07972879707813263,-0.3893260359764099,-0.12329638606786375,0.13990023732185364,-0.38416603207588196,-0.05000873139977102,0.11058053374290466,-0.5503858923912048,-0.09834889179944639,0.07454743981361389,-0.6608590483665466,-0.12855776256799345,0.03662708401679993,-0.7541915774345398,-0.14430675513028746,0.057407230138778687,-0.37978556752204895,-0.032249769632812786,0.07607296109199524,-0.5825733542442322,-0.08163497454404478,0.08706033229827881,-0.6935138702392578,-0.10510542101144438,0.08931735157966614,-0.7842667698860168,-0.10569555914878492,-0.027046412229537964,-0.3419586420059204,-0.03342723331331854,-0.07946212589740753,-0.44615697860717773,-0.15219461030244474,-0.04657819867134094,-0.31448596715927124,-0.17688575989484434,-0.0175936222076416,-0.23576879501342773,-0.14886677867650633,-0.10628975927829742,-0.2768840789794922,-0.04189842051744108,-0.12237745523452759,-0.3595098853111267,-0.14056818789720182,-0.08370569348335266,-0.2662845849990845,-0.14393787688493376,-0.06702302396297455,-0.19482719898223877,-0.11923754072665815
R,0.0,0.0,0.0,0.10380727052688599,-0.07768809795379639,-0.13183472054333834,0.12679153680801392,-0.2394741177558899,-0.1478061427387729,0.018407851457595825,-0.34043508768081665,-0.14053324358792452,-0.08200035989284515,-0.3916630744934082,-0.12072975682349352,0.15030831098556519,-0.3789401054382324,-0.0547876109394565,0.12157118320465088,-0.5432584285736084,-0.10280639427037386,0.08721446990966797,-0.6552053391933441,-0.13281271355481294,0.05561992526054382,-0.7503632605075836,-0.1480730672392383,0.06672140955924988,-0.37344223260879517,-0.02624566043050436,0.08343681693077087,-0.5739420056343079,-0.07526691006751207,0.08925265073776245,-0.6885112226009369,-0.09939007954926637,0.09272843599319458,-0.7821743190288544,-0.09978521364064363,-0.01760450005531311,-0.33702951669692993,-0.018096120378686464,-0.06937341392040253,-0.4397110342979431,-0.14134409027428774,-0.03735962510108948,-0.3079036474227905,-0.169061680606319,-0.009129881858825684,-0.23255878686904907,-0.14092118041844515,-0.09530311822891235,-0.27501314878463745,-0.017763580477549112,-0.12060660123825073,-0.35636335611343384,-0.12167902784676699,-0.07983922958374023,-0.2637041211128235,-0.12777418392033724,-0.05966988205909729,-0.19284403324127197,-0.1035779614958301
R,0.0,0.0,0.0,0.10476088523864746,-0.07356464862823486,-0.11123505103432763,0.12618094682693481,-0.23350632190704346,-0.13095901775204766,0.017874091863632202,-0.3340299129486084,-0.1348937140687667,-0.08415921032428741,-0.3967020511627197,-0.12811361121976006,0.13666298985481262,-0.37675273418426514,-0.045624586372014164,0.10968095064163208,-0.5370017290115356,-0.09377505498969185,0.0747624933719635,-0.6464124619960785,-0.12431491035067666,0.03891769051551819,-0.7399201691150665,-0.14108288156830895,0.05282452702522278,-0.37209993600845337,-0.030336833177443623,0.07160183787345886,-0.5639232993125916,-0.083839519499179,0.08321082592010498,-0.6734393537044525,-0.11115346717679131,0.08512672781944275,-0.7658202648162842,-0.11502136158787835,-0.03159138560295105,-0.33434420824050903,-0.03257511424862969,-0.08303914964199066,-0.4381224811077118,-0.15386547016942131,-0.0468582808971405,-0.3068673014640808,-0.17674870657765496,-0.018221944570541382,-0.22600889205932617,-0.14796419310414421,-0.112002894282341,-0.27081888914108276,-0.04127571973049271,-0.1256793588399887,-0.3564244508743286,-0.14243648814999688,-0.08568857610225677,-0.2628509998321533,-0.14558671283566582,-0.06858408451080322,-0.1904672384262085,-0.12067462372624504
R,0.0,0.0,0.0,0.10796475410461426,-0.07545840740203857,-0.12143577741073841,0.1272779107093811,-0.23691850900650024,-0.13420695917295689,0.023924648761749268,-0.3357697129249573,-0.12674350397276157,-0.07921400666236877,-0.3942744731903076,-0.1070813994257378,0.1397915482521057,-0.38553857803344727,-0.0440889942793774,0.11280432343482971,-0.5411772727966309,-0.08849819855379337,0.07827404141426086,-0.6481194198131561,-0.11684623466419453,0.04471951723098755,-0.7385310530662537,-0.13258274750398868,0.056822270154953,-0.3767738938331604,-0.022181405812375488,0.07124859094619751,-0.5681700110435486,-0.06749895320820087,0.08258000016212463,-0.6763018071651459,-0.08979227499651188,0.08705800771713257,-0.7656351625919342,-0.09099746601270908,-0.02676159143447876,-0.3350270390510559,-0.02075058700131649,-0.07302078604698181,-0.43371713161468506,-0.14119166986631626,-0.034688085317611694,-0.30446386337280273,-0.17002112524198765,-0.006860613822937012,-0.23281842470169067,-0.14542131976770634,-0.10435231029987335,-0.2694905996322632,-0.026656984478108825,-0.1205383837223053,-0.35047364234924316,-0.1324170167891907,-0.07925465703010559,-0.2587517499923706,-0.1434501196591782,-0.06352406740188599,-0.19142812490463257,-0.12452387170480961
R,0.0,0.0,0.0,0.10610246658325195,-0.06868183612823486,-0.11324212132115008,0.1265379786491394,-0.23296481370925903,-0.12500750450510623,0.02321752905845642,-0.3355565071105957,-0.11781820086855532,-0.0801214873790741,-0.39500904083251953,-0.0992393436850989,0.1404731273651123,-0.37329232692718506,-0.04382390333432795,0.11365070939064026,-0.5304050743579865,-0.09188639549631716,0.0801217257976532,-0.6364777088165283,-0.12115961490292193,0.045859336853027344,-0.7278772592544556,-0.13691220609564425,0.05618053674697876,-0.3694782853126526,-0.025661943388172404,0.0704091489315033,-0.5660858154296875,-0.0762508827270949,0.08361798524856567,-0.6702829897403717,-0.09983214167971255,0.08882352709770203,-0.758739709854126,-0.10011084554810168,-0.026054561138153076,-0.3317791819572449,-0.02597485100943686,-0.07290351390838623,-0.42602625489234924,-0.14649310140032412,-0.033807724714279175,-0.29499900341033936,-0.16868684617895724,-0.0063323974609375,-0.22524476051330566,-0.13920111386198641,-0.10197141766548157,-0.269245445728302,-0.03289453862328173,-0.11939035356044769,-0.34124594926834106,-0.13506154148001315,-0.07785400748252869,-0.24614745378494263,-0.13842783300299288,-0.06331178545951843,-0.18117696046829224,-0.11351104257721545
R,0.0,0.0,0.0,0.10898253321647644,-0.07440972328186035,-0.09961192000025676,0.12494370341300964,-0.22655808925628662,-0.11085407871121333,0.01779302954673767,-0.3248974084854126,-0.1080339445483105,-0.0775483250617981,-0.377508282661438,-0.09526848483199046,0.1319383680820465,-0.36414921283721924,-0.03088980044537948,0.10947427153587341,-0.51810622215271,-0.07237408745402263,0.07771718502044678,-0.6221683025360107,-0.09907769101971553,0.04501858353614807,-0.7087894082069397,-0.11312587249392436,0.0520327091217041,-0.3580324649810791,-0.01750045146161483,0.0685417652130127,-0.5462027192115784,-0.06269466567152904,0.0792756974697113,-0.6515511274337769,-0.08561510282868312,0.0838518738746643,-0.7360683679580688,-0.08704576331490443,-0.026603609323501587,-0.3204895853996277,-0.021226999045552475,-0.07613658905029297,-0.41679564118385315,-0.13088470387572215,-0.0446966290473938,-0.29912877082824707,-0.1544015078555958,-0.017713695764541626,-0.22621703147888184,-0.12886976885909007,-0.10035094618797302,-0.25838470458984375,-0.030775873617471916,-0.11838787794113159,-0.3441576361656189,-0.12035613197201656,-0.08324560523033142,-0.25871044397354126,-0.12226803290957378,-0.065453439950943,-0.18896275758743286,-0.09892527449244426
R,0.0,0.0,0.0,0.1043688952922821,-0.0697634220123291,-0.09657982897306283,0.12723693251609802,-0.2233453392982483,-0.1140039802744468,0.022960364818572998,-0.32587963342666626,-0.11840228896880944,-0.07599082589149475,-0.38597506284713745,-0.11289216738487085,0.13581541180610657,-0.36145883798599243,-0.0359673925891002,0.10996350646018982,-0.5162642002105713,-0.0821460725023826,0.07696118950843811,-0.6219311952590942,-0.11213300537610849,0.04013296961784363,-0.7114973366260529,-0.1287725285842498,0.05233243107795715,-0.35603809356689453,-0.02632790405596097,0.06720048189163208,-0.5484070181846619,-0.07693352710748513,0.08228898048400879,-0.6519817113876343,-0.10159234863067468,0.08701920509338379,-0.7389048635959625,-0.10385899406219323,-0.028502285480499268,-0.31959038972854614,-0.03260783639098008,-0.07313668727874756,-0.4163282811641693,-0.14417523306156,-0.037618815898895264,-0.29575276374816895,-0.16326061051631768,-0.01168176531791687,-0.22250276803970337,-0.13517901461864312,-0.10430708527565002,-0.25981688499450684,-0.04459300052667459,-0.11392256617546082,-0.33762502670288086,-0.13456694942260583,-0.07618463039398193,-0.24947816133499146,-0.13305646341586908,-0.06022796034812927,-0.1840541958808899,-0.10729335408950647
R,0.0,0.0,0.0,0.10455584526062012,-0.08613884449005127,-0.09572263487893906,0.1232881247997284,-0.23739969730377197,-0.1053588432939705,0.01912519335746765,-0.3399540185928345,-0.10015286931115952,-0.0724458396434784,-0.39372384548187256,-0.08432902076560822,0.1397952139377594,-0.35634082555770874,-0.028021710527127652,0.11752331256866455,-0.5136235952377319,-0.06823767402488556,0.08338996767997742,-0.6197971999645233,-0.09763076582271424,0.049515485763549805,-0.7103495001792908,-0.1146398154767212,0.05777233839035034,-0.35488611459732056,-0.015692456227725415,0.0757097601890564,-0.5444947183132172,-0.05217048579174843,0.08868125081062317,-0.650892823934555,-0.0738002551468071,0.09444329142570496,-0.7369247376918793,-0.07759418019372788,-0.02349075675010681,-0.32012391090393066,-0.020097541225140958,-0.06902307271957397,-0.4246940016746521,-0.12013979682046738,-0.03838589787483215,-0.30980223417282104,-0.1457437915476021,-0.013214915990829468,-0.23628807067871094,-0.12506865390855637,-0.09754553437232971,-0.25794607400894165,-0.03055184201616612,-0.10784724354743958,-0.3416582942008972,-0.11726579495984879,-0.06994038820266724,-0.2580704092979431,-0.12188405969459382,-0.054294317960739136,-0.18780583143234253,-0.10169045307952729
R,0.0,0.0,0.0,0.10992816090583801,-0.04695993661880493,-0.13921648665018438,0.14336395263671875,-0.20473062992095947,-0.16163804038114904,0.03183954954147339,-0.30845582485198975,-0.15923656924314855,-0.0745546966791153,-0.3695896565914154,-0.14365101261682867,0.16363978385925293,-0.37060198187828064,-0.06872238619871496,0.14388597011566162,-0.5400212407112122,-0.1259039829546964,0.11279350519180298,-0.6555422842502594,-0.16139442129679082,0.07885751128196716,-0.7531128525733948,-0.17978604538984655,0.0755980908870697,-0.37051087617874146,-0.04250150947518705,0.10354113578796387,-0.5831601917743683,-0.10282386495418905,0.11760902404785156,-0.7031334936618805,-0.13484557374067663,0.12286695837974548,-0.8083199262619019,-0.13773459597177862,-0.010273605585098267,-0.33554428815841675,-0.03651884971804975,-0.06371660530567169,-0.42703115940093994,-0.17192292614527105,-0.024974465370178223,-0.2900286912918091,-0.20147972209997533,0.006247729063034058,-0.21870744228363037,-0.1709150265032804,-0.09149564802646637,-0.27323609590530396,-0.03851746051259397,-0.11403036117553711,-0.3411896228790283,-0.15560543938227056,-0.06842716038227081,-0.23633503913879395,-0.1621748547131574,-0.05082002282142639,-0.1664157509803772,-0.1341328661019361
R,0.0,0.0,0.0,0.10609880089759827,-0.07142210006713867,-0.1088090455936026,0.1268535852432251,-0.23284035921096802,-0.11815357122884507,0.02094671130180359,-0.3390229344367981,-0.10884193990693802,-0.0780770480632782,-0.3933640718460083,-0.08736272815929169,0.1397213339805603,-0.36104774475097656,-0.035129728804690785,0.11498880386352539,-0.5139981508255005,-0.07690345410571808,0.08191722631454468,-0.6162029802799225,-0.10549587671027894,0.04597628116607666,-0.703871101140976,-0.12215047989354844,0.05941838026046753,-0.3552871346473694,-0.016627450551254697,0.07360631227493286,-0.5421673357486725,-0.05802201394305939,0.08847382664680481,-0.6403881311416626,-0.07995150897966141,0.09361779689788818,-0.7259198725223541,-0.0825588545607161,-0.020429641008377075,-0.3195912837982178,-0.016632608215672917,-0.06625300645828247,-0.42110109329223633,-0.12569454226957077,-0.02781069278717041,-0.2984660863876343,-0.1505462071703505,-0.0007162690162658691,-0.23142069578170776,-0.1273991009996962,-0.09446388483047485,-0.2597616910934448,-0.023264971639378018,-0.10743135213851929,-0.34184497594833374,-0.11592822436557526,-0.06795552372932434,-0.2529618740081787,-0.12062943641410584,-0.0540429949760437,-0.18794411420822144,-0.10010906223521943
R,0.0,0.0,0.0,0.10630172491073608,-0.08313965797424316,-0.11605500389566714,0.1240273118019104,-0.23825764656066895,-0.12819692452183062,0.020250022411346436,-0.3406260013580322,-0.12104818929662997,-0.07866847515106201,-0.3979465365409851,-0.1021199445866614,0.13808506727218628,-0.3651650547981262,-0.036942243173029965,0.11112213134765625,-0.5252121090888977,-0.07568207342853839,0.07986515760421753,-0.6289494186639786,-0.10049676854839618,0.05332973599433899,-0.716887354850769,-0.11339166720142657,0.05890512466430664,-0.35875529050827026,-0.01191010378977353,0.07173579931259155,-0.5404631197452545,-0.05138637457719142,0.08013013005256653,-0.6423877477645874,-0.07168377895584399,0.08612483739852905,-0.7200036644935608,-0.07305423130026156,-0.02080288529396057,-0.32268983125686646,-0.0063192253627448736,-0.06863832473754883,-0.422648549079895,-0.1142494748972922,-0.04086393117904663,-0.30406904220581055,-0.1414980586313277,-0.01621803641319275,-0.23418939113616943,-0.11976005841722781,-0.09408241510391235,-0.2654348611831665,-0.007739547702726668,-0.11356598138809204,-0.34896141290664673,-0.10142739076843554,-0.07933962345123291,-0.26107800006866455,-0.11027640063991839,-0.06378510594367981,-0.19147205352783203,-0.09209439863195712
R,0.0,0.0,0.0,0.10145735740661621,-0.08472681045532227,-0.11086512038275487,0.12335780262947083,-0.23891353607177734,-0.11837955245539433,0.02012932300567627,-0.34467893838882446,-0.10697834620043523,-0.07657340168952942,-0.39965909719467163,-0.08333751985594517,0.1400720179080963,-0.3635842502117157,-0.02733828367456681,0.1157616674900055,-0.5198772251605988,-0.06473057398363835,0.08583521842956543,-0.6196193546056747,-0.09119653383061177,0.05809277296066284,-0.7058206498622894,-0.10587500462099797,0.06043750047683716,-0.3570275604724884,-0.004723431149272983,0.06895756721496582,-0.5416299998760223,-0.04072501936718709,0.08377334475517273,-0.6360705494880676,-0.06168516779109723,0.09378474950790405,-0.7151492536067963,-0.06421132812067754,-0.0174863338470459,-0.3202540874481201,-0.0012652279834810543,-0.06254848837852478,-0.4217183589935303,-0.10519370863005406,-0.029983311891555786,-0.30492639541625977,-0.13325167873665578,-0.005094766616821289,-0.23958063125610352,-0.11303273269697911,-0.08820357918739319,-0.2610815167427063,-0.0045310613492119955,-0.10634928941726685,-0.34817057847976685,-0.09401539394423253,-0.07074862718582153,-0.26159441471099854,-0.10069884786173589,-0.05745545029640198,-0.19247448444366455,-0.08171961882874257
R,0.0,0.0,0.0,0.09814533591270447,-0.08680248260498047,-0.11717828207906678,0.12146544456481934,-0.23865681886672974,-0.1296119525402446,0.025803983211517334,-0.34341537952423096,-0.12196616673168137,-0.07276996970176697,-0.40770596265792847,-0.1024898126095195,0.13479864597320557,-0.378074586391449,-0.033379966703023456,0.11103492975234985,-0.5320245623588562,-0.06849834912713959,0.0853748619556427,-0.6299989968538284,-0.09246861779388382,0.06301560997962952,-0.7147844731807709,-0.10540113442834809,0.057056158781051636,-0.3735077381134033,-0.006320931792970441,0.0644797682762146,-0.5495598018169403,-0.04111455598172142,0.07325884699821472,-0.6447682678699493,-0.06101345860656693,0.07963186502456665,-0.7190343141555786,-0.0629424288242717,-0.019511520862579346,-0.3366965055465698,0.0011883725339885132,-0.06069248914718628,-0.43011781573295593,-0.100662408706512,-0.033976346254348755,-0.3161464333534241,-0.1307032986849208,-0.012491554021835327,-0.25095635652542114,-0.11297749572690918,-0.08848029375076294,-0.27988600730895996,0.001547331611845948,-0.10533875226974487,-0.356876015663147,-0.08905713849958374,-0.07329466938972473,-0.27278268337249756,-0.10149696314033463,-0.05867612361907959,-0.20784008502960205,-0.08677995794710114
R,0.0,0.0,0.0,0.10366708040237427,-0.08356356620788574,-0.10815567499128065,0.12433880567550659,-0.233178973197937,-0.11648048436370573,0.021134108304977417,-0.3315292298793793,-0.10692486887899122,-0.07451382279396057,-0.3866530954837799,-0.08586880540576658,0.14273005723953247,-0.35219547152519226,-0.03003977773812494,0.11732083559036255,-0.5080421566963196,-0.06748383468118391,0.08631846308708191,-0.6080845445394516,-0.09257183199849806,0.0584566593170166,-0.6927286386489868,-0.10560154145684919,0.0681115984916687,-0.350266695022583,-0.008236586806447121,0.08446350693702698,-0.5321909189224243,-0.044912896809250924,0.09105944633483887,-0.6351892948150635,-0.06620998656478605,0.09416159987449646,-0.7167533338069916,-0.06861492222276411,-0.007602035999298096,-0.3203338384628296,-0.005233605616808745,-0.05871281027793884,-0.4206816256046295,-0.1085171548101016,-0.03568148612976074,-0.3076987862586975,-0.1390243244740077,-0.012194961309432983,-0.24059903621673584,-0.1203611192676135,-0.07903659343719482,-0.26955604553222656,-0.008770287727088544,-0.1010408103466034,-0.3540397882461548,-0.09787943935123167,-0.07089889049530029,-0.27173763513565063,-0.10809259837594709,-0.057151585817337036,-0.20529019832611084,-0.09176717674461088
R,0.0,0.0,0.0,0.0999605655670166,-0.08830046653747559,-0.12000626365295375,0.11710083484649658,-0.23160254955291748,-0.12883568594804728,0.012197732925415039,-0.32490450143814087,-0.11612182150236094,-0.08488911390304565,-0.37723296880722046,-0.08997219840637172,0.14078515768051147,-0.34598055481910706,-0.026591960737619047,0.1129995584487915,-0.4919780194759369,-0.06459143797508204,0.07736775279045105,-0.5927396863698959,-0.09351291547170604,0.04251813888549805,-0.6774073243141174,-0.11005896369567836,0.06569543480873108,-0.33857208490371704,0.0041856016720203115,0.07675513625144958,-0.5125893354415894,-0.03365626598349536,0.08438378572463989,-0.6149908602237701,-0.05876090044728244,0.08472070097923279,-0.6993776559829712,-0.06445801297775233,-0.01324203610420227,-0.30651867389678955,0.01363932115384614,-0.06756755709648132,-0.4037356376647949,-0.09263724873414958,-0.0367160439491272,-0.2906643748283386,-0.1298383701836201,-0.008807778358459473,-0.22405624389648438,-0.11492557118288005,-0.08663171529769897,-0.257060706615448,0.015552338747170324,-0.10554581880569458,-0.3285171389579773,-0.0784695375954243,-0.070627361536026,-0.2476404905319214,-0.09850859681716884,-0.052270352840423584,-0.1856377124786377,-0.08901429961076701
R,0.0,0.0,0.0,0.09284171462059021,-0.08024787902832031,-0.11227154915468418,0.11706796288490295,-0.2302185297012329,-0.11988279407160007,0.01837998628616333,-0.3287056088447571,-0.107789793957636,-0.07260003685951233,-0.38748419284820557,-0.0828728992237302,0.14511945843696594,-0.3490612804889679,-0.02760026601390564,0.12058749794960022,-0.49789977073669434,-0.06331601922647678,0.08801111578941345,-0.5984132885932922,-0.08690120463506901,0.055490702390670776,-0.6836878061294556,-0.09938439910547459,0.06887522339820862,-0.3461938500404358,-0.0023062105501594488,0.08619624376296997,-0.5202488899230957,-0.04021437277333462,0.09459510445594788,-0.6186618804931641,-0.061042504359647864,0.09591987729072571,-0.7015195786952972,-0.062357785154745216,-0.009145259857177734,-0.31661272048950195,0.0036198350389895495,-0.06328210234642029,-0.41354095935821533,-0.10406750624315464,-0.034896671772003174,-0.29481661319732666,-0.13424966668026173,-0.009679168462753296,-0.2250075340270996,-0.11346188371317112,-0.08130630850791931,-0.2656078338623047,0.0028951112435606774,-0.1022859513759613,-0.3442726135253906,-0.09185043161050999,-0.06961792707443237,-0.2577640414237976,-0.10442596112625324,-0.05486133694648743,-0.19060593843460083,-0.08825265799896442
R,0.0,0.0,0.0,0.08979436755180359,-0.08156341314315796,-0.1188239201911756,0.10888466238975525,-0.22509819269180298,-0.1360300451525518,0.013011395931243896,-0.3234459161758423,-0.13376335501754966,-0.08007973432540894,-0.38926559686660767,-0.11979242116296973,0.1379358470439911,-0.35063716769218445,-0.04011466056192603,0.11257025599479675,-0.49682244658470154,-0.08304287940347876,0.08055248856544495,-0.5960114300251007,-0.11323117911899772,0.05032244324684143,-0.6802580952644348,-0.13051259219730582,0.061127424240112305,-0.34561094641685486,-0.012805463560766839,0.07352122664451599,-0.5145857334136963,-0.06024916917169776,0.08085492253303528,-0.6148176491260529,-0.08781579583967414,0.08283191919326782,-0.697347491979599,-0.09417047798717704,-0.017453402280807495,-0.3127594292163849,-0.0048005653553673255,-0.06851008534431458,-0.40930965542793274,-0.1164399281152555,-0.04175683856010437,-0.2948486804962158,-0.14783702492798056,-0.01572379469871521,-0.22397541999816895,-0.12887526750648703,-0.08967217803001404,-0.2615959048271179,-0.003998691496349238,-0.10906854271888733,-0.33921167254447937,-0.10254904329860892,-0.07884171605110168,-0.2562841773033142,-0.11818242520178046,-0.06259468197822571,-0.19147610664367676,-0.10437752753580298
R,0.0,0.0,0.0,0.09003373980522156,-0.08369237184524536,-0.10951769444875481,0.10892954468727112,-0.225563645362854,-0.12356107774905922,0.01113012433052063,-0.3233499228954315,-0.12073478195600273,-0.08350923657417297,-0.38184091448783875,-0.10715653095178368,0.1358245313167572,-0.34636083245277405,-0.028780234044120334,0.11027112603187561,-0.4925270080566406,-0.06805942300491097,0.07666447758674622,-0.58971206843853,-0.09571275952987435,0.044697344303131104,-0.6741127967834473,-0.1112695718162513,0.060212284326553345,-0.34331071376800537,-0.004372977649495624,0.07598868012428284,-0.5136420726776123,-0.04934610891871216,0.08348152041435242,-0.6129127740859985,-0.07592675182752373,0.08693072199821472,-0.6945096552371979,-0.08133024070195916,-0.015585273504257202,-0.3113526701927185,0.001896415722853817,-0.06778788566589355,-0.4080950617790222,-0.10640107188157799,-0.04390189051628113,-0.29642242193222046,-0.13621927145652535,-0.018698960542678833,-0.22343677282333374,-0.11625310126476052,-0.08481135964393616,-0.2608034610748291,0.0018587602556863203,-0.10860186815261841,-0.33904555439949036,-0.09200365189246895,-0.07839503884315491,-0.2583022117614746,-0.10380408260755303,-0.05942493677139282,-0.19120007753372192,-0.0872701639287925
R,0.0,0.0,0.0,0.08881610631942749,-0.08277595043182373,-0.11175147922654105,0.10804855823516846,-0.219760000705719,-0.12946209790129615,0.011982440948486328,-0.318729966878891,-0.1297770488442893,-0.07833606004714966,-0.3834490478038788,-0.11967632653136206,0.1392573118209839,-0.3359413743019104,-0.03922604503054572,0.11451917886734009,-0.4836435914039612,-0.08284982772488547,0.08294296264648438,-0.5823522210121155,-0.11243918271679831,0.05428403615951538,-0.6670887768268585,-0.12894379081149054,0.06506982445716858,-0.3357192873954773,-0.01326429111827565,0.07703930139541626,-0.502689003944397,-0.0630641925515647,0.08068621158599854,-0.6028578579425812,-0.09151448043007804,0.08301255106925964,-0.6857106983661652,-0.09826808901448203,-0.01025274395942688,-0.3081604838371277,-0.005006214733612069,-0.06753087043762207,-0.39856386184692383,-0.11344488443751288,-0.04452794790267944,-0.2895943522453308,-0.142943014520597,-0.016277045011520386,-0.2185511589050293,-0.1239252063812728,-0.08064907789230347,-0.26334553956985474,-0.0033658290183211648,-0.10751914978027344,-0.33423250913619995,-0.09702279897351218,-0.08028680086135864,-0.2526552677154541,-0.11035954685826255,-0.06022953987121582,-0.18862873315811157,-0.09560681613106681
R,0.0,0.0,0.0,0.0849667489528656,-0.08132314682006836,-0.11690751243077102,0.10872572660446167,-0.21616417169570923,-0.12782539952240768,0.015181243419647217,-0.3147404193878174,-0.11830838549576583,-0.07366937398910522,-0.3751828670501709,-0.0966920979662973,0.14328384399414062,-0.3330242335796356,-0.027252165262325434,0.11615651845932007,-0.4793679714202881,-0.06454294699869934,0.08222907781600952,-0.5769745856523514,-0.09105105478010955,0.05169472098350525,-0.6616930663585663,-0.10497749376736465,0.06970494985580444,-0.3335098326206207,0.0041477064260107,0.08582153916358948,-0.5010123252868652,-0.035799702291114954,0.08874160051345825,-0.5989439189434052,-0.06044628623567405,0.08954095840454102,-0.6785605847835541,-0.06406352448902908,-0.0060700178146362305,-0.30819350481033325,0.015885163436905714,-0.061252593994140625,-0.39675796031951904,-0.089190324430092,-0.041336655616760254,-0.283399760723114,-0.12180601585350814,-0.015284717082977295,-0.21450281143188477,-0.10327958095513168,-0.07433491945266724,-0.26458144187927246,0.02069856819070992,-0.10325878858566284,-0.3371240496635437,-0.07009031403504196,-0.07742363214492798,-0.2519083619117737,-0.08319462615691009,-0.05847474932670593,-0.18563121557235718,-0.06760345924340072
R,0.0,0.0,0.0,0.08532029390335083,-0.08642971515655518,-0.11998754262583589,0.10982280969619751,-0.22828519344329834,-0.1314056840504918,0.01456308364868164,-0.32468804717063904,-0.12071445107119416,-0.07648730278015137,-0.3801394999027252,-0.09734028845684861,0.14450126886367798,-0.3356935977935791,-0.03705513372676705,0.11758345365524292,-0.4825424551963806,-0.07517756044524049,0.08657896518707275,-0.5808659493923187,-0.10060537874358033,0.06066355109214783,-0.6665242910385132,-0.11381728469984864,0.07008412480354309,-0.3346046805381775,-0.004601003486982336,0.0790991485118866,-0.5007448792457581,-0.044587257203033914,0.08290952444076538,-0.5982567369937897,-0.06794689118521546,0.087230384349823,-0.678653210401535,-0.07135755091564988,-0.005601108074188232,-0.30843880772590637,0.008511274236866484,-0.06123208999633789,-0.3920246958732605,-0.09685720026152467,-0.03721246123313904,-0.28079867362976074,-0.13021420210259294,-0.009046733379364014,-0.2132788896560669,-0.11264618754046296,-0.07304584980010986,-0.26573675870895386,0.014432317692467223,-0.10272461175918579,-0.3311185836791992,-0.07815112441437577,-0.07237580418586731,-0.25185948610305786,-0.09448999434368943,-0.052571892738342285,-0.19041526317596436,-0.08156941353934144
R,0.0,0.0,0.0,0.08532875776290894,-0.08239865303039551,-0.11327665438398071,0.11432534456253052,-0.21746379137039185,-0.12252436717494675,0.02107560634613037,-0.31357574462890625,-0.11084058274968811,-0.06584686040878296,-0.3675159215927124,-0.08699537207826324,0.1508963704109192,-0.3209994435310364,-0.032624789974533996,0.1277211308479309,-0.46637463569641113,-0.06932866712554642,0.09467101097106934,-0.5640472024679184,-0.09440352906926819,0.06428840756416321,-0.6477013230323792,-0.10732296993478485,0.07754379510879517,-0.3252536356449127,-0.0012307953973049734,0.09080320596694946,-0.48928865790367126,-0.03826225315674492,0.09570252895355225,-0.5878764688968658,-0.06089628254517265,0.10069769620895386,-0.6712954640388489,-0.06412239511951157,0.002315044403076172,-0.30492502450942993,0.01144769927964262,-0.0502590537071228,-0.38908815383911133,-0.08616002788289734,-0.029846131801605225,-0.28299492597579956,-0.11955578019365021,-0.0032223761081695557,-0.2185261845588684,-0.10398446907743164,-0.06356999278068542,-0.2674417793750763,0.01724665472761444,-0.09105390310287476,-0.32934191823005676,-0.06797327240451523,-0.06462371349334717,-0.2521805167198181,-0.0835230215404863,-0.04593050479888916,-0.1924896240234375,-0.07109377672418304
R,0.0,0.0,0.0,0.07786577939987183,-0.08852183818817139,-0.11082063592323266,0.1028624176979065,-0.22077172994613647,-0.12316994346031152,0.012456238269805908,-0.3184116780757904,-0.11699858284839593,-0.07308870553970337,-0.37513741850852966,-0.09957023687013589,0.14462494850158691,-0.3220420777797699,-0.029348922663416488,0.12009137868881226,-0.4724976420402527,-0.06418670690902673,0.09055405855178833,-0.5705351680517197,-0.08802161342748605,0.06571587920188904,-0.6552143692970276,-0.09955880022891961,0.07396066188812256,-0.3232720196247101,0.001098848061587887,0.0895395278930664,-0.4888012409210205,-0.03602686873921357,0.09174543619155884,-0.5868110358715057,-0.05874806992062531,0.09417110681533813,-0.6651015281677246,-0.06183500192412339,0.001438528299331665,-0.3019897937774658,0.013643081529949086,-0.04969194531440735,-0.3890618681907654,-0.08163866377719842,-0.03580206632614136,-0.28599101305007935,-0.11103305942663155,-0.013400733470916748,-0.2196868658065796,-0.09309038496860467,-0.06499826908111572,-0.26590660214424133,0.01951706246188678,-0.09296923875808716,-0.34226614236831665,-0.05792694143303834,-0.0699005126953125,-0.2665158212184906,-0.0656516028130909,-0.05220842361450195,-0.20404493808746338,-0.04879222414740525
R,0.0,0.0,0.0,0.08361479640007019,-0.08402109146118164,-0.10897681580581775,0.11028262972831726,-0.21267640590667725,-0.12115147428312412,0.01706942915916443,-0.3068443238735199,-0.1151572437743198,-0.06903037428855896,-0.3629296123981476,-0.09780128763713947,0.14882943034172058,-0.31788042187690735,-0.02652604596414676,0.12466564774513245,-0.46252554655075073,-0.06097398044266811,0.09378889203071594,-0.5598614066839218,-0.08490270839729419,0.06628736853599548,-0.6429668068885803,-0.0970009537199985,0.0771876871585846,-0.31979110836982727,0.0022669504610348667,0.09247925877571106,-0.4806740880012512,-0.03470470847287288,0.0971963107585907,-0.5788502991199493,-0.05707132907309642,0.09938892722129822,-0.6579618155956268,-0.06022839711704364,0.002057194709777832,-0.2999681532382965,0.012703423409675452,-0.04796835780143738,-0.38851386308670044,-0.08460268841781726,-0.030096322298049927,-0.28319060802459717,-0.11569694893159976,-0.008006304502487183,-0.21391618251800537,-0.0986060322979938,-0.06663641333580017,-0.2637668550014496,0.016606398879503104,-0.0897243320941925,-0.33680030703544617,-0.06514356003799548,-0.06327000260353088,-0.25944724678993225,-0.07679751233854404,-0.04602512717247009,-0.19512581825256348,-0.06215180547633281
R,0.0,0.0,0.0,0.07853913307189941,-0.08567816019058228,-0.10344017110628556,0.1087145209312439,-0.21215635538101196,-0.11745833419126939,0.020681023597717285,-0.31083473563194275,-0.11505317501587342,-0.061162590980529785,-0.36772823333740234,-0.10252075455946397,0.1509191393852234,-0.3126815855503082,-0.028103275223202218,0.12835383415222168,-0.45967918634414673,-0.06526738218826722,0.10027706623077393,-0.5558265745639801,-0.0904984604553647,0.07766103744506836,-0.6389403343200684,-0.10273078642649125,0.07952004671096802,-0.3160949945449829,-0.0005091532352707873,0.09521794319152832,-0.47510993480682373,-0.04185740463299226,0.0965050458908081,-0.5711600184440613,-0.06676018796724748,0.1011456847190857,-0.6490165591239929,-0.07072069309515427,0.007840633392333984,-0.2983355224132538,0.010675450788312446,-0.0402677059173584,-0.3788415193557739,-0.08518926612896394,-0.030786067247390747,-0.2783954441547394,-0.11334368400139283,-0.009705662727355957,-0.20988863706588745,-0.09465651027721833,-0.05682492256164551,-0.2662901282310486,0.01598007790880729,-0.08398649096488953,-0.33495134115219116,-0.06252542696756791,-0.0646454393863678,-0.2590073347091675,-0.06976291350883912,-0.04618257284164429,-0.19565033912658691,-0.05155815370244454
R,0.0,0.0,0.0,0.08204039931297302,-0.0856124758720398,-0.11007643851701232,0.10599365830421448,-0.2111741304397583,-0.12241882446471664,0.01632314920425415,-0.30358120799064636,-0.11580539855424377,-0.06470394134521484,-0.36223071813583374,-0.09803232166234466,0.14533409476280212,-0.32278674840927124,-0.033064011365809165,0.12438073754310608,-0.465828537940979,-0.06883262458507033,0.09779885411262512,-0.5620010942220688,-0.0933206415480754,0.07571360468864441,-0.6438301801681519,-0.10564360383216354,0.07531324028968811,-0.32546114921569824,-0.0023390791590145454,0.09098479151725769,-0.4792235493659973,-0.039650142074265204,0.0961427390575409,-0.5740852355957031,-0.062408503026404105,0.10160812735557556,-0.6483724415302277,-0.0663539877838275,0.002962827682495117,-0.30345791578292847,0.010105273804924764,-0.044431596994400024,-0.38207387924194336,-0.08260812226001235,-0.03219926357269287,-0.2860036790370941,-0.11603738728229018,-0.010929107666015625,-0.22494298219680786,-0.10273249808017226,-0.06168356537818909,-0.2689225673675537,0.01571028132673291,-0.08753040432929993,-0.33219295740127563,-0.06323411676351043,-0.06663650274276733,-0.2650201916694641,-0.07940532627765151,-0.04991963505744934,-0.2106303572654724,-0.06945925566617461
R,0.0,0.0,0.0,0.07570028305053711,-0.08401775360107422,-0.1049116044831635,0.10278856754302979,-0.20780479907989502,-0.11431748564962163,0.019162297248840332,-0.3007662296295166,-0.10667803283456578,-0.05926477909088135,-0.36031726002693176,-0.08839306380275502,0.13859659433364868,-0.3171989917755127,-0.018878006894624377,0.11758875846862793,-0.45698368549346924,-0.0510105318916203,0.09322285652160645,-0.5474415421485901,-0.07331989850524678,0.07211768627166748,-0.6261219382286072,-0.08407703186992421,0.07294386625289917,-0.3192492723464966,0.009386069554352616,0.08991420269012451,-0.47645026445388794,-0.025133577693736697,0.09271299839019775,-0.5668791830539703,-0.04634064208391919,0.09519457817077637,-0.6401433944702148,-0.04784867684963956,0.005510002374649048,-0.29677844047546387,0.019543178792559956,-0.04214772582054138,-0.3759639263153076,-0.07367870356563344,-0.03032362461090088,-0.2729438841342926,-0.1033382430267693,-0.010057985782623291,-0.2120981216430664,-0.08609859045270696,-0.05637502670288086,-0.2601219415664673,0.02350362804111228,-0.08640420436859131,-0.3261304199695587,-0.0553118191254498,-0.06516951322555542,-0.248665452003479,-0.0656180470776917,-0.046437472105026245,-0.19175708293914795,-0.05023393924955144
R,0.0,0.0,0.0,0.07914656400680542,-0.08911067247390747,-0.09895192039959966,0.10141617059707642,-0.21073365211486816,-0.11123774898999272,0.015729576349258423,-0.3064732551574707,-0.10904522193425237,-0.06717458367347717,-0.3642200231552124,-0.09735155058854161,0.13735926151275635,-0.3161630630493164,-0.01625829143279134,0.11704236268997192,-0.4576979875564575,-0.048645536879234896,0.09114253520965576,-0.5492781698703766,-0.07287554396145879,0.06897735595703125,-0.630720853805542,-0.08583582145922719,0.06655454635620117,-0.31876978278160095,0.009468290490872278,0.08503079414367676,-0.47277402877807617,-0.028278624171548472,0.08965396881103516,-0.5636115074157715,-0.05322981951587735,0.09565061330795288,-0.6359014511108398,-0.05855811340563832,-0.004845410585403442,-0.2952454090118408,0.01849592523819865,-0.0506155788898468,-0.3768829107284546,-0.07381295366042195,-0.03873741626739502,-0.2806784212589264,-0.10294256312602101,-0.018295854330062866,-0.21507102251052856,-0.08649641973727284,-0.06804189085960388,-0.25742805004119873,0.0218770825321144,-0.0937190055847168,-0.32925012707710266,-0.05446738330476819,-0.07230347394943237,-0.2571106553077698,-0.06321656657212316,-0.05374094843864441,-0.19518697261810303,-0.04729504836552678
R,0.0,0.0,0.0,0.08183097839355469,-0.08138346672058105,-0.09451016179355065,0.11126500368118286,-0.1981835961341858,-0.10705240211518685,0.028689324855804443,-0.290198415517807,-0.10575642577441613,-0.04859936237335205,-0.35609713196754456,-0.09501828393968026,0.14623194932937622,-0.3129562735557556,-0.020117889634093444,0.12456721067428589,-0.45150792598724365,-0.05171352393062989,0.10080820322036743,-0.5413109511137009,-0.0730862035516111,0.08073180913925171,-0.6197084188461304,-0.08385954937966744,0.07775121927261353,-0.3200820982456207,0.001702676284367044,0.09348785877227783,-0.47259145975112915,-0.033437767541727226,0.09737187623977661,-0.5608611851930618,-0.054403712517341773,0.10142970085144043,-0.6290615797042847,-0.05716429418953339,0.009092926979064941,-0.3006032109260559,0.007472789836356242,-0.030247032642364502,-0.38290268182754517,-0.08089228860171715,-0.02171093225479126,-0.28669992089271545,-0.10666117212804238,-0.008012473583221436,-0.22439038753509521,-0.0899219750526754,-0.05444404482841492,-0.2672289311885834,0.007617731568643649,-0.07361960411071777,-0.33791059255599976,-0.06535079470904748,-0.05799180269241333,-0.27066296339035034,-0.07343517384560982,-0.04742574691772461,-0.21707147359848022,-0.05863293028505723
R,0.0,0.0,0.0,0.10996755957603455,-0.06176048517227173,-0.1289857689513383,0.1313556730747223,-0.22648322582244873,-0.14676544705764627,0.018158674240112305,-0.3287772536277771,-0.1426442776097474,-0.08495485782623291,-0.38160622119903564,-0.12563527265922403,0.1576254665851593,-0.3808270990848541,-0.05565001706020212,0.1367541253566742,-0.547733724117279,-0.11002562085525369,0.10656622052192688,-0.6646999716758728,-0.14542246500388956,0.07159936428070068,-0.7593700587749481,-0.16449760536090707,0.06948274374008179,-0.37703317403793335,-0.03453080246583795,0.09578126668930054,-0.585504025220871,-0.09145357350246286,0.11136892437934875,-0.7005703151226044,-0.12216371188299036,0.11576220393180847,-0.7954674363136292,-0.12549520174400186,-0.019972652196884155,-0.3374233841896057,-0.033435790635508056,-0.07040862739086151,-0.4421651363372803,-0.16204058269397592,-0.035298943519592285,-0.30589568614959717,-0.1887432847394166,-0.007249623537063599,-0.23165082931518555,-0.15853636602298593,-0.10558678209781647,-0.26994597911834717,-0.040343834854525085,-0.11680266261100769,-0.35290202498435974,-0.1497003648652253,-0.0750129222869873,-0.25330138206481934,-0.1540007207764802,-0.060596615076065063,-0.18303364515304565,-0.12682128588096475
R,0.0,0.0,0.0,0.07822179794311523,-0.08918970823287964,-0.10389535609004952,0.10549211502075195,-0.21265935897827148,-0.11337076607463814,0.023868978023529053,-0.30868789553642273,-0.10578520330903984,-0.05312865972518921,-0.37195658683776855,-0.08737935605762459,0.1414198875427246,-0.32045549154281616,-0.018968799294214023,0.12248057126998901,-0.4599234163761139,-0.05015399414418198,0.10069715976715088,-0.5487847477197647,-0.07261890652893044,0.08209741115570068,-0.6271009743213654,-0.08386433604476906,0.07455700635910034,-0.32393500208854675,0.008821111961026418,0.0918392539024353,-0.47799181938171387,-0.024092401520590556,0.09520488977432251,-0.5668198466300964,-0.0452820371401117,0.09976798295974731,-0.6392448544502258,-0.04847065466759659,0.006474435329437256,-0.30376702547073364,0.018485884039421308,-0.037298768758773804,-0.38696929812431335,-0.0719284910273359,-0.03000056743621826,-0.2892319858074188,-0.10347699853895165,-0.01317363977432251,-0.23013299703598022,-0.08953072610614754,-0.05477979779243469,-0.26974037289619446,0.02181512382509254,-0.08171945810317993,-0.3375243842601776,-0.05521348971245743,-0.06434750556945801,-0.26597902178764343,-0.06855705115316368,-0.04977869987487793,-0.2098206877708435,-0.05676750946162201
R,0.0,0.0,0.0,0.07274866104125977,-0.07789194583892822,-0.09216970455474893,0.09862053394317627,-0.19288396835327148,-0.10376868647165338,0.02302032709121704,-0.28718245029449463,-0.10169069719142954,-0.04653826355934143,-0.3492785096168518,-0.09061244380302469,0.14144468307495117,-0.29465699195861816,-0.01935186673529188,0.12177622318267822,-0.43122631311416626,-0.053444075105858246,0.09417879581451416,-0.5213976353406906,-0.07626490545101205,0.06822282075881958,-0.5982109904289246,-0.08720624697036783,0.07506740093231201,-0.2994169592857361,0.004283997988181909,0.09617424011230469,-0.4497462213039398,-0.03669986378974954,0.09553641080856323,-0.5417663902044296,-0.06066424277253191,0.09533244371414185,-0.6150288283824921,-0.06352497142381708,0.007900834083557129,-0.27963319420814514,0.012688990043329795,-0.03788343071937561,-0.3585844039916992,-0.07823956262893716,-0.03172764182090759,-0.2641626298427582,-0.10378845286197702,-0.013225823640823364,-0.20014667510986328,-0.085242065308762,-0.0538313090801239,-0.24670156836509705,0.015973982693481048,-0.07763823866844177,-0.3117460608482361,-0.05966369685359041,-0.0635618269443512,-0.24225926399230957,-0.06776705634422342,-0.04691034555435181,-0.18745064735412598,-0.05129897472090761
R,0.0,0.0,0.0,0.07232284545898438,-0.0660739541053772,-0.09597132269925623,0.0997767448425293,-0.1814790964126587,-0.11238056336230784,0.02417123317718506,-0.2743839621543884,-0.11371317420787364,-0.047304630279541016,-0.3340509533882141,-0.10623652402944117,0.14283335208892822,-0.28594446182250977,-0.03528965179509669,0.12499815225601196,-0.4215465784072876,-0.07364353452510386,0.0970914363861084,-0.5110420435667038,-0.09833839450664073,0.06979191303253174,-0.5878995656967163,-0.11013086800164729,0.07637268304824829,-0.2961398959159851,-0.011080458841092877,0.09676975011825562,-0.44530460238456726,-0.05408201281613856,0.1004866361618042,-0.536635234951973,-0.07763168130702525,0.1053202748298645,-0.6097622215747833,-0.07997831617183238,0.00921320915222168,-0.28164413571357727,-0.001370035192735486,-0.03767216205596924,-0.35602349042892456,-0.09258291040248423,-0.03184822201728821,-0.2600804269313812,-0.11676820282525568,-0.012708187103271484,-0.19410908222198486,-0.0972020468551591,-0.05079936981201172,-0.2512613534927368,0.002985358855880804,-0.07676723599433899,-0.308471143245697,-0.0726307920057252,-0.06091684103012085,-0.2353028953075409,-0.07883712564296275,-0.043374836444854736,-0.17633724212646484,-0.0601696885067895
R,0.0,0.0,0.0,0.07586550712585449,-0.07786816358566284,-0.0903735338650904,0.10327625274658203,-0.1907867193222046,-0.10445529510604956,0.02539128065109253,-0.2830091416835785,-0.10583160360681632,-0.04786503314971924,-0.3419409990310669,-0.0980510963998995,0.1383141279220581,-0.3070339560508728,-0.020919961010690713,0.12378710508346558,-0.44106972217559814,-0.054919029673214936,0.10122597217559814,-0.5284836441278458,-0.07898190160619833,0.0797540545463562,-0.6038755774497986,-0.09119682302105048,0.07495009899139404,-0.3128427267074585,0.0006248764403835594,0.09708571434020996,-0.4582718014717102,-0.03726632436143973,0.10070234537124634,-0.548187792301178,-0.0604791260265074,0.1037827730178833,-0.6192444860935211,-0.06489996900188544,0.010184645652770996,-0.2947036027908325,0.006682012608621335,-0.03336989879608154,-0.36869528889656067,-0.07896826704370596,-0.028691232204437256,-0.27960842847824097,-0.10725061883556464,-0.011829257011413574,-0.21861165761947632,-0.09322017719375708,-0.04945680499076843,-0.2643483877182007,0.007320184173408961,-0.07428526878356934,-0.3248140811920166,-0.06269070794212439,-0.06099677085876465,-0.2607455551624298,-0.07306366701948264,-0.045154064893722534,-0.20828264951705933,-0.060437071224328065
R,0.0,0.0,0.0,0.0730358362197876,-0.07610410451889038,-0.09166339386160871,0.09450960159301758,-0.1920410394668579,-0.10251013535912534,0.013024866580963135,-0.28036877512931824,-0.0988743041818907,-0.0577622652053833,-0.3374570906162262,-0.08531917232926389,0.13478708267211914,-0.29270899295806885,-0.02235955160017511,0.11721253395080566,-0.42623385787010193,-0.0567757745450308,0.09060007333755493,-0.5153626501560211,-0.0801660527652075,0.06552696228027344,-0.5917158126831055,-0.09223614979441663,0.06668293476104736,-0.2958833575248718,-0.0005971991051865189,0.08404874801635742,-0.4434572458267212,-0.03913002435024282,0.08862513303756714,-0.53385029733181,-0.06240006882603666,0.09378594160079956,-0.6072857677936554,-0.06682458121235868,-0.002553999423980713,-0.2745416462421417,0.005651556217117104,-0.0492672324180603,-0.35531580448150635,-0.0831160728996565,-0.0377117395401001,-0.26432955265045166,-0.11057550061400434,-0.01711404323577881,-0.2032632827758789,-0.09496260035689374,-0.06345289945602417,-0.23876953125,0.006593807862145695,-0.08644759654998779,-0.30533283948898315,-0.06833771217520734,-0.0661034882068634,-0.23981881141662598,-0.07863131511862775,-0.04812464118003845,-0.18505781888961792,-0.06479741979296705
R,0.0,0.0,0.0,0.07721477746963501,-0.07162106037139893,-0.09294158041831224,0.09592849016189575,-0.18713021278381348,-0.10341048807259767,0.01223677396774292,-0.2739769518375397,-0.09859959602709978,-0.05525374412536621,-0.33060958981513977,-0.08440586746093004,0.13705158233642578,-0.2851768732070923,-0.029277272600495508,0.12067794799804688,-0.4169999957084656,-0.06714689553137987,0.09608012437820435,-0.5064481198787689,-0.09152858525868623,0.07147115468978882,-0.5805462002754211,-0.10363139778729646,0.06806588172912598,-0.28811952471733093,-0.008532000783645799,0.08417254686355591,-0.4388574957847595,-0.04766335159894197,0.08942782878875732,-0.5268911421298981,-0.06953435212727754,0.09571129083633423,-0.5982749462127686,-0.07243256837483614,-0.0009303689002990723,-0.2655739486217499,-0.0034696469863888524,-0.04309362173080444,-0.3463325500488281,-0.09366839945670336,-0.03129541873931885,-0.25692319869995117,-0.12098605752345293,-0.011635541915893555,-0.20092666149139404,-0.10496176600810259,-0.0608983039855957,-0.22517633438110352,-0.003773568508961489,-0.07826703786849976,-0.28985562920570374,-0.08109785437937944,-0.05656728148460388,-0.22475570440292358,-0.09208556831237047,-0.041052162647247314,-0.17223942279815674,-0.07834259242173403
R,0.0,0.0,0.0,0.07802903652191162,-0.08696866035461426,-0.08146984818688452,0.10162544250488281,-0.20086801052093506,-0.09522650334349692,0.02426701784133911,-0.2932696044445038,-0.09905379954091131,-0.04732280969619751,-0.3525424599647522,-0.09484779033175528,0.1438344120979309,-0.3018534183502197,-0.015780137286697027,0.12606918811798096,-0.4314762055873871,-0.05358290988317549,0.10141533613204956,-0.5193744748830795,-0.08218394908419668,0.07803142070770264,-0.5976230502128601,-0.0986890712689501,0.07456636428833008,-0.3099548816680908,-0.0004889639554903624,0.0953143835067749,-0.45500779151916504,-0.043675094277773496,0.099578857421875,-0.5448718219995499,-0.07100030723324835,0.1035146713256836,-0.6187915802001953,-0.07912165615073263,0.004395604133605957,-0.29424938559532166,0.0002944544370393487,-0.03850197792053223,-0.3706754744052887,-0.08710057976952612,-0.03268200159072876,-0.28235161304473877,-0.1135601023148638,-0.01601231098175049,-0.2209939956665039,-0.09918400588742315,-0.06015270948410034,-0.2641563415527344,-0.004011744999502298,-0.08010050654411316,-0.3254052400588989,-0.07298031392804205,-0.06447404623031616,-0.2639775574207306,-0.0811702901434046,-0.04860043525695801,-0.2141370177268982,-0.0681262159656626
R,0.0,0.0,0.0,0.07920444011688232,-0.08193546533584595,-0.08352980837531732,0.11087626218795776,-0.18927371501922607,-0.09889973774858163,0.0390205979347229,-0.279526025056839,-0.10393681451984094,-0.03135955333709717,-0.3373599350452423,-0.10131302550740884,0.15014731884002686,-0.2892952263355255,-0.021789557117301683,0.13411295413970947,-0.4209316074848175,-0.05963141545959161,0.11221998929977417,-0.5098388940095901,-0.0859899155826156,0.09167242050170898,-0.5861753225326538,-0.09910787716813729,0.08392024040222168,-0.30001673102378845,-0.00432175705515192,0.10199803113937378,-0.4444795548915863,-0.04724927321382211,0.1061369776725769,-0.5357790589332581,-0.07227432802625344,0.11014527082443237,-0.6069589555263519,-0.0768789358467643,0.0180131196975708,-0.28817275166511536,-0.001189140070493977,-0.025843799114227295,-0.35224634408950806,-0.08734591380067513,-0.01960510015487671,-0.2629542350769043,-0.11383766010709451,-0.0009129047393798828,-0.201324462890625,-0.09830193296380685,-0.04298067092895508,-0.26575982570648193,-0.0031149315678362655,-0.06713378429412842,-0.3177811801433563,-0.06857312545486138,-0.054015904664993286,-0.2577535808086395,-0.07554302439399407,-0.036400556564331055,-0.2119467854499817,-0.06132046580620454
R,0.0,0.0,0.0,0.07854413986206055,-0.0870896577835083,-0.07880468514230188,0.10276556015014648,-0.19920283555984497,-0.09528628584411081,0.026392221450805664,-0.2918839752674103,-0.10360418852832254,-0.04637730121612549,-0.3510226905345917,-0.10474207099940713,0.14504915475845337,-0.29971277713775635,-0.016244838353657087,0.12838351726531982,-0.4291149377822876,-0.05717810836102899,0.1070522665977478,-0.5155037939548492,-0.0871271997359031,0.08791255950927734,-0.5937404334545135,-0.10375795361068185,0.07636260986328125,-0.3065376877784729,-0.003276540073045453,0.09454292058944702,-0.4466050863265991,-0.05298080143001016,0.09897613525390625,-0.536043107509613,-0.08356738683249887,0.10476529598236084,-0.6112730801105499,-0.09215747412707742,0.007886528968811035,-0.28902286291122437,-0.003982716579400858,-0.03349584341049194,-0.35497942566871643,-0.09829637255933221,-0.025619983673095703,-0.26213759183883667,-0.12502560612227853,-0.007425487041473389,-0.1958073377609253,-0.108148267832064,-0.05416226387023926,-0.2578165829181671,-0.008960179392659029,-0.07537144422531128,-0.31138771772384644,-0.08230407383706506,-0.059822797775268555,-0.24698156118392944,-0.0893084987666839,-0.04257756471633911,-0.19525772333145142,-0.07333370145823892
R,0.0,0.0,0.0,0.07870298624038696,-0.08692389726638794,-0.07685107527322543,0.10724824666976929,-0.19517523050308228,-0.08896209834165347,0.03306514024734497,-0.2832239270210266,-0.09272212324685825,-0.038765013217926025,-0.339607834815979,-0.08903568027562869,0.14557456970214844,-0.29414820671081543,-0.0077537966335512465,0.12892848253250122,-0.42519205808639526,-0.03947168378181232,0.10714906454086304,-0.5110820680856705,-0.06354683427161945,0.08757787942886353,-0.5874769389629364,-0.07642353860683215,0.08063316345214844,-0.30472037196159363,0.007854866105844849,0.10045504570007324,-0.44287359714508057,-0.030554663147995598,0.10413336753845215,-0.5321962684392929,-0.05669054178542865,0.1080203652381897,-0.6044813394546509,-0.06364968208617938,0.015759527683258057,-0.29299959540367126,0.00948376325868594,-0.023723840713500977,-0.36277133226394653,-0.0727712341958977,-0.022193729877471924,-0.2761651277542114,-0.10066449431724322,-0.008994638919830322,-0.21356219053268433,-0.08737139193362964,-0.0441012978553772,-0.27090853452682495,0.00663210801758396,-0.06535148620605469,-0.3285253942012787,-0.05670344619102252,-0.05377739667892456,-0.27209022641181946,-0.06502533493585361,-0.03851747512817383,-0.22477123141288757,-0.052259379755923874
R,0.0,0.0,0.0,0.11051592230796814,-0.05690360069274902,-0.14409128706154206,0.1381317675113678,-0.22719144821166992,-0.16214854399856904,0.03036436438560486,-0.33785194158554077,-0.15282230953869202,-0.07524734735488892,-0.4019799530506134,-0.12871893624958375,0.16507333517074585,-0.38477593660354614,-0.06556188444790223,0.1408388316631317,-0.554391622543335,-0.11789532880482056,0.11044430732727051,-0.6700808703899384,-0.1514578102081714,0.07696643471717834,-0.7668184340000153,-0.16966148595508912,0.07848682999610901,-0.38455191254615784,-0.034283464208215264,0.10003367066383362,-0.5919266641139984,-0.08719953279194215,0.11639472842216492,-0.7053120136260986,-0.11454910914596894,0.12330490350723267,-0.8021485507488251,-0.11654493342336991,-0.009842544794082642,-0.3510282635688782,-0.024906375810473946,-0.06127248704433441,-0.45614439249038696,-0.15344948451217988,-0.02676999568939209,-0.313809335231781,-0.18311410526928285,-0.0001150965690612793,-0.24055802822113037,-0.15530506651100495,-0.09258995950222015,-0.29237115383148193,-0.02463585267958024,-0.10955613851547241,-0.3676964342594147,-0.1377626744955478,-0.0666833370923996,-0.26473140716552734,-0.1485550044029651,-0.05174756050109863,-0.1972205638885498,-0.12615960220989564
R,0.0,0.0,0.0,0.07039499282836914,-0.08260560035705566,-0.08735400768853196,0.09935939311981201,-0.19225752353668213,-0.09973408612347612,0.030745983123779297,-0.28510814905166626,-0.09988688263035783,-0.03159618377685547,-0.3519302308559418,-0.09131595077849397,0.1435064673423767,-0.28772538900375366,-0.023004218516121,0.12484371662139893,-0.4216553568840027,-0.05658407094813356,0.10141527652740479,-0.5072568953037262,-0.07945798668004045,0.08115655183792114,-0.584178626537323,-0.09090406778193483,0.08180320262908936,-0.29940691590309143,-0.001561760715389937,0.09767091274261475,-0.4418553411960602,-0.038836292502651304,0.09673553705215454,-0.5305482596158981,-0.062280233529577345,0.09837031364440918,-0.6013425886631012,-0.06834398540593156,0.018571019172668457,-0.2905433475971222,0.005319295870890528,-0.020976662635803223,-0.36954745650291443,-0.07546365591622362,-0.023292064666748047,-0.28566423058509827,-0.10189900877810487,-0.01371908187866211,-0.22560632228851318,-0.08898891094065675,-0.0408439040184021,-0.2698501646518707,0.006611882663150936,-0.06405466794967651,-0.3325389325618744,-0.05716409492231378,-0.05572664737701416,-0.2825266122817993,-0.06726320418454179,-0.04708421230316162,-0.239983469247818,-0.05640217619873056
R,0.0,0.0,0.0,0.07036501169204712,-0.08175390958786011,-0.08266234625739344,0.0975499153137207,-0.1892162561416626,-0.09659812082213648,0.028802990913391113,-0.2808011770248413,-0.09998448420924433,-0.03746110200881958,-0.3403662443161011,-0.09576606233281382,0.1455588936805725,-0.2831280827522278,-0.020028217180197316,0.12754935026168823,-0.4150077700614929,-0.05485157896441706,0.10527724027633667,-0.5009864866733551,-0.07918016095322855,0.08674609661102295,-0.5776243209838867,-0.09173921723527201,0.08257758617401123,-0.2945828437805176,-0.0012223711903516232,0.10096067190170288,-0.4330246150493622,-0.04265828285974749,0.10335022211074829,-0.5210131257772446,-0.06816914160413035,0.10813719034194946,-0.591753214597702,-0.07402431447667368,0.01884669065475464,-0.28382211923599243,0.003735148397709054,-0.022522151470184326,-0.35384687781333923,-0.08189554740351923,-0.021741092205047607,-0.26352548599243164,-0.10848137964171656,-0.007449090480804443,-0.19860386848449707,-0.09349401523036249,-0.03911310434341431,-0.26164937019348145,0.004043284387762469,-0.06367522478103638,-0.3196727931499481,-0.06318176020545252,-0.054482340812683105,-0.2596025764942169,-0.07128159184617289,-0.04085952043533325,-0.2101813554763794,-0.05744989816707857
R,0.0,0.0,0.0,0.07643592357635498,-0.08367586135864258,-0.07211039718669099,0.10226750373840332,-0.1895366907119751,-0.08492959794085664,0.03244447708129883,-0.27543962001800537,-0.09031112250369233,-0.03452408313751221,-0.3314114212989807,-0.08927266803067369,0.14610368013381958,-0.2787097096443176,-0.013164789792710963,0.12957006692886353,-0.4033292233943939,-0.04886769261639756,0.10587143898010254,-0.4891197234392166,-0.07535585519354981,0.083376944065094,-0.5644692778587341,-0.08965667095463914,0.0802653431892395,-0.2906097173690796,-0.00044416700103511175,0.09972667694091797,-0.42467883229255676,-0.042619941201621714,0.10117769241333008,-0.51409912109375,-0.07008661088030976,0.10340142250061035,-0.5874648094177246,-0.07770959791224641,0.014808356761932373,-0.2797147333621979,-0.0003808459426295485,-0.02597099542617798,-0.34490957856178284,-0.08299612012189073,-0.023053288459777832,-0.2600547671318054,-0.10849803444426698,-0.007861614227294922,-0.19777262210845947,-0.09390950706284684,-0.04561972618103027,-0.25610753893852234,-0.004471553866380873,-0.06476759910583496,-0.31080594658851624,-0.06705207135956925,-0.05216336250305176,-0.25672397017478943,-0.07319090273659867,-0.03624832630157471,-0.21148762106895447,-0.058989976909572306
R,0.0,0.0,0.0,0.07211858034133911,-0.07478505373001099,-0.07827263438224463,0.09856128692626953,-0.18410542607307434,-0.09326419347047477,0.026012718677520752,-0.27347898483276367,-0.0988718282532659,-0.04113537073135376,-0.3329162001609802,-0.09746445083140998,0.14532142877578735,-0.27584752440452576,-0.02277444043278365,0.12796974182128906,-0.4054117202758789,-0.05991340913891463,0.10549658536911011,-0.49114322662353516,-0.08517468088388114,0.08408552408218384,-0.5674732774496078,-0.09818122648715644,0.0806853175163269,-0.28789374232292175,-0.007328458326753662,0.09945088624954224,-0.4270084351301193,-0.0514305580508676,0.10148012638092041,-0.5156544744968414,-0.07751008235931067,0.10290175676345825,-0.5872569680213928,-0.08315205686807303,0.0159757137298584,-0.2776905298233032,-0.0045506062087383725,-0.027230143547058105,-0.3428714871406555,-0.09024419003247885,-0.022372126579284668,-0.2543383240699768,-0.11449339353561072,-0.007443606853485107,-0.1920764446258545,-0.09804173671722083,-0.04402285814285278,-0.25559231638908386,-0.006150685912814424,-0.06414228677749634,-0.30617254972457886,-0.07269737982272773,-0.05176800489425659,-0.2451917827129364,-0.07899788879871039,-0.03722643852233887,-0.19827932119369507,-0.06388943755149512
R,0.0,0.0,0.0,0.07328140735626221,-0.07107764482498169,-0.08019288976555572,0.0968591570854187,-0.18011853098869324,-0.0867343654192041,0.023467957973480225,-0.2659861147403717,-0.08110934098129974,-0.04215317964553833,-0.31748005747795105,-0.06742021043663726,0.14004206657409668,-0.2707401216030121,-0.020235167563612322,0.1220291256904602,-0.39783498644828796,-0.05173631359701858,0.09706640243530273,-0.48335808515548706,-0.0708700527704309,0.07517457008361816,-0.5557699501514435,-0.07921159614687667,0.0759534239768982,-0.28097283840179443,-0.0008901479688461222,0.09207063913345337,-0.4176483750343323,-0.03949627627497421,0.09337425231933594,-0.5045367479324341,-0.0607663129723619,0.09752917289733887,-0.5729767680168152,-0.06286825586920486,0.012941420078277588,-0.26704713702201843,0.004972863729392429,-0.030931293964385986,-0.3348553478717804,-0.08031776149636016,-0.025904357433319092,-0.24256375432014465,-0.10627398987179504,-0.009086966514587402,-0.17703285813331604,-0.08987424124842391,-0.0436365008354187,-0.23978936672210693,0.006688899147604843,-0.06697392463684082,-0.3003557324409485,-0.062397978947217325,-0.05417150259017944,-0.24425548315048218,-0.07230185319548355,-0.041054487228393555,-0.19665151834487915,-0.05931113635068641
R,0.0,0.0,0.0,0.07004880905151367,-0.07321280241012573,-0.07366900875297233,0.09726870059967041,-0.17642158269882202,-0.08384615167108223,0.029376506805419922,-0.2620853781700134,-0.08509613557782814,-0.03279823064804077,-0.31822362542152405,-0.07895475610223457,0.14364278316497803,-0.26585638523101807,-0.015764193451673236,0.12568801641464233,-0.39477020502090454,-0.04664111866679832,0.10091471672058105,-0.48028041422367096,-0.06739155932393714,0.07909101247787476,-0.5543989837169647,-0.07813057287660286,0.08470529317855835,-0.2811415493488312,-0.00032434975094020047,0.10360121726989746,-0.4159773290157318,-0.036532908520371166,0.10307168960571289,-0.5010045617818832,-0.05960273354378387,0.10580956935882568,-0.5703971683979034,-0.06553196891275093,0.025126218795776367,-0.27353838086128235,0.0026084086106266113,-0.013033866882324219,-0.3508944511413574,-0.07415509953227684,-0.0174180269241333,-0.27113670110702515,-0.09848674370971366,-0.007321000099182129,-0.21085166931152344,-0.08544754221168205,-0.0311204195022583,-0.253877729177475,0.0011936742060925098,-0.05265873670578003,-0.3173364996910095,-0.05999251811829254,-0.046962618827819824,-0.2705116868019104,-0.06875981374707862,-0.03692275285720825,-0.22674107551574707,-0.057442582986027446
R,0.0,0.0,0.0,0.0703536868095398,-0.07039409875869751,-0.07741397803033578,0.09679985046386719,-0.17359960079193115,-0.09160643254722345,0.026318073272705078,-0.26262030005455017,-0.09574599747861612,-0.03656655550003052,-0.32133954763412476,-0.09304349308217752,0.14496546983718872,-0.25961604714393616,-0.024760428791296363,0.1267361044883728,-0.38768231868743896,-0.057304492195498824,0.10161465406417847,-0.4712474048137665,-0.079100647916448,0.07961869239807129,-0.5459205359220505,-0.09064303522313821,0.0844298005104065,-0.27643701434135437,-0.006718379886251569,0.102622389793396,-0.4118943512439728,-0.04506964047754991,0.10273349285125732,-0.49730339646339417,-0.06869018261636484,0.10512548685073853,-0.5668156445026398,-0.075118334939134,0.02376335859298706,-0.2712709605693817,-0.0005958980516425072,-0.012973248958587646,-0.34904032945632935,-0.07777027969564188,-0.01674121618270874,-0.2701706886291504,-0.10148473267759073,-0.00829702615737915,-0.20874306559562683,-0.0883636865517019,-0.0325278639793396,-0.25534841418266296,0.0010671144366369845,-0.05217081308364868,-0.3160087764263153,-0.06059829329456079,-0.04633444547653198,-0.2707895040512085,-0.06957216744626749,-0.03807079792022705,-0.2295987606048584,-0.05841514279450166
R,0.0,0.0,0.0,0.06893861293792725,-0.07632547616958618,-0.06853638610408552,0.09861171245574951,-0.17469382286071777,-0.07743831744954832,0.03279393911361694,-0.2609821557998657,-0.07921764275596388,-0.027782201766967773,-0.3190429210662842,-0.074330188544252,0.1465023159980774,-0.2597161531448364,-0.005666091782757121,0.12760818004608154,-0.38431498408317566,-0.03230817637012251,0.1018628478050232,-0.4663048982620239,-0.05186620748207815,0.07935649156570435,-0.5390200167894363,-0.0627567397670532,0.08812528848648071,-0.27814754843711853,0.008624771399638576,0.10661262273788452,-0.40795765817165375,-0.024259340228297788,0.10405087471008301,-0.49191857874393463,-0.04825354388520964,0.10476577281951904,-0.5617505609989166,-0.056209095032670575,0.029180824756622314,-0.27450501918792725,0.010908332443079871,-0.003472626209259033,-0.352053165435791,-0.0619097689406658,-0.012445688247680664,-0.272665411233902,-0.08673302105233915,-0.008130788803100586,-0.21174433827400208,-0.07580488196180113,-0.0267907977104187,-0.25961318612098694,0.009271142794034404,-0.04765784740447998,-0.32106056809425354,-0.04779991901085623,-0.04444807767868042,-0.2724466621875763,-0.05544720238611944,-0.036611855030059814,-0.22645941376686096,-0.04444938174054869
R,0.0,0.0,0.0,0.06638723611831665,-0.07786333560943604,-0.07500494387062417,0.09548711776733398,-0.18148857355117798,-0.08267692592056619,0.03227168321609497,-0.2705036699771881,-0.08011809852035867,-0.028832435607910156,-0.3300231993198395,-0.06963744130047189,0.14492321014404297,-0.26431915163993835,-0.011753190532942881,0.12452155351638794,-0.3929367959499359,-0.03894202526720392,0.09934252500534058,-0.47483398020267487,-0.05729320388348924,0.07918637990951538,-0.5478930473327637,-0.06635832157047616,0.08721888065338135,-0.2803398370742798,0.006576359979192148,0.10391539335250854,-0.41280150413513184,-0.025931519680341353,0.10170572996139526,-0.4961833655834198,-0.04766329120906221,0.10373485088348389,-0.5653813481330872,-0.0530646790197693,0.027983427047729492,-0.2756136655807495,0.012082463837543855,-0.010677218437194824,-0.3486868441104889,-0.06291261430891382,-0.01477038860321045,-0.2645531892776489,-0.08777581270845758,-0.004835188388824463,-0.20366057753562927,-0.07519287731560098,-0.02635478973388672,-0.2599838376045227,0.013271240293363462,-0.050241947174072266,-0.31935200095176697,-0.04498355578692781,-0.04577040672302246,-0.2695767283439636,-0.05260189738186227,-0.037548065185546875,-0.22451511025428772,-0.04094174619825708
R,0.0,0.0,0.0,0.0664415955543518,-0.07335376739501953,-0.06857564914707837,0.09789091348648071,-0.17388999462127686,-0.07944230604653058,0.032474517822265625,-0.2619413733482361,-0.08252847809080777,-0.029715240001678467,-0.32145026326179504,-0.07909304517988858,0.14669686555862427,-0.25800621509552,-0.015314954889163346,0.12748020887374878,-0.387026309967041,-0.044207653586909146,0.10188025236129761,-0.47133612632751465,-0.06451886761669812,0.07933080196380615,-0.545481413602829,-0.07597568500523266,0.08735024929046631,-0.27540886402130127,-0.0002681894143279351,0.1059369444847107,-0.4053175449371338,-0.03477236125354466,0.10267716646194458,-0.48906832933425903,-0.059191981886669964,0.10178524255752563,-0.5594058930873871,-0.06812721360211071,0.0275270938873291,-0.2721037268638611,0.0038935243178457313,-0.0010558366775512695,-0.3514377474784851,-0.06479365247969326,-0.009547233581542969,-0.2796758711338043,-0.08628410715346035,-0.007387816905975342,-0.2241968810558319,-0.07531408089880642,-0.028694450855255127,-0.2580679655075073,0.00392595157290998,-0.04413259029388428,-0.3192981779575348,-0.04774644095186886,-0.042942583560943604,-0.27934426069259644,-0.052982910161063046,-0.04065406322479248,-0.2410266399383545,-0.04172452408556637
R,0.0,0.0,0.0,0.1093408465385437,-0.05528157949447632,-0.1527143339773147,0.13520270586013794,-0.23797446489334106,-0.1655383031030624,0.028051108121871948,-0.3477869927883148,-0.1480139116903274,-0.08689449727535248,-0.38640570640563965,-0.11461377098760295,0.16951796412467957,-0.3903476297855377,-0.05961222901544261,0.14128243923187256,-0.5586011409759521,-0.11113956525525737,0.11239248514175415,-0.6693408787250519,-0.14329016908607173,0.08138933777809143,-0.7668510377407074,-0.16042279406985926,0.08341410756111145,-0.38772061467170715,-0.021055170815202473,0.10214269161224365,-0.586410790681839,-0.0717931385298698,0.11522766947746277,-0.694039523601532,-0.09722635104856181,0.11913400888442993,-0.7944497168064117,-0.09782003566226649,-0.007894247770309448,-0.35290923714637756,-0.006948486916485308,-0.05612805485725403,-0.4597383439540863,-0.13488016232452082,-0.022234246134757996,-0.31731516122817993,-0.16632265552482295,0.003813117742538452,-0.25095701217651367,-0.139537758674237,-0.09331090748310089,-0.2961116433143616,-0.0029386074894546255,-0.10482092201709747,-0.3723779320716858,-0.11563545420369792,-0.061549603939056396,-0.2719987630844116,-0.13061999484500575,-0.046749889850616455,-0.20913654565811157,-0.11173483684262919
R,0.0,0.0,0.0,0.06572633981704712,-0.07305765151977539,-0.06937164756487846,0.09646821022033691,-0.17157304286956787,-0.08132663312386512,0.03006899356842041,-0.2565097510814667,-0.08564118984173774,-0.032742857933044434,-0.31318485736846924,-0.08362505528162956,0.14236199855804443,-0.253608763217926,-0.014961073538472647,0.123160719871521,-0.3780011534690857,-0.04632418173383712,0.09801775217056274,-0.4594794511795044,-0.06752892526816368,0.07709342241287231,-0.5327605456113815,-0.07950252237748145,0.08395463228225708,-0.2715589702129364,-0.0005291491539196613,0.10202568769454956,-0.3993086814880371,-0.039726055590620035,0.09855741262435913,-0.480624720454216,-0.06542520168255805,0.0987282395362854,-0.5496849417686462,-0.0740218305869007,0.025559723377227783,-0.26692911982536316,0.0027119350710904655,-0.010833024978637695,-0.3429509997367859,-0.07430316451024055,-0.016391277313232422,-0.2620878517627716,-0.09664922895859718,-0.008290350437164307,-0.1993168294429779,-0.08358197602461814,-0.027962684631347656,-0.2507345676422119,0.002273194128463274,-0.05060434341430664,-0.30845075845718384,-0.057750317631473536,-0.04674851894378662,-0.26102378964424133,-0.06456506940554618,-0.038623690605163574,-0.2172672152519226,-0.05250120478700637
R,0.0,0.0,0.0,0.06348615884780884,-0.07189315557479858,-0.07332577426006992,0.09313255548477173,-0.17102932929992676,-0.08570024240782459,0.027763783931732178,-0.25525444746017456,-0.08893761653473575,-0.03505098819732666,-0.3132723867893219,-0.08543883133700092,0.13843077421188354,-0.2563914656639099,-0.018883079849388196,0.11897087097167969,-0.3792916238307953,-0.05005419123938282,0.09413617849349976,-0.4581090360879898,-0.07067867983153064,0.07381224632263184,-0.5296587646007538,-0.08183094728758533,0.08007371425628662,-0.27181631326675415,-0.0022351176945676343,0.09641671180725098,-0.400808185338974,-0.03978829700520237,0.09397917985916138,-0.48197802901268005,-0.06323595959713657,0.09574311971664429,-0.5504817366600037,-0.07000356782248218,0.022016823291778564,-0.2650015354156494,0.0026801504658351405,-0.016117334365844727,-0.33807286620140076,-0.07414176184704502,-0.02012789249420166,-0.25675415992736816,-0.09620017427971561,-0.010188400745391846,-0.19573402404785156,-0.08249591160586078,-0.030643463134765625,-0.24726471304893494,0.003519389685038732,-0.053697168827056885,-0.30236849188804626,-0.057958251424338414,-0.049262821674346924,-0.253329873085022,-0.06572358924915989,-0.040767014026641846,-0.20981690287590027,-0.05384959522655208
R,0.0,0.0,0.0,0.07232415676116943,-0.06498134136199951,-0.06969463577968327,0.09980994462966919,-0.1602805256843567,-0.07727366438609806,0.033324599266052246,-0.24157753586769104,-0.07549353441697804,-0.02696704864501953,-0.29131945967674255,-0.06684110066396443,0.14093762636184692,-0.24275711178779602,-0.0151713307435557,0.12720900774002075,-0.3605741560459137,-0.04398586726290432,0.10459542274475098,-0.43873928487300873,-0.06457781544429508,0.08426076173782349,-0.5067878514528275,-0.0755771969865009,0.08455729484558105,-0.2622832655906677,0.00046971693393516034,0.10694324970245361,-0.38553357124328613,-0.03122940226000992,0.1050916314125061,-0.4669722765684128,-0.05433803176981655,0.10797923803329468,-0.5342562198638916,-0.062039112062279855,0.028486549854278564,-0.26080745458602905,0.004421580727125729,-0.003098428249359131,-0.3342055082321167,-0.064532955498521,-0.012814760208129883,-0.2621851861476898,-0.09084147712690083,-0.006559491157531738,-0.20567908883094788,-0.08216359219056812,-0.02266395092010498,-0.24486449360847473,0.004239184460516299,-0.0420193076133728,-0.3003988564014435,-0.05085315308076588,-0.03811401128768921,-0.2585265040397644,-0.06095090261203495,-0.03135567903518677,-0.21515125036239624,-0.05213481313091961
R,0.0,0.0,0.0,0.07022911310195923,-0.07160866260528564,-0.07066727108025361,0.09442973136901855,-0.17436933517456055,-0.0787057695415001,0.027362823486328125,-0.255831778049469,-0.07615394568705369,-0.03581124544143677,-0.30312758684158325,-0.06659431433939744,0.13519501686096191,-0.2542394995689392,-0.01915002478921224,0.11994284391403198,-0.3724810481071472,-0.048657186838624966,0.09558433294296265,-0.450810506939888,-0.06915580904745866,0.07444179058074951,-0.5202126652002335,-0.07979756272101213,0.07626420259475708,-0.26993873715400696,-0.0026135193620007158,0.09487825632095337,-0.39630332589149475,-0.03532024151348878,0.09442567825317383,-0.47715286910533905,-0.05676154843234826,0.09824055433273315,-0.5437823832035065,-0.06255158460402299,0.017203330993652344,-0.26429063081741333,0.002396183277653563,-0.018787682056427002,-0.3365939259529114,-0.06815848922991563,-0.023048818111419678,-0.2592179775238037,-0.0924071935441475,-0.013297021389007568,-0.20091038942337036,-0.08116884207987596,-0.03447747230529785,-0.2445339858531952,0.0033381359681357026,-0.05348747968673706,-0.2999855577945709,-0.05235064453148652,-0.044748902320861816,-0.254547655582428,-0.06060769459867288,-0.03609699010848999,-0.21058383584022522,-0.04997285133862306
R,0.0,0.0,0.0,0.06695288419723511,-0.073356032371521,-0.0668145112870775,0.0932111144065857,-0.17307358980178833,-0.07908251808868272,0.029601871967315674,-0.2590251863002777,-0.08359301762567384,-0.034440040588378906,-0.31005245447158813,-0.08186047451482636,0.13333410024642944,-0.25698861479759216,-0.015836780163510866,0.11746978759765625,-0.3770430088043213,-0.04570304157124383,0.09430533647537231,-0.45479319989681244,-0.06763998346315248,0.07351696491241455,-0.5248089581727982,-0.08033901380287034,0.0754237174987793,-0.2745317220687866,-0.00193886747030092,0.09347182512283325,-0.3998417556285858,-0.0371596433399759,0.09306192398071289,-0.4795529395341873,-0.061713303643330164,0.09679192304611206,-0.5477099120616913,-0.07091271804557664,0.017512857913970947,-0.27140557765960693,0.0012525086346499847,-0.008702993392944336,-0.34967362880706787,-0.06767519490705354,-0.01801401376724243,-0.2805686593055725,-0.0907945253132425,-0.014072060585021973,-0.22457271814346313,-0.08104176746593339,-0.0349959135055542,-0.2565779685974121,0.0005168770728118943,-0.05036824941635132,-0.31471022963523865,-0.053712344932421274,-0.04658418893814087,-0.27506381273269653,-0.061619035172327585,-0.04019421339035034,-0.23364675045013428,-0.051662582176788874
R,0.0,0.0,0.0,0.0648457407951355,-0.07095330953598022,-0.06564582462476665,0.09145092964172363,-0.1674569547176361,-0.07532637889551097,0.027237892150878906,-0.2503868639469147,-0.07760492290424281,-0.03404504060745239,-0.30401983857154846,-0.07318844224380427,0.1350061297416687,-0.24986758828163147,-0.00833281080292636,0.11606520414352417,-0.3671437203884125,-0.035842019571532546,0.09046858549118042,-0.4436420351266861,-0.05575022797154361,0.06859445571899414,-0.5129510015249252,-0.06757937694953853,0.07810598611831665,-0.26750674843788147,0.004712325082550706,0.0967060923576355,-0.3890657424926758,-0.029252470909227668,0.09538000822067261,-0.4664805233478546,-0.05285222034024173,0.09723782539367676,-0.5322579741477966,-0.06141918848322803,0.020833134651184082,-0.26354217529296875,0.006389326443354548,-0.010044217109680176,-0.3391290009021759,-0.06443116392063075,-0.017616748809814453,-0.26330116391181946,-0.08658181454109126,-0.012256324291229248,-0.2050991952419281,-0.07568226332830363,-0.03085392713546753,-0.24758929014205933,0.004212906145880879,-0.04972279071807861,-0.3036571741104126,-0.051392811788787185,-0.044980645179748535,-0.25987958908081055,-0.05882838319109851,-0.037518441677093506,-0.21804490685462952,-0.048725526286830245
R,0.0,0.0,0.0,0.06494778394699097,-0.06536728143692017,-0.0641288478171873,0.09016251564025879,-0.15684759616851807,-0.07536914388299465,0.025576412677764893,-0.23430487513542175,-0.07956962476134777,-0.03400617837905884,-0.2856002449989319,-0.07766918281674862,0.1345984935760498,-0.23683702945709229,-0.013374485099916456,0.11662471294403076,-0.35253655910491943,-0.04195087591767788,0.09290117025375366,-0.4290902614593506,-0.061088236073260305,0.07269537448883057,-0.49598221480846405,-0.07154809127212047,0.07852107286453247,-0.25318750739097595,-0.0007643298839639101,0.09657633304595947,-0.3741210103034973,-0.03568639049888134,0.0934988260269165,-0.45315346121788025,-0.05831088686943531,0.09550982713699341,-0.5190446376800537,-0.06530757437110424,0.023226141929626465,-0.24794325232505798,0.0012638878298503187,-0.009561657905578613,-0.3203044533729553,-0.06895394066930294,-0.017989814281463623,-0.2508333921432495,-0.09025427142739773,-0.010978281497955322,-0.19567736983299255,-0.07844390908837795,-0.027050137519836426,-0.23153063654899597,-0.00024006152932543046,-0.045622408390045166,-0.28519633412361145,-0.0566794332361269,-0.04174894094467163,-0.2438516914844513,-0.06463454107404232,-0.03277212381362915,-0.20416533946990967,-0.05415268803596973
R,0.0,0.0,0.0,0.07016515731811523,-0.0647692084312439,-0.0665387776556372,0.09249401092529297,-0.16697686910629272,-0.07365008861449951,0.02436453104019165,-0.2478111982345581,-0.07111455172923797,-0.038129329681396484,-0.2934969663619995,-0.06158560932306045,0.13546663522720337,-0.2417554259300232,-0.017932918376004636,0.12121319770812988,-0.3589206635951996,-0.0469857421579718,0.09728366136550903,-0.4400496780872345,-0.06649867863086456,0.0755656361579895,-0.5090420544147491,-0.07712446571019882,0.07775348424911499,-0.2560601830482483,-0.003295777818834722,0.09619706869125366,-0.3755345046520233,-0.03725386083749527,0.09199386835098267,-0.45559361577033997,-0.05913861886290306,0.0918722152709961,-0.5217940509319305,-0.06592768103507751,0.019952356815338135,-0.24998041987419128,0.0005601599820010961,-0.014494061470031738,-0.32360395789146423,-0.06904635996249908,-0.01869732141494751,-0.2546892464160919,-0.09132481784251922,-0.009090960025787354,-0.2012571394443512,-0.08027542800334686,-0.031981468200683594,-0.23033839464187622,0.0006691586582974196,-0.048902153968811035,-0.2864498496055603,-0.054598603850877225,-0.04065406322479248,-0.24957779049873352,-0.06304414243129486,-0.03158479928970337,-0.21284890174865723,-0.05343569860485786
R,0.0,0.0,0.0,0.06624048948287964,-0.06788921356201172,-0.06224190401906071,0.09047192335128784,-0.16868025064468384,-0.0742912809836298,0.027686595916748047,-0.2517634332180023,-0.07955450522774754,-0.03783482313156128,-0.2981061637401581,-0.07950290995711384,0.12710344791412354,-0.2561551630496979,-0.015403026296439748,0.11263281106948853,-0.37221115827560425,-0.04603788214797078,0.09076553583145142,-0.44963008165359497,-0.06912045138949452,0.07026809453964233,-0.5171799212694168,-0.08247830676907597,0.0691412091255188,-0.2722457945346832,-0.003722193232420068,0.0883283019065857,-0.3919076919555664,-0.0392512972938448,0.08915239572525024,-0.4697096049785614,-0.0636135186540514,0.09280186891555786,-0.5347644984722137,-0.07262122589224873,0.011546075344085693,-0.2672441899776459,-0.0021569650160699894,-0.013318121433258057,-0.3412189781665802,-0.06867615836733876,-0.021884441375732422,-0.27453941106796265,-0.09057407784337101,-0.017593443393707275,-0.21941381692886353,-0.0809448506223589,-0.03910553455352783,-0.25042402744293213,-0.00420142295831738,-0.05404430627822876,-0.30518314242362976,-0.055679890839996915,-0.04860126972198486,-0.2639930546283722,-0.06190226185196934,-0.04054516553878784,-0.22104626893997192,-0.051328517078104596
R,0.0,0.0,0.0,0.06782853603363037,-0.07064509391784668,-0.06344513614044445,0.09067463874816895,-0.16859084367752075,-0.07494147140846508,0.024420499801635742,-0.24934667348861694,-0.07908523101673381,-0.03788644075393677,-0.2974611818790436,-0.07750047017202633,0.12849098443984985,-0.2489982545375824,-0.01572089102432983,0.11053889989852905,-0.3649604916572571,-0.04765233788953083,0.0850798487663269,-0.44219261407852173,-0.07040910441742199,0.06301766633987427,-0.5106485933065414,-0.08336107451782482,0.06943434476852417,-0.2637948989868164,-0.0038217210242237343,0.08451610803604126,-0.3850666880607605,-0.04137241486773746,0.08110064268112183,-0.46134325861930847,-0.06540741790399807,0.08320999145507812,-0.5267250388860703,-0.07341776807174938,0.011626124382019043,-0.25839149951934814,-0.0022134354369427456,-0.018818259239196777,-0.330287367105484,-0.07325078565941112,-0.02260422706604004,-0.2593105137348175,-0.09403909016714351,-0.012418270111083984,-0.20299792289733887,-0.08215515334472911,-0.039096951484680176,-0.23996630311012268,-0.004227732963272501,-0.05607503652572632,-0.2919164299964905,-0.060520008395769764,-0.04732304811477661,-0.24607500433921814,-0.06660291571483867,-0.03589743375778198,-0.20082855224609375,-0.05460704882011669
R,0.0,0.0,0.0,0.10923629999160767,-0.06726735830307007,-0.13296137426334553,0.13544121384620667,-0.24266397953033447,-0.1489793327851885,0.02621525526046753,-0.35155725479125977,-0.1415596720977419,-0.08404003083705902,-0.40785637497901917,-0.12003796968895131,0.1629401445388794,-0.39140769839286804,-0.050619423876582914,0.140608012676239,-0.5631401538848877,-0.09841227207618886,0.11156493425369263,-0.6807087063789368,-0.12920838270622426,0.07945218682289124,-0.7765363156795502,-0.14644716356235676,0.076031893491745,-0.38904041051864624,-0.025657961632191473,0.09305030107498169,-0.591017484664917,-0.0773111921949976,0.10609447956085205,-0.6997130215167999,-0.10397614959913426,0.10731953382492065,-0.786290317773819,-0.10653384451109105,-0.01533535122871399,-0.3541715145111084,-0.022055579836546713,-0.060516878962516785,-0.46938520669937134,-0.14760560963588887,-0.028099119663238525,-0.3285982608795166,-0.17442840013939076,-0.007921576499938965,-0.2505798935890198,-0.14639030073124104,-0.10364297032356262,-0.2935439348220825,-0.02706550855475598,-0.10990923643112183,-0.381254106760025,-0.13539032314258748,-0.06962928175926208,-0.28149402141571045,-0.14393116209942036,-0.061139583587646484,-0.21142947673797607,-0.12201052580314808
R,0.0,0.0,0.0,0.06884849071502686,-0.06933629512786865,-0.06388007145915253,0.09268760681152344,-0.16717875003814697,-0.07417442691121323,0.027124643325805664,-0.2483239769935608,-0.07693844330106003,-0.0340999960899353,-0.29739439487457275,-0.07356883626971467,0.1275935173034668,-0.2446015179157257,-0.013033125033416582,0.11038893461227417,-0.36035317182540894,-0.04410708364639504,0.0845421552658081,-0.43709099292755127,-0.06618504267726166,0.06120389699935913,-0.5044316351413727,-0.07872296166215165,0.0693778395652771,-0.2561149597167969,-0.0010840033141903405,0.0838053822517395,-0.3768233060836792,-0.037901446638443304,0.078072190284729,-0.45345528423786163,-0.0614348654130481,0.07646024227142334,-0.51844921708107,-0.06900691282544358,0.012568414211273193,-0.24782711267471313,0.00012570870558192837,-0.021494805812835693,-0.3196590840816498,-0.071641527531483,-0.02428126335144043,-0.24880921840667725,-0.09242420685086472,-0.013453543186187744,-0.19429409503936768,-0.0801491816023372,-0.03861004114151001,-0.2268858551979065,-0.0023831056391827588,-0.05756312608718872,-0.279048889875412,-0.060256105331518484,-0.048698484897613525,-0.23249700665473938,-0.06716213416848404,-0.03696930408477783,-0.1884690523147583,-0.05549790751729233
R,0.0,0.0,0.0,0.0691877007484436,-0.06927114725112915,-0.06526903047637234,0.09215766191482544,-0.16682499647140503,-0.07689184680060634,0.02352696657180786,-0.24688127636909485,-0.08094467207268963,-0.040727972984313965,-0.29773691296577454,-0.0789065881021429,0.11681461334228516,-0.2552618980407715,-0.014774449946742152,0.09867531061172485,-0.3706604838371277,-0.04763259350733051,0.07224470376968384,-0.4457848072052002,-0.07099427267388592,0.04804801940917969,-0.5125444829463959,-0.08417467012480984,0.057715654373168945,-0.2608458995819092,-0.0037462672539163577,0.06937462091445923,-0.38759374618530273,-0.04119733333067188,0.06769871711730957,-0.46372607350349426,-0.06432010217980633,0.06885987520217896,-0.5269233882427216,-0.07123275085763225,0.0003243088722229004,-0.24549058079719543,-0.00389093913548777,-0.0352364182472229,-0.31325334310531616,-0.07871668770388851,-0.02865225076675415,-0.23881003260612488,-0.09934192135409603,-0.013002932071685791,-0.184367835521698,-0.08607012018040905,-0.05116713047027588,-0.21785974502563477,-0.007752045369159077,-0.07053893804550171,-0.2675158381462097,-0.0692351980455328,-0.05475735664367676,-0.21369510889053345,-0.07571309044436703,-0.038496196269989014,-0.16662335395812988,-0.06295291318969021
R,0.0,0.0,0.0,0.06872290372848511,-0.07096803188323975,-0.06510697042654101,0.09327054023742676,-0.17412501573562622,-0.076873687264424,0.022518813610076904,-0.2553956210613251,-0.08135777449319903,-0.0459330677986145,-0.3024144768714905,-0.08043364172885958,0.11051690578460693,-0.25556379556655884,-0.014047899451952617,0.09108585119247437,-0.37160345911979675,-0.048911449667912166,0.06411498785018921,-0.44597697257995605,-0.07208949064920489,0.03987133502960205,-0.513388603925705,-0.08477537816474978,0.049457848072052,-0.26092231273651123,-0.0031632673283183976,0.0583958625793457,-0.3898407518863678,-0.04612915327857081,0.05744659900665283,-0.4643896818161011,-0.0697708699674422,0.05868411064147949,-0.528587281703949,-0.07497927283952777,-0.0071604251861572266,-0.24436905980110168,-0.0031180101734662458,-0.0458410382270813,-0.30929669737815857,-0.08638663327405993,-0.033053576946258545,-0.2237536907196045,-0.10416447853754107,-0.013037145137786865,-0.16327285766601562,-0.08568349963138644,-0.05697125196456909,-0.2146410346031189,-0.006163547915321033,-0.07925373315811157,-0.259921133518219,-0.07564956432293002,-0.06100660562515259,-0.1955776810646057,-0.08014352357099597,-0.042640507221221924,-0.14375728368759155,-0.06334043031642977
R,0.0,0.0,0.0,0.06926620006561279,-0.07219737768173218,-0.07151886046477784,0.09493786096572876,-0.17264342308044434,-0.08169893146106233,0.027152717113494873,-0.2495635747909546,-0.08268322021314134,-0.039548635482788086,-0.29797518253326416,-0.0773022842461728,0.11116361618041992,-0.2615406811237335,-0.015661786949124235,0.09218835830688477,-0.37453413009643555,-0.047902565156903165,0.06458401679992676,-0.44781601428985596,-0.06956787378140916,0.040600717067718506,-0.5145622044801712,-0.08097811759063234,0.05151766538619995,-0.2672334611415863,-0.0011328355743103202,0.060919344425201416,-0.3948459029197693,-0.03898211911865701,0.057773053646087646,-0.47258496284484863,-0.06157501012631883,0.0581931471824646,-0.5376226007938385,-0.06685265124389161,-0.004587113857269287,-0.2505110502243042,0.0012965107468403403,-0.04133206605911255,-0.314538836479187,-0.07838134438344468,-0.03178143501281738,-0.23099082708358765,-0.1006547805721425,-0.01342397928237915,-0.17198002338409424,-0.0856912356669568,-0.05295407772064209,-0.22124218940734863,-0.00014092227348783126,-0.07356828451156616,-0.2705964148044586,-0.06542293698140611,-0.05775606632232666,-0.21603727340698242,-0.0733635869676732,-0.04221290349960327,-0.16935253143310547,-0.060360423927988904
R,0.0,0.0,0.0,0.07510769367218018,-0.06935209035873413,-0.06851813808253837,0.0985802412033081,-0.1781063675880432,-0.07871655240825248,0.024444639682769775,-0.2589734196662903,-0.08088226482442451,-0.04697000980377197,-0.3052411377429962,-0.07723743334582878,0.10527217388153076,-0.26475757360458374,-0.01471887022427154,0.08562570810317993,-0.38250425457954407,-0.049745945783172374,0.059902310371398926,-0.4570721983909607,-0.07357981667092872,0.035941898822784424,-0.5242454409599304,-0.08709693566135002,0.04279714822769165,-0.2644232511520386,-0.004439773561273341,0.048808932304382324,-0.3977496922016144,-0.04634731501511169,0.047301530838012695,-0.4759095013141632,-0.07075673207810951,0.04586237668991089,-0.5423351228237152,-0.07729990646413398,-0.014649510383605957,-0.24211227893829346,-0.005964065028194909,-0.04975426197052002,-0.3098190128803253,-0.09074521675876213,-0.032523393630981445,-0.22545945644378662,-0.11087456211618019,-0.0130997896194458,-0.16973590850830078,-0.09424838289788795,-0.0657162070274353,-0.20642751455307007,-0.011025526152764087,-0.08451873064041138,-0.2553707957267761,-0.0821579755859716,-0.06290853023529053,-0.1945684552192688,-0.08880558476022316,-0.04692649841308594,-0.14649009704589844,-0.07432471826842857
R,0.0,0.0,0.0,0.07208609580993652,-0.06774425506591797,-0.07357447109416171,0.09211122989654541,-0.17740875482559204,-0.0862707894225423,0.019153296947479248,-0.26007431745529175,-0.08884111306861087,-0.04838395118713379,-0.307904452085495,-0.08504887930348559,0.1056395173072815,-0.26604264974594116,-0.028472990535647114,0.08548402786254883,-0.3865324854850769,-0.06753867379620715,0.05972045660018921,-0.4605606198310852,-0.09300859532550021,0.031867384910583496,-0.5257688760757446,-0.1060071613569562,0.04467165470123291,-0.26671528816223145,-0.015239107229263027,0.05324429273605347,-0.4033595025539398,-0.057822732992917736,0.04888838529586792,-0.4810866117477417,-0.08052344135239764,0.04289281368255615,-0.5470762848854065,-0.0844174276967351,-0.013103485107421875,-0.24617576599121094,-0.013646779388636787,-0.0518684983253479,-0.3067514896392822,-0.09552104286149188,-0.033545851707458496,-0.22388136386871338,-0.11466513089135333,-0.01052391529083252,-0.1719374656677246,-0.09725024811223193,-0.06568104028701782,-0.2115129828453064,-0.016265610971004207,-0.08595579862594604,-0.25394827127456665,-0.08291573337510272,-0.06434553861618042,-0.1915314793586731,-0.08691048137143298,-0.04699671268463135,-0.1455274224281311,-0.07051541171267672
R,0.0,0.0,0.0,0.07276511192321777,-0.06787580251693726,-0.06721941712606849,0.09366309642791748,-0.17112582921981812,-0.08168736431110801,0.021873831748962402,-0.2478545904159546,-0.08909898582209053,-0.047526001930236816,-0.2944488525390625,-0.09101765933741035,0.09532874822616577,-0.2645653486251831,-0.021544863985070606,0.07552075386047363,-0.3809042274951935,-0.06002195137847366,0.04980510473251343,-0.45445799827575684,-0.08633847120512428,0.0217055082321167,-0.5187371969223022,-0.10029249224174919,0.035727500915527344,-0.2618740200996399,-0.01274181488264503,0.04276686906814575,-0.3976772725582123,-0.05609474289525451,0.04037177562713623,-0.4769492745399475,-0.08001219067085685,0.03543400764465332,-0.540827602148056,-0.08506987574804725,-0.0203857421875,-0.23688918352127075,-0.015115023174473663,-0.058486104011535645,-0.29514914751052856,-0.09596154424656334,-0.03897207975387573,-0.2172134518623352,-0.11380825522650184,-0.015715181827545166,-0.16534441709518433,-0.09631431433666648,-0.07265549898147583,-0.19901984930038452,-0.02134961593259277,-0.09238159656524658,-0.24186605215072632,-0.08681394490707817,-0.07000613212585449,-0.1807767152786255,-0.08933709147680702,-0.05119353532791138,-0.13476622104644775,-0.07237939122427406
R,0.0,0.0,0.0,0.06781524419784546,-0.07453852891921997,-0.06384255048152454,0.08973991870880127,-0.18002748489379883,-0.07587145325061329,0.020842373371124268,-0.25659608840942383,-0.08168824073192127,-0.04738128185272217,-0.3021236062049866,-0.0821314012658263,0.09085577726364136,-0.2714327573776245,-0.011764543692436291,0.06856244802474976,-0.38695991039276123,-0.04572480228063114,0.042482078075408936,-0.457981675863266,-0.06852608230229862,0.016615569591522217,-0.5209764242172241,-0.07988274898644931,0.03218024969100952,-0.2699657082557678,-0.0027306690838599934,0.03435295820236206,-0.4096473455429077,-0.04256949257370479,0.03173023462295532,-0.4881349802017212,-0.06383687313910968,0.029366016387939453,-0.5519285798072815,-0.06646484192725666,-0.021310389041900635,-0.2471504807472229,-0.004807785714831425,-0.0625186562538147,-0.3082040548324585,-0.08379599508162983,-0.04514169692993164,-0.22513020038604736,-0.09938051607724674,-0.02265465259552002,-0.17044419050216675,-0.07977704759952076,-0.06971758604049683,-0.21175497770309448,-0.010296838919487072,-0.09425193071365356,-0.25917237997055054,-0.07264241632339008,-0.07547885179519653,-0.1934300661087036,-0.07211153265353687,-0.056585609912872314,-0.14453530311584473,-0.052981500143971516
R,0.0,0.0,0.0,0.0658426284790039,-0.07510876655578613,-0.0660343033472941,0.08190757036209106,-0.1817331314086914,-0.08067396406335092,0.010092496871948242,-0.2588958740234375,-0.08837887022895075,-0.059843480587005615,-0.3012239336967468,-0.09071295831603265,0.08973640203475952,-0.26643913984298706,-0.0221859918187306,0.06583195924758911,-0.389024943113327,-0.06204224501055933,0.03870576620101929,-0.46373194456100464,-0.08858284477395273,0.009441077709197998,-0.5292330086231232,-0.10230115924281336,0.031992554664611816,-0.26658689975738525,-0.012775461489979989,0.036589860916137695,-0.40278246998786926,-0.059055042753641374,0.02734231948852539,-0.48003172874450684,-0.0840481383006022,0.016293048858642578,-0.543944388628006,-0.08899063740176416,-0.02297651767730713,-0.24706745147705078,-0.014027549254421956,-0.06382787227630615,-0.30426687002182007,-0.0946564090649531,-0.047982096672058105,-0.22506654262542725,-0.110803813974087,-0.025435447692871094,-0.1725245714187622,-0.09188591812056757,-0.07468736171722412,-0.21473067998886108,-0.019159605095808274,-0.09743905067443848,-0.25598400831222534,-0.08135260764760233,-0.07773065567016602,-0.19401419162750244,-0.08136954281729913,-0.05897951126098633,-0.1475740671157837,-0.06271045778197504
R,0.0,0.0,0.0,0.0675896406173706,-0.07074683904647827,-0.05993503506124398,0.08923065662384033,-0.17294025421142578,-0.07104296783745667,0.02324610948562622,-0.24662870168685913,-0.07711583177388093,-0.04525512456893921,-0.28949105739593506,-0.0780524815136232,0.08524882793426514,-0.27185434103012085,-0.006802267737839429,0.06389981508255005,-0.37953099608421326,-0.040110053371790855,0.036792755126953125,-0.44818657636642456,-0.06484522471964738,0.007920265197753906,-0.5090826749801636,-0.07839686970055482,0.027664542198181152,-0.2678561210632324,-0.001192675780657737,0.028579771518707275,-0.3981627821922302,-0.040736852090958564,0.02516549825668335,-0.47879207134246826,-0.06533329735339066,0.019516050815582275,-0.5455361306667328,-0.07155457685530564,-0.025666356086730957,-0.24202167987823486,-0.00665698048487684,-0.0635983943939209,-0.2966526746749878,-0.08466078887522599,-0.04205644130706787,-0.21550995111465454,-0.10398588131010911,-0.018953442573547363,-0.16203904151916504,-0.08804490218699357,-0.07495468854904175,-0.2035028338432312,-0.015537343796495406,-0.09310626983642578,-0.24896502494812012,-0.07854016671717545,-0.07200437784194946,-0.18599563837051392,-0.08121266017496964,-0.053906261920928955,-0.13923770189285278,-0.06507265369236848
