label,f0,f1,f2,f3,f4,f5,f6,f7,f8,f9,f10,f11,f12,f13,f14,f15,f16,f17,f18,f19,f20,f21,f22,f23,f24,f25,f26,f27,f28,f29,f30,f31,f32,f33,f34,f35,f36,f37,f38,f39,f40,f41,f42,f43,f44,f45,f46,f47,f48,f49,f50,f51,f52,f53,f54,f55,f56,f57,f58,f59,f60,f61,f62
V,0.0,0.0,0.0,0.13652414083480835,-0.07100200653076172,-0.06677325367240883,0.16246283054351807,-0.24002885818481445,-0.08730174898414589,0.0201798677444458,-0.32782864570617676,-0.10533294379024483,-0.09946224093437195,-0.34658801555633545,-0.1201870694687841,0.1447013020515442,-0.3386647701263428,-0.041984173648643264,0.18717968463897705,-0.5286775231361389,-0.09178375750093437,0.20266908407211304,-0.6556990146636963,-0.11731297820119835,0.21675711870193481,-0.7541498839855194,-0.12955238967447258,0.03845536708831787,-0.33841943740844727,-0.049267920844840773,0.033924102783203125,-0.5526205897331238,-0.11338395922689415,0.03035449981689453,-0.696265459060669,-0.15099486260919548,0.024986863136291504,-0.8106730580329895,-0.16318930237798668,-0.05542409420013428,-0.30660706758499146,-0.06451935618429161,-0.08819249272346497,-0.42019400000572205,-0.1798750713398931,-0.049105674028396606,-0.3047347664833069,-0.19601854234247185,-0.02792942523956299,-0.21879756450653076,-0.16689927428274132,-0.14276474714279175,-0.2511058449745178,-0.08156626223831154,-0.14224377274513245,-0.3344178795814514,-0.1714953437378881,-0.09617429971694946,-0.24498498439788818,-0.1646119162371633,-0.07723766565322876,-0.17169368267059326,-0.13503658323793388
V,0.0,0.0,0.0,0.15607398748397827,-0.08357149362564087,-0.07285233405468716,0.1852979063987732,-0.26946932077407837,-0.09194639888642087,0.029383182525634766,-0.351643443107605,-0.10858157840607419,-0.10815927386283875,-0.3316704034805298,-0.12315266397831692,0.15349769592285156,-0.3775554299354553,-0.0395413432740952,0.18895703554153442,-0.5780626535415649,-0.09246476558087124,0.20472288131713867,-0.710307389497757,-0.12187488195536389,0.2212337851524353,-0.8145319223403931,-0.1367860567295338,0.03417867422103882,-0.372417688369751,-0.04600699064371838,0.025299668312072754,-0.5896709561347961,-0.11158384946224942,0.022010445594787598,-0.7370376288890839,-0.1527341884100224,0.017295122146606445,-0.8536967933177948,-0.16734573063490643,-0.07011145353317261,-0.33317136764526367,-0.0616023969375874,-0.09339398145675659,-0.45148640871047974,-0.18659813520548596,-0.04267525672912598,-0.325386106967926,-0.20890162703631177,-0.016586363315582275,-0.223732590675354,-0.18007691022990002,-0.16648799180984497,-0.2670660614967346,-0.07895099935171856,-0.16131842136383057,-0.35664111375808716,-0.179145930381992,-0.10123872756958008,-0.2646493911743164,-0.17563964244959607,-0.07335400581359863,-0.1814630627632141,-0.14550454733011975
V,0.0,0.0,0.0,0.1564953327178955,-0.07904398441314697,-0.06926759135922111,0.1894211769104004,-0.2687574028968811,-0.08214780491789497,0.03358757495880127,-0.353268027305603,-0.09276868206461586,-0.10861927270889282,-0.3290119767189026,-0.10181614560087837,0.15342473983764648,-0.3839048445224762,-0.024783350424968376,0.19766664505004883,-0.5783936083316803,-0.06553955924709953,0.21733415126800537,-0.706314206123352,-0.08886907053192772,0.23707258701324463,-0.8080305755138397,-0.10241998535593666,0.033458828926086426,-0.3769313395023346,-0.030882898615800514,0.023940622806549072,-0.582598865032196,-0.08527231764992393,0.025144755840301514,-0.7230744361877441,-0.12294120890101112,0.024552881717681885,-0.834753155708313,-0.13844618749817528,-0.07094252109527588,-0.33334505558013916,-0.04646730971535362,-0.0946776270866394,-0.456428200006485,-0.1669989581127993,-0.04396393895149231,-0.32865679264068604,-0.19386734616955437,-0.019154012203216553,-0.2252519726753235,-0.1706814224739901,-0.1689540147781372,-0.2630542516708374,-0.06318884146412529,-0.16084140539169312,-0.35413849353790283,-0.16763561022480644,-0.10094821453094482,-0.25724226236343384,-0.17117709469994224,-0.07282370328903198,-0.16978168487548828,-0.14681937349041618
V,0.0,0.0,0.0,0.1368337869644165,-0.054317474365234375,-0.07248915595687322,0.16892218589782715,-0.2066936492919922,-0.08939673615373067,0.04328787326812744,-0.28874701261520386,-0.1011561216203063,-0.06475967168807983,-0.29579341411590576,-0.11051650209105901,0.14777356386184692,-0.33290475606918335,-0.04047599671162061,0.17939072847366333,-0.5092853307723999,-0.08461053533233098,0.1892327070236206,-0.6196037828922272,-0.1095414222565978,0.19800442457199097,-0.7096849083900452,-0.12217797947801046,0.04643365740776062,-0.32819461822509766,-0.041272832581171315,0.03716900944709778,-0.5219783186912537,-0.09741701049483709,0.030876606702804565,-0.649247482419014,-0.13408522171653203,0.02722829580307007,-0.7536064982414246,-0.14747097952044896,-0.04057362675666809,-0.28925657272338867,-0.05053563652313642,-0.06317675113677979,-0.3854196071624756,-0.15914182228721074,-0.03366351127624512,-0.27835404872894287,-0.18137945098555974,-0.01552090048789978,-0.19878828525543213,-0.15875774485743932,-0.1231352835893631,-0.2281322479248047,-0.061723581084379475,-0.12375609576702118,-0.29945307970046997,-0.1509310142484992,-0.08310997486114502,-0.2158685326576233,-0.1491994993177741,-0.05946233868598938,-0.14718914031982422,-0.12348121268428258
V,0.0,0.0,0.0,0.12725844979286194,-0.06618928909301758,-0.057531584011712766,0.1521507203578949,-0.22420883178710938,-0.0682528502813966,0.03324350714683533,-0.3044867515563965,-0.07719807695070813,-0.06705889105796814,-0.31501132249832153,-0.08400231223026822,0.13986560702323914,-0.3366544246673584,-0.024098902898231245,0.1752561330795288,-0.5097475051879883,-0.06406344096581051,0.18727746605873108,-0.6178690791130066,-0.08472399781862805,0.19646701216697693,-0.7042461037635803,-0.09432216356913159,0.0416511595249176,-0.3330702781677246,-0.03155338387409756,0.03735989332199097,-0.5209739208221436,-0.08537599812666485,0.032719552516937256,-0.6435719728469849,-0.11966732512632916,0.02986791729927063,-0.7442685663700104,-0.13069139044205258,-0.043014973402023315,-0.2952970266342163,-0.04684935505906651,-0.0709603875875473,-0.3865317106246948,-0.1534201614133508,-0.04433754086494446,-0.2794651985168457,-0.17636854569832394,-0.026142805814743042,-0.20180702209472656,-0.15410455684582303,-0.12091414630413055,-0.23313641548156738,-0.06292284648338864,-0.12880286574363708,-0.3009544014930725,-0.1517668775788934,-0.09051007032394409,-0.21571576595306396,-0.15200242023388455,-0.06676134467124939,-0.14781445264816284,-0.12730137627045224
V,0.0,0.0,0.0,0.12635692954063416,-0.07402819395065308,-0.06024794278630452,0.155624121427536,-0.23470169305801392,-0.07200733570346074,0.034047067165374756,-0.3137754201889038,-0.08105383811482625,-0.07569938898086548,-0.3054254651069641,-0.08850202707537846,0.13749155402183533,-0.3438482880592346,-0.031330712120620774,0.17133617401123047,-0.5161401629447937,-0.07199541477450566,0.18176376819610596,-0.6222648918628693,-0.09348060933837132,0.19216737151145935,-0.7079481184482574,-0.1035497635413094,0.0412352979183197,-0.3408185839653015,-0.03686920924076276,0.03921312093734741,-0.5260602235794067,-0.08756956456193166,0.03389677405357361,-0.6464206576347351,-0.11898043004759984,0.03127884864807129,-0.7444612979888916,-0.12900960443505483,-0.04162988066673279,-0.3028457760810852,-0.05017505956777768,-0.06592924892902374,-0.391714870929718,-0.1487971693087502,-0.03849300742149353,-0.2884448766708374,-0.16938714681157307,-0.020338863134384155,-0.21122491359710693,-0.14795821903237538,-0.11781106889247894,-0.24030262231826782,-0.06510251758584218,-0.12570415437221527,-0.3077441453933716,-0.14395217595586018,-0.08481103181838989,-0.23143494129180908,-0.14089758692273335,-0.05938613414764404,-0.1664014458656311,-0.11616335807332234
V,0.0,0.0,0.0,0.12286072969436646,-0.06189918518066406,-0.054778352533503494,0.15029782056808472,-0.21255308389663696,-0.06884316370360466,0.028674989938735962,-0.2953646779060364,-0.08123718217484566,-0.07512834668159485,-0.30904972553253174,-0.09193472579590889,0.13986700773239136,-0.31515538692474365,-0.033934120242520294,0.16876807808876038,-0.4881528913974762,-0.0742943362938604,0.1785096824169159,-0.5954632759094238,-0.09456324592702003,0.1861836314201355,-0.6798730790615082,-0.10456985250584694,0.04435849189758301,-0.3129301071166992,-0.04092526451222511,0.036957889795303345,-0.501738429069519,-0.09396953151099297,0.03292486071586609,-0.6196664273738861,-0.12668703511826607,0.03080812096595764,-0.7142834961414337,-0.13807447270028206,-0.03838169574737549,-0.2771264910697937,-0.05401866525880905,-0.06541939079761505,-0.3690439462661743,-0.1522829385148725,-0.03790023922920227,-0.2719564437866211,-0.1705305726873121,-0.01999300718307495,-0.19816595315933228,-0.1494576634513578,-0.11596043407917023,-0.22097879648208618,-0.06788458690516563,-0.12349392473697662,-0.2853732705116272,-0.1493978203880033,-0.08774019777774811,-0.21062195301055908,-0.1477929951297483,-0.06447944045066833,-0.14952528476715088,-0.12466275707356544
V,0.0,0.0,0.0,0.11858195066452026,-0.07724034786224365,-0.04681514922367569,0.14884686470031738,-0.2256367802619934,-0.05597000915395256,0.04353061318397522,-0.3000457286834717,-0.06606391791092392,-0.051532164216041565,-0.3103320002555847,-0.07430846217857834,0.13032808899879456,-0.3290819525718689,-0.01475101962523695,0.15928548574447632,-0.49770742654800415,-0.05183875907050606,0.16959121823310852,-0.6013239026069641,-0.07241515789019104,0.17854243516921997,-0.6848483383655548,-0.08239892843948837,0.03874751925468445,-0.323495090007782,-0.024537818243970833,0.02838057279586792,-0.5039910674095154,-0.07472021106468674,0.02302435040473938,-0.6221142411231995,-0.10787428144203659,0.020808368921279907,-0.718468427658081,-0.11985785487877365,-0.040734559297561646,-0.2851528525352478,-0.041002288198342285,-0.06112964451313019,-0.3753102421760559,-0.13547129902826782,-0.03476434946060181,-0.27804362773895264,-0.15418849859224792,-0.018548280000686646,-0.20463019609451294,-0.1338180896996164,-0.11335057020187378,-0.22550839185714722,-0.05821249980317589,-0.12025140225887299,-0.2898164987564087,-0.1353766617535257,-0.08555296063423157,-0.21705055236816406,-0.13331246349798676,-0.06443454325199127,-0.15788906812667847,-0.11022437337624069
V,0.0,0.0,0.0,0.11968261003494263,-0.07004988193511963,-0.052356613233087046,0.14369046688079834,-0.2206541895866394,-0.06301747764587162,0.03651612997055054,-0.3048185706138611,-0.07370634879112004,-0.058840587735176086,-0.3231944441795349,-0.08212428297042607,0.12932822108268738,-0.32337236404418945,-0.0183017713868594,0.15867939591407776,-0.48708581924438477,-0.0563852874481654,0.16696736216545105,-0.5902000367641449,-0.0780060341501212,0.17490971088409424,-0.6735880672931671,-0.08934152628421543,0.03797468543052673,-0.31659364700317383,-0.025681858315465433,0.024819612503051758,-0.494608998298645,-0.08120694513559101,0.018085449934005737,-0.6145370900630951,-0.11730071659326313,0.016502857208251953,-0.71227166056633,-0.13081795479297398,-0.03975746035575867,-0.2783423066139221,-0.03977373744487522,-0.06780470907688141,-0.3699758052825928,-0.14096045996188877,-0.039985865354537964,-0.2708396911621094,-0.1590180745267844,-0.02139824628829956,-0.19553261995315552,-0.13624318446159123,-0.11101210117340088,-0.2204611897468567,-0.054851648762223704,-0.12526704370975494,-0.28994643688201904,-0.13924906159877537,-0.08727328479290009,-0.2163478136062622,-0.13878062869548558,-0.063179150223732,-0.15506577491760254,-0.1152728399181342
V,0.0,0.0,0.0,0.11006742715835571,-0.08059650659561157,-0.054424858581910485,0.13043805956840515,-0.23037755489349365,-0.06975030426372086,0.01873922348022461,-0.3165520429611206,-0.08473688636411225,-0.08134335279464722,-0.3320118188858032,-0.09644925866712128,0.12236553430557251,-0.32053321599960327,-0.025720504042396897,0.1529984474182129,-0.4921252727508545,-0.06479209933866059,0.1621975600719452,-0.5944427847862244,-0.08533074979175126,0.169339120388031,-0.6782739162445068,-0.0956060988127092,0.03260695934295654,-0.31946784257888794,-0.032840280723462456,0.025161415338516235,-0.5016944110393524,-0.08446239952434098,0.02222442626953125,-0.616235077381134,-0.11531655017722642,0.019246846437454224,-0.7097465395927429,-0.12588031117309129,-0.045781493186950684,-0.2852487564086914,-0.04746208239782845,-0.07573547959327698,-0.3732665777206421,-0.14401724461902177,-0.0481051504611969,-0.2797093391418457,-0.16452978078712022,-0.0288742333650589,-0.2078905701637268,-0.14502049509871995,-0.11631180346012115,-0.23189204931259155,-0.06351746891130006,-0.1286163628101349,-0.29620224237442017,-0.13968663935054337,-0.09442029893398285,-0.22958534955978394,-0.14031481270183122,-0.07106888294219971,-0.1719878911972046,-0.12025152419198548
V,0.0,0.0,0.0,0.11628353595733643,-0.07385581731796265,-0.05039576784383826,0.13519573211669922,-0.2294778823852539,-0.06126577750455908,0.033263176679611206,-0.3197562098503113,-0.0722806488038259,-0.06530646979808807,-0.31973332166671753,-0.0814422179819303,0.12984049320220947,-0.3202924132347107,-0.023794857493157906,0.1596115529537201,-0.49115484952926636,-0.06109348655354552,0.16976246237754822,-0.5930517315864563,-0.08032694802295737,0.17829209566116333,-0.674095094203949,-0.08965184137832694,0.04108509421348572,-0.3198290467262268,-0.031303055292482895,0.0345158576965332,-0.4996369481086731,-0.08173786447059683,0.030323803424835205,-0.6134071946144104,-0.11090748355400137,0.027472347021102905,-0.7043497264385223,-0.12037010089170508,-0.03770790994167328,-0.2873855233192444,-0.04551417723905615,-0.06385302543640137,-0.3762790560722351,-0.13740001217138342,-0.03812560439109802,-0.2809816598892212,-0.1531546522737699,-0.019671261310577393,-0.20755159854888916,-0.13147209182989172,-0.11224660277366638,-0.23403024673461914,-0.061231959319229645,-0.12354272603988647,-0.30484312772750854,-0.13279984489690833,-0.08819074928760529,-0.235423743724823,-0.1290835399986463,-0.06377056241035461,-0.17558586597442627,-0.10674266860496573
V,0.0,0.0,0.0,0.11623844504356384,-0.08608782291412354,-0.04728212934287512,0.137617290019989,-0.2420080304145813,-0.049419127221426606,0.02849036455154419,-0.31823623180389404,-0.051760073567947984,-0.07646198570728302,-0.30903923511505127,-0.05177756380589926,0.11672627925872803,-0.32902801036834717,0.0016019516128835676,0.14694219827651978,-0.4877820909023285,-0.02543457579167807,0.15579959750175476,-0.5857051610946655,-0.04180459287317717,0.1653847098350525,-0.6655156016349792,-0.05042215418370688,0.02882826328277588,-0.32132911682128906,-0.006296807716807962,0.020748019218444824,-0.4930644631385803,-0.045319188202938676,0.016506314277648926,-0.6078368425369263,-0.07444079947026694,0.014574259519577026,-0.6975088715553284,-0.08578454684766257,-0.04838830232620239,-0.2834852933883667,-0.022425222958645463,-0.07757879793643951,-0.36998623609542847,-0.11133822035344565,-0.04599869251251221,-0.27750343084335327,-0.1339862717345568,-0.026281848549842834,-0.20474159717559814,-0.11699858289512122,-0.11973604559898376,-0.2269609570503235,-0.03972573932560408,-0.13244028389453888,-0.295570969581604,-0.11242819559129202,-0.0930820107460022,-0.22842693328857422,-0.11327098291667426,-0.07104708254337311,-0.1673579216003418,-0.0941344125226351
V,0.0,0.0,0.0,0.11226451396942139,-0.07864201068878174,-0.05211502401743928,0.13103488087654114,-0.2348586916923523,-0.061946236478434,0.02879101037979126,-0.31844186782836914,-0.07026303647671739,-0.07704436779022217,-0.3214668035507202,-0.07652872143899003,0.11929440498352051,-0.3154550790786743,-0.024824398519740498,0.148148775100708,-0.48548078536987305,-0.05825566961084405,0.15753638744354248,-0.5857323408126831,-0.07654210268174211,0.16773051023483276,-0.6687359809875488,-0.08558006672774354,0.034433960914611816,-0.31686335802078247,-0.029514926435695088,0.030180424451828003,-0.49349474906921387,-0.07366357831870118,0.02770569920539856,-0.6098102629184723,-0.10228211520825425,0.027013182640075684,-0.7036195397377014,-0.1130346068612198,-0.04221978783607483,-0.28904926776885986,-0.040860594200239575,-0.07254871726036072,-0.37567949295043945,-0.12548664300356904,-0.0446460098028183,-0.2799168825149536,-0.14130653529082338,-0.026285529136657715,-0.2063286304473877,-0.12210715650235215,-0.11266748607158661,-0.24074196815490723,-0.054131791876898205,-0.12281401455402374,-0.30647915601730347,-0.12067060260687867,-0.08469751477241516,-0.24053478240966797,-0.11668159155760804,-0.062380313873291016,-0.18171489238739014,-0.09557136981402437
V,0.0,0.0,0.0,0.12023372948169708,-0.08167707920074463,-0.04923594024455724,0.1357010155916214,-0.24158203601837158,-0.050361953940750936,0.020860984921455383,-0.32379961013793945,-0.050142567869784216,-0.08690255880355835,-0.30743134021759033,-0.04746119331991849,0.12019632756710052,-0.3195706009864807,-0.0009016720317731597,0.15246222913265228,-0.4783741235733032,-0.023044418808581213,0.16222582757472992,-0.5742375254631042,-0.03666379701769529,0.16971562802791595,-0.653960108757019,-0.0442699122098702,0.03085283935070038,-0.3123316764831543,-0.004686090428890566,0.023626789450645447,-0.47978681325912476,-0.041347500201823095,0.022700414061546326,-0.5941704213619232,-0.06959666710770307,0.02065737545490265,-0.6867036521434784,-0.08101359408772169,-0.04842190444469452,-0.2788369655609131,-0.015968738388778547,-0.07044476270675659,-0.36203643679618835,-0.09978776079094587,-0.03758800029754639,-0.2684289216995239,-0.12063377749598203,-0.022159472107887268,-0.1972057819366455,-0.10375827949917493,-0.12341959774494171,-0.22945213317871094,-0.028695410382511,-0.12522688508033752,-0.297596275806427,-0.09695338111794172,-0.08827002346515656,-0.22814077138900757,-0.09670688610947309,-0.07270444929599762,-0.16652822494506836,-0.07801115911877332
V,0.0,0.0,0.0,0.1192796379327774,-0.08498936891555786,-0.04255474079218402,0.1390046924352646,-0.23199033737182617,-0.04403070080843463,0.026980116963386536,-0.30801647901535034,-0.04615358356204524,-0.07676447927951813,-0.29504406452178955,-0.04711229447093501,0.11683352291584015,-0.3003295660018921,0.000298446686429088,0.15054826438426971,-0.4594353139400482,-0.02453629206684127,0.16098178923130035,-0.5560919642448425,-0.03936820570197597,0.1703505963087082,-0.6363742351531982,-0.04690286982622638,0.02968783676624298,-0.2950654625892639,-0.005920760331719066,0.02416403591632843,-0.4636092185974121,-0.04393061715927615,0.024467244744300842,-0.5789661407470703,-0.07239597756233707,0.024300768971443176,-0.6724924147129059,-0.08381450641718402,-0.047704100608825684,-0.26416534185409546,-0.01865301187899604,-0.06738829612731934,-0.3535318076610565,-0.10175732243624225,-0.035406529903411865,-0.2622082829475403,-0.12028848100271716,-0.020592138171195984,-0.18980371952056885,-0.10215603280630603,-0.12211449444293976,-0.21511441469192505,-0.03197476360764995,-0.12276877462863922,-0.28781718015670776,-0.09880964923468127,-0.085033118724823,-0.220475435256958,-0.09561554807987704,-0.06883369386196136,-0.15732431411743164,-0.07457212079134479
V,0.0,0.0,0.0,0.11573803424835205,-0.08179312944412231,-0.04190777223959685,0.13299378752708435,-0.23433804512023926,-0.038205381300599583,0.026530057191848755,-0.3100586533546448,-0.03516532835021735,-0.07679764926433563,-0.2895287871360779,-0.03027556445852042,0.12375864386558533,-0.30893468856811523,0.012501881640105239,0.155585378408432,-0.4562663435935974,-0.008027785275430688,0.1688128113746643,-0.5508907437324524,-0.023504260745198735,0.17818313837051392,-0.6285804510116577,-0.03353677671805144,0.035390764474868774,-0.3005219101905823,0.0036779336591052925,0.028172850608825684,-0.4628213047981262,-0.029190962951929578,0.031050533056259155,-0.5722697079181671,-0.058758046295793065,0.030361056327819824,-0.6615192592144012,-0.07244985532418013,-0.045987337827682495,-0.26647472381591797,-0.013057782132477769,-0.06145784258842468,-0.3544932007789612,-0.09667938929453612,-0.02731548249721527,-0.2586684823036194,-0.11948249470844985,-0.015364065766334534,-0.18832266330718994,-0.10435720514908553,-0.1241970807313919,-0.21522271633148193,-0.030961163159759053,-0.11779093742370605,-0.286709189414978,-0.10188279282704116,-0.07885457575321198,-0.2171688675880432,-0.10417717677012206,-0.06506246328353882,-0.15562492609024048,-0.08738995325222731
V,0.0,0.0,0.0,0.11441126465797424,-0.07904911041259766,-0.047903874098324195,0.13063859939575195,-0.2326449155807495,-0.05152496802713813,0.023452579975128174,-0.3044305443763733,-0.053921071021818534,-0.07980312407016754,-0.2900954484939575,-0.05483099180366935,0.119304358959198,-0.30356431007385254,-0.011023491761648074,0.15079176425933838,-0.45519909262657166,-0.03747223052289428,0.16165578365325928,-0.5475816130638123,-0.05281018572952689,0.16957128047943115,-0.6240926384925842,-0.061299373536371604,0.031266242265701294,-0.296786367893219,-0.01694091889169158,0.025425076484680176,-0.46260297298431396,-0.055318237422966376,0.025861993432044983,-0.5722692608833313,-0.08214733856823386,0.023299843072891235,-0.6609446704387665,-0.09242776143457831,-0.047716349363327026,-0.26496678590774536,-0.029951646133326904,-0.06720012426376343,-0.354366272687912,-0.11410758751537742,-0.03467215597629547,-0.2597348093986511,-0.13233419614937247,-0.021755605936050415,-0.19096994400024414,-0.11415985333826484,-0.12100625038146973,-0.21607428789138794,-0.044329707651399985,-0.11768545210361481,-0.28839588165283203,-0.112401069282555,-0.08227872848510742,-0.2198140025138855,-0.11052898424770774,-0.07096157968044281,-0.16034406423568726,-0.09101683008577766
V,0.0,0.0,0.0,0.1122751235961914,-0.08117961883544922,-0.04571358683983817,0.12494343519210815,-0.23642206192016602,-0.046994878086252356,0.022595971822738647,-0.3219571113586426,-0.04711720544378295,-0.07995744049549103,-0.3215680718421936,-0.04423016879241004,0.11594575643539429,-0.2987557053565979,-0.004689819752229596,0.14871591329574585,-0.45944297313690186,-0.027727469908995772,0.16002178192138672,-0.5522269010543823,-0.04061583999077811,0.16880205273628235,-0.630222886800766,-0.04720297652761474,0.032930001616477966,-0.2940672039985657,-0.008685103724701548,0.02988719940185547,-0.465023934841156,-0.044616496297521735,0.0319640189409256,-0.5753204524517059,-0.06996147159020438,0.03148148953914642,-0.6640168130397797,-0.0794993695942594,-0.04216194152832031,-0.2670212984085083,-0.020006954777045394,-0.06523208320140839,-0.3511825203895569,-0.09918454858939185,-0.038527101278305054,-0.260590136051178,-0.11654472920577064,-0.026233971118927002,-0.19252407550811768,-0.0992149544088079,-0.11294639110565186,-0.22612929344177246,-0.03299879852215781,-0.10960343480110168,-0.29289108514785767,-0.09341333630959525,-0.08126023411750793,-0.22904759645462036,-0.0910587516752912,-0.07230977714061737,-0.17445850372314453,-0.073260223600073
V,0.0,0.0,0.0,0.1103663295507431,-0.08908867835998535,-0.03966213970886656,0.12776689231395721,-0.235399067401886,-0.04940011560427138,0.018716469407081604,-0.3088659644126892,-0.061038604224791015,-0.08457477390766144,-0.30988067388534546,-0.07083302944408842,0.10672320425510406,-0.3020610809326172,-0.01268981419013926,0.13831783831119537,-0.4608897268772125,-0.04417383133875319,0.1489378660917282,-0.5547752976417542,-0.06208741127954909,0.15786392986774445,-0.6326829791069031,-0.0709013959716458,0.021726369857788086,-0.29590022563934326,-0.022480901549329246,0.019367069005966187,-0.4638090133666992,-0.06485483258472868,0.021783262491226196,-0.5720341205596924,-0.09233276754127928,0.02144119143486023,-0.6605143249034882,-0.10320034831272551,-0.053912416100502014,-0.2675914764404297,-0.03792419120179602,-0.06925782561302185,-0.3527974784374237,-0.11415165870891997,-0.04035009443759918,-0.26756900548934937,-0.12448673903452345,-0.029190361499786377,-0.20137447118759155,-0.1042236930082936,-0.1241658627986908,-0.22412776947021484,-0.0549157506178517,-0.1144384890794754,-0.2923343777656555,-0.1077113917421002,-0.08329980075359344,-0.23221111297607422,-0.0963586217116017,-0.07468827068805695,-0.17771750688552856,-0.07289321928726622
V,0.0,0.0,0.0,0.11170685291290283,-0.0786561369895935,-0.034872872087817086,0.12597370147705078,-0.22521334886550903,-0.038363185975413217,0.020755410194396973,-0.2959921360015869,-0.044025727811913384,-0.08060562610626221,-0.2858979105949402,-0.04870708778844346,0.1083066463470459,-0.291063129901886,-0.005876032434116496,0.13564684987068176,-0.4404982626438141,-0.03371887028561105,0.14539852738380432,-0.5324031710624695,-0.049725123945336236,0.15307128429412842,-0.6070715487003326,-0.058332172486643685,0.02334567904472351,-0.2839716076850891,-0.018252461481552018,0.014963328838348389,-0.4490059018135071,-0.05627072349534501,0.01579183340072632,-0.5541367530822754,-0.08161669344053735,0.014612078666687012,-0.6394690573215485,-0.09175124883995522,-0.05420389771461487,-0.2556556463241577,-0.036268179569105996,-0.06740310788154602,-0.347634881734848,-0.11277932048187722,-0.03639081120491028,-0.25405144691467285,-0.12224314481363763,-0.02568790316581726,-0.18539589643478394,-0.10124898076401223,-0.12713374197483063,-0.21060901880264282,-0.05533816784964074,-0.11807358264923096,-0.28157830238342285,-0.11217184484348763,-0.08495384454727173,-0.21641361713409424,-0.10276052475319375,-0.07677911221981049,-0.16088807582855225,-0.0804731336270379
V,0.0,0.0,0.0,0.10606011748313904,-0.09566932916641235,-0.03976852268658604,0.1218528151512146,-0.2363969087600708,-0.04466678024016346,0.01905710995197296,-0.3046097159385681,-0.05102650643073048,-0.08154524862766266,-0.29671674966812134,-0.05508615643464054,0.10957562923431396,-0.30206120014190674,0.002395664726122959,0.13829371333122253,-0.45079219341278076,-0.021517662412747995,0.14679592847824097,-0.5406584739685059,-0.03719145999036755,0.15210571885108948,-0.6167984306812286,-0.046043990261182444,0.023753449320793152,-0.2973095178604126,-0.005527023307308809,0.014368653297424316,-0.45871853828430176,-0.0392931756445023,0.012867867946624756,-0.5632534623146057,-0.06496170730076756,0.009445592761039734,-0.6489304304122925,-0.07575495362959828,-0.053321123123168945,-0.268496036529541,-0.020148729986772196,-0.06259417533874512,-0.3547545373439789,-0.09138636112891163,-0.03185340762138367,-0.2664344310760498,-0.10335495889864887,-0.02371811866760254,-0.19890135526657104,-0.08470483691178288,-0.12531612813472748,-0.223502516746521,-0.036513539112434046,-0.11303457617759705,-0.2934592366218567,-0.08723476350985493,-0.07950679957866669,-0.23396438360214233,-0.0775278341837975,-0.07192300260066986,-0.17991214990615845,-0.05564051688395466
V,0.0,0.0,0.0,0.10587659478187561,-0.09442871809005737,-0.04593853535243397,0.1165151298046112,-0.23849618434906006,-0.04445771010705357,0.011294379830360413,-0.3030080199241638,-0.04136836039015179,-0.09039165079593658,-0.27607202529907227,-0.035265761186565214,0.10004410147666931,-0.3064655661582947,0.007576720564429706,0.12802812457084656,-0.4489133358001709,-0.011571714413548762,0.13399532437324524,-0.5343755483627319,-0.0254176973749054,0.13658583164215088,-0.6075826585292816,-0.034272677024091536,0.014747634530067444,-0.30096375942230225,0.004371690339212364,0.007131561636924744,-0.45200270414352417,-0.023112964575375372,0.0036831647157669067,-0.5547651052474976,-0.04711744817086583,-0.0018017888069152832,-0.6415503025054932,-0.05829455586263066,-0.06390494108200073,-0.2696811556816101,-0.007288324871296936,-0.07053801417350769,-0.35457777976989746,-0.07825781660267239,-0.033417731523513794,-0.2709397077560425,-0.09743928419538861,-0.020653843879699707,-0.20604097843170166,-0.0838500137824667,-0.1363978385925293,-0.22096043825149536,-0.021052882765616232,-0.12439770996570587,-0.2865460515022278,-0.07763398693987256,-0.08176786452531815,-0.23199552297592163,-0.07744464533516293,-0.06685337424278259,-0.17949628829956055,-0.062129075397933775
V,0.0,0.0,0.0,0.10804787278175354,-0.08521807193756104,-0.04011654011458177,0.12344726920127869,-0.22235774993896484,-0.04549131445139665,0.012824848294258118,-0.2877613306045532,-0.05131210661977548,-0.0901695191860199,-0.27377015352249146,-0.05513205281943101,0.10177043080329895,-0.28646624088287354,-0.004795164293796006,0.1331222653388977,-0.43268918991088867,-0.028922605286538783,0.14148086309432983,-0.5206657648086548,-0.04275358743518609,0.14607936143875122,-0.5934957265853882,-0.04998785905092973,0.017581671476364136,-0.2808077931404114,-0.011848418931663218,0.013163775205612183,-0.4410572052001953,-0.04471313856095094,0.010871604084968567,-0.5453666746616364,-0.06766668982356805,0.005335301160812378,-0.6285292208194733,-0.07649140335172433,-0.05598239600658417,-0.2516818046569824,-0.02517648502737302,-0.07220089435577393,-0.33698132634162903,-0.09659733153432626,-0.03965035080909729,-0.2546542286872864,-0.10916155106872338,-0.026994869112968445,-0.18930929899215698,-0.09107440240234155,-0.12358060479164124,-0.20677310228347778,-0.03989772773832101,-0.1153855174779892,-0.2732967138290405,-0.0940095362767579,-0.07749743014574051,-0.21620172262191772,-0.08759004152864236,-0.06356984376907349,-0.16303062438964844,-0.06757387794107217
V,0.0,0.0,0.0,0.10576139390468597,-0.0942646861076355,-0.04612933270561825,0.11798115074634552,-0.23572444915771484,-0.04884753175008427,0.012069925665855408,-0.29917192459106445,-0.050057256444574705,-0.08993746340274811,-0.27436888217926025,-0.048612417503477445,0.09489350020885468,-0.29937952756881714,0.0002511137032570332,0.12257395684719086,-0.4431774914264679,-0.020503017901660314,0.1293647140264511,-0.5275654196739197,-0.035010276212574354,0.133155956864357,-0.6008161306381226,-0.04451634161102902,0.01064804196357727,-0.2941514253616333,-0.002820083488927594,0.00370827317237854,-0.44525524973869324,-0.03159621156680714,0.0019625723361968994,-0.5479105710983276,-0.05518165029513966,-0.0030135810375213623,-0.6345407664775848,-0.06640556998479497,-0.0647953599691391,-0.26341158151626587,-0.01365024488347899,-0.07353056222200394,-0.3525709807872772,-0.08420398630130421,-0.03641752898693085,-0.2719518542289734,-0.10180841930139195,-0.02379007637500763,-0.20813864469528198,-0.08808565683591496,-0.13303394615650177,-0.21476173400878906,-0.026450222208382,-0.12376214563846588,-0.2844223976135254,-0.08380698211419713,-0.08162921667098999,-0.22960597276687622,-0.08298606969344746,-0.06694240868091583,-0.17557024955749512,-0.06735098160731923
V,0.0,0.0,0.0,0.10316738486289978,-0.0910114049911499,-0.04302176620717546,0.1152295172214508,-0.2266535758972168,-0.03939354952331087,0.015234068036079407,-0.29245513677597046,-0.034352367482142654,-0.08082881569862366,-0.27473706007003784,-0.026330286375241485,0.10611450672149658,-0.2868965268135071,0.013492555619222912,0.1337052583694458,-0.4290792644023895,-0.0037233426412512927,0.13912338018417358,-0.5149458646774292,-0.016966575494961944,0.14263984560966492,-0.5877421200275421,-0.025396421289997306,0.021303251385688782,-0.279452919960022,0.01119475558493832,0.01199302077293396,-0.432528018951416,-0.014821462071495262,0.007174476981163025,-0.5352020859718323,-0.03980418082232973,0.0012963712215423584,-0.6203009784221649,-0.051503779104905334,-0.056024760007858276,-0.24827706813812256,0.000833610450854394,-0.06585024297237396,-0.3376012444496155,-0.07182556923385164,-0.03058043122291565,-0.2534428834915161,-0.09239780690427324,-0.017826735973358154,-0.1876366138458252,-0.07872013535256883,-0.12622292339801788,-0.20038121938705444,-0.010838807298796382,-0.11631031334400177,-0.27105462551116943,-0.07212685581203004,-0.07483815401792526,-0.21201097965240479,-0.07372685309405824,-0.05801574885845184,-0.15598225593566895,-0.058186543843703475
V,0.0,0.0,0.0,0.10307839512825012,-0.07871484756469727,-0.039747483332007505,0.11772069334983826,-0.21741831302642822,-0.04441227694258032,0.014775112271308899,-0.2834036648273468,-0.048756099541037656,-0.08130945265293121,-0.26596134901046753,-0.05152115156158743,0.09486526250839233,-0.28308793902397156,-0.005476163935213663,0.12163585424423218,-0.42230021953582764,-0.029781705934851743,0.13141775131225586,-0.5044907927513123,-0.04554223199590979,0.13877621293067932,-0.5736956894397736,-0.054179295201151945,0.012079223990440369,-0.2762906849384308,-0.010389704492240526,0.0061796605587005615,-0.4274294376373291,-0.04256765474781332,0.007458001375198364,-0.5263045728206635,-0.06546450336679754,0.0024146586656570435,-0.6085924804210663,-0.07447899063333807,-0.060979798436164856,-0.2455235719680786,-0.02122783032461939,-0.07044978439807892,-0.3275480270385742,-0.09052793611988363,-0.03282445669174194,-0.24871701002120972,-0.10158984293445883,-0.020762354135513306,-0.18554019927978516,-0.08328457107052145,-0.12708549201488495,-0.19998860359191895,-0.03319003735884962,-0.11604622006416321,-0.27287721633911133,-0.0854613625000411,-0.07712311297655106,-0.21782338619232178,-0.07649546046957312,-0.06625887751579285,-0.16415268182754517,-0.05504137953028021
V,0.0,0.0,0.0,0.09756788611412048,-0.07660919427871704,-0.04123737418171913,0.11756086349487305,-0.2087884545326233,-0.05068176739928276,0.028851613402366638,-0.26962795853614807,-0.060544778938265154,-0.060593023896217346,-0.2590551972389221,-0.0697810848903373,0.1002035140991211,-0.2795254588127136,-0.012847621339233228,0.12973135709762573,-0.413684606552124,-0.040943869734974214,0.13810187578201294,-0.4975913166999817,-0.05934512370345146,0.14379605650901794,-0.5676435232162476,-0.07007250689980538,0.016693606972694397,-0.2728874683380127,-0.019873149107070276,0.010653510689735413,-0.4201511740684509,-0.05630269774314911,0.009103655815124512,-0.5183521211147308,-0.0813816314291671,0.004256218671798706,-0.6010305881500244,-0.09185537451025994,-0.057957619428634644,-0.2417142391204834,-0.03241543599483521,-0.06051824986934662,-0.3292510509490967,-0.10524692886588127,-0.028388366103172302,-0.24820274114608765,-0.11539099865672142,-0.01895095407962799,-0.18417304754257202,-0.09624331944701225,-0.12480227649211884,-0.19423866271972656,-0.046335497285099336,-0.10965493321418762,-0.26470470428466797,-0.10464289539572746,-0.07388918846845627,-0.20580673217773438,-0.09727196895596535,-0.06418853998184204,-0.15013378858566284,-0.07553674780842812
V,0.0,0.0,0.0,0.09347429871559143,-0.07806742191314697,-0.03967563430342125,0.1162835955619812,-0.20864838361740112,-0.04965787375840591,0.028129905462265015,-0.26795050501823425,-0.05998416239890503,-0.058522045612335205,-0.25359785556793213,-0.06974187860760139,0.09616723656654358,-0.27645036578178406,-0.015275161662430037,0.1231636106967926,-0.40916940569877625,-0.04499285663041519,0.13060840964317322,-0.4920549690723419,-0.06437665591511177,0.1362420916557312,-0.5618065893650055,-0.07520143310102867,0.01467844843864441,-0.27094751596450806,-0.022820202582806814,0.009680986404418945,-0.4163270592689514,-0.059885833361477125,0.0075673311948776245,-0.5134050101041794,-0.08517072717222618,0.002308666706085205,-0.5957011878490448,-0.09542913357290672,-0.05792498588562012,-0.2419108748435974,-0.03532438720139908,-0.06658291816711426,-0.3256028890609741,-0.10646215448650764,-0.03534257411956787,-0.24431204795837402,-0.11520289997133659,-0.023542329668998718,-0.17891013622283936,-0.09533930192264961,-0.12404319643974304,-0.19545996189117432,-0.04911357531818794,-0.11591848731040955,-0.26580384373664856,-0.10364031414064812,-0.08145508915185928,-0.20578378438949585,-0.09293881426128792,-0.06975093483924866,-0.14810919761657715,-0.06914447615417885
V,0.0,0.0,0.0,0.0940755307674408,-0.07280373573303223,-0.038205497363833274,0.11274564266204834,-0.20146149396896362,-0.0460949618613995,0.022705823183059692,-0.26056671142578125,-0.05433223808768162,-0.06061124801635742,-0.2578904926776886,-0.06144317279222378,0.09211814403533936,-0.2656066119670868,-0.013586707810191001,0.11648309230804443,-0.3942207098007202,-0.04325128013852009,0.12493661046028137,-0.4760018587112427,-0.06252305621865162,0.13257110118865967,-0.5437716543674469,-0.07346845830443272,0.012671783566474915,-0.25736162066459656,-0.021150092059997405,0.0049285888671875,-0.39929986000061035,-0.05837095941069492,0.005119264125823975,-0.4949800670146942,-0.08357312942507633,0.0027763843536376953,-0.5752816498279572,-0.09407990092995533,-0.05725288391113281,-0.22653257846832275,-0.03387850190165409,-0.0669783353805542,-0.3122060298919678,-0.10548454935315021,-0.035913288593292236,-0.2349081039428711,-0.11397421772244343,-0.025106683373451233,-0.17315798997879028,-0.09449644798996815,-0.11916114389896393,-0.17957568168640137,-0.047830887535837974,-0.11105084419250488,-0.2500778138637543,-0.10467146749260792,-0.07650315761566162,-0.1938125491142273,-0.09606158400538334,-0.06606146693229675,-0.14003878831863403,-0.0739286955690659
V,0.0,0.0,0.0,0.09111037850379944,-0.06729871034622192,-0.036007676498684305,0.11095666885375977,-0.18786531686782837,-0.04713381476858558,0.02057480812072754,-0.24266761541366577,-0.059389859663042444,-0.06715106964111328,-0.23496809601783752,-0.07163736991742553,0.09294196963310242,-0.2516971826553345,-0.02006278209546508,0.12017124891281128,-0.3810560703277588,-0.05001436196425857,0.12740454077720642,-0.46266254782676697,-0.06890448950389327,0.1339969038963318,-0.5304924547672272,-0.07982448510983886,0.013683244585990906,-0.2470783293247223,-0.02910371519783439,0.005512893199920654,-0.3894212543964386,-0.06662512593129577,0.004059627652168274,-0.48355843126773834,-0.09202407322982253,0.000896066427230835,-0.5611332356929779,-0.10306713007548751,-0.05440881848335266,-0.21987766027450562,-0.042147297637257,-0.06261718273162842,-0.30262869596481323,-0.11001212917426528,-0.03438960015773773,-0.22696524858474731,-0.11793074034312667,-0.02460809051990509,-0.1678016185760498,-0.09975701593020858,-0.11500301957130432,-0.1772250533103943,-0.05636320658186378,-0.10795984417200089,-0.2432275116443634,-0.10910074435332717,-0.0777955949306488,-0.18838906288146973,-0.09979798667291107,-0.06874300539493561,-0.1377732753753662,-0.07833729706862869
V,0.0,0.0,0.0,0.09018824994564056,-0.06814455986022949,-0.03390531905779426,0.10918785631656647,-0.18880707025527954,-0.04197573580631797,0.026858732104301453,-0.24251848459243774,-0.05101860605964248,-0.053147390484809875,-0.2379724681377411,-0.05898769118675773,0.08718468248844147,-0.2527717649936676,-0.016111376814933465,0.11527802050113678,-0.37908124923706055,-0.04536275856980865,0.12345461547374725,-0.4599970579147339,-0.06299302273282592,0.1304474025964737,-0.524772435426712,-0.07205310010203902,0.011776313185691833,-0.24772626161575317,-0.02426224307009761,0.002727910876274109,-0.38924261927604675,-0.060271083496900246,0.0009039789438247681,-0.48183390498161316,-0.08370498114118163,-0.0010076016187667847,-0.5572028458118439,-0.09233968996295516,-0.051014140248298645,-0.22168684005737305,-0.03671898611673896,-0.0658428817987442,-0.2970990836620331,-0.10109147720822875,-0.03700588643550873,-0.22915741801261902,-0.1095173537064511,-0.022276833653450012,-0.17392230033874512,-0.09202554368266647,-0.10387985408306122,-0.18097740411758423,-0.050350691311450646,-0.1041870266199112,-0.24379730224609375,-0.09796346270331924,-0.07472245395183563,-0.19507646560668945,-0.0885021343160588,-0.06180538237094879,-0.14848297834396362,-0.06758439832219665
V,0.0,0.0,0.0,0.08196663856506348,-0.058656930923461914,-0.03958245335149968,0.10112443566322327,-0.17253774404525757,-0.054833385776760224,0.02093738317489624,-0.23725730180740356,-0.06875105543065274,-0.054272592067718506,-0.256465882062912,-0.08114230228591168,0.0860375165939331,-0.23572728037834167,-0.03437729148197377,0.1076669991016388,-0.3688794672489166,-0.06778979642319882,0.1156112551689148,-0.44873708486557007,-0.08694494111466611,0.12406831979751587,-0.5140530169010162,-0.09665990961718762,0.010849058628082275,-0.2342779040336609,-0.04077232597398961,0.0006734728813171387,-0.38038361072540283,-0.07824035329747403,-0.003069549798965454,-0.47037099301815033,-0.10059906138110364,-0.0057227760553359985,-0.5423494279384613,-0.10909064454961026,-0.05280159413814545,-0.20882385969161987,-0.05077192528176511,-0.067023366689682,-0.28600433468818665,-0.1150114272348901,-0.04432487487792969,-0.21952417492866516,-0.1203248907439729,-0.03137187659740448,-0.16596120595932007,-0.10192927313971722,-0.11001086235046387,-0.16700297594070435,-0.062212217282535676,-0.1075177937746048,-0.22598838806152344,-0.11270143432545865,-0.08099587261676788,-0.17450129985809326,-0.10298262877392972,-0.06948260962963104,-0.1283392310142517,-0.08139518989253247
V,0.0,0.0,0.0,0.084195077419281,-0.0641527771949768,-0.03925116946606977,0.10437312722206116,-0.17935478687286377,-0.05075135295896871,0.02643325924873352,-0.24148747324943542,-0.06062088375597341,-0.04998922348022461,-0.25143226981163025,-0.0689519665172611,0.08204522728919983,-0.23636463284492493,-0.02791570527165277,0.10675007104873657,-0.3651741147041321,-0.057449804895213674,0.1163012683391571,-0.4433329403400421,-0.07470662360697133,0.12522545456886292,-0.5068006217479706,-0.08326778029709203,0.008571982383728027,-0.23175078630447388,-0.03334882696776731,0.0005286037921905518,-0.3756370544433594,-0.06740057682304723,-0.0004369020462036133,-0.46429020166397095,-0.08923447346001012,-0.0012713074684143066,-0.533855140209198,-0.09754953002243383,-0.05367305874824524,-0.20509150624275208,-0.04279205789475782,-0.06133684515953064,-0.2778216302394867,-0.10364689891844137,-0.04109331965446472,-0.2150547206401825,-0.11034529870062215,-0.03270316123962402,-0.16530990600585938,-0.09311374490766866,-0.10952778160572052,-0.16349899768829346,-0.05377811034827573,-0.10161994397640228,-0.2264169454574585,-0.09804287021665914,-0.07593804597854614,-0.17955505847930908,-0.08676948612242086,-0.0691501647233963,-0.13577449321746826,-0.0653724393775974
V,0.0,0.0,0.0,0.0842505395412445,-0.059537529945373535,-0.03464196819948029,0.0963367223739624,-0.17546850442886353,-0.04470190975951027,0.017939120531082153,-0.23702576756477356,-0.05430121544884514,-0.054663822054862976,-0.2492002248764038,-0.06269239459322762,0.08893737196922302,-0.22659340500831604,-0.02571261685477566,0.11408662796020508,-0.35762670636177063,-0.056489950159061664,0.12214940786361694,-0.43932974338531494,-0.07265453610705208,0.12909987568855286,-0.5042797327041626,-0.07979485217617821,0.0180547833442688,-0.22502383589744568,-0.03268327389048409,0.011014103889465332,-0.37316691875457764,-0.06983472231911492,0.005205214023590088,-0.4649193733930588,-0.09131703350828957,0.0007311999797821045,-0.5369181036949158,-0.09783388499306511,-0.04280190169811249,-0.203299880027771,-0.043434767165649646,-0.06461849808692932,-0.27785438299179077,-0.10877675388144326,-0.04329769313335419,-0.215230792760849,-0.11727393243597817,-0.02825641632080078,-0.16423606872558594,-0.09939219627665352,-0.09793516993522644,-0.1679787039756775,-0.054918604084718936,-0.10159248113632202,-0.22941067814826965,-0.10343334648894142,-0.07666978240013123,-0.17982995510101318,-0.09505036298321556,-0.06323559582233429,-0.13389098644256592,-0.07459153060005974
V,0.0,0.0,0.0,0.08470797538757324,-0.06857490539550781,-0.03489189106278445,0.10587698221206665,-0.18517649173736572,-0.046942720890569944,0.020756304264068604,-0.24343931674957275,-0.05905707809381511,-0.06500668823719025,-0.2446279525756836,-0.07059145602636363,0.08508703112602234,-0.24390247464179993,-0.026703611717152853,0.11091119050979614,-0.3733810782432556,-0.05673166248254802,0.11934423446655273,-0.45252208411693573,-0.07426994177751567,0.1264687180519104,-0.5175870954990387,-0.08335922542266871,0.010754436254501343,-0.24131879210472107,-0.035106572092104216,0.003849595785140991,-0.3831872344017029,-0.06972020003252055,0.001918107271194458,-0.47349703311920166,-0.09203876438789393,-0.0019876956939697266,-0.5461806654930115,-0.10078921797924068,-0.05095440149307251,-0.21696358919143677,-0.047015282095003386,-0.06697951257228851,-0.28612515330314636,-0.10917875799589183,-0.03759056329727173,-0.22242185473442078,-0.11804628256015803,-0.022089838981628418,-0.17074990272521973,-0.10183987650327708,-0.10560998320579529,-0.17752933502197266,-0.060048836052942534,-0.1054045557975769,-0.23924407362937927,-0.10616449895553615,-0.07400880753993988,-0.1922054886817932,-0.09670117381267573,-0.05924353003501892,-0.14529293775558472,-0.07618389907531764
V,0.0,0.0,0.0,0.08601585030555725,-0.07757151126861572,-0.03491066725246128,0.10985782742500305,-0.19417375326156616,-0.04579980627886471,0.026395022869110107,-0.24820175766944885,-0.0574265378832024,-0.058095186948776245,-0.23847341537475586,-0.06861721680752453,0.08316650986671448,-0.2590580880641937,-0.017904787820498314,0.10982689261436462,-0.38443493843078613,-0.04662289799443897,0.11672863364219666,-0.4581364244222641,-0.06423090354792294,0.12322390079498291,-0.5218238234519958,-0.07334477410904583,0.008733689785003662,-0.2553999722003937,-0.025274732646266784,0.003737926483154297,-0.3874918222427368,-0.06013806865803417,0.0025170743465423584,-0.47311514616012573,-0.08351830349556622,0.0004730522632598877,-0.543950080871582,-0.09271137372843441,-0.0551733672618866,-0.23063120245933533,-0.0366041022657555,-0.06322836875915527,-0.2918230891227722,-0.09989688501946148,-0.03565746545791626,-0.22360220551490784,-0.11015855477444347,-0.02287694811820984,-0.16689032316207886,-0.09420745776287731,-0.11094000935554504,-0.19096535444259644,-0.04895597652785,-0.10567113757133484,-0.24481990933418274,-0.09611716077915844,-0.07508993148803711,-0.1928688883781433,-0.08652639345518764,-0.06181396543979645,-0.1408635973930359,-0.06507162706247982
V,0.0,0.0,0.0,0.08651173114776611,-0.08408266305923462,-0.035113289249466106,0.107779860496521,-0.20128411054611206,-0.044347691578195736,0.02093958854675293,-0.25599777698516846,-0.05483919311814134,-0.06364497542381287,-0.2423216700553894,-0.06467968155197923,0.0794636607170105,-0.2582000494003296,-0.012585755666123077,0.106321781873703,-0.3853757977485657,-0.04236442152910058,0.11450615525245667,-0.4607785791158676,-0.060487686884926006,0.12229877710342407,-0.5249256193637848,-0.06866935570292299,0.009142637252807617,-0.2541663944721222,-0.01901560020201032,0.007287353277206421,-0.3908986747264862,-0.05386589769773309,0.006673216819763184,-0.4785131365060806,-0.07612169463686769,0.004262775182723999,-0.5487393140792847,-0.08345939893774812,-0.051917076110839844,-0.22907975316047668,-0.030253472966478512,-0.06644448637962341,-0.29602232575416565,-0.0936256640081865,-0.03732079267501831,-0.2274913787841797,-0.10345259983591859,-0.02132636308670044,-0.16902214288711548,-0.08604077924542253,-0.10603705048561096,-0.19045120477676392,-0.04254111204795663,-0.10674050450325012,-0.25062039494514465,-0.08567081321530168,-0.07617247104644775,-0.20240536332130432,-0.07411278713993852,-0.06178957223892212,-0.1520094871520996,-0.05162740428500001
V,0.0,0.0,0.0,0.08309581875801086,-0.07433652877807617,-0.03641307519012571,0.10729765892028809,-0.1895458698272705,-0.04697518960767866,0.02640858292579651,-0.24614152312278748,-0.058134024750529534,-0.05497327446937561,-0.24180161952972412,-0.06857696713143469,0.08245190978050232,-0.25371086597442627,-0.014518026981590992,0.10711401700973511,-0.3758162558078766,-0.04366434530550123,0.11426958441734314,-0.44806136190891266,-0.06181089745098234,0.12083306908607483,-0.5100278854370117,-0.07073793352776647,0.008717924356460571,-0.2501954436302185,-0.021008228670893914,0.004153788089752197,-0.38217276334762573,-0.056515449445782906,0.0028854012489318848,-0.4660015404224396,-0.07942589164906622,-7.331371307373047e-05,-0.5359305441379547,-0.08731369466715933,-0.05440559983253479,-0.22594794631004333,-0.032139485489665276,-0.06024128198623657,-0.2907049059867859,-0.09622420908146978,-0.032360225915908813,-0.21888074278831482,-0.10435353012019277,-0.020426243543624878,-0.1616591215133667,-0.08610948712760091,-0.10966619849205017,-0.18781709671020508,-0.04438057706886411,-0.10377874970436096,-0.24614477157592773,-0.08983358533316732,-0.07607492804527283,-0.19235241413116455,-0.07752616496020437,-0.06630036234855652,-0.14136964082717896,-0.05417726353937269
V,0.0,0.0,0.0,0.08340942859649658,-0.07883995771408081,-0.03664394532722781,0.1026667058467865,-0.19277867674827576,-0.04731330712718318,0.011959761381149292,-0.24234163761138916,-0.05876668234748195,-0.07504427433013916,-0.23348307609558105,-0.06942267408055613,0.0740722119808197,-0.25131669640541077,-0.01326255471838067,0.09917312860488892,-0.37266987562179565,-0.041150682321017484,0.10578522086143494,-0.44609686732292175,-0.05858528306168864,0.11253896355628967,-0.5085862576961517,-0.06747793843430827,0.0008758306503295898,-0.24556896090507507,-0.019495472958510618,-0.005278438329696655,-0.3772778809070587,-0.05399126251620601,-0.006534844636917114,-0.46329379081726074,-0.0774842544404919,-0.00868844985961914,-0.5343694388866425,-0.08672103722972224,-0.061120808124542236,-0.220108300447464,-0.030602468824213247,-0.06746581196784973,-0.28840529918670654,-0.09481388767642329,-0.036332547664642334,-0.22081106901168823,-0.10563843389434169,-0.023004919290542603,-0.16490119695663452,-0.08948483010215114,-0.11471238732337952,-0.18201985955238342,-0.042735629430239896,-0.10954432189464569,-0.24365273118019104,-0.08872641315144847,-0.07801154255867004,-0.19540134072303772,-0.07900884439629863,-0.06592381000518799,-0.14598339796066284,-0.057894826581900816
V,0.0,0.0,0.0,0.0881274938583374,-0.07091480493545532,-0.03488296143291336,0.10883337259292603,-0.18483594059944153,-0.04613184801814896,0.02463814616203308,-0.23465105891227722,-0.05804708845494133,-0.05735236406326294,-0.22559434175491333,-0.06923204533336502,0.08252030611038208,-0.24112707376480103,-0.020520317028740465,0.1067662239074707,-0.3647858500480652,-0.049580487083176195,0.1131010353565216,-0.4398116022348404,-0.06638321153400284,0.11944666504859924,-0.502078652381897,-0.07435595117090088,0.009760916233062744,-0.23675569891929626,-0.027136773462871133,0.003018677234649658,-0.37356412410736084,-0.06252124778507095,-4.315376281738281e-05,-0.46209298074245453,-0.08440239600417954,-0.0034312009811401367,-0.5345547199249268,-0.09189028910873276,-0.05101707577705383,-0.21417200565338135,-0.03769502289173943,-0.060651808977127075,-0.28985053300857544,-0.10086807481525284,-0.03292885422706604,-0.22078627347946167,-0.10869837425229889,-0.019875019788742065,-0.16281312704086304,-0.09054081014869553,-0.10274738073348999,-0.1783038079738617,-0.04918865732429367,-0.09966930747032166,-0.23953843116760254,-0.09432414047000748,-0.06857919692993164,-0.19032365083694458,-0.0834159987377916,-0.05528941750526428,-0.1405637264251709,-0.061264211903790056
V,0.0,0.0,0.0,0.0803464949131012,-0.07720541954040527,-0.03513122319316153,0.09873375296592712,-0.18689396977424622,-0.0450059135172296,0.014172136783599854,-0.2368118166923523,-0.0556955371711183,-0.06617668271064758,-0.22904855012893677,-0.06531980603074317,0.06994223594665527,-0.2434733808040619,-0.012017484447710558,0.09372726082801819,-0.3654847741127014,-0.04138229384159331,0.10241565108299255,-0.4363795667886734,-0.0587645058247972,0.11070451140403748,-0.4965052753686905,-0.06640168993806128,0.00038295984268188477,-0.23876681923866272,-0.017990974402778193,-0.003254443407058716,-0.37115320563316345,-0.05285043983792548,-0.00479242205619812,-0.4559062421321869,-0.0739317458782125,-0.007510930299758911,-0.5246126055717468,-0.08040700822209601,-0.06060689687728882,-0.21414509415626526,-0.029060380226724192,-0.07041710615158081,-0.2831442952156067,-0.09465678005551581,-0.039966583251953125,-0.2131653130054474,-0.10338515012597327,-0.024111270904541016,-0.1528274416923523,-0.08464904098843817,-0.11465209722518921,-0.17598101496696472,-0.0409540940735269,-0.11119505763053894,-0.23510730266571045,-0.08882489769791846,-0.07819268107414246,-0.18263515830039978,-0.07850386916732077,-0.06256657838821411,-0.12896406650543213,-0.05576393722628836
V,0.0,0.0,0.0,0.08516764640808105,-0.07055079936981201,-0.03584049854305249,0.10683977603912354,-0.18158453702926636,-0.04546886522200566,0.019961029291152954,-0.2302265763282776,-0.055823715663223084,-0.06253424286842346,-0.2207677662372589,-0.06578268695500356,0.07259535789489746,-0.2406533658504486,-0.01458850435790282,0.09904927015304565,-0.36077964305877686,-0.04447738665965062,0.10774672031402588,-0.4319646805524826,-0.0616677908959673,0.11620518565177917,-0.49238309264183044,-0.069077505058317,0.0045611560344696045,-0.23505142331123352,-0.020257555207876976,0.000970691442489624,-0.3661040961742401,-0.056993579751519974,-0.0010910630226135254,-0.45136018097400665,-0.07933922696736317,-0.005148738622665405,-0.5201158821582794,-0.08618583369877797,-0.0539756715297699,-0.20999157428741455,-0.030693628153471764,-0.06694239377975464,-0.272936075925827,-0.0997970758738802,-0.03422859311103821,-0.20275038480758667,-0.10996964413550359,-0.01737871766090393,-0.14399725198745728,-0.0913270174327181,-0.10597938299179077,-0.17213353514671326,-0.04160503137734395,-0.10533931851387024,-0.23104974627494812,-0.09247717846062642,-0.07271376252174377,-0.17628619074821472,-0.0822402818861292,-0.05803269147872925,-0.12186241149902344,-0.059074806309013184
V,0.0,0.0,0.0,0.08513131737709045,-0.06928473711013794,-0.03663792473048488,0.1063748300075531,-0.1757141649723053,-0.04905098688573162,0.015809297561645508,-0.21924957633018494,-0.062128573774998586,-0.06829923391342163,-0.21091148257255554,-0.07514031243294994,0.07078328728675842,-0.24313682317733765,-0.018938036754434506,0.0970601737499237,-0.3600401282310486,-0.04933160555333416,0.1044798493385315,-0.4293777495622635,-0.06695499283046047,0.1117536723613739,-0.4881613701581955,-0.07459753018588344,0.001024693250656128,-0.23645377159118652,-0.0240450241860799,-0.0013485550880432129,-0.36490559577941895,-0.06086135667533199,-0.003763735294342041,-0.44769176840782166,-0.0829226226803712,-0.007689356803894043,-0.5134402811527252,-0.08969222766131679,-0.05731824040412903,-0.20927730202674866,-0.03373308864206592,-0.06735268235206604,-0.2679455876350403,-0.09915746015281002,-0.03647199273109436,-0.20098811388015747,-0.1085324512121133,-0.020293384790420532,-0.14439821243286133,-0.09072114539117138,-0.10647842288017273,-0.1703094244003296,-0.044197075187867085,-0.10461172461509705,-0.22481009364128113,-0.09056688857049267,-0.07350200414657593,-0.17568111419677734,-0.07995811116666118,-0.05902677774429321,-0.12660974264144897,-0.05757616472214977
V,0.0,0.0,0.0,0.08514899015426636,-0.06604951620101929,-0.03522339166886468,0.10687321424484253,-0.17401593923568726,-0.046454497443505716,0.024718940258026123,-0.21976763010025024,-0.05864289851672311,-0.054535239934921265,-0.2143346071243286,-0.07103927882201333,0.07110580801963806,-0.24107858538627625,-0.021381332369514894,0.09774532914161682,-0.35843706130981445,-0.0530090376902308,0.10664030909538269,-0.42946796119213104,-0.07128700317628045,0.11510345339775085,-0.4900270998477936,-0.07922536583430428,0.0022839009761810303,-0.23514768481254578,-0.02689661720580716,0.00039207935333251953,-0.36455732583999634,-0.06504085363633294,-0.001856982707977295,-0.44885560870170593,-0.0876033574510302,-0.005428820848464966,-0.5165942311286926,-0.09455510677582879,-0.05481293797492981,-0.20897379517555237,-0.036593080328771066,-0.06593143939971924,-0.27000191807746887,-0.10289393814093728,-0.03823867440223694,-0.2009851336479187,-0.11183718295581002,-0.02324017882347107,-0.14251017570495605,-0.09351017029769082,-0.10225304961204529,-0.17099639773368835,-0.04694253282434602,-0.10316446423530579,-0.22722718119621277,-0.09383073897845406,-0.07437694072723389,-0.1774348020553589,-0.08294961305148263,-0.05999937653541565,-0.12750184535980225,-0.06027057470566888
V,0.0,0.0,0.0,0.08394274115562439,-0.07079219818115234,-0.03565425313183823,0.1024259626865387,-0.18004846572875977,-0.046103684968443304,0.01299181580543518,-0.22513756155967712,-0.05761115140387574,-0.06910371780395508,-0.21607831120491028,-0.06856929770776787,0.0654919445514679,-0.24701043963432312,-0.014220665945799738,0.09119990468025208,-0.36454418301582336,-0.0442101571626381,0.10014671087265015,-0.43588173389434814,-0.06224149352976838,0.10833901166915894,-0.49576403200626373,-0.0705410044557766,-0.00348016619682312,-0.23964932560920715,-0.020590060196013837,-0.009167730808258057,-0.3690764605998993,-0.056468902892561346,-0.011273235082626343,-0.4534457176923752,-0.07912108562061348,-0.01577061414718628,-0.5211523473262787,-0.08677496275970498,-0.060821086168289185,-0.21144092082977295,-0.03185185677477875,-0.06795158982276917,-0.27075207233428955,-0.09674964360067406,-0.035562098026275635,-0.20596003532409668,-0.10616085193225899,-0.020999670028686523,-0.1507018804550171,-0.08855774513551751,-0.10996350646018982,-0.17033463716506958,-0.04409475884506264,-0.10515502095222473,-0.2269897162914276,-0.08908607325622597,-0.07300147414207458,-0.18171250820159912,-0.07768400273391762,-0.06101810932159424,-0.13461339473724365,-0.0553110454148964
V,0.0,0.0,0.0,0.08302059769630432,-0.0661698579788208,-0.0327244344571227,0.10313129425048828,-0.17505133152008057,-0.041732164047061815,0.015008121728897095,-0.21797418594360352,-0.05242488714247884,-0.06530153751373291,-0.2057102620601654,-0.06306682335525693,0.06775721907615662,-0.24611523747444153,-0.012077555007635965,0.09447169303894043,-0.36074450612068176,-0.040265163353979005,0.103231281042099,-0.4312534034252167,-0.05734303774625005,0.110679030418396,-0.48968663811683655,-0.06543422298818768,-0.001294255256652832,-0.2358945608139038,-0.02005261177509965,-0.006674766540527344,-0.36412277817726135,-0.054523585311471834,-0.008582770824432373,-0.44801414012908936,-0.07732385205417813,-0.013302475214004517,-0.5164836347103119,-0.08549977647453488,-0.05843907594680786,-0.20465877652168274,-0.03240961762458028,-0.06748566031455994,-0.2624027132987976,-0.09702022182136716,-0.033998191356658936,-0.19736549258232117,-0.10728652583748044,-0.018862128257751465,-0.14327126741409302,-0.09049814002901257,-0.10709744691848755,-0.1609826683998108,-0.045391345343887224,-0.10450175404548645,-0.21673917770385742,-0.0920704509535426,-0.07076281309127808,-0.17140334844589233,-0.08204600768476666,-0.05620652437210083,-0.1253572702407837,-0.06045124860793294
V,0.0,0.0,0.0,0.07963556051254272,-0.06626713275909424,-0.03414250459320556,0.10335755348205566,-0.17183661460876465,-0.045044019033980476,0.023717641830444336,-0.21569421887397766,-0.056987314632010566,-0.05478915572166443,-0.2109900414943695,-0.06837887983567725,0.06657472252845764,-0.24571695923805237,-0.014961417911422359,0.09276619553565979,-0.3603740632534027,-0.04490460376985084,0.10156190395355225,-0.43136778473854065,-0.06325708996303092,0.10794204473495483,-0.4901258647441864,-0.07167299013383399,-0.0032092630863189697,-0.23784175515174866,-0.02262369092352401,-0.009897023439407349,-0.3668501377105713,-0.05816906612164985,-0.01300060749053955,-0.4508942812681198,-0.08115155916459571,-0.01834920048713684,-0.519768625497818,-0.0887259907627822,-0.061619848012924194,-0.2075619101524353,-0.034571021010947334,-0.06469833850860596,-0.2665349245071411,-0.09813029240615379,-0.035643935203552246,-0.2017979621887207,-0.10615731697328101,-0.023907214403152466,-0.14921289682388306,-0.08791780393369208,-0.11208438873291016,-0.16405504941940308,-0.04732038002259742,-0.10468879342079163,-0.21913406252861023,-0.09228524487264167,-0.07448261976242065,-0.1719188094139099,-0.07948969226129066,-0.06350705027580261,-0.12560415267944336,-0.05560706849939834
V,0.0,0.0,0.0,0.08216866850852966,-0.06405258178710938,-0.032733240487118564,0.0993262529373169,-0.16952431201934814,-0.04291904470517238,0.016297966241836548,-0.2106454074382782,-0.054220565917034946,-0.06151711940765381,-0.19907411932945251,-0.06563819697691997,0.06304287910461426,-0.23802104592323303,-0.019291020320792995,0.09076836705207825,-0.3553192913532257,-0.04980420446588596,0.09932658076286316,-0.42837101221084595,-0.06736388555361827,0.10623857378959656,-0.4880862236022949,-0.0748350744564732,-0.0027637779712677,-0.22993886470794678,-0.026580463485856853,-0.00941377878189087,-0.3615460693836212,-0.06274644783331951,-0.01215943694114685,-0.4463469684123993,-0.0845854332168301,-0.017501503229141235,-0.5138336420059204,-0.09090938916995128,-0.056675225496292114,-0.20120719075202942,-0.03770263245894512,-0.07110196352005005,-0.26267150044441223,-0.10253795734240612,-0.03872743248939514,-0.19900208711624146,-0.11092229685380062,-0.022124409675598145,-0.14499765634536743,-0.0924570312221249,-0.10200399160385132,-0.15986371040344238,-0.049269699813862644,-0.10472530126571655,-0.21882730722427368,-0.09535309425189098,-0.07358518242835999,-0.17164772748947144,-0.08367871245934566,-0.058799535036087036,-0.1237175464630127,-0.06048715239955982
V,0.0,0.0,0.0,0.07463788986206055,-0.06510990858078003,-0.0337334617771603,0.09295430779457092,-0.16965961456298828,-0.04395462645072712,0.008208036422729492,-0.21041327714920044,-0.054996353367755546,-0.07103002071380615,-0.1971253752708435,-0.06546172572154774,0.06040939688682556,-0.23812821507453918,-0.01345163935650362,0.08647516369819641,-0.35124340653419495,-0.04201403705258144,0.09553861618041992,-0.4223496615886688,-0.060041540095994606,0.10172352194786072,-0.4799341559410095,-0.06880848182220234,-0.007708847522735596,-0.23021641373634338,-0.021007255444715156,-0.01540142297744751,-0.35598838329315186,-0.05460692269582523,-0.018782705068588257,-0.4400724619626999,-0.07765598667640461,-0.02448064088821411,-0.5089108943939209,-0.08606195522327198,-0.06442749500274658,-0.19997286796569824,-0.03277898279804958,-0.0708787739276886,-0.2601154148578644,-0.09369605107087864,-0.03967449069023132,-0.19827991724014282,-0.10267950666923298,-0.025425255298614502,-0.14709293842315674,-0.08607541097183002,-0.11367693543434143,-0.15530413389205933,-0.045457915196607246,-0.109119713306427,-0.20693421363830566,-0.08972822202224506,-0.07695931196212769,-0.16137605905532837,-0.07873662633676304,-0.06336554884910583,-0.11658543348312378,-0.05649762300629391
V,0.0,0.0,0.0,0.08017361164093018,-0.06211709976196289,-0.03425591416271345,0.09956443309783936,-0.17024588584899902,-0.04214762128503935,0.011822491884231567,-0.2127077579498291,-0.05100218183906691,-0.065519779920578,-0.19778719544410706,-0.059173121821004315,0.06861695647239685,-0.23405638337135315,-0.010165378223973676,0.09165862202644348,-0.3467874526977539,-0.038307964574414655,0.09942665696144104,-0.4185694754123688,-0.055157691012936994,0.10663217306137085,-0.47580668330192566,-0.06325969449790136,0.00042691826820373535,-0.22514599561691284,-0.017169549833852216,-0.008589625358581543,-0.35138005018234253,-0.0525055488160433,-0.012347489595413208,-0.43464285135269165,-0.07547092787535803,-0.016632139682769775,-0.5026228129863739,-0.08311183355363028,-0.055478423833847046,-0.1971881091594696,-0.029060017090159818,-0.06503146886825562,-0.2604389786720276,-0.09560322366269247,-0.03503832221031189,-0.19260522723197937,-0.10602281592400686,-0.020193666219711304,-0.13864624500274658,-0.08855241141827719,-0.10461196303367615,-0.15555137395858765,-0.04169125459702627,-0.10259231925010681,-0.20812568068504333,-0.09150256566317694,-0.07193765044212341,-0.15782701969146729,-0.08367675147565024,-0.05847585201263428,-0.11188548803329468,-0.06295654527457373
V,0.0,0.0,0.0,0.08320054411888123,-0.0581972599029541,-0.03257905522161764,0.10346251726150513,-0.16210919618606567,-0.04348157176548284,0.019929170608520508,-0.2063215672969818,-0.055263551117718634,-0.05789649486541748,-0.20287659764289856,-0.06718117574030202,0.06678372621536255,-0.23041027784347534,-0.020240249277890143,0.09158512949943542,-0.34402310848236084,-0.05038578266078275,0.09815198183059692,-0.41521185636520386,-0.06813812831217092,0.10247263312339783,-0.47405245900154114,-0.07625408300930303,-0.0011819005012512207,-0.2229667603969574,-0.027997138144314704,-0.006411433219909668,-0.35200634598731995,-0.06390056589418691,-0.008813053369522095,-0.43546491861343384,-0.08603177794987005,-0.013815104961395264,-0.50264972448349,-0.09295929053598684,-0.05676180124282837,-0.1957559585571289,-0.039329840035975394,-0.06853693723678589,-0.2568502724170685,-0.1033186523037557,-0.038196861743927,-0.1925928294658661,-0.1107559783177976,-0.022467732429504395,-0.13881933689117432,-0.09233635494285863,-0.10412517189979553,-0.15467548370361328,-0.05120106616789144,-0.10274830460548401,-0.21028995513916016,-0.09788916090303701,-0.07261085510253906,-0.1607096791267395,-0.08599626848274511,-0.05902153253555298,-0.11199235916137695,-0.06262259760671895
V,0.0,0.0,0.0,0.07639983296394348,-0.06088292598724365,-0.03375992390749616,0.09517985582351685,-0.1667536497116089,-0.043954788031555836,0.013407588005065918,-0.20986729860305786,-0.055008499207474415,-0.06331214308738708,-0.20061352849006653,-0.0654256812059657,0.06299588084220886,-0.23131346702575684,-0.015990387904025738,0.08778902888298035,-0.342151403427124,-0.04610265258190793,0.09543827176094055,-0.4137236475944519,-0.06445261302826566,0.1015729308128357,-0.47154590487480164,-0.07358268860218686,-0.00423160195350647,-0.22343263030052185,-0.023436008276917164,-0.01273694634437561,-0.3470291495323181,-0.060514109464861576,-0.015483230352401733,-0.42920374870300293,-0.08461715492842359,-0.018869876861572266,-0.49827075004577637,-0.09331930640576047,-0.059505075216293335,-0.19561448693275452,-0.034993933769442265,-0.06522181630134583,-0.2577502131462097,-0.09896290514109296,-0.03575104475021362,-0.19316720962524414,-0.10708283099768323,-0.021953433752059937,-0.14220887422561646,-0.0895377120697276,-0.10698986053466797,-0.15434551239013672,-0.047466857614494984,-0.10212400555610657,-0.20594489574432373,-0.09410457524893445,-0.0709942877292633,-0.16001677513122559,-0.08405397299168271,-0.05802828073501587,-0.11769872903823853,-0.0625071472251193
V,0.0,0.0,0.0,0.07791504263877869,-0.05661529302597046,-0.03313065241923141,0.09700465202331543,-0.16059213876724243,-0.04189096312870788,0.012441456317901611,-0.2038477659225464,-0.05117208059778022,-0.06372129917144775,-0.19293087720870972,-0.05993000712146568,0.06578341126441956,-0.2273557186126709,-0.01488899826904344,0.08855763077735901,-0.3382931053638458,-0.04225223060598182,0.09432286024093628,-0.41043102741241455,-0.05907502692093658,0.10002300143241882,-0.46843066811561584,-0.0679277546321373,-0.0029495060443878174,-0.21980151534080505,-0.021987720540664668,-0.014130830764770508,-0.3419229984283447,-0.05570752467860984,-0.018424808979034424,-0.4240073561668396,-0.07872363846649932,-0.02244621515274048,-0.491610050201416,-0.08767594318737792,-0.05892482399940491,-0.19182643294334412,-0.033074691108367915,-0.06723999977111816,-0.2546308636665344,-0.09410512369026947,-0.038207024335861206,-0.19227975606918335,-0.10266791205754089,-0.02490803599357605,-0.14259302616119385,-0.08659240525116729,-0.10707667469978333,-0.15009284019470215,-0.0450708075975399,-0.10432147979736328,-0.20251798629760742,-0.09092892628063964,-0.07527992129325867,-0.15643548965454102,-0.08198073428025054,-0.0638270378112793,-0.11354434490203857,-0.061785555592678065
V,0.0,0.0,0.0,0.07716035842895508,-0.057984232902526855,-0.030642613177633393,0.09453514218330383,-0.1642395257949829,-0.03973711781713973,0.013605564832687378,-0.20907387137413025,-0.05028770618650924,-0.06104975938796997,-0.20429787039756775,-0.06021510191771995,0.061635345220565796,-0.23034074902534485,-0.015230827373898137,0.08700379729270935,-0.3410499691963196,-0.043195602824425805,0.09386932849884033,-0.41248375177383423,-0.06008195631716262,0.09915515780448914,-0.47021085023880005,-0.06862408794972907,-0.005777627229690552,-0.22227999567985535,-0.02330599852416526,-0.0142630934715271,-0.3463819622993469,-0.057745536198353875,-0.016908586025238037,-0.42959001660346985,-0.0802536544999839,-0.02118203043937683,-0.4980774223804474,-0.08884951599452506,-0.059838682413101196,-0.19478541612625122,-0.03508105628702651,-0.06695631146430969,-0.25914818048477173,-0.09540962555024635,-0.036711812019348145,-0.197464257478714,-0.10228019334886085,-0.023552924394607544,-0.14554697275161743,-0.08508010335776817,-0.10432592034339905,-0.15441060066223145,-0.047737588515019524,-0.10256275534629822,-0.21111556887626648,-0.0911719066700698,-0.07095745205879211,-0.16985106468200684,-0.08095595367763053,-0.057559967041015625,-0.12744545936584473,-0.06024941929194938
V,0.0,0.0,0.0,0.07494807243347168,-0.062000393867492676,-0.03223642524187653,0.09556221961975098,-0.16496038436889648,-0.04328959997599213,0.01476624608039856,-0.20700061321258545,-0.05512723143999665,-0.062235355377197266,-0.1982581615447998,-0.06661290120189278,0.06009140610694885,-0.22953718900680542,-0.018083825743246962,0.08424299955368042,-0.3391653895378113,-0.04724490087335198,0.09006214141845703,-0.4094148278236389,-0.06537728201453774,0.09466257691383362,-0.46679380536079407,-0.074517892709423,-0.006518155336380005,-0.22174149751663208,-0.026029692998577048,-0.015155941247940063,-0.3437105417251587,-0.06016379412119477,-0.019288241863250732,-0.42454466223716736,-0.08301551084821313,-0.025094687938690186,-0.4925835132598877,-0.09183205108945458,-0.06100606918334961,-0.1940499246120453,-0.037524966558862616,-0.06714746356010437,-0.2562674582004547,-0.09674041163032143,-0.03719449043273926,-0.19467729330062866,-0.10302013348643868,-0.024193942546844482,-0.14460057020187378,-0.08592456023995965,-0.10738968849182129,-0.1523292064666748,-0.049911765417505194,-0.10471603274345398,-0.20656487345695496,-0.09172953110044091,-0.07407531142234802,-0.16274774074554443,-0.07897722165887444,-0.062231212854385376,-0.11927574872970581,-0.05654041658942788
V,0.0,0.0,0.0,0.07313841581344604,-0.05560535192489624,-0.02064839748754821,0.09184259176254272,-0.1490970253944397,-0.026050308701542235,0.03310617804527283,-0.1942768394947052,-0.03460530003621898,-0.028150856494903564,-0.20235681533813477,-0.04404420590117297,0.07319343090057373,-0.21677857637405396,-0.01528299225583396,0.10210207104682922,-0.3261912763118744,-0.04134008472874484,0.10775557160377502,-0.4013006091117859,-0.05625292098238788,0.11356735229492188,-0.46119216084480286,-0.06296173295095286,0.013766586780548096,-0.2114441692829132,-0.02471907435074172,0.004577159881591797,-0.3340524733066559,-0.057981478032615996,-0.0030461251735687256,-0.41650137305259705,-0.07944653740241847,-0.007976710796356201,-0.4819243848323822,-0.08690218439414821,-0.03204348683357239,-0.18711045384407043,-0.03610442763283572,-0.055983781814575195,-0.24937382340431213,-0.09319395383909068,-0.03497418761253357,-0.19091066718101501,-0.10183265617206416,-0.018727004528045654,-0.13599324226379395,-0.08676902761771998,-0.06840023398399353,-0.15259510278701782,-0.04712045004680476,-0.08742064237594604,-0.2077573537826538,-0.08821426889016948,-0.06721171736717224,-0.17038804292678833,-0.08047336896970592,-0.04992702603340149,-0.12934917211532593,-0.06190693190410457
V,0.0,0.0,0.0,0.07465323805809021,-0.061887919902801514,-0.02958812064605354,0.09353059530258179,-0.16247934103012085,-0.0385336136736214,0.014568179845809937,-0.20481789112091064,-0.048811253748112904,-0.0580119788646698,-0.19657433032989502,-0.05854745640533565,0.05850929021835327,-0.22537580132484436,-0.014430164016062008,0.08269906044006348,-0.33374956250190735,-0.04161035700815319,0.09015756845474243,-0.4028245210647583,-0.05802911578791736,0.0959465503692627,-0.4576360881328583,-0.06596084370391964,-0.006985902786254883,-0.21687233448028564,-0.022154898039275395,-0.015966683626174927,-0.3390006124973297,-0.054638799867802845,-0.019202888011932373,-0.420661062002182,-0.07576065941827892,-0.023524224758148193,-0.4866853356361389,-0.08348518296259044,-0.06075659394264221,-0.1883086860179901,-0.03351314424651264,-0.06694167852401733,-0.2513503432273865,-0.09055217786806224,-0.0373152494430542,-0.1942555010318756,-0.09732752724664806,-0.024158596992492676,-0.14458835124969482,-0.08091208024995922,-0.10599574446678162,-0.14701759815216064,-0.04562310188191532,-0.10416725277900696,-0.20162051916122437,-0.08633242233770488,-0.07271629571914673,-0.16419601440429688,-0.07586494519489406,-0.0586564838886261,-0.12454569339752197,-0.05539317860382198
V,0.0,0.0,0.0,0.07545918226242065,-0.05935239791870117,-0.024723306058376693,0.09295177459716797,-0.15523779392242432,-0.032936382798880004,0.02459147572517395,-0.19792434573173523,-0.04398940107080307,-0.04029428958892822,-0.20067059993743896,-0.055255725739925765,0.06935209035873413,-0.21692299842834473,-0.015584867207735442,0.09796440601348877,-0.32579320669174194,-0.044420122860401534,0.10615545511245728,-0.3981887102127075,-0.06077597638818588,0.11357608437538147,-0.45473748445510864,-0.06788478022667732,0.01233014464378357,-0.2090672254562378,-0.024801743908255958,0.0037027299404144287,-0.3347637951374054,-0.060886218903988265,-0.0029127895832061768,-0.4173268973827362,-0.08247227942797508,-0.008665889501571655,-0.483028769493103,-0.08926567411276665,-0.03289446234703064,-0.1841583251953125,-0.03706285333487358,-0.05437517166137695,-0.24884486198425293,-0.09687514579150047,-0.031746506690979004,-0.1917184293270111,-0.10362312173697319,-0.0169258713722229,-0.1405930519104004,-0.08645005500170555,-0.0717225968837738,-0.14924973249435425,-0.049496475367277526,-0.08567368984222412,-0.2053205668926239,-0.09004939323517647,-0.0618438720703125,-0.1678832769393921,-0.07999504333588447,-0.04560929536819458,-0.1287408471107483,-0.059986117987364196
V,0.0,0.0,0.0,0.07801318168640137,-0.06264030933380127,-0.029548096942789925,0.09691160917282104,-0.16027384996414185,-0.03855925566244878,0.019048452377319336,-0.20356079936027527,-0.048969773116596116,-0.05287337303161621,-0.19643157720565796,-0.05928797042656697,0.06549981236457825,-0.2164040207862854,-0.01870235941100873,0.09221020340919495,-0.32568255066871643,-0.04788631713677205,0.09958153963088989,-0.3941196799278259,-0.06421427196551122,0.10536742210388184,-0.448763445019722,-0.07082866645146169,0.0045671164989471436,-0.20838406682014465,-0.025346630725152863,-0.0014240741729736328,-0.33252817392349243,-0.06038454315353192,-0.004942804574966431,-0.4131383150815964,-0.08098027622986592,-0.00996631383895874,-0.4769029915332794,-0.08686472243357457,-0.045339733362197876,-0.18369033932685852,-0.035499507102258576,-0.05888882279396057,-0.2399197518825531,-0.09505802905846394,-0.030045151710510254,-0.18466660380363464,-0.10356532550144948,-0.013986140489578247,-0.13721835613250732,-0.08714277065087117,-0.08849745988845825,-0.14991790056228638,-0.0460142134754733,-0.09154057502746582,-0.20265081524848938,-0.08701372659493245,-0.06285637617111206,-0.16207250952720642,-0.07707997179318227,-0.04773065447807312,-0.1207197904586792,-0.0566323860614375
V,0.0,0.0,0.0,0.07616332173347473,-0.06525540351867676,-0.03044841721953162,0.09582898020744324,-0.16500473022460938,-0.040126475545775975,0.018870115280151367,-0.20669770240783691,-0.050329706671846,-0.05465218424797058,-0.19479182362556458,-0.060351009520900334,0.06116184592247009,-0.21847674250602722,-0.02143926270605334,0.08752921223640442,-0.32704177498817444,-0.049881367984426106,0.09578606486320496,-0.39441895484924316,-0.06612454638184317,0.10207673907279968,-0.4484042823314667,-0.0730330897897602,-0.0016686320304870605,-0.21156105399131775,-0.027375266927492703,-0.0070815980434417725,-0.33415859937667847,-0.060428435954463566,-0.008393079042434692,-0.414699986577034,-0.08026293948591956,-0.011963993310928345,-0.4788880944252014,-0.08652215734423407,-0.054316312074661255,-0.187310129404068,-0.03664339244664916,-0.059942394495010376,-0.2464560866355896,-0.09224161789120444,-0.02984759211540222,-0.19254982471466064,-0.10000800624789008,-0.016061067581176758,-0.14439350366592407,-0.08458993867338904,-0.0990336537361145,-0.15264034271240234,-0.04661404252351531,-0.09381809830665588,-0.20506501197814941,-0.08419909611643561,-0.062203019857406616,-0.16845449805259705,-0.07387128010691413,-0.048298776149749756,-0.1284605860710144,-0.05409254417122611
V,0.0,0.0,0.0,0.07592344284057617,-0.06730657815933228,-0.02831225883278421,0.09819474816322327,-0.16730651259422302,-0.03783835139188341,0.027578800916671753,-0.21174359321594238,-0.04890237044605783,-0.04289352893829346,-0.20345619320869446,-0.05988626968178323,0.06733432412147522,-0.2210131287574768,-0.018597457968326125,0.09377506375312805,-0.3302501440048218,-0.046841212027402435,0.10189852118492126,-0.3979322612285614,-0.06326733198079637,0.10814258456230164,-0.4533762037754059,-0.07079802867087892,0.0033119022846221924,-0.2162468433380127,-0.026389621608586822,-0.0020009279251098633,-0.3390592038631439,-0.06002937670859865,-0.002861231565475464,-0.417733833193779,-0.07961745228681139,-0.00528833270072937,-0.48237547278404236,-0.08577587869081071,-0.05034559965133667,-0.19445198774337769,-0.03751662414583734,-0.051589012145996094,-0.258148193359375,-0.09300399985227159,-0.02581307291984558,-0.1985732614994049,-0.0990028720727878,-0.015054970979690552,-0.14889657497406006,-0.08244699653300813,-0.0960945188999176,-0.16086775064468384,-0.049401950501533065,-0.08954578638076782,-0.21314433217048645,-0.08689832355889848,-0.06074562668800354,-0.17162320017814636,-0.07556385215434602,-0.048795223236083984,-0.12978994846343994,-0.05502044823083452
V,0.0,0.0,0.0,0.07597002387046814,-0.06354933977127075,-0.025138212556385042,0.09728431701660156,-0.16470229625701904,-0.033461757192753794,0.027693241834640503,-0.21209201216697693,-0.04381718132867718,-0.044774144887924194,-0.2043784260749817,-0.05369421486034298,0.06721043586730957,-0.21649178862571716,-0.017678689400099756,0.09690648317337036,-0.32842177152633667,-0.044025581518553736,0.10791736841201782,-0.3965262472629547,-0.058937709967040064,0.11696940660476685,-0.4517461210489273,-0.06605747360958958,0.00466686487197876,-0.2130151093006134,-0.026818536410473826,0.00022616982460021973,-0.338876336812973,-0.0584992432989111,0.0012687146663665771,-0.4183335602283478,-0.07774417121186161,0.0005586147308349609,-0.4835740327835083,-0.08473463375344181,-0.047556281089782715,-0.19294163584709167,-0.03884030152335072,-0.05141285061836243,-0.26148393750190735,-0.09037183244004154,-0.023998290300369263,-0.20283180475234985,-0.09444063920750523,-0.012349456548690796,-0.15458333492279053,-0.07814096678271198,-0.09123021364212036,-0.16121122241020203,-0.05171495322360897,-0.08784216642379761,-0.21733719110488892,-0.08444719780459309,-0.0584334135055542,-0.18005791306495667,-0.0717896448470583,-0.04596903920173645,-0.14217382669448853,-0.05187854934706593
V,0.0,0.0,0.0,0.07558062672615051,-0.05995529890060425,-0.021981570225875657,0.09636625647544861,-0.1587809920310974,-0.03076869184963016,0.02943149209022522,-0.20536959171295166,-0.042808273163359445,-0.03950291872024536,-0.20228242874145508,-0.05505387606910972,0.06761473417282104,-0.21218955516815186,-0.016089120235960763,0.09715095162391663,-0.32270097732543945,-0.04184032725981979,0.10756799578666687,-0.39131250977516174,-0.05612265067986755,0.1162329614162445,-0.44678284227848053,-0.06271230923823623,0.00961199402809143,-0.2079412341117859,-0.027153942090194505,0.008638203144073486,-0.3324298858642578,-0.05946191894702224,0.007368206977844238,-0.4120264798402786,-0.07894759374551086,0.004212230443954468,-0.4767935872077942,-0.08600906032017974,-0.038393616676330566,-0.18804579973220825,-0.040852533009569925,-0.05105137825012207,-0.25435197353363037,-0.09399777400187759,-0.028105974197387695,-0.19460776448249817,-0.09935245412282256,-0.016828566789627075,-0.1456257700920105,-0.08370303857020645,-0.07895258069038391,-0.15764161944389343,-0.05498980480126647,-0.08663299679756165,-0.2180291712284088,-0.08743346231869964,-0.0615505576133728,-0.17949628829956055,-0.07483183341912536,-0.048105597496032715,-0.13981008529663086,-0.055400044944803994
V,0.0,0.0,0.0,0.0729382336139679,-0.05637925863265991,-0.021716859617299633,0.09632328152656555,-0.14907288551330566,-0.03115881090707262,0.034486860036849976,-0.19828543066978455,-0.04438828533238848,-0.02955794334411621,-0.2053556740283966,-0.0575761780673929,0.07479867339134216,-0.20858502388000488,-0.015641726979083614,0.10559776425361633,-0.3175338804721832,-0.04401328270978411,0.1159648597240448,-0.38657450675964355,-0.05932011311597307,0.1242847740650177,-0.44232988357543945,-0.0660903476709791,0.019905835390090942,-0.2065412402153015,-0.02709607263750513,0.019305557012557983,-0.3318330645561218,-0.06335740020222147,0.015848815441131592,-0.410721093416214,-0.08371366044229944,0.012554854154586792,-0.4763396680355072,-0.08984990646786173,-0.024826496839523315,-0.1880260705947876,-0.04143594806737383,-0.04463416337966919,-0.25157272815704346,-0.09921686580128153,-0.027250945568084717,-0.18853765726089478,-0.10471165409035166,-0.01339462399482727,-0.13950735330581665,-0.0875827245945402,-0.06419655680656433,-0.15925660729408264,-0.05609484990782221,-0.07784107327461243,-0.21206670999526978,-0.09347975482887705,-0.0570300817489624,-0.16991817951202393,-0.08308682074493845,-0.040176570415496826,-0.13238424062728882,-0.06378192683405359
V,0.0,0.0,0.0,0.0732015073299408,-0.05862921476364136,-0.02302661331282252,0.09392175078392029,-0.1550973653793335,-0.031183708253365694,0.03310835361480713,-0.20468586683273315,-0.04173110404894942,-0.03166899085044861,-0.20867779850959778,-0.05218039059923285,0.07306930422782898,-0.21221360564231873,-0.018497785347562967,0.10411271452903748,-0.3209613263607025,-0.04636396074579352,0.11422404646873474,-0.3901560306549072,-0.062211874666672884,0.1228497326374054,-0.4463259279727936,-0.06965213993476027,0.015258997678756714,-0.21051880717277527,-0.027014672550421892,0.010358750820159912,-0.33207473158836365,-0.06217738965438002,0.007572948932647705,-0.41210171580314636,-0.08307099321768874,0.00550416111946106,-0.47782987356185913,-0.0902393309204399,-0.03176042437553406,-0.19252756237983704,-0.03797753879712218,-0.047026246786117554,-0.25409454107284546,-0.09274826923297042,-0.026354104280471802,-0.1975829303264618,-0.09942659715102309,-0.012187182903289795,-0.1491478681564331,-0.08413589725182646,-0.07045048475265503,-0.16454008221626282,-0.04924260804341429,-0.07912865281105042,-0.2143227458000183,-0.08620593676255339,-0.05640453100204468,-0.1746787428855896,-0.07747791686938399,-0.0399305522441864,-0.1360945701599121,-0.059355787727099596
V,0.0,0.0,0.0,0.06416133046150208,-0.05685311555862427,-0.01702529001198627,0.07822498679161072,-0.15027695894241333,-0.022485366046055333,0.02772045135498047,-0.20154929161071777,-0.031560998364909665,-0.02414277195930481,-0.20708295702934265,-0.04079387704990722,0.07867363095283508,-0.20516908168792725,-0.01496751415692188,0.11079314351081848,-0.3153890371322632,-0.03947196896336891,0.11990591883659363,-0.385579913854599,-0.05195341999791481,0.127939373254776,-0.44185179471969604,-0.05720292399786331,0.030843287706375122,-0.20483365654945374,-0.02512112441621639,0.023001819849014282,-0.3289628326892853,-0.05826507876776077,0.016524136066436768,-0.4090877175331116,-0.07725490997694351,0.01364964246749878,-0.47445759177207947,-0.08272232483290054,-0.008189767599105835,-0.18880817294120789,-0.037082381501420514,-0.03922417759895325,-0.24960169196128845,-0.09122429411075927,-0.02595868706703186,-0.19174808263778687,-0.09855119506977417,-0.010868638753890991,-0.14225763082504272,-0.08335639904402115,-0.04215624928474426,-0.16464120149612427,-0.04867225880883552,-0.06911516189575195,-0.21422138810157776,-0.08561303834579803,-0.05465623736381531,-0.1751081943511963,-0.07842991869114257,-0.03743475675582886,-0.13675779104232788,-0.06148955593965866
V,0.0,0.0,0.0,-0.018859535455703735,-0.05245184898376465,-0.007078478709559022,-0.031594932079315186,-0.13649851083755493,-0.01509026171709138,-0.04623061418533325,-0.18987593054771423,-0.0299127969338997,-0.042116522789001465,-0.21250241994857788,-0.045298970435510455,0.04083004593849182,-0.19873642921447754,-0.010891365949760257,0.07871398329734802,-0.3049197196960449,-0.035523920451055346,0.0905749499797821,-0.3751146197319031,-0.04779520178283292,0.10536643862724304,-0.4297524392604828,-0.05306722888792592,0.03813329339027405,-0.19925767183303833,-0.027760340963254748,0.03373134136199951,-0.3222779333591461,-0.062085914556632815,0.021903157234191895,-0.404601514339447,-0.08124816337669927,0.017879456281661987,-0.4734184741973877,-0.08660012403572637,0.038252025842666626,-0.18444254994392395,-0.045593659524570285,-0.015742242336273193,-0.24929186701774597,-0.09868253687466222,-0.03087887167930603,-0.1935819387435913,-0.10504852900351125,-0.02583196759223938,-0.14744341373443604,-0.0902975119098528,0.034755051136016846,-0.16082489490509033,-0.0625972441777094,-0.030645817518234253,-0.21039798855781555,-0.10164767423714238,-0.045570045709609985,-0.170914888381958,-0.09645240673864919,-0.03651532530784607,-0.13340771198272705,-0.08078230092371541
V,0.0,0.0,0.0,0.05643025040626526,-0.05389809608459473,-0.018373504214309833,0.06932684779167175,-0.14666056632995605,-0.02478358329119601,0.016397148370742798,-0.19846674799919128,-0.03373883657934584,-0.03637099266052246,-0.21071714162826538,-0.041965182803892276,0.07029446959495544,-0.19765695929527283,-0.01827692233803191,0.09638538956642151,-0.3113638162612915,-0.044505625896476886,0.10402557253837585,-0.37994158267974854,-0.057072691552662036,0.1126737892627716,-0.4362977147102356,-0.061766590856336734,0.025352269411087036,-0.19690805673599243,-0.027039879866265437,0.014684051275253296,-0.3221188485622406,-0.059914246134781024,0.008165419101715088,-0.39991599321365356,-0.0770203843045465,0.006938248872756958,-0.46596483886241913,-0.08160107576134124,-0.013218611478805542,-0.18279018998146057,-0.03773729869010367,-0.04446318745613098,-0.2482476532459259,-0.0893933101821176,-0.03437000513076782,-0.18968281149864197,-0.09217133366348662,-0.021461039781570435,-0.14352387189865112,-0.07483711086990752,-0.047558337450027466,-0.15988868474960327,-0.0484215281236402,-0.0763700008392334,-0.2139248549938202,-0.08136884861471572,-0.06429532170295715,-0.1729755997657776,-0.06978607916119017,-0.04966476559638977,-0.13521617650985718,-0.05054251842977919
V,0.0,0.0,0.0,0.03552877902984619,-0.0537792444229126,-0.012938146130181849,0.04286694526672363,-0.1440839171409607,-0.0181919519091025,0.004816651344299316,-0.1986098289489746,-0.02748317422810942,-0.030589550733566284,-0.218060702085495,-0.03574788162950426,0.07058680057525635,-0.19702669978141785,-0.012363277026452124,0.09838098287582397,-0.312055766582489,-0.03567296976689249,0.10607719421386719,-0.3813324570655823,-0.04626623506192118,0.11542510986328125,-0.4371393769979477,-0.0501305308425799,0.035272955894470215,-0.19805026054382324,-0.02333522739354521,0.024804651737213135,-0.3226817846298218,-0.054391041048802435,0.015112340450286865,-0.40093812346458435,-0.07078399846795946,0.014096379280090332,-0.46758925914764404,-0.07551476696971804,0.0045506954193115234,-0.18625837564468384,-0.036029729642905295,-0.03618806600570679,-0.2591904401779175,-0.08439128438476473,-0.03689640760421753,-0.20394587516784668,-0.08766930887941271,-0.02593374252319336,-0.158069908618927,-0.07199602911714464,-0.024085313081741333,-0.16547173261642456,-0.04864428529981524,-0.06666216254234314,-0.22098779678344727,-0.08088858018163592,-0.06479030847549438,-0.18486922979354858,-0.07269712875131518,-0.050381600856781006,-0.14874744415283203,-0.056414428749121726
V,0.0,0.0,0.0,0.022830426692962646,-0.05848735570907593,-0.014456354192475374,0.024600207805633545,-0.1467747688293457,-0.021468436456302697,-0.0009038448333740234,-0.19679859280586243,-0.03187094639895349,-0.022374093532562256,-0.21245214343070984,-0.04179354768155008,0.06746786832809448,-0.2005021572113037,-0.017986646032909448,0.09737807512283325,-0.3119249641895294,-0.04186900343654543,0.10495269298553467,-0.3807854652404785,-0.05311962228176981,0.11335784196853638,-0.4366253912448883,-0.05755004297850519,0.035236239433288574,-0.2035016417503357,-0.028295459336618478,0.025502026081085205,-0.3247113823890686,-0.059107978007773454,0.015904903411865234,-0.40212440490722656,-0.07550005998371034,0.014639437198638916,-0.4663413017988205,-0.08011858548877626,0.0067917704582214355,-0.191908597946167,-0.04007664333937555,-0.03477722406387329,-0.2542720139026642,-0.0854845010852614,-0.0378071665763855,-0.20537632703781128,-0.09069230791089922,-0.027708828449249268,-0.16328555345535278,-0.07738455768583208,-0.019179582595825195,-0.17222481966018677,-0.05204723786471277,-0.06521129608154297,-0.21918782591819763,-0.08187389757392793,-0.06565660238265991,-0.18812942504882812,-0.07504305627105623,-0.05175524950027466,-0.1566283106803894,-0.060326788685301835
V,0.0,0.0,0.0,-0.019600987434387207,-0.05909520387649536,-0.011070286962819864,-0.02655029296875,-0.1468813419342041,-0.017065215963555147,-0.03358370065689087,-0.20409473776817322,-0.02812954980475979,-0.02797114849090576,-0.22416621446609497,-0.03867657493395882,0.05274796485900879,-0.200005441904068,-0.00880775797708111,0.08728331327438354,-0.3079162836074829,-0.030326968166662027,0.09724646806716919,-0.3746793866157532,-0.04016670222921448,0.10983818769454956,-0.42783886194229126,-0.043875325578881075,0.04339712858200073,-0.20297235250473022,-0.021109530809951593,0.03668302297592163,-0.32113057374954224,-0.051881637531948854,0.024632930755615234,-0.39556795358657837,-0.06776469584150391,0.020952284336090088,-0.4585960954427719,-0.0713774078671463,0.035595715045928955,-0.19275638461112976,-0.03529362763805466,-0.018835008144378662,-0.25285080075263977,-0.08323742087526398,-0.03539186716079712,-0.19943419098854065,-0.08922639127416687,-0.031108498573303223,-0.15490823984146118,-0.07550976063652115,0.02570629119873047,-0.17472004890441895,-0.0495011509541996,-0.03919780254364014,-0.21998479962348938,-0.08193780865116196,-0.055578529834747314,-0.18550574779510498,-0.07701204355402069,-0.0479104220867157,-0.15228486061096191,-0.06322206940097885
V,0.0,0.0,0.0,0.06062191724777222,-0.059176743030548096,-0.018049953993738654,0.07820373773574829,-0.14814364910125732,-0.02438042547959185,0.03157210350036621,-0.19910192489624023,-0.03409926269608832,-0.025497019290924072,-0.20066162943840027,-0.043611087393344405,0.06866824626922607,-0.1986977458000183,-0.012655278224826816,0.09629684686660767,-0.3005274832248688,-0.03610762630063391,0.10597628355026245,-0.3643083870410919,-0.0501198177452693,0.11448931694030762,-0.4164610058069229,-0.05705940027195311,0.019710898399353027,-0.20141923427581787,-0.022128578763783935,0.01707535982131958,-0.3110363781452179,-0.05056513894754744,0.01563018560409546,-0.38443446159362793,-0.06826369885760641,0.015099763870239258,-0.44555996358394623,-0.07516855422812796,-0.023561596870422363,-0.1879240870475769,-0.033999357860864166,-0.04074627161026001,-0.2483971118927002,-0.07719465766507483,-0.02928823232650757,-0.19844868779182434,-0.08172224883395529,-0.020411252975463867,-0.15661555528640747,-0.06870418463307715,-0.060778260231018066,-0.16437256336212158,-0.046670888107598785,-0.0752745270729065,-0.21585708856582642,-0.07130166564542151,-0.060875892639160156,-0.1891312301158905,-0.06106325660306311,-0.04950064420700073,-0.1600319743156433,-0.04529138703304625
V,0.0,0.0,0.0,0.058614373207092285,-0.058452725410461426,-0.015344942167700992,0.07591038942337036,-0.1463453769683838,-0.021033561967612968,0.03219807147979736,-0.19609177112579346,-0.030936177067758308,-0.021003127098083496,-0.20216315984725952,-0.0412644624638574,0.07030880451202393,-0.19060012698173523,-0.011371785022618042,0.1002204418182373,-0.29452550411224365,-0.033334243290426,0.11034709215164185,-0.3597463071346283,-0.04485742300033735,0.11906421184539795,-0.41243255138397217,-0.04969928338408636,0.024514496326446533,-0.19453027844429016,-0.021906449638606773,0.02472686767578125,-0.3059547543525696,-0.05082240252971815,0.021160602569580078,-0.380756139755249,-0.06795289664745496,0.018762826919555664,-0.4412722736597061,-0.07372016757011579,-0.015451490879058838,-0.1816481053829193,-0.03442990332126783,-0.04336827993392944,-0.2430339753627777,-0.08152185677766965,-0.03409838676452637,-0.18962827324867249,-0.08796987234831022,-0.022130370140075684,-0.1428365707397461,-0.07478170394182371,-0.051038503646850586,-0.15901178121566772,-0.04697398021102117,-0.07806944847106934,-0.2119988203048706,-0.07659249305010007,-0.0671154260635376,-0.1804940104484558,-0.06843172311067747,-0.05262577533721924,-0.1459047794342041,-0.05295909120917486
V,0.0,0.0,0.0,0.055786848068237305,-0.055797278881073,-0.01439261370700251,0.07190388441085815,-0.14120402932167053,-0.019520536338802685,0.03350645303726196,-0.18971329927444458,-0.028395075624700894,-0.013373196125030518,-0.1967797875404358,-0.03750811358344208,0.07614749670028687,-0.1851903200149536,-0.012550657888766636,0.1091543436050415,-0.2848208546638489,-0.034530559828397145,0.1190444827079773,-0.34928834438323975,-0.04640530635964524,0.12829291820526123,-0.4007590562105179,-0.05199362178694855,0.03050827980041504,-0.1885378360748291,-0.02228672829818379,0.027423739433288574,-0.29873812198638916,-0.050588785013076176,0.023731708526611328,-0.37140601873397827,-0.06729814251315247,0.024060547351837158,-0.43275710940361023,-0.07319845845353257,-0.009104430675506592,-0.17692750692367554,-0.03359687169444214,-0.02939504384994507,-0.23939263820648193,-0.07686626007210862,-0.022555530071258545,-0.1917787790298462,-0.08098313798558365,-0.014137625694274902,-0.15083271265029907,-0.06783422668826233,-0.0434909462928772,-0.1565403938293457,-0.045129968127127995,-0.06370383501052856,-0.20780494809150696,-0.07229263176571976,-0.05295979976654053,-0.17917972803115845,-0.06363986273657929,-0.04053157567977905,-0.14817434549331665,-0.04849175949942719
V,0.0,0.0,0.0,0.06387627124786377,-0.06688010692596436,-0.016557347928085164,0.0808059573173523,-0.1554090976715088,-0.021352729727425412,0.03416413068771362,-0.2021242082118988,-0.02966332711736186,-0.022202491760253906,-0.1991778016090393,-0.03816249497691615,0.06688004732131958,-0.19472503662109375,-0.009080416490235166,0.09509456157684326,-0.29452866315841675,-0.03259466864625438,0.10445201396942139,-0.3553088903427124,-0.045779160191216306,0.11370193958282471,-0.40596823394298553,-0.051322943498291806,0.016884982585906982,-0.19650232791900635,-0.017915983651676015,0.015554070472717285,-0.30467385053634644,-0.04621806644360049,0.014934062957763672,-0.374769389629364,-0.06314025350371821,0.015577495098114014,-0.43342171609401703,-0.06837319113770945,-0.026495039463043213,-0.18315860629081726,-0.029152949307956533,-0.03869515657424927,-0.2342643141746521,-0.07348463215390666,-0.02572101354598999,-0.18438264727592468,-0.07928085603276713,-0.016336143016815186,-0.14292842149734497,-0.06588309534350856,-0.06322938203811646,-0.16106867790222168,-0.04071982481042369,-0.07156634330749512,-0.20835980772972107,-0.0654082847432278,-0.056451499462127686,-0.1788341999053955,-0.05464910991946681,-0.045497000217437744,-0.1476345956325531,-0.037871091593899564
V,0.0,0.0,0.0,0.0600009560585022,-0.061371684074401855,-0.020142916396423516,0.07850712537765503,-0.14915162324905396,-0.025649057507678208,0.031910061836242676,-0.19468039274215698,-0.03312232698516482,-0.02072209119796753,-0.19547289609909058,-0.040431927696033654,0.0648157000541687,-0.19443121552467346,-0.016552505821152863,0.09199404716491699,-0.2931366264820099,-0.04007486234621638,0.09995853900909424,-0.3529943823814392,-0.05340325813011759,0.10780179500579834,-0.4025047719478607,-0.05907109732942217,0.014357447624206543,-0.19527378678321838,-0.02355080078558558,0.013239264488220215,-0.30178314447402954,-0.05015470813231104,0.012552440166473389,-0.37175726890563965,-0.06653593461231821,0.01264423131942749,-0.4295656830072403,-0.072140544459387,-0.02932959794998169,-0.1812433898448944,-0.03280910830216044,-0.0409507155418396,-0.234786719083786,-0.07400886695103281,-0.027426719665527344,-0.19006755948066711,-0.07913785408453577,-0.01849532127380371,-0.15128320455551147,-0.06671433876471156,-0.06638175249099731,-0.1574353277683258,-0.04285806770639056,-0.07432675361633301,-0.20563703775405884,-0.06624682973341578,-0.05795431137084961,-0.18084704875946045,-0.05561558882908457,-0.047271132469177246,-0.1515859067440033,-0.03932329992966288
V,0.0,0.0,0.0,0.06499665975570679,-0.0665692687034607,-0.021869721334269343,0.08464592695236206,-0.15323150157928467,-0.03006529293566018,0.03139108419418335,-0.1974666714668274,-0.04000619843213826,-0.02749812602996826,-0.1922951340675354,-0.04963566034643918,0.06680262088775635,-0.19182243943214417,-0.017174512591054736,0.09346646070480347,-0.29127585887908936,-0.04140088751523763,0.10203003883361816,-0.3504219055175781,-0.05500987588970929,0.11043816804885864,-0.3997994512319565,-0.06113030433266431,0.013854920864105225,-0.19232159852981567,-0.024292745139291583,0.011863291263580322,-0.3010287582874298,-0.05244412317483693,0.013052642345428467,-0.36942048370838165,-0.06954490437715322,0.0144423246383667,-0.4264463633298874,-0.0755428750774172,-0.03231358528137207,-0.17885103821754456,-0.03383442803828984,-0.038126349449157715,-0.23330986499786377,-0.07698896571605474,-0.02079838514328003,-0.18491274118423462,-0.08182945146768361,-0.012384891510009766,-0.14431890845298767,-0.06851830377786428,-0.07135772705078125,-0.1555352509021759,-0.04413951977699071,-0.07304835319519043,-0.2047979235649109,-0.06800323024003774,-0.052803635597229004,-0.17724266648292542,-0.05624707087486058,-0.04259896278381348,-0.14621645212173462,-0.03901564374177724
V,0.0,0.0,0.0,0.05885577201843262,-0.056855618953704834,-0.024302634294599557,0.07784891128540039,-0.14218279719352722,-0.03127255558547404,0.01932072639465332,-0.18281829357147217,-0.038920073654026055,-0.04034799337387085,-0.17161157727241516,-0.04572799697098162,0.06414556503295898,-0.1840396523475647,-0.015509392018884682,0.0900646448135376,-0.27956151962280273,-0.03692290454682734,0.10058331489562988,-0.33755263686180115,-0.04983748763379481,0.11044144630432129,-0.38558074831962585,-0.05660220875915911,0.010222196578979492,-0.18344086408615112,-0.022938552196592354,0.006967484951019287,-0.2888033092021942,-0.04708692326721575,0.0057656168937683105,-0.3548145443201065,-0.06409456848678019,0.005442559719085693,-0.41010600328445435,-0.07160268246707346,-0.038273394107818604,-0.16743573546409607,-0.03311423107561495,-0.03956538438796997,-0.22497263550758362,-0.0740963023858967,-0.02043020725250244,-0.17176300287246704,-0.07717650651511576,-0.01374053955078125,-0.13225534558296204,-0.06352459907111552,-0.0816618800163269,-0.13886070251464844,-0.04464748024520304,-0.07904791831970215,-0.1919056475162506,-0.06918266683396723,-0.05601966381072998,-0.1589859426021576,-0.05637195601639178,-0.04846322536468506,-0.1255609691143036,-0.038534025545686745
V,0.0,0.0,0.0,0.06312668323516846,-0.05485856533050537,-0.02980077626881439,0.08477246761322021,-0.13867869973182678,-0.03614637057063419,0.02709299325942993,-0.1829925775527954,-0.0417153256642564,-0.02912038564682007,-0.18236562609672546,-0.046063406269524876,0.07533681392669678,-0.1769121289253235,-0.01777038152096111,0.09971374273300171,-0.2716824412345886,-0.04189162130234081,0.10796129703521729,-0.33216726779937744,-0.055136380593751255,0.11658364534378052,-0.38142022490501404,-0.06088830704567272,0.021528244018554688,-0.17905458807945251,-0.020648850004647556,0.017430543899536133,-0.28504741191864014,-0.048507427673314396,0.015598654747009277,-0.3516290783882141,-0.06503760616061527,0.01662546396255493,-0.40817658603191376,-0.07008734891888935,-0.024622738361358643,-0.16774716973304749,-0.02735781471011478,-0.037488341331481934,-0.22523653507232666,-0.07334635953185398,-0.021739482879638672,-0.1760152280330658,-0.07947131047723133,-0.011248946189880371,-0.13913404941558838,-0.0659821088123067,-0.06492191553115845,-0.14517593383789062,-0.03543239633319217,-0.07122617959976196,-0.19428661465644836,-0.06331682751653034,-0.051727473735809326,-0.1637318730354309,-0.05354602063772518,-0.04154127836227417,-0.13319364190101624,-0.03686202863929111
V,0.0,0.0,0.0,0.0627700686454773,-0.06172603368759155,-0.021749733995420684,0.08260464668273926,-0.144367516040802,-0.031028936665279616,0.026290059089660645,-0.1860778033733368,-0.042124019052607764,-0.03375363349914551,-0.17782381176948547,-0.053142533685786475,0.06791913509368896,-0.18103617429733276,-0.01782726594410633,0.0956341028213501,-0.27489984035491943,-0.04049182781182026,0.10604363679885864,-0.3327043354511261,-0.054484364624840964,0.11559337377548218,-0.38130371272563934,-0.06200787895522808,0.015193760395050049,-0.18257957696914673,-0.025658178191406478,0.014534294605255127,-0.28729990124702454,-0.052437746014220465,0.016491234302520752,-0.3552318811416626,-0.07018479430280422,0.018208324909210205,-0.4133049547672272,-0.07800046079955791,-0.03149694204330444,-0.16940054297447205,-0.035476875539643515,-0.033681631088256836,-0.23044714331626892,-0.07667012983165478,-0.015123486518859863,-0.17873013019561768,-0.07931901239953731,-0.00845026969909668,-0.13655659556388855,-0.06573043489061092,-0.07187837362289429,-0.14468282461166382,-0.046195958789212455,-0.06942862272262573,-0.19889327883720398,-0.07016239785752987,-0.04721599817276001,-0.16778555512428284,-0.05712930956087803,-0.03848087787628174,-0.13304108381271362,-0.0393628152569363
V,0.0,0.0,0.0,0.06349486112594604,-0.06297421455383301,-0.0225891420969333,0.08515006303787231,-0.14701837301254272,-0.030963009817298826,0.025971174240112305,-0.19176819920539856,-0.04120440095454114,-0.037215590476989746,-0.18426445126533508,-0.051068690268095907,0.06902569532394409,-0.18723610043525696,-0.013058232737478193,0.09749126434326172,-0.27900177240371704,-0.03362332716375249,0.10875046253204346,-0.33461572229862213,-0.046703253535326894,0.11872327327728271,-0.3820003718137741,-0.0539458362737264,0.01658165454864502,-0.18846732378005981,-0.020831782964762624,0.016172289848327637,-0.29012811183929443,-0.045261402277049,0.01795262098312378,-0.3548889309167862,-0.062412731943425115,0.019376635551452637,-0.41053377091884613,-0.07017195656686681,-0.029107511043548584,-0.17438849806785583,-0.031269323674735006,-0.033371150493621826,-0.23126870393753052,-0.07192106231838125,-0.015534520149230957,-0.17813023924827576,-0.07635086461692708,-0.008372783660888672,-0.13720539212226868,-0.06404977723747152,-0.06946378946304321,-0.1492214798927307,-0.04288566544443029,-0.07053041458129883,-0.20054695010185242,-0.06619298890024083,-0.04837346076965332,-0.1720346212387085,-0.05508844613819974,-0.03838413953781128,-0.14114341139793396,-0.039202172903117116
V,0.0,0.0,0.0,0.0639527440071106,-0.06402575969696045,-0.01970877847503516,0.0890541672706604,-0.14677700400352478,-0.026153892044533222,0.044118642807006836,-0.1947292983531952,-0.035186456282247036,-0.010448694229125977,-0.19709786772727966,-0.043904704738963574,0.07607805728912354,-0.17921259999275208,-0.010424498234499424,0.10818415880203247,-0.27378392219543457,-0.03178717358838412,0.11963659524917603,-0.3309638202190399,-0.043112696845639675,0.1307758092880249,-0.37843793630599976,-0.04775089188348147,0.026218831539154053,-0.1839596927165985,-0.01696459739338252,0.029621124267578125,-0.28734517097473145,-0.043958300490487545,0.03277033567428589,-0.35324178636074066,-0.05980940325986239,0.03675734996795654,-0.4081189036369324,-0.06467788456808421,-0.0159226655960083,-0.1738811433315277,-0.026227686320055454,-0.021554231643676758,-0.22802788019180298,-0.06939826696049067,-0.00913858413696289,-0.18197405338287354,-0.0759909653557429,-0.001169443130493164,-0.1424064338207245,-0.06380662112366053,-0.050246477127075195,-0.1557629108428955,-0.03594720526467654,-0.05364704132080078,-0.20407629013061523,-0.06050811498295161,-0.03931659460067749,-0.17968997359275818,-0.05181458382736537,-0.029738128185272217,-0.15129581093788147,-0.03690374060403201
V,0.0,0.0,0.0,0.064525306224823,-0.0644683837890625,-0.023789092718914162,0.08629506826400757,-0.1490490734577179,-0.031154447987034928,0.035437822341918945,-0.19716864824295044,-0.03969026525254549,-0.018600106239318848,-0.20130780339241028,-0.04779347573156656,0.07403022050857544,-0.1818312406539917,-0.014671987674489628,0.10232287645339966,-0.2764383852481842,-0.03790744562382997,0.11405104398727417,-0.33121709525585175,-0.05000810120935739,0.12580829858779907,-0.3765999674797058,-0.05453035776253046,0.024308502674102783,-0.18623784184455872,-0.019041472866490494,0.025501251220703125,-0.2911044657230377,-0.04674458672042192,0.02781456708908081,-0.35452310740947723,-0.0616660432958156,0.03125423192977905,-0.4069347083568573,-0.06544744391675295,-0.01954549551010132,-0.17581772804260254,-0.02672239561314882,-0.02694183588027954,-0.23109358549118042,-0.07189031858678163,-0.012883543968200684,-0.18051111698150635,-0.07838972081179918,-0.0035826563835144043,-0.13981175422668457,-0.06550727952952684,-0.057269155979156494,-0.15688300132751465,-0.0349474081837684,-0.0608559250831604,-0.20345035195350647,-0.06222953070636095,-0.04486936330795288,-0.17295491695404053,-0.053886780335858475,-0.03493309020996094,-0.14218100905418396,-0.038490371599152695
V,0.0,0.0,0.0,0.06218278408050537,-0.06098586320877075,-0.01965392194421156,0.08362346887588501,-0.14315587282180786,-0.0252777803662525,0.03817105293273926,-0.18701708316802979,-0.032547978681634504,-0.012219607830047607,-0.18698519468307495,-0.040161797774146635,0.07983702421188354,-0.17469123005867004,-0.014768360179971296,0.11135661602020264,-0.2661716043949127,-0.03521944023401602,0.12399977445602417,-0.32207562029361725,-0.04648684896261557,0.13664346933364868,-0.36941204965114594,-0.051049062979529936,0.036064863204956055,-0.17965686321258545,-0.019440634173463422,0.03903532028198242,-0.2791789770126343,-0.04308059997589453,0.04026752710342407,-0.34270207583904266,-0.05657047591836317,0.042511045932769775,-0.3940788805484772,-0.06070329434902533,-0.0026100873947143555,-0.16884726285934448,-0.026337826621841032,-0.020807266235351562,-0.22315233945846558,-0.06652800924808844,-0.011705577373504639,-0.17647406458854675,-0.0715269390466915,-0.0036481618881225586,-0.1328967809677124,-0.05957316420705183,-0.03767287731170654,-0.150190532207489,-0.033594219011376936,-0.0533905029296875,-0.19811180233955383,-0.059255359691690046,-0.04247629642486572,-0.17113718390464783,-0.05109551362426146,-0.03389632701873779,-0.13889658451080322,-0.03664971701533659
V,0.0,0.0,0.0,0.06375110149383545,-0.06471449136734009,-0.02473389953121341,0.08573371171951294,-0.1452375054359436,-0.030387118828741677,0.03794693946838379,-0.19305607676506042,-0.036005262655464776,-0.015014290809631348,-0.1902819573879242,-0.04143551774069465,0.08019667863845825,-0.17467200756072998,-0.016287925091830857,0.11114966869354248,-0.26796287298202515,-0.037639335167853005,0.12283021211624146,-0.3231399655342102,-0.05003701932474769,0.13307005167007446,-0.37092119455337524,-0.05528008602306045,0.033241093158721924,-0.1802670657634735,-0.018051436540929444,0.03777575492858887,-0.28032922744750977,-0.04206757284447349,0.0393444299697876,-0.34329216182231903,-0.05634039304896987,0.04148155450820923,-0.3954520672559738,-0.060794886571613915,-0.009382843971252441,-0.170448899269104,-0.022613551837650903,-0.020934760570526123,-0.22386112809181213,-0.06402693353339828,-0.008011460304260254,-0.17657801508903503,-0.07021785191938079,0.0009567737579345703,-0.13476893305778503,-0.05821432955309547,-0.047790706157684326,-0.15084251761436462,-0.02783514037474788,-0.05418020486831665,-0.19829967617988586,-0.0538974706058184,-0.03983229398727417,-0.16887351870536804,-0.045143124086109765,-0.031278252601623535,-0.1346013844013214,-0.02968281358226932
V,0.0,0.0,0.0,0.06709176301956177,-0.06237077713012695,-0.02573729494088184,0.09255051612854004,-0.14618664979934692,-0.031248848898940196,0.041608989238739014,-0.19487899541854858,-0.03621031904094707,-0.015040755271911621,-0.19390136003494263,-0.04080711492770206,0.08315187692642212,-0.1771238148212433,-0.015530738061897864,0.11362385749816895,-0.2697300612926483,-0.035067351548605075,0.12605345249176025,-0.32415324449539185,-0.046467700986795535,0.13729709386825562,-0.3708745688199997,-0.05102280342453014,0.03392606973648071,-0.18346214294433594,-0.016699669896297564,0.04048323631286621,-0.2831917703151703,-0.038623785613708606,0.04449868202209473,-0.34674450755119324,-0.052495041875772586,0.047291576862335205,-0.3984798640012741,-0.056867050020628085,-0.010764479637145996,-0.17460131645202637,-0.020691974102192034,-0.018556177616119385,-0.22557803988456726,-0.06037713402383815,-0.005567431449890137,-0.17635247111320496,-0.06684313157074939,0.0007611513137817383,-0.1331874132156372,-0.055342482416563143,-0.051578521728515625,-0.15584862232208252,-0.02542388254278194,-0.05220538377761841,-0.20219984650611877,-0.05033073016875278,-0.036055684089660645,-0.17118656635284424,-0.04134618306034099,-0.029261112213134766,-0.13632705807685852,-0.02583981492989551
V,0.0,0.0,0.0,0.06884205341339111,-0.060659587383270264,-0.02944544308110153,0.09374088048934937,-0.14380154013633728,-0.035850170778473966,0.040500640869140625,-0.19544953107833862,-0.04064504780097877,-0.01733475923538208,-0.1921168863773346,-0.04513351597114479,0.07848125696182251,-0.17556267976760864,-0.020477596449097746,0.11045944690704346,-0.26563018560409546,-0.04274474434777176,0.12302881479263306,-0.3180629014968872,-0.05613170542045509,0.13411056995391846,-0.3646809607744217,-0.06221289538069641,0.02831035852432251,-0.18205410242080688,-0.020395450072726362,0.035810649394989014,-0.28008565306663513,-0.04534573085828697,0.039488255977630615,-0.34245194494724274,-0.05988100521489059,0.04145193099975586,-0.39450305700302124,-0.06449876331015503,-0.017460346221923828,-0.17273417115211487,-0.023276356758913153,-0.02010411024093628,-0.22636422514915466,-0.0672749464981166,-0.005061328411102295,-0.17476579546928406,-0.07265635930224335,0.0007995963096618652,-0.13031870126724243,-0.05950636394544517,-0.05887103080749512,-0.15150457620620728,-0.027002766507109754,-0.05541336536407471,-0.19954678416252136,-0.056945111381253355,-0.03687429428100586,-0.16426998376846313,-0.047819722222527616,-0.029927611351013184,-0.12590208649635315,-0.031128022598466032
V,0.0,0.0,0.0,0.07094794511795044,-0.06105843186378479,-0.026100187480437853,0.09456610679626465,-0.1437302827835083,-0.03143275055288086,0.03604769706726074,-0.19176411628723145,-0.03722714531420479,-0.025682806968688965,-0.1831950843334198,-0.04309632527827034,0.07759582996368408,-0.17805582284927368,-0.00888003586976538,0.1081506609916687,-0.266425222158432,-0.028092904865729906,0.122006356716156,-0.3188028484582901,-0.04090876030920754,0.13327866792678833,-0.3650519549846649,-0.04761034148930321,0.026504158973693848,-0.18418622016906738,-0.011175544850516417,0.03496503829956055,-0.27904316782951355,-0.03466241705416451,0.0396614670753479,-0.34055040776729584,-0.05048131841419945,0.04102456569671631,-0.3925774395465851,-0.056509735912072756,-0.019464552402496338,-0.17393288016319275,-0.016773988410818674,-0.02094566822052002,-0.2259124517440796,-0.05908805030583153,-0.005787849426269531,-0.17476463317871094,-0.0654594999849678,-0.0010247230529785156,-0.1309846043586731,-0.05370895835756073,-0.06234133243560791,-0.15231573581695557,-0.023296919569361307,-0.05652308464050293,-0.1978437602519989,-0.05162233385442505,-0.037698328495025635,-0.1643272042274475,-0.04355799305437813,-0.031447649002075195,-0.1282261312007904,-0.028481786057341196
V,0.0,0.0,0.0,0.07163304090499878,-0.05938449501991272,-0.026005456611358113,0.09590888023376465,-0.144502192735672,-0.03210948073848385,0.03571653366088867,-0.19100651144981384,-0.038470141976915784,-0.027611970901489258,-0.18268722295761108,-0.04494594076260228,0.07792258262634277,-0.17742696404457092,-0.011790204249166436,0.10847920179367065,-0.265047162771225,-0.03237158098801274,0.12189912796020508,-0.3181077092885971,-0.04543357753738064,0.13333016633987427,-0.36383970081806183,-0.05192425885780949,0.0263671875,-0.1824207901954651,-0.014802456289373822,0.034660279750823975,-0.2780284583568573,-0.039397415160976834,0.039813995361328125,-0.33991846442222595,-0.05490856283887524,0.041648685932159424,-0.3916122019290924,-0.06036697366818089,-0.019593000411987305,-0.17167553305625916,-0.02100588233753342,-0.01951819658279419,-0.22489172220230103,-0.06426976659878392,-0.0036280155181884766,-0.17374733090400696,-0.06992580035313267,0.0009579658508300781,-0.1302846074104309,-0.057462122678600736,-0.0615236759185791,-0.1498483121395111,-0.028048945978127904,-0.05480998754501343,-0.1956690549850464,-0.05678813570722241,-0.03487902879714966,-0.16162052750587463,-0.04801858627780575,-0.02852720022201538,-0.1258838176727295,-0.03228438311799664
V,0.0,0.0,0.0,0.0701678991317749,-0.05932748317718506,-0.022967423403258636,0.09434157609939575,-0.1413440704345703,-0.029261258521671607,0.040002524852752686,-0.18663400411605835,-0.03667855178713353,-0.018838822841644287,-0.18036270141601562,-0.04431259920596631,0.08145350217819214,-0.17123186588287354,-0.012131502011413886,0.11228346824645996,-0.25815898180007935,-0.03151684170364888,0.12440699338912964,-0.31147193908691406,-0.043574153536553695,0.135833740234375,-0.356240376830101,-0.049453779214616134,0.03154832124710083,-0.17664983868598938,-0.016282812783117606,0.038130998611450195,-0.2732882499694824,-0.039685024970765426,0.04151338338851929,-0.33806243538856506,-0.054921674633021667,0.04334676265716553,-0.39070114493370056,-0.060506756508345916,-0.012757420539855957,-0.16660940647125244,-0.02305947160124333,-0.020711958408355713,-0.2230680286884308,-0.06414434974789174,-0.005906343460083008,-0.17394497990608215,-0.07064366256594212,0.0008850693702697754,-0.12938189506530762,-0.05928279747962506,-0.053219616413116455,-0.14530539512634277,-0.030466945001478507,-0.05438357591629028,-0.19459983706474304,-0.057454320693011596,-0.035995543003082275,-0.16318443417549133,-0.04954266836642773,-0.027039945125579834,-0.12699419260025024,-0.034861284399028136
V,0.0,0.0,0.0,0.0714220404624939,-0.057577431201934814,-0.02456798489032508,0.09708505868911743,-0.14018121361732483,-0.02907797219990016,0.03998410701751709,-0.1871415376663208,-0.03449507514773131,-0.021465182304382324,-0.1776677966117859,-0.040097520601136694,0.084148108959198,-0.17302995920181274,-0.0070196766482126804,0.11301332712173462,-0.258396178483963,-0.02509159865616084,0.12514197826385498,-0.310793936252594,-0.03723827461539031,0.13616830110549927,-0.35596756637096405,-0.04389542053280593,0.032791852951049805,-0.1785430908203125,-0.010613892141861925,0.038620173931121826,-0.2724466025829315,-0.0334320784622264,0.04146772623062134,-0.3358263820409775,-0.049764466386420736,0.04286259412765503,-0.3899354189634323,-0.056637030940635213,-0.013162493705749512,-0.16829711198806763,-0.017418642442805776,-0.01859039068222046,-0.22144681215286255,-0.05965650911269904,-0.0037838220596313477,-0.17002373933792114,-0.06723726625381232,0.0023655295372009277,-0.12659204006195068,-0.05657270262776137,-0.056747376918792725,-0.14687299728393555,-0.02507808330295802,-0.053321778774261475,-0.19322559237480164,-0.05366731892166854,-0.036402344703674316,-0.15962478518486023,-0.04682771573601485,-0.030301034450531006,-0.12422588467597961,-0.03307475606737853
V,0.0,0.0,0.0,0.07203400135040283,-0.05448096990585327,-0.025779787376109198,0.0980268120765686,-0.1382494568824768,-0.030291384011093214,0.03872150182723999,-0.18661397695541382,-0.03479140244382961,-0.02464979887008667,-0.1768830120563507,-0.03956399477976902,0.08641612529754639,-0.17215028405189514,-0.008914313204172686,0.1143338680267334,-0.2569831907749176,-0.02648016057867153,0.1263638734817505,-0.3097940981388092,-0.038526937290612295,0.13786166906356812,-0.35504859685897827,-0.04541000343817814,0.03405272960662842,-0.17836543917655945,-0.011657164357188776,0.03955119848251343,-0.2725715935230255,-0.03340738631743534,0.042352259159088135,-0.33601580560207367,-0.04898583136457546,0.044020771980285645,-0.38921673595905304,-0.055629204883757666,-0.013212144374847412,-0.16826066374778748,-0.01751637265044792,-0.019299030303955078,-0.22183680534362793,-0.06009856976527317,-0.0023946166038513184,-0.17010918259620667,-0.06779248259920223,0.004750430583953857,-0.12655121088027954,-0.057327680214825705,-0.058644235134124756,-0.14589154720306396,-0.024137508049193457,-0.0543709397315979,-0.19272395968437195,-0.05525236941832645,-0.035032033920288086,-0.1547480821609497,-0.049025829806510046,-0.027378618717193604,-0.11613795161247253,-0.03525464601773365
V,0.0,0.0,0.0,0.07155615091323853,-0.056968867778778076,-0.025282442499531044,0.09642493724822998,-0.13903161883354187,-0.03208148472441508,0.04028451442718506,-0.18468129634857178,-0.03936895348562075,-0.019263863563537598,-0.17808958888053894,-0.04690903045667483,0.08292883634567261,-0.1688936948776245,-0.013230751198364032,0.11348003149032593,-0.2567128539085388,-0.03345946960581614,0.12707358598709106,-0.3098059147596359,-0.045831862766874565,0.13953769207000732,-0.35483723878860474,-0.051833990891111625,0.03252911567687988,-0.17398184537887573,-0.01610404804779364,0.04030412435531616,-0.27119070291519165,-0.04188452654017283,0.04486757516860962,-0.3353603482246399,-0.05806177474988772,0.04819530248641968,-0.3881427049636841,-0.06376986198557688,-0.0127829909324646,-0.16458037495613098,-0.021713096578253044,-0.018659651279449463,-0.2205166220664978,-0.06565544002188517,-0.00445479154586792,-0.16948279738426208,-0.07171121977700068,0.0029516220092773438,-0.12473690509796143,-0.05937024571431948,-0.05448460578918457,-0.14498117566108704,-0.027966756303442253,-0.051197946071624756,-0.19182243943214417,-0.05762751765979601,-0.03425097465515137,-0.15576323866844177,-0.04971458755863978,-0.026957035064697266,-0.11847209930419922,-0.0344957112563975
V,0.0,0.0,0.0,0.07082730531692505,-0.0524975061416626,-0.026852104699685242,0.09629511833190918,-0.13564661145210266,-0.03263180505342689,0.03661239147186279,-0.18190303444862366,-0.037806043288185265,-0.02369612455368042,-0.17301443219184875,-0.04281488608427253,0.08559530973434448,-0.16466885805130005,-0.014061563535108235,0.11399263143539429,-0.25134700536727905,-0.033142862728311684,0.12727504968643188,-0.30506131052970886,-0.04506407480545249,0.13899970054626465,-0.34956786036491394,-0.051332743725254204,0.03302353620529175,-0.16984817385673523,-0.016158468908145096,0.03889697790145874,-0.26620662212371826,-0.040026897451355126,0.042582154273986816,-0.3294784128665924,-0.056143907716943886,0.04471510648727417,-0.3816819041967392,-0.06269480462975707,-0.014075696468353271,-0.16084423661231995,-0.02106679778404441,-0.020133137702941895,-0.21732169389724731,-0.06474913086600509,-0.0017944574356079102,-0.1650215983390808,-0.07176200475402084,0.006846189498901367,-0.1206258237361908,-0.06044510554380622,-0.05773770809173584,-0.14057961106300354,-0.02673554036624637,-0.053076326847076416,-0.18889576196670532,-0.058377316108419564,-0.03349679708480835,-0.15136316418647766,-0.05197359051413741,-0.025865495204925537,-0.11307716369628906,-0.037812413534595635
V,0.0,0.0,0.0,0.06995505094528198,-0.061061739921569824,-0.02842732164742756,0.09355771541595459,-0.14214655756950378,-0.03559573013069439,0.03618746995925903,-0.1878562867641449,-0.042032364939473155,-0.023879528045654297,-0.17908987402915955,-0.048171363954566004,0.08132565021514893,-0.17200720310211182,-0.016721284200571063,0.10934245586395264,-0.2614630162715912,-0.038165401850960734,0.12201690673828125,-0.314002200961113,-0.052004203383944514,0.133539617061615,-0.3595113158226013,-0.058794699792883875,0.030815303325653076,-0.17736241221427917,-0.018133523126266482,0.036377131938934326,-0.2738161087036133,-0.04226551968338299,0.04002887010574341,-0.33716337382793427,-0.05799661222579289,0.0430637001991272,-0.3894437253475189,-0.06391921657802868,-0.015022218227386475,-0.1683586835861206,-0.022782189955137255,-0.020148277282714844,-0.2196996510028839,-0.063995957558177,-0.003911495208740234,-0.17068243026733398,-0.07067634183647442,0.004271388053894043,-0.12879306077957153,-0.05945507827880192,-0.05733621120452881,-0.14751294255256653,-0.02860771696748543,-0.053570330142974854,-0.19233939051628113,-0.05558501947405148,-0.034153878688812256,-0.15825596451759338,-0.04723156261923123,-0.02610999345779419,-0.12180638313293457,-0.032151065950415614
V,0.0,0.0,0.0,0.06744623184204102,-0.06157273054122925,-0.02576845275359574,0.09528893232345581,-0.1474255621433258,-0.031064427887372403,0.038281142711639404,-0.1928291916847229,-0.037300403659514814,-0.023932993412017822,-0.18052667379379272,-0.04337640801566067,0.08476674556732178,-0.1780819296836853,-0.006226898600630193,0.11323350667953491,-0.2636832892894745,-0.02603603849308911,0.12566018104553223,-0.3163018673658371,-0.0393698135961813,0.1379520297050476,-0.36221905052661896,-0.04676817679899159,0.03305482864379883,-0.18210479617118835,-0.01059954377012673,0.03820633888244629,-0.27605241537094116,-0.03510012054937306,0.04140752553939819,-0.3385898023843765,-0.0523378471483511,0.043873131275177,-0.39229294657707214,-0.05931866863863888,-0.012455582618713379,-0.171400249004364,-0.018654135485462575,-0.0183524489402771,-0.22443494200706482,-0.06287361258762303,-0.003970444202423096,-0.17163613438606262,-0.07068225318687382,0.002217888832092285,-0.1295502483844757,-0.05931341225402775,-0.05529665946960449,-0.14956769347190857,-0.02775969678657475,-0.051252663135528564,-0.19574829936027527,-0.056985619907550245,-0.03525906801223755,-0.1586400270462036,-0.049366399144105344,-0.030199527740478516,-0.12284860014915466,-0.03468594649928036
V,0.0,0.0,0.0,0.0710262656211853,-0.060780465602874756,-0.0255571295607524,0.09752458333969116,-0.1426587998867035,-0.03194359029714633,0.04336106777191162,-0.18583130836486816,-0.03866488571350146,-0.01611250638961792,-0.1781701147556305,-0.04568769122545291,0.08089810609817505,-0.1729341745376587,-0.015253016642077455,0.11062419414520264,-0.2613760232925415,-0.0371830024856763,0.12244784832000732,-0.3142184019088745,-0.050257586790962705,0.13370251655578613,-0.3596169203519821,-0.05601256798092891,0.03164350986480713,-0.17859643697738647,-0.017559341071887502,0.03772318363189697,-0.2737865746021271,-0.04371167059127856,0.04003310203552246,-0.3375586271286011,-0.060143441810055265,0.04232478141784668,-0.39015789330005646,-0.06542705456797648,-0.011774063110351562,-0.16851124167442322,-0.022735164417667875,-0.02045196294784546,-0.2154090404510498,-0.06645309637372065,-0.0063114166259765625,-0.16591641306877136,-0.0744856567222314,0.0031494498252868652,-0.12396898865699768,-0.06315933625285197,-0.049994051456451416,-0.1483924388885498,-0.028521108357949743,-0.050784289836883545,-0.1879836916923523,-0.05702312375490237,-0.03448718786239624,-0.1544695794582367,-0.049899511887474546,-0.025086045265197754,-0.12074059247970581,-0.03507718901221324
V,0.0,0.0,0.0,0.06242537498474121,-0.062436044216156006,-0.01661602917027949,0.09306162595748901,-0.14433273673057556,-0.02126729811442374,0.05434828996658325,-0.19123846292495728,-0.028783497837309824,0.0032001137733459473,-0.19354850053787231,-0.036723294732098566,0.08691155910491943,-0.1733698546886444,-0.0075218910062062605,0.11980229616165161,-0.26218390464782715,-0.02673359724593638,0.1314183473587036,-0.31554725766181946,-0.03678359600615977,0.14338284730911255,-0.3607408106327057,-0.040964563813929544,0.04562407732009888,-0.18188759684562683,-0.014039788831894384,0.050530076026916504,-0.27867957949638367,-0.03876878085446833,0.0508350133895874,-0.3391951322555542,-0.0538665852220106,0.05354100465774536,-0.3907471001148224,-0.05851108717632769,0.009631812572479248,-0.1738690435886383,-0.02286275613022326,-0.01333850622177124,-0.21961131691932678,-0.06422907995892047,-0.008766591548919678,-0.17067795991897583,-0.07175825673056124,0.0007788538932800293,-0.13113778829574585,-0.06139413404179095,-0.02270495891571045,-0.15873143076896667,-0.03187048572016238,-0.04371708631515503,-0.19539624452590942,-0.05855701255512713,-0.039875328540802,-0.16638854146003723,-0.053411812958245264,-0.031124651432037354,-0.1386885643005371,-0.041274530318503366
V,0.0,0.0,0.0,0.0701906681060791,-0.06014549732208252,-0.02950581651776929,0.09585708379745483,-0.14777854084968567,-0.03639266197234292,0.035333216190338135,-0.19299748539924622,-0.042676775945722056,-0.02631855010986328,-0.18209964036941528,-0.048211145444213344,0.08015710115432739,-0.17487022280693054,-0.01485345442443986,0.1110195517539978,-0.263854444026947,-0.03820198704153199,0.12487733364105225,-0.31619685888290405,-0.0509379685357203,0.13781744241714478,-0.36067554354667664,-0.056408188535272075,0.030481576919555664,-0.18094712495803833,-0.016866904912888003,0.03705787658691406,-0.27777209877967834,-0.04530322109013696,0.04060924053192139,-0.3384106755256653,-0.06187377799898286,0.043674468994140625,-0.39116811752319336,-0.06625093822032113,-0.012696802616119385,-0.17266249656677246,-0.0228282560095181,-0.022954165935516357,-0.21682554483413696,-0.07093099807053704,-0.00935518741607666,-0.16444522142410278,-0.0808616757825007,0.0012055039405822754,-0.12706848978996277,-0.06920285825282235,-0.05112200975418091,-0.15519216656684875,-0.02972871181219716,-0.05289745330810547,-0.1893264353275299,-0.061000353886186076,-0.03741568326950073,-0.1525304615497589,-0.055625899924336863,-0.028387248516082764,-0.12226131558418274,-0.04164556716233392
V,0.0,0.0,0.0,0.06989467144012451,-0.06209653615951538,-0.026521910309782015,0.09345054626464844,-0.14378291368484497,-0.031445753157129275,0.04026985168457031,-0.18527629971504211,-0.0356295000314617,-0.01795750856399536,-0.17399051785469055,-0.039376151144495,0.07887595891952515,-0.17148488759994507,-0.017390763714900004,0.10926568508148193,-0.26041117310523987,-0.03947098958491324,0.1207132339477539,-0.31342655420303345,-0.0523652474880123,0.13147801160812378,-0.358844131231308,-0.057838082641353594,0.02933323383331299,-0.17722558975219727,-0.01914405855535506,0.035162925720214844,-0.2716383635997772,-0.043197851955881106,0.03771430253982544,-0.3346497416496277,-0.05881338971852301,0.040607452392578125,-0.3870817720890045,-0.06396600636838912,-0.015350818634033203,-0.1673983335494995,-0.02398719298838614,-0.020936965942382812,-0.2107246220111847,-0.06505412641166686,-0.00548243522644043,-0.16371411085128784,-0.07386461678146361,0.003537118434906006,-0.12531784176826477,-0.06345611098407744,-0.05369836091995239,-0.14686733484268188,-0.029700346618881213,-0.05263775587081909,-0.18474775552749634,-0.05475664544104575,-0.03318953514099121,-0.15641161799430847,-0.047318816512813555,-0.02325439453125,-0.12561365962028503,-0.03284580293296813
V,0.0,0.0,0.0,0.06164950132369995,-0.06321460008621216,-0.025427018890070485,0.08591330051422119,-0.1419980525970459,-0.031028167942452,0.04701685905456543,-0.1843709945678711,-0.03531448137192683,-0.0037039518356323242,-0.17828214168548584,-0.039463191891002225,0.08102589845657349,-0.16542774438858032,-0.023992225194263028,0.10997247695922852,-0.2588113248348236,-0.046605903321790265,0.11880373954772949,-0.31326135993003845,-0.05923002552418666,0.1280650496482849,-0.3612895607948303,-0.06429816749124484,0.0376245379447937,-0.17137843370437622,-0.025540563875722455,0.044783174991607666,-0.26719123125076294,-0.04879649695186572,0.04646861553192139,-0.3298651874065399,-0.0633822378161426,0.05214124917984009,-0.3852516710758209,-0.06842721220283465,-0.0025262832641601562,-0.1631641983985901,-0.02957669239668803,-0.017419815063476562,-0.20915034413337708,-0.06866945292978244,-0.008578062057495117,-0.16309210658073425,-0.07661030408172564,0.002370476722717285,-0.12757974863052368,-0.06680174883632617,-0.03611624240875244,-0.14489832520484924,-0.034368551934051084,-0.049571335315704346,-0.18770650029182434,-0.05788090046672778,-0.03802073001861572,-0.15788182616233826,-0.049235522413539456,-0.027520477771759033,-0.12549591064453125,-0.034625284040259885
V,0.0,0.0,0.0,0.06493741273880005,-0.05907154083251953,-0.024816185585166295,0.08855390548706055,-0.1405094861984253,-0.02961324749043115,0.04007220268249512,-0.1835537552833557,-0.03305730817368158,-0.01435995101928711,-0.17882177233695984,-0.03567553905298837,0.08241206407546997,-0.16392749547958374,-0.020359631976987203,0.11240285634994507,-0.25713932514190674,-0.04189804045012124,0.12364643812179565,-0.3110211491584778,-0.054027149802948315,0.13388985395431519,-0.35767215490341187,-0.059228653437401135,0.0339047908782959,-0.17038241028785706,-0.022882877266908963,0.038540542125701904,-0.2717522978782654,-0.045894699520374616,0.03919035196304321,-0.33491188287734985,-0.060526958084608395,0.04192131757736206,-0.39030539989471436,-0.0654625691240085,-0.010388076305389404,-0.16313329339027405,-0.02788016234984525,-0.020403146743774414,-0.21358925104141235,-0.06728841585567125,-0.007668733596801758,-0.16319939494132996,-0.07300707919051774,0.0025985240936279297,-0.12633031606674194,-0.061390826827789624,-0.04903644323348999,-0.1445389986038208,-0.0336680955951465,-0.051414668560028076,-0.1863822042942047,-0.058065837598348935,-0.036175668239593506,-0.15239042043685913,-0.04825588164379724,-0.027589738368988037,-0.12017136812210083,-0.032452529645468076
V,0.0,0.0,0.0,0.06708532571792603,-0.056888699531555176,-0.02253038989738343,0.09273815155029297,-0.14255154132843018,-0.027176778711236693,0.04166877269744873,-0.18915686011314392,-0.03261765646175263,-0.018253803253173828,-0.18495610356330872,-0.037359571032084204,0.08367037773132324,-0.16770058870315552,-0.012314177065945842,0.11494618654251099,-0.25968483090400696,-0.03455276968315957,0.12700438499450684,-0.31483471393585205,-0.046383524261273124,0.13840258121490479,-0.3623621463775635,-0.05186712177828667,0.03573340177536011,-0.17477059364318848,-0.01743387798205731,0.039097487926483154,-0.2743576765060425,-0.04627674254015801,0.042031824588775635,-0.33667102456092834,-0.06316732796267388,0.04626202583312988,-0.39266127347946167,-0.06818430306748269,-0.006602108478546143,-0.16934829950332642,-0.025535173661864974,-0.021948397159576416,-0.21628737449645996,-0.07431150408820031,-0.009112179279327393,-0.16094624996185303,-0.0826079565508735,0.002452671527862549,-0.1220809817314148,-0.07011056127385018,-0.04457730054855347,-0.15494221448898315,-0.03398848506049035,-0.05067688226699829,-0.19187197089195251,-0.0667671504838836,-0.0369531512260437,-0.1529521346092224,-0.0609184298141372,-0.027406930923461914,-0.12111151218414307,-0.04654958652690766
V,0.0,0.0,0.0,0.06487137079238892,-0.061986684799194336,-0.0185837861487812,0.09177237749099731,-0.14481568336486816,-0.02342194173132839,0.04698723554611206,-0.1912340521812439,-0.029915988851541897,-0.007984161376953125,-0.19079196453094482,-0.036579970676655194,0.07902806997299194,-0.17336004972457886,-0.010722203586453816,0.10945403575897217,-0.26625800132751465,-0.03110890689885082,0.12119394540786743,-0.32118475437164307,-0.042210609127039334,0.133070707321167,-0.36761045455932617,-0.0464189689943737,0.031798601150512695,-0.18032026290893555,-0.01599855947887363,0.037785470485687256,-0.2812177836894989,-0.0406792428681797,0.03963059186935425,-0.34436729550361633,-0.055474341321939846,0.04240012168884277,-0.3962946832180023,-0.0594620783219284,-0.009799778461456299,-0.17255747318267822,-0.023454426262730976,-0.019619882106781006,-0.2212420105934143,-0.06520286988114776,-0.010169625282287598,-0.17159581184387207,-0.07098960172032776,-0.002752363681793213,-0.13098359107971191,-0.05836405273174705,-0.047632813453674316,-0.15555667877197266,-0.030983556468243023,-0.05235332250595093,-0.19791361689567566,-0.05709460418319168,-0.04130035638809204,-0.16350501775741577,-0.04781057353710594,-0.03343367576599121,-0.13026273250579834,-0.03164747025465431
V,0.0,0.0,0.0,0.06748038530349731,-0.05723297595977783,-0.02440949606881304,0.09445315599441528,-0.13795888423919678,-0.030160880490996078,0.04352468252182007,-0.18496567010879517,-0.03514909821734591,-0.014636039733886719,-0.1835629940032959,-0.03950515839443369,0.07612854242324829,-0.1657729148864746,-0.018383211299635605,0.10636979341506958,-0.26008638739585876,-0.03940179276452227,0.11823707818984985,-0.3136506974697113,-0.049888809054948524,0.1292838454246521,-0.3587982654571533,-0.05320818054661913,0.026816725730895996,-0.17263555526733398,-0.020574026584483818,0.03199726343154907,-0.27531394362449646,-0.04528441730127497,0.03522384166717529,-0.337733656167984,-0.05920477288947268,0.038079261779785156,-0.3895900845527649,-0.06221066120252772,-0.016784965991973877,-0.16623705625534058,-0.02523579712197943,-0.02518993616104126,-0.21411707997322083,-0.0675718792079465,-0.012452900409698486,-0.1634346842765808,-0.07346130239949389,-0.0049037933349609375,-0.12382203340530396,-0.06037679392085238,-0.05536454916000366,-0.15009373426437378,-0.03024496588096781,-0.05740702152252197,-0.19151878356933594,-0.05571257027969523,-0.0436551570892334,-0.1575668454170227,-0.04561160954818888,-0.03702998161315918,-0.1253700852394104,-0.02879124025986357
V,0.0,0.0,0.0,0.049051523208618164,-0.05854630470275879,-0.013603873583235782,0.07580620050430298,-0.13683432340621948,-0.016678705843844455,0.0464015007019043,-0.18039470911026,-0.022765319826760333,0.0033849477767944336,-0.18260204792022705,-0.02907210032896046,0.08021777868270874,-0.1615922451019287,-0.007530901613392871,0.11135482788085938,-0.2501862049102783,-0.025533676179804843,0.12210112810134888,-0.304172545671463,-0.03452789041654114,0.13422107696533203,-0.3505070209503174,-0.03786005455509667,0.043712317943573,-0.1685965657234192,-0.014419296788730662,0.045248448848724365,-0.2639731168746948,-0.037500679525294345,0.041514575481414795,-0.32624560594558716,-0.051235917987980883,0.04402357339859009,-0.37955242395401,-0.054873026939787906,0.01280224323272705,-0.16006433963775635,-0.023201908948578875,-0.01919090747833252,-0.20787644386291504,-0.06399000811831002,-0.019115567207336426,-0.16102254390716553,-0.07157362628237252,-0.007439851760864258,-0.12219125032424927,-0.06055171418444161,-0.013432919979095459,-0.1448516845703125,-0.03176162022606377,-0.041112542152404785,-0.18642675876617432,-0.05940777811662201,-0.041869521141052246,-0.15717118978500366,-0.05460618812099938,-0.03195309638977051,-0.12648433446884155,-0.04186209294454102
V,0.0,0.0,0.0,-0.05446016788482666,-0.05679333209991455,-0.009360062584846673,-0.06438112258911133,-0.1303836703300476,-0.012317507222860513,-0.046871185302734375,-0.18232983350753784,-0.020789249495237527,-0.01550227403640747,-0.19765961170196533,-0.030060690522759614,0.018464326858520508,-0.16772019863128662,-0.0009120242182234506,0.05722522735595703,-0.2470639944076538,-0.015337046862214265,0.07457107305526733,-0.29507866501808167,-0.024090724692314325,0.09255945682525635,-0.3374256491661072,-0.028278006867139993,0.04136502742767334,-0.16898202896118164,-0.010831947133510766,0.052332520484924316,-0.2629661560058594,-0.031853909299343286,0.043458402156829834,-0.327123761177063,-0.04667977120038813,0.040265560150146484,-0.3790947198867798,-0.05164999763724154,0.06408703327178955,-0.1554356813430786,-0.02262124481853789,0.01695847511291504,-0.21131032705307007,-0.06242818261739558,-0.021204829216003418,-0.17090857028961182,-0.07342283676621264,-0.03346705436706543,-0.12836158275604248,-0.06534373264071291,0.08695459365844727,-0.13585597276687622,-0.03406717504617518,0.0323980450630188,-0.18739360570907593,-0.06632814060208148,-0.010116755962371826,-0.16746366024017334,-0.06826749692913836,-0.02756434679031372,-0.13689440488815308,-0.06003874044176882
V,0.0,0.0,0.0,0.015317559242248535,-0.061531901359558105,-0.006118088596110738,0.02989727258682251,-0.13614392280578613,-0.0031711204057387476,0.01844620704650879,-0.17894023656845093,-0.005460294530337251,0.0002319812774658203,-0.18453621864318848,-0.007987063944881356,0.07043558359146118,-0.15908890962600708,0.01267963125502547,0.11067414283752441,-0.23376750946044922,0.0019685487648644084,0.12461066246032715,-0.284508615732193,-0.005629691396450198,0.1366397738456726,-0.32881850004196167,-0.009687533237581647,0.04627472162246704,-0.1637675166130066,0.002913192279095256,0.055399537086486816,-0.2523905634880066,-0.01357723177278558,0.050230205059051514,-0.3169254660606384,-0.027107908957248128,0.04882383346557617,-0.3679810166358948,-0.03207531348670045,0.02572178840637207,-0.1516813039779663,-0.008983887367492116,-0.001352846622467041,-0.20703399181365967,-0.04590520412529031,-0.01581186056137085,-0.1681782603263855,-0.055433584012632764,-0.019945263862609863,-0.12662822008132935,-0.04674093575084726,0.008398711681365967,-0.13166779279708862,-0.020311994113569654,-0.021180033683776855,-0.1790791153907776,-0.05015306324565927,-0.02982199192047119,-0.152876079082489,-0.04916039259040872,-0.02837139368057251,-0.1173669695854187,-0.038979226358776486
V,0.0,0.0,0.0,0.013253211975097656,-0.06163543462753296,-0.005955355565731679,0.031341552734375,-0.13489556312561035,-0.004286742161696111,0.02699512243270874,-0.17542046308517456,-0.007564887728278791,0.015978693962097168,-0.18484848737716675,-0.011460242185478364,0.07545793056488037,-0.15158653259277344,0.005427089661623086,0.11392122507095337,-0.22755223512649536,-0.006274490475391303,0.12592417001724243,-0.27812737226486206,-0.013039000656192457,0.13801628351211548,-0.3225744962692261,-0.016376894291227018,0.05358773469924927,-0.157240629196167,-0.004408198266958152,0.061668574810028076,-0.2440110445022583,-0.021994987826531087,0.0551304817199707,-0.30309903621673584,-0.035117602299635564,0.05468952655792236,-0.3529967665672302,-0.03992085750002161,0.03297549486160278,-0.1467878818511963,-0.015802124839012777,0.001462697982788086,-0.19896382093429565,-0.051301895033304845,-0.01230311393737793,-0.15589940547943115,-0.05885578910607592,-0.012105405330657959,-0.11558908224105835,-0.049862625401203786,0.01278841495513916,-0.13023507595062256,-0.026777973722403203,-0.01672530174255371,-0.17831820249557495,-0.05387386525768534,-0.026589393615722656,-0.15712332725524902,-0.05193847263950602,-0.02460038661956787,-0.12837547063827515,-0.04223576779264704
V,0.0,0.0,0.0,0.06996673345565796,-0.05937474966049194,-0.019717901271405935,0.09888523817062378,-0.13449734449386597,-0.022828753363910437,0.056484222412109375,-0.17698776721954346,-0.027505071160021544,0.005338132381439209,-0.174119234085083,-0.032724908810678244,0.07987809181213379,-0.15555554628372192,-0.005123398524347067,0.10456603765487671,-0.23612534999847412,-0.023364709016505003,0.11283355951309204,-0.284837931394577,-0.03436003185493064,0.12211215496063232,-0.32883065938949585,-0.039306069981876135,0.02910912036895752,-0.16286003589630127,-0.008081374947551012,0.03237277269363403,-0.2502627968788147,-0.03180219165665221,0.03339356184005737,-0.30939316749572754,-0.04735003716928077,0.03687787055969238,-0.3574478030204773,-0.05233418129068923,-0.015961408615112305,-0.15343183279037476,-0.01366930573863101,-0.019666433334350586,-0.19926822185516357,-0.056533268910470724,-0.008187472820281982,-0.15352898836135864,-0.06458490274530959,0.0006816387176513672,-0.11089694499969482,-0.053105703812661886,-0.05337029695510864,-0.13465529680252075,-0.01904260299784255,-0.05232340097427368,-0.17923325300216675,-0.048529210758033514,-0.039692580699920654,-0.14925992488861084,-0.04277472503167701,-0.030676603317260742,-0.11458641290664673,-0.028528745543781042
V,0.0,0.0,0.0,0.06949704885482788,-0.06500214338302612,-0.026630866567529665,0.09404885768890381,-0.1490197777748108,-0.030898415709771143,0.03455847501754761,-0.19779199361801147,-0.03496409137073897,-0.026457667350769043,-0.18582314252853394,-0.038543987314142214,0.05759996175765991,-0.17295819520950317,-0.004637374768890368,0.0804247260093689,-0.2536853551864624,-0.022591301466263758,0.08923900127410889,-0.3019601106643677,-0.03510609943691634,0.09840810298919678,-0.3454624116420746,-0.041413191000856386,0.005818724632263184,-0.17565757036209106,-0.006107206682600008,0.008005678653717041,-0.26454710960388184,-0.027952590252198206,0.009074032306671143,-0.3262732923030853,-0.04401339892569922,0.0075904130935668945,-0.3781282305717468,-0.05013677779857062,-0.04077446460723877,-0.16515082120895386,-0.011443661752082335,-0.03532034158706665,-0.21361255645751953,-0.054711370955146776,-0.010872900485992432,-0.16582131385803223,-0.06507429782573126,-0.0013472437858581543,-0.12475728988647461,-0.05488141555611037,-0.08249902725219727,-0.14348167181015015,-0.017295566613711344,-0.06744563579559326,-0.19240236282348633,-0.04577384818617247,-0.04210305213928223,-0.16009479761123657,-0.039475306163467394,-0.0330737829208374,-0.12301325798034668,-0.025225418846048342
V,0.0,0.0,0.0,0.06686830520629883,-0.062030911445617676,-0.021690555401562506,0.08965253829956055,-0.14201563596725464,-0.02714621510398274,0.03817641735076904,-0.1838850975036621,-0.03437326338183766,-0.016331851482391357,-0.17976218461990356,-0.041886171810745054,0.05593550205230713,-0.16955935955047607,-0.007842838317571932,0.07682251930236816,-0.2520284652709961,-0.028387850635169798,0.08476608991622925,-0.3014216423034668,-0.04065343972337132,0.09357595443725586,-0.34522783756256104,-0.04589832808864003,0.00743478536605835,-0.16927862167358398,-0.011874134205697828,0.0054686665534973145,-0.26002949476242065,-0.03725518148434048,0.0025804638862609863,-0.32140225172042847,-0.05277427520644551,0.00021690130233764648,-0.37050390243530273,-0.057525897883294874,-0.03516662120819092,-0.15580111742019653,-0.01918257821392899,-0.04079169034957886,-0.20427900552749634,-0.06490287419450169,-0.019068002700805664,-0.15840333700180054,-0.07350869711530095,-0.004665493965148926,-0.11584508419036865,-0.06159645181190854,-0.07084733247756958,-0.13353300094604492,-0.026506932937024885,-0.07003366947174072,-0.18329405784606934,-0.05644224446308499,-0.049472272396087646,-0.1527554988861084,-0.04977284979116803,-0.036472439765930176,-0.11677920818328857,-0.03484718736302739
V,0.0,0.0,0.0,0.06261295080184937,-0.057420432567596436,-0.021882553469254162,0.08664923906326294,-0.14000344276428223,-0.027424028958989766,0.04214036464691162,-0.1882542371749878,-0.03360184922428289,-0.007488429546356201,-0.19024646282196045,-0.03954702511043706,0.060517847537994385,-0.1706618070602417,-0.014694573242081788,0.07725131511688232,-0.2570464611053467,-0.03658480837555089,0.08319646120071411,-0.3079453706741333,-0.05050426989407697,0.09146642684936523,-0.35352057218551636,-0.0577136044165627,0.012424826622009277,-0.1709555983543396,-0.01830560981841245,0.003843069076538086,-0.26571184396743774,-0.044778237935020115,-0.001877903938293457,-0.3279014229774475,-0.06158839061470189,-0.005114495754241943,-0.380482017993927,-0.0684831578990952,-0.029892146587371826,-0.15948224067687988,-0.024338389631225255,-0.03660339117050171,-0.21723145246505737,-0.06942554458589711,-0.018753468990325928,-0.16912353038787842,-0.07501293614120641,-0.00888204574584961,-0.12471956014633179,-0.062427664991332676,-0.06576061248779297,-0.13744771480560303,-0.03057875752062955,-0.06701022386550903,-0.1930590271949768,-0.06108783825845876,-0.04704171419143677,-0.16102802753448486,-0.05291174247474828,-0.035717129707336426,-0.12328964471817017,-0.03735858842344442
V,0.0,0.0,0.0,0.06707888841629028,-0.06625139713287354,-0.028720208727293084,0.09089642763137817,-0.14637982845306396,-0.036161576681308816,0.034349024295806885,-0.1941564679145813,-0.04318222525017745,-0.024023115634918213,-0.18798649311065674,-0.04963752748864181,0.05134940147399902,-0.17573952674865723,-0.012140553728215764,0.06684333086013794,-0.2599746584892273,-0.033798792683057854,0.0729295015335083,-0.30989211797714233,-0.048429453097753594,0.07984185218811035,-0.354638934135437,-0.055977613948755334,0.0009687542915344238,-0.17564833164215088,-0.013391639389567445,-0.006994068622589111,-0.26975512504577637,-0.039743104301862786,-0.009569048881530762,-0.3310443162918091,-0.05617894726293571,-0.013485848903656006,-0.38275766372680664,-0.062495217942171166,-0.045317232608795166,-0.1628134846687317,-0.018362802736930917,-0.0446353554725647,-0.22050464153289795,-0.0639660184313584,-0.018423140048980713,-0.17068207263946533,-0.06947573768394477,-0.008682012557983398,-0.12649524211883545,-0.05624213191168792,-0.08839637041091919,-0.1377253532409668,-0.024264511935882638,-0.0774695873260498,-0.19502520561218262,-0.05355365695851333,-0.049725353717803955,-0.1632106900215149,-0.043994692437820504,-0.04060107469558716,-0.12501764297485352,-0.02756459387438781
V,0.0,0.0,0.0,0.06531870365142822,-0.06488567590713501,-0.02606451987736591,0.08582061529159546,-0.14782100915908813,-0.03188422426097759,0.025948524475097656,-0.194929838180542,-0.037123088831833684,-0.034848690032958984,-0.18500536680221558,-0.04158997639530071,0.046868085861206055,-0.17549508810043335,-0.011145208137861573,0.06317520141601562,-0.26203060150146484,-0.029601399893692815,0.0685112476348877,-0.31224560737609863,-0.04195211186521419,0.07468909025192261,-0.357211709022522,-0.048536126608780705,-0.00418853759765625,-0.17524272203445435,-0.01305227364861139,-0.012772560119628906,-0.27086782455444336,-0.036051531429222905,-0.01378011703491211,-0.3332318067550659,-0.050792151237658345,-0.01672208309173584,-0.3865376114845276,-0.05683912440650829,-0.05129498243331909,-0.16195392608642578,-0.01804922624938854,-0.047196388244628906,-0.22522896528244019,-0.05963673173897632,-0.020757019519805908,-0.17441076040267944,-0.06307119607441791,-0.014105916023254395,-0.12941443920135498,-0.04975324972980388,-0.0938311219215393,-0.13583385944366455,-0.023806807691983067,-0.08058065176010132,-0.196297287940979,-0.05032545431964763,-0.051744043827056885,-0.16526168584823608,-0.039218553448847615,-0.04416531324386597,-0.12703311443328857,-0.022467264081171834
V,0.0,0.0,0.0,0.06582039594650269,-0.0704425573348999,-0.02698683625897047,0.08529174327850342,-0.14932012557983398,-0.03366836978932497,0.021556437015533447,-0.19590413570404053,-0.04027643500705835,-0.038811445236206055,-0.18350815773010254,-0.046132315684758396,0.04394388198852539,-0.17681145668029785,-0.01033493297984478,0.05947673320770264,-0.2646287679672241,-0.029732341681324215,0.06506240367889404,-0.3139150142669678,-0.04334679691930887,0.07058048248291016,-0.3595135807991028,-0.050608222176038,-0.007444024085998535,-0.17613261938095093,-0.01249000782956955,-0.015368342399597168,-0.27171629667282104,-0.035650961835585804,-0.01753103733062744,-0.3341938257217407,-0.05182289033075449,-0.023288488388061523,-0.3875536620616913,-0.05885035990615961,-0.053554654121398926,-0.16282683610916138,-0.01809854506393549,-0.05203604698181152,-0.22411620616912842,-0.061744672049485416,-0.02129918336868286,-0.17299091815948486,-0.06793176456233141,-0.011321425437927246,-0.12610536813735962,-0.05538766159554598,-0.09481889009475708,-0.13572734594345093,-0.02448888010223982,-0.08290994167327881,-0.1963760256767273,-0.052813221503697605,-0.05087548494338989,-0.16567152738571167,-0.04306911378046152,-0.04076319932937622,-0.12483227252960205,-0.026537298028074474
V,0.0,0.0,0.0,0.06501120328903198,-0.06806004047393799,-0.02873071619512757,0.08646774291992188,-0.1504065990447998,-0.035305305954238975,0.023852825164794922,-0.19954395294189453,-0.040731623407623374,-0.039340317249298096,-0.1843421459197998,-0.045047193404457175,0.04068863391876221,-0.1812272071838379,-0.013933304336092078,0.05846506357192993,-0.27029865980148315,-0.03286569901945313,0.06483066082000732,-0.3201255202293396,-0.046399727102539146,0.0714958906173706,-0.36606740951538086,-0.05411990695836266,-0.00940614938735962,-0.18066775798797607,-0.015231012936851585,-0.018373847007751465,-0.2788426876068115,-0.03740243950130662,-0.018815457820892334,-0.34086930751800537,-0.05370923840644082,-0.02300804853439331,-0.3955231308937073,-0.061420116212389075,-0.05374974012374878,-0.16765683889389038,-0.019687864568254554,-0.052449584007263184,-0.23284608125686646,-0.06109157913567742,-0.021908223628997803,-0.17869752645492554,-0.06464916059019288,-0.01386868953704834,-0.13147586584091187,-0.0511700246596547,-0.09272903203964233,-0.13986128568649292,-0.0252719853186818,-0.08239251375198364,-0.2047693133354187,-0.05148810857178887,-0.04995769262313843,-0.17260724306106567,-0.03919960894825181,-0.041867971420288086,-0.13078230619430542,-0.021392006065866553
V,0.0,0.0,0.0,0.06548810005187988,-0.06796365976333618,-0.030592620088555122,0.08611273765563965,-0.1501634120941162,-0.03917102301011255,0.02502542734146118,-0.1991347074508667,-0.04657680699119737,-0.035431623458862305,-0.18763422966003418,-0.052999959974386,0.042792677879333496,-0.17938125133514404,-0.019563903747894074,0.058958351612091064,-0.2709907293319702,-0.0414175667751806,0.06424552202224731,-0.3215329647064209,-0.05533509486804178,0.0696534514427185,-0.3672652840614319,-0.06215651491174867,-0.00843721628189087,-0.17746520042419434,-0.020185779495932366,-0.018732905387878418,-0.278207004070282,-0.04572440469155481,-0.021342813968658447,-0.34157150983810425,-0.06181709253678491,-0.02683478593826294,-0.3958508372306824,-0.06819814601431062,-0.05384683609008789,-0.1641305685043335,-0.024139210297562386,-0.05572366714477539,-0.2273196578025818,-0.0701489017296808,-0.023823440074920654,-0.1736183762550354,-0.07551610627660921,-0.011509299278259277,-0.12494128942489624,-0.06155733922014406,-0.09377461671829224,-0.13769054412841797,-0.029014587118126656,-0.08670490980148315,-0.20175975561141968,-0.058656213520862366,-0.05362886190414429,-0.17026811838150024,-0.04806970962772539,-0.04175502061843872,-0.1279057264328003,-0.030411250605084206
V,0.0,0.0,0.0,0.06566852331161499,-0.06966960430145264,-0.029000230025758356,0.08592557907104492,-0.1510424017906189,-0.035853436108936876,0.024917423725128174,-0.20125234127044678,-0.042080940570940584,-0.035008013248443604,-0.18882155418395996,-0.047287935283293336,0.04471015930175781,-0.18271279335021973,-0.013028827388097852,0.061227500438690186,-0.2736016511917114,-0.0331753472651144,0.06657546758651733,-0.3259385824203491,-0.04722947802792987,0.07162719964981079,-0.3734959363937378,-0.05501974177013835,-0.005150556564331055,-0.18233942985534668,-0.013955328505744546,-0.01553887128829956,-0.28093141317367554,-0.03803395655404529,-0.01782691478729248,-0.3449894189834595,-0.053744664307942,-0.02276855707168579,-0.4009922742843628,-0.06049720000874004,-0.0507735013961792,-0.16786879301071167,-0.01845203888069591,-0.04886209964752197,-0.23341083526611328,-0.06318168145071468,-0.019159018993377686,-0.18144989013671875,-0.06843241107117137,-0.009740889072418213,-0.13350528478622437,-0.055185546990742296,-0.0920259952545166,-0.13927441835403442,-0.023924915012230485,-0.0813184380531311,-0.20189893245697021,-0.053634891178717226,-0.05015456676483154,-0.17228436470031738,-0.044345004376282304,-0.03937387466430664,-0.1316072940826416,-0.02808820259224376
V,0.0,0.0,0.0,0.06711786985397339,-0.07189708948135376,-0.03009259073400017,0.0896230936050415,-0.15285366773605347,-0.03625580972396847,0.028798937797546387,-0.20391076803207397,-0.04093378341161724,-0.03160977363586426,-0.19416886568069458,-0.044279086649055444,0.04543411731719971,-0.18512803316116333,-0.016390743910903893,0.06090807914733887,-0.2786223888397217,-0.0362254597839069,0.06587874889373779,-0.32934409379959106,-0.04926602473818775,0.07056659460067749,-0.3760773539543152,-0.05597313424908634,-0.006294906139373779,-0.18515801429748535,-0.01627396351062771,-0.01620018482208252,-0.28407877683639526,-0.04077389022671696,-0.019163668155670166,-0.3478218913078308,-0.056500937103862725,-0.02457427978515625,-0.40366488695144653,-0.06293740799986836,-0.05282539129257202,-0.17085379362106323,-0.0194172926839542,-0.05265241861343384,-0.23562610149383545,-0.063960372715826,-0.022087693214416504,-0.18214046955108643,-0.06911098143422123,-0.011334240436553955,-0.13425809144973755,-0.05555776438080784,-0.09407252073287964,-0.14098715782165527,-0.023495915591354333,-0.08439099788665771,-0.2032393217086792,-0.052855882107849084,-0.05257737636566162,-0.17257487773895264,-0.04290870881044384,-0.04219412803649902,-0.13174545764923096,-0.02581685340368267
V,0.0,0.0,0.0,0.06694501638412476,-0.06963646411895752,-0.02572909759334152,0.08752459287643433,-0.15249192714691162,-0.030134380031142882,0.02351236343383789,-0.2004513144493103,-0.03487784245959347,-0.03828305006027222,-0.18796765804290771,-0.03908189589134281,0.04376786947250366,-0.18223440647125244,-0.006314365826312951,0.05886024236679077,-0.27147233486175537,-0.024370612744007758,0.06367892026901245,-0.3248854875564575,-0.037408283147726706,0.06853598356246948,-0.37320470809936523,-0.044754328373585395,-0.007661104202270508,-0.18097048997879028,-0.00887210031947916,-0.017822444438934326,-0.27837496995925903,-0.031656785104189566,-0.01861780881881714,-0.3437672257423401,-0.04774937236658161,-0.02268362045288086,-0.4010120630264282,-0.054866397920761756,-0.05412572622299194,-0.16592168807983398,-0.014821218494091681,-0.05319410562515259,-0.23187577724456787,-0.05997567826858585,-0.021810591220855713,-0.17837584018707275,-0.06604351678839748,-0.01154261827468872,-0.1292162537574768,-0.0529703257416827,-0.09642940759658813,-0.13659602403640747,-0.02133270742348259,-0.08392614126205444,-0.20065200328826904,-0.05266977304569309,-0.051953136920928955,-0.16807007789611816,-0.04383324662200039,-0.04110628366470337,-0.12467390298843384,-0.027397388759766272
V,0.0,0.0,0.0,0.06617635488510132,-0.06787186861038208,-0.02665584849279412,0.0875852108001709,-0.14875811338424683,-0.03235295357268342,0.02594548463821411,-0.19700026512145996,-0.03762684704821595,-0.03516960144042969,-0.18598133325576782,-0.04217721464198121,0.04409611225128174,-0.18053406476974487,-0.012493929249160374,0.059841275215148926,-0.27280956506729126,-0.031941919942312325,0.06564819812774658,-0.32553911209106445,-0.045094437320642555,0.07121574878692627,-0.37289106845855713,-0.05179700570266732,-0.006499111652374268,-0.17930221557617188,-0.01435708662580737,-0.016384363174438477,-0.2799522876739502,-0.037201262433939064,-0.017227590084075928,-0.34504014253616333,-0.05230031104844102,-0.021475493907928467,-0.40182405710220337,-0.05842307152312287,-0.052696406841278076,-0.1649143099784851,-0.019342947174720848,-0.05349397659301758,-0.23120403289794922,-0.06269737647932061,-0.022379517555236816,-0.17850357294082642,-0.06718556897800454,-0.011728227138519287,-0.131392240524292,-0.05344253720801362,-0.09461480379104614,-0.13642656803131104,-0.025007428024821365,-0.08377903699874878,-0.20089489221572876,-0.05338990630667695,-0.05236691236495972,-0.16876918077468872,-0.04219947697680482,-0.042529940605163574,-0.12702810764312744,-0.02444073500197419
V,0.0,0.0,0.0,0.06956911087036133,-0.06403559446334839,-0.019003503432884372,0.0931243896484375,-0.14758747816085815,-0.021214476263537563,0.04256409406661987,-0.19577234983444214,-0.026152411884083904,-0.01342242956161499,-0.18854397535324097,-0.031179452723279155,0.05406159162521362,-0.17765891551971436,-0.0005864399144570598,0.07294011116027832,-0.266864538192749,-0.017456252536192096,0.07819515466690063,-0.32301270961761475,-0.028105311504020847,0.08316147327423096,-0.3710123300552368,-0.033320790565028346,0.005316197872161865,-0.17795270681381226,-0.006705939246728576,-0.003510713577270508,-0.27791309356689453,-0.03008746582867161,-0.004446804523468018,-0.3442266583442688,-0.04534838203193203,-0.008445143699645996,-0.39818575978279114,-0.05047188553811566,-0.037450551986694336,-0.16321325302124023,-0.015927114000930942,-0.04574781656265259,-0.22592180967330933,-0.06469342339636341,-0.01636117696762085,-0.17462384700775146,-0.07388661283852116,-0.0026035308837890625,-0.12410891056060791,-0.061467836087956584,-0.07485097646713257,-0.13799864053726196,-0.024864400213971294,-0.07414078712463379,-0.19844132661819458,-0.0600431584179546,-0.047602832317352295,-0.16946643590927124,-0.05472404736877934,-0.03504103422164917,-0.12880665063858032,-0.04005468491317288
V,0.0,0.0,0.0,0.07349789142608643,-0.06692147254943848,-0.0284124267834045,0.09678500890731812,-0.15404939651489258,-0.033390940128526836,0.03172039985656738,-0.2043800950050354,-0.038684264718256145,-0.03149235248565674,-0.1860564947128296,-0.0435519264626123,0.049403250217437744,-0.18470555543899536,-0.008307905829212814,0.06827157735824585,-0.2757566571235657,-0.02701798729475513,0.07341039180755615,-0.33150339126586914,-0.03919506162282005,0.07842737436294556,-0.37965428829193115,-0.04533972680445686,-0.0031934380531311035,-0.18383699655532837,-0.010430139450988918,-0.011873424053192139,-0.28445905447006226,-0.033807844816408306,-0.010659992694854736,-0.3516157269477844,-0.04868319719906822,-0.013958215713500977,-0.4062853753566742,-0.05395669951911941,-0.050146281719207764,-0.16881394386291504,-0.016513462139926105,-0.049430787563323975,-0.2303723692893982,-0.06487190440174118,-0.014093220233917236,-0.17978835105895996,-0.07410539403434768,-0.0009504556655883789,-0.13033998012542725,-0.0617651054250814,-0.09278136491775513,-0.14146345853805542,-0.0231485003220655,-0.08163022994995117,-0.20438170433044434,-0.05580611616250053,-0.047338783740997314,-0.1748206615447998,-0.04852627679582611,-0.034192442893981934,-0.1317920684814453,-0.0328702935564138
V,0.0,0.0,0.0,0.0684128999710083,-0.06828522682189941,-0.018792382914170958,0.09354174137115479,-0.1563873291015625,-0.021900513682112432,0.0498126745223999,-0.2064632773399353,-0.02866662620340321,-0.0037388205528259277,-0.1986714005470276,-0.035293679225787855,0.05943953990936279,-0.18655985593795776,0.0018040563375052443,0.07950615882873535,-0.2787551283836365,-0.016881212133512236,0.0858149528503418,-0.33540457487106323,-0.028487996670946814,0.09281527996063232,-0.3849216103553772,-0.033844310331687666,0.01315605640411377,-0.18754291534423828,-0.004970841116801239,0.005591213703155518,-0.28961676359176636,-0.03141740291152928,0.0030136704444885254,-0.35888105630874634,-0.04805685161386464,-0.0002492666244506836,-0.4138990044593811,-0.05324434443150494,-0.028354108333587646,-0.17287677526474,-0.015188222292408682,-0.03907501697540283,-0.236933171749115,-0.0667017172161195,-0.01680678129196167,-0.1838369369506836,-0.07598305447731946,-0.004948854446411133,-0.1305904984474182,-0.062456793624505735,-0.06439858675003052,-0.14847135543823242,-0.025073386270150877,-0.0680190920829773,-0.2103065848350525,-0.061168975669488646,-0.046990156173706055,-0.17977935075759888,-0.05536633684073422,-0.03536069393157959,-0.13810092210769653,-0.03979595332179997
V,0.0,0.0,0.0,0.06652390956878662,-0.06381553411483765,-0.017000231514373354,0.0918494462966919,-0.15146535634994507,-0.01840530670682483,0.04802507162094116,-0.20082759857177734,-0.023354213307300142,-0.0036987662315368652,-0.19392096996307373,-0.028539586434760622,0.061797499656677246,-0.1848474144935608,0.0009565300125018439,0.08366340398788452,-0.27553850412368774,-0.01738284676770263,0.08989179134368896,-0.3338739275932312,-0.02863596714536243,0.09643065929412842,-0.3831592798233032,-0.033658032859364084,0.0175744891166687,-0.18559938669204712,-0.006476928568133644,0.008380591869354248,-0.2890551686286926,-0.03197962194184356,0.004419267177581787,-0.3571811318397522,-0.04731240644554191,0.0008630156517028809,-0.41243976354599,-0.05159866958359771,-0.023012101650238037,-0.17120009660720825,-0.017024809117117456,-0.03737080097198486,-0.23395013809204102,-0.06719716041783386,-0.016055583953857422,-0.179601788520813,-0.07459265887240463,-0.0048604607582092285,-0.128046452999115,-0.060260085011520914,-0.061029791831970215,-0.145554780960083,-0.02711727991203361,-0.0680619478225708,-0.2084912657737732,-0.061241147662201456,-0.046244919300079346,-0.17597311735153198,-0.0533093824932962,-0.03329944610595703,-0.13460195064544678,-0.03674480095008903
V,0.0,0.0,0.0,0.06485891342163086,-0.0707859992980957,-0.033187756759446074,0.08999544382095337,-0.15344005823135376,-0.039617369396012236,0.031833112239837646,-0.20713359117507935,-0.042253846747200896,-0.028334438800811768,-0.20214200019836426,-0.041768664938729216,0.0497860312461853,-0.18809610605239868,-0.028265335110347678,0.07014197111129761,-0.2906569242477417,-0.05249613754205029,0.07552331686019897,-0.34557271003723145,-0.0664072991137914,0.08308839797973633,-0.39480364322662354,-0.07294184572748463,-0.003670632839202881,-0.18767797946929932,-0.027935702798288276,-0.013990700244903564,-0.30002617835998535,-0.05655049390844624,-0.017198145389556885,-0.3665631413459778,-0.07398465133957188,-0.01846623420715332,-0.4257791042327881,-0.08137644685558598,-0.05148977041244507,-0.17522120475769043,-0.03038932986311238,-0.04735410213470459,-0.2442529797554016,-0.07578280426315587,-0.01979231834411621,-0.18352806568145752,-0.07747821368030827,-0.010243654251098633,-0.1363855004310608,-0.06119552112869542,-0.09300649166107178,-0.14516925811767578,-0.03438895426444333,-0.0839722752571106,-0.21148717403411865,-0.06090464673690121,-0.05036008358001709,-0.17836511135101318,-0.046127936316054274,-0.040677666664123535,-0.13738948106765747,-0.025738189441483428
V,0.0,0.0,0.0,0.1480662226676941,-0.08619195222854614,-0.061144043402464376,0.18718910217285156,-0.2695533037185669,-0.07862950553158043,0.04370439052581787,-0.3583531379699707,-0.09558424045303582,-0.09404835104942322,-0.34264010190963745,-0.11044482578495263,0.13848668336868286,-0.3639107942581177,-0.033999168025047766,0.19003349542617798,-0.5637657046318054,-0.07703283865907906,0.21308517456054688,-0.6889668405056,-0.10062855173805474,0.23310375213623047,-0.787603110074997,-0.11279195238807915,0.023869574069976807,-0.3604838252067566,-0.04394444142440079,0.02500706911087036,-0.578250378370285,-0.09999131103018044,0.03287708759307861,-0.721965491771698,-0.13602996309259652,0.03754258155822754,-0.8345227837562561,-0.15003860433557747,-0.07522857189178467,-0.324867308139801,-0.06106559251406907,-0.09131968021392822,-0.44822952151298523,-0.16742754419306038,-0.04730403423309326,-0.3297303318977356,-0.1841095133588624,-0.026193082332611084,-0.23404854536056519,-0.15764822502592324,-0.16245901584625244,-0.2650591731071472,-0.07990377088049172,-0.15348023176193237,-0.3569638729095459,-0.1630395247505021,-0.09732496738433838,-0.26572227478027344,-0.15416583855608224,-0.07067325711250305,-0.18191677331924438,-0.12440466572502373
V,0.0,0.0,0.0,0.1465069055557251,-0.09100097417831421,-0.05385847184390968,0.1915910243988037,-0.26725316047668457,-0.0683692971202845,0.05491703748703003,-0.35801249742507935,-0.0847543382975573,-0.08142125606536865,-0.3438708186149597,-0.10057996008129066,0.135051429271698,-0.365710973739624,-0.02316467072398609,0.18934470415115356,-0.5567616820335388,-0.06437955591411537,0.21122920513153076,-0.6813074350357056,-0.08956479075879997,0.23126494884490967,-0.7824603021144867,-0.1042616123291964,0.021425247192382812,-0.3648008704185486,-0.037363739493798676,0.024970531463623047,-0.5735439658164978,-0.09230711850852913,0.02982306480407715,-0.7162339091300964,-0.13214251938791222,0.03295844793319702,-0.8308227360248566,-0.15010424498052544,-0.07649141550064087,-0.3298564553260803,-0.05811502951712555,-0.08440923690795898,-0.45308804512023926,-0.1616796905133242,-0.04602551460266113,-0.3307951092720032,-0.1791095787617678,-0.029290199279785156,-0.23374652862548828,-0.15461640599698967,-0.16443711519241333,-0.2685283422470093,-0.0803207883569712,-0.15865817666053772,-0.36061638593673706,-0.15888570788831657,-0.10882329940795898,-0.2707976698875427,-0.14891349318952507,-0.08502721786499023,-0.18816381692886353,-0.11976862493486351
V,0.0,0.0,0.0,0.14936089515686035,-0.08358502388000488,-0.06303121170412851,0.17744511365890503,-0.26707231998443604,-0.08057266494643045,0.02258056402206421,-0.3576599359512329,-0.09723122438799692,-0.11627224087715149,-0.34861159324645996,-0.11102524420630289,0.14078152179718018,-0.365805983543396,-0.029571486845725303,0.19500410556793213,-0.5613323450088501,-0.07029831430327249,0.21797126531600952,-0.6858779489994049,-0.0915060790480311,0.2375205159187317,-0.7834143340587616,-0.10268146565567804,0.031225979328155518,-0.3598364591598511,-0.0389719942809279,0.029022574424743652,-0.578439861536026,-0.09356598576914621,0.03385269641876221,-0.7211593091487885,-0.12803766152273965,0.03176558017730713,-0.8352625668048859,-0.14111645540606332,-0.06397932767868042,-0.3234442472457886,-0.05664392581593347,-0.09503674507141113,-0.44540101289749146,-0.16715052744757486,-0.043433308601379395,-0.3239533305168152,-0.18621717414271188,-0.019564807415008545,-0.22962987422943115,-0.16052271446596933,-0.15148001909255981,-0.264245867729187,-0.07612770816695047,-0.14478015899658203,-0.3599010109901428,-0.1630060972870524,-0.08943676948547363,-0.26648473739624023,-0.15752635917078806,-0.06775268912315369,-0.1837620735168457,-0.13060314974200082
V,0.0,0.0,0.0,0.14551281929016113,-0.0895082950592041,-0.06390696254788963,0.17539328336715698,-0.27447330951690674,-0.07741917160569756,0.021892666816711426,-0.35960060358047485,-0.0893080705147895,-0.11407870054244995,-0.3460419774055481,-0.09816833821355431,0.13872241973876953,-0.36769503355026245,-0.023066862050882264,0.1941065788269043,-0.5611836314201355,-0.06078979236303894,0.2180330753326416,-0.686059981584549,-0.0797502571087989,0.23943591117858887,-0.783902496099472,-0.08874725786267845,0.028188705444335938,-0.36236459016799927,-0.030802749593249246,0.02751457691192627,-0.5786559283733368,-0.08182262865125267,0.03398776054382324,-0.7226216793060303,-0.11400756475745766,0.0339239239692688,-0.8371535241603851,-0.12508159366666405,-0.0689845085144043,-0.32757359743118286,-0.04777668279825775,-0.0946480929851532,-0.451375275850296,-0.1590797403198394,-0.04469996690750122,-0.3271220922470093,-0.1815080144745025,-0.023684144020080566,-0.2305181622505188,-0.15659094837724297,-0.15708652138710022,-0.26901280879974365,-0.06630148974477379,-0.14663603901863098,-0.3687654137611389,-0.15359495070993034,-0.09266144037246704,-0.2754248380661011,-0.1498094299179229,-0.07525292038917542,-0.19112873077392578,-0.12361706284104912
V,0.0,0.0,0.0,0.1429343819618225,-0.08230304718017578,-0.05667070676622643,0.18303310871124268,-0.256524920463562,-0.07276408379016175,0.04966992139816284,-0.3448300361633301,-0.0899007767909552,-0.07743030786514282,-0.34003275632858276,-0.10539902751384034,0.14608758687973022,-0.36522436141967773,-0.0255394578450705,0.19708651304244995,-0.5558589100837708,-0.06853811447558655,0.21841245889663696,-0.6780022084712982,-0.09313629572329774,0.2371046543121338,-0.7757357954978943,-0.10564431552825226,0.03228181600570679,-0.3627449870109558,-0.037672754424193045,0.03253966569900513,-0.5771333575248718,-0.0952805951708342,0.041325926780700684,-0.7189992070198059,-0.1336557269567038,0.04779857397079468,-0.8323131799697876,-0.14861819152770295,-0.06555083394050598,-0.3291943073272705,-0.05707099293408646,-0.07908964157104492,-0.4425167739391327,-0.16591970627246155,-0.03945481777191162,-0.3232163190841675,-0.18584071104464783,-0.020967483520507812,-0.22876042127609253,-0.16054058079657807,-0.153755784034729,-0.272771954536438,-0.07766085867820038,-0.14406365156173706,-0.36529749631881714,-0.1598373949998404,-0.09842714667320251,-0.2734416127204895,-0.150531500624993,-0.07961305975914001,-0.19016098976135254,-0.12048316006598725
V,0.0,0.0,0.0,0.1386810541152954,-0.08995223045349121,-0.06525837342292107,0.17717283964157104,-0.2670929431915283,-0.08277255008965767,0.04337263107299805,-0.35964030027389526,-0.09895516644269264,-0.08740276098251343,-0.3482646346092224,-0.11249689470082558,0.1411873698234558,-0.37770718336105347,-0.033635144038498765,0.18977779150009155,-0.5707607865333557,-0.0759026453927163,0.20992273092269897,-0.6899095475673676,-0.1010229633286599,0.22778970003128052,-0.7879290282726288,-0.11468519727736748,0.028630316257476807,-0.3722309470176697,-0.042782180859148866,0.02483534812927246,-0.5834968090057373,-0.09571470777541435,0.03075486421585083,-0.7237755060195923,-0.1323296622470025,0.035299837589263916,-0.8377618193626404,-0.1484472797349099,-0.07010599970817566,-0.33451569080352783,-0.05989222313314713,-0.08560237288475037,-0.45108819007873535,-0.16415352086573876,-0.04384714365005493,-0.3299494981765747,-0.18287143568545616,-0.02489781379699707,-0.23524248600006104,-0.15887326459437645,-0.16050875186920166,-0.27109086513519287,-0.07955693165808952,-0.15477508306503296,-0.3641606569290161,-0.15931593338996208,-0.10490238666534424,-0.27477532625198364,-0.1497236834004525,-0.08416908979415894,-0.19135868549346924,-0.12070844034701622
