label,f0,f1,f2,f3,f4,f5,f6,f7,f8,f9,f10,f11,f12,f13,f14,f15,f16,f17,f18,f19,f20,f21,f22,f23,f24,f25,f26,f27,f28,f29,f30,f31,f32,f33,f34,f35,f36,f37,f38,f39,f40,f41,f42,f43,f44,f45,f46,f47,f48,f49,f50,f51,f52,f53,f54,f55,f56,f57,f58,f59,f60,f61,f62
Z,0.0,0.0,0.0,0.11247450113296509,0.03334164619445801,-0.051261459810220344,0.2353428602218628,-0.04458153247833252,-0.07048810027309571,0.2357323169708252,-0.17380023002624512,-0.08538648985096131,0.17367041110992432,-0.25418806076049805,-0.10090771816440736,0.28418809175491333,-0.18012404441833496,-0.05027744672962342,0.3843672275543213,-0.2946251630783081,-0.08918492994972382,0.44651859998703003,-0.3630604147911072,-0.11692605666586076,0.4948991537094116,-0.42973411083221436,-0.14127009860941087,0.2096356749534607,-0.22307896614074707,-0.05280798055001412,0.24160319566726685,-0.29567015171051025,-0.12629309050508652,0.19665920734405518,-0.19306159019470215,-0.14973336212106858,0.1571338176727295,-0.12421607971191406,-0.14940675847002183,0.13077294826507568,-0.2412649393081665,-0.05843835450478707,0.15521371364593506,-0.3098981976509094,-0.13692190997072373,0.1326814889907837,-0.19504469633102417,-0.12586286417909776,0.10446947813034058,-0.12626051902770996,-0.09906781218715821,0.041104257106781006,-0.24282830953598022,-0.06732644639679108,0.07668447494506836,-0.2931942939758301,-0.13269732646413956,0.0733460783958435,-0.20294338464736938,-0.12222447745271836,0.056230247020721436,-0.1425025463104248,-0.09939388684698258
Z,0.0,0.0,0.0,0.11190024018287659,0.03415393829345703,-0.05604145247366432,0.23527184128761292,-0.045919716358184814,-0.07521796915557388,0.23256590962409973,-0.17656880617141724,-0.08854838404681686,0.1663629114627838,-0.25477325916290283,-0.10227043125655655,0.2876029312610626,-0.1852571964263916,-0.04961045030381683,0.3860531151294708,-0.2958465814590454,-0.0863314265372992,0.4480590522289276,-0.36344993114471436,-0.11393289957072739,0.49576786160469055,-0.4293416142463684,-0.13868881706025604,0.21168872714042664,-0.2275601029396057,-0.04939342234160904,0.2449152171611786,-0.3000905513763428,-0.11759138796355728,0.19966217875480652,-0.19628465175628662,-0.13954611066606049,0.1604187786579132,-0.12809216976165771,-0.13924337867524628,0.13159015774726868,-0.24474799633026123,-0.052973191625142135,0.1567690670490265,-0.3126848340034485,-0.12855231705930237,0.1336793601512909,-0.19884353876113892,-0.11831933949019913,0.10552111268043518,-0.1322537064552307,-0.09292627069976334,0.0404910147190094,-0.24500823020935059,-0.060240227169060745,0.0769258439540863,-0.2973251938819885,-0.125881730950141,0.07196196913719177,-0.20668941736221313,-0.11604249421384338,0.052916377782821655,-0.1454898715019226,-0.0937689984205008
Z,0.0,0.0,0.0,0.11675462126731873,0.03209543228149414,-0.053411958878740506,0.24040380120277405,-0.04538154602050781,-0.07221389017055913,0.23718610405921936,-0.17694056034088135,-0.0864969064946024,0.1751329004764557,-0.25696009397506714,-0.10088920793484135,0.290734201669693,-0.18617874383926392,-0.04772325060318394,0.3905232846736908,-0.30109286308288574,-0.0865293463225214,0.4509858787059784,-0.3689088821411133,-0.11372276595781727,0.4984557330608368,-0.4350631833076477,-0.13760084114025517,0.21493133902549744,-0.22863346338272095,-0.049857435887560086,0.24671223759651184,-0.29965001344680786,-0.12403999469231053,0.20061281323432922,-0.1949172019958496,-0.1468931009526102,0.1617177426815033,-0.12551957368850708,-0.14551294050167485,0.13531216979026794,-0.2461652159690857,-0.05584687194775029,0.15857824683189392,-0.3122931718826294,-0.13614906570862217,0.1340719759464264,-0.19663572311401367,-0.12472835383366032,0.10759833455085754,-0.13049322366714478,-0.09703725031565114,0.045651763677597046,-0.24689537286758423,-0.0652946849818079,0.0807521641254425,-0.2953653931617737,-0.13107781312416478,0.0745944082736969,-0.2047513723373413,-0.11988172880361958,0.05736514925956726,-0.14714407920837402,-0.09633697769592686
Z,0.0,0.0,0.0,0.11397561430931091,0.030607998371124268,-0.0479420220199529,0.24022212624549866,-0.04680556058883667,-0.06208312341007627,0.23882034420967102,-0.17579340934753418,-0.07205703311595357,0.17516514658927917,-0.25235670804977417,-0.08215624296101964,0.2824866473674774,-0.1871585249900818,-0.04871254988941587,0.3881327211856842,-0.3008221983909607,-0.0862251093331281,0.4483470022678375,-0.369385302066803,-0.11368335985574163,0.49560198187828064,-0.4380000829696655,-0.13880897515448964,0.2083202302455902,-0.22783774137496948,-0.05292104014191068,0.2417355477809906,-0.2965089678764343,-0.12214946948918737,0.19170942902565002,-0.1856473684310913,-0.14158394389781392,0.15033802390098572,-0.11816799640655518,-0.1399154608789388,0.1300136148929596,-0.24744176864624023,-0.06061039694580472,0.15913817286491394,-0.31765979528427124,-0.13436060600909627,0.13268104195594788,-0.19639426469802856,-0.1217628365102712,0.10209843516349792,-0.128994882106781,-0.09562850945624746,0.040437668561935425,-0.25052905082702637,-0.07185102456244863,0.0782916247844696,-0.30269134044647217,-0.13420202785167135,0.07306739687919617,-0.20995879173278809,-0.12322288953694738,0.05155661702156067,-0.14999276399612427,-0.1013935526553098
Z,0.0,0.0,0.0,0.11828845739364624,0.026787161827087402,-0.05571521649761735,0.23798513412475586,-0.04855477809906006,-0.07994493300719796,0.2388489842414856,-0.1785198450088501,-0.10009510273738442,0.18379950523376465,-0.26439720392227173,-0.12135059590144692,0.2903975248336792,-0.1868973970413208,-0.052249683241086586,0.3882172107696533,-0.2981565594673157,-0.09375819022460519,0.4481883645057678,-0.3679794669151306,-0.12259913439555703,0.4961279630661011,-0.4334096908569336,-0.14681472832961617,0.21298551559448242,-0.22881007194519043,-0.0522738715509945,0.24370306730270386,-0.2976001501083374,-0.12781445140643655,0.20490902662277222,-0.19992494583129883,-0.15216840262218057,0.17071431875228882,-0.13009732961654663,-0.1522746628026539,0.13233011960983276,-0.24492263793945312,-0.05592056940002976,0.15636390447616577,-0.30901747941970825,-0.13783825392528115,0.13646650314331055,-0.19889748096466064,-0.1268961375455433,0.11035412549972534,-0.12783998250961304,-0.09927412326140939,0.04268229007720947,-0.2442549467086792,-0.06296321953340112,0.0799417495727539,-0.2953034043312073,-0.13234479183955727,0.07533615827560425,-0.20765411853790283,-0.12299261445804177,0.05875718593597412,-0.14528381824493408,-0.09958251024289666
Z,0.0,0.0,0.0,0.11407318711280823,0.030451059341430664,-0.056822548132970496,0.23707547783851624,-0.047388315200805664,-0.07347188748104827,0.2338201105594635,-0.17868632078170776,-0.08350260413868682,0.1705792248249054,-0.25821083784103394,-0.09308285124285476,0.2874334156513214,-0.18617230653762817,-0.04891860343201415,0.38857999444007874,-0.29785698652267456,-0.08676601804478423,0.44844087958335876,-0.3638284206390381,-0.11441399760229842,0.4964940845966339,-0.42989102005958557,-0.13909562535269515,0.2137906849384308,-0.2277621030807495,-0.04889338694198386,0.24866506457328796,-0.3010200262069702,-0.11781733341200606,0.1998717486858368,-0.19273710250854492,-0.1392500162838246,0.16169604659080505,-0.12421411275863647,-0.13792873032076614,0.13474884629249573,-0.24568402767181396,-0.053302588385179206,0.15986600518226624,-0.31374311447143555,-0.13089773662073867,0.13366708159446716,-0.1946026086807251,-0.12090198553784148,0.10800173878669739,-0.1294122338294983,-0.09477504945976989,0.043381184339523315,-0.2464836835861206,-0.06138527996523635,0.07806715369224548,-0.2978268265724182,-0.1275075734375264,0.07212796807289124,-0.20502322912216187,-0.11751214272959487,0.05421760678291321,-0.1463381052017212,-0.09497635669691817
Z,0.0,0.0,0.0,0.11618238687515259,0.03335714340209961,-0.056423151012594985,0.23779332637786865,-0.04698061943054199,-0.07436629858248978,0.2298465371131897,-0.17966842651367188,-0.08646028217309265,0.16380226612091064,-0.255987286567688,-0.09876417097085266,0.28709566593170166,-0.18555283546447754,-0.04882765662306099,0.38756608963012695,-0.29661285877227783,-0.08502430197232513,0.44799280166625977,-0.3637716770172119,-0.11111656304829864,0.4956508278846741,-0.42793577909469604,-0.13441478189461975,0.21055519580841064,-0.22768527269363403,-0.04820006069176941,0.2455233931541443,-0.3010145425796509,-0.11666257407897263,0.20208168029785156,-0.19942855834960938,-0.13889728960030823,0.16330474615097046,-0.13124918937683105,-0.13831519063943176,0.1307029128074646,-0.24435889720916748,-0.05147629704707413,0.15762746334075928,-0.311298131942749,-0.12903741475575714,0.1349848508834839,-0.19657772779464722,-0.12046068635218887,0.10709500312805176,-0.12981319427490234,-0.09520318087571411,0.04023009538650513,-0.2438012957572937,-0.05820601534479408,0.07839113473892212,-0.29713714122772217,-0.1247740211748436,0.07341015338897705,-0.20698636770248413,-0.11563161489003448,0.05372375249862671,-0.14550840854644775,-0.09347155418628006
Z,0.0,0.0,0.0,0.11866366863250732,0.028066039085388184,-0.054602510826015305,0.2401343584060669,-0.05147397518157959,-0.07462849800410254,0.23449259996414185,-0.1841455101966858,-0.09034458880248053,0.17024272680282593,-0.2640196681022644,-0.10674988065781577,0.28621017932891846,-0.18831562995910645,-0.05037828867259009,0.3894200325012207,-0.3017019033432007,-0.08887456689896567,0.45011764764785767,-0.3688470721244812,-0.11559635733189566,0.49927353858947754,-0.43265068531036377,-0.1389611247641085,0.20833563804626465,-0.2307910919189453,-0.05208823044719679,0.2400897741317749,-0.30752211809158325,-0.12648612593235953,0.19964706897735596,-0.20611125230789185,-0.1508324626547335,0.16176104545593262,-0.13232219219207764,-0.15050638054432852,0.12819218635559082,-0.24761539697647095,-0.05724976916732771,0.1536463499069214,-0.31598740816116333,-0.13832298253598196,0.133439838886261,-0.20203089714050293,-0.1289666030270098,0.10567963123321533,-0.13064312934875488,-0.10236141418042166,0.03912121057510376,-0.24656158685684204,-0.06574812118830664,0.07607126235961914,-0.29952913522720337,-0.1332720104319094,0.07133781909942627,-0.20991665124893188,-0.12363192771496756,0.0526355504989624,-0.1468205451965332,-0.10069457773985846
Z,0.0,0.0,0.0,0.11416739225387573,0.029460787773132324,-0.053588637986734966,0.23683160543441772,-0.04795944690704346,-0.07382207913096295,0.23855453729629517,-0.1785733699798584,-0.0892418007343565,0.17838460206985474,-0.25894320011138916,-0.1054362337082182,0.286765456199646,-0.18457025289535522,-0.054021915325478176,0.3914150595664978,-0.29829806089401245,-0.09316423339541302,0.45310431718826294,-0.36551034450531006,-0.12090604556496487,0.5015845894813538,-0.4318521022796631,-0.14522837651665554,0.21155935525894165,-0.22741681337356567,-0.0551914515882288,0.24881982803344727,-0.29831576347351074,-0.12796941948826657,0.20031625032424927,-0.19388306140899658,-0.14967960668499813,0.158280611038208,-0.12515604496002197,-0.14831008566315518,0.13259941339492798,-0.24625319242477417,-0.05960057480032788,0.16256040334701538,-0.31313323974609375,-0.13659768355782376,0.13676053285598755,-0.19952458143234253,-0.12358801616127835,0.10557311773300171,-0.13252490758895874,-0.0958965624659811,0.042791128158569336,-0.24845069646835327,-0.06751332236225949,0.0826842188835144,-0.30175185203552246,-0.1313192303269659,0.07653999328613281,-0.21338653564453125,-0.11915688765938626,0.055990636348724365,-0.15362107753753662,-0.09532261444027768
Z,0.0,0.0,0.0,0.11411803960800171,0.03276801109313965,-0.05664717889568749,0.23573416471481323,-0.047806501388549805,-0.07429726905367318,0.233523428440094,-0.18203043937683105,-0.08555918670437279,0.17169737815856934,-0.26316899061203003,-0.09639231599113884,0.2883252501487732,-0.18473052978515625,-0.05052689946434441,0.3887025713920593,-0.2985392212867737,-0.08860159403822365,0.44895029067993164,-0.3644503951072693,-0.1163625541999096,0.497079074382782,-0.42975878715515137,-0.14127853996298256,0.2129499912261963,-0.22678637504577637,-0.050891549505209355,0.24679285287857056,-0.30073463916778564,-0.12123077846310082,0.19953584671020508,-0.1927453875541687,-0.14290009922525826,0.16020113229751587,-0.12372338771820068,-0.1418987560941929,0.13371318578720093,-0.2448698878288269,-0.055553374059414296,0.15815448760986328,-0.31241410970687866,-0.13407454378149453,0.13325202465057373,-0.19339698553085327,-0.12367932236931267,0.10631734132766724,-0.12817531824111938,-0.09750701225540581,0.04364338517189026,-0.2460160255432129,-0.06393578387043419,0.078616201877594,-0.29754871129989624,-0.13134797400972786,0.07256901264190674,-0.20440524816513062,-0.12171034998438301,0.05388706922531128,-0.14570695161819458,-0.09949443972847405
Z,0.0,0.0,0.0,0.11822474002838135,0.025638103485107422,-0.054248840201751136,0.23842990398406982,-0.05178338289260864,-0.07319956703867092,0.23682457208633423,-0.1839239001274109,-0.08784714772190227,0.17499369382858276,-0.2645804286003113,-0.1033073930331625,0.2885332703590393,-0.1895594596862793,-0.04826441465701237,0.39098620414733887,-0.30391669273376465,-0.08507138176645412,0.4513556957244873,-0.3718743324279785,-0.11133484973396435,0.5004686117172241,-0.43566784262657166,-0.13433932944025173,0.21183139085769653,-0.23264747858047485,-0.049217925060645484,0.24310976266860962,-0.30865800380706787,-0.12119581981386318,0.1991015076637268,-0.21141105890274048,-0.14521705790247097,0.1593438982963562,-0.13824236392974854,-0.1449067114182867,0.13226038217544556,-0.24971652030944824,-0.05364111496891155,0.15693581104278564,-0.31794971227645874,-0.13187750859941616,0.1346072554588318,-0.20713967084884644,-0.12342860980714931,0.1060839295387268,-0.13574492931365967,-0.09789111151184215,0.042948782444000244,-0.24783700704574585,-0.061511010516539955,0.07930904626846313,-0.30087655782699585,-0.12687678321088924,0.07534968852996826,-0.21331608295440674,-0.11779335572208538,0.05706322193145752,-0.14971405267715454,-0.09542892559255733
Z,0.0,0.0,0.0,0.11903935670852661,0.012971580028533936,-0.050523358873562074,0.23788589239120483,-0.062237679958343506,-0.06770197629137442,0.23290503025054932,-0.18832939863204956,-0.08053517668648169,0.1721845269203186,-0.26464009284973145,-0.09323104052944586,0.28652065992355347,-0.19908958673477173,-0.04745136900945113,0.39171475172042847,-0.31216055154800415,-0.0868624779502909,0.4521392583847046,-0.3784393072128296,-0.11580860196752951,0.5010722279548645,-0.444662481546402,-0.1404733839551966,0.2108306884765625,-0.23903769254684448,-0.05124018668337271,0.24783486127853394,-0.3128190040588379,-0.12119627325935767,0.19768333435058594,-0.208825945854187,-0.1430400046627085,0.15668755769729614,-0.13998651504516602,-0.14221737115784094,0.13101178407669067,-0.25699037313461304,-0.05887892051740096,0.15983819961547852,-0.3270116448402405,-0.1323087397138636,0.1346486210823059,-0.21157234907150269,-0.12061693846388266,0.1056094765663147,-0.14350533485412598,-0.09421690880461142,0.03899979591369629,-0.25535911321640015,-0.0702662202636759,0.07706230878829956,-0.31310462951660156,-0.127772260002331,0.0752449631690979,-0.22481882572174072,-0.11334551452799246,0.055889129638671875,-0.16355353593826294,-0.08889106988115714
Z,0.0,0.0,0.0,0.11317053437232971,0.020417451858520508,-0.05071240863273374,0.23763182759284973,-0.05688905715942383,-0.06585822081635229,0.23437979817390442,-0.1849048137664795,-0.07640633559296361,0.17179378867149353,-0.2627049684524536,-0.08575963056156866,0.28492578864097595,-0.1961730718612671,-0.04638048088619939,0.38957586884498596,-0.3097582459449768,-0.08530156886646978,0.44615665078163147,-0.3769330382347107,-0.11239184266398183,0.4919096529483795,-0.44441795349121094,-0.13655766671965353,0.2091580331325531,-0.23624366521835327,-0.05134800648758642,0.24002757668495178,-0.309687077999115,-0.1217957121736788,0.1896800696849823,-0.20121991634368896,-0.14174213832686178,0.15257635712623596,-0.1346535086631775,-0.13957457071612112,0.1298380196094513,-0.25418621301651,-0.060699666053750434,0.15395304560661316,-0.3219219446182251,-0.13799620992014638,0.12652269005775452,-0.20185840129852295,-0.1268204582340502,0.10190370678901672,-0.138638436794281,-0.10031273043225042,0.040600746870040894,-0.25403016805648804,-0.07374040609667531,0.07275500893592834,-0.3043614625930786,-0.13564163273642293,0.06658831238746643,-0.2137761116027832,-0.12348976558516256,0.04818814992904663,-0.157970130443573,-0.10061281746695272
Z,0.0,0.0,0.0,0.11393916606903076,0.01024693250656128,-0.046737529450766147,0.23271989822387695,-0.06964713335037231,-0.06383680936109215,0.22775393724441528,-0.19496029615402222,-0.07853466656219155,0.16522639989852905,-0.27070438861846924,-0.09332935895930916,0.2816011905670166,-0.20347094535827637,-0.041519340241066516,0.3866327404975891,-0.3185960650444031,-0.07710087683211952,0.44566839933395386,-0.38724762201309204,-0.10202955838452965,0.4920644164085388,-0.4532735347747803,-0.12446738418351799,0.20545154809951782,-0.24374347925186157,-0.04762757580887467,0.23255020380020142,-0.32066845893859863,-0.11731379117976815,0.186351478099823,-0.21960097551345825,-0.13818365719329506,0.14918512105941772,-0.148895263671875,-0.13647559669028908,0.12558555603027344,-0.26012659072875977,-0.057132423037401736,0.14625447988510132,-0.33038538694381714,-0.13099517312060982,0.12331318855285645,-0.2185657024383545,-0.11976266291152626,0.0983317494392395,-0.15072089433670044,-0.09388047840606362,0.03577113151550293,-0.25791096687316895,-0.07000411685716301,0.06593412160873413,-0.31411534547805786,-0.12887102749358803,0.0608062744140625,-0.22858768701553345,-0.11612608667623192,0.04407024383544922,-0.16772383451461792,-0.0928693303109327
Z,0.0,0.0,0.0,0.11297056078910828,0.019492506980895996,-0.056657431667176184,0.2373291552066803,-0.05761361122131348,-0.07709099913152784,0.23329737782478333,-0.18925392627716064,-0.09304986709865659,0.17084261775016785,-0.2703024744987488,-0.10854197109254926,0.29126670956611633,-0.20363956689834595,-0.0501612592688474,0.39583835005760193,-0.31900089979171753,-0.08830179089817136,0.45301344990730286,-0.38695961236953735,-0.11444271916660398,0.4992516338825226,-0.4534620940685272,-0.1377704497626695,0.2137121856212616,-0.24704104661941528,-0.052232066189375814,0.2412010133266449,-0.32171183824539185,-0.12577203476938337,0.1943635642528534,-0.21551311016082764,-0.1477400120547685,0.1572989523410797,-0.1436558961868286,-0.14555951023611158,0.13305476307868958,-0.263916015625,-0.05858686009558767,0.15168949961662292,-0.3301164507865906,-0.1375987287810716,0.12735942006111145,-0.2135264277458191,-0.12756747568163007,0.10382428765296936,-0.14609146118164062,-0.10096330756458372,0.043815165758132935,-0.26279348134994507,-0.06886698866399854,0.07283434271812439,-0.3123358488082886,-0.13154408896478742,0.0669233500957489,-0.22404980659484863,-0.12040746027740568,0.05259928107261658,-0.1661165952682495,-0.09749091232332319
Z,0.0,0.0,0.0,0.11429902911186218,0.006227612495422363,-0.04591313261977348,0.23227056860923767,-0.07452023029327393,-0.06216193993083152,0.21601375937461853,-0.19967573881149292,-0.07573767636409912,0.15367689728736877,-0.2772802710533142,-0.08890042338958892,0.27987101674079895,-0.21332979202270508,-0.04329575483194503,0.384389728307724,-0.32600343227386475,-0.08144902322879943,0.44251659512519836,-0.3952072262763977,-0.10810816918007049,0.48691341280937195,-0.46073901653289795,-0.13116109256139907,0.19823244214057922,-0.2515283226966858,-0.04995612685075912,0.2281855046749115,-0.3246973752975464,-0.1184063840328804,0.18042877316474915,-0.2193724513053894,-0.13788042847505722,0.14381471276283264,-0.15040695667266846,-0.13609821979395065,0.1156182587146759,-0.26700359582901,-0.0608267251073471,0.13940110802650452,-0.3338584303855896,-0.1343232381760231,0.11646822094917297,-0.21616190671920776,-0.12526571635595474,0.09470060467720032,-0.14877331256866455,-0.10137119029155883,0.02520519495010376,-0.26454222202301025,-0.07512229565969619,0.05821159482002258,-0.3177570700645447,-0.13306636993280563,0.05499783158302307,-0.22784674167633057,-0.1221420976935974,0.041842490434646606,-0.16572225093841553,-0.10130857561222228
Z,0.0,0.0,0.0,0.11589008569717407,0.018743693828582764,-0.05496364354152661,0.23354411125183105,-0.05987614393234253,-0.07360728724856358,0.2231568694114685,-0.18700027465820312,-0.08744710578579884,0.15995049476623535,-0.26382797956466675,-0.10120617493052464,0.28789955377578735,-0.19790762662887573,-0.04706341668028813,0.3907715678215027,-0.31512171030044556,-0.08679404004473668,0.45044606924057007,-0.3870142698287964,-0.11592377617020588,0.4969537854194641,-0.45494937896728516,-0.14071994914669972,0.20972096920013428,-0.23825544118881226,-0.04831199987788182,0.23379206657409668,-0.313479483127594,-0.1224557150806902,0.1845211386680603,-0.21091216802597046,-0.1461688418592928,0.14399176836013794,-0.13596856594085693,-0.14498431875367146,0.12873977422714233,-0.25576668977737427,-0.053929029842805676,0.14470911026000977,-0.3225874900817871,-0.13238938047547322,0.11974340677261353,-0.2111244797706604,-0.12346070899624806,0.09400224685668945,-0.14099067449569702,-0.09754966839213353,0.03920167684555054,-0.2542670965194702,-0.06336476548571568,0.06546735763549805,-0.30880069732666016,-0.12719719006676655,0.05701139569282532,-0.2204834222793579,-0.11649870022196751,0.039740025997161865,-0.1575654149055481,-0.09322536631484013
Z,0.0,0.0,0.0,0.11552077531814575,0.019354581832885742,-0.05993099615312758,0.23410505056381226,-0.05858343839645386,-0.08298350230194274,0.2241714596748352,-0.1889047622680664,-0.10130778804756346,0.15835076570510864,-0.2681577801704407,-0.11972195759750548,0.2883896231651306,-0.20049792528152466,-0.04928029060698691,0.3881741166114807,-0.31983864307403564,-0.09051583811975661,0.44689762592315674,-0.39197057485580444,-0.11916720226741973,0.4937698245048523,-0.45929259061813354,-0.1429920654032344,0.21004974842071533,-0.24162673950195312,-0.04880574450231734,0.23921573162078857,-0.3169459104537964,-0.12671540782190505,0.19414323568344116,-0.21784871816635132,-0.15281370386816207,0.15680617094039917,-0.14527958631515503,-0.15222036943174544,0.12964129447937012,-0.2585049867630005,-0.05282437533475104,0.14555108547210693,-0.3255263566970825,-0.13636881217695418,0.12021106481552124,-0.21376526355743408,-0.1276092688772792,0.09398996829986572,-0.14258712530136108,-0.09996762231327239,0.04042917490005493,-0.25793755054473877,-0.060844552818309694,0.06579440832138062,-0.31357425451278687,-0.12879783019758406,0.0584033727645874,-0.22443914413452148,-0.11850227520204726,0.04201096296310425,-0.16005021333694458,-0.09398387477136794
Z,0.0,0.0,0.0,0.11319500207901001,0.025771737098693848,-0.05834551464272408,0.23515456914901733,-0.05485689640045166,-0.0772491649861422,0.23014700412750244,-0.18605220317840576,-0.09055718343211083,0.16383063793182373,-0.2619568109512329,-0.10363347392035394,0.2901436686515808,-0.1931905746459961,-0.04871635075164704,0.3919767141342163,-0.313520610332489,-0.09008843760443597,0.45178741216659546,-0.38525480031967163,-0.11986308108521371,0.49988096952438354,-0.45352786779403687,-0.14490486245108514,0.21280169486999512,-0.2353951334953308,-0.048380601512917565,0.2413153052330017,-0.3122214674949646,-0.12356156419468789,0.19095128774642944,-0.20849746465682983,-0.14739873568964867,0.15330517292022705,-0.13435763120651245,-0.14605068724108605,0.13241678476333618,-0.25450384616851807,-0.05269756476832299,0.15051496028900146,-0.3233908414840698,-0.1334279284949389,0.12213891744613647,-0.20927482843399048,-0.12262764881802468,0.0959160327911377,-0.1376127004623413,-0.09458522807312875,0.04210132360458374,-0.2552589774131775,-0.06117189239216714,0.06809878349304199,-0.3127136826515198,-0.1268043623442736,0.05881226062774658,-0.22246938943862915,-0.11468489776802926,0.04086202383041382,-0.15742921829223633,-0.08973855088902383
Z,0.0,0.0,0.0,0.10966894030570984,0.03762549161911011,-0.060571904596187665,0.23332306742668152,-0.047130465507507324,-0.07902377780924041,0.23117217421531677,-0.18255728483200073,-0.0913088315392514,0.16458353400230408,-0.26150786876678467,-0.10329315748462875,0.2913203537464142,-0.18933135271072388,-0.050280916806556775,0.39197298884391785,-0.3084704279899597,-0.09218098160276611,0.45222070813179016,-0.38077908754348755,-0.12158618059406479,0.4990890920162201,-0.4494333267211914,-0.1468006813193341,0.21408018469810486,-0.2313881516456604,-0.04858556326875885,0.23921462893486023,-0.30783432722091675,-0.12685902353773315,0.19129952788352966,-0.19851970672607422,-0.1503930383587857,0.15521106123924255,-0.12419724464416504,-0.14799100097665985,0.13481923937797546,-0.25083619356155396,-0.05193924840936859,0.14734843373298645,-0.3153374195098877,-0.13674186107168396,0.11961808800697327,-0.1973293423652649,-0.12581324514398773,0.094715416431427,-0.12831741571426392,-0.09690570023307998,0.04578131437301636,-0.2546390891075134,-0.059527403977014615,0.06738242506980896,-0.3042179346084595,-0.13019858237753112,0.05580207705497742,-0.21042382717132568,-0.1205768727923413,0.0388006865978241,-0.15011298656463623,-0.09680842545280655
Z,0.0,0.0,0.0,0.11589369177818298,0.004702091217041016,-0.10723744699703275,0.21193191409111023,-0.0824628472328186,-0.14958018431411801,0.14630410075187683,-0.20203635096549988,-0.17371389636741696,0.05791443586349487,-0.27412107586860657,-0.19405712554203092,0.2593270242214203,-0.2394924759864807,-0.09087323764310895,0.36460450291633606,-0.3677535057067871,-0.16079971561180173,0.42394962906837463,-0.4547259956598282,-0.2096506989930731,0.4688010513782501,-0.5285231173038483,-0.241150904390679,0.161970317363739,-0.272219181060791,-0.06961284944759427,0.17496731877326965,-0.3494933247566223,-0.17367975780712186,0.13598212599754333,-0.22891834378242493,-0.20937081048236905,0.11502784490585327,-0.14122986793518066,-0.20721927652107297,0.07084913551807404,-0.2842375338077545,-0.05853422353015958,0.06868267059326172,-0.33952802419662476,-0.1711687482331854,0.052241742610931396,-0.20971137285232544,-0.16965946922050534,0.04413163661956787,-0.13322192430496216,-0.13620657095657407,-0.01778268814086914,-0.27336373925209045,-0.05371799314366399,-0.010115817189216614,-0.32712477445602417,-0.1400466150973898,-0.0140036940574646,-0.22517001628875732,-0.12917042145477353,-0.02504579722881317,-0.1549743413925171,-0.09648557374225675
Z,0.0,0.0,0.0,0.11479511857032776,0.0321040153503418,-0.056909153125118905,0.23535534739494324,-0.05439382791519165,-0.07332141872389286,0.23053976893424988,-0.18713527917861938,-0.0847518461559531,0.1601279079914093,-0.26403433084487915,-0.09581733669979542,0.2946472465991974,-0.19437623023986816,-0.038866529128384286,0.3916449248790741,-0.31141167879104614,-0.07851621683580845,0.4515303671360016,-0.38269639015197754,-0.10895294871075123,0.49833449721336365,-0.44993340969085693,-0.1352322938655135,0.21509131789207458,-0.23503345251083374,-0.03901098843557804,0.24193808436393738,-0.31177401542663574,-0.11486368056280583,0.1973240077495575,-0.2048092484474182,-0.14138046827061146,0.1612585484981537,-0.1307767629623413,-0.14119794394714802,0.13398674130439758,-0.25200408697128296,-0.04412685137135952,0.14778313040733337,-0.31987881660461426,-0.12877554621441334,0.12253060936927795,-0.20097476243972778,-0.12062786694509953,0.0964878499507904,-0.1292327642440796,-0.0931180211518523,0.04373767971992493,-0.2517479658126831,-0.053062731287312204,0.06525516510009766,-0.3055577278137207,-0.12525751616699665,0.05661711096763611,-0.21130818128585815,-0.11688094761116474,0.0391024649143219,-0.14808547496795654,-0.09335480805380314
Z,0.0,0.0,0.0,0.11408460140228271,0.03104323148727417,-0.05404906279200361,0.2327556610107422,-0.05957317352294922,-0.06894179365390585,0.22787708044052124,-0.19595295190811157,-0.07862128249162481,0.15954631567001343,-0.2711854577064514,-0.08781422606462286,0.29248368740081787,-0.19699901342391968,-0.04266930303329275,0.39404696226119995,-0.3165334463119507,-0.08428173444026754,0.4546639919281006,-0.38674408197402954,-0.11535465649122045,0.5017594695091248,-0.4543097913265228,-0.14189790121072576,0.21263474225997925,-0.23583829402923584,-0.04333481869453237,0.2410382628440857,-0.3193334937095642,-0.11948406628125952,0.19720971584320068,-0.20660072565078735,-0.1438400291537647,0.16387999057769775,-0.13247078657150269,-0.14270850947850988,0.13188642263412476,-0.2531789541244507,-0.048590234730184534,0.1459985375404358,-0.3275691866874695,-0.13148365846627996,0.12023738026618958,-0.2060520052909851,-0.11929815194362448,0.09599334001541138,-0.13587301969528198,-0.09006600013726995,0.04198536276817322,-0.2550562024116516,-0.0576104328667526,0.06393224000930786,-0.31312912702560425,-0.1263355158900623,0.052923768758773804,-0.2181059718132019,-0.1147165738677387,0.0354483425617218,-0.15750044584274292,-0.09009390256160543
Z,0.0,0.0,0.0,0.11266598105430603,0.030405402183532715,-0.05555552912198891,0.2371034324169159,-0.05585885047912598,-0.07007068318569054,0.23532208800315857,-0.19117027521133423,-0.07923959863626351,0.16869929432868958,-0.2694450616836548,-0.08758888316594948,0.29721274971961975,-0.19111573696136475,-0.039995118205183644,0.4003148376941681,-0.31260740756988525,-0.08036979210817208,0.4611990749835968,-0.3841332495212555,-0.11056182456457009,0.5092417299747467,-0.45207479596138,-0.1364886603995501,0.22079870104789734,-0.23384028673171997,-0.04034678933464875,0.24369946122169495,-0.316028356552124,-0.116065359835261,0.19562020897865295,-0.20812052488327026,-0.14094608945094933,0.16053900122642517,-0.1320103406906128,-0.13972651881420006,0.14189523458480835,-0.25420165061950684,-0.04568236244165291,0.15360727906227112,-0.32631540298461914,-0.12773768526756157,0.12405982613563538,-0.20950114727020264,-0.1183869011446177,0.09953156113624573,-0.1391952633857727,-0.09086833817207207,0.05286476016044617,-0.25701308250427246,-0.05502504033290734,0.06991618871688843,-0.3127128481864929,-0.12358339798890938,0.057398438453674316,-0.21958184242248535,-0.11404387575828423,0.04061269760131836,-0.15674078464508057,-0.09045462978326668
Z,0.0,0.0,0.0,0.11168456077575684,0.029107391834259033,-0.056336278925130046,0.23523205518722534,-0.06086057424545288,-0.06665659965057102,0.22496181726455688,-0.19775021076202393,-0.07062198490876881,0.15770328044891357,-0.27471286058425903,-0.07260360092897145,0.2939152717590332,-0.19809073209762573,-0.03840764881152836,0.39958906173706055,-0.3198825716972351,-0.07619987697381703,0.45953190326690674,-0.39282524585723877,-0.10366981000680653,0.5063444375991821,-0.46020808815956116,-0.12800653548021046,0.21473902463912964,-0.23663949966430664,-0.039022012511679804,0.23048162460327148,-0.3228970766067505,-0.11320644886274067,0.18007326126098633,-0.21523422002792358,-0.13715449244756428,0.1461622714996338,-0.13857316970825195,-0.1354391899802181,0.13412421941757202,-0.25549620389938354,-0.04525937409181324,0.13897857069969177,-0.3262324333190918,-0.1290617463089916,0.11248335242271423,-0.20656180381774902,-0.12429980457801548,0.09449836611747742,-0.13775861263275146,-0.09972757370252339,0.04537305235862732,-0.25711196660995483,-0.055437683025786555,0.0595073401927948,-0.30856138467788696,-0.12530058891553608,0.04767534136772156,-0.2128644585609436,-0.11858970941085545,0.032763004302978516,-0.15104544162750244,-0.09746982426423756
Z,0.0,0.0,0.0,0.12118244171142578,0.020728230476379395,-0.06962693322181224,0.2452768087387085,-0.06388700008392334,-0.09064502108573436,0.2326899766921997,-0.20317023992538452,-0.10474786001920222,0.1626812219619751,-0.2818915843963623,-0.11749655592917918,0.3082515001296997,-0.2060772180557251,-0.03658724788307666,0.41039830446243286,-0.32967573404312134,-0.07501901525735377,0.46743398904800415,-0.4040130376815796,-0.10413881975888728,0.5130473971366882,-0.46987682580947876,-0.128202868883605,0.22625887393951416,-0.2478170394897461,-0.029578475539679516,0.24912703037261963,-0.3378690481185913,-0.10819654751300334,0.20813077688217163,-0.23943006992340088,-0.1402388795065832,0.17439615726470947,-0.16141939163208008,-0.14132958490132808,0.14547115564346313,-0.2649703621864319,-0.02863617825984477,0.15027892589569092,-0.33458882570266724,-0.11873762894153117,0.12555289268493652,-0.2238336205482483,-0.11933427143573283,0.10345378518104553,-0.1511467695236206,-0.09440715450524806,0.0584796667098999,-0.26524561643600464,-0.031717689965958584,0.07492852210998535,-0.3228324055671692,-0.1077199711251211,0.059276074171066284,-0.2314434051513672,-0.10317386526345729,0.04038339853286743,-0.16378110647201538,-0.07982791054725169
Z,0.0,0.0,0.0,0.12687569856643677,0.008007824420928955,-0.07725392872815462,0.25521785020828247,-0.07493048906326294,-0.10623337174182268,0.23727959394454956,-0.21200990676879883,-0.1277859791589293,0.16460531949996948,-0.29380708932876587,-0.1479682906938109,0.314913809299469,-0.21135705709457397,-0.042321993358186205,0.42040419578552246,-0.3408740758895874,-0.08777093733077379,0.47713643312454224,-0.416051983833313,-0.12030764514928194,0.5275382399559021,-0.48306357860565186,-0.14477056110625597,0.23070025444030762,-0.25641560554504395,-0.031970022566369494,0.2567952275276184,-0.33788591623306274,-0.11915846759801241,0.2047460377216339,-0.24103236198425293,-0.15397626007323595,0.1712961196899414,-0.1605934500694275,-0.15409634853129717,0.14954912662506104,-0.27553117275238037,-0.028260071150711497,0.1573805809020996,-0.3408665657043457,-0.1232730358315024,0.1249711811542511,-0.23508262634277344,-0.12216176683431001,0.10252231359481812,-0.15875029563903809,-0.09339969450955721,0.06458848714828491,-0.27431541681289673,-0.028845938242724856,0.08095231652259827,-0.3336181640625,-0.10422354782348009,0.06407815217971802,-0.24805814027786255,-0.09642502511267992,0.04853641986846924,-0.17926627397537231,-0.06870877588515611
Z,0.0,0.0,0.0,0.11946344375610352,0.04352080821990967,-0.06810817765209265,0.23843252658843994,-0.04628098011016846,-0.08776047723505087,0.22438669204711914,-0.1893824338912964,-0.09908536719295569,0.1537647545337677,-0.2688644528388977,-0.1099689667126853,0.3008474111557007,-0.17875659465789795,-0.045993017872305586,0.40339189767837524,-0.3066626787185669,-0.09039731221410818,0.4637945890426636,-0.38636136054992676,-0.12355296211454458,0.5077030658721924,-0.4526844024658203,-0.1493470807573516,0.2177901268005371,-0.22165077924728394,-0.03744498537990637,0.23525243997573853,-0.30963993072509766,-0.1203158711096961,0.19018542766571045,-0.20499968528747559,-0.1502907116911132,0.15918517112731934,-0.12251299619674683,-0.14915731446954794,0.13656285405158997,-0.24234288930892944,-0.03465499626609869,0.14192205667495728,-0.314533531665802,-0.12807573275777884,0.11307498812675476,-0.19749951362609863,-0.12240432845565863,0.09292244911193848,-0.11995154619216919,-0.09312945502016134,0.049301087856292725,-0.24767690896987915,-0.035445439537497236,0.06412139534950256,-0.3029000163078308,-0.1149932433864791,0.04337954521179199,-0.206933856010437,-0.10792375253650732,0.026324063539505005,-0.1392359733581543,-0.08243156122181006
Z,0.0,0.0,0.0,0.12366551160812378,0.004011034965515137,-0.0820763848893904,0.24991625547409058,-0.0831594467163086,-0.11224406884839766,0.23564088344573975,-0.2203879952430725,-0.13358831332853072,0.16415870189666748,-0.30357110500335693,-0.1532091938131117,0.3150177597999573,-0.21880555152893066,-0.041766177135016846,0.4192889332771301,-0.34816503524780273,-0.08980090098312132,0.4773695468902588,-0.42525455355644226,-0.12512983308961623,0.5287117958068848,-0.49413758516311646,-0.1508826159112715,0.2311134934425354,-0.262295663356781,-0.0285720370881819,0.25480377674102783,-0.35190802812576294,-0.11573247538736098,0.20561867952346802,-0.25050342082977295,-0.1510225974195265,0.17733898758888245,-0.1697695255279541,-0.15107962416341536,0.15019512176513672,-0.28109073638916016,-0.022907923179175782,0.15857845544815063,-0.35345757007598877,-0.11961971895625823,0.12442713975906372,-0.24138915538787842,-0.11750893222024672,0.10489773750305176,-0.16425251960754395,-0.0873004563324713,0.06481039524078369,-0.27906495332717896,-0.022015200199987817,0.08187812566757202,-0.3398439288139343,-0.09905072973897688,0.06044843792915344,-0.2517417073249817,-0.090786471235063,0.04446971416473389,-0.18364107608795166,-0.062328464555051255
Z,0.0,0.0,0.0,0.12315534055233002,0.027744054794311523,-0.07529305347749471,0.2514347583055496,-0.05986064672470093,-0.09745491722175359,0.2365930825471878,-0.19797438383102417,-0.10952670553275823,0.15736337006092072,-0.27424025535583496,-0.12056777307340383,0.30716241896152496,-0.19905108213424683,-0.05285410636612653,0.41304124891757965,-0.3303235173225403,-0.09710213223048925,0.47359271347522736,-0.4095003604888916,-0.1289490280444312,0.5199924856424332,-0.4785160422325134,-0.15344622412273168,0.22536976635456085,-0.24227142333984375,-0.04202568584629773,0.24198822677135468,-0.3238305449485779,-0.12448707649060964,0.1938447803258896,-0.22127372026443481,-0.15434267798015355,0.16079382598400116,-0.14105600118637085,-0.15308099666187047,0.14368940889835358,-0.26218920946121216,-0.037441872596232884,0.14478854835033417,-0.3315025568008423,-0.12988570013591527,0.11542464792728424,-0.21431291103363037,-0.12627611735412358,0.09543843567371368,-0.13672548532485962,-0.09784467199393987,0.055832818150520325,-0.2619912028312683,-0.03713861161419629,0.06497766077518463,-0.31898605823516846,-0.11279702612706899,0.04751946032047272,-0.22694379091262817,-0.10446562299081563,0.03015555441379547,-0.15875691175460815,-0.07789613732644796
Z,0.0,0.0,0.0,0.12254662811756134,0.03004002571105957,-0.0662304834056755,0.24850879609584808,-0.05295819044113159,-0.08601103728302917,0.2355276495218277,-0.19180965423583984,-0.09768963610419235,0.1582212597131729,-0.2695651650428772,-0.10912086819895706,0.3035321980714798,-0.19133210182189941,-0.04818023001440963,0.409511461853981,-0.3219524025917053,-0.0900172442723175,0.4696406275033951,-0.4003482460975647,-0.12048047041186294,0.5161114484071732,-0.47098052501678467,-0.14524963503369293,0.2230374664068222,-0.2376919984817505,-0.04223962133416137,0.24060790240764618,-0.32010895013809204,-0.12130738054999313,0.19072772562503815,-0.21485304832458496,-0.14890739326962432,0.15668125450611115,-0.13592708110809326,-0.1476744115878006,0.14129306375980377,-0.2587534785270691,-0.041485749237622827,0.14486651122570038,-0.3314182758331299,-0.1303534657288452,0.11308647692203522,-0.21317189931869507,-0.12283053999432525,0.09034015238285065,-0.13698017597198486,-0.09361625468024215,0.05169512331485748,-0.25992971658706665,-0.044444918685044854,0.06251971423625946,-0.32040417194366455,-0.11830084776171645,0.04381473362445831,-0.227522075176239,-0.10771021252163848,0.025665894150733948,-0.16034537553787231,-0.08066353952177963
Z,0.0,0.0,0.0,0.10370460152626038,0.0568774938583374,-0.05644839958628722,0.2395433783531189,-0.039305031299591064,-0.06297494800170966,0.23263496160507202,-0.1920521855354309,-0.06114496247252532,0.15488818287849426,-0.27158403396606445,-0.05710376010617324,0.30126094818115234,-0.181216299533844,-0.035762227637377464,0.4036014676094055,-0.3075075149536133,-0.07615539015611716,0.4692395329475403,-0.38529807329177856,-0.11037881256422111,0.5180466771125793,-0.456104040145874,-0.14036592425188132,0.21667814254760742,-0.2258874773979187,-0.032832465631571495,0.23913580179214478,-0.3143400549888611,-0.11200051338752814,0.1880287528038025,-0.19876378774642944,-0.14039644183000632,0.15259122848510742,-0.12085592746734619,-0.14025878490289756,0.13551735877990723,-0.24744921922683716,-0.034825264973250114,0.14592325687408447,-0.3266555666923523,-0.12351528139194556,0.1116895079612732,-0.19868367910385132,-0.11597373665651389,0.08873000741004944,-0.1228717565536499,-0.08791494698604652,0.046637892723083496,-0.25598257780075073,-0.04020907686432906,0.05693739652633667,-0.307045042514801,-0.11819899411281654,0.035527825355529785,-0.20372611284255981,-0.11253846765836784,0.02201274037361145,-0.14111828804016113,-0.08976085813125678
Z,0.0,0.0,0.0,0.11222538352012634,0.04733043909072876,-0.05981773194247353,0.23926502466201782,-0.04600989818572998,-0.06785322036915886,0.2288353443145752,-0.19404643774032593,-0.06593031492405999,0.1550227403640747,-0.2722463011741638,-0.06274888720685112,0.2969489097595215,-0.18115538358688354,-0.03981253933483231,0.4010195732116699,-0.3075554370880127,-0.0806421568649398,0.4678640365600586,-0.38961315155029297,-0.11522929426604378,0.5183572769165039,-0.46066826581954956,-0.14407305475646126,0.21639910340309143,-0.22520029544830322,-0.03322144653969872,0.2403527796268463,-0.31701260805130005,-0.10748065319234001,0.18830463290214539,-0.20712709426879883,-0.13355907854014504,0.15318986773490906,-0.12286388874053955,-0.132118061746894,0.13508033752441406,-0.2480049729347229,-0.031774413402615664,0.14571097493171692,-0.32859471440315247,-0.11808718052083123,0.11001861095428467,-0.20684385299682617,-0.11123523172312844,0.08707171678543091,-0.12758171558380127,-0.08315341975861656,0.04534024000167847,-0.25429767370224,-0.03348643388920891,0.05674278736114502,-0.3139975666999817,-0.10978739764863121,0.03507143259048462,-0.21491962671279907,-0.10257733669453728,0.01772238314151764,-0.14719176292419434,-0.07817933019572365
Z,0.0,0.0,0.0,0.1222587525844574,0.039208948612213135,-0.0745941737432787,0.2501191794872284,-0.04772806167602539,-0.09319532306388112,0.23758277297019958,-0.19284707307815552,-0.09993844868138524,0.16350215673446655,-0.27493518590927124,-0.10532524825528355,0.3084354102611542,-0.1809089183807373,-0.05928301827505322,0.41573646664619446,-0.3118288516998291,-0.10552455128625127,0.4787059724330902,-0.3935028910636902,-0.13818437994912358,0.526601105928421,-0.46498680114746094,-0.16378269733384343,0.22535201907157898,-0.22789913415908813,-0.04906397701695653,0.24579909443855286,-0.3171486258506775,-0.12968921305134984,0.19786503911018372,-0.20595484972000122,-0.15475909055665227,0.166262686252594,-0.12304794788360596,-0.15133966149285527,0.14087256789207458,-0.2519040107727051,-0.04518482105329724,0.1456521451473236,-0.32846131920814514,-0.13935108126595708,0.1155632734298706,-0.2026991844177246,-0.13173192383244725,0.09549108147621155,-0.12349474430084229,-0.10132687927678319,0.04819825291633606,-0.2560313940048218,-0.0454438404877493,0.05936744809150696,-0.3165424168109894,-0.1269001031060526,0.042500272393226624,-0.21689969301223755,-0.11881233395531865,0.024218112230300903,-0.14749622344970703,-0.09238090754941197
Z,0.0,0.0,0.0,0.1265028715133667,0.0020293593406677246,-0.0836870975191304,0.2517307698726654,-0.07831758260726929,-0.11829902300188033,0.23751002550125122,-0.21798557043075562,-0.14462596991607635,0.1630239188671112,-0.3044058084487915,-0.1708094260985562,0.3202098608016968,-0.21305859088897705,-0.048834298490972206,0.4284436106681824,-0.34272465109825134,-0.09679857709953277,0.48988181352615356,-0.42224860191345215,-0.13208615103313415,0.5414133071899414,-0.49180442094802856,-0.15731474080631225,0.23036643862724304,-0.2565786838531494,-0.03569936075756042,0.2638901472091675,-0.3438211977481842,-0.1245057813222119,0.21039333939552307,-0.24359256029129028,-0.16072719612667052,0.17039263248443604,-0.16163146495819092,-0.16133896329948394,0.14362865686416626,-0.2756434679031372,-0.02935447798618762,0.1637555956840515,-0.3511241674423218,-0.1299504868085095,0.12685257196426392,-0.23560363054275513,-0.12755280056545226,0.09783810377120972,-0.15217119455337524,-0.09606513449499099,0.051556408405303955,-0.2744036316871643,-0.02707457238385169,0.08262783288955688,-0.34506896138191223,-0.10705610433170287,0.06114912033081055,-0.2548390030860901,-0.09664937922307937,0.03813675045967102,-0.17969906330108643,-0.06586233594963042
Z,0.0,0.0,0.0,0.12019307911396027,0.03929704427719116,-0.06874879232707798,0.24011938273906708,-0.04637402296066284,-0.0882046648031789,0.22566713392734528,-0.18784844875335693,-0.09873313984933674,0.15107177197933197,-0.2690718173980713,-0.10866369835201084,0.3071238249540329,-0.1785067915916443,-0.04706438413921177,0.4152623862028122,-0.30557069182395935,-0.09305300346675693,0.4800826758146286,-0.3884662985801697,-0.1266457044250089,0.5268750637769699,-0.45758575201034546,-0.15206397107902347,0.222492977976799,-0.22518670558929443,-0.03892517245474636,0.2478184849023819,-0.3047330975532532,-0.12131373367372333,0.19828830659389496,-0.1994549036026001,-0.15058856240573704,0.16352273523807526,-0.1199386715888977,-0.14899483851257145,0.13702107965946198,-0.24677973985671997,-0.036653829432161444,0.14691956341266632,-0.3160367012023926,-0.13284855119052708,0.11445634067058563,-0.194100022315979,-0.12746663919750034,0.0929892510175705,-0.11830633878707886,-0.09718647382322132,0.04341699182987213,-0.24966734647750854,-0.037526102430256,0.05870853364467621,-0.3079895079135895,-0.11728247038188755,0.04068879783153534,-0.2099265456199646,-0.10714839181962788,0.02483244240283966,-0.142353355884552,-0.07875756702485859
Z,0.0,0.0,0.0,0.11998561024665833,0.040169596672058105,-0.07811343248234337,0.24865427613258362,-0.045563459396362305,-0.09689632381544655,0.2397003173828125,-0.19105541706085205,-0.1029951306735093,0.16166159510612488,-0.27499470114707947,-0.10635371829615181,0.3125143349170685,-0.18017196655273438,-0.054630189642768556,0.4240958094596863,-0.31067758798599243,-0.10275505806551521,0.4918709397315979,-0.39241424202919006,-0.13898416931973046,0.542267918586731,-0.4642712473869324,-0.16608130510197228,0.22816723585128784,-0.22912657260894775,-0.04358963991747444,0.2560901939868927,-0.30824413895606995,-0.12589065308914726,0.20536929368972778,-0.19997936487197876,-0.15546200747833794,0.1689644753932953,-0.1228378415107727,-0.15373773451195305,0.14154782891273499,-0.2537075877189636,-0.03951397861586159,0.15595173835754395,-0.3233858346939087,-0.13572164948330467,0.12045639753341675,-0.19740653038024902,-0.13126644070492333,0.0966869592666626,-0.12322145700454712,-0.10097351248608177,0.047523677349090576,-0.25594669580459595,-0.03973062287316864,0.06796731054782867,-0.313941091299057,-0.11855455066309517,0.049526020884513855,-0.21433418989181519,-0.10732277806149071,0.027194619178771973,-0.14720368385314941,-0.07764306242809837
Z,0.0,0.0,0.0,0.11564198136329651,0.05441880226135254,-0.06781692515986038,0.2466406226158142,-0.03755223751068115,-0.07965811055080962,0.23566046357154846,-0.18923813104629517,-0.07951562564747405,0.15409210324287415,-0.26974397897720337,-0.07761554133074355,0.3100745975971222,-0.1706969141960144,-0.05061935346500945,0.42146292328834534,-0.2988048791885376,-0.0935739548124559,0.4902890622615814,-0.3822513222694397,-0.12900544416086746,0.5395919382572174,-0.45372456312179565,-0.15781518530027938,0.2245122194290161,-0.21841752529144287,-0.04152749564426017,0.2531431019306183,-0.3038159906864166,-0.11702169936077667,0.20455437898635864,-0.19138497114181519,-0.14450423132555557,0.16780051589012146,-0.10961347818374634,-0.14434264313356948,0.13865092396736145,-0.24213716387748718,-0.03767851080672813,0.15423116087913513,-0.31975317001342773,-0.12774143826143813,0.11976584792137146,-0.19143056869506836,-0.12114885907547546,0.09403431415557861,-0.1127275824546814,-0.09296656858103347,0.044257014989852905,-0.24812763929367065,-0.03721868332402778,0.06431639194488525,-0.30615732073783875,-0.11595291357414794,0.043033212423324585,-0.20254522562026978,-0.10648566942589355,0.020285949110984802,-0.13381117582321167,-0.08012341421024871
Z,0.0,0.0,0.0,0.1142728328704834,0.05783426761627197,-0.06715761601832071,0.2488727569580078,-0.029195070266723633,-0.08165292173531213,0.23874083161354065,-0.18252742290496826,-0.0850031647076861,0.16236752271652222,-0.2689669132232666,-0.08755487680342355,0.3196031153202057,-0.16451483964920044,-0.048150894342924744,0.43114882707595825,-0.2951519787311554,-0.09173904091026941,0.49941015243530273,-0.38050609827041626,-0.12518552422430673,0.5495949983596802,-0.44955119490623474,-0.15142456173803964,0.23335343599319458,-0.21781647205352783,-0.038358257262970596,0.2620241641998291,-0.301226943731308,-0.11866893350985208,0.20456138253211975,-0.19283664226531982,-0.14696513593104044,0.16454756259918213,-0.10986357927322388,-0.1447764235725657,0.1490146517753601,-0.24396401643753052,-0.03356135368254343,0.16073015332221985,-0.32034939527511597,-0.12910476803686777,0.12014305591583252,-0.19339686632156372,-0.12301758408453622,0.09447574615478516,-0.112476646900177,-0.09277122199442545,0.05732071399688721,-0.2520693838596344,-0.03137716010120073,0.06819844245910645,-0.30618610978126526,-0.11551121354010263,0.04065340757369995,-0.20038557052612305,-0.10781485319044748,0.02165713906288147,-0.1307089924812317,-0.08042311400082269
Z,0.0,0.0,0.0,0.12401923537254333,0.03796565532684326,-0.06230675984443579,0.2515774369239807,-0.053978681564331055,-0.06918846626104269,0.23375245928764343,-0.20353668928146362,-0.06596154529870901,0.15497437119483948,-0.2843749523162842,-0.059996513615264035,0.31310904026031494,-0.18002259731292725,-0.031317716429843045,0.4255136549472809,-0.3050704598426819,-0.07384077269853506,0.49681445956230164,-0.38968008756637573,-0.10889584381402884,0.5500511229038239,-0.4618162512779236,-0.13637232590736303,0.22660034894943237,-0.22750580310821533,-0.025740722159756757,0.2597467303276062,-0.32531410455703735,-0.1061256136399642,0.20879217982292175,-0.2168274223804474,-0.13855355788291845,0.1679188311100006,-0.12751847505569458,-0.13805948008121405,0.13963565230369568,-0.25156664848327637,-0.025885928387655355,0.15947690606117249,-0.3352520167827606,-0.12091353345931921,0.1215028464794159,-0.21058955788612366,-0.1200781892639533,0.0930841863155365,-0.12956953048706055,-0.09127919186176214,0.04471211135387421,-0.2552235722541809,-0.028910830582393743,0.06749337911605835,-0.31817346811294556,-0.10724353600562964,0.04435977339744568,-0.21926558017730713,-0.09884107668222342,0.019549772143363953,-0.1501975655555725,-0.07137096483529959
Z,0.0,0.0,0.0,0.13532179594039917,0.01620316505432129,-0.07996935043270526,0.26175564527511597,-0.06855982542037964,-0.1012906024211162,0.23765313625335693,-0.2124268114566803,-0.11070185545618472,0.16230136156082153,-0.29831477999687195,-0.11802402529652056,0.3283948004245758,-0.1925145983695984,-0.04436625558669505,0.44154295325279236,-0.3181651830673218,-0.09217218700582919,0.5095076262950897,-0.401638925075531,-0.12893102708990511,0.5616354644298553,-0.47199778258800507,-0.1553951019399875,0.23774251341819763,-0.24296066164970398,-0.031538561170648904,0.27309122681617737,-0.32578402757644653,-0.11446448806459841,0.21896818280220032,-0.22248423099517822,-0.14640029910738406,0.17748668789863586,-0.13807815313339233,-0.14550825599367556,0.14780154824256897,-0.2689494788646698,-0.026456335743617387,0.16927996277809143,-0.3452661633491516,-0.12440150622065005,0.1317329704761505,-0.22416412830352783,-0.12264521810944018,0.10198928415775299,-0.1431105136871338,-0.09265713039572177,0.05218726396560669,-0.26925230026245117,-0.02543932031626639,0.08031909167766571,-0.3384232223033905,-0.10508729908401904,0.05869963765144348,-0.2429552674293518,-0.0946324432247394,0.03038206696510315,-0.16827845573425293,-0.0645782018059009
Z,0.0,0.0,0.0,0.11409048736095428,0.008017539978027344,-0.11180970992322159,0.20826129615306854,-0.08097344636917114,-0.15429517801280213,0.14591585099697113,-0.20180073380470276,-0.17793391819472504,0.06034417450428009,-0.274046391248703,-0.19681270595069122,0.2600892335176468,-0.23964810371398926,-0.0868327262568016,0.36214156448841095,-0.3669598400592804,-0.1554834711122055,0.4200037866830826,-0.4535064697265625,-0.20318575377936554,0.4641670733690262,-0.5255043208599091,-0.23364974732871246,0.164886012673378,-0.2708965539932251,-0.0639724003839035,0.17713381350040436,-0.34566694498062134,-0.1698381024169464,0.1362534910440445,-0.23170891404151917,-0.2076864558028717,0.11481498181819916,-0.14746713638305664,-0.20508870656962586,0.07382825016975403,-0.28250566124916077,-0.05227672110672188,0.06707952916622162,-0.3289061188697815,-0.16916306491370392,0.04905126988887787,-0.20304614305496216,-0.17384566541190338,0.04185234010219574,-0.1296635866165161,-0.14206944580550385,-0.01488928496837616,-0.2722037732601166,-0.04701403330440712,-0.00925031304359436,-0.31965914368629456,-0.13678287144179535,-0.014251679182052612,-0.21818140149116516,-0.129967661457016,-0.024764761328697205,-0.14782845973968506,-0.09869235183472824
Z,0.0,0.0,0.0,0.12178906798362732,0.029753684997558594,-0.06405151888780125,0.24866130948066711,-0.0528683066368103,-0.07957211390189656,0.22639697790145874,-0.19641181826591492,-0.0861752058570815,0.15135952830314636,-0.27758553624153137,-0.09100758537702092,0.31576889753341675,-0.17512452602386475,-0.03891577452473172,0.43033793568611145,-0.29930567741394043,-0.08344485864095219,0.5011396110057831,-0.38418716192245483,-0.11767446503095158,0.5559609234333038,-0.45506279170513153,-0.14332570388965138,0.22745752334594727,-0.22706198692321777,-0.03340318307332524,0.25932443141937256,-0.31690657138824463,-0.11520480617932805,0.20536401867866516,-0.21445080637931824,-0.14639173701457509,0.16520538926124573,-0.12916350364685059,-0.14475870385818013,0.13862496614456177,-0.25336289405822754,-0.03295755267195233,0.1620006263256073,-0.3357401490211487,-0.12800881519965657,0.12315654754638672,-0.21533674001693726,-0.12521694853953846,0.0935644805431366,-0.1332789659500122,-0.09490532681397923,0.041741013526916504,-0.2582414746284485,-0.03528039783291348,0.06939755380153656,-0.32169434428215027,-0.11353183046035298,0.04664863646030426,-0.22442132234573364,-0.10299372181348332,0.02165791392326355,-0.15193450450897217,-0.07308981820992955
Z,0.0,0.0,0.0,0.13240569829940796,0.013044297695159912,-0.07666976878805798,0.25854215025901794,-0.06914234161376953,-0.09428845474882763,0.23037013411521912,-0.2092694342136383,-0.09889511147900265,0.1465679109096527,-0.2901120185852051,-0.10064187774820965,0.31537410616874695,-0.1888377070426941,-0.045146455414730724,0.43207499384880066,-0.31430119276046753,-0.09386383871002835,0.49980518221855164,-0.3972623944282532,-0.1323359621541087,0.5546868741512299,-0.4690622389316559,-0.15970897803469342,0.2287910282611847,-0.2382373809814453,-0.03338414559527081,0.2656513452529907,-0.32454121112823486,-0.11473744491501492,0.20926856994628906,-0.22032931447029114,-0.14777596423788708,0.17006713151931763,-0.13517212867736816,-0.14743308851881665,0.1414600908756256,-0.2656504213809967,-0.02861141169830006,0.16359832882881165,-0.34615230560302734,-0.12425667921467465,0.12363815307617188,-0.2225053608417511,-0.12356908003254574,0.09649007022380829,-0.14060938358306885,-0.09382901469631832,0.046295732259750366,-0.267820805311203,-0.02765725681944531,0.07292668521404266,-0.33441755175590515,-0.10415873060389202,0.053330764174461365,-0.2385738492012024,-0.09276316443844479,0.028563544154167175,-0.16468939185142517,-0.06175675372048062
Z,0.0,0.0,0.0,0.13203802704811096,0.0062369704246521,-0.08358133311002547,0.2574772238731384,-0.06759339570999146,-0.11166863615243727,0.2349162995815277,-0.20660334825515747,-0.1283776509258061,0.16586172580718994,-0.2957962155342102,-0.14267215604512984,0.3317597806453705,-0.1870177686214447,-0.04501740733712012,0.44570693373680115,-0.3123975396156311,-0.09761072421996886,0.5112828314304352,-0.3948316425085068,-0.13557479257314498,0.5636515915393829,-0.4629532992839813,-0.1610421585532933,0.24419352412223816,-0.23988476395606995,-0.030909751603296343,0.28011006116867065,-0.3283214569091797,-0.12179586763112837,0.21811822056770325,-0.22997814416885376,-0.15626848215787703,0.17981594800949097,-0.14485132694244385,-0.15379576856820876,0.1555224359035492,-0.26905936002731323,-0.025038984665563646,0.17520394921302795,-0.3441252112388611,-0.12959895009725386,0.1294974684715271,-0.22928208112716675,-0.1290330934020787,0.10226374864578247,-0.1487550139427185,-0.09627405280797774,0.06185542047023773,-0.27367258071899414,-0.022995258742859903,0.08378326892852783,-0.34190884232521057,-0.10501360619991118,0.0555887371301651,-0.25148940086364746,-0.09488469089000517,0.03063809871673584,-0.17962130904197693,-0.06267189706294829
Z,0.0,0.0,0.0,0.123637855052948,0.030770063400268555,-0.08451698192359913,0.25016459822654724,-0.05390453338623047,-0.10427547463180531,0.22756919264793396,-0.1985330879688263,-0.10893031426670063,0.1477755308151245,-0.28726351261138916,-0.10965259590150822,0.3162316679954529,-0.17558208107948303,-0.052050533080119976,0.4323920011520386,-0.30485832691192627,-0.10681695708038319,0.5013441443443298,-0.38806071877479553,-0.14718401649000157,0.5581840872764587,-0.4598764181137085,-0.1749542228222083,0.22978326678276062,-0.22792857885360718,-0.0365918672919463,0.2619176506996155,-0.31455084681510925,-0.12477315434219349,0.20047518610954285,-0.20759499073028564,-0.15757188417913426,0.16544437408447266,-0.1272636353969574,-0.15507520952226628,0.14377599954605103,-0.25840339064598083,-0.029432580181975254,0.15987175703048706,-0.3367411494255066,-0.1343052855968665,0.11397194862365723,-0.20895591378211975,-0.13247573592664708,0.09056484699249268,-0.13107120990753174,-0.09925093718769062,0.05111174285411835,-0.2649208903312683,-0.026234487378616222,0.06842406094074249,-0.33332425355911255,-0.1095797366738509,0.04319934546947479,-0.23441725969314575,-0.09828344204427708,0.02080617845058441,-0.16309937834739685,-0.06542892971040715
Z,0.0,0.0,0.0,0.11959213018417358,0.035887718200683594,-0.08778510321731403,0.23677322268486023,-0.05063211917877197,-0.10698063005561664,0.20999670028686523,-0.19277358055114746,-0.10996095915193393,0.1384301781654358,-0.28356418013572693,-0.10908917416686847,0.31361934542655945,-0.1778458058834076,-0.05523449261541202,0.42357319593429565,-0.2988050580024719,-0.1078667201554282,0.4930216670036316,-0.38355033099651337,-0.14788894434327915,0.5450605750083923,-0.4516482651233673,-0.1755573608433707,0.22373783588409424,-0.2257421910762787,-0.039350186333606985,0.2583545744419098,-0.304633766412735,-0.12476154495830372,0.1989108920097351,-0.19951927661895752,-0.15793018122072056,0.15777051448822021,-0.11714935302734375,-0.15622094352598026,0.13116174936294556,-0.2530263662338257,-0.0324524499928458,0.15340465307235718,-0.3259176015853882,-0.13752891202325657,0.1120775043964386,-0.201765775680542,-0.1417509176289542,0.0851614773273468,-0.12601366639137268,-0.11282030572051838,0.03087875247001648,-0.25625157356262207,-0.029527709678362157,0.0613095760345459,-0.3246802091598511,-0.11344286878461673,0.04112505912780762,-0.2281862199306488,-0.10425606449003055,0.014667421579360962,-0.15843132138252258,-0.07377807129974201
Z,0.0,0.0,0.0,0.124228835105896,0.024749755859375,-0.09141162667842195,0.2474367618560791,-0.06134307384490967,-0.11503053341479585,0.22166603803634644,-0.20187610387802124,-0.12382233027787493,0.1413411796092987,-0.2879564166069031,-0.12910250459285066,0.3149407207965851,-0.18258801102638245,-0.05119559798808382,0.4281683564186096,-0.31056079268455505,-0.10515208427281664,0.49764400720596313,-0.39835992455482483,-0.14616792533965395,0.5520963072776794,-0.4686287045478821,-0.1738464895305185,0.22696125507354736,-0.23228353261947632,-0.033900375258639315,0.2621563673019409,-0.31470710039138794,-0.1278223458346872,0.20313012599945068,-0.21439021825790405,-0.16555464897723482,0.16246441006660461,-0.12952262163162231,-0.16329117749305055,0.13773232698440552,-0.26140666007995605,-0.025620954823210695,0.15377792716026306,-0.33468496799468994,-0.1360505286273508,0.11254251003265381,-0.21509823203086853,-0.14210454259486482,0.0860375463962555,-0.1330021321773529,-0.11105630431742952,0.04396440088748932,-0.2676810324192047,-0.021613447707608202,0.0675184577703476,-0.3357875347137451,-0.10866355780930803,0.042666733264923096,-0.24169030785560608,-0.10078466568560884,0.015009820461273193,-0.16625884175300598,-0.06867173199029253
Z,0.0,0.0,0.0,0.12144806981086731,0.023798584938049316,-0.0933113888759749,0.2404676079750061,-0.05825603008270264,-0.11935756811095644,0.2123991847038269,-0.2001008689403534,-0.12976136514140535,0.14053940773010254,-0.29023832082748413,-0.13557226666404176,0.31217536330223083,-0.18185240030288696,-0.056728330339922195,0.4234999716281891,-0.30569449067115784,-0.11184540846539903,0.4949096143245697,-0.39095911383628845,-0.15272773512793947,0.5494100153446198,-0.46047185361385345,-0.18057584473086763,0.2207733392715454,-0.23092180490493774,-0.03992955842210222,0.26129090785980225,-0.31700125336647034,-0.12896813162757326,0.20348212122917175,-0.20931988954544067,-0.16203653522921968,0.16189885139465332,-0.1261749267578125,-0.1587098211903708,0.12801876664161682,-0.2591709792613983,-0.03266263836218286,0.15607216954231262,-0.33783484995365143,-0.1399178028960364,0.11482039093971252,-0.21199268102645874,-0.14111372538997102,0.08673165738582611,-0.1358451545238495,-0.10880116828872133,0.02804619073867798,-0.2645292282104492,-0.03020919942451883,0.06511344015598297,-0.334829717874527,-0.11371179380608964,0.04131898283958435,-0.23765993118286133,-0.10180294969273973,0.010700464248657227,-0.16938325762748718,-0.0689886257906096
Z,0.0,0.0,0.0,0.12585073709487915,0.021843135356903076,-0.09012686999871278,0.24420827627182007,-0.06087851524353027,-0.11039788069560075,0.2178068459033966,-0.19576343894004822,-0.11519463153912568,0.14714950323104858,-0.28287458419799805,-0.11557505818440461,0.31715551018714905,-0.1846848726272583,-0.04964238571359658,0.4308750629425049,-0.30817440152168274,-0.10268298330142045,0.49820536375045776,-0.3932284861803055,-0.14304778518511796,0.5487433075904846,-0.4629250168800354,-0.17012419345213914,0.2295675277709961,-0.23257309198379517,-0.03222276809050584,0.25754356384277344,-0.3156595230102539,-0.11916529180838609,0.19605803489685059,-0.2124081254005432,-0.15235828401877427,0.15715110301971436,-0.12629997730255127,-0.14956529977156663,0.13944876194000244,-0.26287078857421875,-0.024653972856540918,0.15845876932144165,-0.34110789000988007,-0.12807798924281144,0.11342820525169373,-0.2174605131149292,-0.12993909957243943,0.08686020970344543,-0.13614550232887268,-0.09892952235772157,0.04354327917098999,-0.26868265867233276,-0.022052207760353326,0.06699171662330627,-0.3371187746524811,-0.10576600375010514,0.042301058769226074,-0.24057599902153015,-0.09701393338276887,0.015521064400672913,-0.16664010286331177,-0.06560839506222749
Z,0.0,0.0,0.0,0.12405619025230408,0.020950138568878174,-0.0858325496069483,0.2452242374420166,-0.061736464500427246,-0.1066993236295275,0.21822011470794678,-0.19934767484664917,-0.11276846972623389,0.1400953233242035,-0.2833627164363861,-0.11519106326022666,0.31458789110183716,-0.18164300918579102,-0.0500640295199446,0.4280754625797272,-0.3084786534309387,-0.1023178755990557,0.4965774714946747,-0.3960021585226059,-0.14301542041221182,0.5498715937137604,-0.4673445224761963,-0.1706794410697512,0.2267332673072815,-0.22959861159324646,-0.03397411329069655,0.2620534300804138,-0.31747594475746155,-0.12155980465331595,0.20511135458946228,-0.2164984941482544,-0.15749467012801688,0.16509830951690674,-0.13331341743469238,-0.1562750994912676,0.13865643739700317,-0.2578717768192291,-0.026053728883653093,0.1576329469680786,-0.3371642827987671,-0.13087271747508566,0.11671525239944458,-0.21588382124900818,-0.1356176048270754,0.08901719748973846,-0.13520190119743347,-0.10578873602071326,0.045437783002853394,-0.2635020315647125,-0.021925587554960657,0.06908896565437317,-0.33664411306381226,-0.10464622673907797,0.04508626461029053,-0.24223440885543823,-0.09497938898721259,0.016968756914138794,-0.16864356398582458,-0.06307137606063407
Z,0.0,0.0,0.0,0.12760597467422485,0.013758838176727295,-0.09445068538147439,0.2501257061958313,-0.07035642862319946,-0.12364785671192635,0.21998614072799683,-0.21631598472595215,-0.13726254850584496,0.1449446976184845,-0.30543309450149536,-0.1462154641743325,0.32891541719436646,-0.19063875079154968,-0.054790917038502585,0.4406643509864807,-0.3162693977355957,-0.10864758044439782,0.5050693154335022,-0.3980475217103958,-0.14856887906748284,0.5561855435371399,-0.4682554602622986,-0.1765073046084069,0.23759683966636658,-0.24120298027992249,-0.03646024987060059,0.26567554473876953,-0.32960233092308044,-0.12509844750124444,0.21381103992462158,-0.22309383749961853,-0.15864708572584618,0.18320143222808838,-0.14139771461486816,-0.15730566829401482,0.14594727754592896,-0.2698310613632202,-0.027547612040820013,0.16243425011634827,-0.35065117478370667,-0.13317814022261132,0.12399572134017944,-0.223099946975708,-0.13117050677496422,0.09953276813030243,-0.14352038502693176,-0.09807097464758385,0.04921448230743408,-0.27369946241378784,-0.02377567179459561,0.07189399003982544,-0.34339243173599243,-0.11081348657566537,0.049833014607429504,-0.24415963888168335,-0.10151006579357613,0.02375410497188568,-0.17202162742614746,-0.0696599662299775
Z,0.0,0.0,0.0,0.12087062001228333,0.0335879921913147,-0.08940770220701211,0.2434682846069336,-0.05218970775604248,-0.11105562490169518,0.22001037001609802,-0.1900218427181244,-0.11728825908843987,0.14456015825271606,-0.2767936885356903,-0.11948653054182046,0.31596529483795166,-0.1772255301475525,-0.05462196585480683,0.4320543110370636,-0.30311381816864014,-0.10876024258081429,0.5007943212985992,-0.386650949716568,-0.14893504720870965,0.5541510879993439,-0.454821839928627,-0.1762496356362533,0.22953367233276367,-0.22529298067092896,-0.037766442864580085,0.2614969313144684,-0.3083164095878601,-0.127829131900711,0.20124563574790955,-0.2060617208480835,-0.16150603932086938,0.16266417503356934,-0.12418454885482788,-0.15870567899887078,0.1406039595603943,-0.2552140951156616,-0.030033986314577987,0.15952971577644348,-0.3322410583496094,-0.1360424582356643,0.11566117405891418,-0.20926779508590698,-0.13728311401550286,0.08986970782279968,-0.1306922733783722,-0.10563426208440774,0.045421287417411804,-0.26293516159057617,-0.02689471398238652,0.06788276135921478,-0.32737717032432556,-0.11335485917274468,0.04199570417404175,-0.22939202189445496,-0.10505803418104165,0.015455514192581177,-0.15820398926734924,-0.07373239588682168
Z,0.0,0.0,0.0,0.12279289960861206,0.019475936889648438,-0.07902959692202671,0.24471506476402283,-0.05981355905532837,-0.09974158513270481,0.22689053416252136,-0.19540956616401672,-0.10775543707333668,0.15791970491409302,-0.28293925523757935,-0.11166853415690525,0.31832355260849,-0.18285736441612244,-0.04871826576911076,0.43367618322372437,-0.3057861030101776,-0.10454007196150883,0.5042430758476257,-0.39018653333187103,-0.1471717725964652,0.5588380694389343,-0.46023258566856384,-0.1758502643080817,0.22980505228042603,-0.23305782675743103,-0.036677728918419916,0.26351216435432434,-0.32230037450790405,-0.1263921778174506,0.204155832529068,-0.2164548933506012,-0.16079766261302098,0.16453462839126587,-0.12924593687057495,-0.15895672845564945,0.14120721817016602,-0.2633380889892578,-0.03256700890980824,0.16385817527770996,-0.3455083966255188,-0.13604412185870274,0.1190611720085144,-0.22138872742652893,-0.13663623439990147,0.09191781282424927,-0.13769924640655518,-0.10503227966748341,0.047534018754959106,-0.2706010639667511,-0.032401911494361,0.07283587753772736,-0.33931949734687805,-0.11165738808833225,0.04593022167682648,-0.24488362669944763,-0.10038526314221485,0.019922614097595215,-0.1734030842781067,-0.06846895771943196
Z,0.0,0.0,0.0,0.12268346548080444,0.01971912384033203,-0.08147812928621079,0.24263396859169006,-0.0630342960357666,-0.09963128264610077,0.2166515290737152,-0.20133790373802185,-0.10434357370797898,0.14198464155197144,-0.2858990430831909,-0.10520015205804611,0.31186699867248535,-0.1823314130306244,-0.04318274851505066,0.4278329014778137,-0.3054456114768982,-0.0936253100222757,0.49735093116760254,-0.38797686994075775,-0.13254390205804611,0.5515493750572205,-0.45636512339115143,-0.15946147884790207,0.2240629494190216,-0.22954481840133667,-0.02929536174599434,0.2590918242931366,-0.31516142189502716,-0.11450110669795777,0.20244544744491577,-0.21227341890335083,-0.1487390502876451,0.16202959418296814,-0.12925875186920166,-0.14746619309846665,0.13472649455070496,-0.2573791742324829,-0.02375824484590794,0.1572819948196411,-0.33725640177726746,-0.12590604569379593,0.11649000644683838,-0.21390706300735474,-0.12823651279870774,0.08781427145004272,-0.13443472981452942,-0.09790037866298462,0.038061678409576416,-0.26270565390586853,-0.02219731468323971,0.0662878006696701,-0.3328864425420761,-0.10311985309783722,0.04314330220222473,-0.23693791031837463,-0.09312333460513855,0.014869630336761475,-0.16532114148139954,-0.06184088732663895
Z,0.0,0.0,0.0,0.12219470739364624,0.03167903423309326,-0.08363480175681559,0.24520745873451233,-0.05723673105239868,-0.10474264676518885,0.22311678528785706,-0.2003708779811859,-0.11217228378005473,0.14826712012290955,-0.28638583421707153,-0.11648892666049449,0.3165355920791626,-0.17619386315345764,-0.05307501609273402,0.4302619695663452,-0.3043252229690552,-0.10467960740275828,0.5014516711235046,-0.3907501846551895,-0.14435100610204188,0.5537813305854797,-0.46151816844940186,-0.17259562070317713,0.22977560758590698,-0.22444292902946472,-0.038997993421034494,0.265756756067276,-0.3153054118156433,-0.12702260966248957,0.20872247219085693,-0.21531227231025696,-0.16066101248212306,0.1655304729938507,-0.1320718228816986,-0.15946112627931086,0.14097163081169128,-0.2538672089576721,-0.03282861093826739,0.16339993476867676,-0.3406754732131958,-0.13702805395074336,0.12236261367797852,-0.2178749144077301,-0.13768790717072932,0.09237697720527649,-0.13421595096588135,-0.10724707002587763,0.045429617166519165,-0.26221293210983276,-0.030795209657625833,0.06949120759963989,-0.33375632762908936,-0.11716792042203394,0.045042961835861206,-0.23649737238883972,-0.10970700586982218,0.01755848526954651,-0.16258424520492554,-0.08043399507947413
Z,0.0,0.0,0.0,0.13048800826072693,0.003671884536743164,-0.07856422819651276,0.2512420415878296,-0.07452720403671265,-0.0981632114247194,0.2266204059123993,-0.2073482871055603,-0.10522448428429276,0.1549021303653717,-0.2922818064689636,-0.10847710974968583,0.3221600353717804,-0.19252541661262512,-0.04346841358102471,0.43980643153190613,-0.31676173210144043,-0.09369194664515168,0.5065576136112213,-0.3985549658536911,-0.13311207451380402,0.5581249296665192,-0.4680425822734833,-0.16045339562452943,0.23458975553512573,-0.23992305994033813,-0.03165002696670205,0.271091490983963,-0.3268938362598419,-0.11306385852850587,0.210854172706604,-0.22796845436096191,-0.14521682419336945,0.16944950819015503,-0.1474590301513672,-0.14495422102965028,0.1453016698360443,-0.2686530649662018,-0.028073470746051377,0.168287992477417,-0.35445255041122437,-0.12314738490141541,0.12583306431770325,-0.23274371027946472,-0.12195453204668671,0.09757517278194427,-0.1521681249141693,-0.09285723574913651,0.04974007606506348,-0.2705570459365845,-0.028956757564913338,0.07349871098995209,-0.3425789773464203,-0.10510137834108979,0.0507061630487442,-0.24764284491539001,-0.09343441732681901,0.023574799299240112,-0.1739540696144104,-0.06277897365845353
Z,0.0,0.0,0.0,0.1294407844543457,0.012726783752441406,-0.09121712342390254,0.2506188452243805,-0.07095611095428467,-0.11767010435947611,0.2329496145248413,-0.2119854986667633,-0.13043484136947825,0.16518506407737732,-0.3040412962436676,-0.13989535019287302,0.3301864564418793,-0.18973878026008606,-0.05078494593986704,0.4443570375442505,-0.3168453723192215,-0.10189991489538386,0.5115827918052673,-0.4001428782939911,-0.14085415050872996,0.5633916854858398,-0.4691581130027771,-0.1677165482986851,0.24088692665100098,-0.23858308792114258,-0.03315687969812586,0.2764541208744049,-0.3291667699813843,-0.11857005998977854,0.2213248312473297,-0.2354167103767395,-0.152043343042223,0.18161582946777344,-0.15367472171783447,-0.15120980188736155,0.14943015575408936,-0.2669965922832489,-0.024828630020110154,0.17424142360687256,-0.35298141837120056,-0.12605147108921244,0.1326655149459839,-0.23611462116241455,-0.1261148010242863,0.10229487717151642,-0.1534193456172943,-0.0956228976000233,0.05237878859043121,-0.26995575428009033,-0.02168610178419783,0.08289036154747009,-0.3472285121679306,-0.10405964449533656,0.059272512793540955,-0.2561362087726593,-0.094959483002512,0.030031442642211914,-0.18050101399421692,-0.06465308413395121
Z,0.0,0.0,0.0,0.12355577945709229,0.015451252460479736,-0.07648039778670324,0.2494916021823883,-0.06475323438644409,-0.0967611091395284,0.23550432920455933,-0.20355075597763062,-0.10577307065924657,0.16852959990501404,-0.2942277193069458,-0.11121663620671285,0.33067652583122253,-0.187330424785614,-0.041233351286258824,0.44291913509368896,-0.30871015787124634,-0.09216928651532186,0.5125231146812439,-0.3914587199687958,-0.1322765441795255,0.5648621916770935,-0.4605840593576431,-0.160532170738783,0.23910799622535706,-0.23802411556243896,-0.03177220916351331,0.27468180656433105,-0.3260723352432251,-0.1201741339822675,0.21325859427452087,-0.2216036021709442,-0.15550347587069524,0.1676349639892578,-0.1377083957195282,-0.15457541665038121,0.1470218002796173,-0.26700687408447266,-0.029815539549794323,0.16903093457221985,-0.3494676649570465,-0.13254109939536107,0.12547796964645386,-0.22462230920791626,-0.13355230709513677,0.09453755617141724,-0.14304238557815552,-0.10308129509886754,0.04825408756732941,-0.2729499042034149,-0.03164703940948499,0.07470771670341492,-0.3423902094364166,-0.11394011398753179,0.04873742163181305,-0.2434285581111908,-0.10361002555092824,0.02105313539505005,-0.1715030074119568,-0.0721387656589414
Z,0.0,0.0,0.0,0.1159810870885849,0.04271429777145386,-0.07122720332084498,0.24393495917320251,-0.046556055545806885,-0.08326162697015604,0.23387029767036438,-0.19635885953903198,-0.08275974095998606,0.16066202521324158,-0.28312793374061584,-0.07750425786910853,0.32161644101142883,-0.1726880967617035,-0.043326466541870445,0.43221619725227356,-0.2951968014240265,-0.09262832553325495,0.5040329396724701,-0.3777451664209366,-0.13232227714000544,0.556045264005661,-0.44746026396751404,-0.16290649325786433,0.23243889212608337,-0.22108593583106995,-0.03648317159353098,0.2660146653652191,-0.3102700412273407,-0.11873149425922236,0.2029636800289154,-0.19943231344223022,-0.1484775498622497,0.15852782130241394,-0.12124601006507874,-0.14747157247005305,0.14335867762565613,-0.25091952085494995,-0.03750610650716624,0.16338568925857544,-0.3337802290916443,-0.13654756100116572,0.12032639980316162,-0.203980952501297,-0.13577988297878107,0.0921371728181839,-0.1291845142841339,-0.10814310164390406,0.04317764937877655,-0.2628306746482849,-0.04246349186836085,0.06576865911483765,-0.3259105086326599,-0.12623697073398432,0.04132172465324402,-0.22263884544372559,-0.12002337278066477,0.017263323068618774,-0.15745040774345398,-0.09472607375322184
Z,0.0,0.0,0.0,0.12035322189331055,0.031967341899871826,-0.06482081393172479,0.24721413850784302,-0.05684056878089905,-0.0747479675190661,0.23293939232826233,-0.20562636852264404,-0.07313749472071862,0.16391518712043762,-0.29307304322719574,-0.06678688059022164,0.3178146183490753,-0.18666496872901917,-0.04266614744832253,0.42940545082092285,-0.3075173944234848,-0.08937220553328729,0.4982171058654785,-0.3882337212562561,-0.12788497934510445,0.5490037798881531,-0.4589758515357971,-0.15881254801919198,0.22872447967529297,-0.23122638463974,-0.0401814682262156,0.26159656047821045,-0.31954802572727203,-0.118151451446316,0.2003779411315918,-0.20760425925254822,-0.14696286151578164,0.15659254789352417,-0.12942954897880554,-0.14831716845204568,0.1384110450744629,-0.26018279790878296,-0.045013650305769204,0.15706610679626465,-0.3421717882156372,-0.13707702884843087,0.11853969097137451,-0.21115586161613464,-0.13580190668275094,0.09174838662147522,-0.1373462975025177,-0.11121992299725747,0.03649026155471802,-0.2702138125896454,-0.05392970422675347,0.0650109052658081,-0.3340896666049957,-0.1319546056764338,0.04396679997444153,-0.23115283250808716,-0.12501434514691567,0.01756080985069275,-0.16730204224586487,-0.10187752077748513
Z,0.0,0.0,0.0,0.12638136744499207,0.028329908847808838,-0.07937066270459292,0.2500842213630676,-0.05695351958274841,-0.09572597606528399,0.23294872045516968,-0.19478237628936768,-0.09903720779765246,0.16100409626960754,-0.2805892080068588,-0.09831578297961352,0.3242594599723816,-0.18189096450805664,-0.047640673950797296,0.4368261694908142,-0.3023700565099716,-0.09700940562832949,0.5063632726669312,-0.3832181245088577,-0.13470350964415667,0.559050440788269,-0.4518730044364929,-0.16199385388243792,0.23649466037750244,-0.23077619075775146,-0.03746312125075457,0.2684014141559601,-0.31780144572257996,-0.12080762548792956,0.2073448896408081,-0.2162669599056244,-0.15216153128493426,0.16404274106025696,-0.13400286436080933,-0.1505212561641991,0.1453648805618286,-0.25997039675712585,-0.0357775689517319,0.16465747356414795,-0.3418072462081909,-0.13482547564852831,0.12312182784080505,-0.2179349660873413,-0.13792661590922473,0.0968397706747055,-0.13965311646461487,-0.11090465648520587,0.04620462656021118,-0.2645520567893982,-0.03855873657811282,0.0704362541437149,-0.3307977616786957,-0.11846973760474322,0.05154760181903839,-0.23386770486831665,-0.11173501624215243,0.028561264276504517,-0.16471454501152039,-0.08519361926663516
Z,0.0,0.0,0.0,0.12141469120979309,0.031403541564941406,-0.0764589504463764,0.25129958987236023,-0.05778241157531738,-0.09123260240388831,0.24345016479492188,-0.20598232746124268,-0.09281150709224661,0.165397047996521,-0.2924053519964218,-0.09007498334480246,0.3265371024608612,-0.1876142919063568,-0.046043389396199785,0.43605101108551025,-0.31019824743270874,-0.09440710108114203,0.5045767426490784,-0.39416471123695374,-0.1341252894265743,0.5565782785415649,-0.4644760489463806,-0.16409992884231528,0.23894283175468445,-0.23512452840805054,-0.03671657751632651,0.27109140157699585,-0.3201815187931061,-0.1195594714148136,0.2052939236164093,-0.21505117416381836,-0.15129551004005393,0.15491098165512085,-0.13477319478988647,-0.1510691017968746,0.14975619316101074,-0.2669200599193573,-0.03549800898266753,0.1660955846309662,-0.345440611243248,-0.1341296703679653,0.11934709548950195,-0.21960261464118958,-0.1371361137492748,0.08496028184890747,-0.1412467360496521,-0.11117423038316687,0.049426764249801636,-0.28009651601314545,-0.03859995390606841,0.07126274704933167,-0.3467622995376587,-0.1196280093057247,0.047154173254966736,-0.24626094102859497,-0.11376630227399787,0.0189516544342041,-0.17611786723136902,-0.08860827694965323
Z,0.0,0.0,0.0,0.12166276574134827,0.02886497974395752,-0.07077907929376082,0.24886682629585266,-0.059906959533691406,-0.08057490149692015,0.23485606908798218,-0.20699277520179749,-0.07718280116275267,0.1637709140777588,-0.2972869575023651,-0.06817114511683897,0.32244226336479187,-0.18312203884124756,-0.039186315333399335,0.43409764766693115,-0.3030935972929001,-0.08770210454419569,0.5030673742294312,-0.38627196848392487,-0.12716970751241163,0.5546543002128601,-0.4595821797847748,-0.15758285829976515,0.2359667420387268,-0.22979426383972168,-0.03293727496818022,0.26777371764183044,-0.32107239961624146,-0.11227592239335493,0.20486211776733398,-0.21141669154167175,-0.14241249272778944,0.16294384002685547,-0.13226011395454407,-0.14280403563931898,0.14581120014190674,-0.26121145486831665,-0.03527971143082098,0.16769957542419434,-0.34954190254211426,-0.13219008753255324,0.12230807542800903,-0.21827170252799988,-0.1334694863314958,0.09508910775184631,-0.14269250631332397,-0.10750664184049086,0.04330000281333923,-0.2718440592288971,-0.04182255426600889,0.0711594969034195,-0.3377280980348587,-0.1230213285441728,0.04864281415939331,-0.23483580350875854,-0.11790676573470549,0.024241894483566284,-0.16976913809776306,-0.09409178951934294
Z,0.0,0.0,0.0,0.1288839876651764,0.021931946277618408,-0.07667696612179498,0.25691133737564087,-0.06518268585205078,-0.08930598335564355,0.24067506194114685,-0.20872265100479126,-0.08756771819889764,0.16359269618988037,-0.29522114992141724,-0.07995446907580117,0.3249182105064392,-0.1882132589817047,-0.04640751840770463,0.4352304935455322,-0.3097887337207794,-0.09481014447510461,0.5027158260345459,-0.39304541051387787,-0.13437491791546563,0.5547610521316528,-0.46584922075271606,-0.16471715407669762,0.23734083771705627,-0.23533225059509277,-0.03738201173246125,0.2670420706272125,-0.3224523663520813,-0.11738037454188088,0.20344135165214539,-0.21554923057556152,-0.148189799359443,0.158086359500885,-0.1356450319290161,-0.14897368984520654,0.14715319871902466,-0.26803508400917053,-0.037178066989781655,0.16434043645858765,-0.3525809347629547,-0.1327583058387063,0.12124821543693542,-0.22382953763008118,-0.13715770976841668,0.09266629815101624,-0.14582395553588867,-0.11362783001959542,0.047166526317596436,-0.2787996232509613,-0.041761999449136056,0.07287256419658661,-0.34355632960796356,-0.12084296481907586,0.05256086587905884,-0.24296468496322632,-0.11733221398890237,0.027050912380218506,-0.17496180534362793,-0.09520019727051476
Z,0.0,0.0,0.0,0.11278660595417023,0.036688923835754395,-0.06616702196153312,0.249148428440094,-0.0524287223815918,-0.0748207521155706,0.24674645066261292,-0.20002678036689758,-0.07103110370191246,0.17194586992263794,-0.2861359566450119,-0.06319492575677543,0.329997718334198,-0.1820496916770935,-0.04306937274488121,0.4407379627227783,-0.3025115430355072,-0.0901916873172155,0.5105133056640625,-0.3857131153345108,-0.12954981890472084,0.5624125003814697,-0.4561995416879654,-0.1602966215923658,0.24086660146713257,-0.2288106083869934,-0.03680387032183319,0.27390602231025696,-0.32365068793296814,-0.116444798977696,0.2062811553478241,-0.21561995148658752,-0.1470374342516294,0.16022330522537231,-0.1345251202583313,-0.1475523885801664,0.15231391787528992,-0.2599193751811981,-0.03716862094553619,0.1695411205291748,-0.350064218044281,-0.13317454126628547,0.12180906534194946,-0.22033175826072693,-0.13359210160525947,0.09248292446136475,-0.13911059498786926,-0.10765493926557212,0.0535157173871994,-0.2742840647697449,-0.04089386654051452,0.07223285734653473,-0.3408426493406296,-0.12328396257909446,0.04472088813781738,-0.23717525601387024,-0.11829213318380027,0.022022098302841187,-0.16728729009628296,-0.09412572798284202
Z,0.0,0.0,0.0,0.11685177683830261,0.025118887424468994,-0.0827595359373845,0.23497343063354492,-0.05771327018737793,-0.10729624244459046,0.2181568145751953,-0.1953529715538025,-0.11957108887918366,0.15671518445014954,-0.2894969880580902,-0.12883904489763154,0.3138676881790161,-0.17681363224983215,-0.05222643080242051,0.42388615012168884,-0.2972346991300583,-0.10817635717876328,0.49674364924430847,-0.38329319655895233,-0.15070336970575227,0.5519274175167084,-0.4531330317258835,-0.18002951058633698,0.224996417760849,-0.22868531942367554,-0.040239087371901405,0.2599596679210663,-0.31195536255836487,-0.13102957519777192,0.20468926429748535,-0.20984125137329102,-0.16466614517457856,0.16394561529159546,-0.1242997944355011,-0.16257554206140412,0.13226652145385742,-0.2577117383480072,-0.03653745639212502,0.15792226791381836,-0.3376708924770355,-0.1414884618211545,0.11803647875785828,-0.21601969003677368,-0.14035028132684602,0.088826984167099,-0.13397902250289917,-0.10826612177379502,0.03251945972442627,-0.2637844681739807,-0.03717832925804032,0.0650516152381897,-0.3298686742782593,-0.12161113235242738,0.04245288670063019,-0.2346440851688385,-0.11147204700000657,0.016131490468978882,-0.16356897354125977,-0.08018484625108613
Z,0.0,0.0,0.0,0.1182141900062561,0.021633923053741455,-0.08246451177350878,0.2395378053188324,-0.06217527389526367,-0.10660984673253893,0.22640568017959595,-0.19888421893119812,-0.11929352142564653,0.16111433506011963,-0.28997692465782166,-0.12917055495731233,0.3166130781173706,-0.18659687042236328,-0.04675287686936258,0.4293060898780823,-0.3082343637943268,-0.1002167344903171,0.5015746355056763,-0.3926655054092407,-0.13966177710048555,0.5551786422729492,-0.46175092458724976,-0.1664301932667911,0.22744131088256836,-0.23669904470443726,-0.03481095962874292,0.2658408284187317,-0.325758695602417,-0.12767857619277834,0.20600581169128418,-0.22158008813858032,-0.1619518578862369,0.16044318675994873,-0.13463366031646729,-0.158102962455672,0.13569411635398865,-0.26590707898139954,-0.03114907190851568,0.1620469093322754,-0.34860366582870483,-0.14102782615177034,0.11670354008674622,-0.22229346632957458,-0.14208375223628877,0.08442576229572296,-0.13694804906845093,-0.10842223026506304,0.03814759850502014,-0.2731305658817291,-0.03123161130301355,0.06981918215751648,-0.3440118879079819,-0.11848505892507433,0.043099209666252136,-0.24589502811431885,-0.10894739188901781,0.014441847801208496,-0.17201176285743713,-0.07642557033054231
Z,0.0,0.0,0.0,0.12710440158843994,0.015760838985443115,-0.08174823555599886,0.2511885464191437,-0.06961965560913086,-0.10028399113070208,0.2302590310573578,-0.21068337559700012,-0.1059541362847014,0.15634307265281677,-0.29954543709754944,-0.10739773097883898,0.32598012685775757,-0.19291183352470398,-0.041013359608761846,0.4376421570777893,-0.31524136662483215,-0.08906805101286608,0.5062680840492249,-0.3978341966867447,-0.12635481688629824,0.5585950613021851,-0.4668448120355606,-0.152838367554061,0.2349672019481659,-0.242704838514328,-0.029746612119190274,0.27264100313186646,-0.3282054364681244,-0.11410010937105852,0.21026375889778137,-0.22619301080703735,-0.14784020516525942,0.16387012600898743,-0.1434856355190277,-0.1461290750230475,0.1419866383075714,-0.2712825536727905,-0.02713238033901888,0.16664251685142517,-0.3539341688156128,-0.12977837357174593,0.12354236841201782,-0.22939929366111755,-0.1346384916032477,0.09365867078304291,-0.15037497878074646,-0.10633022669207293,0.041423529386520386,-0.2748619019985199,-0.02862432557594019,0.07188333570957184,-0.3452555537223816,-0.11085352632652956,0.050309717655181885,-0.2470426857471466,-0.10269511077057558,0.023032575845718384,-0.17516997456550598,-0.07310283515106875
Z,0.0,0.0,0.0,0.11747413873672485,0.04364144802093506,-0.0766099642959297,0.24842914938926697,-0.04826915264129639,-0.09188293926388624,0.23698222637176514,-0.20017379522323608,-0.09372822456032637,0.1625172197818756,-0.2921940088272095,-0.09097565226227644,0.32206809520721436,-0.17916488647460938,-0.05029681213170889,0.4325125813484192,-0.30249449610710144,-0.10328588150412443,0.5039942860603333,-0.38656340539455414,-0.14509927742154005,0.5559428334236145,-0.4607444852590561,-0.1770627152171791,0.2338687777519226,-0.22902384400367737,-0.042015998437708646,0.26570969820022583,-0.3206743896007538,-0.1270719867196739,0.20667436718940735,-0.20581459999084473,-0.15771129243046644,0.16557013988494873,-0.12603890895843506,-0.1572865944352806,0.14357063174247742,-0.2587491273880005,-0.04202024526864889,0.16260069608688354,-0.34183230996131897,-0.14545388035447004,0.12100926041603088,-0.20714092254638672,-0.1447675626722038,0.09386667609214783,-0.12965288758277893,-0.11632368229300383,0.04256027936935425,-0.26963862776756287,-0.046217038109606534,0.06551986932754517,-0.33184704184532166,-0.13447571806580427,0.04304260015487671,-0.22478234767913818,-0.12922359518677595,0.018710196018218994,-0.15684205293655396,-0.1038268011060417
Z,0.0,0.0,0.0,0.11547738313674927,0.0030215978622436523,-0.10620604384348553,0.2079208344221115,-0.08828473091125488,-0.14975648302242917,0.14431561529636383,-0.20538190007209778,-0.17641621011898678,0.054214224219322205,-0.2713797688484192,-0.20099123496220273,0.25094516575336456,-0.23835721611976624,-0.08561073172495526,0.34943170845508575,-0.3663638234138489,-0.15548675436184567,0.4061567932367325,-0.4558965265750885,-0.20405676144764584,0.45245392620563507,-0.5293506979942322,-0.23446550149128598,0.1554993838071823,-0.2701151967048645,-0.0628842480819003,0.1608201116323471,-0.35447776317596436,-0.16993058401749295,0.1183251291513443,-0.24419912695884705,-0.2084826298396365,0.1019519716501236,-0.15452063083648682,-0.20568609911606472,0.06558869779109955,-0.2808513939380646,-0.04987853694365185,0.05468325316905975,-0.3362470269203186,-0.1645901121537463,0.035522088408470154,-0.2170124053955078,-0.1665558435361163,0.031681448221206665,-0.1382032036781311,-0.13298829573795956,-0.02006952464580536,-0.2696111500263214,-0.04253190312192601,-0.022580087184906006,-0.32146185636520386,-0.1294122852723376,-0.028250381350517273,-0.22563230991363525,-0.12088211554691952,-0.03204213082790375,-0.15379416942596436,-0.088480978492953
Z,0.0,0.0,0.0,0.12866529822349548,0.017783284187316895,-0.08837925782927414,0.24689802527427673,-0.06409516930580139,-0.11194096645840546,0.21727171540260315,-0.19758859276771545,-0.12080977252253433,0.1403563916683197,-0.2850879728794098,-0.12632302335032364,0.31265899538993835,-0.18558135628700256,-0.05637347838410278,0.42706307768821716,-0.3125620037317276,-0.11334812036284347,0.49509474635124207,-0.39989927411079407,-0.1565217017246141,0.5491096079349518,-0.47136369347572327,-0.18538306048640152,0.2237263321876526,-0.23541459441184998,-0.04114066577085396,0.258561372756958,-0.3207068592309952,-0.13138834527262588,0.19600903987884521,-0.22235915064811707,-0.16675845673807999,0.15578359365463257,-0.13823509216308594,-0.1652821986986055,0.13117507100105286,-0.26448407769203186,-0.03478917992242714,0.15389108657836914,-0.3445585370063782,-0.1416751830888643,0.11180397868156433,-0.2231212556362152,-0.14554054430254837,0.08520004153251648,-0.13910284638404846,-0.11513882270583053,0.03316548466682434,-0.2675316035747528,-0.03264352074393173,0.06054908037185669,-0.3344022333621979,-0.11782075604924103,0.039843663573265076,-0.23849454522132874,-0.10896187415846725,0.015761762857437134,-0.1619059443473816,-0.07720661303528686
Z,0.0,0.0,0.0,0.13002142310142517,0.004565119743347168,-0.09013263377217129,0.253888875246048,-0.07827061414718628,-0.11451087388066128,0.2317463457584381,-0.21415585279464722,-0.12542415651348904,0.15795472264289856,-0.30103379487991333,-0.13207157942322567,0.32267215847969055,-0.2025587260723114,-0.04572442042497471,0.4384101927280426,-0.3288818895816803,-0.10046293082503155,0.5076252520084381,-0.41406959295272827,-0.14278786870507076,0.5614431202411652,-0.4843277484178543,-0.1709131250050433,0.2343110740184784,-0.24837380647659302,-0.029235901859081537,0.2673659324645996,-0.3391113430261612,-0.12199206891325787,0.20614954829216003,-0.2438429296016693,-0.16107959541348293,0.16550424695014954,-0.15913420915603638,-0.16086419912842587,0.1437247097492218,-0.2769452631473541,-0.02204912769464329,0.16085636615753174,-0.3616879880428314,-0.12889652940300778,0.1176975667476654,-0.24271288514137268,-0.13462250920800045,0.09128075838088989,-0.15722337365150452,-0.10460018607643917,0.04777932167053223,-0.28203511238098145,-0.019804005127824098,0.06770370900630951,-0.35136353969573975,-0.10318775716093853,0.0448717325925827,-0.25750747323036194,-0.09596532079247311,0.021627098321914673,-0.1798657774925232,-0.0651159459617503
Z,0.0,0.0,0.0,0.13094788789749146,0.01562732458114624,-0.07337485091375129,0.25767791271209717,-0.06935736536979675,-0.08978718356775062,0.23520556092262268,-0.213563472032547,-0.09588140831874625,0.15340852737426758,-0.3006296753883362,-0.09861571179317252,0.3159196376800537,-0.18636026978492737,-0.036018340155351325,0.43287044763565063,-0.3156440854072571,-0.08324359939979331,0.5049679279327393,-0.40347766876220703,-0.12073553936170356,0.5602545738220215,-0.4775211811065674,-0.14798501716541068,0.2279699444770813,-0.23849117755889893,-0.027361689373719855,0.2593652009963989,-0.322799950838089,-0.11291739182161109,0.20357298851013184,-0.21825486421585083,-0.1471840052454354,0.16005122661590576,-0.1339971423149109,-0.1464930234997155,0.1373502016067505,-0.2689102590084076,-0.026117354869711562,0.15814167261123657,-0.34890177845954895,-0.1257596670238854,0.11854821443557739,-0.22245869040489197,-0.12709577964233176,0.08580844104290009,-0.137266606092453,-0.09738594876216666,0.038267314434051514,-0.2762259840965271,-0.028673462808001204,0.07079000771045685,-0.34811751544475555,-0.10611134605096595,0.04825511574745178,-0.2529650032520294,-0.09526898549484031,0.016729772090911865,-0.1786007285118103,-0.06488577859090583
Z,0.0,0.0,0.0,0.129925936460495,0.026143789291381836,-0.08790033452780222,0.2622593939304352,-0.051819026470184326,-0.11841851614983057,0.23859858512878418,-0.19323810935020447,-0.1365279495027778,0.1612590253353119,-0.284127414226532,-0.1527473419216392,0.3273875415325165,-0.18465971946716309,-0.05799804024965738,0.44723084568977356,-0.3178570866584778,-0.1140735685137031,0.5174339711666107,-0.40613803267478943,-0.15404997163088296,0.5735731422901154,-0.47964951395988464,-0.18121407323152994,0.23702293634414673,-0.23823979496955872,-0.04349078007609819,0.27536892890930176,-0.32525190711021423,-0.1397466003206489,0.20946595072746277,-0.2197728157043457,-0.1743411510494468,0.16735559701919556,-0.1338249146938324,-0.17127160125048135,0.14681166410446167,-0.26709312200546265,-0.03684904568464731,0.1714637279510498,-0.34370315074920654,-0.14672746651442026,0.12303021550178528,-0.2199646532535553,-0.14315503232748483,0.0918433666229248,-0.13460934162139893,-0.1075800969508407,0.05146960914134979,-0.27393683791160583,-0.03416774936587785,0.07817721366882324,-0.34524643421173096,-0.11977561705381845,0.05146382749080658,-0.252546489238739,-0.10684544735224222,0.024204149842262268,-0.17971816658973694,-0.07230454825432275
Z,0.0,0.0,0.0,0.13515949249267578,0.020539045333862305,-0.08401460859948884,0.27043798565864563,-0.0624089241027832,-0.11412355218106995,0.24598932266235352,-0.2077023983001709,-0.13275961492234956,0.16556793451309204,-0.29852095246315,-0.15041498754197846,0.33284223079681396,-0.19999977946281433,-0.055784448124711616,0.4553753137588501,-0.3322068452835083,-0.10770157638961564,0.5300402045249939,-0.4208097755908966,-0.14565037105256806,0.5852862596511841,-0.4931170493364334,-0.17249233935052644,0.24256554245948792,-0.2533339560031891,-0.04346068490320931,0.2790606617927551,-0.33869612216949463,-0.13652050409490357,0.21768826246261597,-0.23240193724632263,-0.169866486527269,0.1733570098876953,-0.14251378178596497,-0.1671290985124756,0.15200453996658325,-0.280682772397995,-0.03836868990237008,0.1728801727294922,-0.3600712716579437,-0.14311979625398408,0.13234344124794006,-0.23494026064872742,-0.13794518921548615,0.10261210799217224,-0.14660072326660156,-0.10349284026796113,0.055383920669555664,-0.28386735916137695,-0.03735940445238839,0.08324825763702393,-0.3528166115283966,-0.12187019649917374,0.06219705939292908,-0.2524981200695038,-0.10941179011041413,0.03735056519508362,-0.17349648475646973,-0.07588189009601365
Z,0.0,0.0,0.0,0.14056915044784546,0.019139647483825684,-0.08514716499661645,0.28174957633018494,-0.07109755277633667,-0.11128740781163415,0.25499510765075684,-0.2207893431186676,-0.1255249383411332,0.16832643747329712,-0.30640724301338196,-0.13837204897021493,0.34759411215782166,-0.21533051133155823,-0.047968346860162825,0.465949684381485,-0.3439923822879791,-0.09885116690015039,0.5339106619358063,-0.4283270537853241,-0.13669408881282052,0.5875401794910431,-0.4988657385110855,-0.16366095864390573,0.25334155559539795,-0.2652900218963623,-0.03415942588066301,0.2879861891269684,-0.35928598046302795,-0.12726189219569406,0.23029831051826477,-0.24735033512115479,-0.16281518363570413,0.19162899255752563,-0.15438991785049438,-0.16088429116820535,0.1609366238117218,-0.29207396507263184,-0.028202211718909354,0.180421382188797,-0.3727882206439972,-0.13629698776816568,0.14109328389167786,-0.2411281168460846,-0.13476665341471872,0.11329200863838196,-0.1513068675994873,-0.10113179707144937,0.060935527086257935,-0.29662826657295227,-0.02624979824935636,0.08932739496231079,-0.365962952375412,-0.11430761241530618,0.0680985152721405,-0.26230388879776,-0.1054441409668847,0.04325321316719055,-0.18283647298812866,-0.07375932508324823
Z,0.0,0.0,0.0,0.1346607804298401,0.025732994079589844,-0.08384233801565699,0.27749356627464294,-0.059339821338653564,-0.11186953722439341,0.2588736414909363,-0.21144071221351624,-0.12831626920900874,0.18129709362983704,-0.3076631724834442,-0.14263026504717402,0.3417567312717438,-0.20506784319877625,-0.05592463998995356,0.46709540486335754,-0.34124258160591125,-0.10844428925715022,0.5398090779781342,-0.430853933095932,-0.14617335884771876,0.5963883697986603,-0.5077770054340363,-0.17379634170733027,0.2474331557750702,-0.258265882730484,-0.04462890042863421,0.28676068782806396,-0.3520284742116928,-0.14132477431498103,0.22370892763137817,-0.23550021648406982,-0.17463904707632594,0.178169846534729,-0.14426261186599731,-0.17069695978365473,0.15499746799468994,-0.28798824548721313,-0.04055799632273249,0.17830434441566467,-0.3747777044773102,-0.1507530668278747,0.13638091087341309,-0.23714685440063477,-0.14487344114981227,0.10421735048294067,-0.14641696214675903,-0.10836709379158549,0.05418410897254944,-0.2965795397758484,-0.04060755385957293,0.08135172724723816,-0.36555811762809753,-0.1312889316578918,0.06109336018562317,-0.25722551345825195,-0.12064521848164134,0.036122292280197144,-0.17873665690422058,-0.08732385276756816
Z,0.0,0.0,0.0,0.1385672688484192,0.012746691703796387,-0.0807530798754641,0.28088703751564026,-0.07473284006118774,-0.10429218344306435,0.25526973605155945,-0.22968551516532898,-0.11617918245410408,0.17325803637504578,-0.3253406882286072,-0.12483778528785194,0.3467438519001007,-0.2174549400806427,-0.04692462392067398,0.47098299860954285,-0.3552893400192261,-0.09669896148061241,0.5424774587154388,-0.44606050848960876,-0.13303580067967857,0.6003499329090118,-0.5240826308727264,-0.15948983214711632,0.2520354986190796,-0.2721063196659088,-0.03665562651967491,0.2882594168186188,-0.3689296990633011,-0.12756932459687675,0.22440579533576965,-0.2544361352920532,-0.16098276458596672,0.17960825562477112,-0.16320142149925232,-0.15775721453046287,0.15804395079612732,-0.30132225155830383,-0.03357955373739685,0.17609712481498718,-0.38560205698013306,-0.13983761452054466,0.13592740893363953,-0.2500671446323395,-0.137522301896567,0.10701963305473328,-0.16136974096298218,-0.10379605673169578,0.05538266897201538,-0.30699753761291504,-0.03436410359954323,0.08246764540672302,-0.38057543337345123,-0.1190870323023745,0.06339552998542786,-0.27464744448661804,-0.10690447620963539,0.038257062435150146,-0.1947566270828247,-0.07335248522376503
Z,0.0,0.0,0.0,0.14688417315483093,0.012256503105163574,-0.08914162920905255,0.2892020046710968,-0.0742422342300415,-0.1187011967797389,0.2627999782562256,-0.22089523077011108,-0.13608498083544873,0.1771148145198822,-0.3148704171180725,-0.15134922372294568,0.347765177488327,-0.22288867831230164,-0.053704056461583605,0.4752849042415619,-0.36212070286273956,-0.10907471137238645,0.5486593544483185,-0.4555981904268265,-0.15073268817855023,0.6059546768665314,-0.535581111907959,-0.1802517245907893,0.25220203399658203,-0.2767467796802521,-0.04024002285791539,0.2897767722606659,-0.37128299474716187,-0.14063019262744092,0.2241792380809784,-0.25701791048049927,-0.17844995068503522,0.17853501439094543,-0.16153758764266968,-0.1762348036666026,0.1571401059627533,-0.3067810833454132,-0.03498291554046773,0.1794290542602539,-0.39197830855846405,-0.1473964224953761,0.1369430422782898,-0.25681808590888977,-0.14625412928057813,0.10627186298370361,-0.16227495670318604,-0.11148253040505551,0.055580466985702515,-0.31243276596069336,-0.0343072335620036,0.08190575242042542,-0.38202103972435,-0.12415713029099607,0.061424046754837036,-0.2775183916091919,-0.11454167174292706,0.037037938833236694,-0.19603323936462402,-0.08125626253081464
Z,0.0,0.0,0.0,0.14605560898780823,0.011478900909423828,-0.08540364485799046,0.29285863041877747,-0.07845234870910645,-0.11216655504523487,0.266528457403183,-0.23544803261756897,-0.12762960922538014,0.1827317774295807,-0.33475929498672485,-0.14013694357691975,0.3536212146282196,-0.22634601593017578,-0.05008068439184399,0.4849502742290497,-0.369989350438118,-0.10279698800860615,0.5589605867862701,-0.46177101135253906,-0.1406858874541399,0.6197825968265533,-0.5416513085365295,-0.16813415419875355,0.2560518682003021,-0.2795805335044861,-0.03879045453487606,0.29386135935783386,-0.3803739845752716,-0.138537825463402,0.2270735204219818,-0.2627710700035095,-0.1754330707770464,0.18174618482589722,-0.16861221194267273,-0.1722252978068468,0.1602228283882141,-0.3084893524646759,-0.03510505837022038,0.17769765853881836,-0.3976033180952072,-0.14952254426299305,0.13618752360343933,-0.2576107978820801,-0.1484378738385317,0.10758540034294128,-0.16447842121124268,-0.11276712399541111,0.057068198919296265,-0.31458187103271484,-0.03547182437597485,0.08326837420463562,-0.3888231962919235,-0.12691208851157398,0.0658385157585144,-0.2803853452205658,-0.11714415383158894,0.04348766803741455,-0.19773846864700317,-0.0832336409073946
Z,0.0,0.0,0.0,0.15670904517173767,-0.004829704761505127,-0.09205909923961997,0.295685738325119,-0.088154137134552,-0.12658547715595603,0.2729831635951996,-0.24108532071113586,-0.1517405147974813,0.19441816210746765,-0.34328097105026245,-0.17554453865936637,0.36538878083229065,-0.2412632703781128,-0.045467243654044864,0.4951871931552887,-0.3762205243110657,-0.10174464539936423,0.5671897232532501,-0.4657774120569229,-0.14216611639908194,0.625324934720993,-0.5432989746332169,-0.16986150400093436,0.26738956570625305,-0.2945933938026428,-0.03231074394038558,0.3092924654483795,-0.39900389313697815,-0.134331175250324,0.24829190969467163,-0.28302067518234253,-0.1736378605788076,0.20810401439666748,-0.18561169505119324,-0.17113990442207694,0.16840317845344543,-0.32146352529525757,-0.028393919703873394,0.1946222186088562,-0.40989238023757935,-0.14748198644569754,0.15388450026512146,-0.2729625999927521,-0.1472849185889089,0.12372228503227234,-0.17449703812599182,-0.10995679454258322,0.060952186584472656,-0.32282012701034546,-0.02887077735117316,0.09870290756225586,-0.40503399074077606,-0.12260842428854346,0.0808035135269165,-0.30121421813964844,-0.11208692298582434,0.05581161379814148,-0.21315652132034302,-0.07635323063782096
Z,0.0,0.0,0.0,0.14299359917640686,0.024673938751220703,-0.09005385592124071,0.2917008101940155,-0.06905603408813477,-0.12033335074326601,0.2714989483356476,-0.23343896865844727,-0.1384666036023816,0.18799492716789246,-0.3368598222732544,-0.1543868701114377,0.35686948895454407,-0.21846351027488708,-0.059629804934473896,0.4893172085285187,-0.36132168769836426,-0.11389291241309252,0.5670840442180634,-0.45441052317619324,-0.1514158020868024,0.6274701654911041,-0.5354195833206177,-0.1789375613584241,0.25789615511894226,-0.27616631984710693,-0.04717593222400751,0.3027535378932953,-0.37584783136844635,-0.14877872868916597,0.23990169167518616,-0.25123828649520874,-0.18301346107861605,0.19283291697502136,-0.15493041276931763,-0.1781995366468152,0.1602608859539032,-0.30714118480682373,-0.042228608871909046,0.18661761283874512,-0.3964807689189911,-0.16051151558301058,0.14427495002746582,-0.2489032745361328,-0.15415110393902864,0.10868141055107117,-0.15185636281967163,-0.11469364866158571,0.0536784827709198,-0.31618767976760864,-0.04146731227180567,0.08803129196166992,-0.3902842551469803,-0.13926847978970613,0.06875157356262207,-0.27319443225860596,-0.1281122188224515,0.03937980532646179,-0.18784981966018677,-0.0925190220727643
Z,0.0,0.0,0.0,0.15802359580993652,-0.010336518287658691,-0.09493034082321117,0.2993139922618866,-0.09473729133605957,-0.130260383066215,0.27890411019325256,-0.24999463558197021,-0.1565348555412669,0.2055889368057251,-0.3609935939311981,-0.181261559304275,0.37194058299064636,-0.24907872080802917,-0.04265072318581531,0.5017084181308746,-0.3888323903083801,-0.10335083800224254,0.5757580697536469,-0.4806482493877411,-0.14765142398742626,0.6357795298099518,-0.5628279745578766,-0.17728326218990276,0.27275756001472473,-0.3051914870738983,-0.028867365148343538,0.3103967010974884,-0.41200703382492065,-0.13746211427120159,0.2508982717990875,-0.29199954867362976,-0.1798134346571345,0.21339654922485352,-0.19050177931785583,-0.17746440070537517,0.17173030972480774,-0.3352730870246887,-0.025147117030300592,0.19516193866729736,-0.422133207321167,-0.14990093308357189,0.15426915884017944,-0.2811649441719055,-0.15060654776958415,0.12431174516677856,-0.17823857069015503,-0.1116073851552386,0.06328940391540527,-0.34078046679496765,-0.026152282309212183,0.10358855128288269,-0.42025506496429443,-0.12469517188934276,0.08365777134895325,-0.3118933439254761,-0.11553717898992488,0.05653098225593567,-0.22110134363174438,-0.07881813245681712
Z,0.0,0.0,0.0,0.15883469581604004,-0.0006567239761352539,-0.09326502144499216,0.3026237487792969,-0.08476746082305908,-0.1270635893957177,0.2833898663520813,-0.2404254674911499,-0.15076431840820703,0.20256811380386353,-0.34952211380004883,-0.1721957197801629,0.37097012996673584,-0.24078992009162903,-0.048068085910514924,0.5079209208488464,-0.38406991958618164,-0.10550758451385889,0.5873671174049377,-0.4786757379770279,-0.14626798242493066,0.6476535797119141,-0.561582088470459,-0.1745073071138421,0.27281123399734497,-0.2986537516117096,-0.03606702596111688,0.31267786026000977,-0.39640676975250244,-0.14186135143204126,0.24673360586166382,-0.2718534767627716,-0.1803592017309228,0.1996200680732727,-0.17477241158485413,-0.17646002978248987,0.1723993420600891,-0.32909417152404785,-0.033539490999416444,0.19478866457939148,-0.4120810776948929,-0.1546488425151864,0.15441304445266724,-0.26757773756980896,-0.15299786836071405,0.12090098857879639,-0.17128193378448486,-0.11453045368357095,0.06360501050949097,-0.3334246575832367,-0.03576049417419824,0.09775868058204651,-0.4094054400920868,-0.13182163447304163,0.08357265591621399,-0.2972336709499359,-0.12078932136459741,0.05786097049713135,-0.21050643920898438,-0.08398219406767282
Z,0.0,0.0,0.0,0.16282689571380615,-0.01145392656326294,-0.10109514106814288,0.3069283068180084,-0.10141068696975708,-0.13502544273440265,0.28502896428108215,-0.25919127464294434,-0.15787513662878894,0.20307829976081848,-0.36607205867767334,-0.1775779884010973,0.3826037347316742,-0.2534070312976837,-0.03821367134158038,0.5144513547420502,-0.39545097947120667,-0.09862404425446414,0.5900060832500458,-0.48894162476062775,-0.14471545924250506,0.6512981355190277,-0.571107804775238,-0.17563611377779864,0.2837667167186737,-0.3086276650428772,-0.021030345156830776,0.31541159749031067,-0.41468116641044617,-0.13203077127043628,0.24964985251426697,-0.2917574346065521,-0.1779318462759676,0.21070680022239685,-0.18746459484100342,-0.17656643797461413,0.182682603597641,-0.3408766984939575,-0.015026200719219673,0.19883355498313904,-0.42640602588653564,-0.14268365611140155,0.1549413502216339,-0.2836715877056122,-0.14846567918364428,0.1261979043483734,-0.1794220209121704,-0.1112075607926073,0.07407203316688538,-0.348185658454895,-0.014167050987524021,0.1064634621143341,-0.4244654178619385,-0.11386179287735843,0.08711808919906616,-0.31375667452812195,-0.10716185827557467,0.06225588917732239,-0.22062093019485474,-0.07117607553307437
Z,0.0,0.0,0.0,0.16194617748260498,-0.010025203227996826,-0.09864725531825513,0.3091738224029541,-0.09889233112335205,-0.1369260883499095,0.28869837522506714,-0.25930699706077576,-0.16644475223311872,0.20969083905220032,-0.3734419047832489,-0.19390437366256208,0.3888864517211914,-0.2587221562862396,-0.03996507810244054,0.5242094397544861,-0.40005725622177124,-0.09894271554240675,0.6023787260055542,-0.49249622225761414,-0.14252429069766492,0.6638383269309998,-0.5745007693767548,-0.17252005995997877,0.28826266527175903,-0.317266047000885,-0.025284277142972655,0.323498010635376,-0.4187987446784973,-0.13838336231002302,0.257818341255188,-0.2953096032142639,-0.18276124061831922,0.21504667401313782,-0.19132038950920105,-0.18039057018050642,0.18491780757904053,-0.3484949469566345,-0.020950130986065574,0.20579013228416443,-0.43259966373443604,-0.14963144423255414,0.16088056564331055,-0.2892250418663025,-0.15195820094832868,0.1269000768661499,-0.18344897031784058,-0.11289754869231672,0.07328897714614868,-0.35558027029037476,-0.02150900276193113,0.10741415619850159,-0.4287561774253845,-0.12406947823056669,0.08715388178825378,-0.31685057282447815,-0.11728492738494367,0.06102609634399414,-0.22531291842460632,-0.08092587055453748
Z,0.0,0.0,0.0,0.16559061408042908,-0.006580829620361328,-0.10460701522956128,0.31399837136268616,-0.09656500816345215,-0.14669541952738996,0.2905762493610382,-0.26311662793159485,-0.17889875111708875,0.20890003442764282,-0.3780688941478729,-0.20902809438834424,0.38543084263801575,-0.25340336561203003,-0.04471678969989057,0.521280437707901,-0.39982306957244873,-0.10654611823687787,0.6030138432979584,-0.4974364638328552,-0.1525626623405003,0.6658004224300385,-0.581005185842514,-0.1835666143668675,0.28118816018104553,-0.3119419813156128,-0.027383980653979734,0.3321596682071686,-0.41573023796081543,-0.14382606682906385,0.26791247725486755,-0.29902148246765137,-0.19215691027770276,0.2164282500743866,-0.19647973775863647,-0.19174392459521528,0.17572274804115295,-0.3452536463737488,-0.020727641261913732,0.21303394436836243,-0.43325892090797424,-0.15150792834887739,0.1696222722530365,-0.291164755821228,-0.15551023123393293,0.1298626959323883,-0.18253189325332642,-0.11697948662171598,0.0621199905872345,-0.3550383448600769,-0.019362039245464757,0.10752815008163452,-0.43308326601982117,-0.12285845664868589,0.09140899777412415,-0.32384824752807617,-0.11717411068806882,0.06294319033622742,-0.23049283027648926,-0.08155693051944013
Z,0.0,0.0,0.0,0.16987785696983337,-0.009318709373474121,-0.10927205641050364,0.3218896687030792,-0.09762382507324219,-0.15718752254028345,0.30152538418769836,-0.26337677240371704,-0.1962666522361758,0.2101927101612091,-0.37526053190231323,-0.23309342671413447,0.39271876215934753,-0.2600087821483612,-0.04297499094386126,0.532123476266861,-0.40550434589385986,-0.10783631462831522,0.6170348227024078,-0.5002762228250504,-0.15847694982070948,0.6824941337108612,-0.5823408663272858,-0.19291798878688837,0.28655698895454407,-0.31724637746810913,-0.02500800710399176,0.3426448404788971,-0.41116154193878174,-0.14928567517776514,0.272450715303421,-0.29543837904930115,-0.2046018253662112,0.21369048953056335,-0.19836068153381348,-0.20762480903644587,0.18259328603744507,-0.3506074845790863,-0.0183501068152907,0.22462406754493713,-0.434346467256546,-0.1535364102222445,0.17757579684257507,-0.29726850986480713,-0.16176976371784235,0.13318541646003723,-0.19122010469436646,-0.12520903457183863,0.07178476452827454,-0.36342349648475647,-0.017496991122555983,0.11996838450431824,-0.43691694736480713,-0.1230876456596377,0.10131970047950745,-0.3273926377296448,-0.11964582760114695,0.07171782851219177,-0.23296061158180237,-0.08494998622913386
Z,0.0,0.0,0.0,0.17099884152412415,-0.006558477878570557,-0.1094650503752348,0.3239811956882477,-0.0976797342300415,-0.1543440249321577,0.30741098523139954,-0.26472973823547363,-0.1899774548170683,0.2207019329071045,-0.37992289662361145,-0.2229775961992857,0.3968248665332794,-0.2574746608734131,-0.040438677048456384,0.5345750749111176,-0.403665691614151,-0.1054568093774435,0.6195934116840363,-0.499425932765007,-0.15482878950811596,0.6852597296237946,-0.5813427567481995,-0.1878792074082014,0.290955513715744,-0.3156462609767914,-0.02233169121123524,0.34420493245124817,-0.4095490276813507,-0.1469728079197523,0.272956520318985,-0.2891349792480469,-0.19950928059793682,0.21636489033699036,-0.18845415115356445,-0.19948207107759686,0.18490806221961975,-0.3497162163257599,-0.016165808638703538,0.22579455375671387,-0.43350672721862793,-0.1546904024241087,0.17802074551582336,-0.2902953028678894,-0.16179998484827252,0.1352628469467163,-0.181976318359375,-0.12272489336706371,0.071287602186203,-0.3615840971469879,-0.01566158687151642,0.12053856253623962,-0.4340369999408722,-0.12465981659866543,0.1003398597240448,-0.32006216049194336,-0.12108164546467037,0.06986400485038757,-0.22488614916801453,-0.08516136077619763
Z,0.0,0.0,0.0,0.1689293086528778,0.005758881568908691,-0.11432985911247329,0.32230475544929504,-0.0843232274055481,-0.16354478845474318,0.3007431924343109,-0.2521073818206787,-0.2012778217541893,0.20932215452194214,-0.3665742874145508,-0.2369397575604637,0.3941584527492523,-0.24627792835235596,-0.055653742943974294,0.5334782302379608,-0.3916001617908478,-0.12486498752710418,0.6198411881923676,-0.49236534535884857,-0.17651267299530105,0.6862229406833649,-0.57784503698349,-0.21122260341522292,0.288201242685318,-0.30713605880737305,-0.03642995232817725,0.3450082838535309,-0.404176265001297,-0.16396565685150222,0.2720467746257782,-0.2850024700164795,-0.21536081979152755,0.2132253348827362,-0.18373942375183105,-0.21402995238182143,0.18128487467765808,-0.3428381085395813,-0.028572543953629292,0.22552281618118286,-0.42660537362098694,-0.16864010641452865,0.17511910200119019,-0.28307947516441345,-0.17210844108936385,0.13078179955482483,-0.17631745338439941,-0.13048712859031752,0.06518366932868958,-0.3558429181575775,-0.026696655397387303,0.11499062180519104,-0.4274318218231201,-0.1383389378535469,0.09340968728065491,-0.31056949496269226,-0.13267384419319228,0.06224048137664795,-0.2151864767074585,-0.09478375265476302
Z,0.0,0.0,0.0,0.16843640804290771,0.005887150764465332,-0.10839298706511613,0.3294075131416321,-0.0887904167175293,-0.15559025447825547,0.3081098198890686,-0.2594219744205475,-0.1919647340104973,0.2105478048324585,-0.3735193610191345,-0.22667941790084,0.39884620904922485,-0.25332099199295044,-0.054692625664273464,0.5388591885566711,-0.3987744450569153,-0.11968495290736314,0.6251407861709595,-0.4970729351043701,-0.16822509806613084,0.6903344392776489,-0.5818607211112976,-0.20197339694956895,0.28980743885040283,-0.3164624571800232,-0.03841898929337617,0.34955060482025146,-0.4139443039894104,-0.16120775382975694,0.27704280614852905,-0.2880401909351349,-0.21039481800059434,0.21519607305526733,-0.18836629390716553,-0.20926547389487382,0.1815546751022339,-0.3506872057914734,-0.03201993521312829,0.22936218976974487,-0.43572482466697693,-0.16559456627825853,0.17946216464042664,-0.2870211601257324,-0.16373226385573503,0.1314091682434082,-0.18371260166168213,-0.12125178765515443,0.0648043155670166,-0.36062803864479065,-0.031203066594997608,0.11883997917175293,-0.43176618218421936,-0.1374499086664116,0.09763467311859131,-0.3125958740711212,-0.12715089660147783,0.06367075443267822,-0.22096526622772217,-0.08766382526616212
Z,0.0,0.0,0.0,0.17171645164489746,0.008435308933258057,-0.13091645896190585,0.3265058994293213,-0.08203268051147461,-0.19013319670909823,0.3065560460090637,-0.24918413162231445,-0.23527583241218508,0.21535435318946838,-0.3689768314361572,-0.2759441560482401,0.4031323194503784,-0.24927565455436707,-0.06767741352075518,0.5407229661941528,-0.3960052728652954,-0.15069249033683718,0.6313207745552063,-0.49804307520389557,-0.2124597853397745,0.7017560601234436,-0.5796965658664703,-0.2521483725284952,0.2928066849708557,-0.3060203194618225,-0.0441865748142618,0.3369078040122986,-0.40053582191467285,-0.18948408722633303,0.261117160320282,-0.2753084599971771,-0.24926744162792147,0.20581167936325073,-0.17351293563842773,-0.24917311727756442,0.1838456392288208,-0.3414614796638489,-0.034489219484271416,0.21295970678329468,-0.4214409589767456,-0.19227853178733767,0.1662745475769043,-0.2716629207134247,-0.2020115977501291,0.12981963157653809,-0.16304528713226318,-0.1594165986751932,0.06942048668861389,-0.3554549813270569,-0.03187601402157725,0.10802105069160461,-0.419055700302124,-0.15529155492538393,0.08947885036468506,-0.29969972372055054,-0.1539059853529352,0.06413710117340088,-0.20541483163833618,-0.11551167577260912
Z,0.0,0.0,0.0,0.16712349653244019,0.01865971088409424,-0.11324000616562557,0.3303496539592743,-0.06876206398010254,-0.16568347324621868,0.31711068749427795,-0.24153995513916016,-0.2059240143467207,0.2213301956653595,-0.3588578701019287,-0.24484665204775524,0.4093741476535797,-0.236700177192688,-0.07139287401926708,0.549596756696701,-0.3847917914390564,-0.14233031381857586,0.6381796300411224,-0.4862494468688965,-0.19421718527567577,0.7083660066127777,-0.5736710429191589,-0.22959285487425518,0.2977193295955658,-0.3014853000640869,-0.05387000625026417,0.35562846064567566,-0.3938738703727722,-0.18006355573427868,0.27727460861206055,-0.26080071926116943,-0.22672129680407238,0.21746236085891724,-0.15898853540420532,-0.22388420511973095,0.18712589144706726,-0.336734414100647,-0.04604964961302471,0.23452109098434448,-0.42012375593185425,-0.18497338403952313,0.17915630340576172,-0.26503583788871765,-0.1791547935177107,0.13273733854293823,-0.15649652481079102,-0.1332016091514845,0.06792280077934265,-0.3484477400779724,-0.043878993736626626,0.1252008080482483,-0.4241830110549927,-0.15312586237681103,0.10015687346458435,-0.30548766255378723,-0.13914751519453716,0.06430134177207947,-0.2114250659942627,-0.09662969668400478
Z,0.0,0.0,0.0,0.17550548911094666,0.0018731355667114258,-0.11659793463942947,0.33795005083084106,-0.09419417381286621,-0.1655090740084404,0.32004302740097046,-0.27040472626686096,-0.20200061706302108,0.2234940528869629,-0.3873269557952881,-0.23638763931987228,0.4163972735404968,-0.2663722336292267,-0.05219627079961242,0.5592255592346191,-0.4146422743797302,-0.12040386257169189,0.6457133889198303,-0.5186335295438766,-0.17299829331633987,0.7101095914840698,-0.6047601699829102,-0.2084547868132347,0.30269885063171387,-0.330149382352829,-0.031557126915430445,0.3619915246963501,-0.4312734305858612,-0.15870425013301315,0.2913700342178345,-0.309030145406723,-0.21409793106315078,0.231388658285141,-0.20394635200500488,-0.2150478055834526,0.19211500883102417,-0.36619094014167786,-0.02226671670970859,0.23842746019363403,-0.44793206453323364,-0.16379612592456283,0.18871143460273743,-0.3019472658634186,-0.17232866493461074,0.14301550388336182,-0.1923118233680725,-0.1332013746857399,0.0758545994758606,-0.3767243027687073,-0.018556759706115145,0.12983417510986328,-0.44944924116134644,-0.13082447556254806,0.10959070920944214,-0.331533819437027,-0.12701132801768722,0.07799208164215088,-0.23136186599731445,-0.08970803675649108
Z,0.0,0.0,0.0,0.17120175063610077,0.012481331825256348,-0.11423364544006631,0.3411146551370621,-0.07492262125015259,-0.16322221124264047,0.32266367971897125,-0.2493916153907776,-0.2013497080812101,0.22518770396709442,-0.365195631980896,-0.23755394184681222,0.40325792133808136,-0.2407289743423462,-0.048673572779620145,0.5506873279809952,-0.3966318964958191,-0.11928544455858514,0.6380974799394608,-0.5040845721960068,-0.1711571987876539,0.7074287682771683,-0.5935828983783722,-0.2067438241252546,0.2920912653207779,-0.30874326825141907,-0.03053069377037332,0.3616095334291458,-0.4168386161327362,-0.1619387146243696,0.285746768116951,-0.29918497800827026,-0.22063380742164895,0.22036521136760712,-0.1960897445678711,-0.22493803763481424,0.18220965564250946,-0.3508617877960205,-0.02420095616670892,0.2490493506193161,-0.44423288106918335,-0.1720208998927717,0.19126926362514496,-0.29387548565864563,-0.18186925613971994,0.1370752900838852,-0.18066519498825073,-0.14328418934437082,0.06665413081645966,-0.37025558948516846,-0.0230948653230314,0.13042442500591278,-0.43593865633010864,-0.14337182307335183,0.10452960431575775,-0.3158493936061859,-0.14617376291843698,0.06864608824253082,-0.21482259035110474,-0.11379024648758218
Z,0.0,0.0,0.0,0.17134004831314087,-0.007514774799346924,-0.12633576545496794,0.3348568379878998,-0.09665101766586304,-0.1841165230013928,0.31354159116744995,-0.2669893503189087,-0.23075328323622557,0.21495813131332397,-0.3872060179710388,-0.2741124585606656,0.3984340727329254,-0.26809513568878174,-0.05110552835841986,0.5427899658679962,-0.4158518314361572,-0.13666916939993712,0.6303856670856476,-0.5244409143924713,-0.20190558883925291,0.702039510011673,-0.6171469688415527,-0.24532469663401457,0.28191646933555603,-0.3316080868244171,-0.03233189437170836,0.345451682806015,-0.4471096992492676,-0.18034240159769865,0.2782779037952423,-0.32789042592048645,-0.25000676069041106,0.2225043773651123,-0.2178090214729309,-0.25916981253405424,0.1647932231426239,-0.37143903970718384,-0.02845439057429644,0.22210732102394104,-0.4608508348464966,-0.19328133318205687,0.17286062240600586,-0.3104720115661621,-0.21277212652941557,0.12595948576927185,-0.19360435009002686,-0.17627559158583495,0.04885685443878174,-0.39013850688934326,-0.030729900334080185,0.10978385806083679,-0.45974552631378174,-0.16113498363276335,0.09104296565055847,-0.3370867669582367,-0.16940024051447722,0.05929012596607208,-0.22958600521087646,-0.13901602778216215
Z,0.0,0.0,0.0,0.11631424725055695,-0.0004124641418457031,-0.0912335478988382,0.2099177986383438,-0.10115885734558105,-0.12482381251723496,0.148489311337471,-0.2219429612159729,-0.14734823641450134,0.05727919936180115,-0.2781614065170288,-0.16674849030644623,0.23944546282291412,-0.27258729934692383,-0.06012466562063423,0.32506372034549713,-0.41733258962631226,-0.11631282058627335,0.3778064399957657,-0.5141885280609131,-0.1559468173709604,0.4115837961435318,-0.5922426283359528,-0.1829979383674356,0.1410023719072342,-0.2894399166107178,-0.047616519155809556,0.15122006833553314,-0.37300533056259155,-0.14704782900483337,0.13182951509952545,-0.254835844039917,-0.18379424152047363,0.11625294387340546,-0.16911572217941284,-0.1814437472549173,0.04798579216003418,-0.28904208540916443,-0.043939050408909,0.05131329596042633,-0.3562280833721161,-0.15530365345151154,0.05146777629852295,-0.22390371561050415,-0.15651900705964295,0.04621121287345886,-0.1436946988105774,-0.1239815765348169,-0.04864014685153961,-0.269165575504303,-0.045603789511034165,-0.031831979751586914,-0.32543110847473145,-0.1329835319247934,-0.018897101283073425,-0.22342267632484436,-0.12514136371285645,-0.02103002369403839,-0.15075695514678955,-0.0943710469928476
Z,0.0,0.0,0.0,0.1616695672273636,0.028536617755889893,-0.14402439174563142,0.3224092572927475,-0.05587947368621826,-0.215086345647876,0.3112585097551346,-0.22821879386901855,-0.2695993679514572,0.2050892561674118,-0.3505078852176666,-0.3212957578650162,0.39701147377491,-0.2347065806388855,-0.08835343745857926,0.539277508854866,-0.3862192928791046,-0.17614332315832826,0.6295332461595535,-0.49527886509895325,-0.23893940923125,0.7034135013818741,-0.5805437564849854,-0.2803743082037613,0.2859817296266556,-0.30086350440979004,-0.06064083156496736,0.3452541381120682,-0.40217483043670654,-0.20787530121714326,0.2639254778623581,-0.2832239866256714,-0.27087115225702973,0.20488481223583221,-0.18312996625900269,-0.27586700496584626,0.17549289762973785,-0.34339332580566406,-0.04747697067767831,0.22805650532245636,-0.4305259585380554,-0.2093683826676056,0.1665506213903427,-0.2834511995315552,-0.22255333242327424,0.11762230098247528,-0.1706123948097229,-0.1840901124230072,0.061045899987220764,-0.3668954372406006,-0.04198676822096559,0.10737402737140656,-0.4257377088069916,-0.17584535953909608,0.08033424615859985,-0.3073973059654236,-0.18513826010138246,0.05100180208683014,-0.20513814687728882,-0.1553687649717972
Z,0.0,0.0,0.0,0.16715988516807556,-0.005214214324951172,-0.16992058319453918,0.30520179867744446,-0.09296250343322754,-0.25675191444759093,0.28274866938591003,-0.2554616332054138,-0.32532199186687194,0.17789411544799805,-0.3777124285697937,-0.3887599603593799,0.37101295590400696,-0.2755838632583618,-0.11045256716613494,0.5215359628200531,-0.42195504903793335,-0.2243009106576892,0.6115647852420807,-0.5337104946374893,-0.3029863731325122,0.6875625550746918,-0.6199705004692078,-0.35084511799220763,0.24734067916870117,-0.32420986890792847,-0.07879205507640563,0.3208511769771576,-0.4379507303237915,-0.2593610481679889,0.24258390069007874,-0.30487072467803955,-0.32997708482150756,0.18218109011650085,-0.19373923540115356,-0.3310508922994586,0.12701416015625,-0.3581565320491791,-0.06720753473643981,0.18227756023406982,-0.4380699396133423,-0.25771700305347167,0.13165783882141113,-0.28469300270080566,-0.27605154079799377,0.09054216742515564,-0.1711832880973816,-0.23143601877097808,0.007684245705604553,-0.37876492738723755,-0.06583036196832381,0.07018148899078369,-0.4490961730480194,-0.20827936095599853,0.05302964150905609,-0.333518922328949,-0.2174034313619586,0.022454053163528442,-0.23331111669540405,-0.18512101930980407
Z,0.0,0.0,0.0,0.1706039309501648,-0.0023293495178222656,-0.17054353786562615,0.30929142236709595,-0.08853816986083984,-0.2570500536069744,0.28287023305892944,-0.2499769926071167,-0.3246847553357952,0.1772315502166748,-0.3743688762187958,-0.38721807433222466,0.3687400817871094,-0.2688921093940735,-0.11068265272234612,0.514218807220459,-0.41733554005622864,-0.22700758410547905,0.6017037034034729,-0.5294078886508942,-0.3077795667753094,0.6741611957550049,-0.6167567223310471,-0.35632945729349785,0.2441830039024353,-0.3187970519065857,-0.07849072797154122,0.3186706304550171,-0.43672481179237366,-0.25974016023729973,0.24508315324783325,-0.30385878682136536,-0.3311034007177227,0.1847352683544159,-0.19255751371383667,-0.33224965764139824,0.12504488229751587,-0.3549658954143524,-0.06666830314253502,0.18361321091651917,-0.4356628656387329,-0.25763039423083,0.13520613312721252,-0.279774010181427,-0.27535717321489983,0.09393447637557983,-0.1673678755760193,-0.22977930439566308,0.009812027215957642,-0.3779989778995514,-0.06501904262159997,0.06968486309051514,-0.4449503421783447,-0.20719014240359002,0.05251653492450714,-0.32627636194229126,-0.21540659798239403,0.021971598267555237,-0.22749626636505127,-0.18213780356501275
Z,0.0,0.0,0.0,0.17562147974967957,0.00438690185546875,-0.16842836183820964,0.3246714770793915,-0.0869249701499939,-0.25761155826364757,0.29254889488220215,-0.2556097209453583,-0.32619164926325084,0.17809969186782837,-0.3686116933822632,-0.38842354757105113,0.39352697134017944,-0.27683255076408386,-0.11449547899280788,0.5325549840927124,-0.42232877016067505,-0.22773045343672038,0.6202089786529541,-0.5236113965511322,-0.30693723303591014,0.6898807287216187,-0.6103003621101379,-0.35656388146196605,0.26597949862480164,-0.32984089851379395,-0.08266092134033443,0.33181923627853394,-0.42537569999694824,-0.2618754957369447,0.25869518518447876,-0.2797531485557556,-0.3287777159861207,0.1968827247619629,-0.1761631965637207,-0.32816697699342967,0.14605584740638733,-0.36131584644317627,-0.06926005375896693,0.20225131511688232,-0.4373997151851654,-0.2541693006209016,0.1593698263168335,-0.2769085466861725,-0.2618602667502046,0.11761936545372009,-0.17200273275375366,-0.2127087418488145,0.025596126914024353,-0.37342730164527893,-0.06636764151369334,0.08380270004272461,-0.42259925603866577,-0.20690995497022868,0.07203379273414612,-0.29923367500305176,-0.21000708681856395,0.04422663152217865,-0.209708571434021,-0.17298468989645244
Z,0.0,0.0,0.0,0.1814795434474945,-0.010295629501342773,-0.1399531706585435,0.3305704593658447,-0.09560376405715942,-0.20754728162427227,0.3112986981868744,-0.2664191722869873,-0.26350830936570446,0.214951753616333,-0.38506463170051575,-0.31547807598252575,0.40080633759498596,-0.27837681770324707,-0.06054649198193829,0.5497885048389435,-0.42765742540359497,-0.14518775487084667,0.6380791962146759,-0.5372662097215652,-0.20779711449284832,0.7071875631809235,-0.6258848160505295,-0.24885125899453442,0.28193598985671997,-0.33522796630859375,-0.03668307209153454,0.3490515649318695,-0.44166964292526245,-0.18853556060929577,0.2799641489982605,-0.32772892713546753,-0.25318225169320385,0.21770510077476501,-0.22389352321624756,-0.25549285555024426,0.16430792212486267,-0.36717888712882996,-0.029078899638250277,0.2187708616256714,-0.4541018307209015,-0.19573216581483166,0.17429423332214355,-0.305814266204834,-0.209800411702588,0.13091900944709778,-0.18584281206130981,-0.16726094925542156,0.04424813389778137,-0.37754568457603455,-0.029793475510075496,0.09619373083114624,-0.44367706775665283,-0.16149771654744427,0.08206284046173096,-0.32761380076408386,-0.16775693440575878,0.05746974050998688,-0.22747772932052612,-0.13384330713887493
Z,0.0,0.0,0.0,0.17546994984149933,0.0068315863609313965,-0.13308699464744222,0.33401183784008026,-0.08102744817733765,-0.19666478073543203,0.30922500789165497,-0.25071561336517334,-0.24733027851527822,0.20174117386341095,-0.36904722452163696,-0.29551944172328604,0.3870237320661545,-0.2585104703903198,-0.0673841465110172,0.5358402580022812,-0.4157867729663849,-0.15214750206416738,0.6257272213697433,-0.5298963189125061,-0.21498504316753042,0.6978186815977097,-0.6203820705413818,-0.256659031271397,0.27104999125003815,-0.31863197684288025,-0.045037437587438944,0.34625814855098724,-0.42433419823646545,-0.19465000963157308,0.2700888365507126,-0.30143606662750244,-0.26075792348331106,0.20450858771800995,-0.19092470407485962,-0.26629087364619863,0.157171830534935,-0.35631996393203735,-0.036960669218956355,0.22035713493824005,-0.4449681043624878,-0.1993959400648464,0.16749899089336395,-0.29601937532424927,-0.21316571569388998,0.11970283091068268,-0.17794281244277954,-0.17364288902228964,0.040964335203170776,-0.3744701147079468,-0.03581479227489126,0.10040639340877533,-0.4399167001247406,-0.16592505609935415,0.08195482194423676,-0.3194079101085663,-0.17146319186633718,0.05393953621387482,-0.21224617958068848,-0.13882666861957205
Z,0.0,0.0,0.0,0.18162846565246582,0.0014876723289489746,-0.15056696031791716,0.34098556637763977,-0.08479225635528564,-0.2238635519574359,0.31748589873313904,-0.2574352025985718,-0.28138933573467284,0.20841741561889648,-0.3798435628414154,-0.33507291470272094,0.3963634669780731,-0.26323652267456055,-0.083230564935036,0.546507865190506,-0.42233699560165405,-0.18271539602977782,0.6385408341884613,-0.5342235416173935,-0.25527183209163695,0.7136875689029694,-0.6248523592948914,-0.30207655821544677,0.27909794449806213,-0.3218775987625122,-0.056260450376100835,0.3501199781894684,-0.4334549605846405,-0.22182259951335936,0.2713753283023834,-0.3005072772502899,-0.29402426872951537,0.20657509565353394,-0.19028234481811523,-0.30122254286510497,0.16459396481513977,-0.36227452754974365,-0.046432773215599354,0.22941464185714722,-0.4532710611820221,-0.22442632411224395,0.1768248975276947,-0.29902082681655884,-0.24298488591415435,0.12685537338256836,-0.1825108528137207,-0.20331593845588714,0.04690949618816376,-0.38473379611968994,-0.04494986553294211,0.10923609137535095,-0.4498380422592163,-0.1860622415373996,0.09153497219085693,-0.32562947273254395,-0.19682342801792174,0.0586971789598465,-0.21852350234985352,-0.16614618395072966
Z,0.0,0.0,0.0,0.17416468262672424,0.01206052303314209,-0.12338018242925841,0.33792975544929504,-0.08131563663482666,-0.18332507286876876,0.31394246220588684,-0.2581978738307953,-0.2314141449770375,0.20642006397247314,-0.373371422290802,-0.2772669849237843,0.40644195675849915,-0.26372841000556946,-0.07081679080337722,0.5494208633899689,-0.4205874800682068,-0.1471557972273274,0.6425529420375824,-0.5279082804918289,-0.20242035959572036,0.711048036813736,-0.614763617515564,-0.23957533214897353,0.290554404258728,-0.32484981417655945,-0.05221871857256133,0.3434143364429474,-0.4180450439453125,-0.19041750405639846,0.2709631025791168,-0.2849608063697815,-0.2421475854954167,0.21078097820281982,-0.18108820915222168,-0.23951833520740706,0.17716729640960693,-0.3578381836414337,-0.04561079119056899,0.21562978625297546,-0.4374513626098633,-0.19518513058037001,0.16799858212471008,-0.2804090082645416,-0.19329158042282302,0.12406128644943237,-0.16862249374389648,-0.14693973039001662,0.05543805658817291,-0.3688335418701172,-0.045882022126619404,0.10809525847434998,-0.43655747175216675,-0.16341704700798232,0.08756425976753235,-0.31239771842956543,-0.15393405233234603,0.05509999394416809,-0.2156771421432495,-0.11256968055576522
Z,0.0,0.0,0.0,0.17649582028388977,0.0024069547653198242,-0.118612720119188,0.34634870290756226,-0.09121227264404297,-0.17557467375917213,0.32239365577697754,-0.2666667103767395,-0.22155363713426368,0.21711578965187073,-0.3868795931339264,-0.26665283595247047,0.4063127040863037,-0.2769709527492523,-0.06391712878865974,0.5513667464256287,-0.4371582567691803,-0.13846842800302284,0.6361672878265381,-0.5493052303791046,-0.19332781289739387,0.7048079371452332,-0.6411383748054504,-0.23052467261476295,0.2867988348007202,-0.33904972672462463,-0.04603985925240295,0.35592103004455566,-0.4558621644973755,-0.17780358945054786,0.28839537501335144,-0.3330886960029602,-0.23489796971006172,0.22948044538497925,-0.22194355726242065,-0.2385472491852738,0.1699255108833313,-0.37288254499435425,-0.039503848599622415,0.23035407066345215,-0.4657371938228607,-0.18690854166669624,0.18351027369499207,-0.312430739402771,-0.19354592119378822,0.13764724135398865,-0.1931384801864624,-0.15341907595319526,0.04921963810920715,-0.3826287090778351,-0.038623275654742883,0.11365866661071777,-0.4551647901535034,-0.15750367795152442,0.10053092241287231,-0.3350260555744171,-0.1561699197165467,0.07222139835357666,-0.2287299633026123,-0.12108836178703086
Z,0.0,0.0,0.0,0.18300104141235352,0.009002745151519775,-0.12523337983284932,0.3431404232978821,-0.08637326955795288,-0.1870378532329653,0.31839603185653687,-0.2656380832195282,-0.23618046723996144,0.21449685096740723,-0.3871401846408844,-0.28347885393296224,0.41121596097946167,-0.27228081226348877,-0.07487321429644567,0.5565640926361084,-0.426183819770813,-0.15167335950528127,0.6504004001617432,-0.5327064692974091,-0.20735001348649007,0.7176059484481812,-0.6192117929458618,-0.24469336651955587,0.2918286919593811,-0.3335682153701782,-0.05509457894359571,0.3521077036857605,-0.4273335337638855,-0.19203580700551015,0.27987140417099,-0.29316258430480957,-0.24371178232823354,0.21543291211128235,-0.18930578231811523,-0.24135868035946828,0.17658761143684387,-0.36610493063926697,-0.04719674371872884,0.2264552116394043,-0.44786638021469116,-0.19655744516049367,0.181729257106781,-0.28966253995895386,-0.1959061005035494,0.13485252857208252,-0.1770944595336914,-0.15049187623654348,0.05465281009674072,-0.37415218353271484,-0.04605157830511075,0.11326152086257935,-0.4409438967704773,-0.16669368528519612,0.09803879261016846,-0.3123621344566345,-0.15949710988198262,0.0669984221458435,-0.21323150396347046,-0.1189041861215685
Z,0.0,0.0,0.0,0.14824989438056946,-0.034028053283691406,-0.08059025129006159,0.30177295207977295,-0.13307809829711914,-0.108451332353809,0.2684133052825928,-0.31486180424690247,-0.14176816066429865,0.15650978684425354,-0.43689340353012085,-0.17484172006771814,0.3353741765022278,-0.2872805595397949,0.062032774633905774,0.5035413503646851,-0.4339318871498108,0.006607467851779347,0.5837693810462952,-0.5270401835441589,-0.04689044078514826,0.6307476162910461,-0.6152771264314651,-0.08515448441431772,0.214485764503479,-0.3480374813079834,0.06441171149089087,0.2738804221153259,-0.5046758353710175,-0.056546400689342136,0.2404463291168213,-0.3863436281681061,-0.1383640946976925,0.2022901177406311,-0.2683897018432617,-0.15977746566460382,0.09363812208175659,-0.38711556792259216,0.05047055015637625,0.1526871919631958,-0.4988512396812439,-0.10003490319178354,0.13409125804901123,-0.3433839976787567,-0.14787522276566278,0.10733729600906372,-0.22037535905838013,-0.13089500685856592,-0.031941235065460205,-0.4148363173007965,0.035245117343208676,0.05233541131019592,-0.497256875038147,-0.07356688698456537,0.050023823976516724,-0.37611067295074463,-0.09363780488894236,0.03275245428085327,-0.25164318084716797,-0.07801780422852289
Z,0.0,0.0,0.0,0.18727606534957886,-0.01045006513595581,-0.11862676223586277,0.3565119206905365,-0.10809081792831421,-0.17413390060733036,0.32751402258872986,-0.28643596172332764,-0.21978117903540806,0.21653708815574646,-0.4044891595840454,-0.2642858513243027,0.4065351188182831,-0.28916066884994507,-0.05246721586058811,0.5508125126361847,-0.4483563303947449,-0.12753266474078373,0.6372274458408356,-0.5577022582292557,-0.18423203011820988,0.7056380808353424,-0.6505220234394073,-0.22316156705687717,0.28383883833885193,-0.3505847454071045,-0.035720691139204064,0.35691455006599426,-0.4657537639141083,-0.17527559777568058,0.29690971970558167,-0.34415605664253235,-0.2407776453144379,0.23715806007385254,-0.23368459939956665,-0.24836860975096897,0.16645047068595886,-0.3836141526699066,-0.030907454023463288,0.23315855860710144,-0.47061797976493835,-0.18647855898211674,0.19490543007850647,-0.3179948925971985,-0.201980356181366,0.14691194891929626,-0.19935005903244019,-0.16548322519133762,0.045526981353759766,-0.39274075627326965,-0.031233957091671982,0.11530202627182007,-0.4653380811214447,-0.15501974901030735,0.1072658896446228,-0.34109625220298767,-0.15850673993895725,0.0772116482257843,-0.23363351821899414,-0.12597062071631626
Z,0.0,0.0,0.0,0.16790339350700378,0.02775883674621582,-0.11847964079817075,0.3297128677368164,-0.07537394762039185,-0.1745829522772624,0.3003571629524231,-0.24810799956321716,-0.21528761984546918,0.18877369165420532,-0.36099016666412354,-0.2544837683602168,0.388009250164032,-0.25471633672714233,-0.09321188332279462,0.5277864933013916,-0.41455069184303284,-0.1683941424055888,0.6178776621818542,-0.5200206786394119,-0.22059657575329084,0.6870387196540833,-0.6108404695987701,-0.2562472313805415,0.26826363801956177,-0.3168785870075226,-0.07578742654760617,0.3346779942512512,-0.3982807397842407,-0.20661047996719617,0.26228517293930054,-0.2600918114185333,-0.25260002316673535,0.19966942071914673,-0.16641318798065186,-0.24915587307651776,0.15204733610153198,-0.3487838804721832,-0.06752426327904004,0.20923876762390137,-0.42867428064346313,-0.2105857074423625,0.16657760739326477,-0.2615188658237457,-0.2027043938799693,0.12227201461791992,-0.15444213151931763,-0.15553284587105054,0.027980506420135498,-0.356513112783432,-0.06508657486875791,0.09002816677093506,-0.4201677441596985,-0.18063566984375257,0.07952767610549927,-0.28698575496673584,-0.16595288516720075,0.04890179634094238,-0.19140082597732544,-0.12207909079035062
Z,0.0,0.0,0.0,0.18700551986694336,-0.008011937141418457,-0.15016927245949319,0.3484244644641876,-0.09972977638244629,-0.2241564137110572,0.3226839005947113,-0.27432096004486084,-0.2835794729361396,0.21123284101486206,-0.39556705951690674,-0.3392757219443183,0.40609559416770935,-0.2830706536769867,-0.0770137501129966,0.547822505235672,-0.44158363342285156,-0.17699499849175027,0.633923202753067,-0.5512081980705261,-0.25030163351391366,0.7052148878574371,-0.6435925960540771,-0.29828256789539864,0.284524530172348,-0.34113332629203796,-0.051095534599767234,0.3512948453426361,-0.4508780837059021,-0.22224191252087167,0.2773130238056183,-0.3120422661304474,-0.29713139358852914,0.21564489603042603,-0.1987655758857727,-0.3046327573428016,0.1655668318271637,-0.3779759407043457,-0.042595729715571906,0.22650709748268127,-0.4667394757270813,-0.22601658526753,0.18100503087043762,-0.3057189881801605,-0.24571387890671303,0.13479894399642944,-0.18828409910202026,-0.20516354266499093,0.04519900679588318,-0.396070271730423,-0.04225196365212014,0.10315755009651184,-0.45431384444236755,-0.18689437631462624,0.09299573302268982,-0.3259015679359436,-0.19916101220940163,0.06736531853675842,-0.22393518686294556,-0.1686989558110099
Z,0.0,0.0,0.0,0.19331249594688416,0.0012496709823608398,-0.1781376575199829,0.33522653579711914,-0.08315616846084595,-0.2723078106610046,0.30559492111206055,-0.24806314706802368,-0.3455021058289276,0.19048437476158142,-0.3702319860458374,-0.41205569851081236,0.38816916942596436,-0.26491016149520874,-0.11671721684615477,0.5323601365089417,-0.41770029067993164,-0.23577441024463042,0.6214989423751831,-0.5286709666252136,-0.3169093106953369,0.6925118565559387,-0.6144347488880157,-0.3653850232331024,0.26296287775039673,-0.3101997971534729,-0.08242136734406813,0.3460218906402588,-0.41187530755996704,-0.27121275412719115,0.2769845128059387,-0.27680596709251404,-0.3412173067299591,0.21486449241638184,-0.17203789949417114,-0.3389114712445007,0.1469402015209198,-0.34635090827941895,-0.06952011334578856,0.2177838385105133,-0.42613503336906433,-0.269183901426004,0.17518532276153564,-0.269010066986084,-0.2877882693974243,0.13223940134048462,-0.16313719749450684,-0.24125537025611266,0.03350251913070679,-0.3742873966693878,-0.06722557294051512,0.09936437010765076,-0.4234221875667572,-0.21864084648768767,0.08404341340065002,-0.2933623790740967,-0.23016345250289305,0.05263093113899231,-0.19563078880310059,-0.19741922366301878
Z,0.0,0.0,0.0,0.1912156641483307,0.001125335693359375,-0.16329411685757123,0.3327571749687195,-0.08384567499160767,-0.24835171819023572,0.30106645822525024,-0.24847114086151123,-0.3158193033962675,0.19592252373695374,-0.3743501901626587,-0.37815425813488446,0.38951557874679565,-0.27294328808784485,-0.09925026715092145,0.5291438102722168,-0.42339617013931274,-0.20929154277138196,0.6141101717948914,-0.5328540503978729,-0.28735337674908124,0.6805835366249084,-0.6182544231414795,-0.3355803889065214,0.2644417881965637,-0.3207923471927643,-0.06936250895552121,0.3397541046142578,-0.4198641777038574,-0.24998852134041272,0.27402329444885254,-0.29310342669487,-0.3232361179619261,0.21392136812210083,-0.19088786840438843,-0.32614145696453534,0.14698508381843567,-0.3535183370113373,-0.05850013241462193,0.21447989344596863,-0.4319731891155243,-0.24994338572315655,0.1721116304397583,-0.2761170566082001,-0.2675914567738005,0.13001343607902527,-0.1664745807647705,-0.2228577387361952,0.030326157808303833,-0.372862309217453,-0.0570944611757227,0.09592807292938232,-0.424868643283844,-0.20518768847279034,0.08184349536895752,-0.2960209846496582,-0.21535567462734662,0.05371814966201782,-0.19774532318115234,-0.18196217239193402
Z,0.0,0.0,0.0,0.19274461269378662,-0.004692375659942627,-0.16494077612543379,0.3383212387561798,-0.09054803848266602,-0.25174813141012464,0.3108837306499481,-0.2568524479866028,-0.32124127616071974,0.19904452562332153,-0.3791000247001648,-0.38511820305967603,0.390682190656662,-0.2732773423194885,-0.09583064337158476,0.5339950621128082,-0.4263622760772705,-0.206212626592162,0.6221427619457245,-0.5380032807588577,-0.282941506997588,0.6928041279315948,-0.6236670613288879,-0.32961420883322035,0.26500746607780457,-0.31970545649528503,-0.0652790458955792,0.34497132897377014,-0.42094165086746216,-0.24605322052622114,0.2729763686656952,-0.28590089082717896,-0.31604333390379225,0.209858238697052,-0.1805553436279297,-0.31547533144140516,0.14755317568778992,-0.35351312160491943,-0.054747333572152,0.21675220131874084,-0.43506157398223877,-0.24767454136991773,0.17352601885795593,-0.2784293293952942,-0.26544372905874525,0.13062551617622375,-0.16931718587875366,-0.21982461382532392,0.031173259019851685,-0.3760131001472473,-0.05365760047817503,0.0999133288860321,-0.42855197191238403,-0.2018021212973622,0.08736792206764221,-0.29933226108551025,-0.2123604284682301,0.058812886476516724,-0.198622465133667,-0.179155604735854
Z,0.0,0.0,0.0,0.17600035667419434,0.023854494094848633,-0.1493167293152169,0.33158329129219055,-0.07555907964706421,-0.22558435917704855,0.3123343884944916,-0.2566291391849518,-0.28327661872714316,0.19732269644737244,-0.3756100535392761,-0.33814576388209616,0.399440199136734,-0.2655867338180542,-0.10882657141297614,0.5369962155818939,-0.41885292530059814,-0.1985161018452004,0.6262548863887787,-0.5269935727119446,-0.2588762950977639,0.6885668933391571,-0.6155188083648682,-0.29705217600672995,0.2740373909473419,-0.32195281982421875,-0.08113143713086401,0.3362738788127899,-0.41602012515068054,-0.23466163993685996,0.2686980664730072,-0.27382802963256836,-0.28918641925662314,0.20860493183135986,-0.1763736605644226,-0.28351009012072836,0.1551995575428009,-0.3531237542629242,-0.06662366659253394,0.21212634444236755,-0.43425410985946655,-0.23323597133963858,0.17017307877540588,-0.2686998248100281,-0.23527838409751212,0.12462809681892395,-0.15843379497528076,-0.18599742770999228,0.031044453382492065,-0.3640359044075012,-0.060021871038372865,0.08972850441932678,-0.42755618691444397,-0.19149603069632803,0.08218938112258911,-0.299706369638443,-0.1870170843681649,0.053952425718307495,-0.20304489135742188,-0.145406798728402
Z,0.0,0.0,0.0,0.1915169656276703,-0.014215230941772461,-0.15619075844722374,0.33841946721076965,-0.10496300458908081,-0.23392813454108818,0.31049421429634094,-0.2741292715072632,-0.2971215451760827,0.20243138074874878,-0.3923843801021576,-0.35553591499763115,0.39671847224235535,-0.29247552156448364,-0.0667719225092469,0.5347485244274139,-0.4477243721485138,-0.16237366745906456,0.6214494407176971,-0.5596383661031723,-0.2329200709863244,0.6895334422588348,-0.6449622213840485,-0.27752884278731926,0.27113673090934753,-0.34192612767219543,-0.03810198778944596,0.3423910439014435,-0.44871458411216736,-0.2076764608426629,0.2788434326648712,-0.32014477252960205,-0.28117375622230156,0.22043418884277344,-0.21028190851211548,-0.28424083242850884,0.15242907404899597,-0.3737863004207611,-0.028678607071810802,0.21461603045463562,-0.4562840759754181,-0.21247412810760125,0.17481836676597595,-0.30373862385749817,-0.23540621052222832,0.13340535759925842,-0.1879441738128662,-0.19428462336497887,0.034052759408950806,-0.38917139172554016,-0.028159284840398868,0.0972503125667572,-0.4504810869693756,-0.1715661639972268,0.08542236685752869,-0.32462048530578613,-0.18413314769702538,0.05948713421821594,-0.22064757347106934,-0.15257825503783806
Z,0.0,0.0,0.0,0.18508568406105042,-0.0170479416847229,-0.14226427511624706,0.33702200651168823,-0.10324513912200928,-0.21849410073212994,0.31436794996261597,-0.2701987028121948,-0.28536902205399883,0.20110049843788147,-0.3948717415332794,-0.3480188383286418,0.3866117596626282,-0.28732234239578247,-0.06143732206277264,0.5385124683380127,-0.4551383852958679,-0.16773550049714459,0.6330412030220032,-0.5693681538105011,-0.24566617445401562,0.710313618183136,-0.6637825965881348,-0.29537294642381084,0.26914358139038086,-0.3384285569190979,-0.04185012192778004,0.3435669541358948,-0.4536208510398865,-0.21538586751870525,0.2782323360443115,-0.3199920654296875,-0.2963650657360972,0.22124651074409485,-0.21993660926818848,-0.30938441888741863,0.15309301018714905,-0.3781646490097046,-0.04117819504193676,0.22333019971847534,-0.4728173017501831,-0.22908635274819744,0.1809680461883545,-0.3125706911087036,-0.25506643788270367,0.1351984143257141,-0.19696402549743652,-0.21849545673779858,0.034039467573165894,-0.4040273427963257,-0.04826924414686573,0.10779973864555359,-0.4649401903152466,-0.19437846378735912,0.09681710600852966,-0.33749428391456604,-0.21131446794919384,0.06547445058822632,-0.22795385122299194,-0.185265152019781
Z,0.0,0.0,0.0,0.18532270193099976,-0.007481634616851807,-0.1479621823222601,0.35046589374542236,-0.09671586751937866,-0.22245527760100003,0.32221823930740356,-0.26555025577545166,-0.2837131019027197,0.20257124304771423,-0.3834630250930786,-0.3415533001811468,0.393449604511261,-0.2854982316493988,-0.07796183184694883,0.5406082272529602,-0.4480113983154297,-0.17934632257532712,0.6315352320671082,-0.5566046684980392,-0.25558620647501584,0.7075054049491882,-0.6502068936824799,-0.30614775375437375,0.2736038565635681,-0.33945232629776,-0.05418833301376935,0.3445163369178772,-0.45397812128067017,-0.2258079196603262,0.27923446893692017,-0.32799971103668213,-0.309404849568125,0.2208605408668518,-0.2196785807609558,-0.3257087464721167,0.15702170133590698,-0.37563201785087585,-0.047093692728992664,0.22743326425552368,-0.4737491309642792,-0.23249305740904447,0.18436715006828308,-0.3129644989967346,-0.26008656577181455,0.13701733946800232,-0.19056934118270874,-0.2257687147052252,0.0383777916431427,-0.3948046863079071,-0.047720655360933506,0.10559901595115662,-0.46148431301116943,-0.19534370259356137,0.09471443295478821,-0.33205437660217285,-0.21318663612913724,0.06523549556732178,-0.22213393449783325,-0.1876033391149008
Z,0.0,0.0,0.0,0.19025862216949463,-0.014427542686462402,-0.14971065929370297,0.3488752841949463,-0.10200715065002441,-0.22678392043548,0.32084739208221436,-0.27310800552368164,-0.29150458088355435,0.20002347230911255,-0.394991397857666,-0.35202099791007413,0.39146149158477783,-0.2868439555168152,-0.07485180011229886,0.542536199092865,-0.4520379304885864,-0.17814046552615537,0.6321560144424438,-0.56398044526577,-0.25462477317290677,0.705542802810669,-0.6588473618030548,-0.3051489781423129,0.26829296350479126,-0.3389069736003876,-0.05325753649907483,0.3463665246963501,-0.46161335706710815,-0.23057607224421872,0.28314340114593506,-0.33754244446754456,-0.31649144401984586,0.22359535098075867,-0.23347854614257812,-0.33229087701278104,0.14972561597824097,-0.37554529309272766,-0.04917919671373738,0.22723239660263062,-0.4749659597873688,-0.24165212026076688,0.19041040539741516,-0.31381160020828247,-0.272483338026575,0.14438796043395996,-0.19479995965957642,-0.23826761951880826,0.030717909336090088,-0.39780116081237793,-0.052961673943570986,0.10938826203346252,-0.4601524770259857,-0.20490038803058042,0.10116055607795715,-0.32972821593284607,-0.22517213633494748,0.07006320357322693,-0.22101396322250366,-0.20077725162940396
Z,0.0,0.0,0.0,0.19752979278564453,-0.008684039115905762,-0.17179659706800976,0.3477957546710968,-0.09792262315750122,-0.2641259352609495,0.32104620337486267,-0.2681095600128174,-0.33875875872820416,0.20104467868804932,-0.38908255100250244,-0.4076161901399473,0.3936125934123993,-0.28482574224472046,-0.10183307481258908,0.5470593869686127,-0.4422786235809326,-0.2160036186620573,0.6381112039089203,-0.5578465461730957,-0.2924815933153013,0.7104186713695526,-0.6453894674777985,-0.33846645755022564,0.2689414918422699,-0.33045023679733276,-0.07005125236958065,0.35288986563682556,-0.4409202039241791,-0.25606604618280926,0.27881988883018494,-0.3031109869480133,-0.32620590132921734,0.21400141716003418,-0.19484937191009521,-0.3243865589544157,0.15088385343551636,-0.36674976348876953,-0.059547364239392664,0.22657069563865662,-0.4529542922973633,-0.25719042820185223,0.18203476071357727,-0.29262375831604004,-0.2763879815980772,0.13498267531394958,-0.17899858951568604,-0.23054971498697796,0.031062155961990356,-0.39209264516830444,-0.05937092704027691,0.1038343608379364,-0.44080477952957153,-0.21182208461016216,0.094013512134552,-0.31049054861068726,-0.22732261521070996,0.06417369842529297,-0.20863491296768188,-0.1973472307369093
Z,0.0,0.0,0.0,0.1939237117767334,-0.004890799522399902,-0.14201944116814502,0.3487134575843811,-0.08983147144317627,-0.21731740776760944,0.32915574312210083,-0.2668885588645935,-0.2822655046389855,0.21258366107940674,-0.392363578081131,-0.3440625870631493,0.39352065324783325,-0.2723875641822815,-0.05396215785606273,0.5442554950714111,-0.4295876622200012,-0.14519951287968524,0.6345665454864502,-0.5478135049343109,-0.21120288018448719,0.7058961987495422,-0.6366112232208252,-0.2543268704818047,0.2729201316833496,-0.3277682960033417,-0.032932488064602694,0.35756492614746094,-0.44545239210128784,-0.19479030911190875,0.2926144003868103,-0.32182997465133667,-0.26830058340294727,0.2307875156402588,-0.21626371145248413,-0.2746595347331322,0.1563742756843567,-0.36646541953086853,-0.029726125116781077,0.2359829545021057,-0.46469417214393616,-0.21092691067917713,0.19739288091659546,-0.3094104826450348,-0.2372171634839333,0.1508166491985321,-0.18895447254180908,-0.20071845297081836,0.03648748993873596,-0.3884480595588684,-0.03396362979276546,0.11326685547828674,-0.4418831467628479,-0.18179658595784076,0.10811489820480347,-0.3145887553691864,-0.20232987944348224,0.08060652017593384,-0.20561248064041138,-0.17771190945370563
Z,0.0,0.0,0.0,0.19450125098228455,-0.006494641304016113,-0.16447431331465623,0.3461567759513855,-0.09363353252410889,-0.2530282039005556,0.3195277452468872,-0.265702486038208,-0.3246865171749391,0.20243558287620544,-0.3907501697540283,-0.3910940188724794,0.394436776638031,-0.28323012590408325,-0.09077635144780061,0.5407621264457703,-0.43326202034950256,-0.19843809789011857,0.6295344233512878,-0.5449671745300293,-0.2731533247787752,0.7005423903465271,-0.6306605339050293,-0.3194450337250032,0.27081555128097534,-0.3331533670425415,-0.061521941031912775,0.35237544775009155,-0.44480475783348083,-0.23996150976012132,0.28314208984375,-0.3104936480522156,-0.3106620508987703,0.22116902470588684,-0.2017509937286377,-0.3108867902118959,0.15336701273918152,-0.36835217475891113,-0.052316309120158166,0.22616392374038696,-0.4535590410232544,-0.24469435697386643,0.18711495399475098,-0.2952128052711487,-0.26488851493189713,0.14300063252449036,-0.1806737184524536,-0.22100466972182176,0.03408023715019226,-0.38895654678344727,-0.052626357581118555,0.1052452027797699,-0.4382861256599426,-0.20367219036410233,0.09781208634376526,-0.30909574031829834,-0.21941517775843522,0.06978291273117065,-0.20681625604629517,-0.18984935170004746
Z,0.0,0.0,0.0,0.1988290250301361,-0.0028046369552612305,-0.16127060378005353,0.3443174958229065,-0.08429282903671265,-0.25007796311786024,0.31697922945022583,-0.2559106945991516,-0.3241345586817488,0.1959284543991089,-0.38069915771484375,-0.3936114015619978,0.3920899033546448,-0.2748933434486389,-0.08532585972955076,0.542996346950531,-0.4300192594528198,-0.19417239749839155,0.6350695490837097,-0.5470884442329407,-0.27029827261378614,0.7068255543708801,-0.6345557868480682,-0.31717836881091444,0.2674259543418884,-0.32372891902923584,-0.058048017565511145,0.35078322887420654,-0.4312322735786438,-0.2366444917958006,0.28303396701812744,-0.2989424467086792,-0.30939155841281263,0.21931293606758118,-0.19260770082473755,-0.3113560977022871,0.15050235390663147,-0.36060160398483276,-0.05099984282662717,0.22394829988479614,-0.44681641459465027,-0.24347133958747236,0.18442922830581665,-0.28960055112838745,-0.26631039405276624,0.13810962438583374,-0.17355060577392578,-0.22439916456153242,0.03153112530708313,-0.38596296310424805,-0.05324998149683324,0.10008451342582703,-0.4365255832672119,-0.20488205576350538,0.09425538778305054,-0.30765458941459656,-0.22239270830561964,0.06748402118682861,-0.2017548680305481,-0.19400887215545026
Z,0.0,0.0,0.0,0.18536049127578735,0.013385415077209473,-0.14736843122739174,0.34758955240249634,-0.08239078521728516,-0.22379790260094978,0.32030534744262695,-0.26224851608276367,-0.28252975656289436,0.199823796749115,-0.3857402503490448,-0.33868749453324654,0.3924696445465088,-0.2760443687438965,-0.10490539683598854,0.5381647944450378,-0.43440356850624084,-0.19575303806561806,0.6246916651725769,-0.5490154176950455,-0.2583035082985816,0.6856890320777893,-0.6423574984073639,-0.2991957218815742,0.26756638288497925,-0.33240604400634766,-0.07913205041188576,0.3495521545410156,-0.4351649284362793,-0.23486734940308907,0.28813737630844116,-0.30428948998451233,-0.29624016596574165,0.22395896911621094,-0.20048820972442627,-0.2968094797303138,0.14893832802772522,-0.3650464415550232,-0.06685908152360298,0.21890705823898315,-0.4446030855178833,-0.23734141899842598,0.18291828036308289,-0.2824082672595978,-0.24763385965127327,0.13960972428321838,-0.16994762420654297,-0.20453432215947487,0.025301694869995117,-0.37795373797416687,-0.06190726547140457,0.09762260317802429,-0.4279516935348511,-0.19824361814755775,0.09276008605957031,-0.29523739218711853,-0.20225881053704597,0.06629428267478943,-0.1943160891532898,-0.16784505559701302
Z,0.0,0.0,0.0,0.20934033393859863,-0.019465267658233643,-0.18043899538815822,0.3586970865726471,-0.10580527782440186,-0.2883594036370596,0.3308117687702179,-0.2755855917930603,-0.3811100125581106,0.20439067482948303,-0.4108663499355316,-0.4686717689305624,0.39321354031562805,-0.2977445125579834,-0.09161757680476512,0.5413897931575775,-0.4467988908290863,-0.21525019409955348,0.6355174481868744,-0.5647822916507721,-0.29911959173978175,0.7124817073345184,-0.648466169834137,-0.3473023772507986,0.2624845802783966,-0.33973169326782227,-0.061037626144297974,0.3481799066066742,-0.4609101116657257,-0.2597340643674215,0.27463653683662415,-0.3157900273799896,-0.33390605452359523,0.21682903170585632,-0.20791852474212646,-0.3265370726853689,0.14267155528068542,-0.37310224771499634,-0.054700624224551575,0.21842411160469055,-0.4586181044578552,-0.2644608915120443,0.18111294507980347,-0.2974602282047272,-0.2930002212792715,0.1391211450099945,-0.19050967693328857,-0.24731402101815547,0.022878021001815796,-0.40334469079971313,-0.05884387719333972,0.0991574227809906,-0.4460512101650238,-0.21499185266793575,0.09370633959770203,-0.3142196834087372,-0.23458245399297084,0.06875762343406677,-0.21770304441452026,-0.20537787678540553
Z,0.0,0.0,0.0,0.19140180945396423,0.00036150217056274414,-0.17844608528810113,0.34401047229766846,-0.09441542625427246,-0.27687980337339013,0.3176184296607971,-0.2694327235221863,-0.3559339503784713,0.19757398962974548,-0.3971388638019562,-0.43017782373624414,0.3954925537109375,-0.29304900765419006,-0.11187089337306588,0.5366246700286865,-0.44882893562316895,-0.21864988012509912,0.6293929219245911,-0.5650031119585037,-0.2894102494259414,0.6993734836578369,-0.6519158184528351,-0.33104075594144433,0.26566779613494873,-0.3378145396709442,-0.07580041243033975,0.34676897525787354,-0.45528286695480347,-0.25490759415822595,0.2820236086845398,-0.33283016085624695,-0.32258026404576867,0.22569864988327026,-0.23536550998687744,-0.3171383599777755,0.14445537328720093,-0.36884093284606934,-0.05904368413882821,0.21633976697921753,-0.4561965763568878,-0.25286512179570764,0.17890697717666626,-0.2986403703689575,-0.27528096838193505,0.13744208216667175,-0.18579304218292236,-0.2304626564522323,0.02163231372833252,-0.38984405994415283,-0.05215392736988633,0.09514859318733215,-0.4404416084289551,-0.2039169828434524,0.0916408896446228,-0.3115396797657013,-0.2198117832680282,0.0673365592956543,-0.2126283049583435,-0.18885439737039178
Z,0.0,0.0,0.0,0.20231911540031433,-0.012827813625335693,-0.16307039913965582,0.35058578848838806,-0.10071593523025513,-0.25009315070940374,0.316249817609787,-0.2698562741279602,-0.32220976409746527,0.18997934460639954,-0.391420841217041,-0.38888781127764105,0.38824155926704407,-0.28834497928619385,-0.07833157834841131,0.5416595637798309,-0.4458836615085602,-0.19087720272375464,0.6376933157444,-0.5629824697971344,-0.27130847034288763,0.7143591344356537,-0.649863213300705,-0.320397216652168,0.263365238904953,-0.3336406648159027,-0.050465293054116955,0.3459199368953705,-0.44664812088012695,-0.23477250692678808,0.27518120408058167,-0.3141683042049408,-0.31419365463091253,0.2119232714176178,-0.2053561806678772,-0.3194567447645795,0.14475253224372864,-0.36878329515457153,-0.04375557584000944,0.22189390659332275,-0.4657557010650635,-0.24173513409925818,0.18023034930229187,-0.30717211961746216,-0.2704153543455732,0.135086327791214,-0.19077742099761963,-0.23073557374311804,0.024660348892211914,-0.39330393075942993,-0.04637562838627218,0.09930506348609924,-0.4456956684589386,-0.2009168600781095,0.09255611896514893,-0.3182416558265686,-0.22180097160173773,0.06609246134757996,-0.21336424350738525,-0.19527390954328894
Z,0.0,0.0,0.0,0.20612382888793945,-0.004769682884216309,-0.18144639093043224,0.3531191647052765,-0.08906400203704834,-0.28539142269255535,0.32411399483680725,-0.2578239440917969,-0.37100941199423687,0.20132222771644592,-0.38968589901924133,-0.4504839505589189,0.38942310214042664,-0.2839473783969879,-0.11386002856852429,0.5409831702709198,-0.43292000889778137,-0.23840353149535076,0.6382015645503998,-0.5453768223524094,-0.3213335301315965,0.7155883014202118,-0.6290554702281952,-0.37010166305663006,0.26104363799095154,-0.32593998312950134,-0.08193943161131756,0.35663309693336487,-0.4380455017089844,-0.27321657795073406,0.2918720543384552,-0.3005993962287903,-0.34228876489760296,0.23145410418510437,-0.1990809440612793,-0.3383153106606187,0.14170479774475098,-0.3573884069919586,-0.07332273829342739,0.2255450189113617,-0.44662246108055115,-0.276815416995305,0.1890869438648224,-0.28668013215065,-0.2973112787640275,0.1451793611049652,-0.18095499277114868,-0.25167358178259747,0.02119329571723938,-0.381539523601532,-0.07595218229653256,0.10596200823783875,-0.42217913269996643,-0.23307197052599804,0.10286164283752441,-0.295091837644577,-0.25199651974799053,0.07426455616950989,-0.200850248336792,-0.22466898221136944
Z,0.0,0.0,0.0,0.2019881308078766,-0.010304868221282959,-0.158995804452843,0.361194908618927,-0.09629333019256592,-0.2449284913777774,0.329598069190979,-0.272505521774292,-0.3166340562343066,0.21035513281822205,-0.4051550030708313,-0.3845113190650409,0.40256398916244507,-0.2882169485092163,-0.08753107961410933,0.5538501143455505,-0.45121896266937256,-0.19773557510370665,0.6482649445533752,-0.570391520857811,-0.2758870991706317,0.7219247221946716,-0.6624366343021393,-0.32464611258501463,0.27517688274383545,-0.34090179204940796,-0.06122807514066153,0.3575754761695862,-0.46526095271110535,-0.24245854940409117,0.28862518072128296,-0.3274458944797516,-0.31867697563166075,0.22519823908805847,-0.21693527698516846,-0.32322793927187377,0.15533745288848877,-0.3769266903400421,-0.05382623251671248,0.2353847324848175,-0.4754694998264313,-0.24917779591078215,0.19607508182525635,-0.3119067847728729,-0.27037933197016173,0.14770790934562683,-0.1925903558731079,-0.22652096774572783,0.03165501356124878,-0.3982505202293396,-0.055100650602526,0.11145561933517456,-0.4566718339920044,-0.2086968394755786,0.10617393255233765,-0.3273687958717346,-0.22351516511434966,0.0766029953956604,-0.2221471071243286,-0.1925140592097705
Z,0.0,0.0,0.0,0.19393441081047058,0.012012124061584473,-0.16615598276166565,0.35757553577423096,-0.08127546310424805,-0.25675304606465943,0.3319103717803955,-0.2645353078842163,-0.33027159050016053,0.20147722959518433,-0.39561188220977783,-0.4019797630598987,0.39003872871398926,-0.2703608274459839,-0.09514647349624283,0.5374317765235901,-0.4265473186969757,-0.20314976945428498,0.636694610118866,-0.5527573823928833,-0.2802756912997211,0.7195239067077637,-0.6431821286678314,-0.3266211934378589,0.2639017701148987,-0.32244473695755005,-0.06062413006930001,0.34087181091308594,-0.4421827495098114,-0.23204467072991974,0.27387869358062744,-0.3105661869049072,-0.30325375869779236,0.21985802054405212,-0.19764363765716553,-0.3034353144457782,0.14409449696540833,-0.35742539167404175,-0.04444333538322098,0.21475636959075928,-0.45779305696487427,-0.23062290623693116,0.17661893367767334,-0.29962781071662903,-0.254118967800423,0.1375962793827057,-0.1758851408958435,-0.2118692882349933,0.020468443632125854,-0.38126853108406067,-0.03681661933569558,0.09548166394233704,-0.4484267830848694,-0.1821022815993274,0.09470349550247192,-0.32613539695739746,-0.19683520868329651,0.07267975807189941,-0.21354347467422485,-0.16619956865815766
Z,0.0,0.0,0.0,0.2023034691810608,-0.006895542144775391,-0.1592399282894803,0.3627581298351288,-0.09216761589050293,-0.2480325503788663,0.3345535099506378,-0.27063578367233276,-0.3245186014614774,0.21202915906906128,-0.4046320617198944,-0.3977932436905576,0.40367797017097473,-0.28463882207870483,-0.07177683995587358,0.5508202016353607,-0.4470338225364685,-0.17747810022456179,0.6466687619686127,-0.5677525699138641,-0.2550489409409238,0.7219991385936737,-0.6593542993068695,-0.30384619073493013,0.2766354978084564,-0.33595871925354004,-0.045474438979454135,0.3612276017665863,-0.45892274379730225,-0.22550744847876558,0.29454484581947327,-0.3283992409706116,-0.3086213274441434,0.22857093811035156,-0.22310686111450195,-0.31714523868186006,0.15581855177879333,-0.3730603754520416,-0.03814403624755869,0.2383120357990265,-0.4740982949733734,-0.23407978849036226,0.1993120312690735,-0.3112638294696808,-0.2630904717884732,0.1481216549873352,-0.18859386444091797,-0.22332094149214754,0.02961137890815735,-0.39806538820266724,-0.03914144919735918,0.11347419023513794,-0.4565221071243286,-0.19357405142409334,0.11166846752166748,-0.3265487849712372,-0.21257188455683718,0.08383756875991821,-0.21739763021469116,-0.18400698439700136
Z,0.0,0.0,0.0,0.19456015527248383,-0.0016239285469055176,-0.1561819322333804,0.36713407933712006,-0.10065090656280518,-0.24348390176157864,0.34181492030620575,-0.2817375659942627,-0.31819868161539944,0.21319390833377838,-0.4104696214199066,-0.38961145355563076,0.39517293870449066,-0.2950003147125244,-0.07252981587510021,0.5487560480833054,-0.451699435710907,-0.18121317102770718,0.6516994088888168,-0.571195662021637,-0.25749382450442226,0.7352192252874374,-0.6614234745502472,-0.30304718091349514,0.2678935378789902,-0.3475532829761505,-0.04605117141466053,0.36074118316173553,-0.47620710730552673,-0.2199043191895953,0.30497853457927704,-0.3344454765319824,-0.29273119642596157,0.24837444722652435,-0.23249083757400513,-0.2934904701934329,0.14535866677761078,-0.38257068395614624,-0.03897405117015751,0.22889547049999237,-0.4793184995651245,-0.2281275845990649,0.19594959914684296,-0.3093246519565582,-0.2483968146071902,0.14951954782009125,-0.1936938762664795,-0.20293352081637295,0.016003206372261047,-0.40431368350982666,-0.040051356695698814,0.1089053601026535,-0.4641385078430176,-0.18352167382101925,0.1054704338312149,-0.3369477689266205,-0.1952417202220431,0.06888978183269501,-0.23176229000091553,-0.16331124379496487
Z,0.0,0.0,0.0,0.16873414814472198,-0.003589034080505371,-0.10591824804873795,0.33982856571674347,-0.11422324180603027,-0.14981785123677582,0.3155943304300308,-0.3019255995750427,-0.18862324660153718,0.20671333372592926,-0.42971163988113403,-0.2253789127382788,0.36004538834095,-0.2901337146759033,-0.011646693437114664,0.5199968963861465,-0.42345738410949707,-0.07068912391991944,0.6073215752840042,-0.5220649838447571,-0.10972522651286454,0.6635508686304092,-0.6036976724863052,-0.13458168213696808,0.2433902770280838,-0.36005446314811707,0.0053281086918559595,0.34275658428668976,-0.5135829746723175,-0.10012072776885361,0.34424228966236115,-0.46087291836738586,-0.1536633492025885,0.3325132876634598,-0.3868161141872406,-0.1608207345518622,0.12111015617847443,-0.40095725655555725,0.006375705027267031,0.20642833411693573,-0.5040107071399689,-0.14034215813012452,0.17699863016605377,-0.3442542552947998,-0.17288377588124604,0.13911549746990204,-0.2113645076751709,-0.14829794769616456,-0.009613439440727234,-0.4219960570335388,0.004219854385837607,0.08671785891056061,-0.4863302707672119,-0.11331992303462357,0.08801405131816864,-0.36243337392807007,-0.13408551817269654,0.06820110976696014,-0.24317848682403564,-0.11905897860856385
Z,0.0,0.0,0.0,0.19117017090320587,0.0002543330192565918,-0.14862926539569798,0.36090900003910065,-0.09060508012771606,-0.22856992718368474,0.3361027389764786,-0.2760026454925537,-0.29675726827770177,0.21307478845119476,-0.40098434686660767,-0.36094956335216466,0.38836051523685455,-0.2802813649177551,-0.06129317593365613,0.5432657152414322,-0.44350099563598633,-0.1621197187581629,0.643808975815773,-0.563889667391777,-0.23376398023754064,0.7294910103082657,-0.6535212397575378,-0.27746676143794957,0.2644507735967636,-0.3363412618637085,-0.03775494408398572,0.3608812838792801,-0.46621471643447876,-0.20372681554943028,0.29777784645557404,-0.3297896683216095,-0.2757250243106455,0.24207960069179535,-0.22465109825134277,-0.2780832820811838,0.14635445177555084,-0.37540698051452637,-0.032562604663667116,0.23164860904216766,-0.47686567902565,-0.2162012332358927,0.19408608973026276,-0.3106493353843689,-0.23594442245155278,0.15228302776813507,-0.18768030405044556,-0.1917282813468546,0.020162522792816162,-0.3985384404659271,-0.035080934433040056,0.10914395749568939,-0.4685501456260681,-0.1763403886237711,0.1055225282907486,-0.33894166350364685,-0.18528507885127965,0.07778473198413849,-0.2215239405632019,-0.15137003597408238
Z,0.0,0.0,0.0,0.19426658749580383,0.014369308948516846,-0.1580714197694988,0.3603423535823822,-0.08185011148452759,-0.2401888878881664,0.3294973075389862,-0.26891112327575684,-0.30409549790022083,0.20609384775161743,-0.3976671099662781,-0.36355440931913563,0.40140166878700256,-0.2641980051994324,-0.09889600294229695,0.5573106706142426,-0.4316440224647522,-0.20285335796472737,0.6623319089412689,-0.5528691560029984,-0.2740207226812572,0.7476174533367157,-0.6484510004520416,-0.3181346567213268,0.2732439339160919,-0.32357925176620483,-0.06995248662826725,0.3734388053417206,-0.4461396336555481,-0.23701930659410664,0.2986113131046295,-0.30143874883651733,-0.29891349988577076,0.23236960172653198,-0.1936659812927246,-0.294714084440443,0.15350499749183655,-0.3631319999694824,-0.057870397889587366,0.2385689914226532,-0.45572543144226074,-0.23972470181581684,0.18841931223869324,-0.2897662818431854,-0.24730739610788532,0.13686969876289368,-0.17899799346923828,-0.19709279256460377,0.02920861542224884,-0.385586678981781,-0.05419529097673603,0.11725124716758728,-0.45010167360305786,-0.1954382570326061,0.09900689125061035,-0.3192616403102875,-0.19599244611856648,0.05754733085632324,-0.21705609560012817,-0.1567402543365688
Z,0.0,0.0,0.0,0.16552427411079407,-0.07858437299728394,-0.11306261855249922,0.2596057653427124,-0.21222740411758423,-0.1736393331277899,0.2148115038871765,-0.39397525787353516,-0.24904129493122618,0.10506018996238708,-0.518100380897522,-0.3102124540794424,0.1717546284198761,-0.3623065650463104,0.14344818306083162,0.26291024684906006,-0.5192188024520874,0.041514066727108556,0.27938365936279297,-0.48150381445884705,-0.027656929819636744,0.24774914979934692,-0.4419233500957489,-0.055875709532552165,0.05241048336029053,-0.3753565847873688,0.1453223766099878,0.14341512322425842,-0.5684383511543274,-0.0005565504154905199,0.1735411286354065,-0.42365771532058716,-0.07674572455769102,0.10811185836791992,-0.3339464068412781,-0.07987481939678709,-0.06565630435943604,-0.3994898200035095,0.10728011441344698,0.02857324481010437,-0.561319887638092,-0.05761482778077642,0.07442685961723328,-0.4097326993942261,-0.11401545095329801,0.01979193091392517,-0.304668128490448,-0.09797809111958067,-0.1868964433670044,-0.42656973004341125,0.060535045088476735,-0.07820092141628265,-0.5228748023509979,-0.04261006626372854,-0.030933082103729248,-0.4122661054134369,-0.07998454409723799,-0.05776086449623108,-0.3087393045425415,-0.07827061253672163
Z,0.0,0.0,0.0,0.11431601643562317,0.00010132789611816406,-0.07268102146495892,0.21775954961776733,-0.09145033359527588,-0.09815223194469525,0.16691157221794128,-0.20740583539009094,-0.11499783076156689,0.08595010638237,-0.27355286478996277,-0.12996360339035107,0.2659413814544678,-0.24960505962371826,-0.047208149505749475,0.3619178235530853,-0.38300368189811707,-0.09768115408529354,0.4177967607975006,-0.4693426638841629,-0.13388387538303448,0.45670124888420105,-0.5406576991081238,-0.1590407309662254,0.17538565397262573,-0.28020530939102173,-0.040480234248533975,0.18957743048667908,-0.3504297733306885,-0.13170411862243725,0.15500909090042114,-0.24171283841133118,-0.165367063654557,0.13234850764274597,-0.15883004665374756,-0.16362775541652752,0.08990165591239929,-0.2869071364402771,-0.04072925872911526,0.09188529849052429,-0.3379191756248474,-0.1398083833586128,0.07757803797721863,-0.21635791659355164,-0.13873532093872143,0.06776227056980133,-0.14242124557495117,-0.10886359639276577,0.004867374897003174,-0.27124154567718506,-0.04482655651678158,0.013389930129051208,-0.3158107101917267,-0.12227902985920025,0.008982077240943909,-0.21766510605812073,-0.11242218740095211,0.0014007389545440674,-0.1518193483352661,-0.08234557188858105
Z,0.0,0.0,0.0,0.1878172755241394,-0.07121133804321289,-0.09676387042259194,0.3186582624912262,-0.18940216302871704,-0.14194323003744103,0.28970274329185486,-0.36349403858184814,-0.20409145832513786,0.15932917594909668,-0.4872947633266449,-0.2534832793519399,0.27618589997291565,-0.3325909376144409,0.18303893625284218,0.34817567467689514,-0.48780757188796997,0.09630835175062202,0.34012922644615173,-0.4444500207901001,0.02098444036687397,0.318377286195755,-0.4087235927581787,-0.0157361540243528,0.15986734628677368,-0.3665558993816376,0.18139106153989815,0.22246772050857544,-0.5417785048484802,0.03721980869318031,0.2043144702911377,-0.42700421810150146,-0.07554960132097222,0.16336283087730408,-0.3408169448375702,-0.10445737719987847,0.043060481548309326,-0.40442416071891785,0.14346648871446632,0.10983297228813171,-0.531277596950531,-0.027201370079865228,0.10689541697502136,-0.3884334862232208,-0.12839816391920067,0.07218345999717712,-0.28619277477264404,-0.13774119198774315,-0.07326346635818481,-0.4472675025463104,0.10005036860252403,0.03327113389968872,-0.5058389604091644,-0.012766623613288175,0.04214540123939514,-0.4036265015602112,-0.07713261872982002,0.011960238218307495,-0.3042696714401245,-0.09249347329591728
Z,0.0,0.0,0.0,0.19489115476608276,-0.011566519737243652,-0.15511348116297086,0.347683846950531,-0.1010899543762207,-0.2330768035640176,0.3095828890800476,-0.2758467495441437,-0.2986452804793771,0.17693397402763367,-0.39169132709503174,-0.35888230073351224,0.3847200870513916,-0.2824978232383728,-0.05076929944652875,0.549248456954956,-0.45206522941589355,-0.1597905682315286,0.6542655229568481,-0.5686818957328796,-0.24686262774366696,0.7412012219429016,-0.6633932590484619,-0.3037853466262277,0.26139238476753235,-0.33328327536582947,-0.026540624155586556,0.34632110595703125,-0.4499453902244568,-0.2112749444236215,0.2783591151237488,-0.32232508063316345,-0.3096806036223825,0.21155333518981934,-0.2191452980041504,-0.330909423707908,0.14371079206466675,-0.37533965706825256,-0.02277411724526246,0.21991470456123352,-0.4740137457847595,-0.2234851347197946,0.17359334230422974,-0.31390097737312317,-0.26601006853479703,0.12070024013519287,-0.19345271587371826,-0.23570106196302731,0.025340020656585693,-0.409628689289093,-0.027117068125789956,0.09463781118392944,-0.4671209752559662,-0.18642773497003873,0.0796484649181366,-0.3338315188884735,-0.21362512576479276,0.04643374681472778,-0.21951109170913696,-0.19123863446611722
Z,0.0,0.0,0.0,0.19175297021865845,-0.020423054695129395,-0.1613616761133585,0.353008896112442,-0.11620068550109863,-0.24317304457878208,0.3146374523639679,-0.2923138439655304,-0.3109711524412546,0.18782517313957214,-0.414051353931427,-0.3744843419954691,0.4093419015407562,-0.3028047978878021,-0.07946069206451511,0.5654082000255585,-0.4762207567691803,-0.19471403624271488,0.6637305915355682,-0.5907309800386429,-0.28303686942314243,0.7468245923519135,-0.6900221407413483,-0.34082157577728367,0.28012630343437195,-0.3542715311050415,-0.05486314039086437,0.35200539231300354,-0.47491422295570374,-0.2462289002106104,0.27637165784835815,-0.3361501693725586,-0.3405686136648569,0.2129850685596466,-0.22626370191574097,-0.3593348082468424,0.15512734651565552,-0.3921641409397125,-0.0498831462428484,0.22387897968292236,-0.4921390116214752,-0.25492749776100254,0.17789402604103088,-0.326265811920166,-0.2895204838678751,0.1313086450099945,-0.20641452074050903,-0.2543499883577738,0.031226158142089844,-0.4158763289451599,-0.05349683801983929,0.09933933615684509,-0.4830244183540344,-0.2141699161693964,0.08451098203659058,-0.3458787500858307,-0.23487580980514622,0.05355311930179596,-0.23024380207061768,-0.20802677835678196
Z,0.0,0.0,0.0,0.17189772427082062,-0.016572296619415283,-0.12000011457087112,0.3331708461046219,-0.1228032112121582,-0.17214980525852752,0.30738474428653717,-0.30544230341911316,-0.21791212065102172,0.1913030594587326,-0.4269527494907379,-0.258880032132879,0.3528660088777542,-0.2889077365398407,-0.008847117330446963,0.4868919998407364,-0.4230138063430786,-0.074289923440233,0.5546757131814957,-0.4993450343608856,-0.12010109228970123,0.6054084450006485,-0.5656787902116776,-0.15077481968285156,0.2356436401605606,-0.3444124460220337,0.012141663674697156,0.31243766844272614,-0.49250733852386475,-0.1144401560533197,0.27943234145641327,-0.3940736651420593,-0.182870505284086,0.24447079002857208,-0.2949198782444,-0.1945126782167108,0.1191808432340622,-0.38550734519958496,0.015187329706236596,0.1890382319688797,-0.4917151927947998,-0.1421263794410379,0.14909781515598297,-0.34125491976737976,-0.18352559013248992,0.10884197056293488,-0.21737003326416016,-0.16315923435570312,0.0007860511541366577,-0.4155794382095337,0.013283922430559869,0.08356650173664093,-0.48042672872543335,-0.11126500917555404,0.06882856786251068,-0.3612601161003113,-0.14129158658863616,0.03870381414890289,-0.247039794921875,-0.13210795624138427
Z,0.0,0.0,0.0,0.16827936470508575,-0.021627306938171387,-0.11562049373571881,0.3375895768404007,-0.11897647380828857,-0.1714870555657626,0.3114122897386551,-0.29182106256484985,-0.22237307563011655,0.19351409375667572,-0.40382394194602966,-0.271882690336156,0.39106710255146027,-0.3027177155017853,-0.033273108150410735,0.5388568192720413,-0.47094637155532837,-0.11760092511360654,0.6368143111467361,-0.5814632177352905,-0.18797399833385953,0.7189334183931351,-0.6815156638622284,-0.23611999287788876,0.27061058580875397,-0.36208459734916687,-0.020222898419547164,0.34076108038425446,-0.4761304259300232,-0.16728010013287076,0.2768888622522354,-0.35626834630966187,-0.24933236077015408,0.21876932680606842,-0.2527287006378174,-0.2705381585616351,0.15125344693660736,-0.3995656967163086,-0.020983051355528914,0.2146977037191391,-0.5004706978797913,-0.18467124536221036,0.16414137184619904,-0.3361961543560028,-0.21143903567974576,0.11475260555744171,-0.20844364166259766,-0.18142291143124112,0.03083154559135437,-0.41586339473724365,-0.02710536852066525,0.09788806736469269,-0.495644748210907,-0.15668681993668088,0.07822053134441376,-0.36871054768562317,-0.16814842059795865,0.043870195746421814,-0.2500476837158203,-0.14113821819012173
Z,0.0,0.0,0.0,0.1651124209165573,-0.03317570686340332,-0.1257270401426922,0.3131461888551712,-0.12686705589294434,-0.18501369413820612,0.27959127724170685,-0.29901617765426636,-0.239777517885841,0.17125581204891205,-0.42673975229263306,-0.29133933541265833,0.375500813126564,-0.29763802886009216,-0.0166828980752598,0.5360279232263565,-0.45490047335624695,-0.11133256313291895,0.6270620971918106,-0.5633465647697449,-0.19116605576959955,0.6978709846735001,-0.6618815660476685,-0.24586832282034266,0.25588245689868927,-0.3513992428779602,-0.0028674156953911734,0.3250790983438492,-0.48457232117652893,-0.1675823902794491,0.26159243285655975,-0.3525305986404419,-0.2607423340984951,0.2074524313211441,-0.24207717180252075,-0.2840936457821499,0.1343182772397995,-0.3905823826789856,-0.007454737004763956,0.19765175879001617,-0.49626827239990234,-0.1881909793326031,0.14989368617534637,-0.3344607949256897,-0.22687256094900476,0.10814709961414337,-0.21473681926727295,-0.19936699923960077,0.01296532154083252,-0.41646629571914673,-0.01813548375753271,0.07921452820301056,-0.48743098974227905,-0.1561029380270611,0.06076355278491974,-0.3614073395729065,-0.1765197044321667,0.03519372642040253,-0.24877220392227173,-0.15464858469454157
Z,0.0,0.0,0.0,0.17891886830329895,-0.009703457355499268,-0.12150338794953086,0.3356267511844635,-0.11029613018035889,-0.17469937112099387,0.307819664478302,-0.28211548924446106,-0.21587472166783073,0.20279183983802795,-0.3918313980102539,-0.2542888870454476,0.4098963439464569,-0.2868196964263916,-0.05325311180121162,0.5493768155574799,-0.44233468174934387,-0.12652063872582175,0.6333797872066498,-0.5482140779495239,-0.1821908852077172,0.6965088546276093,-0.6362781524658203,-0.21894598510033347,0.2926107943058014,-0.34287700057029724,-0.03274260591632583,0.34667590260505676,-0.4425416588783264,-0.1690142950034783,0.2686205208301544,-0.31083807349205017,-0.22639619316822746,0.20822221040725708,-0.20648980140686035,-0.2259145727372811,0.1781584620475769,-0.3746054172515869,-0.024682850948636315,0.2211926281452179,-0.45796704292297363,-0.17333712186581351,0.17233088612556458,-0.30569538474082947,-0.18107270207173087,0.13037389516830444,-0.1957586407661438,-0.13904281463391044,0.05811138451099396,-0.38233429193496704,-0.022843779436414025,0.10368886590003967,-0.4539593458175659,-0.1400095721698449,0.08716922998428345,-0.3323347866535187,-0.1356724401927636,0.06184312701225281,-0.2337997555732727,-0.09604394193655708
Z,0.0,0.0,0.0,0.17113596200942993,0.0098649263381958,-0.13662258878775901,0.3236469328403473,-0.08799856901168823,-0.1956649233443386,0.29438516497612,-0.25752705335617065,-0.23757345572539634,0.18730100989341736,-0.36698994040489197,-0.2742274065358288,0.3946479260921478,-0.2552419900894165,-0.07559243187733955,0.5249904692173004,-0.41472142934799194,-0.15995250240393943,0.6095419228076935,-0.5196827799081802,-0.2208116610390789,0.6746858656406403,-0.6054671704769135,-0.2594727833611614,0.2806990146636963,-0.30826541781425476,-0.049527816180670925,0.32026490569114685,-0.40544548630714417,-0.19618171051570243,0.25031372904777527,-0.2700585722923279,-0.252162601505006,0.19998237490653992,-0.16690140962600708,-0.2489536960465557,0.16956943273544312,-0.3414486348628998,-0.03821564063855476,0.1976708471775055,-0.42082586884498596,-0.19754543498584098,0.15532049536705017,-0.26322540640830994,-0.2033708651406414,0.12316501140594482,-0.15915071964263916,-0.15797487989493675,0.05680784583091736,-0.3524417579174042,-0.03446151286789245,0.09617599844932556,-0.417820006608963,-0.15759965375491447,0.07628622651100159,-0.29227057099342346,-0.15316730335780449,0.04929754137992859,-0.20020532608032227,-0.11322749004193611
Z,0.0,0.0,0.0,0.16149812936782837,0.007100045680999756,-0.12156513786925416,0.3129873275756836,-0.08792835474014282,-0.17198628640784364,0.287212610244751,-0.25249600410461426,-0.20769137597693543,0.18712720274925232,-0.358691930770874,-0.24014939821375947,0.3810490369796753,-0.254733145236969,-0.0720180541933928,0.5109065175056458,-0.4112620949745178,-0.14670312858237367,0.5918197631835938,-0.5172563791275024,-0.20083728886260133,0.6534134745597839,-0.6050257384777069,-0.2360318646491919,0.2726205289363861,-0.3081853985786438,-0.05085372633351426,0.31070584058761597,-0.40424174070358276,-0.18024358606948,0.24118274450302124,-0.2760595679283142,-0.22866183972968201,0.19181913137435913,-0.17220544815063477,-0.22526297426833253,0.16526317596435547,-0.33956533670425415,-0.041800961709157036,0.18852916359901428,-0.4205368459224701,-0.1852855280698691,0.1453736126422882,-0.2695322334766388,-0.18613787449015717,0.11243242025375366,-0.16459548473358154,-0.14233209646357636,0.05189812183380127,-0.3471226692199707,-0.03925538144125085,0.09029671549797058,-0.4215564429759979,-0.1500619099201117,0.07239404320716858,-0.3009472191333771,-0.138867054945365,0.04525846242904663,-0.20573365688323975,-0.09720866835726838
Z,0.0,0.0,0.0,0.16344133019447327,0.004989981651306152,-0.11666309038761824,0.30991867184638977,-0.09144419431686401,-0.1621978650486824,0.28372904658317566,-0.2536010146141052,-0.19523469308975905,0.18783792853355408,-0.3532240092754364,-0.22524029711846083,0.37852826714515686,-0.25972163677215576,-0.059140108028685745,0.5043521225452423,-0.4104144871234894,-0.12925793925884932,0.580496221780777,-0.5129007697105408,-0.17914038101795882,0.6399090588092804,-0.5938377380371094,-0.21099104682568282,0.27014297246932983,-0.30808162689208984,-0.0394563781714794,0.3043387234210968,-0.4099295735359192,-0.16755942205551833,0.2381175458431244,-0.28948163986206055,-0.2166031668579933,0.1925029158592224,-0.1836041808128357,-0.21229005555275648,0.1626790463924408,-0.3352013826370239,-0.032129480937754806,0.18036320805549622,-0.4181289076805115,-0.17563494245175093,0.13938364386558533,-0.27269837260246277,-0.18115452627304762,0.11123523116111755,-0.16413486003875732,-0.13905475238922804,0.05101466178894043,-0.33959048986434937,-0.03096275168124407,0.08476760983467102,-0.4158848822116852,-0.14066510597828596,0.06608632206916809,-0.30233192443847656,-0.13334800998333662,0.043538898229599,-0.2079463005065918,-0.09442721257570952
Z,0.0,0.0,0.0,0.15978795289993286,0.005842685699462891,-0.08774844036457807,0.29998135566711426,-0.0903272032737732,-0.1174710266387251,0.2746519446372986,-0.24630039930343628,-0.13890181706307203,0.18385854363441467,-0.3412376642227173,-0.15928167329190046,0.36326372623443604,-0.25221502780914307,-0.04262285158989698,0.488453209400177,-0.4006696939468384,-0.09882324413416654,0.5629339814186096,-0.49887344241142273,-0.1406602881943968,0.618158221244812,-0.581571489572525,-0.17034438476918012,0.25979161262512207,-0.30328139662742615,-0.03271118775961668,0.2923400402069092,-0.40217870473861694,-0.14294944928047926,0.23847836256027222,-0.2769164741039276,-0.1853425972258833,0.19492167234420776,-0.17316454648971558,-0.1830300860202101,0.15560045838356018,-0.328647643327713,-0.03144346774575979,0.17302632331848145,-0.4140191078186035,-0.15674898252842695,0.13950461149215698,-0.2662163972854614,-0.15721832440254957,0.10907953977584839,-0.16235381364822388,-0.11893280074951917,0.044731199741363525,-0.33055999875068665,-0.034251096109130685,0.07433563470840454,-0.4044521450996399,-0.13381546960232527,0.06029230356216431,-0.28682196140289307,-0.12421225980875761,0.03699788451194763,-0.1955653429031372,-0.08799447343704969
Z,0.0,0.0,0.0,0.10738442838191986,-0.012374818325042725,-0.09073383939778523,0.20704124867916107,-0.10106790065765381,-0.1235359443477364,0.1492849737405777,-0.21411839127540588,-0.14404486698424535,0.06254516541957855,-0.27769550681114197,-0.16092955154692845,0.25687022507190704,-0.25700411200523376,-0.05422581565892415,0.3524196892976761,-0.386343777179718,-0.10886657816683964,0.40640319883823395,-0.47255969047546387,-0.14867981356894688,0.4463703781366348,-0.5446479022502899,-0.17514137012278752,0.16809184849262238,-0.28466951847076416,-0.04021961820637898,0.17091377079486847,-0.36106979846954346,-0.1314910857132645,0.13531674444675446,-0.26203081011772156,-0.16919999403273778,0.12069560587406158,-0.18755972385406494,-0.169907679980156,0.08452893793582916,-0.2902625799179077,-0.03538397533213811,0.07887519896030426,-0.3434964418411255,-0.13496278805052953,0.0634482353925705,-0.23473003506660461,-0.14002954048430638,0.058880582451820374,-0.17038094997406006,-0.11321829838072972,0.002645432949066162,-0.2723824083805084,-0.036183497135994,0.007695108652114868,-0.3226260840892792,-0.11079265010869221,0.003429695963859558,-0.23618590831756592,-0.10191996974265294,-0.0035026073455810547,-0.173048734664917,-0.07226556373154835
Z,0.0,0.0,0.0,0.1573808193206787,0.011286377906799316,-0.08566958013519965,0.29832735657691956,-0.08428436517715454,-0.11544501337752067,0.2761361300945282,-0.24416375160217285,-0.13675599101528846,0.18405291438102722,-0.33876290917396545,-0.15761943462834083,0.3608115017414093,-0.2475576400756836,-0.04690398577198707,0.48552975058555603,-0.39324578642845154,-0.09962653670057975,0.5591250360012054,-0.4889296889305115,-0.13880315724358283,0.614460676908493,-0.5703972578048706,-0.16773310605034553,0.25870075821876526,-0.29892078042030334,-0.03809878903970443,0.29347530007362366,-0.39327025413513184,-0.1426482379768821,0.2402426302433014,-0.27141696214675903,-0.1831663579081031,0.19280922412872314,-0.1730128526687622,-0.18206428292736732,0.15701976418495178,-0.32302677631378174,-0.03706058416113578,0.17823132872581482,-0.40601325035095215,-0.15656236115441047,0.15010514855384827,-0.25984910130500793,-0.15613726082787238,0.1171804666519165,-0.15986907482147217,-0.12012975964293204,0.04740068316459656,-0.3227505087852478,-0.04000753465637885,0.08009850978851318,-0.396744042634964,-0.13630724254593574,0.07317522168159485,-0.28188639879226685,-0.1269255906675788,0.05080494284629822,-0.19303035736083984,-0.09271464053139411
Z,0.0,0.0,0.0,0.1593022346496582,0.005927920341491699,-0.08742738820009777,0.28962981700897217,-0.09865176677703857,-0.11130132085972377,0.26023268699645996,-0.25656020641326904,-0.12372237748795101,0.16578638553619385,-0.3483718931674957,-0.13197265125208446,0.33913248777389526,-0.24339526891708374,-0.045916605064206806,0.4559646248817444,-0.3901948630809784,-0.10013066537075588,0.5283775329589844,-0.485210657119751,-0.14110323346548626,0.5839824676513672,-0.56869176030159,-0.17142860151224681,0.23920953273773193,-0.28949326276779175,-0.03624017841511318,0.2742552161216736,-0.3887938857078552,-0.1330953941433961,0.2196791172027588,-0.26267826557159424,-0.1676592186778123,0.17578092217445374,-0.16817176342010498,-0.1646687493413026,0.13640040159225464,-0.31672894954681396,-0.036455790767007556,0.16261738538742065,-0.4149690866470337,-0.1493108824580247,0.12820672988891602,-0.26487937569618225,-0.14800597287111827,0.09746307134628296,-0.170116126537323,-0.11333071000271389,0.026639193296432495,-0.3209002912044525,-0.04195015064769336,0.06299889087677002,-0.39598262310028076,-0.12996945835047313,0.051589787006378174,-0.281471848487854,-0.11965721405439922,0.02551215887069702,-0.20087766647338867,-0.08795272863798687
Z,0.0,0.0,0.0,0.1510193645954132,-0.0053757429122924805,-0.08343944766816236,0.286824494600296,-0.09436273574829102,-0.11416032978591062,0.26335063576698303,-0.24173158407211304,-0.1357476569085989,0.17340588569641113,-0.3319360315799713,-0.15703821250495054,0.33983686566352844,-0.2394736409187317,-0.04917208546098806,0.45964255928993225,-0.38065066933631897,-0.10135939785536863,0.5295075476169586,-0.47381460666656494,-0.14026443728503324,0.5837939083576202,-0.5550533831119537,-0.16803413697775937,0.24307438731193542,-0.2897111773490906,-0.039044742223588,0.27657076716423035,-0.3849141001701355,-0.13485361703929044,0.2236659824848175,-0.2698745131492615,-0.17136359283026792,0.18248382210731506,-0.17389625310897827,-0.1697864241271887,0.14583590626716614,-0.31255263090133667,-0.036249254581299795,0.16757017374038696,-0.39624112844467163,-0.14563423463400937,0.1374717652797699,-0.260860413312912,-0.14305172928866483,0.10781779885292053,-0.16417133808135986,-0.10811943629082776,0.04206404089927673,-0.3097551763057709,-0.03741694310006238,0.07519373297691345,-0.38720130920410156,-0.12312611260708906,0.06617143750190735,-0.28362709283828735,-0.11044496366080381,0.044164836406707764,-0.19753485918045044,-0.07597227462824918
Z,0.0,0.0,0.0,0.15322229266166687,0.0018513202667236328,-0.07717984201517325,0.2846965789794922,-0.0904378890991211,-0.09799587758388739,0.2542942762374878,-0.24217551946640015,-0.11004077674951773,0.16774028539657593,-0.3310432434082031,-0.12079840185251456,0.3359958529472351,-0.23015862703323364,-0.0366305861076377,0.45199114084243774,-0.36934083700180054,-0.08567731859293204,0.5186334252357483,-0.45968228578567505,-0.12252161683645468,0.5719953179359436,-0.5407950282096863,-0.1500326696237586,0.2410116195678711,-0.27964597940444946,-0.02906798603143912,0.271418035030365,-0.37222611904144287,-0.12285374881830435,0.21438387036323547,-0.25327053666114807,-0.15835204752292853,0.17138153314590454,-0.15882372856140137,-0.1562575403055213,0.14428460597991943,-0.3034203350543976,-0.02936993943658095,0.1626109778881073,-0.38889074325561523,-0.13832286032047492,0.1298980414867401,-0.24954640865325928,-0.13710068198051673,0.10032105445861816,-0.15610665082931519,-0.10313341053333502,0.03853052854537964,-0.30160051584243774,-0.033554517050649935,0.06869637966156006,-0.3751004934310913,-0.12088702650871497,0.05909895896911621,-0.2683350443840027,-0.11128122391309958,0.03688293695449829,-0.1853315830230713,-0.07921384306755286
Z,0.0,0.0,0.0,0.14277860522270203,-0.00535053014755249,-0.07350757851699807,0.271382600069046,-0.09750843048095703,-0.09331587835649469,0.23617210984230042,-0.24694007635116577,-0.10367617889741876,0.15237048268318176,-0.337444543838501,-0.11144191905359246,0.31956765055656433,-0.2321372628211975,-0.038005576873817226,0.4366396367549896,-0.37271666526794434,-0.08465502544740655,0.5017412006855011,-0.4604490399360657,-0.11821542813877084,0.5533839762210846,-0.5392576456069946,-0.14324608578781106,0.2270996868610382,-0.2787363827228546,-0.030273585985102436,0.25621500611305237,-0.3722362518310547,-0.11946515872577645,0.19842252135276794,-0.25139230489730835,-0.152094872141876,0.15806862711906433,-0.16108399629592896,-0.1493161036024473,0.1350710093975067,-0.3027838468551636,-0.02956317312518575,0.14954617619514465,-0.3895491361618042,-0.13317969575027444,0.11639347672462463,-0.24971091747283936,-0.12965271010498025,0.08946377038955688,-0.16137945652008057,-0.09589262440303781,0.03402331471443176,-0.30440500378608704,-0.03235439717272737,0.05686327815055847,-0.37758731842041016,-0.11542727186779,0.04640623927116394,-0.27065354585647583,-0.10419023915628411,0.025690346956253052,-0.19246023893356323,-0.07175272091726281
Z,0.0,0.0,0.0,0.14456471800804138,0.011517226696014404,-0.06669954780092091,0.2674197256565094,-0.08761686086654663,-0.08102081540574879,0.23959454894065857,-0.23966723680496216,-0.08644812378635258,0.1538030505180359,-0.32063817977905273,-0.08932755712022633,0.3164477050304413,-0.22047585248947144,-0.03510533097734303,0.426199346780777,-0.3578473925590515,-0.07543997291078419,0.4916699230670929,-0.44417688250541687,-0.10682343516101689,0.5436038672924042,-0.5202170312404633,-0.1321595368122086,0.22425654530525208,-0.26444172859191895,-0.029892400014899678,0.2537015378475189,-0.35600826144218445,-0.10902079764356465,0.20398655533790588,-0.24413639307022095,-0.1377701369260773,0.16586998105049133,-0.1558675765991211,-0.1357995924686417,0.13004466891288757,-0.2877088189125061,-0.031182713914416738,0.15260380506515503,-0.3806787133216858,-0.12460639152278752,0.12090590596199036,-0.24857500195503235,-0.12165915790548176,0.09326750040054321,-0.161113440990448,-0.09211003604879231,0.02714487910270691,-0.2883427143096924,-0.036188451681040235,0.05865022540092468,-0.35959193110466003,-0.11263141605605931,0.04921945929527283,-0.2557094097137451,-0.10346579376211018,0.028924375772476196,-0.1782822608947754,-0.07587393942823262
Z,0.0,0.0,0.0,0.14202070236206055,-0.007588982582092285,-0.07082981523980436,0.26196345686912537,-0.09589278697967529,-0.08817759063948927,0.2310415804386139,-0.24001938104629517,-0.09674266633500395,0.1526688039302826,-0.3271218538284302,-0.10269163456668196,0.31340262293815613,-0.22098714113235474,-0.03047029581775007,0.42650261521339417,-0.3567163348197937,-0.07773043122996626,0.48844167590141296,-0.44335681200027466,-0.1131503349255496,0.5388096868991852,-0.5204744338989258,-0.138848050506013,0.22331348061561584,-0.2650689482688904,-0.022417004228728388,0.2508488595485687,-0.3598859906196594,-0.1121941050599986,0.19330474734306335,-0.24732249975204468,-0.14741226938475904,0.1548466682434082,-0.15803229808807373,-0.14587697294463453,0.13475939631462097,-0.2895492911338806,-0.021770031199949358,0.14887499809265137,-0.377034068107605,-0.12457664963712034,0.11386328935623169,-0.2439013123512268,-0.12378989067782697,0.08908170461654663,-0.15599572658538818,-0.09127948340882597,0.038723647594451904,-0.2916719913482666,-0.02462206502367792,0.05885019898414612,-0.36369287967681885,-0.10557969567288694,0.046207159757614136,-0.26103612780570984,-0.09632942733277616,0.028815537691116333,-0.18303704261779785,-0.06535168644894895
Z,0.0,0.0,0.0,0.13989529013633728,-0.005003213882446289,-0.07314073309190405,0.25857606530189514,-0.09562623500823975,-0.08875558540113104,0.22764691710472107,-0.2376757264137268,-0.09393364950902594,0.15004518628120422,-0.3213616907596588,-0.0958699063945545,0.3100699484348297,-0.22189754247665405,-0.03664843380339278,0.4207787811756134,-0.3561170697212219,-0.08368093535192145,0.4808776080608368,-0.44028615951538086,-0.1185757370281948,0.5297239720821381,-0.5168522149324417,-0.1441545487929119,0.21985068917274475,-0.2640760540962219,-0.027721930443121323,0.24714282155036926,-0.3550788164138794,-0.11300849184281958,0.1970100700855255,-0.24016916751861572,-0.14475004389770163,0.16384410858154297,-0.15289252996444702,-0.1425087453413738,0.13070836663246155,-0.2869039475917816,-0.02665413930900229,0.14402729272842407,-0.36956101655960083,-0.12622268512733115,0.11598458886146545,-0.23787164688110352,-0.12530981019027365,0.09462940692901611,-0.1540966033935547,-0.09449629500396384,0.03477373719215393,-0.28524911403656006,-0.02957433290667666,0.055908411741256714,-0.35556185245513916,-0.1093800143886341,0.04816773533821106,-0.2533586323261261,-0.10048419996984137,0.03044387698173523,-0.1764172911643982,-0.07083722963817252
Z,0.0,0.0,0.0,0.1403263509273529,-0.0024396181106567383,-0.05996480561063322,0.25387611985206604,-0.08850210905075073,-0.07423457480237516,0.22832080721855164,-0.22429019212722778,-0.08116469509170088,0.16036081314086914,-0.30610334873199463,-0.08618205017612013,0.30058208107948303,-0.21652209758758545,-0.03457219503090414,0.4077390730381012,-0.34809666872024536,-0.07986919558808836,0.46889618039131165,-0.42973417043685913,-0.11359238601491484,0.52007856965065,-0.5043132454156876,-0.1389683408217195,0.21516838669776917,-0.25853732228279114,-0.03195882565543684,0.24480941891670227,-0.34832197427749634,-0.10830459720656904,0.19280827045440674,-0.23982352018356323,-0.1340598089174989,0.15952378511428833,-0.15768176317214966,-0.1316470426993135,0.12678804993629456,-0.27910950779914856,-0.035896528281426754,0.14648619294166565,-0.36348384618759155,-0.12403111881778273,0.11559346318244934,-0.24143922328948975,-0.11619339860246214,0.09324750304222107,-0.16323739290237427,-0.0855681446866754,0.029248803853988647,-0.2751668691635132,-0.04333563498423132,0.05703416466712952,-0.34955286979675293,-0.11140727228686842,0.04713699221611023,-0.25530216097831726,-0.09625455714032682,0.02862948179244995,-0.1839125156402588,-0.06624291814134153
Z,0.0,0.0,0.0,0.12737375497817993,0.011613905429840088,-0.06222454493641294,0.24309390783309937,-0.07366800308227539,-0.07721173798441328,0.22013741731643677,-0.21260344982147217,-0.08446725493072904,0.15325003862380981,-0.2924042344093323,-0.08968192374109663,0.2983909249305725,-0.20644015073776245,-0.035544541084760795,0.401978075504303,-0.33639979362487793,-0.07978325372337736,0.46326494216918945,-0.4179205894470215,-0.11339166795610822,0.5113146305084229,-0.4895532429218292,-0.13914657419323362,0.21362626552581787,-0.24650907516479492,-0.030639106759423385,0.2324446439743042,-0.3313051462173462,-0.11147813534140028,0.1839081048965454,-0.22151857614517212,-0.13989352470039762,0.15414926409721375,-0.1381828784942627,-0.13803505187630094,0.12841182947158813,-0.2655627429485321,-0.03191775118708051,0.13952773809432983,-0.3465059995651245,-0.12272857164740003,0.10864174365997314,-0.22465014457702637,-0.11654656415581144,0.08987438678741455,-0.14587187767028809,-0.0866793844640199,0.03495514392852783,-0.2639709711074829,-0.036828242593998084,0.05034884810447693,-0.325481116771698,-0.11041726952194608,0.03650510311126709,-0.22959625720977783,-0.1002929139673654,0.022739171981811523,-0.1609865427017212,-0.07277556543945707
Z,0.0,0.0,0.0,0.11736109852790833,0.003007650375366211,-0.08712790112076618,0.21285787224769592,-0.09748035669326782,-0.11735203067837574,0.15019747614860535,-0.2191464900970459,-0.13541840712605335,0.059594497084617615,-0.2799476087093353,-0.15023112992821552,0.24096450209617615,-0.26105353236198425,-0.05911109174667217,0.3302004635334015,-0.40520262718200684,-0.11664354751883366,0.38585910201072693,-0.49905523657798767,-0.15712920527039387,0.4253394901752472,-0.5759655237197876,-0.1842587957817159,0.1444142460823059,-0.28448623418807983,-0.04872887904821255,0.16348180174827576,-0.36538225412368774,-0.14795160989342548,0.1335207223892212,-0.2516610324382782,-0.184909052653893,0.11081531643867493,-0.16788387298583984,-0.1821990976768575,0.052162736654281616,-0.28730255365371704,-0.0469785923796735,0.06047450006008148,-0.3463585376739502,-0.16077851454792835,0.05372919142246246,-0.2133392095565796,-0.16556886534272053,0.046943068504333496,-0.1372133493423462,-0.13428760270653584,-0.04262733459472656,-0.2682143449783325,-0.04943397591887333,-0.0224388986825943,-0.31313884258270264,-0.13802919487534382,-0.009793594479560852,-0.2089940309524536,-0.13116606275616505,-0.010861366987228394,-0.14056682586669922,-0.10061968813715794
Z,0.0,0.0,0.0,0.11258384585380554,0.0011303424835205078,-0.07874777600632399,0.2124631702899933,-0.09408694505691528,-0.09953573778734892,0.15781381726264954,-0.20998609066009521,-0.10903748557434767,0.07180804014205933,-0.2649978697299957,-0.11517524406777113,0.25485485792160034,-0.2488938868045807,-0.04460324779616087,0.3480193316936493,-0.3743424713611603,-0.09415536806450575,0.40266963839530945,-0.46000678837299347,-0.12967203245030134,0.4418933093547821,-0.5314252972602844,-0.15358395562039107,0.165553480386734,-0.2742731273174286,-0.03452113703356474,0.17223969101905823,-0.3541564345359802,-0.1220439715729782,0.13794034719467163,-0.2492317259311676,-0.15597641155586928,0.11933043599128723,-0.16842320561408997,-0.15379616305695265,0.08187326788902283,-0.27995532751083374,-0.03275922745929449,0.07720676064491272,-0.33261072635650635,-0.1303023813711235,0.06292656064033508,-0.21780484914779663,-0.13512253448830336,0.05684259533882141,-0.1503535509109497,-0.10801747128830641,-0.0016387999057769775,-0.2633267939090729,-0.03563983053432196,0.004446253180503845,-0.31338998675346375,-0.1078644140111038,0.0005377978086471558,-0.22323516011238098,-0.09935892805920332,-0.008204847574234009,-0.16101205348968506,-0.07111798659430235
Z,0.0,0.0,0.0,0.1275852918624878,0.022623062133789062,-0.058144453084651104,0.24211126565933228,-0.06746155023574829,-0.07226412660497772,0.21999967098236084,-0.2127436399459839,-0.07891466385740387,0.14736679196357727,-0.29074016213417053,-0.08408372766393768,0.2939830422401428,-0.18905937671661377,-0.038714732146445385,0.39183974266052246,-0.31957659125328064,-0.08060937291998016,0.4529374837875366,-0.4038728177547455,-0.11411280847210037,0.49888092279434204,-0.4774371385574341,-0.14221343315261947,0.20977526903152466,-0.2298712134361267,-0.03625086612123596,0.2311602234840393,-0.3229029178619385,-0.11396750724929916,0.18878790736198425,-0.21717727184295654,-0.14184734142440902,0.15645623207092285,-0.1372302770614624,-0.1421128354133998,0.12504515051841736,-0.2480807602405548,-0.03888561493772613,0.13819751143455505,-0.3385869264602661,-0.12859052336830246,0.11249995231628418,-0.2164928913116455,-0.1218043780984317,0.09123405814170837,-0.1367294192314148,-0.09369900739807235,0.03235185146331787,-0.24750694632530212,-0.04471118292826759,0.04845613241195679,-0.3122425377368927,-0.1222422636212741,0.03776031732559204,-0.214677095413208,-0.11527232742923843,0.02414149045944214,-0.1451636552810669,-0.09137207931894409
Z,0.0,0.0,0.0,0.11311200261116028,-0.014071881771087646,-0.07902260917289539,0.2125798463821411,-0.10294151306152344,-0.1059458707557468,0.15702933073043823,-0.21241852641105652,-0.1231219251738338,0.0738438069820404,-0.2729014754295349,-0.1368463342176227,0.25572022795677185,-0.2530539929866791,-0.04544287595017238,0.352256715297699,-0.38060516119003296,-0.09708900797231479,0.4055672883987427,-0.4632394164800644,-0.1351509098993091,0.4456574320793152,-0.5344085395336151,-0.16081443476541324,0.16715851426124573,-0.28166115283966064,-0.03504132154448314,0.1795990765094757,-0.35361650586128235,-0.12574566948278232,0.14636185765266418,-0.2483081817626953,-0.16091871309144778,0.1286282241344452,-0.16838598251342773,-0.15975302505357547,0.08535724878311157,-0.2903480529785156,-0.03293629038198276,0.08533844351768494,-0.34200847148895264,-0.12820886123044772,0.07111749053001404,-0.22911706566810608,-0.12932021963460727,0.06404277682304382,-0.15988194942474365,-0.10085931467874332,0.0064604878425598145,-0.27777883410453796,-0.03593842360241695,0.013414666056632996,-0.32264649868011475,-0.10523399758203311,0.008705884218215942,-0.2348337471485138,-0.09502728330953403,0.0008694678544998169,-0.17278194427490234,-0.06590007293088718
Z,0.0,0.0,0.0,0.10594499111175537,0.0001761913299560547,-0.07797345536596367,0.20591330528259277,-0.08333522081375122,-0.10539209115154335,0.15626543760299683,-0.19951504468917847,-0.12262188660747597,0.08199024200439453,-0.2661096155643463,-0.13695401715881417,0.25371086597442627,-0.23800736665725708,-0.04968087765223572,0.348258912563324,-0.3632073998451233,-0.09915713983423302,0.40141046047210693,-0.44693590700626373,-0.1334918664658744,0.44083893299102783,-0.5184500217437744,-0.15701983141548226,0.1674668788909912,-0.26783034205436707,-0.040353607561655735,0.17529961466789246,-0.3460095524787903,-0.12752505409366677,0.13914477825164795,-0.24619677662849426,-0.16056006419307778,0.12144377827644348,-0.17103302478790283,-0.15859473514206002,0.08613261580467224,-0.27520909905433655,-0.038371470000811314,0.08162331581115723,-0.3272387683391571,-0.13554760086185524,0.06412780284881592,-0.216731458902359,-0.13762903976089547,0.057863831520080566,-0.1520395278930664,-0.10959512012846062,0.0031783580780029297,-0.2613356411457062,-0.04069151746875832,0.006571531295776367,-0.3075717091560364,-0.11665752547628472,-0.0024878382682800293,-0.21583551168441772,-0.1082843841875274,-0.010346323251724243,-0.15354353189468384,-0.07920034247285912
Z,0.0,0.0,0.0,0.10781794786453247,-0.015597641468048096,-0.07960087236079971,0.20830705761909485,-0.10125964879989624,-0.10648934718284409,0.1609981656074524,-0.21189576387405396,-0.12296705868158142,0.08715575933456421,-0.27562132477760315,-0.13516777183923523,0.2565958499908447,-0.25382092595100403,-0.04675063666019241,0.3516353964805603,-0.37951990962028503,-0.09835514601383011,0.4043254256248474,-0.46183547377586365,-0.13516513433370392,0.44409072399139404,-0.531517893075943,-0.15974936809453766,0.16994556784629822,-0.27954962849617004,-0.03655109357151787,0.1770433783531189,-0.3562770485877991,-0.12445675011787216,0.14086481928825378,-0.25279074907302856,-0.15754824306878845,0.12561142444610596,-0.1762523651123047,-0.155763352178667,0.08840811252593994,-0.2863452732563019,-0.03477285977515976,0.08410769701004028,-0.34324973821640015,-0.12922094192418854,0.06921195983886719,-0.2310754358768463,-0.13019801106366913,0.06562778353691101,-0.16478919982910156,-0.10228651192102234,0.006664574146270752,-0.27142852544784546,-0.03821226384553711,0.009346216917037964,-0.32047373056411743,-0.10854546900901596,0.004416942596435547,-0.23248302936553955,-0.09876879479799072,-0.0014766156673431396,-0.171533465385437,-0.0699333566061
Z,0.0,0.0,0.0,0.10574275255203247,-0.0034809112548828125,-0.07585334839517088,0.20203769207000732,-0.08822441101074219,-0.10317298086577864,0.15884730219841003,-0.20275813341140747,-0.12057528706485243,0.0908803641796112,-0.2713392376899719,-0.13393217386895628,0.25109583139419556,-0.24353137612342834,-0.05598643483811827,0.34614652395248413,-0.37272095680236816,-0.10974469842606993,0.401050865650177,-0.4548094719648361,-0.14789043428594084,0.4422069191932678,-0.5248004198074341,-0.17418275835210295,0.16434282064437866,-0.2693723142147064,-0.048212383559288696,0.1714933216571808,-0.3457046449184418,-0.13684639396363707,0.1358395218849182,-0.23934045433998108,-0.16755752327138396,0.11742445826530457,-0.162401020526886,-0.1657493567674777,0.08235198259353638,-0.27673226594924927,-0.04808780612641783,0.07942721247673035,-0.3370212912559509,-0.1424608385770938,0.06598114967346191,-0.22103023529052734,-0.13945344152146788,0.06085783243179321,-0.1531820297241211,-0.11052285196477385,-0.0008322000503540039,-0.26236599683761597,-0.05298374654942961,0.0036550164222717285,-0.3149592876434326,-0.12445118339950056,0.0004971623420715332,-0.22332066297531128,-0.11320167096549483,-0.005555927753448486,-0.16146886348724365,-0.08426061334306212
Z,0.0,0.0,0.0,0.10953858494758606,-0.010908186435699463,-0.07404932235803585,0.20264628529548645,-0.09713315963745117,-0.09638786171998959,0.14820817112922668,-0.21138358116149902,-0.10804714118566494,0.07547727227210999,-0.2723945379257202,-0.11516466592874508,0.2525608241558075,-0.24906611442565918,-0.04750692700471859,0.3440515100955963,-0.373111754655838,-0.09727027868356686,0.3964864909648895,-0.4547598659992218,-0.1328635722908018,0.43770936131477356,-0.5243228673934937,-0.1575491637500761,0.16360923647880554,-0.27448776364326477,-0.04059028481569271,0.16803976893424988,-0.3522402048110962,-0.12368280296649914,0.13469070196151733,-0.2443312108516693,-0.15339509253826122,0.12063243985176086,-0.164300799369812,-0.15108748381462078,0.08034840226173401,-0.2802436053752899,-0.041831782511138726,0.07308652997016907,-0.33550989627838135,-0.134224271825218,0.06170806288719177,-0.2215416431427002,-0.13528530900802593,0.06025123596191406,-0.1559610366821289,-0.10868153577175121,-0.0031463801860809326,-0.263275146484375,-0.04778768723335247,-0.00018793344497680664,-0.3163881301879883,-0.11728580897178631,-0.004074424505233765,-0.22644859552383423,-0.1072881728919981,-0.011336922645568848,-0.1658899188041687,-0.07950568055238705
Z,0.0,0.0,0.0,0.1109464168548584,-0.0032562613487243652,-0.06962098928963201,0.20086050033569336,-0.09160959720611572,-0.08956503125702397,0.14753314852714539,-0.20225244760513306,-0.09925802799736516,0.07521137595176697,-0.2633868455886841,-0.10582128169809835,0.2455967664718628,-0.23363634943962097,-0.04579684886013524,0.33896881341934204,-0.35726499557495117,-0.09158965947901265,0.3928149342536926,-0.43785473704338074,-0.12400760504280584,0.43391579389572144,-0.5065092444419861,-0.14647753539358632,0.15909656882286072,-0.26154670119285583,-0.03770550343071477,0.17859014868736267,-0.3374916911125183,-0.11419733616386907,0.14586395025253296,-0.23658868670463562,-0.1401856392887737,0.12567442655563354,-0.16234540939331055,-0.13679365816389577,0.07732310891151428,-0.2682327926158905,-0.03690538558041112,0.08177834749221802,-0.32400739192962646,-0.12119745465790288,0.06899866461753845,-0.21697992086410522,-0.11860530826126592,0.06039580702781677,-0.15680009126663208,-0.09195829185520665,-0.004880428314208984,-0.25273430347442627,-0.04037986698423879,0.007617861032485962,-0.30580568313598633,-0.10326845201527135,0.0038262605667114258,-0.22210657596588135,-0.09096476438318746,-0.008035898208618164,-0.1668795347213745,-0.06358149650370137
Z,0.0,0.0,0.0,0.1016254723072052,-0.007400155067443848,-0.06260384517212003,0.19090256094932556,-0.09060919284820557,-0.08469516681928724,0.14310738444328308,-0.20095357298851013,-0.09957401352424711,0.0762244164943695,-0.2665702700614929,-0.111998311155034,0.24325308203697205,-0.23656916618347168,-0.04077234762210935,0.33288195729255676,-0.3600192070007324,-0.08788237618703931,0.38460054993629456,-0.44274601340293884,-0.12118980186481565,0.4256506860256195,-0.5109238624572754,-0.14414465325374692,0.1556568443775177,-0.2645833492279053,-0.03658049079079717,0.1639445722103119,-0.3451591730117798,-0.1200135489036569,0.12566599249839783,-0.2441190481185913,-0.1502627869178781,0.10591185092926025,-0.16576510667800903,-0.1476174433757791,0.07368797063827515,-0.2713729739189148,-0.03828246044416517,0.06886211037635803,-0.3324827551841736,-0.12970475750465482,0.05189916491508484,-0.22188344597816467,-0.12780524688263029,0.045598357915878296,-0.153178870677948,-0.09886543350715726,-0.008912414312362671,-0.25712916254997253,-0.043078786604596075,-0.004359573125839233,-0.31409624218940735,-0.11325134234924406,-0.012889057397842407,-0.22431153059005737,-0.10168763148088544,-0.01977524161338806,-0.16176462173461914,-0.07190373437900632
Z,0.0,0.0,0.0,0.10400110483169556,-0.004410982131958008,-0.07480687153230292,0.2002435326576233,-0.0847930908203125,-0.10313925397286994,0.1564759612083435,-0.19608023762702942,-0.12171101075301749,0.08522120118141174,-0.26291629672050476,-0.1378974045504151,0.24689030647277832,-0.23188439011573792,-0.05278596904764754,0.3380535840988159,-0.35371020436286926,-0.10250003886113745,0.39202558994293213,-0.43647898733615875,-0.13755232345948798,0.43362241983413696,-0.505357414484024,-0.16153238963971717,0.16212791204452515,-0.2619859278202057,-0.04347814124713523,0.17033952474594116,-0.3348323702812195,-0.13058705878148658,0.13096243143081665,-0.23451298475265503,-0.1625355209101258,0.10886731743812561,-0.155711829662323,-0.1600982422817765,0.08269166946411133,-0.2702246308326721,-0.04092373949180228,0.07531464099884033,-0.32185983657836914,-0.13495376956353766,0.056746214628219604,-0.21451446413993835,-0.13615714263806922,0.04997652769088745,-0.1465998888015747,-0.10847372811923606,0.0032749176025390625,-0.2576526403427124,-0.04247000691185576,0.00418245792388916,-0.30425748229026794,-0.11544513207564933,-0.004764378070831299,-0.21713057160377502,-0.10782199603210074,-0.010958254337310791,-0.1554524302482605,-0.08007844787726981
Z,0.0,0.0,0.0,0.10364341735839844,-0.012180089950561523,-0.0699034315055087,0.19699347019195557,-0.09835696220397949,-0.0896691587274745,0.1449732780456543,-0.2060399055480957,-0.09814944681579618,0.07230305671691895,-0.2696645259857178,-0.10220464882308988,0.24135702848434448,-0.23866134881973267,-0.045084120750971124,0.3321673274040222,-0.3632555603981018,-0.09286935445720701,0.38371413946151733,-0.4433952271938324,-0.1269768905347064,0.4235784411430359,-0.5121964812278748,-0.15025371131355314,0.15591931343078613,-0.2645772695541382,-0.036342112392730996,0.17025792598724365,-0.34065359830856323,-0.11531712678129225,0.13355910778045654,-0.23419597744941711,-0.1437547933762744,0.11357849836349487,-0.15743273496627808,-0.1413094830220416,0.07511979341506958,-0.2725180685520172,-0.03481947448904066,0.07696351408958435,-0.33253973722457886,-0.12313595977479963,0.06173393130302429,-0.21593502163887024,-0.12232573893720655,0.05514580011367798,-0.15015435218811035,-0.09538845536167173,-0.006483197212219238,-0.25788238644599915,-0.037157973319835946,0.0002815723419189453,-0.30924299359321594,-0.10541390445882826,-0.0008875727653503418,-0.2168962061405182,-0.09503362891132383,-0.007148653268814087,-0.15709537267684937,-0.0670217182939723
Z,0.0,0.0,0.0,0.1039213240146637,-0.009617507457733154,-0.07057261349829957,0.19324153661727905,-0.0896456241607666,-0.0934406209197931,0.15164893865585327,-0.19729766249656677,-0.10686357947263048,0.09059557318687439,-0.2664698362350464,-0.1171479436961107,0.24327141046524048,-0.23551926016807556,-0.043162355890601134,0.3338080644607544,-0.35630935430526733,-0.08977092685374544,0.3860211968421936,-0.4368516653776169,-0.12354657681855485,0.42584216594696045,-0.5041364133358002,-0.14653643103513048,0.16012513637542725,-0.26253774762153625,-0.0339289295879297,0.17308688163757324,-0.3357950448989868,-0.1130733552781038,0.13543805480003357,-0.23667392134666443,-0.14169698091420457,0.11379048228263855,-0.15914058685302734,-0.138911611160367,0.08015412092208862,-0.2689637839794159,-0.03207598136934564,0.08043944835662842,-0.3250749707221985,-0.11948098125132844,0.06247454881668091,-0.21714183688163757,-0.11897273989590929,0.05429810285568237,-0.15004658699035645,-0.09191228332194612,-0.00022584199905395508,-0.2534942328929901,-0.034335049560397124,0.006816983222961426,-0.30634716153144836,-0.10246506216201112,0.0007860660552978516,-0.2204577624797821,-0.09332157554301546,-0.006233811378479004,-0.15916621685028076,-0.06576631846102998
Z,0.0,0.0,0.0,0.10401666164398193,-0.006807863712310791,-0.07079709614022534,0.19429007172584534,-0.08933722972869873,-0.09515391582949917,0.14728078246116638,-0.20016449689865112,-0.11010005617841045,0.07997986674308777,-0.26888471841812134,-0.12189664239390652,0.24446377158164978,-0.2314159870147705,-0.046703006274540826,0.3346979320049286,-0.3555431067943573,-0.09544319952233593,0.38592204451560974,-0.43440021574497223,-0.13137606079085629,0.42424604296684265,-0.5021699368953705,-0.1564987480114297,0.1617303192615509,-0.26136690378189087,-0.03732090736134808,0.17010119557380676,-0.3288293480873108,-0.11985369319423,0.13413330912590027,-0.22407090663909912,-0.14866145247920315,0.11414137482643127,-0.14774131774902344,-0.14642972046836178,0.0832844078540802,-0.2705930173397064,-0.03525919014914791,0.07838863134384155,-0.3251555263996124,-0.12243154192670147,0.06086567044258118,-0.21527406573295593,-0.11844320142968456,0.05259743332862854,-0.14887315034866333,-0.09027724260791103,0.004566580057144165,-0.2587297558784485,-0.03770552495821278,0.00673636794090271,-0.30689576268196106,-0.10510128284199993,-8.761882781982422e-06,-0.21935677528381348,-0.09449914390548031,-0.0065600574016571045,-0.16024261713027954,-0.06659888768895428
Z,0.0,0.0,0.0,0.1078539788722992,-0.005765676498413086,-0.0739608556968605,0.1935119330883026,-0.08979964256286621,-0.09435085216588135,0.14935597777366638,-0.19811788201332092,-0.10285358885354157,0.07834821939468384,-0.2636137008666992,-0.10673655578917618,0.24704846739768982,-0.22897326946258545,-0.048650451098147585,0.3389202654361725,-0.35346612334251404,-0.10355850318497772,0.38983723521232605,-0.43409886956214905,-0.14514880636757965,0.42884352803230286,-0.5029552578926086,-0.17275568107194061,0.1647995412349701,-0.2570180594921112,-0.036863349471751405,0.17513450980186462,-0.32447195053100586,-0.12082366654700394,0.1357220709323883,-0.21993941068649292,-0.15215701619214173,0.11645245552062988,-0.14425551891326904,-0.15169378379410858,0.08538472652435303,-0.26965340971946716,-0.03359305867976303,0.08469399809837341,-0.3259058892726898,-0.12309930482930298,0.06350380182266235,-0.21128496527671814,-0.12262000152892227,0.05633482336997986,-0.14374476671218872,-0.09590027490681763,0.005779534578323364,-0.26077765226364136,-0.03513417402333374,0.008768707513809204,-0.3076989948749542,-0.10193177321976776,0.003521829843521118,-0.21907535195350647,-0.09228798011368866,-0.001931607723236084,-0.15989720821380615,-0.06498069325513
Z,0.0,0.0,0.0,0.10769030451774597,-0.004857540130615234,-0.067587027607523,0.19418513774871826,-0.08913516998291016,-0.0874752870779858,0.15068531036376953,-0.19784939289093018,-0.09802142745073894,0.0808233916759491,-0.2616403102874756,-0.10611830121096233,0.24636679887771606,-0.2289474904537201,-0.04378821170147518,0.3377872109413147,-0.3492806553840637,-0.0914498440008984,0.3880122900009155,-0.42828796803951263,-0.12690757429417232,0.4255414605140686,-0.4942992031574249,-0.15096822595413784,0.1651861071586609,-0.25737401843070984,-0.03448354667242626,0.1723848581314087,-0.3249114155769348,-0.11575056081827739,0.13159972429275513,-0.22341445088386536,-0.14567609345730403,0.10966861248016357,-0.14302390813827515,-0.14401607429798702,0.08658671379089355,-0.26813995838165283,-0.03220176911171535,0.08303049206733704,-0.32701224088668823,-0.12068788176592449,0.06099867820739746,-0.21498745679855347,-0.12037061369236568,0.05069887638092041,-0.14061212539672852,-0.09347943430956462,0.007033705711364746,-0.25742530822753906,-0.03374550705965618,0.008406281471252441,-0.3113621771335602,-0.10282282745655635,0.0019510388374328613,-0.22340211272239685,-0.09471391355808834,-0.004221469163894653,-0.15683409571647644,-0.06774186557348827
Z,0.0,0.0,0.0,0.10570260882377625,-0.0030261874198913574,-0.07152269335976769,0.19785958528518677,-0.08578187227249146,-0.09237627985469032,0.1530287265777588,-0.19769495725631714,-0.10272987487307716,0.08258980512619019,-0.26420512795448303,-0.10904554578057457,0.2486652135848999,-0.22527819871902466,-0.04432241173974205,0.33926641941070557,-0.34515976905822754,-0.09420614244929482,0.3895264267921448,-0.42174220085144043,-0.13008717747918297,0.42708688974380493,-0.49015843868255615,-0.15463591667405296,0.16660481691360474,-0.2572903335094452,-0.033991310024177324,0.17244309186935425,-0.32647445797920227,-0.11527845563880135,0.13979649543762207,-0.2178533673286438,-0.14350701423875023,0.1255207061767578,-0.14419466257095337,-0.14089893850079704,0.08853346109390259,-0.27002689242362976,-0.031425792002593766,0.0826287567615509,-0.3221326172351837,-0.11976180526009728,0.06538921594619751,-0.20681613683700562,-0.11607031079522301,0.05916506052017212,-0.14260578155517578,-0.08739336880437065,0.009075909852981567,-0.26177117228507996,-0.03333359139553238,0.01069420576095581,-0.30823349952697754,-0.10054049196234871,0.005571305751800537,-0.21900486946105957,-0.08985038402072121,-0.0007747411727905273,-0.1620127558708191,-0.061712942296182405
Z,0.0,0.0,0.0,0.10390463471412659,-0.0003727078437805176,-0.06696766229508455,0.1901026964187622,-0.08101922273635864,-0.08732891442416246,0.1466866135597229,-0.19138172268867493,-0.0982860809767061,0.08236908912658691,-0.2575252950191498,-0.10648531081317003,0.24435484409332275,-0.21839112043380737,-0.046062461903076724,0.3386685848236084,-0.341091513633728,-0.09375434728501375,0.38969963788986206,-0.4208597391843796,-0.1277898064458185,0.42925095558166504,-0.48922502994537354,-0.1510696372592264,0.16197848320007324,-0.24767088890075684,-0.037522334476690844,0.17556673288345337,-0.32325658202171326,-0.11683686437247331,0.13941353559494019,-0.21912428736686707,-0.1439437827670389,0.12026995420455933,-0.1409720480442047,-0.14065235467789705,0.08407384157180786,-0.2593514919281006,-0.0357747002148443,0.08694535493850708,-0.32205379009246826,-0.1230065486037546,0.06680500507354736,-0.20822325348854065,-0.11895559342740114,0.05596423149108887,-0.1381811499595642,-0.08998997124074037,0.004134178161621094,-0.2494124472141266,-0.03786184253333147,0.011912643909454346,-0.3071543574333191,-0.10704645874140795,0.006219685077667236,-0.216844379901886,-0.0966040006482416,-0.0025153160095214844,-0.15303656458854675,-0.06813221039412554
Z,0.0,0.0,0.0,0.10515838861465454,-0.008083939552307129,-0.06641362085841251,0.19195890426635742,-0.09001487493515015,-0.08603579774401737,0.1497543454170227,-0.19994530081748962,-0.09647042527697636,0.08517402410507202,-0.26751354336738586,-0.10380031391881062,0.2452659010887146,-0.22344189882278442,-0.04289895892046047,0.3379583954811096,-0.3475145399570465,-0.09108402803443028,0.38849782943725586,-0.4269993305206299,-0.12579365298054768,0.4285072088241577,-0.49616557359695435,-0.14926080629132343,0.16408222913742065,-0.25402921438217163,-0.03438269197843624,0.1785758137702942,-0.33137619495391846,-0.11191543415091587,0.1398218870162964,-0.22591522336006165,-0.1382147394110973,0.1214020848274231,-0.14878955483436584,-0.13469006344578816,0.0866197943687439,-0.26623615622520447,-0.0329939968874271,0.08993011713027954,-0.3307473063468933,-0.1172065235664661,0.06802117824554443,-0.2187865972518921,-0.11260950043700291,0.05768030881881714,-0.14951741695404053,-0.08378442600272251,0.0070416927337646484,-0.25660473108291626,-0.035715649275999795,0.015192598104476929,-0.317301869392395,-0.10120547786257816,0.009682655334472656,-0.2303575873374939,-0.08952746763728214,0.00122833251953125,-0.16678208112716675,-0.0606979079534824
Z,0.0,0.0,0.0,0.102882981300354,-0.01553267240524292,-0.06705205764839661,0.18878191709518433,-0.09512197971343994,-0.08954053249428284,0.15054267644882202,-0.20259472727775574,-0.10363712784121049,0.0909791886806488,-0.27281346917152405,-0.11453109856913102,0.2476707100868225,-0.22771477699279785,-0.043172678614354254,0.34038329124450684,-0.35188400745391846,-0.0929954263217212,0.3900396227836609,-0.42931006848812103,-0.1269861670977832,0.4292129874229431,-0.4976087212562561,-0.14956950273582947,0.16659653186798096,-0.2584737539291382,-0.036034977699017645,0.17930454015731812,-0.3345482647418976,-0.11852600302765381,0.13970214128494263,-0.22923848032951355,-0.1454527291304828,0.12083494663238525,-0.15280094742774963,-0.14116779592106354,0.08867490291595459,-0.2704439163208008,-0.03629499178597939,0.0883423388004303,-0.33192306756973267,-0.1258999320513965,0.06607857346534729,-0.21864789724349976,-0.1210732820279361,0.05656927824020386,-0.15022823214530945,-0.0906421604401828,0.009554386138916016,-0.2605634927749634,-0.04053408157298577,0.014914631843566895,-0.3169213533401489,-0.10946119453976166,0.0070767998695373535,-0.22821387648582458,-0.0979077952749492,-0.0012087821960449219,-0.1670708954334259,-0.06829346593687546
Z,0.0,0.0,0.0,0.10172238945960999,-0.0011976957321166992,-0.07523713098195728,0.19141045212745667,-0.08189666271209717,-0.09858755604652103,0.15585443377494812,-0.19358351826667786,-0.11120685772327121,0.09391376376152039,-0.2680262327194214,-0.12024951563504871,0.25439515709877014,-0.22332188487052917,-0.04771998361972507,0.34687307476997375,-0.3407226800918579,-0.09915416525033649,0.3990650475025177,-0.41901445388793945,-0.13712169812349018,0.43684354424476624,-0.48525893688201904,-0.16277298913625415,0.1745642125606537,-0.25243207812309265,-0.03515735478428539,0.1777258813381195,-0.3216243386268616,-0.11903786496547397,0.14062073826789856,-0.22048592567443848,-0.14959952817586597,0.12298217415809631,-0.14306288957595825,-0.14821220026639637,0.09699919819831848,-0.26438090205192566,-0.03080316842821773,0.08938673138618469,-0.31809237599372864,-0.121564945441758,0.06866484880447388,-0.20744192600250244,-0.120716756445443,0.06236788630485535,-0.1385655701160431,-0.09335961775211032,0.019016176462173462,-0.25575560331344604,-0.03117574774948295,0.020156949758529663,-0.30374106764793396,-0.10120031819966968,0.009741365909576416,-0.21668684482574463,-0.09337467537549671,0.003881007432937622,-0.15575331449508667,-0.06674328283694919
Z,0.0,0.0,0.0,0.10511139035224915,-0.012314081192016602,-0.06830154398066668,0.19110426306724548,-0.08881133794784546,-0.08899860867840914,0.1536160409450531,-0.19698303937911987,-0.10080670604092745,0.09514525532722473,-0.26775309443473816,-0.10913787075860171,0.2502281367778778,-0.22091111540794373,-0.04231099823100237,0.3441945016384125,-0.34382396936416626,-0.09139475265128283,0.3938122093677521,-0.42048895359039307,-0.12449327149970202,0.43278780579566956,-0.4873688519001007,-0.14583741912228732,0.17114761471748352,-0.25326573848724365,-0.03364348077757029,0.17936602234840393,-0.32496243715286255,-0.11480902174098162,0.137793630361557,-0.22223392128944397,-0.14132382759434847,0.12010625004768372,-0.145462304353714,-0.13657263705117373,0.09435215592384338,-0.2676982283592224,-0.03275122532231478,0.08991673588752747,-0.3237245976924896,-0.12224485763890414,0.0654374361038208,-0.2127484679222107,-0.11975416579825549,0.0573466420173645,-0.14364895224571228,-0.09027078041417269,0.01617446541786194,-0.26002511382102966,-0.03586845883710055,0.01755434274673462,-0.31377896666526794,-0.10430217573029665,0.009311825037002563,-0.22699859738349915,-0.09404841849190859,0.002114325761795044,-0.1640324890613556,-0.0648622069655147
Z,0.0,0.0,0.0,0.1026393473148346,-0.007836759090423584,-0.06667442452491201,0.19332781434059143,-0.08747923374176025,-0.08638072591603674,0.15538182854652405,-0.1945844292640686,-0.09678240698159613,0.09323200583457947,-0.263857364654541,-0.10341341626227774,0.2485392987728119,-0.2238156497478485,-0.039811903800377024,0.3416755497455597,-0.34285545349121094,-0.08719448577941336,0.39362892508506775,-0.4198039174079895,-0.1218100471454946,0.43177470564842224,-0.48607689142227173,-0.14541037958444036,0.1692727506160736,-0.25473442673683167,-0.030471701364525927,0.17744556069374084,-0.3210119307041168,-0.11037956755937017,0.1356278359889984,-0.21789154410362244,-0.13880885225118078,0.11268779635429382,-0.1426842212677002,-0.1363249925929395,0.09308925271034241,-0.2676118314266205,-0.028550885807284487,0.08937826752662659,-0.3229362368583679,-0.11392283272326864,0.06725353002548218,-0.21352970600128174,-0.11251745205701269,0.05768918991088867,-0.14788341522216797,-0.08577634226859487,0.016653120517730713,-0.2597249150276184,-0.03067463841617979,0.018010050058364868,-0.30887749791145325,-0.09560913425267614,0.01080825924873352,-0.22372174263000488,-0.08657708596766867,0.004920870065689087,-0.16623079776763916,-0.05986675825298704
Z,0.0,0.0,0.0,0.09694087505340576,-0.00047081708908081055,-0.0683437155386466,0.1896219253540039,-0.07927387952804565,-0.08876109289136114,0.15515148639678955,-0.19151556491851807,-0.09956377165522756,0.09436541795730591,-0.2647414207458496,-0.10700894313063802,0.24752169847488403,-0.2201736569404602,-0.044565079530145546,0.3379918336868286,-0.33700472116470337,-0.09122864322867574,0.3901407718658447,-0.41320300102233887,-0.1259628476401824,0.42760956287384033,-0.4788175970315933,-0.15045084970202627,0.1688517928123474,-0.24750670790672302,-0.03534748198595228,0.17543745040893555,-0.3166220784187317,-0.11389082836117925,0.13902223110198975,-0.215241938829422,-0.14169856326785268,0.11659085750579834,-0.1405876874923706,-0.14031858163085165,0.09254586696624756,-0.2582535743713379,-0.03331082480158987,0.08687782287597656,-0.31443318724632263,-0.11941407786812963,0.06722825765609741,-0.20415431261062622,-0.1168218495151061,0.05742141604423523,-0.13724088668823242,-0.09043708609547796,0.01425597071647644,-0.251022070646286,-0.03552338274326505,0.016724109649658203,-0.30084240436553955,-0.10293446647134008,0.005888849496841431,-0.21356895565986633,-0.0939576642414588,-0.004774808883666992,-0.1541837751865387,-0.06805465536322775
Z,0.0,0.0,0.0,0.0991220474243164,9.655952453613281e-05,-0.06732962148556787,0.187469482421875,-0.08191424608230591,-0.0886359201587208,0.14811617136001587,-0.19608837366104126,-0.10082167255053598,0.08643263578414917,-0.26702842116355896,-0.10990522669920999,0.24681413173675537,-0.21931850910186768,-0.045513632319069686,0.3355599641799927,-0.337115079164505,-0.09211446957955438,0.38613539934158325,-0.4117376357316971,-0.1261412562645443,0.4225386381149292,-0.47512616217136383,-0.15042919533619958,0.16821473836898804,-0.2469956874847412,-0.0372651355184086,0.17633724212646484,-0.3129180669784546,-0.11547840254674036,0.14081710577011108,-0.2146453559398651,-0.14302096383938867,0.1197197437286377,-0.1433163285255432,-0.1423475356615551,0.09172791242599487,-0.25722411274909973,-0.036142023823357405,0.0881887674331665,-0.315259724855423,-0.12250714617142755,0.0707322359085083,-0.20596569776535034,-0.11982634531626779,0.061200082302093506,-0.13970938324928284,-0.09409978853831369,0.013002336025238037,-0.24779221415519714,-0.03913193064103204,0.014727592468261719,-0.2986895740032196,-0.10812999921212274,0.008483678102493286,-0.21234947443008423,-0.10016300397286493,0.0006535649299621582,-0.15270763635635376,-0.07515817003617364
Z,0.0,0.0,0.0,0.10209769010543823,-0.015940845012664795,-0.06717530659922488,0.18411558866500854,-0.09507930278778076,-0.0900125803757561,0.14720779657363892,-0.20019900798797607,-0.10506190381535419,0.09052807092666626,-0.2709602415561676,-0.11696584544667132,0.24077147245407104,-0.22433090209960938,-0.03748012728580363,0.32902413606643677,-0.33985692262649536,-0.08381423376091846,0.3804090619087219,-0.41608092188835144,-0.11759541205653079,0.417330801486969,-0.4814204126596451,-0.14059196434506305,0.1630077362060547,-0.25208061933517456,-0.028698114897693472,0.1663387417793274,-0.32282164692878723,-0.10910525194891818,0.13087564706802368,-0.22619876265525818,-0.1379264148283852,0.10947126150131226,-0.15107104182243347,-0.13555456719883807,0.08714169263839722,-0.26255548000335693,-0.027617981876815634,0.07852911949157715,-0.31723088026046753,-0.11348709486016162,0.06086820363998413,-0.21355360746383667,-0.11331236384400256,0.05228745937347412,-0.14770305156707764,-0.08700167409666903,0.012395590543746948,-0.2542642056941986,-0.03080257236548789,0.012116819620132446,-0.3039102256298065,-0.09534751645811923,0.003902435302734375,-0.22304072976112366,-0.08761899940260776,-0.003275156021118164,-0.16526776552200317,-0.06219373665341266
Z,0.0,0.0,0.0,0.09790569543838501,-0.008284807205200195,-0.07175262874940813,0.18320834636688232,-0.08533263206481934,-0.09570179737190188,0.14431172609329224,-0.1937074065208435,-0.11056151098588884,0.0868309736251831,-0.26437807083129883,-0.12194537228921831,0.24040597677230835,-0.21734783053398132,-0.0440039843974489,0.3305758237838745,-0.334705114364624,-0.09075699604133547,0.38100576400756836,-0.41185660660266876,-0.12357442683557451,0.42042821645736694,-0.4772054851055145,-0.14546833044866503,0.16339528560638428,-0.2465798556804657,-0.03324807665327967,0.16383081674575806,-0.31737440824508667,-0.11432076103071154,0.12201458215713501,-0.2217995822429657,-0.14232208437303484,0.10182631015777588,-0.14620763063430786,-0.13845113522390307,0.08790045976638794,-0.2587408721446991,-0.03013109087029875,0.07549595832824707,-0.31223124265670776,-0.11726932830194414,0.05346280336380005,-0.2098170518875122,-0.11695284253934801,0.046276211738586426,-0.14380133152008057,-0.08969076580385149,0.012443363666534424,-0.251693457365036,-0.03152332312444628,0.010018974542617798,-0.30129557847976685,-0.0973772913871187,-7.769465446472168e-05,-0.2201623022556305,-0.08890952027419985,-0.007587641477584839,-0.16031914949417114,-0.061936298823155767
Z,0.0,0.0,0.0,0.09879034757614136,-0.010653138160705566,-0.06344749568336994,0.18094950914382935,-0.08870476484298706,-0.08552782027357608,0.14434510469436646,-0.1916971504688263,-0.10030689625376255,0.08681553602218628,-0.2611592411994934,-0.11237457184427768,0.23711073398590088,-0.22112509608268738,-0.042680362000403704,0.3251786231994629,-0.3388260304927826,-0.0894865894162038,0.3763812780380249,-0.4159660190343857,-0.12198991863363773,0.4148949384689331,-0.4810551702976227,-0.14408634392851383,0.16049915552139282,-0.2477220892906189,-0.03729920996659786,0.16194427013397217,-0.320123553276062,-0.11841223178738147,0.12039685249328613,-0.22320997714996338,-0.14573906151884586,0.09749037027359009,-0.14645683765411377,-0.14204817800158054,0.08456450700759888,-0.2570454776287079,-0.038729445769725146,0.0746573805809021,-0.311850368976593,-0.1256983557187894,0.054074227809906006,-0.2073938250541687,-0.12409832118385822,0.04621034860610962,-0.14032518863677979,-0.0966606491648534,0.007811903953552246,-0.24649810791015625,-0.04389806999200374,0.006242245435714722,-0.2971787452697754,-0.10962220071190387,-0.0027835071086883545,-0.2144482433795929,-0.10016601322525531,-0.008590847253799438,-0.15444377064704895,-0.07312498776548892
Z,0.0,0.0,0.0,0.09413695335388184,-0.005974173545837402,-0.07208997561508568,0.1816422939300537,-0.08577907085418701,-0.09692045851522835,0.14802592992782593,-0.19168365001678467,-0.11121044113212974,0.08610546588897705,-0.2639062702655792,-0.12238694532686623,0.23530453443527222,-0.2227696180343628,-0.053769016553701476,0.325237512588501,-0.3429547846317291,-0.10232344075018318,0.3751147389411926,-0.4207826554775238,-0.13697382612997444,0.4120352864265442,-0.4873201698064804,-0.16054893835359962,0.15859514474868774,-0.2515404522418976,-0.042523609389604644,0.16401982307434082,-0.3206750154495239,-0.12308903588825615,0.12186884880065918,-0.2221599817276001,-0.15089340313249977,0.09892642498016357,-0.14582714438438416,-0.14812002881342323,0.08369678258895874,-0.2635836601257324,-0.03820927618914993,0.07708144187927246,-0.3183833062648773,-0.12362712426954658,0.05535060167312622,-0.2122189998626709,-0.12145028813654335,0.04680877923965454,-0.144092857837677,-0.09447581871324928,0.008890688419342041,-0.2556121349334717,-0.03829923077398689,0.007718324661254883,-0.30510425567626953,-0.10401841803366096,-0.0009623169898986816,-0.22113549709320068,-0.09486003025347145,-0.006958365440368652,-0.15968331694602966,-0.06803352191025169
Z,0.0,0.0,0.0,0.0974457859992981,-0.006458640098571777,-0.07951638927335125,0.17924660444259644,-0.08418452739715576,-0.10898623695248943,0.1401233673095703,-0.18911832571029663,-0.1272411428915916,0.07727277278900146,-0.25677961111068726,-0.1421340041386543,0.239027202129364,-0.21799436211585999,-0.05582850133652073,0.3238782286643982,-0.33774831891059875,-0.1077113681065498,0.37229305505752563,-0.4175172299146652,-0.14613897433156353,0.40955591201782227,-0.4838205873966217,-0.1722211324202476,0.16122400760650635,-0.24801456928253174,-0.0413823806273399,0.16397827863693237,-0.31499144434928894,-0.12654183139676434,0.12224119901657104,-0.21587476134300232,-0.15668802788133007,0.10142290592193604,-0.13849753141403198,-0.15424934854382855,0.08553880453109741,-0.2603456676006317,-0.035082326136773645,0.07654780149459839,-0.3142697215080261,-0.1236059524642883,0.05393797159194946,-0.20948266983032227,-0.12285234858865124,0.04620736837387085,-0.1407335102558136,-0.09586975803250652,0.009614676237106323,-0.25264236330986023,-0.034044460259622156,0.0064401328563690186,-0.2981717586517334,-0.10327957650298458,-0.003114044666290283,-0.21507403254508972,-0.09683471252793652,-0.007643163204193115,-0.1546981930732727,-0.07115522851819378
Z,0.0,0.0,0.0,0.0940214991569519,0.0001214146614074707,-0.0737073608316905,0.1801217794418335,-0.07761514186859131,-0.10106023034234113,0.13902294635772705,-0.18203246593475342,-0.11869416019101209,0.07783180475234985,-0.2514093518257141,-0.13350718101639814,0.23616909980773926,-0.21654394268989563,-0.05382118752379483,0.3216768503189087,-0.33398938179016113,-0.1047470979966647,0.3705180883407593,-0.41156432032585144,-0.14106530329365796,0.4054097533226013,-0.4771318584680557,-0.1658517905153758,0.15810167789459229,-0.2460240125656128,-0.04282443231124944,0.16116994619369507,-0.3099655210971832,-0.12775768717904157,0.12510305643081665,-0.20755144953727722,-0.1563615538753993,0.10535186529159546,-0.13165876269340515,-0.15366813918728894,0.08387947082519531,-0.2579314708709717,-0.03937399765629834,0.07683128118515015,-0.3065705895423889,-0.1282689013161189,0.058275043964385986,-0.19896718859672546,-0.12489606818337506,0.049941956996917725,-0.1330486238002777,-0.09699288388867444,0.009621351957321167,-0.2513834238052368,-0.04061760014076299,0.009143859148025513,-0.2942650616168976,-0.10977529367585248,0.0012841224670410156,-0.20812731981277466,-0.10140876850266523,-0.004753291606903076,-0.15002727508544922,-0.07505408307690686
Z,0.0,0.0,0.0,0.09371635317802429,-0.01117551326751709,-0.07518764348618845,0.17763152718544006,-0.08591777086257935,-0.10657419772736887,0.1393987238407135,-0.1863551139831543,-0.12863718481652597,0.07519349455833435,-0.2563793957233429,-0.14793548496358255,0.23471584916114807,-0.22882312536239624,-0.05641596527688364,0.3231779634952545,-0.3463701009750366,-0.10637927563779215,0.3717058598995209,-0.4228980094194412,-0.14133663983933786,0.40581580996513367,-0.48762114346027374,-0.1651864996730552,0.16018983721733093,-0.2577667236328125,-0.04544808851473192,0.1569249927997589,-0.3160552382469177,-0.13065436990849832,0.12006321549415588,-0.21854230761528015,-0.1605766764461265,0.10202160477638245,-0.14414632320404053,-0.1589108160316215,0.08668801188468933,-0.2663917541503906,-0.041615703570769824,0.0706380307674408,-0.3139162063598633,-0.1314456960736976,0.05245545506477356,-0.20906883478164673,-0.13043566556565622,0.04734578728675842,-0.1404978632926941,-0.1036800271450744,0.014605849981307983,-0.25403717160224915,-0.042398815470860995,0.004203349351882935,-0.29555845260620117,-0.11262235553853372,-0.004364222288131714,-0.2137065827846527,-0.10591803254477838,-0.007212966680526733,-0.1532447338104248,-0.07979538800113062
Z,0.0,0.0,0.0,0.09647113084793091,-0.01224905252456665,-0.0726319399005888,0.17511045932769775,-0.09023171663284302,-0.09558197821445447,0.13315492868423462,-0.19293394684791565,-0.10792785848445874,0.07337778806686401,-0.25813835859298706,-0.11598371679849606,0.228687584400177,-0.22659212350845337,-0.0479611527449606,0.31299281120300293,-0.3490253686904907,-0.09711866046257,0.35762685537338257,-0.4264847934246063,-0.13170207257337552,0.391726553440094,-0.49359947443008423,-0.1547383141047476,0.15071386098861694,-0.25277718901634216,-0.035629134280156904,0.15232425928115845,-0.3192063868045807,-0.11482682044572812,0.1179400086402893,-0.21625491976737976,-0.1409903537756918,0.10438108444213867,-0.14318379759788513,-0.13738546485967618,0.07591968774795532,-0.26249659061431885,-0.03138252313203793,0.06642419099807739,-0.31650859117507935,-0.11656746233768445,0.04856199026107788,-0.20795610547065735,-0.11382386053867322,0.0448145866394043,-0.1437799036502838,-0.08626771683759671,0.0016155540943145752,-0.25159960985183716,-0.0318984907395361,-0.002291351556777954,-0.2993548810482025,-0.09718219901390057,-0.006086111068725586,-0.21554720401763916,-0.08833672071762066,-0.00881868600845337,-0.15814658999443054,-0.061631805849742705
Z,0.0,0.0,0.0,0.09610718488693237,-0.006336808204650879,-0.07617452822039184,0.1764490008354187,-0.08900278806686401,-0.10015210590670165,0.12618142366409302,-0.19217410683631897,-0.11254160932610091,0.06258338689804077,-0.2567998468875885,-0.12058333388874587,0.2204911708831787,-0.22644492983818054,-0.05374641797850188,0.3015361428260803,-0.3504820466041565,-0.10373201302597579,0.3458670973777771,-0.42975492775440216,-0.13862484029839095,0.3786585330963135,-0.4970206022262573,-0.16226216487000045,0.14101386070251465,-0.2513989210128784,-0.040685639599061574,0.14033323526382446,-0.3162495493888855,-0.12288851372311171,0.11174803972244263,-0.21173828840255737,-0.1496793710381752,0.10026663541793823,-0.13689053058624268,-0.14616227976391372,0.06612855195999146,-0.2595076560974121,-0.03581644303510245,0.05331003665924072,-0.3102557361125946,-0.12244399718353804,0.04167890548706055,-0.20228460431098938,-0.11889473430225905,0.03991281986236572,-0.13953614234924316,-0.09131401858637389,-0.008065789937973022,-0.24872690439224243,-0.036158257046437825,-0.013366401195526123,-0.29183050990104675,-0.1022940360696083,-0.015475451946258545,-0.20802828669548035,-0.09347217611382064,-0.018355846405029297,-0.15282362699508667,-0.0674332611949211
Z,0.0,0.0,0.0,0.09648340940475464,-0.010293543338775635,-0.06569436932493034,0.1737830638885498,-0.09447532892227173,-0.08724991227079215,0.12913858890533447,-0.19838947057724,-0.09969918424773994,0.06659543514251709,-0.26201263070106506,-0.10901793832469764,0.2171543836593628,-0.229383647441864,-0.04704697425056281,0.2944580912590027,-0.3537084758281708,-0.09318783874202552,0.33685511350631714,-0.4325232654809952,-0.1261558308689672,0.3687640428543091,-0.5005011260509491,-0.14956561470914664,0.1398290991783142,-0.25277358293533325,-0.03944539273668113,0.14419454336166382,-0.3206133246421814,-0.11513920123267951,0.11394262313842773,-0.21997740864753723,-0.13972505176950278,0.0998198390007019,-0.14632755517959595,-0.13698529447007957,0.06543326377868652,-0.25712063908576965,-0.0387641488998014,0.06029355525970459,-0.31556978821754456,-0.12118767941881003,0.04679834842681885,-0.20826399326324463,-0.11610379810024085,0.04198735952377319,-0.14239180088043213,-0.08923021698880973,-0.009023904800415039,-0.2404535710811615,-0.04226980725813689,-0.010296761989593506,-0.289019376039505,-0.10741759086538138,-0.012486517429351807,-0.2055865228176117,-0.09797616297889533,-0.01615166664123535,-0.14752072095870972,-0.07239497447896781
Z,0.0,0.0,0.0,0.09300115704536438,-0.002419590950012207,-0.06255924923415535,0.17256012558937073,-0.08551567792892456,-0.08374852908845298,0.12499943375587463,-0.190623939037323,-0.0967560134648835,0.05927744507789612,-0.2499229907989502,-0.1070132873773133,0.2125365436077118,-0.22569188475608826,-0.04736916197533958,0.2904444634914398,-0.3502868711948395,-0.0905548803329026,0.3347231447696686,-0.4299147129058838,-0.12013833446498268,0.36877700686454773,-0.4978959858417511,-0.14138422383065574,0.1347200572490692,-0.2471368908882141,-0.04146679712529533,0.1382262408733368,-0.3155035376548767,-0.11667750997538917,0.109098881483078,-0.21443206071853638,-0.14024699701066368,0.09512504935264587,-0.1413198709487915,-0.13601071609254234,0.060210198163986206,-0.25025859475135803,-0.041457603108838725,0.055173784494400024,-0.3070027232170105,-0.12389021588559501,0.042671650648117065,-0.1986328661441803,-0.11855124903912895,0.037740617990493774,-0.1340993046760559,-0.09060387535090797,-0.016175657510757446,-0.2339443564414978,-0.045140834879831004,-0.01419118046760559,-0.2829301357269287,-0.11044112814660423,-0.014490723609924316,-0.1980474591255188,-0.10037302447553031,-0.01803693175315857,-0.14025896787643433,-0.07378602249617927
Z,0.0,0.0,0.0,0.09617465734481812,-0.013086557388305664,-0.0647568523862816,0.17612504959106445,-0.09713727235794067,-0.08936275243549119,0.13531112670898438,-0.19865205883979797,-0.10639429539232026,0.06806260347366333,-0.259570837020874,-0.12107520997314225,0.21841847896575928,-0.23950284719467163,-0.04847057983069192,0.29547953605651855,-0.36201393604278564,-0.09435191452293168,0.3398333191871643,-0.43826355040073395,-0.1267668351510025,0.3708096146583557,-0.5034613311290741,-0.14951460510282288,0.14167237281799316,-0.2613105773925781,-0.042144437132165535,0.14485996961593628,-0.323752760887146,-0.11942173987416993,0.11721831560134888,-0.22659510374069214,-0.1455315396168686,0.1012645959854126,-0.15413641929626465,-0.14373013824014436,0.06702977418899536,-0.2643527686595917,-0.04212845936207543,0.058667004108428955,-0.31697186827659607,-0.12474608868150483,0.04783320426940918,-0.21233966946601868,-0.1205974489429451,0.04284781217575073,-0.14571619033813477,-0.09433652162341843,-0.007421135902404785,-0.2475254237651825,-0.04625827520875703,-0.00888526439666748,-0.2958100736141205,-0.10955296158580552,-0.010375231504440308,-0.21492215991020203,-0.09917863160161744,-0.013997256755828857,-0.15547597408294678,-0.07314755469350587
Z,0.0,0.0,0.0,0.09061583876609802,-0.00012290477752685547,-0.07095789005497011,0.17593106627464294,-0.08010464906692505,-0.09235489209630998,0.13105717301368713,-0.18371954560279846,-0.1028865708921245,0.06319054961204529,-0.24418550729751587,-0.10931610902288469,0.2201632559299469,-0.2188369333744049,-0.047961132875471435,0.2989121973514557,-0.3361652195453644,-0.0941997154567531,0.3431594669818878,-0.4116391986608505,-0.12773281922081026,0.37582018971443176,-0.4778217226266861,-0.15128179480770143,0.14445850253105164,-0.2443903088569641,-0.03668460091093095,0.14269080758094788,-0.3084995746612549,-0.11359743615129503,0.11366477608680725,-0.2076435685157776,-0.1405341236803821,0.10169091820716858,-0.13611972332000732,-0.1382596104357532,0.07345357537269592,-0.2514767646789551,-0.032570733032017074,0.058922797441482544,-0.2953301966190338,-0.11482744505146059,0.04486331343650818,-0.19178837537765503,-0.11282092174032243,0.04345431923866272,-0.1325916051864624,-0.0871876834843448,0.0035202205181121826,-0.2397775948047638,-0.03309496705868753,-0.0038501322269439697,-0.27639514207839966,-0.09576674391963991,-0.010701507329940796,-0.19561302661895752,-0.08699837913253816,-0.014865666627883911,-0.14412307739257812,-0.06175547306874307
Z,0.0,0.0,0.0,0.09708458185195923,-0.008367061614990234,-0.06762776491767397,0.18174946308135986,-0.09103429317474365,-0.09096254376298418,0.13992226123809814,-0.19545242190361023,-0.10662582484609118,0.07122349739074707,-0.25000840425491333,-0.11989622531062594,0.2236645221710205,-0.22238770127296448,-0.04187597674852839,0.30488067865371704,-0.338300883769989,-0.08630066332942476,0.3512607216835022,-0.41253137588500977,-0.11569685456878176,0.38498836755752563,-0.4770258069038391,-0.13529626248008242,0.14939868450164795,-0.24857109785079956,-0.033021572656693365,0.15060758590698242,-0.3124523162841797,-0.1104487028492116,0.12189596891403198,-0.21888375282287598,-0.13624461708194247,0.1105157732963562,-0.14955854415893555,-0.13173381207114687,0.07935750484466553,-0.2558976411819458,-0.03101275084144106,0.06845778226852417,-0.29634496569633484,-0.11450990257388582,0.051519036293029785,-0.19753876328468323,-0.11223351923352709,0.04809892177581787,-0.137304425239563,-0.08455739883309832,0.009596765041351318,-0.24503853917121887,-0.03320890260464182,0.010004580020904541,-0.2870713174343109,-0.09307251093513003,0.0002993345260620117,-0.21151527762413025,-0.08189421115046969,-0.006310999393463135,-0.15800440311431885,-0.05449894411093226
Z,0.0,0.0,0.0,0.0945250391960144,-0.003944814205169678,-0.07076155167130338,0.1865558624267578,-0.07660752534866333,-0.09561041515377866,0.14647239446640015,-0.17808228731155396,-0.1120951525500189,0.07965207099914551,-0.23885250091552734,-0.12612920772341596,0.22930258512496948,-0.21430441737174988,-0.04188734810856687,0.31207823753356934,-0.3266712427139282,-0.08738019835261213,0.358420729637146,-0.4002528786659241,-0.11785680573490964,0.39154595136642456,-0.4621920883655548,-0.13780556391981946,0.15710538625717163,-0.2420145869255066,-0.03105868917015897,0.15520143508911133,-0.3030303418636322,-0.11025061976221906,0.12048476934432983,-0.21290820837020874,-0.13842497538832532,0.10504406690597534,-0.1434064507484436,-0.1349600679805647,0.08777475357055664,-0.25000521540641785,-0.027520801462806332,0.07282716035842896,-0.28729838132858276,-0.11332870792654859,0.05275094509124756,-0.19183707237243652,-0.11427428346184598,0.048625648021698,-0.13181298971176147,-0.08805994462279187,0.018312692642211914,-0.23984843492507935,-0.028180986233628857,0.012889742851257324,-0.2779410183429718,-0.09189387928751813,0.0009037256240844727,-0.20207011699676514,-0.08370248746184217,-0.0045157670974731445,-0.14747470617294312,-0.05713937576917516
Z,0.0,0.0,0.0,0.09854322671890259,-0.008498668670654297,-0.05941523815052818,0.1890420913696289,-0.08564651012420654,-0.08008484745877098,0.14922815561294556,-0.18672171235084534,-0.09512767399208855,0.08370816707611084,-0.24747231602668762,-0.108872572132519,0.22887176275253296,-0.2129378318786621,-0.034150744029453506,0.3162956237792969,-0.3244563639163971,-0.07583691383259605,0.365553617477417,-0.3970717191696167,-0.10374961251871895,0.40033507347106934,-0.4588862657546997,-0.12263947928803276,0.15704089403152466,-0.2417074739933014,-0.02852004411177944,0.16288399696350098,-0.30558547377586365,-0.10413157398360084,0.12799888849258423,-0.21522554755210876,-0.1298369115080149,0.10907244682312012,-0.14406496286392212,-0.12595982308047127,0.08866435289382935,-0.2507646679878235,-0.029109139167836418,0.07994776964187622,-0.294321745634079,-0.10962180996792625,0.059131920337677,-0.1989496350288391,-0.10724450106280159,0.050702035427093506,-0.13729292154312134,-0.08088499511139702,0.019589781761169434,-0.2427251636981964,-0.03322733769672226,0.018368959426879883,-0.28581613302230835,-0.0921344032372744,0.005194664001464844,-0.20986753702163696,-0.08166341687100243,-0.002938389778137207,-0.154244065284729,-0.05543430353062462
Z,0.0,0.0,0.0,0.10440385341644287,-0.009866178035736084,-0.06265321440356786,0.19135832786560059,-0.0861087441444397,-0.08365659482139165,0.15676158666610718,-0.19031307101249695,-0.0982622808899265,0.09434127807617188,-0.2549232542514801,-0.11145249820607717,0.23369204998016357,-0.2160685658454895,-0.03287703237789685,0.32178306579589844,-0.32196903228759766,-0.07283157176631505,0.3688805103302002,-0.3926129937171936,-0.1003042913164478,0.4018126130104065,-0.4539485573768616,-0.11952501601832921,0.16182547807693481,-0.24391210079193115,-0.024815666222153254,0.17014068365097046,-0.3081091642379761,-0.0978587797965389,0.14214539527893066,-0.2180277705192566,-0.12341488219159658,0.12465959787368774,-0.14745140075683594,-0.12047636575358922,0.09154772758483887,-0.25162357091903687,-0.02348840489345605,0.0859375,-0.29697921872138977,-0.10563656754153783,0.07006222009658813,-0.19909819960594177,-0.10494880444663579,0.05964380502700806,-0.13617444038391113,-0.07949561692136342,0.01991826295852661,-0.24136897921562195,-0.02559384770053441,0.023524165153503418,-0.2872244715690613,-0.08859873629468495,0.014234185218811035,-0.20970001816749573,-0.08097589082377965,0.004086017608642578,-0.15309733152389526,-0.056405351230083056
Z,0.0,0.0,0.0,0.10674655437469482,-0.00623852014541626,-0.059837907133569956,0.19287914037704468,-0.0811043381690979,-0.07791149946855569,0.1593914031982422,-0.18644213676452637,-0.08933118316339517,0.09706425666809082,-0.25036901235580444,-0.09930352452205682,0.23382282257080078,-0.20849579572677612,-0.029833418829312564,0.31980568170547485,-0.3106609582901001,-0.06756779882120156,0.3673560619354248,-0.37901735305786133,-0.09453006419347787,0.40072786808013916,-0.43838147819042206,-0.11383929434227014,0.16218578815460205,-0.23749300837516785,-0.023551368666758776,0.1757972240447998,-0.30212265253067017,-0.09282020810054803,0.1453985571861267,-0.21328705549240112,-0.11802436741994882,0.12492036819458008,-0.14362072944641113,-0.11584583255456948,0.09031349420547485,-0.24565213918685913,-0.02376055116759801,0.09251987934112549,-0.2962205708026886,-0.10398206445383096,0.07417184114456177,-0.19662392139434814,-0.10345398965286279,0.06060659885406494,-0.1331484317779541,-0.0787923518102076,0.015356183052062988,-0.2337152361869812,-0.02706487807439828,0.02408885955810547,-0.2824365198612213,-0.08995233061718011,0.016948699951171875,-0.20345386862754822,-0.08214605185197854,0.005618631839752197,-0.14521431922912598,-0.05776642593549752
Z,0.0,0.0,0.0,0.10161811113357544,-0.0066977739334106445,-0.06235941749579532,0.19442296028137207,-0.08360964059829712,-0.08322000753647907,0.17129814624786377,-0.1929152011871338,-0.09727537137038333,0.11115509271621704,-0.25844159722328186,-0.10944723587996585,0.2420119047164917,-0.21668070554733276,-0.034987422344752384,0.32772380113601685,-0.31796780228614807,-0.07388527941472156,0.3743664026260376,-0.383614718914032,-0.10059114795691593,0.4079545736312866,-0.44318264722824097,-0.12011796486146076,0.1710374355316162,-0.24585282802581787,-0.028704887894459796,0.18558543920516968,-0.3123887777328491,-0.1002048875070296,0.15122324228286743,-0.22186431288719177,-0.12550996494061573,0.12704575061798096,-0.1546134352684021,-0.12311581772334201,0.0992322564125061,-0.25506898760795593,-0.028771887240477634,0.10142099857330322,-0.3070601522922516,-0.11021435510880573,0.08110266923904419,-0.20501738786697388,-0.10925928008324726,0.06655013561248779,-0.14263838529586792,-0.08442897599703891,0.02394270896911621,-0.24690625071525574,-0.03236122679478748,0.03171992301940918,-0.2926364839076996,-0.09587300073868854,0.02400791645050049,-0.212468683719635,-0.08876891684300525,0.013817906379699707,-0.15696191787719727,-0.06521535169846637
Z,0.0,0.0,0.0,0.09918010234832764,-0.0019224882125854492,-0.06399278923178642,0.19233667850494385,-0.07436949014663696,-0.08328968866969078,0.1629420518875122,-0.18407166004180908,-0.09336928858662574,0.10397344827651978,-0.25252020359039307,-0.10065574034357994,0.23601996898651123,-0.20452207326889038,-0.038390366577157664,0.32267338037490845,-0.3051716983318329,-0.07480591370964973,0.3687596917152405,-0.368531197309494,-0.09996964617873161,0.40267056226730347,-0.42692694067955017,-0.1186340807309243,0.165519118309021,-0.23647689819335938,-0.030304709666022944,0.18310093879699707,-0.2987534701824188,-0.09422200753594367,0.15085679292678833,-0.20640352368354797,-0.11633132978583305,0.1285337209701538,-0.14250272512435913,-0.11400028153563468,0.09371042251586914,-0.24805796146392822,-0.02866132206524341,0.09838294982910156,-0.29783281683921814,-0.10392777457142799,0.078960120677948,-0.19340616464614868,-0.1007880626549813,0.06455987691879272,-0.13585662841796875,-0.07678189709092109,0.01617586612701416,-0.2397662103176117,-0.03071920595372646,0.025968968868255615,-0.2865046262741089,-0.09028606697226493,0.020304977893829346,-0.20394453406333923,-0.08043443992043464,0.0076448917388916016,-0.14963144063949585,-0.05619610681439369
Z,0.0,0.0,0.0,0.10000622272491455,0.013472378253936768,-0.05374507447148957,0.19440960884094238,-0.058223724365234375,-0.06867510293986001,0.172296404838562,-0.17219841480255127,-0.07730814283157983,0.11289912462234497,-0.23888593912124634,-0.0845602623131434,0.23895025253295898,-0.1904849410057068,-0.02707940367426076,0.322615385055542,-0.2874511182308197,-0.05840395232106843,0.3703234791755676,-0.34930554032325745,-0.08127660517956414,0.4037542939186096,-0.4046911597251892,-0.09977632974650064,0.16883426904678345,-0.22276484966278076,-0.022956930374757434,0.18476110696792603,-0.2827720642089844,-0.08618298386599221,0.15377718210220337,-0.1906569004058838,-0.10999062125946679,0.12845665216445923,-0.12603676319122314,-0.10910613303448358,0.09732353687286377,-0.23431819677352905,-0.02403113273348012,0.10139697790145874,-0.28377190232276917,-0.09998332177664437,0.08380824327468872,-0.1795867681503296,-0.09870180701281228,0.0675472617149353,-0.11947226524353027,-0.07643780325915017,0.018398582935333252,-0.22954946756362915,-0.027747066965357448,0.02644568681716919,-0.27087855339050293,-0.09128224318291345,0.022268295288085938,-0.18531012535095215,-0.08603272800709405,0.012942731380462646,-0.1296725869178772,-0.06517680202986398
Z,0.0,0.0,0.0,0.10379815101623535,0.018560945987701416,-0.059727033892738035,0.19990676641464233,-0.05538135766983032,-0.07894104189621132,0.172882080078125,-0.16900014877319336,-0.09091845370279472,0.10696452856063843,-0.23353701829910278,-0.10228641546713035,0.23755162954330444,-0.19241642951965332,-0.03796658880458992,0.3250885009765625,-0.29112985730171204,-0.073847310910093,0.3738659620285034,-0.3573968708515167,-0.0981286338661782,0.4067462682723999,-0.41414839029312134,-0.11648349679456871,0.16645556688308716,-0.2257450819015503,-0.030888220587836912,0.18510079383850098,-0.28871554136276245,-0.10096816934095543,0.1542012095451355,-0.19817405939102173,-0.12529813713775795,0.12890875339508057,-0.131239652633667,-0.12270397908435982,0.09540742635726929,-0.23706838488578796,-0.02891421906100433,0.10322511196136475,-0.28448286652565,-0.11020169622646492,0.08368027210235596,-0.18221265077590942,-0.10740616388069313,0.06580930948257446,-0.12113964557647705,-0.08186362154232185,0.018075764179229736,-0.2317710816860199,-0.02957754611419361,0.031190574169158936,-0.2740207314491272,-0.09598090715156715,0.0236472487449646,-0.19071972370147705,-0.08918085909830253,0.011207103729248047,-0.13573867082595825,-0.06565863109575432
Z,0.0,0.0,0.0,0.1065407395362854,0.0013852715492248535,-0.05733972351962535,0.20528745651245117,-0.07635658979415894,-0.07446715917402713,0.18411535024642944,-0.19029521942138672,-0.08643324609810321,0.12257945537567139,-0.25628891587257385,-0.09746000852400272,0.24774736166000366,-0.2093050479888916,-0.026896349452080415,0.33335351943969727,-0.31033825874328613,-0.0616246679049155,0.38147860765457153,-0.3743680715560913,-0.08592574980074374,0.4161476492881775,-0.4331344962120056,-0.10505653854423969,0.17625641822814941,-0.24082961678504944,-0.022804568819346116,0.1902918815612793,-0.30718693137168884,-0.09265338566118686,0.15539652109146118,-0.2122100591659546,-0.11723776098305194,0.12760776281356812,-0.14313554763793945,-0.11490695115143268,0.10350930690765381,-0.2507709562778473,-0.02477836545521228,0.10375756025314331,-0.3034071922302246,-0.10553936596924274,0.08379185199737549,-0.19867080450057983,-0.10330356594139545,0.0667908787727356,-0.13541346788406372,-0.07844231959396808,0.024725258350372314,-0.24547764658927917,-0.029980046040954278,0.03523111343383789,-0.29357632994651794,-0.09488170530611484,0.02520120143890381,-0.21107453107833862,-0.08833607222849338,0.012559473514556885,-0.15556907653808594,-0.06589265104347675
Z,0.0,0.0,0.0,0.10100263357162476,0.015489935874938965,-0.05036102209390947,0.19940322637557983,-0.06438148021697998,-0.06427314851583787,0.18235230445861816,-0.18038970232009888,-0.07390998277963945,0.12316054105758667,-0.24724021553993225,-0.0836168823033745,0.24626249074935913,-0.1950884461402893,-0.029793968164938178,0.333095908164978,-0.30088359117507935,-0.06606364969314882,0.3853719234466553,-0.37129727005958557,-0.09291470769943544,0.42120790481567383,-0.43278422951698303,-0.11415675256552049,0.17468959093093872,-0.22564160823822021,-0.027682812625187125,0.1862637996673584,-0.2952711880207062,-0.09775458250345537,0.15246248245239258,-0.20145100355148315,-0.12196774754823991,0.12567174434661865,-0.13012999296188354,-0.12038925264181444,0.10307621955871582,-0.23655879497528076,-0.030453568065183845,0.10284239053726196,-0.29362398386001587,-0.10755003962816545,0.0831562876701355,-0.19248121976852417,-0.1027538177758629,0.06669312715530396,-0.12805116176605225,-0.0784143355876381,0.02447974681854248,-0.23313584923744202,-0.03622050557436296,0.030861735343933105,-0.28155869245529175,-0.09908089760841676,0.020624935626983643,-0.19959241151809692,-0.09181395892204591,0.010065913200378418,-0.1429131031036377,-0.07009881708921739
Z,0.0,0.0,0.0,0.10308170318603516,0.008149564266204834,-0.05002982322357141,0.19802284240722656,-0.06800216436386108,-0.06701745990894281,0.17168796062469482,-0.1841915249824524,-0.07989126596830332,0.11420339345932007,-0.25323671102523804,-0.09246374074600183,0.24153482913970947,-0.1969553828239441,-0.03254582885883295,0.3297761082649231,-0.30717453360557556,-0.06875898096940958,0.3844558000564575,-0.37755119800567627,-0.09510039691112482,0.422737717628479,-0.4383923411369324,-0.11599789712808573,0.16687017679214478,-0.2271631956100464,-0.03104230355701887,0.18243753910064697,-0.29340794682502747,-0.10080208782337152,0.14457595348358154,-0.19985723495483398,-0.12452526543519937,0.11511176824569702,-0.13024824857711792,-0.12307726744792902,0.09325987100601196,-0.23642843961715698,-0.03413668427846872,0.09770774841308594,-0.2948606610298157,-0.10969017599008524,0.08087247610092163,-0.19525957107543945,-0.10488652590892755,0.06601625680923462,-0.13251549005508423,-0.0814634576835438,0.013529360294342041,-0.22911101579666138,-0.040186589250783555,0.024094700813293457,-0.2754541337490082,-0.10152056966207468,0.018149077892303467,-0.1937999725341797,-0.0938848272361561,0.010147809982299805,-0.13668805360794067,-0.07231015119932138
Z,0.0,0.0,0.0,0.1052505373954773,0.007092475891113281,-0.051200052885064906,0.20713555812835693,-0.06688189506530762,-0.06490241193557722,0.18162506818771362,-0.18283939361572266,-0.0736992900946234,0.12032443284988403,-0.2510828375816345,-0.08127211236740095,0.24992334842681885,-0.1988324522972107,-0.03132486173296911,0.3395639657974243,-0.3089483678340912,-0.06915283405567152,0.3909785747528076,-0.37738221883773804,-0.09772392564798338,0.43000197410583496,-0.44088777899742126,-0.12127080762172682,0.17611336708068848,-0.23187530040740967,-0.031108955083141154,0.18808764219284058,-0.3005202114582062,-0.100745098827133,0.14910054206848145,-0.20041143894195557,-0.12374893033290846,0.12250018119812012,-0.13139885663986206,-0.12246787750507337,0.10302305221557617,-0.2441157102584839,-0.03647128695035917,0.10215461254119873,-0.2965816259384155,-0.11386230045343382,0.08311903476715088,-0.19039219617843628,-0.10935552620674116,0.07061052322387695,-0.12931209802627563,-0.08636637234474165,0.02391505241394043,-0.2394837737083435,-0.04526665264154417,0.028908491134643555,-0.278240829706192,-0.10883505099798185,0.018575429916381836,-0.1934109926223755,-0.1023291369655226,0.00840294361114502,-0.13923585414886475,-0.0819523354747389
Z,0.0,0.0,0.0,0.10582953691482544,0.01535564661026001,-0.05023000056793592,0.20716631412506104,-0.06495243310928345,-0.06538948829224012,0.18215489387512207,-0.18645340204238892,-0.075545836639904,0.11798083782196045,-0.2557182312011719,-0.08508988137295148,0.2467588186264038,-0.19619786739349365,-0.03602105419089696,0.33494848012924194,-0.3113664984703064,-0.07264251674463651,0.388532817363739,-0.38124266266822815,-0.10017598832895658,0.4279909133911133,-0.4452191889286041,-0.12341786588480375,0.17336666584014893,-0.22764182090759277,-0.03551603521158597,0.18855375051498413,-0.2962018847465515,-0.10479175711920163,0.15277409553527832,-0.19576752185821533,-0.12829289997866056,0.12518644332885742,-0.12671047449111938,-0.12796209420015714,0.09994947910308838,-0.23823750019073486,-0.03944386954357526,0.10384577512741089,-0.29927536845207214,-0.11529291088631055,0.08770895004272461,-0.19315475225448608,-0.10827497805406949,0.07248342037200928,-0.13091671466827393,-0.08437407429268262,0.019465863704681396,-0.2336409091949463,-0.04652891348054311,0.028441667556762695,-0.28031134605407715,-0.10905732626964948,0.022519469261169434,-0.19543522596359253,-0.10048541839172742,0.012094974517822266,-0.14016294479370117,-0.07902637536575696
Z,0.0,0.0,0.0,0.10474228858947754,0.025899767875671387,-0.046803770915644805,0.2068219780921936,-0.05991494655609131,-0.05458240430154149,0.18610817193984985,-0.18629741668701172,-0.05695606242217366,0.1253514289855957,-0.25367724895477295,-0.058015758500474135,0.2472829818725586,-0.19410109519958496,-0.027771573842542807,0.3312554955482483,-0.3084636330604553,-0.06386742960013692,0.3854571580886841,-0.38190239667892456,-0.09216849725045506,0.4226537346839905,-0.4453698992729187,-0.11572450618542973,0.17111003398895264,-0.2218027114868164,-0.02698172102965657,0.1862233281135559,-0.2982931137084961,-0.09645861606396977,0.153644859790802,-0.19325697422027588,-0.12055050800837819,0.12884825468063354,-0.12047809362411499,-0.11929329703845326,0.09716695547103882,-0.23219317197799683,-0.030833538950460593,0.10078299045562744,-0.29488304257392883,-0.10938348840274159,0.08585846424102783,-0.184700608253479,-0.10443086396254841,0.07181370258331299,-0.12129300832748413,-0.07999742995299641,0.01580268144607544,-0.2301303744316101,-0.03727688859500233,0.02551478147506714,-0.27979791164398193,-0.10250405441321675,0.020415186882019043,-0.1923004388809204,-0.09590544770755116,0.011038661003112793,-0.13737231492996216,-0.07493581841983143
Z,0.0,0.0,0.0,0.10385137796401978,0.022715270519256592,-0.04623972646144381,0.20560729503631592,-0.05875033140182495,-0.06138499102738848,0.18545150756835938,-0.17861372232437134,-0.07268027237800112,0.12336403131484985,-0.24744123220443726,-0.08436988315728655,0.243266761302948,-0.1986604928970337,-0.037385959394249824,0.3305453658103943,-0.31194359064102173,-0.07418108008054247,0.3869260549545288,-0.3833521008491516,-0.10088936261085024,0.4255693554878235,-0.44620054960250854,-0.12293444595483294,0.16746103763580322,-0.2299032211303711,-0.03871099299934855,0.18405157327651978,-0.29186543822288513,-0.10983860514310351,0.15085840225219727,-0.19046622514724731,-0.13282373569158068,0.12216341495513916,-0.11956930160522461,-0.13125199101117602,0.09129750728607178,-0.2382184863090515,-0.043700233317885306,0.09894198179244995,-0.29002273082733154,-0.12136983148005953,0.08677148818969727,-0.18258708715438843,-0.11375831089166155,0.0717819333076477,-0.11920899152755737,-0.08865452579406252,0.008195817470550537,-0.23110800981521606,-0.051167912997279075,0.02481752634048462,-0.2692670226097107,-0.11478390566256991,0.023659169673919678,-0.1816198229789734,-0.105586745060954,0.015138745307922363,-0.12595033645629883,-0.08301502487805834
Z,0.0,0.0,0.0,0.0998014509677887,0.03137552738189697,-0.040789838123501454,0.2073446810245514,-0.06122410297393799,-0.04411890282052866,0.18885233998298645,-0.1898607611656189,-0.04213674663323275,0.12171676754951477,-0.25308167934417725,-0.03924531413930765,0.24485960602760315,-0.19781780242919922,-0.0266933936508309,0.32956352829933167,-0.3130437731742859,-0.057889315474213277,0.3844141662120819,-0.3866109251976013,-0.08532768412250391,0.4221920669078827,-0.45167234539985657,-0.11029681487697474,0.16728946566581726,-0.22599101066589355,-0.027266069489897404,0.183081716299057,-0.30019068717956543,-0.08890724851507059,0.14793601632118225,-0.19389468431472778,-0.10968689544814936,0.12069687247276306,-0.12172222137451172,-0.10946944280284754,0.09234467148780823,-0.2366262674331665,-0.03138897864836565,0.09953758120536804,-0.3026590347290039,-0.1011270798625361,0.08386513590812683,-0.1901535987854004,-0.09255684836524836,0.06711497902870178,-0.12307506799697876,-0.06971321924346796,0.010028094053268433,-0.23590826988220215,-0.03797022550124041,0.02260473370552063,-0.2837432026863098,-0.09991846157926432,0.016847699880599976,-0.19251805543899536,-0.09265256597417704,0.006260186433792114,-0.1355069875717163,-0.07319704367536417
Z,0.0,0.0,0.0,0.10356596112251282,0.024949252605438232,-0.050271190934921606,0.2110241949558258,-0.0679084062576294,-0.05974097200586925,0.19370272755622864,-0.19914239645004272,-0.06349148251965175,0.12729695439338684,-0.2699465751647949,-0.06591688492252956,0.24448904395103455,-0.20401161909103394,-0.03572581731631885,0.33049461245536804,-0.32528501749038696,-0.07157590635969768,0.38381049036979675,-0.3990756869316101,-0.09897406794979702,0.4226280152797699,-0.46917110681533813,-0.12369079538538585,0.16801688075065613,-0.23323941230773926,-0.03643138357355724,0.18461701273918152,-0.31189048290252686,-0.10652612545445095,0.14760330319404602,-0.19830113649368286,-0.12841455289080272,0.11840340495109558,-0.12608391046524048,-0.12644074507906566,0.09186097979545593,-0.24380618333816528,-0.04183384426787029,0.10004988312721252,-0.3125542402267456,-0.1199462378855003,0.08473160862922668,-0.19456630945205688,-0.111252356552626,0.06711122393608093,-0.13067162036895752,-0.08552132942631374,0.0066551268100738525,-0.2405332326889038,-0.05059912078931461,0.02225390076637268,-0.2914055585861206,-0.11693929531529079,0.02157720923423767,-0.19889366626739502,-0.10901437350466381,0.009371668100357056,-0.14184337854385376,-0.08793273963883053
Z,0.0,0.0,0.0,0.10843366384506226,0.017702043056488037,-0.04864991625110804,0.2139664888381958,-0.07352876663208008,-0.06342472677390276,0.1994531750679016,-0.2017952799797058,-0.07338495348851382,0.13263803720474243,-0.2719307541847229,-0.08307507430474459,0.24787920713424683,-0.20146507024765015,-0.04158078675429522,0.3371977210044861,-0.325391948223114,-0.07700735871951281,0.39180564880371094,-0.39890360832214355,-0.10291676019589602,0.4319266080856323,-0.46825146675109863,-0.12614787911336123,0.17276036739349365,-0.23500937223434448,-0.042552659113809455,0.19585663080215454,-0.3197682499885559,-0.1111674437419623,0.16205906867980957,-0.21320825815200806,-0.13167555426518618,0.13368934392929077,-0.14103573560714722,-0.129337755788967,0.09617090225219727,-0.24692374467849731,-0.04681769554774462,0.11052453517913818,-0.32586902379989624,-0.12112311815182863,0.09657943248748779,-0.21299058198928833,-0.10879149829308687,0.07768362760543823,-0.1454184651374817,-0.08162931894223391,0.010507166385650635,-0.24315249919891357,-0.05425932799737154,0.030815839767456055,-0.29893380403518677,-0.11729869787852465,0.031439363956451416,-0.21132057905197144,-0.10683245753209292,0.020201921463012695,-0.15273207426071167,-0.08427701686780154
Z,0.0,0.0,0.0,0.1066889762878418,0.03211873769760132,-0.04859902649418757,0.21853196620941162,-0.05945497751235962,-0.06085185273782656,0.20420163869857788,-0.19238436222076416,-0.06818728088633463,0.13411742448806763,-0.26196032762527466,-0.07532550334231303,0.2526538372039795,-0.1990780234336853,-0.04102262049214289,0.3407663106918335,-0.32024049758911133,-0.07577837198273585,0.39545315504074097,-0.39432644844055176,-0.1010911235143368,0.43514567613601685,-0.462799072265625,-0.12415881394640849,0.17534136772155762,-0.23079043626785278,-0.04231267362133906,0.20042157173156738,-0.3119726777076721,-0.11088521718279765,0.16753065586090088,-0.20155346393585205,-0.1316292577912037,0.13837552070617676,-0.127621591091156,-0.12931565880076334,0.09833776950836182,-0.24241071939468384,-0.04702766551868365,0.11552667617797852,-0.314075231552124,-0.12348483442561076,0.10064584016799927,-0.19710713624954224,-0.1120488563110058,0.07921671867370605,-0.12980669736862183,-0.08504538922802851,0.011755704879760742,-0.24078208208084106,-0.054773736142081475,0.03725510835647583,-0.2926154136657715,-0.11978547959820673,0.03660404682159424,-0.20039397478103638,-0.10957746892468379,0.02209383249282837,-0.14111632108688354,-0.08713844358221934
Z,0.0,0.0,0.0,0.10737806558609009,0.02348804473876953,-0.04676351493906594,0.2197156548500061,-0.06829565763473511,-0.05931150710892297,0.2065112590789795,-0.19592201709747314,-0.06793593785476304,0.13610774278640747,-0.2651286721229553,-0.07609789243650056,0.2534748911857605,-0.20408374071121216,-0.03634237295698739,0.34332871437072754,-0.32402539253234863,-0.06999842992734528,0.39823126792907715,-0.39602091908454895,-0.09387036583137132,0.43863534927368164,-0.4647367000579834,-0.11561279169034577,0.17640453577041626,-0.23648566007614136,-0.03934632411908723,0.20240813493728638,-0.3186248540878296,-0.10719794205140687,0.1710619330406189,-0.2090831995010376,-0.1278669627637825,0.1428130865097046,-0.1374523639678955,-0.12516988239001847,0.09873747825622559,-0.24763506650924683,-0.04575978389691926,0.11648529767990112,-0.31994205713272095,-0.12119469216775514,0.10299921035766602,-0.20317745208740234,-0.10955075344752885,0.08227097988128662,-0.1377565860748291,-0.08186519316148377,0.011729151010513306,-0.24458467960357666,-0.05518034643244363,0.0381503701210022,-0.30012375116348267,-0.11699000916194535,0.03945690393447876,-0.2100805640220642,-0.10466415605258561,0.025542497634887695,-0.15205270051956177,-0.08074571362447358
Z,0.0,0.0,0.0,0.11113882064819336,0.024280548095703125,-0.04743054665519608,0.22405636310577393,-0.06406408548355103,-0.06045996181561364,0.20904874801635742,-0.18902868032455444,-0.06931665323569192,0.13706344366073608,-0.2575345039367676,-0.07792642496420754,0.2565556764602661,-0.2029879093170166,-0.03877602673961533,0.34877336025238037,-0.32163292169570923,-0.07258582644059075,0.40510696172714233,-0.3930127024650574,-0.09622876874997033,0.4463168978691101,-0.4596911072731018,-0.11717956296994103,0.17924338579177856,-0.23667603731155396,-0.04168013639642609,0.20822376012802124,-0.31473803520202637,-0.1092065551121415,0.1745307445526123,-0.21005749702453613,-0.1304099687178315,0.14413022994995117,-0.14012879133224487,-0.12808127485110177,0.10095447301864624,-0.24832147359848022,-0.04782856412126435,0.12088513374328613,-0.31793713569641113,-0.12356649123026742,0.10620546340942383,-0.20348471403121948,-0.11368338547541512,0.08466064929962158,-0.13825881481170654,-0.08696209423138512,0.013349324464797974,-0.24449527263641357,-0.056822759731549155,0.042477309703826904,-0.29754358530044556,-0.118429897053975,0.044973134994506836,-0.2080027461051941,-0.10613851778103722,0.031092166900634766,-0.14861583709716797,-0.08190296374155892
Z,0.0,0.0,0.0,0.10829770565032959,0.03461736440658569,-0.0483190472689472,0.22575092315673828,-0.05566483736038208,-0.06007010298641546,0.2193966507911682,-0.18810033798217773,-0.06759611698659285,0.15052694082260132,-0.2613477110862732,-0.0753244477775894,0.26507294178009033,-0.1901078224182129,-0.037885611828883725,0.3570622205734253,-0.30895984172821045,-0.07134186657937391,0.41577041149139404,-0.38088372349739075,-0.09622470470937117,0.45816975831985474,-0.4479832649230957,-0.11912283482821806,0.1896917223930359,-0.22639894485473633,-0.039451191153844434,0.21872276067733765,-0.3041643500328064,-0.10741590144904478,0.18107378482818604,-0.19924157857894897,-0.1291940006879173,0.14664971828460693,-0.12828469276428223,-0.12753402623208387,0.11248892545700073,-0.24150651693344116,-0.0445196087923847,0.13128501176834106,-0.3129880428314209,-0.12044451567204817,0.1140241026878357,-0.1986304521560669,-0.1111070159343086,0.08939677476882935,-0.1308395266532898,-0.08528548660548552,0.02471327781677246,-0.24242395162582397,-0.052708437618335324,0.05457627773284912,-0.295019268989563,-0.11839968892606123,0.054109811782836914,-0.20394819974899292,-0.11024995329650267,0.038422226905822754,-0.14262694120407104,-0.08891960414918287
Z,0.0,0.0,0.0,0.1075640320777893,0.03366059064865112,-0.04703864492768162,0.22220265865325928,-0.053742289543151855,-0.059191476929129294,0.2155930995941162,-0.18287861347198486,-0.06676008589857929,0.148917555809021,-0.25621068477630615,-0.07458093799942844,0.26243680715560913,-0.1907077431678772,-0.04022613950365894,0.35522210597991943,-0.3087370991706848,-0.07491629608267658,0.41554921865463257,-0.3807755708694458,-0.09999061413401478,0.45887309312820435,-0.4474010169506073,-0.12215710468882435,0.18650954961776733,-0.22600793838500977,-0.041827794539869956,0.2179117202758789,-0.30625689029693604,-0.10782463141077869,0.1804315447807312,-0.19988465309143066,-0.12770448662632816,0.1474919319152832,-0.12814879417419434,-0.12519730665081852,0.10794574022293091,-0.2405153512954712,-0.04671010785096996,0.12946897745132446,-0.31368958950042725,-0.12120526321524494,0.11179286241531372,-0.19811856746673584,-0.10968381949061268,0.08842599391937256,-0.13022327423095703,-0.08256967403286808,0.018130362033843994,-0.24137794971466064,-0.054445628452242545,0.04819756746292114,-0.2975980043411255,-0.11697944291228168,0.04887205362319946,-0.20706546306610107,-0.10552641041869038,0.034294724464416504,-0.14619123935699463,-0.08230526782864445
Z,0.0,0.0,0.0,0.1043471097946167,0.042276620864868164,-0.052094361308195225,0.2191031575202942,-0.04431319236755371,-0.0675600529938718,0.21546000242233276,-0.17624706029891968,-0.07690100235042774,0.15247118473052979,-0.25171881914138794,-0.08613233131466114,0.2606578469276428,-0.18342524766921997,-0.04928164792356693,0.35694122314453125,-0.29942500591278076,-0.08554869008360111,0.4198794364929199,-0.3711310029029846,-0.11209362608490192,0.4645077586174011,-0.43957698345184326,-0.13592373442945682,0.18527942895889282,-0.22040987014770508,-0.048642965528347126,0.21857577562332153,-0.3004005551338196,-0.11479379844961368,0.18422740697860718,-0.19141912460327148,-0.13372584295568668,0.15327072143554688,-0.12244945764541626,-0.13133142006693088,0.10714143514633179,-0.2353912591934204,-0.0513821044295808,0.13377642631530762,-0.30945098400115967,-0.1263383687764188,0.1161225438117981,-0.19189029932022095,-0.11290305716095173,0.09121108055114746,-0.12650257349014282,-0.08511938017902576,0.01813828945159912,-0.2364674210548401,-0.057392770919181935,0.052368342876434326,-0.2901824712753296,-0.1226450191169759,0.05293905735015869,-0.19783973693847656,-0.11173634839353763,0.036729514598846436,-0.13968658447265625,-0.08873581749496662
Z,0.0,0.0,0.0,0.11145934462547302,0.029136240482330322,-0.0514191893307796,0.23026534914970398,-0.05421781539916992,-0.06884290849848895,0.22736969590187073,-0.1841525435447693,-0.08177951550170093,0.16353341937065125,-0.2605299949645996,-0.09477630829497485,0.2726811468601227,-0.18905597925186157,-0.045200115200721314,0.3702435791492462,-0.3049754500389099,-0.08319096839114337,0.4314712584018707,-0.3747596740722656,-0.10971611565037875,0.4784041941165924,-0.44246363639831543,-0.1329241526691547,0.19871655106544495,-0.22923094034194946,-0.046823671218596985,0.23414084315299988,-0.3086317777633667,-0.11795170432015567,0.19360169768333435,-0.20392513275146484,-0.13963594859524875,0.15851274132728577,-0.13658779859542847,-0.13739102905675082,0.12097224593162537,-0.24593287706375122,-0.051856188234530975,0.14483126997947693,-0.31861013174057007,-0.13025468414708286,0.12369474768638611,-0.20258349180221558,-0.11773127889319568,0.0978420078754425,-0.13648855686187744,-0.08895052051230579,0.03201654553413391,-0.24694687128067017,-0.06014887070342212,0.06623050570487976,-0.30177801847457886,-0.1247856376139751,0.06254622340202332,-0.21128976345062256,-0.11239388411923557,0.044708460569381714,-0.15291261672973633,-0.087762734052383
Z,0.0,0.0,0.0,0.11159417033195496,0.02828913927078247,-0.05113670428859507,0.2331196367740631,-0.055083274841308594,-0.06999256660806452,0.23038509488105774,-0.18822669982910156,-0.08565353056060587,0.16688600182533264,-0.26811814308166504,-0.10174474319087778,0.2804292142391205,-0.19163012504577637,-0.04656104942428385,0.3825748860836029,-0.308421790599823,-0.08460542013513361,0.4439319670200348,-0.37729930877685547,-0.11137775530683314,0.4916481673717499,-0.445709228515625,-0.13568455179797922,0.20546391606330872,-0.2319074273109436,-0.04985397135483538,0.237059086561203,-0.3059051036834717,-0.12439338316785609,0.1937853991985321,-0.19838464260101318,-0.1471027751790217,0.15647801756858826,-0.12915533781051636,-0.14574164351093088,0.12670984864234924,-0.24819445610046387,-0.05648120691644465,0.15228715538978577,-0.3202422261238098,-0.13574120601283823,0.1311981976032257,-0.2031416893005371,-0.12295673986541544,0.10328039526939392,-0.13485640287399292,-0.09465253552066599,0.037085503339767456,-0.2489379644393921,-0.06657240738736903,0.07337316870689392,-0.30412960052490234,-0.13228228887187754,0.07180449366569519,-0.21344119310379028,-0.12100745191442286,0.05550763010978699,-0.1527249813079834,-0.09750140657293116
Z,0.0,0.0,0.0,0.11019009351730347,0.02214789390563965,-0.051290066644000376,0.22783184051513672,-0.06120342016220093,-0.06747844229583677,0.22283250093460083,-0.191677987575531,-0.07964101593141493,0.15965509414672852,-0.27006596326828003,-0.09129568348770079,0.2760031819343567,-0.20088797807693481,-0.04386380474214491,0.37736231088638306,-0.31639933586120605,-0.0805759818399423,0.4366622567176819,-0.3849096894264221,-0.10601195852403578,0.48323482275009155,-0.45219892263412476,-0.12916875044946607,0.19926351308822632,-0.23908543586730957,-0.04746216322426733,0.22906458377838135,-0.3163997530937195,-0.11896910677795347,0.18419986963272095,-0.20669865608215332,-0.1401043997252458,0.14769530296325684,-0.1348540186882019,-0.13784541349058088,0.11930233240127563,-0.255310595035553,-0.055199032380627955,0.14168107509613037,-0.32731956243515015,-0.13435082296972212,0.11955952644348145,-0.2059696912765503,-0.12408893714790281,0.09502965211868286,-0.13730818033218384,-0.09711925099735197,0.028573274612426758,-0.25538456439971924,-0.06639753441457685,0.062102437019348145,-0.3096279501914978,-0.13193483810071882,0.05852121114730835,-0.21597778797149658,-0.12170943032150205,0.04104506969451904,-0.15449857711791992,-0.09913342605476316
Z,0.0,0.0,0.0,0.11711061000823975,0.0265960693359375,-0.0560828463684544,0.23823446035385132,-0.056272029876708984,-0.07365717157234997,0.23501765727996826,-0.19117367267608643,-0.08608158841242641,0.1697515845298767,-0.27147752046585083,-0.09815619304289669,0.28810882568359375,-0.1940256953239441,-0.04567544325699657,0.38587260246276855,-0.310538649559021,-0.0840739996682629,0.44395220279693604,-0.37950432300567627,-0.11100919708123058,0.49086564779281616,-0.4466630816459656,-0.13494079723467678,0.21119451522827148,-0.23417359590530396,-0.046574348355434836,0.2469276785850525,-0.3114745020866394,-0.1195804865609631,0.20392894744873047,-0.20485812425613403,-0.14271656587233394,0.16732853651046753,-0.1336687207221985,-0.14150559320559353,0.13106578588485718,-0.25046080350875854,-0.05180737912168354,0.15545839071273804,-0.3219144344329834,-0.133085006619595,0.13286495208740234,-0.20387160778045654,-0.12237370177616924,0.1060713529586792,-0.13557308912277222,-0.09459012910237163,0.03969651460647583,-0.24955755472183228,-0.06076831161489338,0.07624292373657227,-0.30358219146728516,-0.1282404454003796,0.0727161169052124,-0.21201294660568237,-0.11780946120133251,0.05398964881896973,-0.15231168270111084,-0.09449735447277874
Z,0.0,0.0,0.0,0.11438870429992676,0.0330924391746521,-0.052700352172877274,0.23707956075668335,-0.05159574747085571,-0.06895651320698448,0.23546570539474487,-0.1863844394683838,-0.08004376689675041,0.16968095302581787,-0.2663489580154419,-0.09107549140932747,0.28292953968048096,-0.18630850315093994,-0.0504577236879129,0.38527464866638184,-0.3043486475944519,-0.08938575933458992,0.4463422894477844,-0.37397676706314087,-0.11742474536183067,0.4949512481689453,-0.4423513114452362,-0.1426311994600553,0.20823311805725098,-0.22828328609466553,-0.05229458237769791,0.2403818964958191,-0.30304449796676636,-0.1260458941269178,0.19565069675445557,-0.19879376888275146,-0.14913428972246834,0.15727901458740234,-0.12906396389007568,-0.14867841849806496,0.1299799680709839,-0.2478313446044922,-0.05767276162984558,0.15272122621536255,-0.31844520568847656,-0.1371947641182203,0.1293850541114807,-0.20143067836761475,-0.126191195349719,0.101040780544281,-0.132815420627594,-0.09943572829249092,0.04165130853652954,-0.2504427433013916,-0.06663135091545769,0.0745166540145874,-0.30195021629333496,-0.1334257985162992,0.07037335634231567,-0.20956379175186157,-0.12382679085018822,0.052061498165130615,-0.14880383014678955,-0.10168621341469475
Z,0.0,0.0,0.0,0.1172674298286438,0.023511052131652832,-0.052127059079538185,0.23746323585510254,-0.06028592586517334,-0.06834208545816978,0.2338196039199829,-0.19208240509033203,-0.08095041242970069,0.16837483644485474,-0.2698745131492615,-0.09398449537886222,0.2857683300971985,-0.19482237100601196,-0.03946365741623481,0.38461655378341675,-0.3094016909599304,-0.0760905998720034,0.4442831873893738,-0.3795916438102722,-0.10279429284466346,0.4920317530632019,-0.44665831327438354,-0.12661985633505424,0.20973801612854004,-0.2353232502937317,-0.041468191422353584,0.24210482835769653,-0.31506067514419556,-0.1138081434143885,0.2005428671836853,-0.21452629566192627,-0.1383190560115679,0.16442513465881348,-0.14224165678024292,-0.13792800483835777,0.12984460592269897,-0.2519047260284424,-0.04740989906323989,0.15064430236816406,-0.32261502742767334,-0.127008419014345,0.12947499752044678,-0.20836198329925537,-0.1183857577813967,0.10336530208587646,-0.1370335817337036,-0.09199526486528953,0.03963616490364075,-0.2517586946487427,-0.056813496626745064,0.07197505235671997,-0.30763334035873413,-0.12300533381832679,0.06875479221343994,-0.2179970145225525,-0.11395186511410316,0.052175939083099365,-0.15423858165740967,-0.09156937477720817
Z,0.0,0.0,0.0,0.11675679683685303,0.02548527717590332,-0.05740718102389053,0.2379278540611267,-0.056773245334625244,-0.07747926866942123,0.2297297716140747,-0.19081175327301025,-0.09253381496601776,0.16370850801467896,-0.2705236077308655,-0.10757171666556076,0.2858591675758362,-0.19695216417312622,-0.04819934374027923,0.38740074634552,-0.3127143979072571,-0.08654727345638946,0.4471648931503296,-0.3814382553100586,-0.11264029449158386,0.4940028190612793,-0.44791126251220703,-0.13542078739338592,0.20706307888031006,-0.2374577522277832,-0.048369917332465207,0.2454303503036499,-0.31469351053237915,-0.12222042983704284,0.20212197303771973,-0.20820248126983643,-0.145471993147666,0.16387498378753662,-0.13788819313049316,-0.14369118517571167,0.12625491619110107,-0.2534055709838867,-0.05257101288371757,0.15428012609481812,-0.32452625036239624,-0.13502301579647735,0.1312398910522461,-0.20640593767166138,-0.12483628398113922,0.10315430164337158,-0.13811254501342773,-0.09659119999342636,0.035268545150756836,-0.2527574300765991,-0.060233845620686566,0.07575619220733643,-0.308699369430542,-0.12863135641747192,0.07066869735717773,-0.2168046236038208,-0.11773509091072754,0.05006521940231323,-0.1552584171295166,-0.09332251107626632
Z,0.0,0.0,0.0,0.11455851793289185,0.03472399711608887,-0.05516909355984012,0.23794162273406982,-0.04553639888763428,-0.07429224545822422,0.2329593300819397,-0.17918401956558228,-0.08819588566885272,0.16752886772155762,-0.25851595401763916,-0.10254244799480716,0.2855069637298584,-0.18595558404922485,-0.05037457043991367,0.3850724697113037,-0.2997240424156189,-0.08894308949575702,0.44558197259902954,-0.36848175525665283,-0.11707964087591449,0.4930110573768616,-0.43550407886505127,-0.1421086370454816,0.2104041576385498,-0.2282313108444214,-0.050503674100497165,0.24079632759094238,-0.302135705947876,-0.12209064061508457,0.19691890478134155,-0.1982327699661255,-0.1446740358577756,0.160458505153656,-0.12846732139587402,-0.14421439463959018,0.1312885284423828,-0.24576079845428467,-0.05432335207925121,0.15300577878952026,-0.3139711618423462,-0.13200207347736637,0.13166630268096924,-0.1999284029006958,-0.12055163378582279,0.10537266731262207,-0.1315767765045166,-0.09406224186287204,0.041068702936172485,-0.24704068899154663,-0.06184476534590999,0.07397156953811646,-0.29804354906082153,-0.12819363469944278,0.07014918327331543,-0.20680952072143555,-0.11807299698457996,0.05366218090057373,-0.14515042304992676,-0.09549974198208133
Z,0.0,0.0,0.0,0.11600416898727417,0.025638461112976074,-0.05552836232618574,0.23755550384521484,-0.05641484260559082,-0.07370417290167097,0.2322351336479187,-0.18893998861312866,-0.08731920742229704,0.16843223571777344,-0.2688055634498596,-0.10107312076524977,0.2860134243965149,-0.19785821437835693,-0.04595097624496702,0.3879265785217285,-0.3109639286994934,-0.08373568677143339,0.44851285219192505,-0.3783508539199829,-0.11048210882381682,0.49567389488220215,-0.44420209527015686,-0.13411768995956663,0.20872044563293457,-0.23896688222885132,-0.04762383275465254,0.2423611879348755,-0.31438618898391724,-0.12141938977674727,0.19922000169754028,-0.2098759412765503,-0.1459491225405145,0.16021203994750977,-0.13767319917678833,-0.1452116342707086,0.12792736291885376,-0.25475162267684937,-0.05338769876198057,0.15252721309661865,-0.3197099566459656,-0.13504913174347166,0.13125360012054443,-0.20377117395401,-0.12774777137474302,0.10499215126037598,-0.13505494594573975,-0.1018478544874597,0.0373835563659668,-0.2530631422996521,-0.06254541598991636,0.0729442834854126,-0.3039294481277466,-0.13064565979675535,0.06981784105300903,-0.21394085884094238,-0.12216430627540831,0.05301403999328613,-0.15219098329544067,-0.09977248781160597
