label,f0,f1,f2,f3,f4,f5,f6,f7,f8,f9,f10,f11,f12,f13,f14,f15,f16,f17,f18,f19,f20,f21,f22,f23,f24,f25,f26,f27,f28,f29,f30,f31,f32,f33,f34,f35,f36,f37,f38,f39,f40,f41,f42,f43,f44,f45,f46,f47,f48,f49,f50,f51,f52,f53,f54,f55,f56,f57,f58,f59,f60,f61,f62
A,0.0,0.0,0.0,0.044308602809906006,-0.04396259784698486,-0.02697447072551995,0.07740753889083862,-0.10908764600753784,-0.04030198175297528,0.08629125356674194,-0.16834259033203125,-0.05181975606666356,0.09280028939247131,-0.21913331747055054,-0.06122664678679257,0.038642674684524536,-0.20084863901138306,-0.019482507741315658,0.03327375650405884,-0.18667948246002197,-0.05081601757393628,0.024846643209457397,-0.1250496506690979,-0.07471387032256871,0.017473578453063965,-0.07569319009780884,-0.08500213865028172,1.4960765838623047e-05,-0.2031516432762146,-0.014202979764206702,-0.002209305763244629,-0.1877760887145996,-0.04574527907954007,-0.0060791075229644775,-0.1198534369468689,-0.059865988230569656,-0.008831590414047241,-0.06297683715820312,-0.0622004786490038,-0.03237241506576538,-0.194413423538208,-0.012832569329304988,-0.033451348543167114,-0.1880565881729126,-0.04321210402832776,-0.03335696458816528,-0.12679940462112427,-0.04454157817946225,-0.03256481885910034,-0.07276666164398193,-0.03613442499027997,-0.06041759252548218,-0.1791856288909912,-0.013507423362000281,-0.06252452731132507,-0.1935422420501709,-0.03503948394046574,-0.06083574891090393,-0.15005922317504883,-0.032946954852207,-0.058893948793411255,-0.11076009273529053,-0.023580636268718536
A,0.0,0.0,0.0,0.035413891077041626,-0.05487293004989624,-0.014345247586298626,0.06584656238555908,-0.11958539485931396,-0.019442795132327717,0.07851886749267578,-0.17547094821929932,-0.024637986262369793,0.08404898643493652,-0.21877658367156982,-0.027692267959047,0.035432368516922,-0.15300995111465454,0.0027932146945559566,0.030677378177642822,-0.1940237283706665,-0.012811561402905625,0.030134081840515137,-0.18596774339675903,-0.023081010495353382,0.035681337118148804,-0.18948012590408325,-0.027677681584883373,0.006675451993942261,-0.1514553427696228,0.0055011675608866994,0.0015858113765716553,-0.19253993034362793,-0.009918225285638016,0.0016267895698547363,-0.17884373664855957,-0.01517427555196349,0.008942991495132446,-0.1801985502243042,-0.014784138937521618,-0.018657714128494263,-0.14681488275527954,0.0044406379488819425,-0.02566438913345337,-0.18418431282043457,-0.009320039589930218,-0.02432149648666382,-0.17192500829696655,-0.003908317358273905,-0.01731124520301819,-0.17567843198776245,0.0036641577640139644,-0.04101437330245972,-0.1381855010986328,0.0015921076442637627,-0.0465751588344574,-0.17393869161605835,-0.004089964375872057,-0.04456210136413574,-0.17232787609100342,0.0020128180654310768,-0.03943696618080139,-0.17822259664535522,0.009315140257548649
A,0.0,0.0,0.0,0.042340874671936035,-0.05166280269622803,-0.017905885382226927,0.07449951767921448,-0.10932403802871704,-0.022066120086840613,0.08819389343261719,-0.16761118173599243,-0.02611617001765154,0.09492674469947815,-0.2124519944190979,-0.026450904114774687,0.037314146757125854,-0.15613406896591187,0.01411597241587259,0.03471645712852478,-0.1938130259513855,0.0019779430882564952,0.03439578413963318,-0.16813558340072632,-0.006550473189584238,0.03901103138923645,-0.16360211372375488,-0.009736488601795656,0.00943070650100708,-0.15612822771072388,0.019784631179042833,0.007234483957290649,-0.1881203055381775,0.007749515557058828,0.008952140808105469,-0.16130346059799194,0.0025987007835439613,0.014646291732788086,-0.15960735082626343,0.0032132644852183034,-0.015774816274642944,-0.1518837809562683,0.020370595128603952,-0.018792837858200073,-0.1803497076034546,0.009905612067647951,-0.01642659306526184,-0.16073769330978394,0.014362467424341219,-0.010405749082565308,-0.16107231378555298,0.021257948101826685,-0.038721293210983276,-0.14550501108169556,0.018570072920390146,-0.039269477128982544,-0.1752249002456665,0.016568433464833277,-0.03704574704170227,-0.1646704077720642,0.022952986852594393,-0.033183276653289795,-0.16229254007339478,0.030491689191528337
A,0.0,0.0,0.0,0.04284471273422241,-0.03301757574081421,-0.021074867159256883,0.07701930403709412,-0.08570963144302368,-0.02722293353093619,0.09370043873786926,-0.14190101623535156,-0.03271379722667689,0.09939351677894592,-0.1871858835220337,-0.03414196921897883,0.04667466878890991,-0.14421814680099487,0.005009290944656186,0.04144102334976196,-0.1855359673500061,-0.01673205597711558,0.03759029507637024,-0.14106935262680054,-0.028974408567080445,0.03812682628631592,-0.11299246549606323,-0.03165651141119952,0.018727511167526245,-0.1471858024597168,0.010311792321374469,0.013550430536270142,-0.18570345640182495,-0.011506274625787682,0.013658225536346436,-0.13501691818237305,-0.017466891840228982,0.0166795551776886,-0.11127573251724243,-0.014143321946392007,-0.007673472166061401,-0.14587104320526123,0.0101166224999929,-0.013290196657180786,-0.17869120836257935,-0.0120135855899548,-0.011345475912094116,-0.13394582271575928,-0.007841167323419995,-0.008029043674468994,-0.11213397979736328,0.0030169046445394088,-0.03350403904914856,-0.14156830310821533,0.008061619192233138,-0.034643709659576416,-0.17317044734954834,-0.0035963946060633134,-0.031421929597854614,-0.14019304513931274,0.002372887400781565,-0.028677761554718018,-0.118990957736969,0.01243201149242168
A,0.0,0.0,0.0,0.041322946548461914,-0.0341760516166687,-0.016528966660843025,0.07331252098083496,-0.08823370933532715,-0.020178728561148773,0.08958974480628967,-0.1404384970664978,-0.023553195233688484,0.09510567784309387,-0.18339169025421143,-0.022910767059073578,0.04155254364013672,-0.14249640703201294,0.007290966053261627,0.03730139136314392,-0.1841357946395874,-0.010283843438372742,0.03683125972747803,-0.141684889793396,-0.020724774162516724,0.03943836688995361,-0.11557823419570923,-0.023309371258363853,0.011960357427597046,-0.1427009105682373,0.011087684136583675,0.006276160478591919,-0.18114060163497925,-0.005985026072011124,0.009783744812011719,-0.13544756174087524,-0.011152817691908012,0.013824641704559326,-0.11397063732147217,-0.009154116559074055,-0.014203161001205444,-0.13765168190002441,0.010224755097880234,-0.019837021827697754,-0.1717514991760254,-0.00689695990760697,-0.014052420854568481,-0.13151109218597412,-0.002355363975510727,-0.009056627750396729,-0.11080300807952881,0.006755267911358942,-0.03736799955368042,-0.12909656763076782,0.0077339920110546245,-0.039738863706588745,-0.1596272587776184,-0.0008150019554875598,-0.03392207622528076,-0.130740225315094,0.005459403329297174,-0.028898805379867554,-0.11043345928192139,0.014570824977710117
A,0.0,0.0,0.0,0.04215914011001587,-0.03579133749008179,-0.014173541134923084,0.07397186756134033,-0.08655083179473877,-0.016184822573094948,0.08633708953857422,-0.13702476024627686,-0.01870404268684922,0.09090262651443481,-0.17723149061203003,-0.01755793850007592,0.04888993501663208,-0.13595575094223022,0.014929254622430221,0.04384294152259827,-0.1749962568283081,0.00025410571414852257,0.04205501079559326,-0.13721293210983276,-0.009246153673856838,0.043637484312057495,-0.1143263578414917,-0.011761176316767319,0.020126909017562866,-0.13778376579284668,0.01835785907623233,0.015096843242645264,-0.1732589602470398,0.002464119660899655,0.01681607961654663,-0.1307467818260193,-0.004135174593656643,0.018859684467315674,-0.10961383581161499,-0.0029201236653619844,-0.00571209192276001,-0.13536179065704346,0.017278297887415306,-0.01055210828781128,-0.16593509912490845,0.0009338552730611127,-0.006762564182281494,-0.12601971626281738,0.004103425042004005,-0.003923177719116211,-0.10418063402175903,0.012483330526620762,-0.029601961374282837,-0.12977159023284912,0.014773489990503208,-0.030023574829101562,-0.15698212385177612,0.007266802796394245,-0.02629333734512329,-0.12710124254226685,0.013143020765156166,-0.0228060781955719,-0.10657769441604614,0.021925692529649154
A,0.0,0.0,0.0,0.04121601581573486,-0.030956506729125977,-0.015304742856528719,0.07463222742080688,-0.07938116788864136,-0.01787738083919521,0.0887066125869751,-0.13041329383850098,-0.020108328676428755,0.09264743328094482,-0.17015337944030762,-0.01874500467499729,0.04813355207443237,-0.12989503145217896,0.00970525153854851,0.0443672239780426,-0.16649985313415527,-0.006076634871419628,0.04262125492095947,-0.12759476900100708,-0.01575663453957077,0.04433786869049072,-0.10660040378570557,-0.018553869343008955,0.02171120047569275,-0.1328500509262085,0.013378745400700609,0.01936882734298706,-0.1643027663230896,-0.002479703873973449,0.021250933408737183,-0.12024188041687012,-0.008120703986492117,0.022564798593521118,-0.1018143892288208,-0.00700015622248884,-0.002901613712310791,-0.13093501329421997,0.012670149551126997,-0.0052554309368133545,-0.158538818359375,-0.004961330919172724,-0.001195371150970459,-0.11546850204467773,-0.001533210869524737,0.0004832446575164795,-0.09514975547790527,0.006695528970453779,-0.027718424797058105,-0.12634849548339844,0.010673632369730512,-0.024641752243041992,-0.15188676118850708,0.0011652125878072184,-0.02073851227760315,-0.11947107315063477,0.006704705757442753,-0.01905614137649536,-0.09985017776489258,0.01516081158945326
A,0.0,0.0,0.0,0.041357725858688354,-0.030957460403442383,-0.012449914607117307,0.07160261273384094,-0.07918781042098999,-0.014256116951713693,0.08225777745246887,-0.1277105212211609,-0.016685745696435106,0.08736035227775574,-0.1669098138809204,-0.016355932707796228,0.045354872941970825,-0.12930899858474731,0.010974493791451323,0.04297575354576111,-0.16486817598342896,-0.005073142721215618,0.04137483239173889,-0.1258697509765625,-0.015860029513845575,0.04086747765541077,-0.09836375713348389,-0.018837475235471857,0.019384175539016724,-0.13072383403778076,0.013301233743419516,0.01734638214111328,-0.1610630750656128,-0.003098989155972731,0.018468201160430908,-0.11735326051712036,-0.01014006698400749,0.01813209056854248,-0.09130686521530151,-0.009383599291453493,-0.004265457391738892,-0.12778770923614502,0.011579786409726012,-0.005999743938446045,-0.1544719934463501,-0.0051157153387464405,-0.0024729371070861816,-0.11354100704193115,-0.0029176289857275606,-0.0014097392559051514,-0.08807390928268433,0.004885146376778948,-0.0271950364112854,-0.12092506885528564,0.008722095732679236,-0.02465304732322693,-0.14869976043701172,-0.0006510845445006908,-0.020578354597091675,-0.11849820613861084,0.004096336179514992,-0.01885846257209778,-0.09594857692718506,0.012336013821055758
A,0.0,0.0,0.0,0.03975453972816467,-0.0261690616607666,-0.018697951058229023,0.06782576441764832,-0.07559841871261597,-0.022931533003529125,0.07730010151863098,-0.12708324193954468,-0.026305392453750187,0.0829525887966156,-0.16807639598846436,-0.025884322891315037,0.04976314306259155,-0.12729406356811523,0.0052173085749842585,0.04410800337791443,-0.16289007663726807,-0.014839253457566315,0.03993228077888489,-0.12071460485458374,-0.02595196671255451,0.040967851877212524,-0.09423530101776123,-0.028398765320261532,0.022028833627700806,-0.13034796714782715,0.010278081452170795,0.01570376753807068,-0.16007423400878906,-0.01010663069256168,0.014933735132217407,-0.11353391408920288,-0.016045417705853993,0.0173795223236084,-0.09201741218566895,-0.013374400394340569,-0.002904444932937622,-0.12722992897033691,0.010411582817951626,-0.009618997573852539,-0.15263432264328003,-0.010364253143151814,-0.0074603259563446045,-0.11024224758148193,-0.006999231944163853,-0.004002273082733154,-0.08955919742584229,0.002617568174073881,-0.025666862726211548,-0.11985868215560913,0.008991880273143238,-0.028975456953048706,-0.1422659158706665,-0.002743225613912159,-0.026466578245162964,-0.11106675863265991,0.0017085308681004108,-0.023047178983688354,-0.09188932180404663,0.010437745531717724
A,0.0,0.0,0.0,0.036390870809555054,-0.0258328914642334,-0.01988375296902234,0.06305208802223206,-0.07353341579437256,-0.02459329290401513,0.07212129235267639,-0.12460458278656006,-0.028399142605181282,0.0770513117313385,-0.1656913161277771,-0.028133782726641243,0.05328288674354553,-0.12693965435028076,0.007892956788722927,0.04858890175819397,-0.16138505935668945,-0.011159692128117626,0.043215155601501465,-0.12078326940536499,-0.022281327453370636,0.0432470440864563,-0.0997915267944336,-0.025314177554960793,0.026854008436203003,-0.13033992052078247,0.013244334439818317,0.02218523621559143,-0.16041678190231323,-0.006636677478368824,0.021030664443969727,-0.11512130498886108,-0.013086744752641266,0.021745294332504272,-0.09812027215957642,-0.010978190396841114,0.0017300248146057129,-0.12807220220565796,0.013429486955587322,-0.001994878053665161,-0.15427559614181519,-0.007319684774543589,-0.0007956326007843018,-0.1131320595741272,-0.0040981473223524745,-0.0002599656581878662,-0.09580326080322266,0.005290920212004835,-0.022834300994873047,-0.12274277210235596,0.011888910847787315,-0.021550655364990234,-0.14740270376205444,0.0005569570991923456,-0.018987715244293213,-0.11775374412536621,0.005348018667731935,-0.017727673053741455,-0.10122793912887573,0.014061212371174747
A,0.0,0.0,0.0,0.035380929708480835,-0.02129042148590088,-0.022640493003819984,0.062466561794281006,-0.07020169496536255,-0.027976462854240935,0.07176327705383301,-0.1219320297241211,-0.031149996681307357,0.07755261659622192,-0.16257983446121216,-0.02952599735388617,0.05076640844345093,-0.12597209215164185,0.002363668052311141,0.0458185076713562,-0.16086357831954956,-0.016032563759182494,0.04133304953575134,-0.1188434362411499,-0.025431508435104888,0.042116373777389526,-0.10069990158081055,-0.027777742831204932,0.024431854486465454,-0.12910795211791992,0.009413918243552644,0.019610732793807983,-0.15599536895751953,-0.009541005132888358,0.020343869924545288,-0.10944139957427979,-0.013865497199986976,0.022489219903945923,-0.09959954023361206,-0.011037844469939273,-0.0005133748054504395,-0.1259402632713318,0.011356874132360417,-0.005097001791000366,-0.14919352531433105,-0.008989786965940993,-0.0022552907466888428,-0.10753905773162842,-0.00452711410278539,0.00047129392623901367,-0.09747660160064697,0.004957203050906855,-0.024435073137283325,-0.12042462825775146,0.011430723355914552,-0.02520453929901123,-0.1401795744895935,0.0005279477297506219,-0.022265583276748657,-0.11167275905609131,0.0057624357247902935,-0.02050158381462097,-0.10071319341659546,0.014236427606846291
A,0.0,0.0,0.0,0.035436034202575684,-0.026913464069366455,-0.018363808326668618,0.05978584289550781,-0.07746416330337524,-0.022249770395703194,0.06576937437057495,-0.12983548641204834,-0.025024837859220384,0.07199424505233765,-0.168540358543396,-0.023665617265052674,0.04488348960876465,-0.12717336416244507,0.007497336204849603,0.0404927134513855,-0.16048777103424072,-0.009662970014161942,0.037702590227127075,-0.11944866180419922,-0.019634270154185174,0.03862771391868591,-0.09682142734527588,-0.022229104347772477,0.018594205379486084,-0.12896817922592163,0.012728331565611484,0.016328036785125732,-0.15887218713760376,-0.005013101779169915,0.017566591501235962,-0.11301928758621216,-0.010386646770186303,0.01860085129737854,-0.09412592649459839,-0.008005920842535375,-0.005212575197219849,-0.12400108575820923,0.013279318764560344,-0.007588118314743042,-0.1513594388961792,-0.004519869618363259,-0.004017949104309082,-0.11176568269729614,-0.0006699238887648562,-0.002794891595840454,-0.09422874450683594,0.00834295428519738,-0.027980804443359375,-0.11533784866333008,0.012181960932664992,-0.028303414583206177,-0.13830029964447021,0.002982616612442257,-0.02360767126083374,-0.11230641603469849,0.007935197047643783,-0.021011650562286377,-0.09834033250808716,0.016193144909792068
A,0.0,0.0,0.0,0.036589622497558594,-0.027107954025268555,-0.016669229775502004,0.05955129861831665,-0.07531946897506714,-0.019959335386587895,0.063495934009552,-0.1262943148612976,-0.022768384948207654,0.06973302364349365,-0.16408082842826843,-0.021765080451800145,0.04536736011505127,-0.1246802806854248,0.008937649257646285,0.041390299797058105,-0.1593298316001892,-0.007870839148594655,0.036885082721710205,-0.11934596300125122,-0.017515028998090543,0.036803483963012695,-0.0962260365486145,-0.019806071355773724,0.02011650800704956,-0.1266878843307495,0.013506575316355907,0.018308430910110474,-0.15698006749153137,-0.004266499247236766,0.01714947819709778,-0.11243182420730591,-0.009761183693839826,0.01769837737083435,-0.09291845560073853,-0.007317176725550212,-0.002766162157058716,-0.1230965256690979,0.013517063871191226,-0.004801005125045776,-0.1522277295589447,-0.0050181333756285085,-0.0034078657627105713,-0.11249631643295288,-0.002024788347839035,-0.0023564696311950684,-0.09276854991912842,0.006851975169197999,-0.02476385235786438,-0.11628419160842896,0.012128861449824058,-0.024179309606552124,-0.14348649978637695,0.0018205998383251654,-0.021132856607437134,-0.11623579263687134,0.006175949532703839,-0.018522143363952637,-0.09901028871536255,0.014357148498461925
A,0.0,0.0,0.0,0.03662508726119995,-0.02741950750350952,-0.017513462849805705,0.059736788272857666,-0.07530343532562256,-0.021414719098160617,0.06306207180023193,-0.12623310089111328,-0.02443619216317927,0.06877899169921875,-0.16398319602012634,-0.023315609940240734,0.04192948341369629,-0.12466812133789062,0.005836974787612803,0.03975731134414673,-0.1594148874282837,-0.010804190807888858,0.036010026931762695,-0.11863481998443604,-0.01960436584884917,0.036388516426086426,-0.09657597541809082,-0.021688000806520336,0.016933292150497437,-0.1263076663017273,0.010521279140462525,0.015492558479309082,-0.15767160058021545,-0.007310381201008909,0.01507723331451416,-0.11178052425384521,-0.011645966716955058,0.015897512435913086,-0.09327763319015503,-0.008664388717065208,-0.005387604236602783,-0.12190747261047363,0.010745318099012025,-0.007054358720779419,-0.1512303352355957,-0.0071012792595723795,-0.004773348569869995,-0.11197918653488159,-0.002794022946531527,-0.0029892027378082275,-0.09431082010269165,0.006486642598261483,-0.026488810777664185,-0.11429959535598755,0.00940777590041364,-0.026762068271636963,-0.13994112610816956,0.0002662494535030646,-0.02321222424507141,-0.11562716960906982,0.005211005411197789,-0.020650267601013184,-0.10146504640579224,0.013297517276456006
A,0.0,0.0,0.0,0.03660458326339722,-0.028880000114440918,-0.016326727903262395,0.057768046855926514,-0.07984596490859985,-0.01943008284904124,0.06064009666442871,-0.13100534677505493,-0.02188146915175082,0.06789559125900269,-0.16769170761108398,-0.020184396392480153,0.03992342948913574,-0.12525862455368042,0.0074481800209724724,0.03739410638809204,-0.16040387749671936,-0.008057935721055287,0.035126328468322754,-0.11908507347106934,-0.01623179633058669,0.03506737947463989,-0.09862542152404785,-0.018171566164866704,0.0157240629196167,-0.1267361044883728,0.011640973762794715,0.014746099710464478,-0.15811127424240112,-0.004985620359704512,0.015812784433364868,-0.11254429817199707,-0.009219782053307313,0.015596926212310791,-0.09523409605026245,-0.006424738186225909,-0.006258249282836914,-0.1223762035369873,0.011503528245910388,-0.007512599229812622,-0.15310972929000854,-0.005276404413208979,-0.004173189401626587,-0.11357992887496948,-0.0009733780508867085,-0.0035511553287506104,-0.09619140625,0.007988415100797397,-0.027241796255111694,-0.11500972509384155,0.00985575504712699,-0.02768847346305847,-0.1405329406261444,0.001086677216179055,-0.023066401481628418,-0.11557900905609131,0.006015635469182712,-0.02087002992630005,-0.10149955749511719,0.01393677890412448
A,0.0,0.0,0.0,0.036395370960235596,-0.029667556285858154,-0.016062380167781498,0.057319819927215576,-0.08064121007919312,-0.018946766275107052,0.059690892696380615,-0.13165700435638428,-0.021331011670767452,0.06665527820587158,-0.1685713231563568,-0.01933390775614896,0.039272844791412354,-0.1257106065750122,0.00817688798612437,0.03705739974975586,-0.16231641173362732,-0.007683155479966786,0.035510897636413574,-0.12059271335601807,-0.015701386499344494,0.035645365715026855,-0.10078305006027222,-0.01737869659358182,0.015144884586334229,-0.12727594375610352,0.012201167289973114,0.01428261399269104,-0.15960851311683655,-0.004866076055108692,0.01607799530029297,-0.11378240585327148,-0.009015203806697514,0.01600673794746399,-0.09721171855926514,-0.006017777956216719,-0.006570875644683838,-0.1237339973449707,0.011770485547245357,-0.0074066221714019775,-0.15427449345588684,-0.005392150840847876,-0.0035087168216705322,-0.11449682712554932,-0.0011624496003008744,-0.0024115145206451416,-0.097506582736969,0.007960450482428882,-0.02721560001373291,-0.11781913042068481,0.009831587430895183,-0.0268515944480896,-0.1434069275856018,0.0012257551968701819,-0.02221781015396118,-0.11881512403488159,0.006141604968220804,-0.01999780535697937,-0.10471129417419434,0.014103364777625416
A,0.0,0.0,0.0,0.034494251012802124,-0.027890682220458984,-0.017904789449914915,0.05549004673957825,-0.08169454336166382,-0.02158180929933451,0.057770103216171265,-0.13331696391105652,-0.023865339609130842,0.06714943051338196,-0.16780513525009155,-0.02129111558411978,0.03960570693016052,-0.12779581546783447,0.004439885465160387,0.034622400999069214,-0.16016501188278198,-0.012766657660051806,0.03144410252571106,-0.11623668670654297,-0.02110725946937464,0.03216859698295593,-0.09905076026916504,-0.023244523706182463,0.014702379703521729,-0.12907344102859497,0.009131359604850786,0.011265069246292114,-0.15749254822731018,-0.008900416346534712,0.012384623289108276,-0.10953569412231445,-0.01156930558596514,0.013899475336074829,-0.0979534387588501,-0.0076791982001509496,-0.007591456174850464,-0.12415128946304321,0.009197177102521437,-0.011104434728622437,-0.15145796537399292,-0.008551883774146063,-0.007344365119934082,-0.109580397605896,-0.001845918393030388,-0.004551708698272705,-0.09798884391784668,0.008553279300883787,-0.028826355934143066,-0.11690878868103027,0.007493897078290956,-0.030556172132492065,-0.13755425810813904,-0.0008686133961077758,-0.025472432374954224,-0.11046558618545532,0.005576365364447611,-0.022059589624404907,-0.10097098350524902,0.014280241651192682
A,0.0,0.0,0.0,0.03406533598899841,-0.026773273944854736,-0.01781350428028361,0.0542389452457428,-0.08105480670928955,-0.02147520387335078,0.05630573630332947,-0.1326446235179901,-0.02351208271248595,0.0667177140712738,-0.1655687689781189,-0.020538420023157755,0.03875628113746643,-0.12572234869003296,0.0032082790716145837,0.033635228872299194,-0.15935754776000977,-0.013274677635862986,0.030346781015396118,-0.11568492650985718,-0.02071708308322684,0.031458646059036255,-0.09943234920501709,-0.022408713193371455,0.013582795858383179,-0.12632572650909424,0.008091697862610658,0.009513527154922485,-0.15610584616661072,-0.00919528918130652,0.011288255453109741,-0.10897117853164673,-0.011009932102396647,0.01366475224494934,-0.09849435091018677,-0.006681417187436978,-0.00856831669807434,-0.121021568775177,0.008518507166073164,-0.012895196676254272,-0.14808040857315063,-0.0084015797616388,-0.00818699598312378,-0.10698384046554565,-0.0012242465305547512,-0.00410151481628418,-0.09661263227462769,0.009263598753378233,-0.028987258672714233,-0.11365234851837158,0.0072026647834633195,-0.03180018067359924,-0.13509684801101685,-0.0003637765909019208,-0.02618435025215149,-0.10829555988311768,0.006503772849455913,-0.021780848503112793,-0.09882789850234985,0.015303163251147112
A,0.0,0.0,0.0,0.03480374813079834,-0.026735663414001465,-0.01713969720724151,0.0545688271522522,-0.08218938112258911,-0.020369020981817698,0.056299567222595215,-0.13379257917404175,-0.022086390985279536,0.06633269786834717,-0.16665294766426086,-0.018853954730658984,0.038748979568481445,-0.1256924271583557,0.0031121682914800886,0.034056782722473145,-0.1591644287109375,-0.013049611581593012,0.030288875102996826,-0.11551815271377563,-0.020098954198985552,0.03119736909866333,-0.09952616691589355,-0.02161585701826141,0.01362958550453186,-0.12655538320541382,0.007486806025625015,0.00929325819015503,-0.15704253315925598,-0.009700138812988257,0.010725647211074829,-0.10981571674346924,-0.011093944070964312,0.01342126727104187,-0.09862858057022095,-0.006369710194050526,-0.00838044285774231,-0.12157213687896729,0.007488979732514167,-0.012980788946151733,-0.14882132411003113,-0.009107831625371432,-0.00842815637588501,-0.1079147458076477,-0.0016429469614394066,-0.0040776729583740234,-0.09736388921737671,0.009017053300411249,-0.02841174602508545,-0.1144295334815979,0.00576243573603108,-0.0313781201839447,-0.13630357384681702,-0.0015480181827314254,-0.026155978441238403,-0.10955142974853516,0.005596569048137212,-0.021890759468078613,-0.099567711353302,0.014563312994212652
A,0.0,0.0,0.0,0.03366699814796448,-0.025871336460113525,-0.01870919827044304,0.05377641320228577,-0.08063644170761108,-0.02272521208644207,0.056416839361190796,-0.13273823261260986,-0.024986845139864045,0.06726416945457458,-0.16595888137817383,-0.022007695097926216,0.04020461440086365,-0.12562358379364014,0.002871850341108484,0.034079164266586304,-0.15860936045646667,-0.014264484566155033,0.03010597825050354,-0.11494755744934082,-0.021771796677711563,0.03197041153907776,-0.10012948513031006,-0.02357837434530552,0.014932841062545776,-0.12666809558868408,0.007771054584083004,0.009557455778121948,-0.1555059552192688,-0.010002079118493157,0.01068064570426941,-0.1079530119895935,-0.011370837387147503,0.014287710189819336,-0.09998977184295654,-0.006714997046145754,-0.007194936275482178,-0.12149012088775635,0.007948192137774868,-0.012566328048706055,-0.14710229635238647,-0.009611509439054089,-0.00857195258140564,-0.10576474666595459,-0.0017682675286039284,-0.0032930076122283936,-0.09826481342315674,0.00916198671191637,-0.0272580087184906,-0.11422467231750488,0.006233923904147787,-0.03123036026954651,-0.13451439142227173,-0.001482581185626941,-0.026161789894104004,-0.10707616806030273,0.005908094647821827,-0.021172016859054565,-0.09865456819534302,0.015037743676003856
A,0.0,0.0,0.0,0.033091604709625244,-0.026866137981414795,-0.01833462329932445,0.05189955234527588,-0.08162844181060791,-0.022519774608099397,0.05421203374862671,-0.13310927152633667,-0.02510957407184833,0.06614118814468384,-0.1654990315437317,-0.02281542109676593,0.03895443677902222,-0.12670695781707764,0.0027139360422552272,0.031802356243133545,-0.15781229734420776,-0.014598193451547559,0.0279390811920166,-0.11536401510238647,-0.02232496613987678,0.030457615852355957,-0.09953534603118896,-0.024129818998062547,0.013573884963989258,-0.127748042345047,0.007297033570921485,0.007381141185760498,-0.15567141771316528,-0.010895042553329404,0.00838768482208252,-0.10825216770172119,-0.012421479321801598,0.012335449457168579,-0.0978812575340271,-0.007662269625598128,-0.008626580238342285,-0.12252944707870483,0.007243606388783519,-0.014669716358184814,-0.1474890112876892,-0.011229622050905164,-0.010708630084991455,-0.10555356740951538,-0.003880283668422635,-0.005290180444717407,-0.09554803371429443,0.007124683946585719,-0.02860492467880249,-0.11478042602539062,0.005432064771866862,-0.03274106979370117,-0.136374831199646,-0.0033526980446367816,-0.02809220552444458,-0.10789650678634644,0.003686908060899441,-0.02312147617340088,-0.09738928079605103,0.012904801532840793
A,0.0,0.0,0.0,0.032165199518203735,-0.0264512300491333,-0.01929835631956678,0.05107179284095764,-0.08129644393920898,-0.02392965957035642,0.05360481142997742,-0.13355189561843872,-0.02661360643317323,0.06691738963127136,-0.16490936279296875,-0.024192629675169997,0.038638800382614136,-0.12571382522583008,0.0019656193305053193,0.03207114338874817,-0.15734633803367615,-0.014874340328177027,0.0283566415309906,-0.11448121070861816,-0.022199929053684286,0.030868619680404663,-0.10023665428161621,-0.024006044785281233,0.013451576232910156,-0.12656280398368835,0.00731478648746986,0.00729033350944519,-0.1544644832611084,-0.00997519615550857,0.008775562047958374,-0.10726028680801392,-0.010909430044492296,0.012897402048110962,-0.09975725412368774,-0.0062185235459111254,-0.008549720048904419,-0.12119513750076294,0.007985977162817903,-0.014490455389022827,-0.1473056674003601,-0.009689670349260382,-0.010303229093551636,-0.1051817536354065,-0.0015549166731290143,-0.004832863807678223,-0.09683579206466675,0.009504436222115942,-0.028812527656555176,-0.1137540340423584,0.0067884430151679,-0.03330954909324646,-0.13559922575950623,-0.0012036903666086118,-0.028151720762252808,-0.10770338773727417,0.006255834070245214,-0.022853076457977295,-0.09875982999801636,0.015413349201182314
A,0.0,0.0,0.0,0.03279048204421997,-0.027053892612457275,-0.019016346020308106,0.051403939723968506,-0.08159768581390381,-0.023457916510906784,0.05365186929702759,-0.13381195068359375,-0.025942042527404396,0.06671953201293945,-0.16491052508354187,-0.023287506831493943,0.038199782371520996,-0.1254866123199463,0.0022398048903227163,0.031691014766693115,-0.1571960151195526,-0.014426176493671505,0.028282344341278076,-0.11445647478103638,-0.02178057288905677,0.030763089656829834,-0.10058271884918213,-0.02365878416379985,0.012932062149047852,-0.12650620937347412,0.007598122990074785,0.0068826377391815186,-0.15479442477226257,-0.009543000777867405,0.008596807718276978,-0.10756534337997437,-0.010586893243399231,0.012542307376861572,-0.10004168748855591,-0.006003371031638949,-0.008975565433502197,-0.1214107871055603,0.008346151503118904,-0.014953941106796265,-0.14773499965667725,-0.00891132565369901,-0.010577499866485596,-0.10594719648361206,-0.0007987148120633947,-0.0052480995655059814,-0.09759420156478882,0.010141387524399192,-0.02910289168357849,-0.11423128843307495,0.0072268121301561905,-0.03365257382392883,-0.13590258359909058,-0.0003847733888875382,-0.0283907949924469,-0.10832422971725464,0.007108851278516681,-0.02309432625770569,-0.09959089756011963,0.016222378181609542
A,0.0,0.0,0.0,0.03183433413505554,-0.026879429817199707,-0.01863960293940181,0.0505392849445343,-0.08114337921142578,-0.02314138715973968,0.05326762795448303,-0.1331036388874054,-0.025838106180344766,0.0676245391368866,-0.16403254866600037,-0.023510786945735163,0.038353532552719116,-0.12456110119819641,0.0028682716574621736,0.03160551190376282,-0.1567508578300476,-0.01363503863922233,0.027485817670822144,-0.11413317918777466,-0.020800790990506357,0.029573887586593628,-0.09919053316116333,-0.022443444709097093,0.013086885213851929,-0.12578189373016357,0.008212704901779944,0.0068776607513427734,-0.15345114469528198,-0.008526105674718565,0.008021295070648193,-0.10626155138015747,-0.009374544265483564,0.01198798418045044,-0.0986793041229248,-0.004689748639975733,-0.008972495794296265,-0.12069940567016602,0.008949907255555445,-0.014966011047363281,-0.14692822098731995,-0.008077855462943262,-0.011186599731445312,-0.10479295253753662,0.00016782203510956606,-0.0058834850788116455,-0.09607100486755371,0.011186545473719889,-0.029422730207443237,-0.1135825514793396,0.007885888909186178,-0.034240663051605225,-0.13501384854316711,0.00048825792964635184,-0.029006153345108032,-0.10708451271057129,0.008127427418912703,-0.023475617170333862,-0.09813714027404785,0.017356815506900602
A,0.0,0.0,0.0,0.03221479058265686,-0.02661961317062378,-0.018411205497969263,0.0508592426776886,-0.08164507150650024,-0.0225864512598406,0.052895039319992065,-0.13360819220542908,-0.024794767958510988,0.06763407588005066,-0.16318923234939575,-0.021671302033055895,0.038112908601760864,-0.12491989135742188,0.0025798185975958177,0.032094985246658325,-0.15676090121269226,-0.013443016794909113,0.028291970491409302,-0.11387205123901367,-0.020098918465365045,0.03062543272972107,-0.10170990228652954,-0.021791118544925325,0.012943267822265625,-0.12600719928741455,0.007809349919270403,0.00700339674949646,-0.15397021174430847,-0.0085088260224353,0.008224576711654663,-0.10643398761749268,-0.008719134492267244,0.012274026870727539,-0.10116428136825562,-0.003832254440922611,-0.008920073509216309,-0.12090814113616943,0.008480116377185709,-0.014822810888290405,-0.14630258083343506,-0.007568593484748476,-0.010961651802062988,-0.10433089733123779,0.0015054430128742524,-0.005546897649765015,-0.09824728965759277,0.012591771433662302,-0.029119372367858887,-0.11407715082168579,0.0072697532610703774,-0.03390151262283325,-0.13316833972930908,0.001173821628626115,-0.02869585156440735,-0.10582566261291504,0.009406681756090052,-0.02312648296356201,-0.099456787109375,0.01859185530484808
A,0.0,0.0,0.0,0.032346099615097046,-0.0271146297454834,-0.018403031688279725,0.050635308027267456,-0.08191776275634766,-0.02249707543487034,0.052897483110427856,-0.13362723588943481,-0.024637798603720285,0.067453533411026,-0.16318970918655396,-0.021421915676540948,0.03786441683769226,-0.1242133378982544,0.002596556616850876,0.031693845987319946,-0.1567595899105072,-0.013179357919938184,0.02790161967277527,-0.11376523971557617,-0.0196412362271019,0.030271202325820923,-0.10140377283096313,-0.0211717158668705,0.01273229718208313,-0.12513518333435059,0.007963945332818412,0.006713122129440308,-0.15343725681304932,-0.00805984792495451,0.007865458726882935,-0.10622149705886841,-0.008219554845339871,0.011858224868774414,-0.10097438097000122,-0.0033478628025420676,-0.009189784526824951,-0.11994385719299316,0.008794201712959193,-0.01487836241722107,-0.14535242319107056,-0.00672026054198227,-0.01115378737449646,-0.1045803427696228,0.0022903195935271015,-0.005814880132675171,-0.09891963005065918,0.013211087498717689,-0.02947711944580078,-0.11341840028762817,0.007723395422004842,-0.03391671180725098,-0.13307896256446838,0.0021332397012940874,-0.028744399547576904,-0.1067126989364624,0.010468793276601218,-0.023337960243225098,-0.1003161072731018,0.019656379882150077
A,0.0,0.0,0.0,0.03239288926124573,-0.025122225284576416,-0.019900909175831316,0.05198809504508972,-0.0803413987159729,-0.024531614517528055,0.054269880056381226,-0.13228583335876465,-0.02693263303275728,0.06959870457649231,-0.1619437336921692,-0.024010280629354952,0.03969302773475647,-0.12388750910758972,0.0011575794613776225,0.03299674391746521,-0.155938059091568,-0.015695779135185717,0.0285203754901886,-0.11338669061660767,-0.02236829373772764,0.03174349665641785,-0.10120248794555664,-0.023951491823154925,0.01453503966331482,-0.1254052221775055,0.00669288633604026,0.008300423622131348,-0.1539137363433838,-0.011207640653211115,0.008655935525894165,-0.10563939809799194,-0.011511673701662062,0.013593107461929321,-0.09937649965286255,-0.006137383186924694,-0.007292389869689941,-0.12095272541046143,0.007482409926396372,-0.013588666915893555,-0.1463262140750885,-0.010667341312128542,-0.010661482810974121,-0.10255438089370728,-0.0017809019356178624,-0.004428893327713013,-0.09568983316421509,0.009897728899758818,-0.027420789003372192,-0.11435884237289429,0.006339600758892061,-0.03244557976722717,-0.13311102986335754,-0.0016586985604050142,-0.027975082397460938,-0.10375958681106567,0.006114157831561329,-0.02217566967010498,-0.09614187479019165,0.015475148784261705
A,0.0,0.0,0.0,0.032683730125427246,-0.02412569522857666,-0.019444419218004327,0.05177581310272217,-0.08064180612564087,-0.02414254672616778,0.054771602153778076,-0.13287043571472168,-0.026749987302125078,0.07181990146636963,-0.16046640276908875,-0.024078833086193185,0.03826117515563965,-0.12143796682357788,3.974354918057088e-05,0.03237813711166382,-0.15574193000793457,-0.017295090628564935,0.027871787548065186,-0.11318987607955933,-0.023905007315576654,0.03139817714691162,-0.09953808784484863,-0.025272708533108812,0.012945741415023804,-0.12263154983520508,0.005273036046176571,0.007499724626541138,-0.15359044075012207,-0.013138939773440939,0.007754981517791748,-0.1053539514541626,-0.013106277359426599,0.013163715600967407,-0.09772378206253052,-0.007330923953801971,-0.008921533823013306,-0.11782258749008179,0.005823930578529257,-0.014803975820541382,-0.1452430784702301,-0.012134433870912176,-0.011753946542739868,-0.1021386981010437,-0.0027350172472750955,-0.005296111106872559,-0.0942046046257019,0.009297279494106192,-0.02892756462097168,-0.11089932918548584,0.004419340605139155,-0.034063518047332764,-0.13115233182907104,-0.003139076202884894,-0.029375523328781128,-0.10296916961669922,0.004843219036459345,-0.023605763912200928,-0.09507322311401367,0.01424087662458362
A,0.0,0.0,0.0,0.03255945444107056,-0.024870872497558594,-0.01932201161466196,0.051525115966796875,-0.08046102523803711,-0.023991582910042553,0.05488234758377075,-0.13212943077087402,-0.026787113393169193,0.07119089365005493,-0.1608157753944397,-0.024573486293178348,0.039131224155426025,-0.1236797571182251,0.0018159080115367487,0.03205692768096924,-0.15558865666389465,-0.01548300962380722,0.02732032537460327,-0.11450457572937012,-0.022650033230405597,0.03096604347229004,-0.09941935539245605,-0.02420586719594553,0.013369321823120117,-0.1247442364692688,0.006830604752082081,0.007008552551269531,-0.15478447079658508,-0.012366929086368827,0.007084906101226807,-0.10658091306686401,-0.013467544684630184,0.012731403112411499,-0.0953894853591919,-0.007828774856847076,-0.008891910314559937,-0.1197199821472168,0.007140376144576521,-0.015628784894943237,-0.14573794603347778,-0.011859958986264019,-0.012220621109008789,-0.10295933485031128,-0.0038626322005654856,-0.005307525396347046,-0.09217578172683716,0.007949251686710568,-0.0289345383644104,-0.11195158958435059,0.005568468948382588,-0.03419661521911621,-0.13198482990264893,-0.00336156738407567,-0.029438167810440063,-0.10352927446365356,0.0036844897601042703,-0.023156315088272095,-0.09359186887741089,0.01304441039033577
A,0.0,0.0,0.0,0.03239986300468445,-0.024835646152496338,-0.019097316091119865,0.05094537138938904,-0.08093363046646118,-0.023850399081766227,0.053840428590774536,-0.13322466611862183,-0.026679839019834617,0.07001432776451111,-0.1617804765701294,-0.024296904926359275,0.037534862756729126,-0.12388238310813904,0.0012916501023028104,0.031164854764938354,-0.15732574462890625,-0.01561322623228989,0.027052074670791626,-0.11534816026687622,-0.02213379835075102,0.030996173620224,-0.10099726915359497,-0.02336591390258036,0.01161906123161316,-0.12470906972885132,0.006363780691117427,0.006130903959274292,-0.15587788820266724,-0.011612582964062312,0.0065129101276397705,-0.10745441913604736,-0.011605279532432178,0.012034714221954346,-0.09868913888931274,-0.005627695483326534,-0.010708272457122803,-0.11944544315338135,0.006746924004346511,-0.016724050045013428,-0.14620435237884521,-0.01062833425885401,-0.01311466097831726,-0.10440564155578613,-0.001577169530264655,-0.00631752610206604,-0.09615802764892578,0.010298649768174073,-0.03071567416191101,-0.11189675331115723,0.005182834795505187,-0.035852670669555664,-0.1323869824409485,-0.0020730698138322623,-0.030665934085845947,-0.10537856817245483,0.005823384026825806,-0.024457693099975586,-0.09741270542144775,0.015298472705126187
A,0.0,0.0,0.0,0.03203234076499939,-0.02490907907485962,-0.01893777252760742,0.05004635453224182,-0.08128690719604492,-0.023639554545553665,0.05388060212135315,-0.13326656818389893,-0.02638098822561119,0.0706796944141388,-0.1614733636379242,-0.024024514869125824,0.03682538866996765,-0.12340494990348816,0.00026980641061413735,0.030613631010055542,-0.15739142894744873,-0.01722663493481491,0.026714056730270386,-0.11537784337997437,-0.023998834580453376,0.030188411474227905,-0.10053646564483643,-0.02520526611831997,0.011312395334243774,-0.1243492066860199,0.0052731759694495395,0.0056285560131073,-0.15579986572265625,-0.0133985834347925,0.0064008235931396484,-0.10702061653137207,-0.01347247643050764,0.011797577142715454,-0.09745508432388306,-0.007400467448206882,-0.010843753814697266,-0.11963117122650146,0.005665601774779816,-0.01706552505493164,-0.1464720070362091,-0.01260437389490221,-0.013363659381866455,-0.10308659076690674,-0.003570076233046393,-0.006698250770568848,-0.0936698317527771,0.008590395174650212,-0.03077879548072815,-0.11279892921447754,0.004197349384156723,-0.0359596312046051,-0.13345104455947876,-0.0037325519754460856,-0.03101542592048645,-0.10449779033660889,0.004196162413535376,-0.02508583664894104,-0.09524726867675781,0.01387110406878378
A,0.0,0.0,0.0,0.0319347083568573,-0.025017917156219482,-0.019236383759135833,0.05027911067008972,-0.08110946416854858,-0.02413295748149835,0.054286688566207886,-0.13341423869132996,-0.026982057639116874,0.07119199633598328,-0.1618483066558838,-0.02472025322234117,0.03689268231391907,-0.12329605221748352,1.2164864045871582e-05,0.030499905347824097,-0.15696832537651062,-0.01732579412376367,0.026692122220993042,-0.11490797996520996,-0.02390972691094362,0.03030136227607727,-0.10041934251785278,-0.025054629691595665,0.011432886123657227,-0.12421905994415283,0.005171694527660975,0.005528122186660767,-0.1555403769016266,-0.013459687852019897,0.006497472524642944,-0.10656273365020752,-0.013337833606357208,0.012117743492126465,-0.09712564945220947,-0.0071217723048278,-0.010684996843338013,-0.11940717697143555,0.005708534005378851,-0.01718410849571228,-0.14595061540603638,-0.012568462439531913,-0.01329466700553894,-0.10253387689590454,-0.003405350059921375,-0.006428897380828857,-0.09325224161148071,0.008843564628904232,-0.030669182538986206,-0.11239480972290039,0.004358156784718403,-0.036236584186553955,-0.13273939490318298,-0.003596996222341886,-0.03105407953262329,-0.1039549708366394,0.0043254105516723484,-0.0248679518699646,-0.09487521648406982,0.013990271105711827
A,0.0,0.0,0.0,0.03165063261985779,-0.025340557098388672,-0.01937823539560668,0.05028447508811951,-0.08261418342590332,-0.02375837584918372,0.054772764444351196,-0.1349204182624817,-0.02606984211092822,0.07186773419380188,-0.16299834847450256,-0.023141115735825224,0.03769078850746155,-0.12474405765533447,0.0016951688382960128,0.031175285577774048,-0.15679407119750977,-0.015347175132092161,0.026497870683670044,-0.11416465044021606,-0.02191489731853835,0.030036956071853638,-0.10096496343612671,-0.02314185334330432,0.012267529964447021,-0.12599137425422668,0.007147496268544273,0.006340384483337402,-0.1560547649860382,-0.011555414478834791,0.006025344133377075,-0.10656672716140747,-0.011683310214039011,0.011853069067001343,-0.09832113981246948,-0.00546513760423295,-0.010083317756652832,-0.12143537402153015,0.007846272718552427,-0.01650276780128479,-0.14695671200752258,-0.010521600786205454,-0.013730436563491821,-0.1027231216430664,-0.0016067064782419038,-0.006643354892730713,-0.09430688619613647,0.010586825367454367,-0.030314385890960693,-0.11508733034133911,0.0066274387579596805,-0.03542599081993103,-0.1335223913192749,-0.0011172111328505707,-0.0311831533908844,-0.10377520322799683,0.006759401113185959,-0.02480432391166687,-0.09553545713424683,0.016423518006149607
A,0.0,0.0,0.0,0.03162696957588196,-0.026099741458892822,-0.0181668487861657,0.050220340490341187,-0.08290553092956543,-0.022178310297420012,0.05466309189796448,-0.1347762644290924,-0.024336180977513777,0.07194223999977112,-0.16229763627052307,-0.021405599407842146,0.03639450669288635,-0.12403857707977295,0.0022933458890861402,0.030844897031784058,-0.1564742922782898,-0.01383545282482146,0.026644498109817505,-0.11381542682647705,-0.020056995891025053,0.030049055814743042,-0.10051310062408447,-0.02130337744205235,0.011201262474060059,-0.12507236003875732,0.007233248695740713,0.006175786256790161,-0.15581849217414856,-0.010763169594099509,0.006583601236343384,-0.10654622316360474,-0.01099454364924668,0.01165461540222168,-0.0971900224685669,-0.005113578263660656,-0.010787874460220337,-0.12023073434829712,0.007659747868785871,-0.016536086797714233,-0.1472436785697937,-0.009914946138849245,-0.012923330068588257,-0.1032339334487915,-0.0011907004304134716,-0.006735503673553467,-0.09354138374328613,0.010621251210579885,-0.030776947736740112,-0.11351734399795532,0.006283381626019491,-0.03551521897315979,-0.13304108381271362,-0.001128391690542685,-0.030472010374069214,-0.10420006513595581,0.0065117167756056915,-0.02455925941467285,-0.09552586078643799,0.015836740516135706
A,0.0,0.0,0.0,0.0315077006816864,-0.02635270357131958,-0.01857511455513361,0.04982241988182068,-0.08307725191116333,-0.022896531395090847,0.05440530180931091,-0.13501453399658203,-0.025287774748576908,0.07180091738700867,-0.16276240348815918,-0.02253803925908926,0.0362144410610199,-0.12382146716117859,0.0018200586704182342,0.03075125813484192,-0.15691298246383667,-0.014617075569404392,0.0265863835811615,-0.11400336027145386,-0.02087311389244917,0.029768317937850952,-0.10051321983337402,-0.021991500056756763,0.011096417903900146,-0.1249559223651886,0.006987752035783501,0.006296694278717041,-0.1561383605003357,-0.011295670069230823,0.006780385971069336,-0.10649067163467407,-0.01144329959846857,0.011736273765563965,-0.09713947772979736,-0.005341924618406324,-0.010931551456451416,-0.1203494668006897,0.0075957529401051715,-0.01639920473098755,-0.14752089977264404,-0.010234904832614689,-0.012697696685791016,-0.10328114032745361,-0.0014451015819219037,-0.006531268358230591,-0.0934935212135315,0.010587839052604409,-0.03097432851791382,-0.1139906644821167,0.006383145336585017,-0.035411328077316284,-0.13410797715187073,-0.001077444184048204,-0.030326247215270996,-0.10500884056091309,0.006670682333933087,-0.024493247270584106,-0.09597361087799072,0.01616842357121584
A,0.0,0.0,0.0,0.03184932470321655,-0.025447547435760498,-0.019055481509639094,0.050148606300354004,-0.08292526006698608,-0.02334408040471203,0.05503290891647339,-0.13555747270584106,-0.02561841669805176,0.07266390323638916,-0.16318723559379578,-0.02273145082719452,0.03715401887893677,-0.12336656451225281,0.001074959199542036,0.030664026737213135,-0.1562972366809845,-0.016013094664884875,0.026490092277526855,-0.11373305320739746,-0.022574396313501666,0.029952168464660645,-0.10047101974487305,-0.023871687681747744,0.012275516986846924,-0.12502029538154602,0.00635808801897042,0.006046384572982788,-0.15534600615501404,-0.012540406057013342,0.006449013948440552,-0.10590255260467529,-0.012691069835199187,0.01202845573425293,-0.09726601839065552,-0.0066224699591828085,-0.00968235731124878,-0.12110072374343872,0.006968976023273399,-0.016471922397613525,-0.14830952882766724,-0.011662011475635836,-0.013125181198120117,-0.1032339334487915,-0.0027206351266784168,-0.00639006495475769,-0.09347236156463623,0.009473286128269365,-0.029869168996810913,-0.11536872386932373,0.0056818397963809275,-0.035173624753952026,-0.13483166694641113,-0.002628960389046142,-0.03065347671508789,-0.10477322340011597,0.00481723065175288,-0.0245513916015625,-0.09570473432540894,0.014167569136844804
A,0.0,0.0,0.0,0.031658679246902466,-0.02480447292327881,-0.019888037829872474,0.0505962073802948,-0.08086168766021729,-0.024631556137677535,0.055138200521469116,-0.13347402215003967,-0.027273425846573218,0.07177022099494934,-0.16195940971374512,-0.024619786082979545,0.03859242796897888,-0.12297901511192322,0.0013702560540025388,0.032245784997940063,-0.1566258668899536,-0.016125774025198325,0.027341336011886597,-0.1144610047340393,-0.022937979563351973,0.03093138337135315,-0.10095572471618652,-0.024229228510733947,0.013477981090545654,-0.12473422288894653,0.007107571218881503,0.007681488990783691,-0.15620779991149902,-0.012001992217477664,0.0069626569747924805,-0.10673367977142334,-0.012297933935400351,0.012573152780532837,-0.09824448823928833,-0.006170236985411748,-0.00863713026046753,-0.12071770429611206,0.008042482645038262,-0.01522594690322876,-0.14802634716033936,-0.010679242215331897,-0.012938886880874634,-0.10336869955062866,-0.0015784991115594948,-0.00618898868560791,-0.0939415693283081,0.010830974192145959,-0.029024958610534668,-0.11495810747146606,0.00701146664542307,-0.03405112028121948,-0.13498762249946594,-0.0009092040851044203,-0.030303388833999634,-0.1054193377494812,0.006976497345391408,-0.024254024028778076,-0.09661859273910522,0.01667247152400364
A,0.0,0.0,0.0,0.031695812940597534,-0.023867309093475342,-0.020612965120662352,0.05074968934059143,-0.08077514171600342,-0.02551494051395764,0.055032700300216675,-0.13402995467185974,-0.028193359045971533,0.07201007008552551,-0.16226553916931152,-0.02544329386829247,0.03885379433631897,-0.12304890155792236,0.0007960008650940154,0.03203997015953064,-0.157495379447937,-0.01705457527815213,0.027260810136795044,-0.11499017477035522,-0.023886286436308524,0.031015723943710327,-0.1014251708984375,-0.025169010056842467,0.01373240351676941,-0.12488290667533875,0.00671402619526873,0.007392942905426025,-0.15623408555984497,-0.012629287100125453,0.007056385278701782,-0.10677093267440796,-0.012799884906698367,0.013009250164031982,-0.0991942286491394,-0.006627130104888579,-0.008407056331634521,-0.12082701921463013,0.007699017164569,-0.015392988920211792,-0.14826643466949463,-0.011445672034014365,-0.012824088335037231,-0.10358381271362305,-0.002159939395923516,-0.00582200288772583,-0.09498012065887451,0.010384592444907526,-0.02882722020149231,-0.11494147777557373,0.0066326598015535865,-0.03417906165122986,-0.13501253724098206,-0.0017345128736536708,-0.030214637517929077,-0.10543912649154663,0.006103748207252124,-0.02412077784538269,-0.09701228141784668,0.015800758482228616
A,0.0,0.0,0.0,0.03101673722267151,-0.024149656295776367,-0.02183660590308989,0.050657063722610474,-0.08039963245391846,-0.02736428664285029,0.05533638596534729,-0.1334523856639862,-0.03034410723704184,0.07258614897727966,-0.16168251633644104,-0.02773432159084166,0.03904733061790466,-0.12287148833274841,-0.0005055108245954898,0.0319385826587677,-0.15688499808311462,-0.01820997433024729,0.027326911687850952,-0.11349064111709595,-0.024783060934723267,0.030976980924606323,-0.1011320948600769,-0.026090762626708397,0.01403459906578064,-0.12468555569648743,0.006048227145939222,0.007199972867965698,-0.1547984480857849,-0.013213109273792156,0.007403582334518433,-0.10495251417160034,-0.01321886298465813,0.013377100229263306,-0.09979820251464844,-0.007140063729465851,-0.008078008890151978,-0.12054318189620972,0.007639908183037392,-0.015083670616149902,-0.14617666602134705,-0.011321019430042156,-0.012282490730285645,-0.10204565525054932,-0.0018084147501298276,-0.005167067050933838,-0.09633362293243408,0.010607194106697193,-0.028545498847961426,-0.11501729488372803,0.007080183315693489,-0.03407412767410278,-0.13307175040245056,-0.0008800304982372609,-0.029714077711105347,-0.103451669216156,0.007251820012598387,-0.02336379885673523,-0.09639263153076172,0.01694345935028707
A,0.0,0.0,0.0,0.031290292739868164,-0.023613572120666504,-0.020429986378886156,0.05001753568649292,-0.08036559820175171,-0.025332198328115396,0.05454230308532715,-0.13339763879776,-0.027976638487317018,0.0708773136138916,-0.16199520230293274,-0.025103921851851396,0.03772789239883423,-0.124124675989151,0.0008531607792150453,0.03059828281402588,-0.157056987285614,-0.01684019047651475,0.02678006887435913,-0.11484545469284058,-0.0237489052477855,0.030257582664489746,-0.1017838716506958,-0.025135264581777506,0.012408345937728882,-0.12606197595596313,0.006623984930328675,0.005930304527282715,-0.1549089550971985,-0.01204526036862319,0.006946533918380737,-0.1054876446723938,-0.012014354428984575,0.012377381324768066,-0.09953498840332031,-0.00597344882670825,-0.009721547365188599,-0.12198024988174438,0.0074723308544975,-0.016039490699768066,-0.14726901054382324,-0.011360688916184358,-0.012539595365524292,-0.10262537002563477,-0.002017450135909371,-0.006204128265380859,-0.09544587135314941,0.01036824394132907,-0.02986079454421997,-0.11597049236297607,0.006287379340491839,-0.034524232149124146,-0.13429147005081177,-0.0019943982723731324,-0.029967576265335083,-0.10430008172988892,0.0060041017469387725,-0.024314194917678833,-0.09672445058822632,0.01576963920261676
A,0.0,0.0,0.0,0.03158310055732727,-0.02440488338470459,-0.020365454562579544,0.05038067698478699,-0.08061790466308594,-0.025338482417737396,0.05544659495353699,-0.13341951370239258,-0.028123075448547752,0.07192477583885193,-0.16237664222717285,-0.025494458459888847,0.038478702306747437,-0.12281966209411621,0.0008502014529767621,0.03140726685523987,-0.15679800510406494,-0.016963327609573753,0.027378171682357788,-0.11471247673034668,-0.0238951820215334,0.030940741300582886,-0.1007697582244873,-0.025147559427296073,0.013469696044921875,-0.12480795383453369,0.006725812956119626,0.006946146488189697,-0.15488138794898987,-0.01208286949304238,0.007540017366409302,-0.10559958219528198,-0.012100909211312683,0.013166874647140503,-0.09852290153503418,-0.005960518800293357,-0.008557140827178955,-0.12090814113616943,0.00768356320577368,-0.015200585126876831,-0.1468711495399475,-0.011031667076622398,-0.012061744928359985,-0.10253763198852539,-0.001734425037739129,-0.005415380001068115,-0.09451597929000854,0.010698750309074967,-0.028739750385284424,-0.11510491371154785,0.0066067838774870324,-0.03373938798904419,-0.1341257393360138,-0.0014020732637618494,-0.029379993677139282,-0.10451650619506836,0.006599714673484414,-0.0235273540019989,-0.09619230031967163,0.016367098010505288
A,0.0,0.0,0.0,0.03056234121322632,-0.024275124073028564,-0.019343637747752496,0.04802370071411133,-0.08052223920822144,-0.0237534203362344,0.05305635929107666,-0.13235101103782654,-0.02621902234672291,0.0691717267036438,-0.16023531556129456,-0.023505515305387803,0.03685963153839111,-0.12342676520347595,0.0015552915836991588,0.029184997081756592,-0.15498358011245728,-0.015246055906700917,0.02537006139755249,-0.11400866508483887,-0.021834601534592935,0.029043495655059814,-0.10221415758132935,-0.023362056238639184,0.011526405811309814,-0.12537282705307007,0.006608335414838962,0.004977405071258545,-0.15258711576461792,-0.010965808181154557,0.005556344985961914,-0.1051715612411499,-0.010915345398771592,0.01021796464920044,-0.10037118196487427,-0.005442512573736735,-0.010578751564025879,-0.12111079692840576,0.006855694690656833,-0.016492128372192383,-0.14544296264648438,-0.011371200790691205,-0.013681143522262573,-0.1027451753616333,-0.002460900813403555,-0.00838276743888855,-0.09694808721542358,0.009156732933533362,-0.030356675386428833,-0.11482399702072144,0.0051725335623444835,-0.03444671630859375,-0.13350170850753784,-0.0029189995285747727,-0.03039771318435669,-0.10399699211120605,0.004996758067917995,-0.025544196367263794,-0.09639561176300049,0.014401036428225211
A,0.0,0.0,0.0,0.02961871027946472,-0.0276983380317688,-0.015412906679344474,0.044567614793777466,-0.08291935920715332,-0.0183995045079115,0.04801252484321594,-0.1318741738796234,-0.02053663649691373,0.06069245934486389,-0.15966498851776123,-0.01818402440382272,0.02913859486579895,-0.12283232808113098,0.005502080050277414,0.026165932416915894,-0.15344426035881042,-0.009530043724012671,0.024301379919052124,-0.11253976821899414,-0.016300897608530818,0.02584138512611389,-0.1002887487411499,-0.018047915334832965,0.0064664483070373535,-0.12377673387527466,0.009054040973055066,0.003938525915145874,-0.14984345436096191,-0.005790037597549258,0.005526483058929443,-0.10623705387115479,-0.006832785933298169,0.006865859031677246,-0.10128611326217651,-0.0031333794174912555,-0.0143832266330719,-0.1187402606010437,0.008279821340906324,-0.016848355531692505,-0.14484429359436035,-0.006745046033543645,-0.013541191816329956,-0.10551363229751587,0.0009248959542986768,-0.011883407831192017,-0.0981137752532959,0.0106458407537815,-0.03453388810157776,-0.11214011907577515,0.00588947950767249,-0.036129921674728394,-0.13340610265731812,5.325834375469185e-05,-0.0318722128868103,-0.10713881254196167,0.007725520961898269,-0.029419928789138794,-0.09889954328536987,0.01621144681142539
A,0.0,0.0,0.0,0.030588507652282715,-0.025769710540771484,-0.017644469558163678,0.04729783535003662,-0.07778042554855347,-0.02205510151283363,0.05142587423324585,-0.12702274322509766,-0.024877862005396878,0.06475406885147095,-0.1558564007282257,-0.023067465915247,0.030867397785186768,-0.1187790036201477,0.0022916144906588443,0.027504920959472656,-0.1507052183151245,-0.013636387816532647,0.025860369205474854,-0.11047422885894775,-0.020095226286812817,0.027820110321044922,-0.09894156455993652,-0.021258198588057553,0.008033663034439087,-0.12040862441062927,0.007078378995046819,0.005560427904129028,-0.14710503816604614,-0.00839751858906368,0.006813257932662964,-0.10332763195037842,-0.008592703311606442,0.008582651615142822,-0.0987967848777771,-0.003851392471133863,-0.012562811374664307,-0.11643511056900024,0.0073788753460206635,-0.015797585248947144,-0.13967189192771912,-0.008098315379484688,-0.012422889471054077,-0.10070568323135376,0.00010146107784692049,-0.009462922811508179,-0.09495580196380615,0.010497049496606792,-0.032096266746520996,-0.11095207929611206,0.005917269338951314,-0.034806132316589355,-0.13092800974845886,5.218841293697096e-05,-0.029990077018737793,-0.10387414693832397,0.008142749847010577,-0.02653735876083374,-0.0959320068359375,0.017175084979371036
A,0.0,0.0,0.0,0.029591739177703857,-0.026583731174468994,-0.01625423397128145,0.045459747314453125,-0.07759952545166016,-0.020487882971806926,0.04858529567718506,-0.12635132670402527,-0.023706714466257495,0.060143887996673584,-0.15673649311065674,-0.02262226197127859,0.031169772148132324,-0.12005487084388733,0.0042314945421679795,0.027174770832061768,-0.14973872900009155,-0.011041405454321307,0.02552276849746704,-0.10927420854568481,-0.017882753938479823,0.026239395141601562,-0.09726893901824951,-0.01967247466747324,0.008294641971588135,-0.1214728057384491,0.007929244235114652,0.0033033788204193115,-0.14592614769935608,-0.0073118520267740905,0.00596773624420166,-0.10157817602157593,-0.008203789435370368,0.0076787471771240234,-0.09618860483169556,-0.004195515375627679,-0.013156205415725708,-0.11651068925857544,0.007297860614912111,-0.01770240068435669,-0.1412106156349182,-0.009005291231019896,-0.013614624738693237,-0.10019505023956299,-0.0013801384084359825,-0.011372148990631104,-0.09233182668685913,0.008742631569461423,-0.03380703926086426,-0.10925394296646118,0.005142258170948821,-0.03563776612281799,-0.1311424970626831,-0.0021818241402939975,-0.03141185641288757,-0.10279566049575806,0.005484387900636989,-0.02901899814605713,-0.09279501438140869,0.014413148321168023
A,0.0,0.0,0.0,0.028822004795074463,-0.025103330612182617,-0.01751873991990749,0.04528343677520752,-0.07494586706161499,-0.021558066602594295,0.049755990505218506,-0.12326690554618835,-0.02419895842278663,0.053294837474823,-0.15790513157844543,-0.022563589509374538,0.03307199478149414,-0.12094411253929138,0.002730606351249776,0.027048885822296143,-0.14780601859092712,-0.013363671261615195,0.025918781757354736,-0.10779076814651489,-0.021137377019769588,0.02750527858734131,-0.09485697746276855,-0.023391468222982326,0.009958624839782715,-0.12263143062591553,0.0068877695540123796,0.0033254027366638184,-0.14568841457366943,-0.009292335022038856,0.0067580342292785645,-0.101753830909729,-0.01094670570994083,0.00950777530670166,-0.09461158514022827,-0.007240765034950414,-0.011571258306503296,-0.11733409762382507,0.006654661841892562,-0.018224477767944336,-0.14062771201133728,-0.01026483043635551,-0.012523651123046875,-0.10007089376449585,-0.002760549314118066,-0.008425801992416382,-0.09140312671661377,0.007418622955881915,-0.031928837299346924,-0.1091265082359314,0.004720209859513602,-0.03609013557434082,-0.1289190649986267,-0.0034962338449275876,-0.030565977096557617,-0.10129714012145996,0.0038527250236057853,-0.026197701692581177,-0.09249669313430786,0.012798606645517907
A,0.0,0.0,0.0,0.027197718620300293,-0.025479912757873535,-0.0165066238585041,0.044934213161468506,-0.07385468482971191,-0.020617448175244135,0.05109262466430664,-0.11957141757011414,-0.02382347584693889,0.04976701736450195,-0.1552337408065796,-0.023783425250940127,0.0305902361869812,-0.11945727467536926,0.0014943373064397747,0.027410924434661865,-0.14452025294303894,-0.015433454336516661,0.024704277515411377,-0.10462373495101929,-0.02460315116672973,0.023841023445129395,-0.08456569910049438,-0.027157685169868273,0.00807499885559082,-0.11980530619621277,0.0051028473210408265,0.005320429801940918,-0.14403188228607178,-0.012263112151913447,0.007020294666290283,-0.10023480653762817,-0.015733033800415797,0.00774991512298584,-0.08225691318511963,-0.012699235612444681,-0.013414353132247925,-0.1131475567817688,0.0047056210134996945,-0.01724064350128174,-0.13991835713386536,-0.01357139964579801,-0.012251168489456177,-0.09884524345397949,-0.00822198149739961,-0.010351359844207764,-0.0794302225112915,0.0014444018854646856,-0.034394294023513794,-0.1022304892539978,0.0029264915176554496,-0.036174237728118896,-0.12444263696670532,-0.008170311720959944,-0.03043001890182495,-0.0967944860458374,-0.0028887508995012467,-0.02748328447341919,-0.08154284954071045,0.005504465280182558
A,0.0,0.0,0.0,0.02758127450942993,-0.02506929636001587,-0.01715281945014624,0.04401135444641113,-0.07276517152786255,-0.021872810687071365,0.048733532428741455,-0.11747252941131592,-0.025309042672759574,0.04988223314285278,-0.15141820907592773,-0.02525082942391066,0.02992457151412964,-0.11588999629020691,-0.0003094252193278635,0.027595996856689453,-0.14077425003051758,-0.017920834611302894,0.024324536323547363,-0.10120725631713867,-0.026768801401502174,0.022640109062194824,-0.08273434638977051,-0.029132386337167304,0.007753312587738037,-0.11637383699417114,0.0031867831543621605,0.005433082580566406,-0.14247938990592957,-0.015047840441710036,0.007208645343780518,-0.09807837009429932,-0.017718856821900886,0.0076100826263427734,-0.08186548948287964,-0.01393885877276091,-0.012993574142456055,-0.11023342609405518,0.002632964269125182,-0.016404002904891968,-0.13710319995880127,-0.016307342465168517,-0.011031866073608398,-0.09532129764556885,-0.009798102679795306,-0.00910976529121399,-0.07840114831924438,0.0006735756591496056,-0.03333622217178345,-0.10008925199508667,0.0006320422811967319,-0.03514665365219116,-0.12189817428588867,-0.010388067591136974,-0.028476685285568237,-0.09382933378219604,-0.004223729151433986,-0.02518478035926819,-0.08028608560562134,0.004595736839675624
A,0.0,0.0,0.0,0.026765048503875732,-0.024614155292510986,-0.016180242243791554,0.043088555335998535,-0.07151973247528076,-0.019771090540672276,0.04897022247314453,-0.11537939310073853,-0.02211373934486005,0.0506894588470459,-0.14819195866584778,-0.020851324144388172,0.02821749448776245,-0.11391490697860718,0.0020807752668758894,0.026860713958740234,-0.1379268765449524,-0.012921138498569462,0.02442842721939087,-0.09969967603683472,-0.020630716178203556,0.02252054214477539,-0.08539360761642456,-0.023033353332067463,0.0074269771575927734,-0.11479198932647705,0.005746687464778688,0.004436910152435303,-0.138796865940094,-0.01008237974681947,0.007172346115112305,-0.09698402881622314,-0.012615401129806969,0.007475316524505615,-0.08453643321990967,-0.009489578958238098,-0.012580454349517822,-0.1086067259311676,0.005532694682841566,-0.01687777042388916,-0.13405117392539978,-0.011023857462788555,-0.010768234729766846,-0.09474635124206543,-0.004914787429953549,-0.008859217166900635,-0.08128923177719116,0.004438025113557842,-0.03260686993598938,-0.09892165660858154,0.00386900075747576,-0.035157203674316406,-0.11702141165733337,-0.005341195799047682,-0.02807679772377014,-0.0917711853981018,0.00041043635494020236,-0.024340838193893433,-0.08179104328155518,0.008300692011033561
A,0.0,0.0,0.0,0.026483893394470215,-0.02168065309524536,-0.016564399598379964,0.04245978593826294,-0.06830787658691406,-0.020962847991128797,0.047975003719329834,-0.1126832365989685,-0.02379453241660201,0.051924943923950195,-0.1447138488292694,-0.022910576908131475,0.02962130308151245,-0.11388126015663147,-0.00020314581119862396,0.026192188262939453,-0.1360456347465515,-0.015438073909123773,0.02382481098175049,-0.09786218404769897,-0.022833651526113385,0.023323893547058105,-0.08480662107467651,-0.025173886342187757,0.007878422737121582,-0.11426705121994019,0.003500538749406701,0.003988742828369141,-0.13650819659233093,-0.012189300393899316,0.006615579128265381,-0.09426340460777283,-0.013877719303806657,0.0077217817306518555,-0.08478707075119019,-0.010350240988870496,-0.01254945993423462,-0.10764873027801514,0.0034237479435006435,-0.017187893390655518,-0.131129652261734,-0.013118063694079751,-0.011329114437103271,-0.09189870953559875,-0.006243177352686757,-0.00868159532546997,-0.08206868171691895,0.0033601255731383617,-0.03218793869018555,-0.0976158082485199,0.0018978825414279754,-0.0353638231754303,-0.11457452178001404,-0.00727317448540532,-0.028457164764404297,-0.08890002965927124,-0.0009638749302638416,-0.024518102407455444,-0.08078688383102417,0.007216731423298484
A,0.0,0.0,0.0,0.027243614196777344,-0.0214272141456604,-0.015623502075897022,0.04341810941696167,-0.06792300939559937,-0.019373342968748375,0.04845702648162842,-0.11269748210906982,-0.021702705525086685,0.05232495069503784,-0.1447252333164215,-0.020318346671984955,0.02967238426208496,-0.11214238405227661,0.0005885209620544174,0.026535212993621826,-0.13652202486991882,-0.013869880341218277,0.0234033465385437,-0.09814870357513428,-0.020516882293151184,0.023106753826141357,-0.08423149585723877,-0.02240002026431398,0.008075118064880371,-0.11239376664161682,0.004021848909331993,0.004108846187591553,-0.13637492060661316,-0.010929173432515427,0.0060310959815979,-0.09393960237503052,-0.012177940100656315,0.007533252239227295,-0.08369135856628418,-0.008320464395211502,-0.012132108211517334,-0.10551902651786804,0.0037712698185430327,-0.016939431428909302,-0.1300353705883026,-0.011678555622921749,-0.011755824089050293,-0.09167930483818054,-0.004646937471108004,-0.008808314800262451,-0.08196878433227539,0.004881944399102167,-0.031416088342666626,-0.09527364373207092,0.0020959727780507365,-0.03550994396209717,-0.11240527033805847,-0.006217246983425184,-0.029102981090545654,-0.08805471658706665,6.195484544946339e-05,-0.024920552968978882,-0.08072316646575928,0.008049081437064842
A,0.0,0.0,0.0,0.02650272846221924,-0.023362278938293457,-0.015470371198460953,0.04194241762161255,-0.06964266300201416,-0.01956333181689729,0.04642069339752197,-0.11278238892555237,-0.02222276440690507,0.05051231384277344,-0.1439112424850464,-0.02131317517589082,0.02801722288131714,-0.1121222972869873,-0.0008025742961024207,0.024314522743225098,-0.13476407527923584,-0.015324324917600052,0.022312462329864502,-0.09671366214752197,-0.02211666068862428,0.022246181964874268,-0.08364194631576538,-0.02422331421504964,0.006101369857788086,-0.11213651299476624,0.002466427079781397,0.0015902519226074219,-0.1347409188747406,-0.012534289237663643,0.00481945276260376,-0.09291636943817139,-0.013797658112451927,0.006625831127166748,-0.08285129070281982,-0.010281342629895107,-0.014024794101715088,-0.10511541366577148,0.00223297850359927,-0.019616127014160156,-0.12925946712493896,-0.013322449837431805,-0.013151228427886963,-0.09061801433563232,-0.006015802816108362,-0.009743213653564453,-0.08007556200027466,0.003504724392115577,-0.033003002405166626,-0.09487918019294739,0.0006138026704149979,-0.03786548972129822,-0.11141374707221985,-0.007837567095265285,-0.03059971332550049,-0.08704811334609985,-0.001338835422501461,-0.025924116373062134,-0.07923930883407593,0.006736215587153538
A,0.0,0.0,0.0,0.026588022708892822,-0.022465407848358154,-0.015661923373599507,0.041716933250427246,-0.06847506761550903,-0.01982800492133663,0.046050846576690674,-0.11201897263526917,-0.022576313624639965,0.05039864778518677,-0.14313778281211853,-0.02180570752408073,0.028054356575012207,-0.1113044023513794,-0.0006161647457787467,0.024514734745025635,-0.13448217511177063,-0.015303639853854634,0.022199511528015137,-0.09684047102928162,-0.022095469916720845,0.021940290927886963,-0.08262735605239868,-0.02400201016153858,0.006062448024749756,-0.11130481958389282,0.00277483168009951,0.0017778277397155762,-0.1344476342201233,-0.012452553185184456,0.004522979259490967,-0.09264692664146423,-0.013738425607343174,0.006244361400604248,-0.0812411904335022,-0.00993655079092548,-0.014225125312805176,-0.10428109765052795,0.0025964701357139575,-0.019353896379470825,-0.12890735268592834,-0.013076753514368988,-0.013361573219299316,-0.0903867781162262,-0.005862278556932665,-0.010241925716400146,-0.07868856191635132,0.0038410470164222943,-0.033279478549957275,-0.09388020634651184,0.0010145523859961258,-0.03768187761306763,-0.11109116673469543,-0.0075648884945707096,-0.031037062406539917,-0.08724766969680786,-0.0012400966794388069,-0.026856839656829834,-0.07930278778076172,0.006877374676506065
A,0.0,0.0,0.0,0.025386035442352295,-0.023088514804840088,-0.015827022592404205,0.039466679096221924,-0.07054799795150757,-0.02028364698109897,0.044226765632629395,-0.11391386389732361,-0.023216733808496315,0.05146455764770508,-0.14316004514694214,-0.022536682064512092,0.02599698305130005,-0.11111059784889221,-0.0012968072964412158,0.02360635995864868,-0.13311362266540527,-0.016285097326019127,0.021381676197052002,-0.09511327743530273,-0.02314612093088897,0.02040630578994751,-0.08130514621734619,-0.025132468069770653,0.004253268241882324,-0.11159610748291016,0.002157830766535085,0.000774681568145752,-0.1323145031929016,-0.013225762273052055,0.0040389299392700195,-0.09031099081039429,-0.014295556682029087,0.005237579345703125,-0.08075648546218872,-0.010510831239500362,-0.01558607816696167,-0.10510879755020142,0.0020106366306009704,-0.02034786343574524,-0.12747451663017273,-0.014149213309266884,-0.01365727186203003,-0.08833637833595276,-0.0069699139398125,-0.010868430137634277,-0.07808852195739746,0.0026460072427454406,-0.034297436475753784,-0.09514141082763672,0.0005036915122929031,-0.03799566626548767,-0.1107480525970459,-0.008385344507971126,-0.030463576316833496,-0.0851849913597107,-0.0020345173374352044,-0.026299118995666504,-0.0770711898803711,0.006023420387080591
A,0.0,0.0,0.0,0.025378823280334473,-0.023313939571380615,-0.01620594510679041,0.03876852989196777,-0.07105475664138794,-0.02089666673784052,0.042618632316589355,-0.11440345644950867,-0.023979441317365513,0.05254828929901123,-0.1422196626663208,-0.02346496196334158,0.026611804962158203,-0.11080843210220337,-0.00118848977946584,0.02326071262359619,-0.1325792670249939,-0.016720882671521053,0.019974589347839355,-0.09429222345352173,-0.023873011636183605,0.019562602043151855,-0.0781129002571106,-0.02578489953522478,0.004311323165893555,-0.11115428805351257,0.0025511523162862204,0.0005904436111450195,-0.13228300213813782,-0.013831786865935669,0.0027344226837158203,-0.08939719200134277,-0.01499942136798893,0.004722177982330322,-0.07698208093643188,-0.010661933625684128,-0.01562577486038208,-0.10468381643295288,0.0025752209512432955,-0.02066740393638611,-0.12720957398414612,-0.014145598801420078,-0.014618456363677979,-0.08796766400337219,-0.007067857830421076,-0.011211991310119629,-0.07573938369750977,0.00296416361014451,-0.033900439739227295,-0.094428151845932,0.0011910879438659094,-0.03764304518699646,-0.11081728339195251,-0.008110493476138458,-0.030566662549972534,-0.08521401882171631,-0.00208045221735631,-0.026058316230773926,-0.07656306028366089,0.00605470495428051
A,0.0,0.0,0.0,0.025284945964813232,-0.02590280771255493,-0.012878202413432405,0.03599327802658081,-0.07379287481307983,-0.016303160739354894,0.0394589900970459,-0.11495035886764526,-0.018749292520098493,0.05383723974227905,-0.1375073492527008,-0.017721928236298368,0.02459031343460083,-0.10942667722702026,0.0010427465436606553,0.021323800086975098,-0.13006749749183655,-0.013061183084957406,0.017888426780700684,-0.09301391243934631,-0.01914520333450298,0.01830190420150757,-0.07723474502563477,-0.02061329181235294,0.0027091503143310547,-0.10975316166877747,0.003555944143570855,-0.0011959671974182129,-0.13131430745124817,-0.011416793381087587,0.0003605484962463379,-0.08860045671463013,-0.011298274201564595,0.003753066062927246,-0.07517367601394653,-0.006273240828178928,-0.017014026641845703,-0.10336780548095703,0.0026558078366889504,-0.021888047456741333,-0.12564513087272644,-0.012325416830591962,-0.01634126901626587,-0.08685693144798279,-0.004669824660979316,-0.011952638626098633,-0.07346248626708984,0.005419431674070552,-0.034718453884124756,-0.09348252415657043,0.0005270929664931145,-0.03875154256820679,-0.10853499174118042,-0.007055123848132894,-0.03228786587715149,-0.08406302332878113,-0.0008010882178695056,-0.027349114418029785,-0.07567465305328369,0.007063187147267058
A,0.0,0.0,0.0,0.024854302406311035,-0.025586724281311035,-0.012385563916097908,0.03514343500137329,-0.07506012916564941,-0.015342933116983204,0.0394321084022522,-0.11545699834823608,-0.017300759433339863,0.05548238754272461,-0.13517022132873535,-0.015805297522376804,0.02298879623413086,-0.10732859373092651,0.0010068201315220904,0.02010732889175415,-0.12940165400505066,-0.01187877169860485,0.016992568969726562,-0.09294795989990234,-0.01693157757682684,0.01754218339920044,-0.08053040504455566,-0.018040155051778584,0.001703500747680664,-0.10725563764572144,0.0036168585153859567,-0.0019562840461730957,-0.12916934490203857,-0.010408316730092793,-5.221366882324219e-05,-0.08633574843406677,-0.009518480850886135,0.0029485225677490234,-0.07522666454315186,-0.004129640749226837,-0.01725870370864868,-0.10135191679000854,0.0029493547132801723,-0.021849066019058228,-0.12435668706893921,-0.010812974526118069,-0.01622331142425537,-0.08514881134033203,-0.0027254903600919533,-0.012583315372467041,-0.07279711961746216,0.007337630735207767,-0.034192800521850586,-0.0927354097366333,0.0010683791567203116,-0.037998735904693604,-0.10843852162361145,-0.005268971892576246,-0.0317460298538208,-0.08346876502037048,0.0013636687160101246,-0.027406245470046997,-0.07527893781661987,0.009180339062083931
A,0.0,0.0,0.0,0.02364569902420044,-0.026647746562957764,-0.011074532597561415,0.03336596488952637,-0.07645505666732788,-0.01346917062183195,0.03870874643325806,-0.11497360467910767,-0.015105191461046275,0.05497574806213379,-0.1326228380203247,-0.013462744496067103,0.020085394382476807,-0.10642120242118835,0.0005456710758124927,0.0169793963432312,-0.1286534070968628,-0.011669743648965891,0.013814687728881836,-0.09300249814987183,-0.016356865718265112,0.014472544193267822,-0.08050596714019775,-0.017345188959737357,-0.0009379386901855469,-0.10593181848526001,0.0026772387034696976,-0.004431009292602539,-0.12793365120887756,-0.009807885467310484,-0.002998054027557373,-0.08702334761619568,-0.008473617798884447,-0.00047838687896728516,-0.07640814781188965,-0.0033807762258248886,-0.01969093084335327,-0.09948152303695679,0.00177522496669269,-0.023754656314849854,-0.12284073233604431,-0.010183249443073805,-0.018385767936706543,-0.08585891127586365,-0.00201785152894729,-0.015258073806762695,-0.07368046045303345,0.007455275551180307,-0.03650519251823425,-0.09068754315376282,-0.00031436617719293736,-0.03987118601799011,-0.10718896985054016,-0.0052456258155899604,-0.03360873460769653,-0.08531275391578674,0.0014656625397009293,-0.02978464961051941,-0.07807779312133789,0.008897139847974245
A,0.0,0.0,0.0,0.023098528385162354,-0.024779021739959717,-0.011883862274089552,0.03300899267196655,-0.07476025819778442,-0.01484808042118857,0.03977125883102417,-0.11281824111938477,-0.01692212182501862,0.057467877864837646,-0.12764254212379456,-0.01593410405735085,0.019586026668548584,-0.10394337773323059,-0.0009820459683851368,0.015733063220977783,-0.12525784969329834,-0.013358875135281778,0.013839662075042725,-0.09028321504592896,-0.018043585079112745,0.015464365482330322,-0.07770437002182007,-0.01907041664640019,-0.0008124113082885742,-0.1036650538444519,0.0014195651008321875,-0.0042459964752197266,-0.12440499663352966,-0.011332036884823538,-0.0018605589866638184,-0.0843556821346283,-0.009991105603376127,0.0008839964866638184,-0.07454359531402588,-0.004964178851196266,-0.019016534090042114,-0.09775325655937195,0.0007921093917957478,-0.02320575714111328,-0.1200515627861023,-0.011815141843953825,-0.01721876859664917,-0.08332666754722595,-0.004016879437813259,-0.013874471187591553,-0.07195460796356201,0.005234658760628008,-0.03541511297225952,-0.08956125378608704,-0.001035237642327047,-0.038566648960113525,-0.10578793287277222,-0.006925433365950084,-0.03218281269073486,-0.08192157745361328,-0.0006000535952352948,-0.028480559587478638,-0.07316422462463379,0.006611629897406601
A,0.0,0.0,0.0,0.02302861213684082,-0.023608267307281494,-0.011732467041781547,0.03272855281829834,-0.07381439208984375,-0.014706929737201335,0.03939539194107056,-0.11173674464225769,-0.016662409120669963,0.05677157640457153,-0.12659865617752075,-0.015685695746412875,0.019024133682250977,-0.10274600982666016,-0.00168552767621577,0.015915513038635254,-0.12386459112167358,-0.013945295067003372,0.01408231258392334,-0.08908981084823608,-0.01848879601942599,0.015180766582489014,-0.07595494389533997,-0.01935884129392207,-0.0015053153038024902,-0.1024397611618042,0.0007548256554059662,-0.004315555095672607,-0.1236129105091095,-0.011912097746005657,-0.001693427562713623,-0.08367416262626648,-0.010626576432457568,0.0006558895111083984,-0.0727652907371521,-0.0055706878765136025,-0.019858568906784058,-0.09661254286766052,0.00030408025583028575,-0.023387044668197632,-0.11918753385543823,-0.012105802596977355,-0.016897976398468018,-0.08205282688140869,-0.004434289467951658,-0.013831079006195068,-0.06986087560653687,0.004736680480220912,-0.03617289662361145,-0.08840140700340271,-0.0012714976318761728,-0.0387570858001709,-0.1046966016292572,-0.007098417786380651,-0.03198367357254028,-0.08024874329566956,-0.0008324419022187612,-0.028370648622512817,-0.07114928960800171,0.006338092441239951
A,0.0,0.0,0.0,0.022838294506072998,-0.02361232042312622,-0.012231469112379045,0.03250843286514282,-0.07247555255889893,-0.015512899453682394,0.03982669115066528,-0.10977441072463989,-0.01786099835757682,0.05734926462173462,-0.12397193908691406,-0.01717110253397891,0.018943369388580322,-0.1000927984714508,-0.0019785884813643406,0.014713168144226074,-0.12318667769432068,-0.014613165478152723,0.013219356536865234,-0.08850392699241638,-0.018948140512151213,0.014859616756439209,-0.0756620466709137,-0.019625886301440687,-0.0008946657180786133,-0.10054701566696167,0.0004352195375361134,-0.0051010847091674805,-0.12169593572616577,-0.012869183863443823,-0.0023512840270996094,-0.08178704977035522,-0.01133686765555808,0.0008453726768493652,-0.07182532548904419,-0.005998007911188097,-0.01907750964164734,-0.09542214870452881,-0.000266154429340304,-0.023909002542495728,-0.11816596984863281,-0.01330537251655528,-0.017749547958374023,-0.0814150869846344,-0.0055711804469353865,-0.01391226053237915,-0.07010209560394287,0.0037324552378379394,-0.03557562828063965,-0.08781340718269348,-0.002200914970529766,-0.038942694664001465,-0.1030619740486145,-0.008565901736659498,-0.03234460949897766,-0.07882627844810486,-0.0027567403902537535,-0.02795553207397461,-0.07012003660202026,0.004105314654367476
A,0.0,0.0,0.0,0.022816061973571777,-0.02304595708847046,-0.011621743666935913,0.03236830234527588,-0.0735388994216919,-0.014342681731093876,0.03996211290359497,-0.11092457175254822,-0.016136115643192284,0.0576629638671875,-0.12436777353286743,-0.014906134682703964,0.018219053745269775,-0.1010056734085083,-0.0014433434633502884,0.015040814876556396,-0.12367960810661316,-0.01299406145047044,0.013765692710876465,-0.08909299969673157,-0.01681305676977729,0.01497262716293335,-0.07717141509056091,-0.017420957091260902,-0.001716911792755127,-0.100953608751297,0.0008901928151061611,-0.005098938941955566,-0.1221398413181305,-0.01127093214820718,-0.0019045472145080566,-0.08270254731178284,-0.009406024816442482,0.0007203221321105957,-0.07330560684204102,-0.00409115640725588,-0.019742459058761597,-0.09535297751426697,0.0002538166947232412,-0.024006307125091553,-0.11820149421691895,-0.011625918786037914,-0.01728305220603943,-0.08205392956733704,-0.00391138740162944,-0.013981103897094727,-0.07131469249725342,0.005050350219946154,-0.03583690524101257,-0.08736610412597656,-0.0015775929139891787,-0.03905200958251953,-0.10286441445350647,-0.0070630463240632935,-0.03213980793952942,-0.07930505275726318,-0.0011314443480188174,-0.027995526790618896,-0.07118117809295654,0.005560767144899614
A,0.0,0.0,0.0,0.022147297859191895,-0.024495959281921387,-0.012027908845354318,0.03169262409210205,-0.07531142234802246,-0.015182520060349702,0.04097861051559448,-0.1126687228679657,-0.017659580132473707,0.05928993225097656,-0.1258169412612915,-0.01701834218810916,0.017437100410461426,-0.10144922137260437,-0.0009490953246285017,0.012780308723449707,-0.12369751930236816,-0.013679725846756696,0.012104034423828125,-0.08931556344032288,-0.018221808394898176,0.014802634716033936,-0.0786994993686676,-0.01917605268072009,-0.0024595260620117188,-0.10050216317176819,0.001138742284368277,-0.006342768669128418,-0.12151879072189331,-0.01187185270946145,-0.003244936466217041,-0.08225855231285095,-0.009955378046740293,0.0004729628562927246,-0.07481792569160461,-0.0045107284397971625,-0.02059611678123474,-0.09418731927871704,-8.782165359377814e-05,-0.02545866370201111,-0.1178012490272522,-0.012789603120197057,-0.01948484778404236,-0.08198872208595276,-0.004597708845992088,-0.015218734741210938,-0.07240211963653564,0.0048480645916271214,-0.03668126463890076,-0.08609583973884583,-0.002671132592965364,-0.03981417417526245,-0.10239532589912415,-0.008198631724823713,-0.034231036901474,-0.07911738753318787,-0.0018441933510047193,-0.030341416597366333,-0.07109975814819336,0.0051541679701614385
A,0.0,0.0,0.0,0.0210610032081604,-0.025234520435333252,-0.011975820299340967,0.030589401721954346,-0.07574144005775452,-0.015118740622057203,0.040316879749298096,-0.11170056462287903,-0.01769842778529096,0.05846726894378662,-0.12412604689598083,-0.017323190469397787,0.015906572341918945,-0.10270750522613525,0.0005334198292246128,0.010667383670806885,-0.12369227409362793,-0.011865420390023473,0.009519755840301514,-0.089742511510849,-0.016761068377746824,0.012366056442260742,-0.07735323905944824,-0.017840180669082883,-0.003934204578399658,-0.10070827603340149,0.0026013365647656883,-0.008422672748565674,-0.12090522050857544,-0.010823674623026136,-0.005477011203765869,-0.08207887411117554,-0.009913550812854055,-0.0011965632438659668,-0.0726279616355896,-0.0047423230783181225,-0.021745622158050537,-0.09347724914550781,0.001356376561233219,-0.02673432230949402,-0.11403608322143555,-0.01124352229024339,-0.02089598774909973,-0.08049622178077698,-0.004178065464003566,-0.016545414924621582,-0.07138025760650635,0.004738038748399731,-0.0373309850692749,-0.08434200286865234,-0.0012220041892589961,-0.0401611328125,-0.09958481788635254,-0.0063271686733799015,-0.0345931351184845,-0.077538400888443,-0.000235216713264208,-0.03071776032447815,-0.06965911388397217,0.006672118667410132
A,0.0,0.0,0.0,0.021855056285858154,-0.02548515796661377,-0.011218835160704543,0.030788719654083252,-0.07568255066871643,-0.013877580434652259,0.040122032165527344,-0.11095696687698364,-0.015941492774160793,0.05841553211212158,-0.12333542108535767,-0.014953729257555892,0.017056286334991455,-0.10161688923835754,-1.806336267407005e-05,0.012270927429199219,-0.12353020906448364,-0.011920258895131042,0.011099457740783691,-0.08897694945335388,-0.01610821069088786,0.013716161251068115,-0.07820245623588562,-0.017021525212200572,-0.002932906150817871,-0.10074508190155029,0.001719232039889107,-0.0071367621421813965,-0.12126317620277405,-0.011103405178161552,-0.0039084553718566895,-0.08173635601997375,-0.009356446125181606,3.0219554901123047e-05,-0.07369270920753479,-0.003953512784661939,-0.02104896306991577,-0.09419459104537964,0.0002953148529769578,-0.02592208981513977,-0.11553868651390076,-0.011722495340379169,-0.01960119605064392,-0.08034798502922058,-0.0037550735553821823,-0.015504568815231323,-0.0716778039932251,0.005360567449955056,-0.03713315725326538,-0.08555033802986145,-0.002443218863206198,-0.040060460567474365,-0.09945550560951233,-0.007271683801533868,-0.03424614667892456,-0.07645717263221741,-0.0008311975082477829,-0.030588746070861816,-0.06952130794525146,0.006055626525906632
A,0.0,0.0,0.0,0.020779669284820557,-0.025959432125091553,-0.01141008048715264,0.029123902320861816,-0.07508489489555359,-0.01463143214049012,0.03801983594894409,-0.11080238223075867,-0.017317605795582836,0.05637902021408081,-0.1234700083732605,-0.016981871458014552,0.014459669589996338,-0.10065972805023193,-0.0009112137572486745,0.009921669960021973,-0.12426429986953735,-0.013207092540582721,0.008925199508666992,-0.09009632468223572,-0.01746819693060786,0.011477649211883545,-0.07925039529800415,-0.01838207397075564,-0.005168616771697998,-0.09909901022911072,0.0005956742593440367,-0.009302675724029541,-0.12226557731628418,-0.01258331223787934,-0.006116032600402832,-0.08305606245994568,-0.01088136586757571,-0.0024052858352661133,-0.07452765107154846,-0.005523536479344671,-0.022969365119934082,-0.09227985143661499,-0.0010424847800862835,-0.02793174982070923,-0.11643967032432556,-0.013724143276235168,-0.021275639533996582,-0.08147171139717102,-0.005676672918966119,-0.016833782196044922,-0.07168775796890259,0.0037495592755618645,-0.03882122039794922,-0.08364805579185486,-0.00396868645610482,-0.042589277029037476,-0.10155734419822693,-0.009444890203198497,-0.036158740520477295,-0.07968658208847046,-0.0029542105125841545,-0.032053858041763306,-0.07144373655319214,0.004177220506349499
A,0.0,0.0,0.0,0.02127981185913086,-0.025565385818481445,-0.012016736228432023,0.029027283191680908,-0.07339692115783691,-0.015460925434197748,0.03726208209991455,-0.10914608836174011,-0.01813988040801462,0.05577826499938965,-0.12270036339759827,-0.017857162539328897,0.016429245471954346,-0.10020309686660767,-0.0014183643753113984,0.011066198348999023,-0.12455809116363525,-0.014453538019623124,0.00933915376663208,-0.09080946445465088,-0.019449740905727708,0.011785566806793213,-0.07692664861679077,-0.02049610044475969,-0.004278361797332764,-0.09916713833808899,0.0006674874211256565,-0.009649157524108887,-0.12245306372642517,-0.013178667311038339,-0.006313443183898926,-0.08264046907424927,-0.012125510979856813,-0.0015857815742492676,-0.07155883312225342,-0.006802751008834207,-0.022756516933441162,-0.09276467561721802,-0.000384842652309203,-0.028750836849212646,-0.11616647243499756,-0.013497886505390966,-0.022022604942321777,-0.08061978220939636,-0.006023475692089164,-0.016749292612075806,-0.06887727975845337,0.003377276215289271,-0.03853815793991089,-0.08399742841720581,-0.0027253162362086414,-0.04274913668632507,-0.10030871629714966,-0.008646249097253644,-0.03640979528427124,-0.07748016715049744,-0.002550763335491979,-0.03175252676010132,-0.06854802370071411,0.004588023967627919
A,0.0,0.0,0.0,0.021528661251068115,-0.023923933506011963,-0.012107507800521944,0.029185891151428223,-0.07419759035110474,-0.015217109126808737,0.03777194023132324,-0.11018002033233643,-0.01740975073522577,0.05605047941207886,-0.12292179465293884,-0.016549217989506815,0.0164334774017334,-0.10096138715744019,-0.002428789865064118,0.011671245098114014,-0.12495166063308716,-0.015083367479803655,0.010041475296020508,-0.09089449048042297,-0.019570754384460542,0.012014687061309814,-0.07736238837242126,-0.020293168267073725,-0.004510402679443359,-0.0995451807975769,-9.150925512813046e-05,-0.008812367916107178,-0.12328839302062988,-0.013380006430509184,-0.0055068135261535645,-0.08363422751426697,-0.01170021715557823,-0.001580953598022461,-0.07304763793945312,-0.006028111101898048,-0.02288120985031128,-0.09290722012519836,-0.0008073901499869862,-0.027805328369140625,-0.11669555306434631,-0.013398701799872015,-0.021032631397247314,-0.08136904239654541,-0.00562166516652951,-0.016721457242965698,-0.0701872706413269,0.0038516046387826464,-0.03847545385360718,-0.08407512307167053,-0.002814656365501378,-0.041887491941452026,-0.10115903615951538,-0.00834622560984144,-0.03543707728385925,-0.07850560545921326,-0.00203617406992862,-0.03135097026824951,-0.06997960805892944,0.005127879316148665
A,0.0,0.0,0.0,0.02097034454345703,-0.02647644281387329,-0.011138423356868543,0.028855323791503906,-0.0738573670387268,-0.014126898731745996,0.036892473697662354,-0.10940131545066833,-0.01650228445575408,0.0546533465385437,-0.12348702549934387,-0.01599900518701247,0.015895485877990723,-0.10034149885177612,-0.0005738989675307948,0.011442601680755615,-0.1248411238193512,-0.01329380833701066,0.00956261157989502,-0.09144225716590881,-0.018285348090984144,0.011250138282775879,-0.07602584362030029,-0.01924491954193286,-0.0046356916427612305,-0.09937110543251038,0.0013533575584290247,-0.009274661540985107,-0.12278449535369873,-0.012241183791019239,-0.005566537380218506,-0.08237841725349426,-0.01141554677084855,-0.0014382004737854004,-0.06947386264801025,-0.006273025657691278,-0.02304014563560486,-0.0929587185382843,0.000280605443577997,-0.02844756841659546,-0.11692032217979431,-0.012664099234797277,-0.02133968472480774,-0.08065140247344971,-0.005519553098537244,-0.016812533140182495,-0.06680768728256226,0.0037155405043733936,-0.03918898105621338,-0.08391642570495605,-0.00195445330970756,-0.04321479797363281,-0.10051700472831726,-0.007900102074898996,-0.036505550146102905,-0.07804721593856812,-0.002075905456848659,-0.03205233812332153,-0.06864869594573975,0.004905221972904883
A,0.0,0.0,0.0,0.02182847261428833,-0.025577127933502197,-0.011178300758686532,0.029581129550933838,-0.07363784313201904,-0.01391483754464673,0.03716200590133667,-0.11073660850524902,-0.01591245182403611,0.05530381202697754,-0.12448745965957642,-0.014873608058181276,0.01613485813140869,-0.09873852133750916,-0.0008722531919858056,0.01157909631729126,-0.12555480003356934,-0.013357057278838624,0.009879589080810547,-0.09164747595787048,-0.017825863366809358,0.011949598789215088,-0.07732227444648743,-0.018432251220431795,-0.0037385225296020508,-0.09759959578514099,0.001372666521135102,-0.008323132991790771,-0.12355190515518188,-0.012042205823448171,-0.005218982696533203,-0.08285477757453918,-0.010679445272174348,-0.0011327266693115234,-0.07073980569839478,-0.005087528886136283,-0.021869361400604248,-0.09206146001815796,0.0006547004605153006,-0.026878535747528076,-0.11831247806549072,-0.012321733912315835,-0.020504772663116455,-0.08046877384185791,-0.004582706415888538,-0.01591554284095764,-0.06625175476074219,0.005238499915364514,-0.038188397884368896,-0.08448615670204163,-0.0012228832774354714,-0.041508108377456665,-0.10305315256118774,-0.0072079259397952455,-0.0353909432888031,-0.07862749695777893,-0.0010588418653725284,-0.031039923429489136,-0.06770676374435425,0.00628586202314807
A,0.0,0.0,0.0,0.022069692611694336,-0.025918781757354736,-0.010457034251885489,0.02980947494506836,-0.0764702558517456,-0.01242266598274,0.037708282470703125,-0.11350035667419434,-0.013618553086416796,0.055529236793518066,-0.12600043416023254,-0.011737873806850985,0.015719234943389893,-0.10044783353805542,-0.0010161878599319607,0.011287212371826172,-0.12618297338485718,-0.012713387637631968,0.009603261947631836,-0.09142604470252991,-0.016642406611936167,0.011413753032684326,-0.07865437865257263,-0.01728537122835405,-0.0041394829750061035,-0.0991072952747345,0.0010039759508799762,-0.008601188659667969,-0.12385636568069458,-0.011558697588043287,-0.005158901214599609,-0.08303505182266235,-0.009588454879121855,-0.0012448430061340332,-0.07244658470153809,-0.003995867940830067,-0.022190719842910767,-0.09291014075279236,0.00019919105398003012,-0.027294039726257324,-0.11879986524581909,-0.011756382911698893,-0.020431876182556152,-0.08036953210830688,-0.003221065300749615,-0.016090482473373413,-0.067257821559906,0.006614260812057182,-0.038341403007507324,-0.08493271470069885,-0.001768026064382866,-0.041825562715530396,-0.10222503542900085,-0.006918158411281183,-0.03565660119056702,-0.07764595746994019,-0.00029752610134892166,-0.031830042600631714,-0.06825333833694458,0.007004652143223211
A,0.0,0.0,0.0,0.02197784185409546,-0.025791943073272705,-0.010509636314338877,0.029493629932403564,-0.07602989673614502,-0.012608422027653887,0.037205517292022705,-0.11297190189361572,-0.013996641212827399,0.05505788326263428,-0.1255510449409485,-0.012379077324396803,0.01555025577545166,-0.10031181573867798,-0.0009448984085906886,0.011070549488067627,-0.1261061728000641,-0.012871537418789103,0.009406089782714844,-0.09148526191711426,-0.0169534525514905,0.011177599430084229,-0.07823163270950317,-0.01760662818861647,-0.004256784915924072,-0.09912994503974915,0.0010057214500989176,-0.008849680423736572,-0.12395954132080078,-0.011845849515623286,-0.00541311502456665,-0.08316433429718018,-0.010010453002280428,-0.0014955997467041016,-0.07204920053482056,-0.00438353984219475,-0.022246062755584717,-0.09311553835868835,0.00010433295091161199,-0.02748262882232666,-0.11894333362579346,-0.012196239145225718,-0.02062651515007019,-0.0805056095123291,-0.003824017304680183,-0.016294479370117188,-0.06709432601928711,0.006045982180410192,-0.03833252191543579,-0.08509963750839233,-0.0019505210833017372,-0.04189777374267578,-0.1024523675441742,-0.007425061953938439,-0.035715252161026,-0.07764407992362976,-0.0009303157597173595,-0.031853556632995605,-0.06786596775054932,0.006380813135081098
A,0.0,0.0,0.0,0.021432101726531982,-0.026215016841888428,-0.011593831166450741,0.029064178466796875,-0.07453113794326782,-0.014605510443274738,0.03669685125350952,-0.11171603202819824,-0.0168872749654696,0.054431378841400146,-0.12559401988983154,-0.01615034921449876,0.01588582992553711,-0.09960716962814331,-0.0008997927525200566,0.010586142539978027,-0.12485489249229431,-0.013556216306810143,0.008982419967651367,-0.0912136435508728,-0.0184014098940537,0.011024713516235352,-0.0762520432472229,-0.01929131096584058,-0.003918170928955078,-0.098104327917099,0.00138478663394892,-0.009101152420043945,-0.12284624576568604,-0.011996099188749554,-0.005500674247741699,-0.08302554488182068,-0.01095057690871215,-0.0012581944465637207,-0.0710451602935791,-0.005716005269263746,-0.0219038724899292,-0.09175929427146912,0.0006394529027744511,-0.027648568153381348,-0.11814355850219727,-0.01223716179264045,-0.02081012725830078,-0.08158791065216064,-0.004673832490865948,-0.01625722646713257,-0.06777292490005493,0.004875121709133623,-0.038249820470809937,-0.08319950103759766,-0.001349046871823134,-0.042565107345581055,-0.10150739550590515,-0.0072894174827382585,-0.03585997223854065,-0.07863998413085938,-0.0012442410679653904,-0.03134092688560486,-0.06899482011795044,0.005921304762537716
A,0.0,0.0,0.0,0.021383225917816162,-0.026139497756958008,-0.011751769895013808,0.02908611297607422,-0.07487845420837402,-0.014589351455029487,0.036798715591430664,-0.1124020516872406,-0.016641924010869502,0.05460864305496216,-0.12638667225837708,-0.015618181640562057,0.015586137771606445,-0.10070651769638062,-4.863764344520405e-05,0.010598242282867432,-0.1252000331878662,-0.012810607293900489,0.008740782737731934,-0.09146013855934143,-0.017907384636160373,0.010660111904144287,-0.07610762119293213,-0.018833514156099795,-0.004243254661560059,-0.09933227300643921,0.0024247161650094995,-0.009053468704223633,-0.12409335374832153,-0.01111847799485588,-0.005894303321838379,-0.08387723565101624,-0.010362943487521648,-0.0015400052070617676,-0.07113379240036011,-0.005078375192638873,-0.02227175235748291,-0.09298422932624817,0.0017791976292613754,-0.027626216411590576,-0.11898872256278992,-0.011065165365394591,-0.02124384045600891,-0.0823657214641571,-0.0037771420015957347,-0.016645818948745728,-0.06820529699325562,0.005748630182537795,-0.038507938385009766,-0.08436089754104614,-0.0001297033000042802,-0.04233857989311218,-0.10273075103759766,-0.005880796203669547,-0.03590250015258789,-0.07982173562049866,0.00010044207873249889,-0.03129258751869202,-0.06999945640563965,0.0073149024114940175
A,0.0,0.0,0.0,0.02155250310897827,-0.02576470375061035,-0.010632399487064959,0.02869129180908203,-0.07349765300750732,-0.013626259769068838,0.03615230321884155,-0.110422283411026,-0.016196288185881258,0.0542752742767334,-0.12382864952087402,-0.015902338566945673,0.015999913215637207,-0.09786832332611084,-0.0008079314313249597,0.009988009929656982,-0.12294086813926697,-0.01426335798458922,0.007913470268249512,-0.08893448114395142,-0.019413908960984827,0.010491371154785156,-0.07316911220550537,-0.02035570891456473,-0.004048824310302734,-0.09620240330696106,0.0007079327304495564,-0.009563088417053223,-0.12172737717628479,-0.013393898511992575,-0.006550788879394531,-0.08149686455726624,-0.012158215063379885,-0.0015514492988586426,-0.06881415843963623,-0.0066430266189740905,-0.022321343421936035,-0.0896686315536499,-0.0008144874183813045,-0.028135359287261963,-0.11659657955169678,-0.014303737337456823,-0.021805286407470703,-0.07956388592720032,-0.006370026635693193,-0.016671180725097656,-0.06551259756088257,0.003583283844648122,-0.038697510957717896,-0.08082374930381775,-0.0035160691651867637,-0.043031156063079834,-0.09942972660064697,-0.009858535620139719,-0.036947786808013916,-0.07616114616394043,-0.0037598372611569175,-0.03233170509338379,-0.06626546382904053,0.0034954424307329646
A,0.0,0.0,0.0,0.02050614356994629,-0.02541130781173706,-0.010914471564234418,0.02720057964324951,-0.07488816976547241,-0.013676273268998784,0.03405386209487915,-0.11202427744865417,-0.015909748715699834,0.05203753709793091,-0.1254022717475891,-0.015259349351168794,0.013681352138519287,-0.09976372122764587,0.00010743374522803606,0.008423388004302979,-0.12327048182487488,-0.01284954753273837,0.006862044334411621,-0.08917853236198425,-0.017982401517571134,0.009234488010406494,-0.07291072607040405,-0.01882130522781722,-0.0064237117767333984,-0.09755375981330872,0.0019860033827114876,-0.01177060604095459,-0.12205013632774353,-0.011719076526702565,-0.008082151412963867,-0.08159366250038147,-0.010758058731795472,-0.003062009811401367,-0.06750565767288208,-0.005228852019996566,-0.024373650550842285,-0.09035903215408325,0.0007958873357836183,-0.030334174633026123,-0.11614581942558289,-0.012297161487282438,-0.023378819227218628,-0.0796225368976593,-0.004893422224910182,-0.018055379390716553,-0.0646737813949585,0.004873407440840083,-0.03999122977256775,-0.08094602823257446,-0.001579324929394943,-0.04455924034118652,-0.09986615180969238,-0.0076173782398711865,-0.03833252191543579,-0.0774926245212555,-0.0016969425886657064,-0.033581554889678955,-0.06740373373031616,0.00556155470630415
A,0.0,0.0,0.0,0.020989298820495605,-0.026113450527191162,-0.010503919552547814,0.0274161696434021,-0.07567435503005981,-0.013134967293126465,0.034586429595947266,-0.112103670835495,-0.01531125860242355,0.052571892738342285,-0.12487214803695679,-0.014792357328815342,0.01447761058807373,-0.09901660680770874,-0.00023485665337830142,0.008836150169372559,-0.12273478507995605,-0.013316023852212311,0.007215738296508789,-0.08876428008079529,-0.018554672356231094,0.009938478469848633,-0.07172209024429321,-0.019456369559748055,-0.005723893642425537,-0.09682825207710266,0.0014062184006888856,-0.011613219976425171,-0.12255367636680603,-0.012692898269278885,-0.008254587650299072,-0.08218950033187866,-0.011963436137421013,-0.0027785897254943848,-0.06677937507629395,-0.006417858637405516,-0.02370840311050415,-0.08982497453689575,7.438932038894563e-05,-0.029945284128189087,-0.11527982354164124,-0.012793891820592762,-0.02330845594406128,-0.0790654718875885,-0.0055192073243688355,-0.017751723527908325,-0.06394249200820923,0.00413352042482984,-0.039316415786743164,-0.08066666126251221,-0.0024341235305200826,-0.0435982346534729,-0.09856417775154114,-0.008099160845858933,-0.03739190101623535,-0.07593697309494019,-0.0021800699080358754,-0.03239274024963379,-0.06595790386199951,0.004968076255636333
A,0.0,0.0,0.0,0.021115362644195557,-0.02691507339477539,-0.010314062691776371,0.02822732925415039,-0.07464945316314697,-0.01297615607037983,0.03515046834945679,-0.11096709966659546,-0.015155708871333218,0.05308586359024048,-0.12388062477111816,-0.014493699639587021,0.014192521572113037,-0.09768486022949219,-6.875241089687734e-05,0.009325027465820312,-0.12189388275146484,-0.012704478099493599,0.008479773998260498,-0.08807748556137085,-0.01771773070797167,0.011126041412353516,-0.07266885042190552,-0.018706525198666668,-0.005360782146453857,-0.09551700949668884,0.001693415583559954,-0.010614395141601562,-0.12056881189346313,-0.0117762344773098,-0.006669819355010986,-0.08070355653762817,-0.010955378867237187,-0.0018562078475952148,-0.06714248657226562,-0.005782260547874785,-0.02295967936515808,-0.08874034881591797,0.0005735793500036834,-0.028651386499404907,-0.11396551132202148,-0.011846532567886925,-0.021731525659561157,-0.07777261734008789,-0.004376760672329283,-0.01677575707435608,-0.0634198784828186,0.005071810458304071,-0.03872942924499512,-0.08000609278678894,-0.0016956777428447367,-0.04288497567176819,-0.09693706035614014,-0.006906751065997696,-0.03659242391586304,-0.07448196411132812,-0.0008063489105722965,-0.03199422359466553,-0.06495839357376099,0.006253205251397276
A,0.0,0.0,0.0,0.02119159698486328,-0.026373088359832764,-0.009712427937742518,0.028187870979309082,-0.07559257745742798,-0.01187561088180189,0.03569990396499634,-0.11172163486480713,-0.013540658251699256,0.05362123250961304,-0.12348809838294983,-0.012209828094896125,0.0142403244972229,-0.09742763638496399,-0.00033686327104476277,0.009028255939483643,-0.1218203604221344,-0.012287913904842185,0.008342146873474121,-0.08747267723083496,-0.016667563551422404,0.011394023895263672,-0.07463890314102173,-0.017635742285605716,-0.005290985107421875,-0.09462621808052063,0.0012358421559071076,-0.010831981897354126,-0.11971080303192139,-0.011373306707795905,-0.0067250728607177734,-0.08012691140174866,-0.009834176943954276,-0.0018342137336730957,-0.06918400526046753,-0.004585510668661641,-0.022922158241271973,-0.08719351887702942,2.393930891742002e-05,-0.028872519731521606,-0.11306703090667725,-0.01126974084353094,-0.021673768758773804,-0.0768975019454956,-0.0030225406767243612,-0.01646137237548828,-0.06451773643493652,0.006401257506254865,-0.03851121664047241,-0.07865789532661438,-0.0023662201960945595,-0.04294085502624512,-0.0948658287525177,-0.00649834060048704,-0.036674320697784424,-0.07282942533493042,4.171848969747316e-05,-0.03206798434257507,-0.06515729427337646,0.006994672036412908
A,0.0,0.0,0.0,0.021062493324279785,-0.025479495525360107,-0.010104638609547578,0.028039932250976562,-0.07414674758911133,-0.012386242944259607,0.03508889675140381,-0.11037373542785645,-0.01412143939312216,0.05259072780609131,-0.12317952513694763,-0.01295455181177374,0.01424264907836914,-0.09765070676803589,-0.00033088814022619317,0.00888293981552124,-0.1207568347454071,-0.012446877631802522,0.008112430572509766,-0.08715766668319702,-0.01693020862664696,0.010891318321228027,-0.07288885116577148,-0.017746514725942575,-0.005535542964935303,-0.09503751993179321,0.00137361107256595,-0.011332303285598755,-0.11947110295295715,-0.01152248968507763,-0.00698012113571167,-0.08038085699081421,-0.010222142647464239,-0.001916646957397461,-0.06802165508270264,-0.004945310383547508,-0.023247241973876953,-0.08765551447868347,0.00023018318672995974,-0.029443681240081787,-0.11243033409118652,-0.011700983244438135,-0.021943658590316772,-0.077138751745224,-0.004027244254459106,-0.01668301224708557,-0.06407612562179565,0.005295540586601533,-0.03885197639465332,-0.07866868376731873,-0.0020662828734856475,-0.04356878995895386,-0.09503892064094543,-0.007058698303509914,-0.0369851291179657,-0.0736507773399353,-0.0010694641074877609,-0.03223919868469238,-0.06550830602645874,0.00574892704237584
A,0.0,0.0,0.0,0.020917832851409912,-0.025307893753051758,-0.01022108673791422,0.027663767337799072,-0.07404392957687378,-0.012578167316718236,0.034857869148254395,-0.11005270481109619,-0.014437626411421434,0.052450716495513916,-0.12221422791481018,-0.013488339555664197,0.013528525829315186,-0.09729477763175964,-0.00023572729409693238,0.008279085159301758,-0.12007290124893188,-0.012680026066703931,0.007774651050567627,-0.08637362718582153,-0.017504599240822927,0.010454714298248291,-0.07114523649215698,-0.01839686959723963,-0.006206393241882324,-0.09467813372612,0.0014669739713610852,-0.011897385120391846,-0.11896514892578125,-0.011751025279266969,-0.007384836673736572,-0.07992583513259888,-0.010892413852019445,-0.002620398998260498,-0.06683224439620972,-0.005759037395222322,-0.023876190185546875,-0.0873836874961853,0.00030096075639107767,-0.02998596429824829,-0.11118495464324951,-0.01182916976253523,-0.02234753966331482,-0.07621070742607117,-0.004564990584952966,-0.017369478940963745,-0.06314069032669067,0.004605702294753655,-0.03950148820877075,-0.07839268445968628,-0.0020090528458638346,-0.04400259256362915,-0.09431305527687073,-0.007025493604345456,-0.03720065951347351,-0.07259988784790039,-0.0011024604944793737,-0.032466888427734375,-0.06417500972747803,0.005717369432346686
A,0.0,0.0,0.0,0.02111339569091797,-0.025447964668273926,-0.01064845284932403,0.027777433395385742,-0.07329869270324707,-0.01327731291317491,0.033709704875946045,-0.10937380790710449,-0.015403572642441077,0.05047607421875,-0.12386620044708252,-0.014746770435209555,0.014665603637695312,-0.09740081429481506,-0.0005466509589098223,0.008342504501342773,-0.12109565734863281,-0.01374627946429996,0.006973564624786377,-0.0883510410785675,-0.01882031297796516,0.009710907936096191,-0.07154405117034912,-0.019508685157830996,-0.005141854286193848,-0.09475719928741455,0.001228680428852158,-0.011684894561767578,-0.11958932876586914,-0.012930135415132327,-0.007746338844299316,-0.08019962906837463,-0.012274597943957133,-0.0022402405738830566,-0.06577467918395996,-0.006860966035361571,-0.022772222757339478,-0.08745482563972473,4.370976816403527e-05,-0.029712826013565063,-0.11238253116607666,-0.013453727760548873,-0.02280324697494507,-0.07682433724403381,-0.0064967700142517515,-0.01708453893661499,-0.062144458293914795,0.003049238878105598,-0.03836521506309509,-0.07786324620246887,-0.0022461499881103464,-0.04355171322822571,-0.09527313709259033,-0.008731495761509223,-0.03742325305938721,-0.0736125111579895,-0.003273902167762799,-0.03235071897506714,-0.06404894590377808,0.0037156595520571045
A,0.0,0.0,0.0,0.021240949630737305,-0.024967670440673828,-0.0110675986339146,0.029049456119537354,-0.07277661561965942,-0.014110093512087474,0.03572052717208862,-0.10891193151473999,-0.016650532879381785,0.052585601806640625,-0.12375611066818237,-0.01657204846337379,0.014857947826385498,-0.09742045402526855,-0.0012666637026512717,0.008959472179412842,-0.12099719047546387,-0.014678377233892093,0.007757902145385742,-0.0883590579032898,-0.02007740507319511,0.010601997375488281,-0.07179820537567139,-0.021011378191857943,-0.00472491979598999,-0.09465372562408447,0.000515223904997697,-0.010761797428131104,-0.11855196952819824,-0.013627229765504012,-0.0071299076080322266,-0.08009666204452515,-0.013285695150941024,-0.0020225048065185547,-0.06622105836868286,-0.008291327901631007,-0.0222032368183136,-0.087365061044693,-0.0006808882877038513,-0.028588801622390747,-0.11156091094017029,-0.014112615533619532,-0.022302448749542236,-0.0769507884979248,-0.007393858436941514,-0.01709538698196411,-0.06272923946380615,0.0018082726332551147,-0.03754311800003052,-0.07791128754615784,-0.0030134970270836448,-0.042545318603515625,-0.09507197141647339,-0.009446043096929202,-0.03686589002609253,-0.07358837127685547,-0.003980516497492204,-0.03236579895019531,-0.06383013725280762,0.002926151692420831
A,0.0,0.0,0.0,0.021053671836853027,-0.025153398513793945,-0.01062791875943958,0.02901691198348999,-0.07210677862167358,-0.01367714616850435,0.0360984206199646,-0.10788878798484802,-0.016256065921936624,0.0529058575630188,-0.12264716625213623,-0.01619625452354967,0.014739751815795898,-0.09636324644088745,-0.0012261556685757569,0.009246468544006348,-0.12044849991798401,-0.01454672764435827,0.008084416389465332,-0.08806556463241577,-0.019946798564944856,0.010741591453552246,-0.07143157720565796,-0.020864331977520578,-0.004890799522399902,-0.0936535894870758,0.00039626660958447246,-0.010789811611175537,-0.11807245016098022,-0.013327837804411047,-0.006906986236572266,-0.0799528956413269,-0.01285099226430475,-0.0019522905349731445,-0.06629115343093872,-0.007882482254956358,-0.022368013858795166,-0.08634307980537415,-0.0008723087949533692,-0.028330504894256592,-0.11036652326583862,-0.013882694648657434,-0.021825462579727173,-0.07609149813652039,-0.007020847754631632,-0.016809046268463135,-0.06211167573928833,0.002155057271863825,-0.03772357106208801,-0.07674607634544373,-0.003239478333000534,-0.04237157106399536,-0.0941462516784668,-0.009298919582818144,-0.036477863788604736,-0.0726233720779419,-0.0035573517662328413,-0.032011985778808594,-0.06267118453979492,0.0034703594873803922
A,0.0,0.0,0.0,0.020140886306762695,-0.024426162242889404,-0.01106015485476064,0.02812814712524414,-0.07311058044433594,-0.014078733369217389,0.03440743684768677,-0.109577476978302,-0.016622293598459237,0.05095541477203369,-0.12570077180862427,-0.01662952811221885,0.0136871337890625,-0.09979739785194397,-0.00013790530266533096,0.007241964340209961,-0.12233293056488037,-0.013731683462367528,0.006564021110534668,-0.0907306969165802,-0.019620431445048325,0.009669005870819092,-0.07417762279510498,-0.02063791439633178,-0.005907595157623291,-0.096478670835495,0.0017270369245920847,-0.012038201093673706,-0.11899548768997192,-0.012339422337220185,-0.008362948894500732,-0.08150571584701538,-0.012433609783158772,-0.0034162402153015137,-0.06767868995666504,-0.0076455463166098525,-0.02324327826499939,-0.08870053291320801,0.0005369216925714682,-0.029579073190689087,-0.1124165952205658,-0.013066470480964654,-0.023360252380371094,-0.07815822958946228,-0.006682615119473212,-0.018169790506362915,-0.06392240524291992,0.0024325355445284913,-0.03820735216140747,-0.0788235068321228,-0.0017512028314854433,-0.043106406927108765,-0.09705480933189392,-0.008520942970619672,-0.03751492500305176,-0.07474607229232788,-0.0030367212346504857,-0.03309673070907593,-0.06420409679412842,0.0041084151272912095
A,0.0,0.0,0.0,0.020130932331085205,-0.025086820125579834,-0.010366576226502389,0.027560949325561523,-0.07427847385406494,-0.013030061932354897,0.03410303592681885,-0.11040440201759338,-0.015241940939873189,0.05043065547943115,-0.1258801519870758,-0.014844559567123383,0.013632476329803467,-0.10043242573738098,-0.00026549913788187496,0.007051587104797363,-0.12400311231613159,-0.013180740611701935,0.006194591522216797,-0.09224504232406616,-0.018653825359493226,0.009209632873535156,-0.07636874914169312,-0.01961497260823819,-0.006287574768066406,-0.09712326526641846,0.0013783850324529112,-0.012681454420089722,-0.12063020467758179,-0.01182996152535054,-0.008768409490585327,-0.08314964175224304,-0.011466093795448273,-0.0038544535636901855,-0.07002764940261841,-0.006603247454464167,-0.02392178773880005,-0.08930855989456177,0.00013786980956354,-0.030135124921798706,-0.11358979344367981,-0.012390923189073533,-0.02359887957572937,-0.07929381728172302,-0.005542349970042437,-0.0186956524848938,-0.06546509265899658,0.0035219963490220607,-0.03913256525993347,-0.0794721245765686,-0.002191035976707667,-0.043694645166397095,-0.09778696298599243,-0.008017776036709279,-0.03795361518859863,-0.07551348209381104,-0.002036089046001166,-0.033849865198135376,-0.06543850898742676,0.005186865137815744
A,0.0,0.0,0.0,0.019018590450286865,-0.02725464105606079,-0.012290150992228632,0.026180148124694824,-0.07759207487106323,-0.015421128965570574,0.03329652547836304,-0.11367708444595337,-0.017796881630673056,0.050667524337768555,-0.12808388471603394,-0.016807491093530302,0.010397791862487793,-0.10292252898216248,-0.0008890106283416799,0.003975927829742432,-0.1256040334701538,-0.013486661150707846,0.004833102226257324,-0.09176215529441833,-0.017805650964035635,0.008482098579406738,-0.08041810989379883,-0.018542647495522147,-0.009012430906295776,-0.0983014702796936,0.0012486253225887367,-0.015424937009811401,-0.11989283561706543,-0.01251969220454896,-0.010098457336425781,-0.08094540238380432,-0.011130351706995611,-0.004794597625732422,-0.07370901107788086,-0.0056219470162233165,-0.025982826948165894,-0.08850476145744324,8.415172207776322e-05,-0.03303104639053345,-0.10983008146286011,-0.01281801531429494,-0.025707513093948364,-0.07768779993057251,-0.0051923600431820205,-0.02061229944229126,-0.07091230154037476,0.004173838865355606,-0.04084557294845581,-0.07731324434280396,-0.002469425921916013,-0.04608449339866638,-0.09300291538238525,-0.007826467178418284,-0.0399436354637146,-0.07598519325256348,-0.0019292324023609808,-0.03583049774169922,-0.07223790884017944,0.00489820852537548
A,0.0,0.0,0.0,0.021622031927108765,-0.02858865261077881,-0.010793718717650336,0.028523176908493042,-0.07943201065063477,-0.012987454630092543,0.03408333659172058,-0.11597052216529846,-0.014765721022740763,0.05171439051628113,-0.1297006607055664,-0.013336107343093317,0.013065963983535767,-0.10196012258529663,0.0011030214618585887,0.006376713514328003,-0.12524816393852234,-0.010928827546194952,0.007497638463973999,-0.09059825539588928,-0.015078869856552046,0.01105472445487976,-0.08037608861923218,-0.015898911490694445,-0.006675094366073608,-0.09836655855178833,0.0027932047623835388,-0.012786298990249634,-0.11939758062362671,-0.010429303370074194,-0.007669955492019653,-0.08032029867172241,-0.008862977124408644,-0.0028877854347229004,-0.07328033447265625,-0.0035082269214399275,-0.02446877956390381,-0.08998250961303711,0.0012796955661542597,-0.03162989020347595,-0.11280465126037598,-0.011394733771339816,-0.02410861849784851,-0.07736283540725708,-0.003251534629271191,-0.018912523984909058,-0.06843298673629761,0.00636634349484666,-0.04016369581222534,-0.08047884702682495,-0.001514677632258099,-0.0452502965927124,-0.09638425707817078,-0.0067912323620475945,-0.03932127356529236,-0.07462412118911743,-0.00045258505724632414,-0.035340338945388794,-0.0676422119140625,0.006627637219025928
A,0.0,0.0,0.0,0.021004408597946167,-0.02855151891708374,-0.01161708636297476,0.027594715356826782,-0.08059263229370117,-0.014403163921969053,0.03354045748710632,-0.11738264560699463,-0.016727207695083735,0.0507330596446991,-0.13162925839424133,-0.01612720685167801,0.011078983545303345,-0.10368117690086365,-0.0002661094194706948,0.004794090986251831,-0.126729816198349,-0.013418397401409266,0.006141990423202515,-0.0921221673488617,-0.01856037834747326,0.010035783052444458,-0.07872778177261353,-0.01954215439124596,-0.009150058031082153,-0.09959781169891357,0.001740695209292653,-0.014095574617385864,-0.12116128206253052,-0.01237128069712412,-0.009286344051361084,-0.08211737871170044,-0.012066159863906023,-0.005151957273483276,-0.07169026136398315,-0.00729728723032963,-0.027241647243499756,-0.09058374166488647,0.0005380270877424209,-0.033307671546936035,-0.11357012391090393,-0.012677327264981386,-0.026069223880767822,-0.08001857995986938,-0.006075582467900631,-0.021519243717193604,-0.06928545236587524,0.00273821875364888,-0.043071597814559937,-0.08015334606170654,-0.0019018601169307203,-0.047548919916152954,-0.09762144088745117,-0.007705281489478466,-0.04136180877685547,-0.078277587890625,-0.0023071763580162497,-0.03738236427307129,-0.07095605134963989,0.004298422019047621
A,0.0,0.0,0.0,0.021594643592834473,-0.027502834796905518,-0.012636268672352458,0.028288960456848145,-0.08031326532363892,-0.015493643631046439,0.03467375040054321,-0.11723417043685913,-0.01746057455689254,0.05271846055984497,-0.1311033070087433,-0.016194253389542723,0.012846708297729492,-0.10488137602806091,-0.0008966962204368656,0.007467865943908691,-0.1274094581604004,-0.013661478807037497,0.00853031873703003,-0.09231838583946228,-0.01817177531570735,0.011906623840332031,-0.08094125986099243,-0.018884877835219527,-0.008122533559799194,-0.10191366076469421,0.0018427898894941563,-0.012566030025482178,-0.12244418263435364,-0.011944243845348979,-0.007890403270721436,-0.08227097988128662,-0.010789652515953208,-0.004135012626647949,-0.07424706220626831,-0.0053482811644727235,-0.026844918727874756,-0.09395140409469604,0.0012781815158149357,-0.03194120526313782,-0.11421135067939758,-0.011460242022579337,-0.024548739194869995,-0.07986229658126831,-0.004180236880486632,-0.020310133695602417,-0.07187813520431519,0.004983895763004398,-0.04329678416252136,-0.08481764793395996,-0.0006477031719924753,-0.04640740156173706,-0.1002034842967987,-0.00558795470074358,-0.03969961404800415,-0.07926011085510254,0.0006544218768311794,-0.03572648763656616,-0.0730888843536377,0.007748579445475912
A,0.0,0.0,0.0,0.021375268697738647,-0.027213454246520996,-0.012525049953666212,0.028352469205856323,-0.08343642950057983,-0.0147885242318182,0.034354180097579956,-0.12155753374099731,-0.0159997213472991,0.05176231265068054,-0.13462334871292114,-0.013496003097799303,0.011788874864578247,-0.10843339562416077,-0.0016173964673100727,0.006482511758804321,-0.1300884187221527,-0.01378109490772772,0.0081309974193573,-0.09312734007835388,-0.017154220475759985,0.011403053998947144,-0.08732771873474121,-0.017746038719025137,-0.009530186653137207,-0.1046355664730072,0.0010082164239690883,-0.012878060340881348,-0.12502792477607727,-0.012383446081486227,-0.007520407438278198,-0.08296656608581543,-0.009603088705745222,-0.0035139620304107666,-0.07945144176483154,-0.003475961725172283,-0.028112143278121948,-0.09591233730316162,0.00028548475663114914,-0.03330007195472717,-0.1177017092704773,-0.012102757564690592,-0.024739354848861694,-0.0815199613571167,-0.0029893780433951633,-0.019738733768463135,-0.07608699798583984,0.006931339406463621,-0.044411659240722656,-0.0870894193649292,-0.0019013661499514,-0.048165351152420044,-0.10325488448143005,-0.006495411957558872,-0.04121086001396179,-0.08188432455062866,0.00032419407349948415,-0.0369836688041687,-0.07745879888534546,0.0074947057450742705
A,0.0,0.0,0.0,0.02231776714324951,-0.028228282928466797,-0.01023232510293326,0.030460238456726074,-0.08378863334655762,-0.01166253296638331,0.03654921054840088,-0.12216067314147949,-0.012157076429375024,0.05434823036193848,-0.13541486859321594,-0.009101362358578058,0.014192342758178711,-0.10842978954315186,-0.0011333196142544466,0.008911937475204468,-0.13297969102859497,-0.01280968023444018,0.008933871984481812,-0.0968676209449768,-0.01592086294645867,0.012068450450897217,-0.08793306350708008,-0.016200766358323904,-0.007310241460800171,-0.10434627532958984,0.0006707113517592234,-0.012322604656219482,-0.12878745794296265,-0.01121910607422194,-0.007746338844299316,-0.08700856566429138,-0.007856252994187685,-0.003212451934814453,-0.08104574680328369,-0.0015431208720286804,-0.02637001872062683,-0.09532633423805237,-0.0005113102214266974,-0.032108694314956665,-0.12031310796737671,-0.010612775031276556,-0.02392008900642395,-0.0839042067527771,-0.00046436367652802346,-0.018679499626159668,-0.0771021842956543,0.009567891787938265,-0.043599605560302734,-0.08589282631874084,-0.0030124128514756876,-0.048558443784713745,-0.10323488712310791,-0.005900744274057956,-0.04159343242645264,-0.08294087648391724,0.0018131520647699517,-0.0373380184173584,-0.07959330081939697,0.00931353176032701
A,0.0,0.0,0.0,0.02330055832862854,-0.03008139133453369,-0.008823080947024664,0.029993027448654175,-0.0872146487236023,-0.008805163232011637,0.03673890233039856,-0.1259201467037201,-0.008022696738464674,0.05534735321998596,-0.13852918148040771,-0.0036783099913577644,0.013005107641220093,-0.1109270453453064,0.0002898525289651843,0.008494853973388672,-0.13336926698684692,-0.0099468771641682,0.008822053670883179,-0.09775063395500183,-0.012634380747897467,0.011858493089675903,-0.09124511480331421,-0.013225014348847708,-0.008707672357559204,-0.10577678680419922,0.0018111053813640865,-0.012992143630981445,-0.12965649366378784,-0.00940769634149774,-0.007824808359146118,-0.08750557899475098,-0.00618940641112431,-0.003424406051635742,-0.08222287893295288,-0.00030870994493170656,-0.02783110737800598,-0.09647500514984131,0.0005793669569698068,-0.0333404541015625,-0.12292599678039551,-0.009442225125951609,-0.024702250957489014,-0.08575701713562012,6.0452713967151794e-05,-0.01941579580307007,-0.07797545194625854,0.009611947434621015,-0.04478845000267029,-0.0872882604598999,-0.0018083622254039255,-0.04972079396247864,-0.10716930031776428,-0.00523851674921616,-0.04306483268737793,-0.08702945709228516,0.0017429677263294252,-0.03895971179008484,-0.08263891935348511,0.008706460679547945
A,0.0,0.0,0.0,0.02300870418548584,-0.027473628520965576,-0.011634940684217554,0.03154677152633667,-0.0818718671798706,-0.013627369359511476,0.03658127784729004,-0.12095808982849121,-0.014800833009559256,0.05321979522705078,-0.13640403747558594,-0.01265046040751372,0.01325884461402893,-0.10934901237487793,-0.00027986373859789637,0.009259790182113647,-0.1351342499256134,-0.012763812609392744,0.009942173957824707,-0.0992121696472168,-0.01672029162980948,0.012011796236038208,-0.08804357051849365,-0.017082328379530054,-0.008657723665237427,-0.10626307129859924,0.002220055384185571,-0.012177765369415283,-0.13083139061927795,-0.010344012111801248,-0.0075113773345947266,-0.08892431855201721,-0.007962972328442675,-0.0048348307609558105,-0.0808635950088501,-0.001987012971568447,-0.027824610471725464,-0.09747442603111267,0.0015004885546829883,-0.033215850591659546,-0.12524113059043884,-0.01065108685978089,-0.025242328643798828,-0.08750003576278687,-0.001724959288168293,-0.021998316049575806,-0.07668393850326538,0.00829577685109939,-0.04529651999473572,-0.08730456233024597,-0.00045699317232106296,-0.05065980553627014,-0.10650667548179626,-0.0054809692617538985,-0.04397585988044739,-0.08450978994369507,0.0014265465481173578,-0.04086405038833618,-0.07788920402526855,0.00901801285110082
A,0.0,0.0,0.0,0.024265944957733154,-0.030241966247558594,-0.011697127465808421,0.03156483173370361,-0.0870981216430664,-0.014258636143708259,0.03577226400375366,-0.12765759229660034,-0.01589403485944274,0.05396449565887451,-0.1442188322544098,-0.014431233499848872,0.013614624738693237,-0.11644840240478516,-0.0021221746976465283,0.011099278926849365,-0.14000475406646729,-0.014497232605421573,0.01213255524635315,-0.10340291261672974,-0.01819123884727958,0.013247668743133545,-0.09170714020729065,-0.01860184034397605,-0.009876102209091187,-0.1129474937915802,-0.00031124632754142567,-0.012118160724639893,-0.13736632466316223,-0.012929663044118911,-0.0063919126987457275,-0.09487038850784302,-0.010530319978201419,-0.00427517294883728,-0.08536034822463989,-0.0047178328788817225,-0.030221670866012573,-0.10247525572776794,-0.001474495027864009,-0.03429603576660156,-0.13027825951576233,-0.014055199903154403,-0.024807333946228027,-0.09243902564048767,-0.005016214196288615,-0.02186763286590576,-0.0804293155670166,0.005077346246039838,-0.048115164041519165,-0.08948773145675659,-0.0037505943148374854,-0.053052306175231934,-0.11247628927230835,-0.009699430298709899,-0.04450482130050659,-0.09065771102905273,-0.0023734294629633723,-0.04122185707092285,-0.08170723915100098,0.005706001091098756
A,0.0,0.0,0.0,0.02336132526397705,-0.03322869539260864,-0.010640928674021666,0.029816031455993652,-0.08811694383621216,-0.013575794327536528,0.03423815965652466,-0.12951496243476868,-0.01610824760375351,0.05196261405944824,-0.14841437339782715,-0.015660849552133982,0.01453101634979248,-0.11644229292869568,-0.0008060506437885806,0.009494781494140625,-0.14300689101219177,-0.013724335621574824,0.01005050539970398,-0.1072050929069519,-0.01816283274767727,0.012174874544143677,-0.09269914031028748,-0.018479914556721155,-0.009335309267044067,-0.11289840936660767,0.0006489404700715795,-0.014221400022506714,-0.13924801349639893,-0.011603496189692919,-0.008895009756088257,-0.09770241379737854,-0.009402866627553408,-0.005931735038757324,-0.08635145425796509,-0.0037203833120855734,-0.030456185340881348,-0.1031680703163147,-0.0008619883223417446,-0.03702494502067566,-0.13401281833648682,-0.013403178344944422,-0.028211355209350586,-0.09608060121536255,-0.004583398498127167,-0.02448296546936035,-0.08088785409927368,0.005608580854257639,-0.04938393831253052,-0.09070950746536255,-0.003380372341254656,-0.05654174089431763,-0.11784467101097107,-0.009086410667279665,-0.048599034547805786,-0.09559917449951172,-0.0013479444091188952,-0.044389426708221436,-0.08371198177337646,0.007239437975457008
A,0.0,0.0,0.0,0.02495667338371277,-0.03423255681991577,-0.012265317650303587,0.032572656869888306,-0.08916676044464111,-0.016175792129502042,0.0376722514629364,-0.13156628608703613,-0.019250359894499525,0.05567827820777893,-0.15173321962356567,-0.019805826755032285,0.013177961111068726,-0.11937350034713745,-0.0027992490639690004,0.012162178754806519,-0.14486825466156006,-0.01698395288156007,0.012293130159378052,-0.1079525351524353,-0.023752335967287763,0.012896090745925903,-0.08493149280548096,-0.025475333021745428,-0.011013925075531006,-0.11581873893737793,-0.00043610435284335836,-0.013263523578643799,-0.14131242036819458,-0.01475684116201137,-0.007275253534317017,-0.09790679812431335,-0.015376108275518163,-0.00403439998626709,-0.07696181535720825,-0.011044761674270376,-0.03214550018310547,-0.10549411177635193,-0.0009494089016470753,-0.03654220700263977,-0.13299399614334106,-0.014100702987775549,-0.026733607053756714,-0.09694483876228333,-0.00761103867159818,-0.022898226976394653,-0.07716947793960571,0.001377485649868504,-0.050124406814575195,-0.09093347191810608,-0.0025085676887783848,-0.054988324642181396,-0.11324313282966614,-0.009094125168189748,-0.046522557735443115,-0.09357145428657532,-0.003172959709331735,-0.0428643524646759,-0.08236652612686157,0.004362498833074824
A,0.0,0.0,0.0,0.02454039454460144,-0.035098910331726074,-0.011729192463477034,0.03202882409095764,-0.08915853500366211,-0.015380054255743403,0.03702226281166077,-0.13168737292289734,-0.01831174316795625,0.05509641766548157,-0.15162509679794312,-0.01849434385987081,0.012835085391998291,-0.12053358554840088,-0.0014431403342456406,0.01168641448020935,-0.1454855501651764,-0.014890459840913195,0.012017220258712769,-0.10850736498832703,-0.021304643256385702,0.01306980848312378,-0.08770602941513062,-0.023006165874917883,-0.011329978704452515,-0.11685875058174133,0.0008596833704217488,-0.013701021671295166,-0.14183101058006287,-0.013129567270894427,-0.007758975028991699,-0.09871253371238708,-0.013844443959911246,-0.004531770944595337,-0.07906007766723633,-0.009594248151202578,-0.03252628445625305,-0.10646837949752808,0.00034277955090544765,-0.03723374009132385,-0.13402748107910156,-0.01210436179282226,-0.02787807583808899,-0.09862926602363586,-0.005719063347001452,-0.02397879958152771,-0.0799139142036438,0.0030786855986519868,-0.05056247115135193,-0.09214842319488525,-0.0012328977554858511,-0.055863022804260254,-0.11415326595306396,-0.006933982493151802,-0.04842004179954529,-0.09694376587867737,-0.0011652178454966133,-0.045181602239608765,-0.08805406093597412,0.006142703807185512
A,0.0,0.0,0.0,0.028555959463119507,-0.03311729431152344,-0.013152845345899777,0.03685298562049866,-0.09023773670196533,-0.016860210478768067,0.040681034326553345,-0.13583490252494812,-0.019193303913340287,0.058174580335617065,-0.15890544652938843,-0.018528578013643937,0.016815155744552612,-0.11948364973068237,-0.004972112507090287,0.016260355710983276,-0.14880096912384033,-0.018685287937984185,0.016772866249084473,-0.10953620076179504,-0.02375077936099501,0.016984790563583374,-0.08873993158340454,-0.024485805213913636,-0.009229063987731934,-0.11534789204597473,-0.0021634801779839563,-0.010702461004257202,-0.14609014987945557,-0.0160856909607503,-0.004436105489730835,-0.10189655423164368,-0.015319887690708356,-0.0024510622024536133,-0.08412498235702515,-0.010310426496431546,-0.0316089391708374,-0.10485053062438965,-0.002230038775593357,-0.034502893686294556,-0.13781574368476868,-0.015141904496118741,-0.024646073579788208,-0.10146287083625793,-0.007288633522108512,-0.022362440824508667,-0.08450782299041748,0.0021780732530203295,-0.05064806342124939,-0.09119820594787598,-0.003384670617521124,-0.054000258445739746,-0.1176554262638092,-0.009310321093067842,-0.04464977979660034,-0.09661740064620972,-0.0024176925909671354,-0.04166308045387268,-0.08598315715789795,0.005345637302383466
A,0.0,0.0,0.0,0.0281258225440979,-0.0348513126373291,-0.014219154058778827,0.0359533429145813,-0.09516441822052002,-0.018753590448582713,0.03857994079589844,-0.14229321479797363,-0.022016333802426402,0.054464876651763916,-0.16919392347335815,-0.02295589299389178,0.013200610876083374,-0.1277981996536255,-0.005905877719456498,0.013602972030639648,-0.1484878659248352,-0.023345724134529178,0.0161362886428833,-0.10539746284484863,-0.03233968132623488,0.01713988184928894,-0.07585227489471436,-0.03475043216236884,-0.013497412204742432,-0.12100031971931458,-0.003445478309700434,-0.014797776937484741,-0.14494213461875916,-0.02109737174102122,-0.006823599338531494,-0.09765255451202393,-0.023032982288683,-0.0032560229301452637,-0.07009416818618774,-0.019039437561119144,-0.03660944104194641,-0.1083892285823822,-0.004108303612852637,-0.039290547370910645,-0.13475823402404785,-0.022266157357776706,-0.027473747730255127,-0.09082794189453125,-0.01619756074138934,-0.022392332553863525,-0.06466388702392578,-0.006193207963193004,-0.05577555298805237,-0.09118908643722534,-0.005733991893762891,-0.058506935834884644,-0.11547663807868958,-0.017298074825490062,-0.047705888748168945,-0.085720956325531,-0.011653455360615794,-0.04237285256385803,-0.0665554404258728,-0.0032412837397401972
