label,f0,f1,f2,f3,f4,f5,f6,f7,f8,f9,f10,f11,f12,f13,f14,f15,f16,f17,f18,f19,f20,f21,f22,f23,f24,f25,f26,f27,f28,f29,f30,f31,f32,f33,f34,f35,f36,f37,f38,f39,f40,f41,f42,f43,f44,f45,f46,f47,f48,f49,f50,f51,f52,f53,f54,f55,f56,f57,f58,f59,f60,f61,f62
B,0.0,0.0,0.0,0.02403634786605835,-0.0498618483543396,-0.056197054465258134,0.02808910608291626,-0.11483633518218994,-0.08211436100765468,0.020185530185699463,-0.17342567443847656,-0.09890345462127925,0.009661644697189331,-0.2119869589805603,-0.113367460449183,-0.00033280253410339355,-0.1690349578857422,-0.0683826131419778,0.0006683170795440674,-0.24644839763641357,-0.10027527042194606,-0.005104392766952515,-0.2987561821937561,-0.12107609190508128,-0.011506885290145874,-0.34294891357421875,-0.13515059628053905,-0.0406264066696167,-0.15697169303894043,-0.053847148795568955,-0.07709395885467529,-0.22346168756484985,-0.09252389498516322,-0.10263484716415405,-0.27281737327575684,-0.11483365275427104,-0.12327152490615845,-0.3128788471221924,-0.12802256621881725,-0.06905028223991394,-0.12350183725357056,-0.04249093659683467,-0.08518457412719727,-0.15174537897109985,-0.08245174564882518,-0.06244906783103943,-0.1300228238105774,-0.08854329564138652,-0.04550632834434509,-0.10816752910614014,-0.08474944510027171,-0.08727630972862244,-0.08728694915771484,-0.03512770288153888,-0.09559452533721924,-0.10523253679275513,-0.06632445730730296,-0.07695570588111877,-0.08850818872451782,-0.07005562611385585,-0.06418183445930481,-0.07169806957244873,-0.06734702714248897
B,0.0,0.0,0.0,0.027953654527664185,-0.03150111436843872,-0.022760243058741025,0.037380069494247437,-0.08344167470932007,-0.03162040458673232,0.013231486082077026,-0.12719321250915527,-0.03747661308997863,-0.014563918113708496,-0.13910740613937378,-0.042836184517085485,0.03668519854545593,-0.15241634845733643,-0.01759125934594863,0.04160240292549133,-0.21625769138336182,-0.028258197844564847,0.043121546506881714,-0.2563638687133789,-0.03826783867233985,0.0426349937915802,-0.28939560055732727,-0.045306197271287374,0.010691672563552856,-0.15723061561584473,-0.01476026782447093,0.013070374727249146,-0.22302931547164917,-0.02185175465100997,0.013308197259902954,-0.2666178345680237,-0.03019455345028632,0.013257533311843872,-0.3015996217727661,-0.03626144947165244,-0.0123157799243927,-0.14831620454788208,-0.01449138475263112,-0.01495969295501709,-0.20846664905548096,-0.022047650903999738,-0.014483273029327393,-0.24941736459732056,-0.03028172896856063,-0.013952940702438354,-0.28100234270095825,-0.0357606735979914,-0.03576585650444031,-0.12919074296951294,-0.016463612109959058,-0.0427950918674469,-0.1790238618850708,-0.024559612289607458,-0.045613497495651245,-0.21200308203697205,-0.02855147132331126,-0.04730880260467529,-0.23888474702835083,-0.03066590325587981
B,0.0,0.0,0.0,0.029633522033691406,-0.03690457344055176,-0.015983689734781592,0.038955509662628174,-0.0918574333190918,-0.020864246571505873,0.016305148601531982,-0.13187086582183838,-0.02469864503487429,-0.009192556142807007,-0.14243733882904053,-0.02831686117693266,0.033380746841430664,-0.15102553367614746,-0.007216394571656792,0.04184609651565552,-0.21002843976020813,-0.01687301152392706,0.04566168785095215,-0.24715262651443481,-0.026491543436492293,0.04739958047866821,-0.2792500853538513,-0.033607997158611624,0.009832382202148438,-0.15703266859054565,-0.007365988725865691,0.014756977558135986,-0.22116807103157043,-0.01408287432983002,0.017151713371276855,-0.2628626525402069,-0.02214807474061331,0.01888906955718994,-0.29592058062553406,-0.02835489080294451,-0.011667877435684204,-0.15001451969146729,-0.010046890163863509,-0.01116374135017395,-0.20854651927947998,-0.01663010769530615,-0.008539825677871704,-0.24671891331672668,-0.0238974095974811,-0.006092369556427002,-0.27637559175491333,-0.029165823170984595,-0.03398627042770386,-0.13280320167541504,-0.014696126962149947,-0.03946492075920105,-0.17818918824195862,-0.020494356909836142,-0.04102709889411926,-0.20779597759246826,-0.023168176570976584,-0.0423225462436676,-0.23247846961021423,-0.02515742384835562
B,0.0,0.0,0.0,0.031164169311523438,-0.03708094358444214,-0.01449471180603723,0.04154485464096069,-0.09151202440261841,-0.018675905925192637,0.018290698528289795,-0.13047677278518677,-0.022001094457664294,-0.008119344711303711,-0.1370100975036621,-0.025199958396115107,0.03921365737915039,-0.14505982398986816,-0.005189465631701751,0.048426806926727295,-0.2018284797668457,-0.013187959131755633,0.051561713218688965,-0.23755061626434326,-0.021672428858437343,0.052780091762542725,-0.2687915563583374,-0.02832553283587913,0.016333937644958496,-0.15185242891311646,-0.005646732908644481,0.023107945919036865,-0.2137654423713684,-0.010734757681348128,0.025606870651245117,-0.2537998557090759,-0.01752405361548881,0.02720850706100464,-0.2862827479839325,-0.02309538171903114,-0.004786252975463867,-0.1458134651184082,-0.008501618442096515,-0.00192183256149292,-0.20369869470596313,-0.013704565626539988,0.0014867782592773438,-0.24065274000167847,-0.019833321955957217,0.0036448240280151367,-0.2702317237854004,-0.02465938338355045,-0.02679973840713501,-0.13004159927368164,-0.013226798077084823,-0.02967137098312378,-0.17333507537841797,-0.017797411692299647,-0.02985215187072754,-0.2013852596282959,-0.019490973365464015,-0.03085428476333618,-0.22485405206680298,-0.02111289584354381
B,0.0,0.0,0.0,0.03167623281478882,-0.035431861877441406,-0.013231978328974492,0.041783690452575684,-0.08868294954299927,-0.016623843038530595,0.020698606967926025,-0.126883864402771,-0.019381740639062173,-0.005417168140411377,-0.1336054801940918,-0.021982244724483735,0.040722429752349854,-0.13853555917739868,-0.003755736906157381,0.04871165752410889,-0.19359856843948364,-0.010954689743073232,0.05132216215133667,-0.22841781377792358,-0.01857012468025232,0.05187201499938965,-0.25890469551086426,-0.02461100327417398,0.018432319164276123,-0.1449604034423828,-0.004447277212591416,0.02478545904159546,-0.2055341899394989,-0.009161959910841233,0.027623474597930908,-0.24429431557655334,-0.015372991139145142,0.02938944101333618,-0.2761192321777344,-0.020469178954215295,-0.0024491548538208008,-0.1392492651939392,-0.007417569911183364,0.00043213367462158203,-0.19405215978622437,-0.012081972831936127,0.005154013633728027,-0.22870659828186035,-0.017239141786546952,0.00865262746810913,-0.2566530108451843,-0.021316567013116128,-0.02375972270965576,-0.125174880027771,-0.012215023437590844,-0.02571454644203186,-0.16730201244354248,-0.01582250329300905,-0.02413162589073181,-0.19468063116073608,-0.016795390794129617,-0.022816181182861328,-0.217992901802063,-0.01801530974552179
B,0.0,0.0,0.0,0.028924524784088135,-0.03257352113723755,-0.014017735281015575,0.03923529386520386,-0.08161717653274536,-0.017823978000308216,0.01908433437347412,-0.1214250922203064,-0.02054240987541789,-0.006561338901519775,-0.13314080238342285,-0.022825297572637737,0.040941059589385986,-0.13274991512298584,-0.004375580371345222,0.04887491464614868,-0.18955069780349731,-0.010771277033711613,0.05073469877243042,-0.22413384914398193,-0.01811122023406142,0.050292909145355225,-0.2552076578140259,-0.023973376163269222,0.019341349601745605,-0.1399504542350769,-0.004069009934539736,0.026727378368377686,-0.19912683963775635,-0.00755478455590719,0.02995932102203369,-0.23668432235717773,-0.0137175849163782,0.031747519969940186,-0.2682201862335205,-0.01896493756117934,-0.0007387399673461914,-0.1352909803390503,-0.005931736108834684,0.0018848776817321777,-0.18715167045593262,-0.009224606350983322,0.00710064172744751,-0.22061368823051453,-0.014281749398435295,0.010367274284362793,-0.2470533847808838,-0.01852732584717387,-0.02160400152206421,-0.1225893497467041,-0.009675160654808224,-0.022878944873809814,-0.16357207298278809,-0.012481306352640331,-0.020876646041870117,-0.18993237614631653,-0.013188532226706684,-0.019380152225494385,-0.21127787232398987,-0.014170799077476204
B,0.0,0.0,0.0,0.028742849826812744,-0.032247066497802734,-0.01485040784261571,0.041253864765167236,-0.07939070463180542,-0.019061558883706198,0.02220970392227173,-0.11643213033676147,-0.02247266751162158,-0.0018404126167297363,-0.12825191020965576,-0.025491892363945112,0.03993767499923706,-0.13216984272003174,-0.00262978161133276,0.04612576961517334,-0.18598827719688416,-0.009747025560656652,0.04719799757003784,-0.21862882375717163,-0.017441394742647276,0.046974778175354004,-0.2476271390914917,-0.02340059634677516,0.018798112869262695,-0.1377044916152954,-0.002469678646022544,0.025366604328155518,-0.19515451788902283,-0.006997563880005941,0.02741152048110962,-0.2311306595802307,-0.013798660602489576,0.028727591037750244,-0.26126378774642944,-0.019231245856801138,-0.0007501840591430664,-0.13186293840408325,-0.004861127123305664,0.003248274326324463,-0.18340256810188293,-0.008865109648624525,0.007525146007537842,-0.21479064226150513,-0.014076340016046629,0.01106727123260498,-0.24035322666168213,-0.01822813507548915,-0.02046412229537964,-0.11814934015274048,-0.009307784032145605,-0.018980026245117188,-0.15695762634277344,-0.011730886999586687,-0.014986097812652588,-0.18003830313682556,-0.012041124519029722,-0.011320769786834717,-0.1991746723651886,-0.012788781900027857
B,0.0,0.0,0.0,0.028984248638153076,-0.030522644519805908,-0.014642432876826206,0.04249829053878784,-0.07330679893493652,-0.01982721740841953,0.024821698665618896,-0.10891532897949219,-0.02422186786770908,0.0017174482345581055,-0.12469029426574707,-0.02828961479008285,0.042746663093566895,-0.12736260890960693,-0.005682450332642475,0.048104822635650635,-0.18290209770202637,-0.014339755834043899,0.048572540283203125,-0.21757203340530396,-0.022821188517809787,0.04744225740432739,-0.24789798259735107,-0.02908663133621303,0.022284090518951416,-0.1326887011528015,-0.0059710187697419315,0.028471708297729492,-0.1910560131072998,-0.012244790405929962,0.0302736759185791,-0.2284930944442749,-0.01997178102374164,0.03113001585006714,-0.25925737619400024,-0.025767503851056972,0.0030409693717956543,-0.12765616178512573,-0.00857390517830936,0.00658804178237915,-0.18005409836769104,-0.014521569558382907,0.010776102542877197,-0.21247851848602295,-0.020283492826820293,0.013776659965515137,-0.23767709732055664,-0.024278773539663234,-0.017145097255706787,-0.11513304710388184,-0.013071968764961639,-0.01580631732940674,-0.15472984313964844,-0.017824383997322002,-0.012100160121917725,-0.17972427606582642,-0.019346712701917568,-0.008449733257293701,-0.20046144723892212,-0.020333568179012218
B,0.0,0.0,0.0,0.02982860803604126,-0.03158658742904663,-0.01474042713780932,0.04344660043716431,-0.0766027569770813,-0.01961983751644425,0.024981260299682617,-0.11326205730438232,-0.023490570598738714,0.0011032819747924805,-0.12761300802230835,-0.027008971312540098,0.042631685733795166,-0.128814697265625,-0.005583719463544412,0.04848635196685791,-0.18525952100753784,-0.013671437391536756,0.04957491159439087,-0.22024491429328918,-0.021680483707683607,0.04900020360946655,-0.25029242038726807,-0.02750325400521092,0.021575927734375,-0.1343982219696045,-0.005294500497626586,0.027746081352233887,-0.19284969568252563,-0.010988754333453699,0.029668331146240234,-0.23042339086532593,-0.018241154143112226,0.03061068058013916,-0.2604081332683563,-0.023513244578140302,0.002285897731781006,-0.12955868244171143,-0.007236157657104059,0.006052732467651367,-0.18223682045936584,-0.012370415145056768,0.010675787925720215,-0.21539545059204102,-0.0177895111231976,0.014078855514526367,-0.2405974268913269,-0.021445144081013723,-0.0173301100730896,-0.1169666051864624,-0.011057348103719278,-0.015597403049468994,-0.1568548083305359,-0.015021394120054765,-0.011197030544281006,-0.18297603726387024,-0.016172066444056554,-0.006846070289611816,-0.20430922508239746,-0.016788160541551633
B,0.0,0.0,0.0,0.029738128185272217,-0.031939923763275146,-0.01420029202259343,0.04386460781097412,-0.07618361711502075,-0.019001968631215505,0.0270194411277771,-0.11161202192306519,-0.022989664653010777,0.00422358512878418,-0.12760263681411743,-0.026638459840484074,0.043309032917022705,-0.12884217500686646,-0.005573274062641076,0.04920917749404907,-0.18552839756011963,-0.014193296858735494,0.050135254859924316,-0.22095859050750732,-0.022413297051258496,0.04938787221908569,-0.2510562539100647,-0.02827261803454917,0.022323668003082275,-0.1345568299293518,-0.005755957642264775,0.028388798236846924,-0.19337716698646545,-0.01217764472372096,0.03027212619781494,-0.23128008842468262,-0.019899139607019833,0.031108379364013672,-0.26153361797332764,-0.025415266358919553,0.00297391414642334,-0.1298534870147705,-0.008168393240936211,0.0063918232917785645,-0.18296849727630615,-0.014058828780122212,0.010548233985900879,-0.21602284908294678,-0.019949393773146085,0.01360386610031128,-0.24114298820495605,-0.023809897208280972,-0.016603171825408936,-0.11734169721603394,-0.012386550621755532,-0.014803767204284668,-0.15757441520690918,-0.017040482217140607,-0.010836362838745117,-0.18377166986465454,-0.018718470314212254,-0.006858110427856445,-0.20525765419006348,-0.019612906926937512
B,0.0,0.0,0.0,0.029613137245178223,-0.031514108180999756,-0.012880847538198736,0.042540132999420166,-0.07542568445205688,-0.01730046489306858,0.025040388107299805,-0.10927695035934448,-0.0211864362753289,0.0028942227363586426,-0.12415921688079834,-0.02496139400669506,0.04276460409164429,-0.12725943326950073,-0.005722598852898386,0.04842078685760498,-0.1840144395828247,-0.014378970237757471,0.04942524433135986,-0.21947872638702393,-0.02241556786962917,0.048824191093444824,-0.24928969144821167,-0.028149720961536673,0.02164679765701294,-0.13252103328704834,-0.006632562009926346,0.02704697847366333,-0.19233518838882446,-0.013277860107208994,0.028822243213653564,-0.23079654574394226,-0.02119811319776943,0.029941082000732422,-0.26159942150115967,-0.026890082964982298,0.002218902111053467,-0.12762689590454102,-0.009570272388245371,0.0053980350494384766,-0.18178868293762207,-0.015647492120351103,0.009868979454040527,-0.21548190712928772,-0.022049159491743353,0.013434290885925293,-0.24116575717926025,-0.026343847373809126,-0.017241477966308594,-0.1150963306427002,-0.01413426243730953,-0.015448451042175293,-0.15551668405532837,-0.01900259100862911,-0.011332154273986816,-0.18208125233650208,-0.021071887323941496,-0.007090508937835693,-0.20412680506706238,-0.02235124514469078
B,0.0,0.0,0.0,0.029369771480560303,-0.029930412769317627,-0.014237250743803997,0.04227381944656372,-0.07281631231307983,-0.019243091887233277,0.02375507354736328,-0.10532313585281372,-0.02346598969995739,0.001452803611755371,-0.11887866258621216,-0.027640682256219407,0.041956424713134766,-0.12594938278198242,-0.007212570013848563,0.04742783308029175,-0.1828697919845581,-0.016109260341522713,0.04830026626586914,-0.21803498268127441,-0.02442634904980423,0.047630369663238525,-0.24784338474273682,-0.030422781205174942,0.020968973636627197,-0.13130736351013184,-0.007571255399284382,0.026205003261566162,-0.1908511519432068,-0.014472977800664921,0.02757471799850464,-0.2291368842124939,-0.023062570562956353,0.028599679470062256,-0.2604679465293884,-0.0293357545345998,0.00180816650390625,-0.12651240825653076,-0.010001988692579289,0.005311489105224609,-0.18073290586471558,-0.016381692683694382,0.009250164031982422,-0.21449026465415955,-0.023654418608543892,0.012472271919250488,-0.2404170036315918,-0.028602520546314736,-0.017319977283477783,-0.11371248960494995,-0.014117914794383069,-0.015400230884552002,-0.1541624665260315,-0.019293746522066613,-0.0117567777633667,-0.18095558881759644,-0.02192489857077362,-0.00790703296661377,-0.20349162817001343,-0.023686811870334168
B,0.0,0.0,0.0,0.028349757194519043,-0.029677629470825195,-0.014568971917654494,0.04027038812637329,-0.07188057899475098,-0.020007931143666724,0.022812068462371826,-0.10372012853622437,-0.02464789941969059,0.0009606480598449707,-0.11752963066101074,-0.029215399623538474,0.040960073471069336,-0.1261497139930725,-0.008214187324668387,0.04636448621749878,-0.18171373009681702,-0.01743485078277729,0.047036826610565186,-0.21608173847198486,-0.02604693219127796,0.04586857557296753,-0.24581164121627808,-0.032231670320655326,0.020733892917633057,-0.13099443912506104,-0.008719467074300269,0.02601701021194458,-0.18935486674308777,-0.015758205652858237,0.027000010013580322,-0.2274520993232727,-0.024208674654985884,0.027186334133148193,-0.25915560126304626,-0.03046723499956272,0.0018927454948425293,-0.1256893277168274,-0.01136193376096628,0.0052343010902404785,-0.1787022352218628,-0.017885774821664313,0.008653223514556885,-0.21209651231765747,-0.025014961586023787,0.010837912559509277,-0.23794475197792053,-0.029815547615910987,-0.01729649305343628,-0.11264359951019287,-0.015758045465375403,-0.01524418592453003,-0.15375763177871704,-0.021124573872114638,-0.012119412422180176,-0.18109214305877686,-0.023834161908055762,-0.009285509586334229,-0.20410794019699097,-0.025620554090167502
B,0.0,0.0,0.0,0.027982771396636963,-0.030723989009857178,-0.015036039467332785,0.039409101009368896,-0.07434171438217163,-0.02026792656945986,0.021685779094696045,-0.10677248239517212,-0.024586096818921988,-0.0008857250213623047,-0.11886036396026611,-0.028666714619276945,0.04059714078903198,-0.1270897388458252,-0.006558403320042316,0.046107470989227295,-0.18193870782852173,-0.014861490059075777,0.04647797346115112,-0.21569529175758362,-0.02315130312311453,0.04500669240951538,-0.2448459267616272,-0.029235231171725218,0.020411789417266846,-0.1320437788963318,-0.006611864495454256,0.02579551935195923,-0.18969866633415222,-0.012767433601794664,0.026474714279174805,-0.22790300846099854,-0.020935284386752073,0.026256799697875977,-0.25929394364356995,-0.0270468522267322,0.0015180706977844238,-0.12668943405151367,-0.008965872641084616,0.005128324031829834,-0.17982301115989685,-0.014821461814818804,0.008559763431549072,-0.2135101854801178,-0.022099577303407614,0.010502219200134277,-0.23905804753303528,-0.027070640067933027,-0.01764625310897827,-0.11348199844360352,-0.013154264952419226,-0.015586316585540771,-0.15395110845565796,-0.018041320558069174,-0.012531936168670654,-0.18121793866157532,-0.020815914909718458,-0.009783029556274414,-0.20377206802368164,-0.02273701731431288
B,0.0,0.0,0.0,0.0274239182472229,-0.029295384883880615,-0.015989519003042574,0.040495336055755615,-0.07175558805465698,-0.02185931550265252,0.02290809154510498,-0.10645681619644165,-0.0264798750162214,0.00031363964080810547,-0.12026208639144897,-0.0306819745332092,0.0411069393157959,-0.1265673041343689,-0.00791319580675065,0.0458340048789978,-0.18123582005500793,-0.016557728219041223,0.045585811138153076,-0.21524035930633545,-0.02498516375125348,0.04393821954727173,-0.24468478560447693,-0.031178891006121034,0.0210762619972229,-0.1316288709640503,-0.007465395423778887,0.02580934762954712,-0.18912547826766968,-0.013812059815236921,0.026310324668884277,-0.2268647849559784,-0.021658658328661318,0.026294171810150146,-0.2580852508544922,-0.027569049316653604,0.002589881420135498,-0.12653738260269165,-0.00933355865926444,0.005925595760345459,-0.17931437492370605,-0.015336867700526113,0.009364426136016846,-0.21291643381118774,-0.021881678420314188,0.01156306266784668,-0.238788902759552,-0.026368416193136568,-0.01638329029083252,-0.11360490322113037,-0.013125351908811922,-0.0145607590675354,-0.1540234088897705,-0.01816516118050515,-0.011441349983215332,-0.18088418245315552,-0.02057523028851449,-0.008706271648406982,-0.20332539081573486,-0.022161116170892114
B,0.0,0.0,0.0,0.026563644409179688,-0.02996009588241577,-0.017156513155825337,0.03896909952163696,-0.07275140285491943,-0.023478978992827138,0.02299189567565918,-0.10774844884872437,-0.028305057184226712,0.000476837158203125,-0.12134331464767456,-0.03254802872372409,0.04092913866043091,-0.1267961859703064,-0.008156768725640973,0.04533946514129639,-0.18106812238693237,-0.016544326887853344,0.04467737674713135,-0.21462303400039673,-0.024952016518838604,0.042790770530700684,-0.24385061860084534,-0.031268235044009884,0.021149814128875732,-0.13175266981124878,-0.007136770737744769,0.025774657726287842,-0.18848544359207153,-0.013242352501876553,0.02597343921661377,-0.22578448057174683,-0.02107040931416293,0.025733351707458496,-0.2566506266593933,-0.02708986003828784,0.0025968551635742188,-0.12652498483657837,-0.008579999887771805,0.006285727024078369,-0.17888301610946655,-0.014466166244275769,0.009601175785064697,-0.21244686841964722,-0.021184939639098843,0.011716365814208984,-0.2383747100830078,-0.025900987656243046,-0.016460418701171875,-0.11362463235855103,-0.01206409160924693,-0.01476198434829712,-0.15400171279907227,-0.01704751302433749,-0.011880815029144287,-0.18084746599197388,-0.019636463121898373,-0.009202659130096436,-0.20337164402008057,-0.02146713410449763
B,0.0,0.0,0.0,0.02758997678756714,-0.03138077259063721,-0.01617136354774118,0.03805738687515259,-0.07460218667984009,-0.022171595499216323,0.021570444107055664,-0.10818076133728027,-0.026942816928325897,9.894371032714844e-06,-0.12151986360549927,-0.03119039851456762,0.04021698236465454,-0.12699276208877563,-0.007761861563025718,0.04431343078613281,-0.18101781606674194,-0.016359779417811637,0.04399627447128296,-0.21468126773834229,-0.024859070211945777,0.042302489280700684,-0.24390175938606262,-0.03118877242535234,0.020396173000335693,-0.1319618821144104,-0.007206840806006198,0.024324655532836914,-0.18884417414665222,-0.013675923824607139,0.024531126022338867,-0.22645056247711182,-0.021586084172426467,0.024294137954711914,-0.25761449337005615,-0.027601098075805908,0.0016120076179504395,-0.12661242485046387,-0.009060246303974395,0.0043906569480896,-0.17875969409942627,-0.01516209206759811,0.007723033428192139,-0.21228277683258057,-0.022003771171270614,0.009790003299713135,-0.23819023370742798,-0.02671736981004358,-0.017437398433685303,-0.11384820938110352,-0.012867733270226722,-0.015519976615905762,-0.1545080542564392,-0.01793319302827001,-0.012390553951263428,-0.18170344829559326,-0.020707357108889823,-0.009620487689971924,-0.20443278551101685,-0.022663171768485313
B,0.0,0.0,0.0,0.027373015880584717,-0.03083902597427368,-0.015456078312226396,0.038242340087890625,-0.07437127828598022,-0.02098473042143212,0.02208775281906128,-0.10913801193237305,-0.02533239565683232,0.0005013346672058105,-0.12332326173782349,-0.02919756501806603,0.03946489095687866,-0.12668341398239136,-0.007709916419216256,0.043420493602752686,-0.18125057220458984,-0.016193191259034734,0.042838215827941895,-0.21527379751205444,-0.024436623527535062,0.04073137044906616,-0.24456262588500977,-0.030520003958471875,0.019930481910705566,-0.1318655014038086,-0.007349746971257787,0.02393096685409546,-0.18925347924232483,-0.013563736080058675,0.023913860321044922,-0.2270241379737854,-0.021043319924601178,0.02322322130203247,-0.2579980790615082,-0.026736748142965894,0.0013177990913391113,-0.12675613164901733,-0.009294806717761617,0.003858804702758789,-0.1788904070854187,-0.01505733068925963,0.00716787576675415,-0.21189486980438232,-0.021427123545535665,0.009110629558563232,-0.23727098107337952,-0.025895797385700803,-0.018115878105163574,-0.11421877145767212,-0.013138865790196519,-0.016726195812225342,-0.15461468696594238,-0.017981544806488614,-0.013700664043426514,-0.18134886026382446,-0.020488531066902738,-0.010961055755615234,-0.20378348231315613,-0.022274111135729413
B,0.0,0.0,0.0,0.02674323320388794,-0.031080305576324463,-0.015419944144383635,0.037803828716278076,-0.07451176643371582,-0.02108274581988212,0.020644009113311768,-0.1094902753829956,-0.02563986736495849,-0.002061903476715088,-0.12433797121047974,-0.029788739934161867,0.03988504409790039,-0.12713754177093506,-0.007477869234577383,0.0436558723449707,-0.18167483806610107,-0.01622156421800014,0.04283493757247925,-0.2157931923866272,-0.024755576580361094,0.040420711040496826,-0.24532073736190796,-0.031102117105916705,0.020238518714904785,-0.132432222366333,-0.007396050218090977,0.024195611476898193,-0.18965384364128113,-0.013934519096807207,0.024007856845855713,-0.22710084915161133,-0.02186140227277633,0.023071467876434326,-0.258134663105011,-0.027901960491732325,0.0015810728073120117,-0.12738412618637085,-0.00963564119447824,0.004040241241455078,-0.17953979969024658,-0.015715485393599238,0.007055163383483887,-0.21252384781837463,-0.02232331405539867,0.008694708347320557,-0.2383151650428772,-0.026983456641033854,-0.017967700958251953,-0.11481404304504395,-0.013762928500369753,-0.016789019107818604,-0.15536820888519287,-0.018864517986372675,-0.013985753059387207,-0.1819392442703247,-0.021448535799578394,-0.01142650842666626,-0.2045232057571411,-0.023297566875413622
B,0.0,0.0,0.0,0.02609121799468994,-0.03123253583908081,-0.015396650664186495,0.03705674409866333,-0.07497340440750122,-0.02110945784268381,0.020842254161834717,-0.11035668849945068,-0.02567045182702543,-0.0019068121910095215,-0.12512749433517456,-0.029789004258489626,0.03844881057739258,-0.12864995002746582,-0.00784765721080305,0.041970133781433105,-0.18285906314849854,-0.01630773746190073,0.04096877574920654,-0.216746985912323,-0.02466056660530569,0.03831440210342407,-0.24637597799301147,-0.03091976956245901,0.01886051893234253,-0.13342666625976562,-0.007720997806316632,0.022539734840393066,-0.19044160842895508,-0.013854975595748442,0.02228623628616333,-0.2277829647064209,-0.02127621114966871,0.020994365215301514,-0.2587882876396179,-0.02699837812004091,0.0002707839012145996,-0.1276719570159912,-0.00986234822092058,0.0020849108695983887,-0.1791757345199585,-0.015435460738515872,0.005147039890289307,-0.21173077821731567,-0.021374141581034678,0.006767630577087402,-0.23752275109291077,-0.025626770935630816,-0.01910698413848877,-0.114571213722229,-0.013943812593495863,-0.018102943897247314,-0.1552475094795227,-0.018611792258596438,-0.01519322395324707,-0.1819843053817749,-0.02076226264951231,-0.012537240982055664,-0.2048105001449585,-0.02232422658023836
B,0.0,0.0,0.0,0.02627640962600708,-0.031015753746032715,-0.014574566344165873,0.03620254993438721,-0.07560205459594727,-0.01986180474087007,0.019622206687927246,-0.1101415753364563,-0.02414077934845693,-0.002980470657348633,-0.12378668785095215,-0.028031154023850036,0.037871479988098145,-0.12894701957702637,-0.007783402176940513,0.04116344451904297,-0.18342965841293335,-0.016295910301053596,0.04013103246688843,-0.21752265095710754,-0.02451249253972776,0.03743767738342285,-0.24716782569885254,-0.030620767223084044,0.018424272537231445,-0.13358604907989502,-0.008020872669661117,0.02166140079498291,-0.19075068831443787,-0.014178110706055236,0.021240532398223877,-0.22834724187850952,-0.02140323300882585,0.019975125789642334,-0.2595711052417755,-0.02694258694573648,-0.00011330842971801758,-0.12762451171875,-0.010429202067101073,0.0012187957763671875,-0.17936307191848755,-0.01596912224813707,0.003994941711425781,-0.21237048506736755,-0.02172863152846105,0.005429387092590332,-0.23835033178329468,-0.025825055735552382,-0.019325971603393555,-0.1141781210899353,-0.014703133562946391,-0.018546223640441895,-0.15501177310943604,-0.019357601600134444,-0.015910029411315918,-0.1820995807647705,-0.021392316045606208,-0.013554394245147705,-0.20496997237205505,-0.022839555936300826
B,0.0,0.0,0.0,0.026185214519500732,-0.0304030179977417,-0.014229853542346405,0.03602808713912964,-0.07577437162399292,-0.019213411861855434,0.01968693733215332,-0.11110121011734009,-0.023160453790623592,-0.0025434494018554688,-0.1250063180923462,-0.02671892558952038,0.03724026679992676,-0.12992322444915771,-0.008154474103648113,0.040199458599090576,-0.1847825050354004,-0.01645543044229214,0.039137065410614014,-0.2189725637435913,-0.024425206610757755,0.03639131784439087,-0.24849006533622742,-0.030377734357315944,0.017828524112701416,-0.13446611166000366,-0.00843419031967585,0.02043008804321289,-0.19251680374145508,-0.014422465020615505,0.019854962825775146,-0.23035255074501038,-0.02140109604020779,0.018353819847106934,-0.26163357496261597,-0.026771787458855556,-0.0005406737327575684,-0.12824875116348267,-0.01076780436356728,0.00021249055862426758,-0.1809089183807373,-0.01613661637325947,0.0026883482933044434,-0.2139562964439392,-0.021651223206717418,0.0037347078323364258,-0.2398858666419983,-0.02560361092706387,-0.019551336765289307,-0.11447018384933472,-0.014916056671935962,-0.01917088031768799,-0.15581363439559937,-0.019543703550297664,-0.0164717435836792,-0.18314027786254883,-0.021541749963361667,-0.014137208461761475,-0.2062826156616211,-0.022955078536469387
B,0.0,0.0,0.0,0.027028441429138184,-0.028840363025665283,-0.015355852272520565,0.038577497005462646,-0.07275867462158203,-0.021332620483050846,0.021533489227294922,-0.10749685764312744,-0.026053205903778576,-0.0009479522705078125,-0.12188440561294556,-0.03048342357219269,0.03689354658126831,-0.12949013710021973,-0.011117100555608772,0.03940141201019287,-0.1861138939857483,-0.020461003136048816,0.03832930326461792,-0.22103899717330933,-0.02860804724336674,0.035781025886535645,-0.25090688467025757,-0.03451360466719677,0.017023026943206787,-0.13377821445465088,-0.011203716349015735,0.019891440868377686,-0.19325655698776245,-0.018380866225967907,0.019250869750976562,-0.23256796598434448,-0.025833404462943577,0.01773810386657715,-0.26448896527290344,-0.031368498530397915,-0.0013571381568908691,-0.12722617387771606,-0.013326960455785297,-0.0003070831298828125,-0.1809142827987671,-0.019760432493100666,0.0020647048950195312,-0.2151159644126892,-0.026132679384360813,0.0033365488052368164,-0.24190965294837952,-0.030593416493545078,-0.02043294906616211,-0.1129007339477539,-0.017240560453544163,-0.02008688449859619,-0.15350204706192017,-0.022946783181438946,-0.01767110824584961,-0.1808268427848816,-0.02583533230067303,-0.015560448169708252,-0.2043507993221283,-0.027787837039838337
B,0.0,0.0,0.0,0.02643638849258423,-0.029252707958221436,-0.015488286261486905,0.03954267501831055,-0.07489067316055298,-0.02119931554518928,0.021455466747283936,-0.11080741882324219,-0.02560016488753547,-0.0025401711463928223,-0.12515491247177124,-0.02971592521392097,0.03670096397399902,-0.13240468502044678,-0.01066498620532741,0.03914135694503784,-0.18953990936279297,-0.020075062048661607,0.038040995597839355,-0.2249417006969452,-0.028367642072069543,0.03539770841598511,-0.2554483413696289,-0.03433538390420665,0.01653081178665161,-0.13660764694213867,-0.010835834537672895,0.0195387601852417,-0.19667300581932068,-0.017940781769382852,0.018963932991027832,-0.2365240454673767,-0.025338357073295015,0.01722109317779541,-0.2687689960002899,-0.03076369477533092,-0.0019115209579467773,-0.12962764501571655,-0.013079665360081094,-0.0009118914604187012,-0.18415790796279907,-0.01951719237588634,0.0012918710708618164,-0.21850073337554932,-0.02541056623779525,0.002224266529083252,-0.24540570378303528,-0.029402695355045694,-0.02122354507446289,-0.11460661888122559,-0.01716001866482486,-0.02095186710357666,-0.15647882223129272,-0.02277651218794574,-0.018305301666259766,-0.18425524234771729,-0.025117950272786516,-0.01600825786590576,-0.2082996964454651,-0.026568772030103105
B,0.0,0.0,0.0,0.02784675359725952,-0.031413137912750244,-0.015395513746341294,0.04079020023345947,-0.07685858011245728,-0.0213849386306606,0.02010291814804077,-0.11087650060653687,-0.02621095535477025,-0.005592823028564453,-0.12162566184997559,-0.030825617733796662,0.03646743297576904,-0.13339120149612427,-0.010152159269352978,0.03876078128814697,-0.19129785895347595,-0.019941280606587952,0.037552833557128906,-0.22726157307624817,-0.028539196598728722,0.03488820791244507,-0.25840824842453003,-0.034681822183927125,0.015754342079162598,-0.13745570182800293,-0.010781939152082032,0.018528401851654053,-0.1986677646636963,-0.018149840656121796,0.017918109893798828,-0.23951634764671326,-0.025726609873970574,0.01618039608001709,-0.2726837396621704,-0.031239359650214737,-0.0030373334884643555,-0.13036876916885376,-0.013589684862097329,-0.002204298973083496,-0.18614602088928223,-0.02031534445603711,-6.407499313354492e-05,-0.22198975086212158,-0.02641568613370282,0.0007544755935668945,-0.25043758749961853,-0.030462426144083565,-0.022778630256652832,-0.11522454023361206,-0.01826305967887265,-0.022428274154663086,-0.15790945291519165,-0.023942270326813286,-0.01992875337600708,-0.18669676780700684,-0.026180041033228463,-0.017934143543243408,-0.21172675490379333,-0.027563081133564538
B,0.0,0.0,0.0,0.02970653772354126,-0.031161725521087646,-0.015347245186461578,0.04406827688217163,-0.07865071296691895,-0.02102583743621267,0.024987399578094482,-0.11495053768157959,-0.025519032999767433,-0.0013663172721862793,-0.12519073486328125,-0.0299419807641641,0.03648507595062256,-0.13675552606582642,-0.009995804205431114,0.03882712125778198,-0.19532132148742676,-0.019713911265029083,0.03777420520782471,-0.23191922903060913,-0.028364065140380035,0.03532850742340088,-0.2634888291358948,-0.03460973784316934,0.015294969081878662,-0.14064842462539673,-0.010581390969349513,0.018070876598358154,-0.20222479104995728,-0.017996522635115753,0.017749249935150146,-0.24381163716316223,-0.02578640639771379,0.016289710998535156,-0.277557373046875,-0.03144415006030954,-0.00381547212600708,-0.13300824165344238,-0.013315056487812171,-0.002911806106567383,-0.18952172994613647,-0.020324888676299224,-0.0006151795387268066,-0.2263132929801941,-0.026984158009184966,0.0003510713577270508,-0.255621999502182,-0.031418173611058364,-0.023540079593658447,-0.11717498302459717,-0.017842820882691512,-0.022999584674835205,-0.16007840633392334,-0.024010802656306396,-0.02046072483062744,-0.18928736448287964,-0.026768631338967452,-0.018562614917755127,-0.21474319696426392,-0.028508993834151397
B,0.0,0.0,0.0,0.029460489749908447,-0.030649244785308838,-0.015355047073114747,0.044517457485198975,-0.08124959468841553,-0.02095636935149514,0.027388930320739746,-0.12130564451217651,-0.025272468339551324,0.00046199560165405273,-0.13195359706878662,-0.029545586790789002,0.035284996032714844,-0.14179867506027222,-0.01106188376610362,0.03771430253982544,-0.20228469371795654,-0.020757625114072198,0.036306917667388916,-0.2402048110961914,-0.029473696138609284,0.033435285091400146,-0.2727692425251007,-0.035880372162807816,0.014083147048950195,-0.14608299732208252,-0.011975126575578088,0.01701796054840088,-0.20959824323654175,-0.019246941666949624,0.0169374942779541,-0.25235632061958313,-0.027042897652734155,0.015299320220947266,-0.2868090867996216,-0.032816652443159455,-0.00519561767578125,-0.13841044902801514,-0.014908889543164605,-0.00437164306640625,-0.1969643235206604,-0.021726755659926766,-0.002026081085205078,-0.2353798747062683,-0.028579842533815736,-0.0013411641120910645,-0.2657932639122009,-0.03339942195628964,-0.02523672580718994,-0.12206405401229858,-0.019617734711516732,-0.025188684463500977,-0.16670352220535278,-0.025993217017401093,-0.022631168365478516,-0.1969386339187622,-0.028951283778894776,-0.02086639404296875,-0.22262075543403625,-0.030919231708992356
B,0.0,0.0,0.0,0.03110402822494507,-0.03221803903579712,-0.016320419873608216,0.04877948760986328,-0.0822528600692749,-0.022983816828144654,0.03563404083251953,-0.1260196566581726,-0.02822568212033616,0.00882047414779663,-0.1383489966392517,-0.03361123930991994,0.03591793775558472,-0.14847195148468018,-0.012035054530514344,0.03836667537689209,-0.20951664447784424,-0.022477847899807557,0.03718680143356323,-0.2471955418586731,-0.032141366418017014,0.034538984298706055,-0.28014999628067017,-0.039339756037605866,0.014252185821533203,-0.15160620212554932,-0.012842685360027417,0.01741105318069458,-0.21636605262756348,-0.02089901585461007,0.01720339059829712,-0.2592361569404602,-0.02939626891495095,0.015173733234405518,-0.2943693697452545,-0.035706227089775666,-0.005501449108123779,-0.1422141194343567,-0.015718360807312592,-0.004106879234313965,-0.20258855819702148,-0.023516488637341126,-0.0019608139991760254,-0.2418714165687561,-0.030484120737327203,-0.0014976263046264648,-0.27324169874191284,-0.03527340796173917,-0.026192307472229004,-0.12340342998504639,-0.020414726253164872,-0.02554476261138916,-0.17013472318649292,-0.02778199259520875,-0.022616684436798096,-0.20131152868270874,-0.03091338407577382,-0.020460128784179688,-0.2280026078224182,-0.03283976149143086
B,0.0,0.0,0.0,0.03242403268814087,-0.03615927696228027,-0.018018062323051254,0.05129474401473999,-0.08643919229507446,-0.025370377212482254,0.039891064167022705,-0.13404351472854614,-0.030975825249868194,0.012949168682098389,-0.15258049964904785,-0.03662318652840213,0.03488796949386597,-0.15253722667694092,-0.012923364624100486,0.0385628342628479,-0.21556341648101807,-0.02358731171460704,0.03739595413208008,-0.25349122285842896,-0.03363413280220584,0.03485757112503052,-0.2878361940383911,-0.04112005150290088,0.012713193893432617,-0.1562296748161316,-0.012702170856016437,0.01694047451019287,-0.22327733039855957,-0.020602607264834205,0.01670759916305542,-0.266823410987854,-0.029176007121520797,0.015032291412353516,-0.3037407696247101,-0.03573692133994655,-0.007264494895935059,-0.1470312476158142,-0.014634822591858665,-0.006129145622253418,-0.209186851978302,-0.022218893378692428,-0.004301846027374268,-0.24904370307922363,-0.028312151416855613,-0.004306674003601074,-0.2809552848339081,-0.03263492798777179,-0.02845585346221924,-0.12752705812454224,-0.018571487724500457,-0.028588056564331055,-0.17630928754806519,-0.025648621007519523,-0.026101112365722656,-0.20831000804901123,-0.027962091475444595,-0.02457219362258911,-0.2353990077972412,-0.02929705297918872
B,0.0,0.0,0.0,0.034623026847839355,-0.03679513931274414,-0.017742450992415115,0.05266368389129639,-0.09147465229034424,-0.024338552440354988,0.04245781898498535,-0.13940966129302979,-0.02956616104657428,0.017643332481384277,-0.16489607095718384,-0.03486492828542964,0.03606140613555908,-0.15519535541534424,-0.012122563729832336,0.03905373811721802,-0.22063598036766052,-0.024537715772936508,0.03788691759109497,-0.26053953170776367,-0.03534931288177745,0.035575807094573975,-0.2956339418888092,-0.04312636301929729,0.013633370399475098,-0.15786957740783691,-0.012504148009071514,0.017104685306549072,-0.22798269987106323,-0.02266603679473178,0.01633620262145996,-0.2738402187824249,-0.032507192055533096,0.014600038528442383,-0.31175461411476135,-0.039744369397709534,-0.00717395544052124,-0.14810335636138916,-0.015343033420691654,-0.006150364875793457,-0.2137911319732666,-0.025375822271058723,-0.004454374313354492,-0.2552627623081207,-0.03295278147871272,-0.0038366317749023438,-0.2885485887527466,-0.03806196869427936,-0.029508233070373535,-0.12864011526107788,-0.02008773916477935,-0.029212534427642822,-0.17775022983551025,-0.029577316428373024,-0.026685714721679688,-0.2109382152557373,-0.03375530214125888,-0.02486974000930786,-0.2401183545589447,-0.0362787728112437
B,0.0,0.0,0.0,0.03607499599456787,-0.03857600688934326,-0.019044777077482422,0.05331277847290039,-0.09553027153015137,-0.02578294433359929,0.04541444778442383,-0.14673399925231934,-0.03101293153767415,0.02337050437927246,-0.1783725619316101,-0.03612321585123368,0.03495347499847412,-0.16053074598312378,-0.01205818418119975,0.03889542818069458,-0.22901314496994019,-0.02536567829255887,0.03828299045562744,-0.2718866467475891,-0.03696729585234948,0.03648179769515991,-0.3092578053474426,-0.045128654387639244,0.01183617115020752,-0.16428673267364502,-0.011877424714015206,0.015602052211761475,-0.237565815448761,-0.023038016331241806,0.01568704843521118,-0.28624486923217773,-0.03360291912858315,0.015221238136291504,-0.32608455419540405,-0.04094475477640458,-0.00958925485610962,-0.1552656888961792,-0.014360063408361157,-0.008290886878967285,-0.22394311428070068,-0.0253043264866335,-0.0057814717292785645,-0.26760080456733704,-0.033090870526478966,-0.003742992877960205,-0.3023718595504761,-0.0379932109982235,-0.032028138637542725,-0.13577204942703247,-0.018866259303734978,-0.03221297264099121,-0.1864350438117981,-0.02912081747953721,-0.02898392081260681,-0.22095006704330444,-0.033409397748158653,-0.0257607102394104,-0.25107887387275696,-0.035655557808325966
B,0.0,0.0,0.0,0.03661680221557617,-0.03681379556655884,-0.02331093308129084,0.0558551549911499,-0.09418225288391113,-0.0326546223888613,0.050746917724609375,-0.1496983766555786,-0.039560803962729096,0.029205143451690674,-0.18714553117752075,-0.04621273819901717,0.03752356767654419,-0.16239285469055176,-0.019146051077029824,0.04258906841278076,-0.23626923561096191,-0.03439537603952658,0.041635096073150635,-0.2816973924636841,-0.046888420177481294,0.03911370038986206,-0.3212871253490448,-0.05542300437190306,0.013501882553100586,-0.16658616065979004,-0.017552902741215348,0.01826697587966919,-0.2460879385471344,-0.029823973594091058,0.018123269081115723,-0.29741328954696655,-0.0407177971730448,0.017019033432006836,-0.33888304233551025,-0.04840377141334784,-0.009000599384307861,-0.15775007009506226,-0.018708701995990396,-0.007117867469787598,-0.2311645746231079,-0.030155915586135507,-0.00436323881149292,-0.27757206559181213,-0.03799636457659972,-0.0023669004440307617,-0.31388211250305176,-0.0431810075471617,-0.032522737979888916,-0.138288676738739,-0.022221131069443345,-0.03252872824668884,-0.1910523772239685,-0.03288158570029509,-0.02930760383605957,-0.2275441288948059,-0.037236606521389604,-0.02642536163330078,-0.2588690519332886,-0.03960189764001143
B,0.0,0.0,0.0,0.03742504119873047,-0.03897666931152344,-0.020850393167648917,0.057586610317230225,-0.10131067037582397,-0.02880496270111621,0.05067247152328491,-0.15793448686599731,-0.03475725016645015,0.02942103147506714,-0.19604718685150146,-0.040438593543086654,0.03778731822967529,-0.16935670375823975,-0.016508578500662452,0.04261624813079834,-0.2449663281440735,-0.031731032944236404,0.041653215885162354,-0.2912033200263977,-0.04383922479203761,0.03918486833572388,-0.3304092288017273,-0.051897847271476394,0.012533128261566162,-0.173506498336792,-0.01608676201752246,0.017276465892791748,-0.25516414642333984,-0.028651061645661002,0.017259955406188965,-0.3070797324180603,-0.03910167253664554,0.016309022903442383,-0.3480997085571289,-0.046012141919646865,-0.01080089807510376,-0.16449987888336182,-0.018328874549780494,-0.008814096450805664,-0.24170684814453125,-0.030155788353596336,-0.006107985973358154,-0.2885476350784302,-0.03721125162294925,-0.0042626261711120605,-0.3250148296356201,-0.04149879626086772,-0.0346967875957489,-0.14440125226974487,-0.022686201325569755,-0.034938663244247437,-0.19938814640045166,-0.03346289432695926,-0.03192302584648132,-0.23671793937683105,-0.037146569407497054,-0.02908623218536377,-0.26911285519599915,-0.03874642512849391
B,0.0,0.0,0.0,0.03821808099746704,-0.04082667827606201,-0.024784008787491985,0.058495521545410156,-0.10234946012496948,-0.03459111489496536,0.05142170190811157,-0.1610739827156067,-0.04176349081240005,0.02707087993621826,-0.19902652502059937,-0.04854428284011192,0.03734469413757324,-0.17669367790222168,-0.018987308071473308,0.04094517230987549,-0.25438356399536133,-0.03404027111969299,0.039684295654296875,-0.3011614978313446,-0.046931414680102534,0.03733640909194946,-0.34292542934417725,-0.056009231881716914,0.011698901653289795,-0.18039774894714355,-0.01680556014321155,0.01503080129623413,-0.26204270124435425,-0.02884157635412521,0.014400839805603027,-0.31462544202804565,-0.04021858312330551,0.013674616813659668,-0.35821104049682617,-0.04851493127785034,-0.011962741613388062,-0.16975510120391846,-0.017512782291987605,-0.01019352674484253,-0.24497371912002563,-0.028670835123875804,-0.007582426071166992,-0.29287755489349365,-0.036454654113867946,-0.0053098201751708984,-0.3315798044204712,-0.04186958335480995,-0.036759257316589355,-0.14773023128509521,-0.02078035548470325,-0.03719431161880493,-0.20203983783721924,-0.0311024419977457,-0.03385576605796814,-0.23921161890029907,-0.035065012799122997,-0.030468642711639404,-0.2717914283275604,-0.03735640905938453
B,0.0,0.0,0.0,0.0379863977432251,-0.04191315174102783,-0.025098621684321643,0.057147979736328125,-0.10697299242019653,-0.03486112675369668,0.04827147722244263,-0.16723018884658813,-0.042192773732551814,0.02470231056213379,-0.20740139484405518,-0.04902956432403016,0.03456169366836548,-0.18368583917617798,-0.01851186512709546,0.03832310438156128,-0.2632559537887573,-0.034759828659900904,0.03724950551986694,-0.3118671178817749,-0.04821462726891923,0.03444772958755493,-0.3549116253852844,-0.05743518269360948,0.008011043071746826,-0.1871437430381775,-0.017024654734143496,0.012557566165924072,-0.2725282907485962,-0.030195994141706706,0.011771857738494873,-0.32843995094299316,-0.041496584030994654,0.009487628936767578,-0.3743334412574768,-0.04928035086692262,-0.01621115207672119,-0.17582035064697266,-0.018806321385511637,-0.014353811740875244,-0.25413328409194946,-0.03104679829181123,-0.011672914028167725,-0.3036125600337982,-0.038570893767484904,-0.010052263736724854,-0.3433683216571808,-0.043302228513368846,-0.041710495948791504,-0.15246862173080444,-0.023277837622174502,-0.0419003963470459,-0.209772527217865,-0.03438935971558976,-0.03830757737159729,-0.24960947036743164,-0.03844575009048867,-0.03476816415786743,-0.28521183133125305,-0.040475068452963114
B,0.0,0.0,0.0,0.03855490684509277,-0.04267728328704834,-0.027196652316746395,0.0581895112991333,-0.10997205972671509,-0.03791012155383555,0.049024879932403564,-0.17336511611938477,-0.045764318728146236,0.02368563413619995,-0.2149859070777893,-0.05296661990254847,0.035645365715026855,-0.1875777244567871,-0.020991577827629726,0.03867453336715698,-0.26976990699768066,-0.037936008596119564,0.03610283136367798,-0.319612592458725,-0.05164281564324824,0.03221893310546875,-0.36347347497940063,-0.06114640744894473,0.008410274982452393,-0.19123202562332153,-0.018921201178130787,0.011565566062927246,-0.27946192026138306,-0.03291392984360186,0.010093212127685547,-0.3367089629173279,-0.04495465668409793,0.0074822306632995605,-0.38349032402038574,-0.05344231712192027,-0.016456812620162964,-0.17926084995269775,-0.020233149701056163,-0.01628592610359192,-0.2600022554397583,-0.03372397931784121,-0.014142334461212158,-0.31062883138656616,-0.042448631548580806,-0.012920916080474854,-0.350440114736557,-0.048034562790093105,-0.04183518886566162,-0.1552453637123108,-0.02432544442385165,-0.0435311496257782,-0.2142522931098938,-0.03678274067610232,-0.04126143455505371,-0.2555808424949646,-0.04203288170069186,-0.03913396596908569,-0.2916705012321472,-0.04497068660825221
B,0.0,0.0,0.0,0.03944230079650879,-0.04647350311279297,-0.02570512060492547,0.05846214294433594,-0.11468559503555298,-0.03608092952936204,0.04772061109542847,-0.17715883255004883,-0.04404591311185868,0.02306365966796875,-0.21901673078536987,-0.05159161154597314,0.03596121072769165,-0.19244599342346191,-0.019884175699644402,0.038346052169799805,-0.2744455933570862,-0.037159319114380196,0.03527623414993286,-0.3242311477661133,-0.05132955972521813,0.030775725841522217,-0.368354856967926,-0.061358234923773125,0.008315205574035645,-0.19468772411346436,-0.019109943028979615,0.010239660739898682,-0.28344231843948364,-0.03391135026186021,0.00814884901046753,-0.34122389554977417,-0.04692767102687867,0.005070209503173828,-0.38942578434944153,-0.056298128407888726,-0.01695483922958374,-0.1812613606452942,-0.021690786894851044,-0.01808297634124756,-0.26300162076950073,-0.03618454102843316,-0.016572296619415283,-0.3155357837677002,-0.046130257737331704,-0.015589147806167603,-0.35795772075653076,-0.05264995906918557,-0.04280337691307068,-0.15564090013504028,-0.02687938798635514,-0.044938623905181885,-0.21698808670043945,-0.04049236987202676,-0.042554259300231934,-0.25986582040786743,-0.046814161431484536,-0.03998425602912903,-0.29826951026916504,-0.050633340221338585
B,0.0,0.0,0.0,0.038551926612854004,-0.046419739723205566,-0.02984433414741261,0.05710715055465698,-0.11696040630340576,-0.04254727417929871,0.045616209506988525,-0.18311911821365356,-0.05207152644499047,0.0159263014793396,-0.22372710704803467,-0.06116334328754647,0.03295028209686279,-0.19667792320251465,-0.02586113641365273,0.03394126892089844,-0.2831065058708191,-0.04438968727691872,0.03058570623397827,-0.3359331786632538,-0.05906959602936013,0.026026487350463867,-0.3825898766517639,-0.06951580176456673,0.004351586103439331,-0.1986149549484253,-0.023746764085728955,0.006224930286407471,-0.29090672731399536,-0.03972663337691529,0.0037463009357452393,-0.3517407774925232,-0.05318088809355004,0.0004819035530090332,-0.40371450781822205,-0.06306897083624108,-0.021154463291168213,-0.18375778198242188,-0.025078946522910428,-0.021371573209762573,-0.2680804133415222,-0.04019401202305062,-0.02079111337661743,-0.32202842831611633,-0.05024708042247994,-0.020614147186279297,-0.36638712882995605,-0.057129673458177876,-0.047596096992492676,-0.15634632110595703,-0.029401920534212422,-0.04935503005981445,-0.2190408706665039,-0.04353299716814263,-0.0467684268951416,-0.26277339458465576,-0.05026708523138268,-0.04430261254310608,-0.3028295636177063,-0.05469324047072632
B,0.0,0.0,0.0,0.038786470890045166,-0.04691129922866821,-0.028928198744125666,0.0573233962059021,-0.11824744939804077,-0.040753499497242274,0.046727776527404785,-0.18372517824172974,-0.049814798761673273,0.019981324672698975,-0.22682178020477295,-0.05830848299390823,0.03208810091018677,-0.1998949646949768,-0.022449967343874278,0.033018410205841064,-0.2838694453239441,-0.04118790187365562,0.028786659240722656,-0.3361667990684509,-0.05635072000748664,0.023334622383117676,-0.38230443000793457,-0.06708798267371208,0.004103362560272217,-0.2010132074356079,-0.02090962313539535,0.0043718814849853516,-0.29267704486846924,-0.03673226841218025,0.0014088451862335205,-0.35152626037597656,-0.04987239547497779,-0.0023449063301086426,-0.4004029333591461,-0.05936499022371322,-0.02116292715072632,-0.18596023321151733,-0.023124654669828715,-0.02336573600769043,-0.2697490453720093,-0.038381629515953364,-0.02297016978263855,-0.3227841556072235,-0.04794306762940437,-0.023038476705551147,-0.36646246910095215,-0.05424790539271385,-0.04650506377220154,-0.1584121584892273,-0.02842370130545646,-0.04936191439628601,-0.2210025191307068,-0.04294777371413261,-0.048072755336761475,-0.2648140788078308,-0.049587876428432764,-0.04664930701255798,-0.30529922246932983,-0.053633754034109415
B,0.0,0.0,0.0,0.03885266184806824,-0.04597824811935425,-0.029667647571187672,0.05767908692359924,-0.11662858724594116,-0.0415800903149659,0.04578724503517151,-0.1816474199295044,-0.050524635256152806,0.019351035356521606,-0.22489529848098755,-0.05885411241732186,0.032935768365859985,-0.20153731107711792,-0.022805428148132023,0.03309616446495056,-0.28494006395339966,-0.0412804838427121,0.028544753789901733,-0.3370573818683624,-0.0563285518594796,0.02299061417579651,-0.383403480052948,-0.06705779397569245,0.004614323377609253,-0.202863872051239,-0.02082912811718529,0.004219174385070801,-0.29448264837265015,-0.036264641226154026,0.001205742359161377,-0.35316428542137146,-0.049292573721032795,-0.00236472487449646,-0.4023817181587219,-0.058761646986823735,-0.020743966102600098,-0.18745827674865723,-0.022648725674372372,-0.023461908102035522,-0.2712395191192627,-0.037645393998246846,-0.022989988327026367,-0.32383283972740173,-0.04728069716773575,-0.022888392210006714,-0.3677489161491394,-0.05367222616158074,-0.04609575867652893,-0.15942692756652832,-0.027639726192575154,-0.04917597770690918,-0.22236186265945435,-0.042081827313523945,-0.04772457480430603,-0.2660362720489502,-0.04877640494785851,-0.046045154333114624,-0.30669891834259033,-0.05285823160491532
B,0.0,0.0,0.0,0.03859388828277588,-0.04662883281707764,-0.028431768974485294,0.0574151873588562,-0.11678045988082886,-0.040002431234540836,0.04535168409347534,-0.18063831329345703,-0.048854108413877384,0.01875889301300049,-0.22285693883895874,-0.0572221833078288,0.03273552656173706,-0.20078879594802856,-0.022310249021472828,0.0327107310295105,-0.28415989875793457,-0.04059507649225225,0.027948081493377686,-0.3362279236316681,-0.05533667977732648,0.022040128707885742,-0.3823171854019165,-0.06580664913934697,0.004630357027053833,-0.20156735181808472,-0.020892085021557705,0.004381358623504639,-0.29281681776046753,-0.03613311003726949,0.0010842680931091309,-0.35146450996398926,-0.04893511485141744,-0.002900838851928711,-0.40019142627716064,-0.058282900115671055,-0.020693719387054443,-0.18586325645446777,-0.023132226875247852,-0.023623347282409668,-0.2691459655761719,-0.03794949080628385,-0.023459523916244507,-0.3214694857597351,-0.047389357796134846,-0.023572653532028198,-0.3647236227989197,-0.05367611300033559,-0.04601651430130005,-0.1578233242034912,-0.028414926937045948,-0.0492626428604126,-0.22080612182617188,-0.04261124085468282,-0.047937750816345215,-0.26450181007385254,-0.04909750398081769,-0.04643142223358154,-0.30498039722442627,-0.0530829275755309
B,0.0,0.0,0.0,0.039009809494018555,-0.045624375343322754,-0.029992734270678056,0.05798459053039551,-0.11502295732498169,-0.042297956722364916,0.04556375741958618,-0.17939400672912598,-0.05154242106019069,0.01905137300491333,-0.22237074375152588,-0.060255927222357286,0.033106207847595215,-0.2004185914993286,-0.023747188227758897,0.03318440914154053,-0.28462642431259155,-0.0422798369103532,0.02868419885635376,-0.33708804845809937,-0.05721655600009967,0.02314823865890503,-0.3833507299423218,-0.06773731969533969,0.004833221435546875,-0.2012125849723816,-0.02160526179014255,0.004909008741378784,-0.2932073473930359,-0.03688518814979602,0.0017119348049163818,-0.3522578477859497,-0.04978269450603534,-0.002034008502960205,-0.401125431060791,-0.059117046373472704,-0.020460903644561768,-0.1857050061225891,-0.02323632426796962,-0.02269357442855835,-0.2697076201438904,-0.03806693218885471,-0.022245407104492188,-0.32261666655540466,-0.04766937829791118,-0.02197927236557007,-0.3662363886833191,-0.05398763455687572,-0.045949697494506836,-0.15780502557754517,-0.028030892091379656,-0.04867345094680786,-0.22115647792816162,-0.04229598231850673,-0.04697388410568237,-0.2649323344230652,-0.04885060824690868,-0.044968754053115845,-0.3053417205810547,-0.052795351671562685
B,0.0,0.0,0.0,0.03908860683441162,-0.045468926429748535,-0.030311069945895497,0.057914555072784424,-0.11498278379440308,-0.04282285043140632,0.04564023017883301,-0.17904222011566162,-0.05230948099037391,0.01911306381225586,-0.2223435640335083,-0.06121100627919418,0.03324484825134277,-0.20079505443572998,-0.02373469391008598,0.03348720073699951,-0.28438109159469604,-0.04257316657444221,0.029060006141662598,-0.3365994095802307,-0.05783505880376083,0.023559093475341797,-0.38299432396888733,-0.06867358231087906,0.005291283130645752,-0.20198673009872437,-0.021611604402863804,0.0054496824741363525,-0.29341816902160645,-0.03734856614013893,0.0023350119590759277,-0.3522756099700928,-0.05063654252430183,-0.0014654099941253662,-0.4008896052837372,-0.060305254097187344,-0.019843369722366333,-0.18658775091171265,-0.023343529115521733,-0.022105038166046143,-0.27017682790756226,-0.038692483241760556,-0.021634161472320557,-0.3223128616809845,-0.04862765737911445,-0.021326571702957153,-0.36511504650115967,-0.05514124923487884,-0.045177459716796875,-0.15870004892349243,-0.028282288025224034,-0.047982484102249146,-0.2218366265296936,-0.04302567758699638,-0.0464002788066864,-0.2654613256454468,-0.050026954646313015,-0.04451712965965271,-0.305716872215271,-0.05430444100042564
B,0.0,0.0,0.0,0.038077354431152344,-0.04643148183822632,-0.03148472603240293,0.05621039867401123,-0.11487329006195068,-0.044721867105153024,0.04396939277648926,-0.1788322925567627,-0.05487554069438261,0.017113685607910156,-0.2226504683494568,-0.06429995145478529,0.03316450119018555,-0.20165103673934937,-0.02326097447254938,0.033284008502960205,-0.28469371795654297,-0.0419138215092687,0.028681814670562744,-0.3363851308822632,-0.05746337320485395,0.02290397882461548,-0.38292092084884644,-0.06864547278561872,0.00515708327293396,-0.2026112675666809,-0.020737760847595155,0.004956960678100586,-0.2937037944793701,-0.03622561987319273,0.001507103443145752,-0.3518636226654053,-0.04983528997578901,-0.002615690231323242,-0.4011152684688568,-0.05985857095399183,-0.020077288150787354,-0.18705254793167114,-0.022253613135006844,-0.022292613983154297,-0.2700296640396118,-0.03734981562772077,-0.021999865770339966,-0.3218579888343811,-0.04740402769127172,-0.021987199783325195,-0.3650503158569336,-0.054059325864699304,-0.045685529708862305,-0.15933549404144287,-0.027151194548395097,-0.048283159732818604,-0.2227306365966797,-0.04146334450521749,-0.046657711267471313,-0.26661407947540283,-0.0483648955432443,-0.044660478830337524,-0.30740660429000854,-0.05267907228150648
B,0.0,0.0,0.0,0.03834393620491028,-0.04658883810043335,-0.03225765037797146,0.05606350302696228,-0.11409318447113037,-0.046024650665742683,0.044009119272232056,-0.1778678297996521,-0.05651783976219349,0.020309001207351685,-0.22513771057128906,-0.0661599192347353,0.033812493085861206,-0.20198005437850952,-0.0249376896347826,0.03349587321281433,-0.2856525182723999,-0.04423067751787357,0.028688877820968628,-0.33759239315986633,-0.059945118012649345,0.022570163011550903,-0.38427168130874634,-0.07110597971342258,0.005880445241928101,-0.2031988501548767,-0.022175301196796227,0.005287855863571167,-0.29459160566329956,-0.03824923593066387,0.0012451410293579102,-0.35283198952674866,-0.051880557420474815,-0.0034843385219573975,-0.40162819623947144,-0.061793905081970024,-0.0193728506565094,-0.18763267993927002,-0.023500105696541596,-0.021646618843078613,-0.2712286710739136,-0.039188172998649407,-0.021958082914352417,-0.3230336904525757,-0.04938219520710163,-0.02254396677017212,-0.36646488308906555,-0.0560135546650713,-0.04505583643913269,-0.15963870286941528,-0.028216410758716393,-0.04742780327796936,-0.22326117753982544,-0.04318594965599232,-0.0459686815738678,-0.26713573932647705,-0.050385684105378914,-0.04424360394477844,-0.3080870509147644,-0.05474024299047642
B,0.0,0.0,0.0,0.038023442029953,-0.04566985368728638,-0.0348466458196981,0.0538964569568634,-0.11152535676956177,-0.04975174092010093,0.04252931475639343,-0.1750289797782898,-0.0610258700723989,0.022368580102920532,-0.22567516565322876,-0.0712858336444242,0.033593446016311646,-0.20108860731124878,-0.026070625561033012,0.0335862934589386,-0.28435492515563965,-0.0456975745435102,0.02900901436805725,-0.33595573902130127,-0.061896436887536765,0.02305927872657776,-0.38241589069366455,-0.0734419348116262,0.005657494068145752,-0.2019648551940918,-0.022109293418679954,0.005285352468490601,-0.2927709221839905,-0.03838070206597877,0.0011948943138122559,-0.35059744119644165,-0.052747295277868034,-0.0032500028610229492,-0.40001431107521057,-0.06330405645326209,-0.019728362560272217,-0.18622368574142456,-0.02254453771070075,-0.022069573402404785,-0.26905447244644165,-0.038516053038392783,-0.02237609028816223,-0.32078829407691956,-0.04967970870688987,-0.022556155920028687,-0.364236056804657,-0.05705922194078994,-0.04514959454536438,-0.1579996943473816,-0.02659265235320163,-0.04801324009895325,-0.22067147493362427,-0.04163256384686065,-0.04680481553077698,-0.264121949672699,-0.04943069540217948,-0.045024365186691284,-0.3046117424964905,-0.054374215232883216
B,0.0,0.0,0.0,0.03664696216583252,-0.04302138090133667,-0.03800922996896361,0.052194833755493164,-0.11099898815155029,-0.05342558763521765,0.04120075702667236,-0.17628717422485352,-0.06449750803011511,0.02099710702896118,-0.22917431592941284,-0.07429096839922522,0.03447914123535156,-0.20248645544052124,-0.026822734545646654,0.03380227088928223,-0.2855820059776306,-0.04579357795017813,0.02847456932067871,-0.3372592329978943,-0.06173601366180037,0.02205592393875122,-0.38330113887786865,-0.07325623921650504,0.006297767162322998,-0.20405042171478271,-0.02095748103755568,0.004943907260894775,-0.2944931387901306,-0.036621246408401475,0.00048273801803588867,-0.35187017917633057,-0.050921540628849016,-0.0038589835166931152,-0.4003838300704956,-0.061447370718894945,-0.019304394721984863,-0.18839901685714722,-0.019855322237788187,-0.021946817636489868,-0.2712639570236206,-0.03578253827589606,-0.022286295890808105,-0.32245999574661255,-0.047530505727706895,-0.022359788417816162,-0.36598098278045654,-0.05535447589653586,-0.04439413547515869,-0.16060107946395874,-0.022618086930094705,-0.047023117542266846,-0.22269552946090698,-0.037909358661352144,-0.04601389169692993,-0.26557445526123047,-0.046394791375576006,-0.04427605867385864,-0.30615872144699097,-0.051922373395143495
B,0.0,0.0,0.0,0.03725332021713257,-0.04173678159713745,-0.04140148569746316,0.05115389823913574,-0.10711145401000977,-0.05816106383605302,0.04000234603881836,-0.17009758949279785,-0.07003079240126908,0.02114921808242798,-0.22261762619018555,-0.0805331680635959,0.034870922565460205,-0.20173722505569458,-0.028163038910463456,0.03373521566390991,-0.2829732894897461,-0.04672805477781594,0.02864861488342285,-0.3340703248977661,-0.06299755607648194,0.022805213928222656,-0.3798268437385559,-0.07510496561332047,0.006554007530212402,-0.20238637924194336,-0.020750951738193635,0.005029350519180298,-0.29176342487335205,-0.03565673415465653,0.0005438625812530518,-0.3480195999145508,-0.05057005842132867,-0.003394484519958496,-0.39695149660110474,-0.06209668402476609,-0.019212931394577026,-0.18601644039154053,-0.01852942702277005,-0.021327883005142212,-0.2681795358657837,-0.03423457850618661,-0.02231776714324951,-0.3193584382534027,-0.047731033311322335,-0.022857218980789185,-0.3629830479621887,-0.05721558888359368,-0.04406282305717468,-0.157676100730896,-0.02049553465946019,-0.04686075448989868,-0.21942603588104248,-0.03581853096289933,-0.04629144072532654,-0.2623404860496521,-0.045839014248088006,-0.044730961322784424,-0.303231418132782,-0.05306340639396012
B,0.0,0.0,0.0,0.03572848439216614,-0.040189921855926514,-0.055476182241307015,0.047856539487838745,-0.10344159603118896,-0.07658119975434374,0.03968426585197449,-0.1658468246459961,-0.08983376352892947,0.021637648344039917,-0.2224147915840149,-0.10144311665402483,0.03655865788459778,-0.19909048080444336,-0.03618964283572268,0.0361572802066803,-0.2809261083602905,-0.051904172737465615,0.03131052851676941,-0.3336673974990845,-0.06742041288720202,0.024984210729599,-0.38002628087997437,-0.07955174623833727,0.008359730243682861,-0.19811910390853882,-0.02053635111855101,0.007929235696792603,-0.2889019846916199,-0.03164266898141932,0.0033066868782043457,-0.346138060092926,-0.04685146092282366,-0.001090019941329956,-0.3964031934738159,-0.0597196119915111,-0.0176832377910614,-0.18240886926651,-0.011189958181546444,-0.017644822597503662,-0.26451414823532104,-0.023907323468790764,-0.018923550844192505,-0.31603872776031494,-0.04060602663861346,-0.02027413249015808,-0.35992056131362915,-0.053481035966740365,-0.0422520637512207,-0.15773969888687134,-0.007245001018361563,-0.04340013861656189,-0.21936452388763428,-0.020768423665629143,-0.043411195278167725,-0.2619813084602356,-0.03353509410129618,-0.04231569170951843,-0.3024822473526001,-0.04406062989340853
B,0.0,0.0,0.0,0.037587523460388184,-0.03812456130981445,-0.042849518340716486,0.05108952522277832,-0.1038198471069336,-0.05896579844940675,0.039041340351104736,-0.1649661660194397,-0.06944010404933465,0.017732232809066772,-0.2133076786994934,-0.07843846825946343,0.037915706634521484,-0.19824039936065674,-0.030118117090950136,0.038018226623535156,-0.28144943714141846,-0.04714015124429238,0.032785654067993164,-0.3325117826461792,-0.06246500460494531,0.025979340076446533,-0.37803709506988525,-0.07396516947139276,0.009249299764633179,-0.1984357237815857,-0.020971998554358606,0.008817017078399658,-0.28895074129104614,-0.034373141807208185,0.004569709300994873,-0.3460596203804016,-0.048962987941393976,1.9848346710205078e-05,-0.39489322900772095,-0.060375135373959665,-0.01696959137916565,-0.1820911169052124,-0.016843246278057222,-0.017975956201553345,-0.2651602625846863,-0.03106776436854375,-0.019150257110595703,-0.31595373153686523,-0.04507017878879083,-0.020859867334365845,-0.3583982586860657,-0.054970759880433206,-0.04145127534866333,-0.15491598844528198,-0.016938794386277323,-0.04237827658653259,-0.2173801064491272,-0.031035192292819147,-0.04189130663871765,-0.2598588466644287,-0.04113645104754937,-0.04118028283119202,-0.29985159635543823,-0.048561200481543665
B,0.0,0.0,0.0,0.03681209683418274,-0.0403633713722229,-0.04330779353250591,0.04877302050590515,-0.10615241527557373,-0.05985120425094692,0.03638353943824768,-0.16701751947402954,-0.07084624210466473,0.015624821186065674,-0.21717298030853271,-0.08048245797027676,0.0366072952747345,-0.19756650924682617,-0.030806566794410628,0.03705218434333801,-0.28014785051345825,-0.04898355269898502,0.03206917643547058,-0.3314855694770813,-0.06546003112663357,0.02542129158973694,-0.3779422640800476,-0.07796631494630901,0.008537709712982178,-0.19806623458862305,-0.02203527765442459,0.008842229843139648,-0.28791922330856323,-0.03687960023154346,0.004763990640640259,-0.3452710211277008,-0.05325384179224102,-0.00011476874351501465,-0.3955759108066559,-0.06616849938501446,-0.017375409603118896,-0.18233180046081543,-0.018346638624564093,-0.017810463905334473,-0.2649036645889282,-0.03402046972979633,-0.018755793571472168,-0.31643372774124146,-0.04999448472727863,-0.020745784044265747,-0.3596702218055725,-0.06136979276408283,-0.041575849056243896,-0.1554831862449646,-0.018850191702142638,-0.04223915934562683,-0.21790063381195068,-0.03415940815676777,-0.04164928197860718,-0.2609459161758423,-0.04578247407545177,-0.04134202003479004,-0.3011854887008667,-0.05452840143908588
B,0.0,0.0,0.0,0.036864399909973145,-0.03987807035446167,-0.04083572083737863,0.04917842149734497,-0.10546332597732544,-0.05662530416276468,0.036503374576568604,-0.16604828834533691,-0.0672572416963817,0.014331310987472534,-0.21503102779388428,-0.07661827781822694,0.037400245666503906,-0.1989118456840515,-0.02941693866279138,0.037446558475494385,-0.2814132571220398,-0.047296502977872024,0.031879544258117676,-0.33217450976371765,-0.06336056569244874,0.024882256984710693,-0.3779946565628052,-0.07551618048574937,0.009070396423339844,-0.19984835386276245,-0.021765374928975234,0.009048908948898315,-0.28910011053085327,-0.03618617111470712,0.0050772130489349365,-0.345591276884079,-0.051834826708102355,0.0005459785461425781,-0.39483433961868286,-0.06413269916203035,-0.017076432704925537,-0.18371176719665527,-0.018955554232263694,-0.01799839735031128,-0.2657091021537781,-0.03406374284651292,-0.019127190113067627,-0.31624770164489746,-0.04900880658652795,-0.021183282136917114,-0.35894158482551575,-0.05965051555659784,-0.04139086604118347,-0.15584087371826172,-0.020129728481435905,-0.04239612817764282,-0.2177698016166687,-0.035100442707800994,-0.041857898235321045,-0.26032936573028564,-0.04596984514620317,-0.04154843091964722,-0.30057257413864136,-0.05399034300472749
B,0.0,0.0,0.0,0.03603687882423401,-0.040692269802093506,-0.04033093579826641,0.04851970076560974,-0.1057853102684021,-0.05611176469145107,0.0346435010433197,-0.16673386096954346,-0.06681203149972248,0.010496705770492554,-0.21542084217071533,-0.07622262143311787,0.037461429834365845,-0.19982999563217163,-0.02884874732015419,0.03748515248298645,-0.28225260972976685,-0.046269253424981116,0.032061249017715454,-0.3329505920410156,-0.06188680656967449,0.025324076414108276,-0.37876179814338684,-0.07374308311162281,0.009119123220443726,-0.20108598470687866,-0.02128626831589031,0.009064853191375732,-0.28991609811782837,-0.034988072298148154,0.0048749446868896484,-0.34629929065704346,-0.04990650766310978,2.1636486053466797e-05,-0.3951832056045532,-0.0617269282859354,-0.0169050395488739,-0.18486905097961426,-0.018502696014621733,-0.017861276865005493,-0.2662307024002075,-0.03282658436117458,-0.018620222806930542,-0.3164999485015869,-0.04689892434296894,-0.020409077405929565,-0.3592488169670105,-0.057016626529076575,-0.04112878441810608,-0.15675956010818481,-0.019701066024282454,-0.042515337467193604,-0.21794980764389038,-0.03401907958803463,-0.04191061854362488,-0.2601856589317322,-0.04419366323170948,-0.041495710611343384,-0.3001854419708252,-0.051684797338822364
B,0.0,0.0,0.0,0.035165220499038696,-0.042159080505371094,-0.03710929387153783,0.046963781118392944,-0.10670644044876099,-0.0524495364064137,0.0315001904964447,-0.16724622249603271,-0.06340233319343724,0.006068497896194458,-0.21547693014144897,-0.07318664424957433,0.03863629698753357,-0.20138150453567505,-0.02750044212581315,0.037565916776657104,-0.28364092111587524,-0.04515910976471105,0.03175589442253113,-0.3342735469341278,-0.06068301283659139,0.02475312352180481,-0.3800780773162842,-0.07234840922893682,0.009669721126556396,-0.20280122756958008,-0.02178912878872552,0.00879967212677002,-0.29170864820480347,-0.03560744308771291,0.004540473222732544,-0.3480156362056732,-0.04982334830702939,-0.0005282759666442871,-0.39625102281570435,-0.06094975107254186,-0.01685318350791931,-0.1862429976463318,-0.020524532430783893,-0.01862543821334839,-0.2665829658508301,-0.034553893738404895,-0.019083857536315918,-0.31715112924575806,-0.047226753913776065,-0.020824968814849854,-0.360103964805603,-0.05627781980575719,-0.04174143075942993,-0.15744155645370483,-0.022999985971466685,-0.0430695116519928,-0.21868157386779785,-0.03679518111886182,-0.042287230491638184,-0.260606586933136,-0.04559299060048261,-0.04209306836128235,-0.2998700737953186,-0.05188572862090268
B,0.0,0.0,0.0,0.03566700220108032,-0.04216223955154419,-0.03610936870416026,0.04742974042892456,-0.10581362247467041,-0.05097624977668147,0.028638720512390137,-0.16438215970993042,-0.06188756918152194,0.0012108087539672852,-0.206102192401886,-0.07153838445981364,0.038402676582336426,-0.20077437162399292,-0.024889224596222448,0.03704637289047241,-0.28251081705093384,-0.042094144426187086,0.031977951526641846,-0.3328325152397156,-0.057677901737292814,0.025749027729034424,-0.3782978653907776,-0.06951666941483836,0.009107321500778198,-0.20274269580841064,-0.0197250893487535,0.007308602333068848,-0.2906408905982971,-0.03365686481436114,0.003167957067489624,-0.3461252450942993,-0.04846973662813525,-0.0014202594757080078,-0.3942318558692932,-0.05993972291787486,-0.017421960830688477,-0.1872228980064392,-0.018990020654996442,-0.020267486572265625,-0.26598572731018066,-0.03296264951666217,-0.020105570554733276,-0.3155750632286072,-0.045911315284570264,-0.020920485258102417,-0.35692867636680603,-0.055049731783469724,-0.04249006509780884,-0.15943092107772827,-0.02203059328337531,-0.044025301933288574,-0.21991491317749023,-0.0352511549516521,-0.04328069090843201,-0.2612536549568176,-0.043887126646836805,-0.042683571577072144,-0.2992004156112671,-0.05012878348668437
B,0.0,0.0,0.0,0.03597697615623474,-0.03964930772781372,-0.033116774206291666,0.04829034209251404,-0.10222166776657104,-0.047120732759367456,0.026360780000686646,-0.15289312601089478,-0.05771199384821557,-0.0024878382682800293,-0.18240368366241455,-0.06737543041003846,0.03709641098976135,-0.19852334260940552,-0.026014705692659845,0.03570863604545593,-0.28054094314575195,-0.04391898730887078,0.03102990984916687,-0.3317112922668457,-0.05917777637137078,0.02510198950767517,-0.37692534923553467,-0.07030532652629518,0.008351266384124756,-0.2007041573524475,-0.02233568163705968,0.0059347450733184814,-0.28971022367477417,-0.03721181074274682,0.0020654499530792236,-0.3457954525947571,-0.0513971983839383,-0.0014787614345550537,-0.39400583505630493,-0.061753404830824365,-0.01764652132987976,-0.18608760833740234,-0.02255431333674096,-0.0209367573261261,-0.26577651500701904,-0.03643448794377946,-0.02130034565925598,-0.31639736890792847,-0.04843859145535134,-0.022065818309783936,-0.35835230350494385,-0.05656155342353486,-0.04242515563964844,-0.1594008207321167,-0.026297991668116083,-0.04420402646064758,-0.2196311354637146,-0.038387672548424234,-0.04407763481140137,-0.2606523633003235,-0.04546198019875192,-0.04400700330734253,-0.2979092597961426,-0.05040283644689225
B,0.0,0.0,0.0,0.03481787443161011,-0.04058194160461426,-0.03163452084001506,0.047807395458221436,-0.10421764850616455,-0.044800851594771984,0.021664679050445557,-0.1567031741142273,-0.05449249605473483,-0.010424584150314331,-0.18823325634002686,-0.06329501057800258,0.03879600763320923,-0.19759821891784668,-0.024666512485708836,0.03768974542617798,-0.27940624952316284,-0.04175222302612269,0.03249180316925049,-0.3305423855781555,-0.05614354471501315,0.02599358558654785,-0.3751751184463501,-0.06658069426950419,0.009756207466125488,-0.2009606957435608,-0.021167773854102734,0.00813111662864685,-0.289789617061615,-0.035094760459031704,0.004566699266433716,-0.34604763984680176,-0.048101250182952526,0.0008027255535125732,-0.3929724097251892,-0.05748977894720042,-0.01591464877128601,-0.18737119436264038,-0.021405711870755795,-0.019727110862731934,-0.26729971170425415,-0.03448069478210414,-0.02005326747894287,-0.3177444338798523,-0.045180503379668835,-0.02091309428215027,-0.35887736082077026,-0.05232729400333369,-0.040714383125305176,-0.1613665223121643,-0.024980237808193806,-0.04372751712799072,-0.22146791219711304,-0.036693081360425595,-0.04392725229263306,-0.26164597272872925,-0.04288966963824237,-0.04415637254714966,-0.2976114749908447,-0.04690717915829623
B,0.0,0.0,0.0,0.03559955954551697,-0.04052513837814331,-0.034366736565146994,0.04893806576728821,-0.10167890787124634,-0.04921783358267362,0.02227357029914856,-0.1514972448348999,-0.06036210656574781,-0.009768128395080566,-0.1833173632621765,-0.07077898309043462,0.03949865698814392,-0.19593805074691772,-0.02665020376852567,0.038923293352127075,-0.2780025005340576,-0.04434776157549436,0.03416213393211365,-0.3290870785713196,-0.05984302089026983,0.028228849172592163,-0.37432295083999634,-0.07135310247949178,0.010409176349639893,-0.19855880737304688,-0.02251398414782102,0.009082973003387451,-0.28754961490631104,-0.037110725794349264,0.005181550979614258,-0.3434951901435852,-0.05228900015762861,0.0012115538120269775,-0.3913476765155792,-0.06369760856441076,-0.015447616577148438,-0.18483787775039673,-0.022338865701470922,-0.01839578151702881,-0.2647963762283325,-0.03624808267167623,-0.01866033673286438,-0.3158665597438812,-0.049593476955209326,-0.019604623317718506,-0.35791414976119995,-0.058893422041450094,-0.03993844985961914,-0.1590738296508789,-0.025640041012678694,-0.042301565408706665,-0.21946334838867188,-0.038113372777019094,-0.041848450899124146,-0.2602154016494751,-0.0460198394995075,-0.04145774245262146,-0.29690080881118774,-0.05171221346071775
B,0.0,0.0,0.0,0.03573295474052429,-0.041362464427948,-0.037016166902162695,0.04734721779823303,-0.10210686922073364,-0.05292807013449874,0.018735557794570923,-0.15287238359451294,-0.06467087433395591,-0.014067411422729492,-0.18727463483810425,-0.07551256433782783,0.04156818985939026,-0.19400888681411743,-0.027467385462500715,0.04128393530845642,-0.2763233780860901,-0.04520671308694091,0.03608855605125427,-0.32793527841567993,-0.06122441456375327,0.029585450887680054,-0.37381094694137573,-0.07331205025968757,0.012831538915634155,-0.19741731882095337,-0.022079935825445318,0.012761354446411133,-0.2859271764755249,-0.03660525248108115,0.009028226137161255,-0.3423500061035156,-0.05250465363917556,0.004645019769668579,-0.39084142446517944,-0.06471710518655982,-0.013120085000991821,-0.18480032682418823,-0.020990169203855658,-0.015682697296142578,-0.26391148567199707,-0.03479304403720107,-0.016132205724716187,-0.3143303394317627,-0.048844734734871054,-0.017478585243225098,-0.3556208610534668,-0.05886657030043807,-0.03854534029960632,-0.16062003374099731,-0.023631929016687536,-0.04131999611854553,-0.2198842167854309,-0.03591814503727164,-0.0410480797290802,-0.25990909337997437,-0.04435178131518569,-0.04070711135864258,-0.2958683967590332,-0.05067134515104499
B,0.0,0.0,0.0,0.035752445459365845,-0.039677321910858154,-0.04294653592202735,0.045384615659713745,-0.09985148906707764,-0.061023637480474235,0.016279906034469604,-0.14952880144119263,-0.07378399727437568,-0.016317158937454224,-0.1864059567451477,-0.0853271147379644,0.04218396544456482,-0.19395363330841064,-0.03076634166333747,0.04176601767539978,-0.2760900855064392,-0.04864550737235618,0.036761969327926636,-0.32761216163635254,-0.06557637063357902,0.030510514974594116,-0.3734424114227295,-0.07858573255631995,0.012674421072006226,-0.1970997452735901,-0.02272432839069438,0.013039201498031616,-0.2849862575531006,-0.037495702333188774,0.009371459484100342,-0.34201711416244507,-0.054895661599374534,0.004720717668533325,-0.3906870484352112,-0.06850133446548057,-0.014066427946090698,-0.18404000997543335,-0.019643546841479065,-0.01607528328895569,-0.2620582580566406,-0.034338608212209465,-0.01591894030570984,-0.31199175119400024,-0.05085935426447463,-0.016772925853729248,-0.3529794216156006,-0.06272057799193931,-0.03956657648086548,-0.16014635562896729,-0.020743010393715622,-0.04153302311897278,-0.21874183416366577,-0.0341437904307611,-0.04100462794303894,-0.25840216875076294,-0.044648006386495354,-0.04010435938835144,-0.2945752739906311,-0.05279206094834876
B,0.0,0.0,0.0,0.03560742735862732,-0.037512898445129395,-0.04742883805707265,0.043905168771743774,-0.09748661518096924,-0.0665092198975401,0.0157565176486969,-0.14675498008728027,-0.0792980222828703,-0.01736825704574585,-0.18317389488220215,-0.0905757202632742,0.04236063361167908,-0.1937757134437561,-0.033044497562201514,0.041634052991867065,-0.277209997177124,-0.05005064148977567,0.03630378842353821,-0.3297112286090851,-0.06683881868198682,0.02972814440727234,-0.37646329402923584,-0.07991184581592847,0.01289328932762146,-0.1968863606452942,-0.022317956281455054,0.012585848569869995,-0.28586483001708984,-0.03603915785029699,0.008568763732910156,-0.34406131505966187,-0.05368514273837377,0.003783702850341797,-0.39300182461738586,-0.06773685951307584,-0.0140971839427948,-0.18395894765853882,-0.01689458367005159,-0.015896856784820557,-0.26286280155181885,-0.030905145300181402,-0.01602599024772644,-0.31326258182525635,-0.04867917586639692,-0.017201721668243408,-0.353767454624176,-0.06161107410267164,-0.039476096630096436,-0.16117370128631592,-0.016025568438323035,-0.041392773389816284,-0.21956682205200195,-0.029047151175888075,-0.04140573740005493,-0.2587786912918091,-0.04051275838688184,-0.040614157915115356,-0.29398900270462036,-0.04964834366515447
B,0.0,0.0,0.0,0.03743049502372742,-0.03857499361038208,-0.03873985038705996,0.04741021990776062,-0.10441219806671143,-0.053702240452253136,0.01646074652671814,-0.15498149394989014,-0.0638915538937681,-0.018986046314239502,-0.18105965852737427,-0.07268516869851283,0.04455038905143738,-0.19959145784378052,-0.026065254226409706,0.044465094804763794,-0.2858960032463074,-0.04219899477072886,0.03952440619468689,-0.3393089473247528,-0.05747892485567263,0.03248277306556702,-0.3856935203075409,-0.06889503599711588,0.014608114957809448,-0.20424509048461914,-0.01914252305039099,0.015833526849746704,-0.2947692275047302,-0.03210394607492617,0.011647999286651611,-0.35453593730926514,-0.047433765247546944,0.006037205457687378,-0.40328696370124817,-0.0587297432274454,-0.011994868516921997,-0.19172042608261108,-0.016673417404376778,-0.012972116470336914,-0.27351856231689453,-0.029079869031988892,-0.013453781604766846,-0.32522010803222656,-0.04315141366430453,-0.01554858684539795,-0.36507830023765564,-0.05264944361158541,-0.03750404715538025,-0.1668912172317505,-0.018117176011287484,-0.03894290328025818,-0.2268744707107544,-0.029274502411567482,-0.038540780544281006,-0.2670057415962219,-0.037071564808570656,-0.0382763147354126,-0.3007434606552124,-0.04250952006884745
B,0.0,0.0,0.0,0.037960559129714966,-0.03699314594268799,-0.03734367735097521,0.05025169253349304,-0.09940046072006226,-0.05363214782784098,0.019815653562545776,-0.14611655473709106,-0.06567066929648036,-0.014200538396835327,-0.17321521043777466,-0.07662338040182703,0.04579022526741028,-0.20233505964279175,-0.030398037502266106,0.04770591855049133,-0.2920446991920471,-0.04941823355267161,0.04389062523841858,-0.3474186956882477,-0.0656104984075796,0.037598758935928345,-0.39406436681747437,-0.07699599138805979,0.015166282653808594,-0.2069493532180786,-0.025142258250809846,0.017941057682037354,-0.300783634185791,-0.04065159730026835,0.014219999313354492,-0.36205655336380005,-0.05647472313950175,0.009400486946105957,-0.4124329090118408,-0.06758732370445841,-0.011739790439605713,-0.19478660821914673,-0.023924704858757195,-0.011476963758468628,-0.27940303087234497,-0.03763451448986643,-0.011720836162567139,-0.33225277066230774,-0.051048320004440484,-0.012907594442367554,-0.37381380796432495,-0.05991426877091044,-0.03768587112426758,-0.168620765209198,-0.02646017096350306,-0.039175182580947876,-0.2286943793296814,-0.038067668894029794,-0.03864109516143799,-0.26963651180267334,-0.04505911118695849,-0.038173526525497437,-0.30474740266799927,-0.04963529131720179
B,0.0,0.0,0.0,0.039016902446746826,-0.03567397594451904,-0.0401218619374788,0.0537150502204895,-0.09603148698806763,-0.05945154393000962,0.022686094045639038,-0.14625608921051025,-0.07423269489689233,-0.011893749237060547,-0.17825448513031006,-0.08808187136335732,0.04930567741394043,-0.20539027452468872,-0.03690090143962266,0.05265164375305176,-0.2979587912559509,-0.059551560523942726,0.049250006675720215,-0.35560864210128784,-0.07792373487635018,0.04351454973220825,-0.40434175729751587,-0.09051039555950524,0.017856180667877197,-0.20988208055496216,-0.03156224006696107,0.021499931812286377,-0.3069061040878296,-0.05052939543409707,0.01763397455215454,-0.370893657207489,-0.06773432830257775,0.012409090995788574,-0.4242788255214691,-0.07956038156433465,-0.009728550910949707,-0.1977023482322693,-0.030291329341963547,-0.009447306394577026,-0.2850324511528015,-0.046690435352758186,-0.010537832975387573,-0.3397001326084137,-0.06013835335059525,-0.012495547533035278,-0.38323503732681274,-0.06882481017990472,-0.03715190291404724,-0.1711798906326294,-0.03296737113876702,-0.039181649684906006,-0.23347479104995728,-0.04674492517395379,-0.03887262940406799,-0.2752377390861511,-0.05393415802998902,-0.0388353168964386,-0.31101495027542114,-0.05827475825233819
B,0.0,0.0,0.0,0.041007041931152344,-0.0376431941986084,-0.04061281252842264,0.053048670291900635,-0.10831785202026367,-0.06009148005585985,0.018772035837173462,-0.16466230154037476,-0.07520566452484445,-0.018649578094482422,-0.20130467414855957,-0.08991954047422723,0.05482339859008789,-0.22941303253173828,-0.03849893007617311,0.056367695331573486,-0.33023595809936523,-0.06390812564831094,0.05302286148071289,-0.3954470753669739,-0.08483589012365655,0.046144723892211914,-0.45037031173706055,-0.09945717025738077,0.0189669132232666,-0.23420387506484985,-0.03595505599122362,0.022216051816940308,-0.3391175866127014,-0.05820698980431871,0.018889039754867554,-0.41268253326416016,-0.07841703612547235,0.01339372992515564,-0.474814772605896,-0.09205371458273248,-0.013852566480636597,-0.2167474627494812,-0.03767904211025552,-0.014413505792617798,-0.31464505195617676,-0.05822269935350732,-0.01626613736152649,-0.3762059807777405,-0.07446074057560281,-0.018715202808380127,-0.4285960793495178,-0.084596011230758,-0.04758232831954956,-0.18271183967590332,-0.043174862304738326,-0.04920780658721924,-0.25476670265197754,-0.06226429660063104,-0.0481286346912384,-0.30188339948654175,-0.07139458079080896,-0.04588407278060913,-0.345475435256958,-0.076413418540767
B,0.0,0.0,0.0,0.043772488832473755,-0.04115980863571167,-0.03800828286190949,0.059356868267059326,-0.11608928442001343,-0.05486222260375939,0.02160760760307312,-0.17433154582977295,-0.06755672671576463,-0.01619747281074524,-0.212399423122406,-0.0792828155376526,0.0581049919128418,-0.2375137209892273,-0.03495551922102891,0.05994999408721924,-0.3433695435523987,-0.0591412027992817,0.05583375692367554,-0.41062071919441223,-0.07821167536755524,0.048507481813430786,-0.46700313687324524,-0.09120332726021729,0.018951088190078735,-0.24604684114456177,-0.0325773385979744,0.022196710109710693,-0.3588431477546692,-0.052683695188960655,0.019223123788833618,-0.4319896101951599,-0.07020248749037705,0.015148967504501343,-0.4926849901676178,-0.08166895338078461,-0.014614403247833252,-0.23101603984832764,-0.03436136522074662,-0.01450490951538086,-0.3306191563606262,-0.05192264073272668,-0.013061046600341797,-0.3945586085319519,-0.06590317466040574,-0.012172996997833252,-0.4477759599685669,-0.07457348235627137,-0.046851515769958496,-0.19723480939865112,-0.03996563606639825,-0.048366695642471313,-0.270757794380188,-0.055490466735562904,-0.04627901315689087,-0.31889480352401733,-0.06260225453158341,-0.0433773398399353,-0.36270982027053833,-0.0662617413022133
B,0.0,0.0,0.0,0.04324859380722046,-0.04624533653259277,-0.04132887068735158,0.058160483837127686,-0.1257820725440979,-0.05926575604425466,0.018217623233795166,-0.18863904476165771,-0.0725131826435188,-0.0214308500289917,-0.23135530948638916,-0.08430879283295667,0.05686718225479126,-0.2493358850479126,-0.03569334465609586,0.059009432792663574,-0.35801297426223755,-0.06013508606301343,0.05364379286766052,-0.42693400382995605,-0.07963684666501081,0.04492729902267456,-0.4852435886859894,-0.09306599665032422,0.017586827278137207,-0.25837743282318115,-0.031904743049011586,0.021447420120239258,-0.37409907579421997,-0.05174806434260404,0.017841637134552002,-0.45000043511390686,-0.06927553284512555,0.012399256229400635,-0.5124170184135437,-0.08107321429596936,-0.01635885238647461,-0.24391502141952515,-0.032826204780207036,-0.01716497540473938,-0.34649378061294556,-0.050199088636503575,-0.016918867826461792,-0.4122668504714966,-0.06447928864108121,-0.018082797527313232,-0.4664127230644226,-0.07367972749815976,-0.049157172441482544,-0.21060991287231445,-0.03798003587471044,-0.05166444182395935,-0.2859908938407898,-0.05337515938626325,-0.050348520278930664,-0.33569467067718506,-0.061025322410927174,-0.04873764514923096,-0.38037168979644775,-0.06536857503996885
B,0.0,0.0,0.0,0.04332903027534485,-0.04775810241699219,-0.043978913381124585,0.057856351137161255,-0.12983781099319458,-0.06293874482753381,0.01785263419151306,-0.19744688272476196,-0.07670279096009835,-0.023745566606521606,-0.24242079257965088,-0.08874348054769143,0.05777972936630249,-0.2565990686416626,-0.036803095295454114,0.059312790632247925,-0.3696722984313965,-0.061444411679531186,0.053295254707336426,-0.44000911712646484,-0.0811371679151307,0.04402974247932434,-0.4997910261154175,-0.09480767200830087,0.01844877004623413,-0.26594895124435425,-0.03182883809449777,0.022274255752563477,-0.3856409788131714,-0.051713305219436734,0.01800099015235901,-0.46226224303245544,-0.06920735786798105,0.012045323848724365,-0.5251671671867371,-0.08110976467969522,-0.016044139862060547,-0.2518291473388672,-0.03186230610253915,-0.016069889068603516,-0.35812973976135254,-0.04940420265438661,-0.01598760485649109,-0.4248703122138977,-0.06345570336225137,-0.01734060049057007,-0.4799484610557556,-0.0725946823799859,-0.04940477013587952,-0.21892529726028442,-0.036423294498945324,-0.05185788869857788,-0.29643750190734863,-0.052009998514677136,-0.05091145634651184,-0.34704846143722534,-0.05957107867243394,-0.049532681703567505,-0.39277011156082153,-0.06391044954898462
B,0.0,0.0,0.0,0.04383331537246704,-0.050320982933044434,-0.04533060514438603,0.058586061000823975,-0.13406115770339966,-0.06419034921634648,0.01666259765625,-0.20398318767547607,-0.07762083285558674,-0.02539461851119995,-0.2502124309539795,-0.08899275832879994,0.05705103278160095,-0.26498085260391235,-0.033059785748605464,0.05938237905502319,-0.3777111768722534,-0.05578553178418133,0.05423411726951599,-0.44762736558914185,-0.0752056899021909,0.045347750186920166,-0.507614254951477,-0.08903991305339787,0.0175514817237854,-0.27482032775878906,-0.02716559232283089,0.021774500608444214,-0.3961825966835022,-0.04488960155356381,0.017465263605117798,-0.4727229177951813,-0.062193776155595515,0.010814130306243896,-0.5361268818378448,-0.07432198398817036,-0.017298221588134766,-0.2617141604423523,-0.026633872325305674,-0.016281962394714355,-0.36935698986053467,-0.04248207309353802,-0.015875935554504395,-0.4359394311904907,-0.05647672587144825,-0.01767602562904358,-0.4912683069705963,-0.06589313470828984,-0.0516798198223114,-0.22938686609268188,-0.030871360237483714,-0.054220229387283325,-0.308368444442749,-0.044656338776235316,-0.05327087640762329,-0.35826021432876587,-0.051342061395530436,-0.052130699157714844,-0.40302395820617676,-0.05537588768709156
B,0.0,0.0,0.0,0.04516372084617615,-0.052034735679626465,-0.04640661872781493,0.060044169425964355,-0.13777154684066772,-0.06602147541798331,0.01859116554260254,-0.20823711156845093,-0.0801581772402642,-0.024969130754470825,-0.2529643177986145,-0.09245946578539588,0.057461947202682495,-0.2705256938934326,-0.0351212354735253,0.06034570932388306,-0.3832895755767822,-0.05837726168192603,0.055148422718048096,-0.4532940983772278,-0.07838142238415458,0.046493738889694214,-0.5140729248523712,-0.09307986073054053,0.01813945174217224,-0.2792202830314636,-0.029344256444346684,0.022175222635269165,-0.40090882778167725,-0.04777373321212508,0.018239736557006836,-0.4774841070175171,-0.06609142146862723,0.012413352727890015,-0.5420581996440887,-0.0795289310053704,-0.0171889066696167,-0.264209508895874,-0.029032516701590794,-0.016850948333740234,-0.37271904945373535,-0.046005203796994465,-0.016236424446105957,-0.4411473274230957,-0.061716552300822514,-0.01745733618736267,-0.4983225166797638,-0.07277009956396796,-0.05226480960845947,-0.23022997379302979,-0.033533445967805164,-0.05480635166168213,-0.3104779124259949,-0.04875424079455115,-0.054193705320358276,-0.36330002546310425,-0.057491730375659245,-0.05358612537384033,-0.4114479422569275,-0.06352816842354514
B,0.0,0.0,0.0,0.04485064744949341,-0.05308800935745239,-0.04837788315404623,0.05873847007751465,-0.142001211643219,-0.06867357389916151,0.016378849744796753,-0.2162245512008667,-0.08298323349941938,-0.02797478437423706,-0.264415442943573,-0.09519694792021482,0.059196919202804565,-0.27475857734680176,-0.036075316834342175,0.06235918402671814,-0.3894231915473938,-0.059706628787409954,0.05732688307762146,-0.45979177951812744,-0.0798779209135887,0.04911327362060547,-0.5204441249370575,-0.09472868638027876,0.019264906644821167,-0.2840923070907593,-0.029600596520197087,0.024453312158584595,-0.4075666069984436,-0.04823524551380842,0.02151787281036377,-0.483428955078125,-0.06626847432841032,0.016756802797317505,-0.5469948053359985,-0.07941743777979582,-0.01682707667350769,-0.2691391110420227,-0.028917059767138653,-0.015308350324630737,-0.38078606128692627,-0.04647613363255232,-0.013749033212661743,-0.4493826627731323,-0.0621285405932781,-0.014097064733505249,-0.5067855417728424,-0.07312769489277571,-0.05259746313095093,-0.23486173152923584,-0.0332104829131481,-0.054558128118515015,-0.31619012355804443,-0.0493431356727001,-0.05337134003639221,-0.36902397871017456,-0.0584662039755699,-0.052006810903549194,-0.4175493121147156,-0.06471804575909346
B,0.0,0.0,0.0,0.04759839177131653,-0.05474412441253662,-0.047059130327056664,0.06278550624847412,-0.14400947093963623,-0.0666525442462671,0.019483119249343872,-0.21596390008926392,-0.08084836642558457,-0.024720102548599243,-0.2601146697998047,-0.09337097446734788,0.05950421094894409,-0.27648788690567017,-0.035007566617082375,0.0635223388671875,-0.39122581481933594,-0.058536161140750664,0.05896374583244324,-0.4627339839935303,-0.0789513815503824,0.050718098878860474,-0.5245766341686249,-0.09408799599225404,0.01949334144592285,-0.28473329544067383,-0.029628919841002244,0.025066018104553223,-0.4105660319328308,-0.04822335805113198,0.02197498083114624,-0.4884486198425293,-0.067120716379236,0.016677647829055786,-0.5540359020233154,-0.08110437582547547,-0.01685202121734619,-0.26876312494277954,-0.029915133894633072,-0.014969199895858765,-0.3819119930267334,-0.04736501763875367,-0.013977974653244019,-0.4532565474510193,-0.06416347663218858,-0.015306025743484497,-0.5123101770877838,-0.07604159455115678,-0.053504377603530884,-0.23361676931381226,-0.03508857305462243,-0.05524027347564697,-0.3178534507751465,-0.0507485274534929,-0.054462581872940063,-0.37354183197021484,-0.0601472150843847,-0.05397489666938782,-0.4240005612373352,-0.06688089709098222
B,0.0,0.0,0.0,0.04605370759963989,-0.05296003818511963,-0.04941113821774934,0.06127592921257019,-0.14356249570846558,-0.06938989244014238,0.018986016511917114,-0.21809667348861694,-0.08335134170562242,-0.02502724528312683,-0.2662193179130554,-0.09534400485068772,0.060924023389816284,-0.2803206443786621,-0.03577289886385415,0.06473866105079651,-0.39572227001190186,-0.058795036446156246,0.060499340295791626,-0.4670727550983429,-0.07918570719272111,0.05283215641975403,-0.5291377305984497,-0.09457642368585084,0.020443379878997803,-0.2891259789466858,-0.029146441887917263,0.02571454644203186,-0.4136761724948883,-0.04720272652417634,0.022983163595199585,-0.49053218960762024,-0.06638277105599855,0.01843893527984619,-0.5553745031356812,-0.08083782873660539,-0.01642507314682007,-0.2727773189544678,-0.028452964197697383,-0.014863818883895874,-0.38515084981918335,-0.046116755973400814,-0.013530313968658447,-0.4560202658176422,-0.0639538445284984,-0.014455080032348633,-0.5156804025173187,-0.0767409258297107,-0.05285215377807617,-0.2372375726699829,-0.03278910152226899,-0.05445089936256409,-0.32096582651138306,-0.04966864145904992,-0.054067522287368774,-0.3765103816986084,-0.060478226911129696,-0.053852617740631104,-0.4279438257217407,-0.06826371483117555
B,0.0,0.0,0.0,0.04631495475769043,-0.053082406520843506,-0.0538394961312747,0.06055170297622681,-0.1421458125114441,-0.07592522611770391,0.01757502555847168,-0.21585655212402344,-0.09110537430200338,-0.026265740394592285,-0.2663571834564209,-0.10423554738912344,0.06109103560447693,-0.2807430028915405,-0.039734913761947155,0.06473737955093384,-0.3971298933029175,-0.06352700551900625,0.06032663583755493,-0.4697468876838684,-0.08483350535783529,0.05267795920372009,-0.5326967835426331,-0.10077854504737616,0.02022615075111389,-0.28936290740966797,-0.03115446938130617,0.025277823209762573,-0.41711556911468506,-0.049510421957108974,0.022388100624084473,-0.49536004662513733,-0.06961617132577658,0.017872273921966553,-0.5610426366329193,-0.08479862919006109,-0.016971349716186523,-0.27327489852905273,-0.028810909743640423,-0.014725178480148315,-0.38758373260498047,-0.04661324506554365,-0.013159722089767456,-0.4586767554283142,-0.06560477128181219,-0.01342552900314331,-0.5181177854537964,-0.0792962338582015,-0.05392447113990784,-0.2384762167930603,-0.031858931089971065,-0.055890947580337524,-0.3224244713783264,-0.04832317566427946,-0.05510017275810242,-0.3769998550415039,-0.05947431808266401,-0.05383026599884033,-0.427593469619751,-0.06777557989511251
B,0.0,0.0,0.0,0.047884851694107056,-0.05358856916427612,-0.052267373217375734,0.06305289268493652,-0.143559992313385,-0.0733931443226652,0.020554721355438232,-0.21822375059127808,-0.08800260038498209,-0.023388653993606567,-0.26772451400756836,-0.1007584414017515,0.06338348984718323,-0.28094595670700073,-0.03838734017136858,0.06866899132728577,-0.3972335755825043,-0.06203182102564142,0.06494876742362976,-0.47022587060928345,-0.08335900367620752,0.058110177516937256,-0.5336064994335175,-0.09946634681347177,0.02232995629310608,-0.2897091507911682,-0.030517614124448755,0.02808356285095215,-0.418110728263855,-0.04876549230340288,0.025298714637756348,-0.4966251254081726,-0.06914382488849924,0.021306782960891724,-0.56289142370224,-0.08472235561731623,-0.015257716178894043,-0.2732583284378052,-0.028679025037320116,-0.012953013181686401,-0.38766491413116455,-0.04632716686847971,-0.011316537857055664,-0.45933812856674194,-0.06557317139032648,-0.011252909898757935,-0.5189563035964966,-0.07962069721344278,-0.05251657962799072,-0.23761284351348877,-0.03208407075527475,-0.054170429706573486,-0.3217371702194214,-0.048570529235632875,-0.05316430330276489,-0.37709397077560425,-0.059918009353907564,-0.051692962646484375,-0.4281713366508484,-0.06847100020769403
B,0.0,0.0,0.0,0.047880321741104126,-0.05180150270462036,-0.05409513787083142,0.0629633367061615,-0.14007920026779175,-0.07668262720756047,0.022072523832321167,-0.2145046591758728,-0.09258863330535405,-0.021041065454483032,-0.26699453592300415,-0.106806553906722,0.06387442350387573,-0.27857720851898193,-0.042058222002310686,0.06948363780975342,-0.3967968821525574,-0.06713642180613988,0.06587830185890198,-0.4714999794960022,-0.08920243383101933,0.05919983983039856,-0.5361874103546143,-0.10582898557834142,0.023341000080108643,-0.28729575872421265,-0.033903732902331285,0.029787451028823853,-0.41635841131210327,-0.053731873637957506,0.027378082275390625,-0.4955466091632843,-0.07525051385812276,0.023583561182022095,-0.5626090168952942,-0.09177558869771474,-0.014211028814315796,-0.27107667922973633,-0.031849075115246706,-0.011523127555847168,-0.38588958978652954,-0.05085022375635617,-0.009593456983566284,-0.45822829008102417,-0.07117854804448598,-0.009188055992126465,-0.5187778770923615,-0.08607947081975453,-0.051363348960876465,-0.23608940839767456,-0.03514126316360944,-0.052309662103652954,-0.3211808204650879,-0.0528405830328893,-0.05101531744003296,-0.3774645924568176,-0.06528016180448049,-0.04947194457054138,-0.4295223653316498,-0.07477894426040166
B,0.0,0.0,0.0,0.04927331209182739,-0.05311363935470581,-0.051787991996718574,0.06620395183563232,-0.14344072341918945,-0.07437630089731329,0.026377886533737183,-0.22310662269592285,-0.09076102169962041,-0.017279386520385742,-0.27799421548843384,-0.10543470176668279,0.07091954350471497,-0.28329741954803467,-0.04318007918806188,0.07510367035865784,-0.4046729803085327,-0.07040044757337682,0.07207462191581726,-0.4812329411506653,-0.09266202988834493,0.06654474139213562,-0.5472555458545685,-0.10867571177692525,0.02802407741546631,-0.291986346244812,-0.036605083372307945,0.033066004514694214,-0.42397016286849976,-0.05912340896935575,0.031227827072143555,-0.5069043338298798,-0.07947161140651815,0.028762906789779663,-0.576654314994812,-0.09397999289245718,-0.011303693056106567,-0.27441173791885376,-0.03588655683012121,-0.009628385305404663,-0.39178770780563354,-0.05681472363681905,-0.006432175636291504,-0.4660414159297943,-0.07411194684715383,-0.004106670618057251,-0.5295811295509338,-0.08576669635982626,-0.050752609968185425,-0.23855096101760864,-0.04036642703027837,-0.0510079562664032,-0.327267587184906,-0.05927990096421354,-0.04796674847602844,-0.3848532438278198,-0.06970346065969579,-0.04410281777381897,-0.43896520137786865,-0.07661361339302175
B,0.0,0.0,0.0,0.05001628398895264,-0.052671730518341064,-0.0517547645043237,0.06615012884140015,-0.1455552577972412,-0.07396240834106038,0.025629490613937378,-0.22338569164276123,-0.09008755836595128,-0.019428253173828125,-0.27575767040252686,-0.10489081893075536,0.06798213720321655,-0.28473013639450073,-0.043711900002847415,0.07362931966781616,-0.406294584274292,-0.06983798298944066,0.07104012370109558,-0.4825356900691986,-0.09165486995090077,0.06521818041801453,-0.5485507547855377,-0.10792499337304662,0.02581244707107544,-0.2934316396713257,-0.03751185465563367,0.03253111243247986,-0.4272420406341553,-0.058643325455079776,0.03145945072174072,-0.5096830427646637,-0.07964341644157003,0.02881959080696106,-0.5791912078857422,-0.09550605270970891,-0.013392031192779541,-0.27551519870758057,-0.03705924306024144,-0.010104000568389893,-0.39554306864738464,-0.05698397684801648,-0.006792783737182617,-0.47136127948760986,-0.07645639333833287,-0.005236715078353882,-0.5347090661525726,-0.09043695334304402,-0.05244320631027222,-0.23842692375183105,-0.04173104766715596,-0.052843958139419556,-0.32987892627716064,-0.06015532020438741,-0.05015075206756592,-0.39000797271728516,-0.07213051918853353,-0.047329217195510864,-0.4450947046279907,-0.08101912144530843
B,0.0,0.0,0.0,0.05110746622085571,-0.05336332321166992,-0.05124384783306368,0.06754502654075623,-0.14749091863632202,-0.0728669526437784,0.024975329637527466,-0.2262604832649231,-0.08845347039499529,-0.01991051435470581,-0.2785165309906006,-0.10245709739723452,0.06965091824531555,-0.28707438707351685,-0.0422452340284849,0.07576796412467957,-0.40975144505500793,-0.06838955603637942,0.07308799028396606,-0.48734092712402344,-0.09036921583214053,0.0669904351234436,-0.5547353625297546,-0.10670882336893328,0.026827871799468994,-0.29649823904037476,-0.03624277062812098,0.034030258655548096,-0.4316245913505554,-0.05729737378754862,0.033322036266326904,-0.5153688490390778,-0.07806699596443423,0.031026333570480347,-0.5861271917819977,-0.09363142274418124,-0.01265755295753479,-0.279106080532074,-0.036033521072056374,-0.010462433099746704,-0.3984742760658264,-0.05570419751205691,-0.006500124931335449,-0.474553644657135,-0.07455250494280108,-0.004557609558105469,-0.538135290145874,-0.08798176668682345,-0.05183383822441101,-0.24251842498779297,-0.04098684959211596,-0.052104949951171875,-0.33372628688812256,-0.058971064762260994,-0.049168288707733154,-0.3940542936325073,-0.07030862443247088,-0.0463082492351532,-0.44977784156799316,-0.07862783096828707
B,0.0,0.0,0.0,0.0515192449092865,-0.05237913131713867,-0.053201218921060445,0.06855535507202148,-0.14695388078689575,-0.07538569145214069,0.02528160810470581,-0.22568416595458984,-0.09112776987564075,-0.020222246646881104,-0.2780036926269531,-0.10532431476127613,0.07094725966453552,-0.28803056478500366,-0.04352620788228023,0.0771850049495697,-0.4111964702606201,-0.06960883908283222,0.0740990936756134,-0.4893121123313904,-0.09197122030269611,0.0676678717136383,-0.5571495890617371,-0.10891689531814563,0.027837425470352173,-0.2975415587425232,-0.03690336816322315,0.0357109010219574,-0.43259334564208984,-0.058045012730474355,0.03466135263442993,-0.5161682963371277,-0.07995186172735202,0.032059282064437866,-0.5872399210929871,-0.09671475909959781,-0.01223483681678772,-0.2803220748901367,-0.036237006861085774,-0.00901070237159729,-0.40030086040496826,-0.05638724364649761,-0.005157768726348877,-0.4771249294281006,-0.07715650819551456,-0.0034862160682678223,-0.5420538187026978,-0.0923243778229903,-0.0520729124546051,-0.24384284019470215,-0.04083501719247806,-0.05147096514701843,-0.3349875211715698,-0.05967030845891941,-0.04857650399208069,-0.39539459347724915,-0.07256987862598407,-0.045817941427230835,-0.4520260989665985,-0.08241825722467411
B,0.0,0.0,0.0,0.05238714814186096,-0.052043795585632324,-0.05424486073218304,0.06991603970527649,-0.14774352312088013,-0.07677852707467991,0.026126623153686523,-0.22639966011047363,-0.092613082104549,-0.019945800304412842,-0.27849215269088745,-0.10689827399812657,0.07170048356056213,-0.29031533002853394,-0.04473333778344113,0.07799479365348816,-0.4139552116394043,-0.07096201526485402,0.07482609152793884,-0.4925023317337036,-0.09347331868968922,0.06816041469573975,-0.560535341501236,-0.11063746707998234,0.028313755989074707,-0.29979681968688965,-0.037878323071822706,0.036899298429489136,-0.4355708360671997,-0.05915162684880215,0.03616151213645935,-0.5195649564266205,-0.08132676380239445,0.033529818058013916,-0.5908743441104889,-0.09834556626640278,-0.012053132057189941,-0.28214651346206665,-0.0370727700229736,-0.007466644048690796,-0.4039081633090973,-0.05773750665150601,-0.003951579332351685,-0.4817773699760437,-0.07930101799331624,-0.003128230571746826,-0.5474222302436829,-0.0950367783244701,-0.052271246910095215,-0.2448292374610901,-0.0415612828966232,-0.05090591311454773,-0.33625638484954834,-0.061255685710534635,-0.048351824283599854,-0.3972018361091614,-0.07495338069759327,-0.046542346477508545,-0.4542136788368225,-0.08537462698780018
B,0.0,0.0,0.0,0.052566587924957275,-0.05123203992843628,-0.05479490114868213,0.07149940729141235,-0.14638501405715942,-0.07761527328312923,0.028452366590499878,-0.2250722050666809,-0.09369653193772365,-0.017691463232040405,-0.27726906538009644,-0.10820890693486263,0.07159397006034851,-0.2912510633468628,-0.045287937955265534,0.07825782895088196,-0.415663480758667,-0.07168955086291362,0.07491019368171692,-0.4948957860469818,-0.09431188283980418,0.06792649626731873,-0.563465029001236,-0.11154802619040538,0.028277099132537842,-0.300906777381897,-0.03832577271879245,0.03712880611419678,-0.43698737025260925,-0.05972324414670993,0.036214202642440796,-0.5213731527328491,-0.08207233725607921,0.03348129987716675,-0.5933003127574921,-0.09928456424296428,-0.012125492095947266,-0.28331440687179565,-0.0374343405526929,-0.007247269153594971,-0.40540140867233276,-0.05818690835059215,-0.003484755754470825,-0.48329687118530273,-0.07985430686295558,-0.002332925796508789,-0.5492752194404602,-0.09576155720770885,-0.05264294147491455,-0.24590373039245605,-0.04190647705019046,-0.05123722553253174,-0.3370164632797241,-0.061734994040136826,-0.04861155152320862,-0.3978768289089203,-0.07552704690516521,-0.046719133853912354,-0.45516449213027954,-0.08607629417002727
B,0.0,0.0,0.0,0.05215120315551758,-0.053105831146240234,-0.05321791921903696,0.07106831669807434,-0.149946928024292,-0.07537837852885332,0.02810448408126831,-0.22932976484298706,-0.09115570564915743,-0.01896682381629944,-0.281105101108551,-0.10534368981768694,0.0722166895866394,-0.29443955421447754,-0.04313172553827371,0.07892045378684998,-0.41849929094314575,-0.06942087193181123,0.07586157321929932,-0.4973457455635071,-0.09202216346909609,0.06928867101669312,-0.5659727454185486,-0.10926364888598528,0.02853715419769287,-0.30416446924209595,-0.03695694510986414,0.037352144718170166,-0.43979936838150024,-0.05833626319815721,0.036970943212509155,-0.5240609049797058,-0.08046994139601793,0.03484341502189636,-0.5962270498275757,-0.0974242143814763,-0.01219525933265686,-0.28619498014450073,-0.03681394239117708,-0.0077612996101379395,-0.40806910395622253,-0.057581768978138825,-0.0036716461181640625,-0.48601382970809937,-0.07877391358067598,-0.002238154411315918,-0.552435040473938,-0.0942380480950078,-0.052807629108428955,-0.24813741445541382,-0.04194395025422182,-0.05145543813705444,-0.33945971727371216,-0.06178821032096948,-0.04872855544090271,-0.40085721015930176,-0.07525790264060106,-0.046736061573028564,-0.45879343152046204,-0.08546030302693453
B,0.0,0.0,0.0,0.05138716101646423,-0.05220174789428711,-0.05481002731329454,0.07055118680000305,-0.1480867862701416,-0.07798250643617166,0.027813225984573364,-0.2295207381248474,-0.09447555868035806,-0.018217623233795166,-0.284939706325531,-0.10925681768065942,0.07278761267662048,-0.2937178611755371,-0.04486262677318109,0.07991746068000793,-0.4199056327342987,-0.0717129993260528,0.07637038826942444,-0.4995507001876831,-0.09453686950809015,0.06925517320632935,-0.568489134311676,-0.11175517616874231,0.029680311679840088,-0.30365389585494995,-0.03798141954547418,0.0395352840423584,-0.4413505792617798,-0.05957166357046617,0.03839826583862305,-0.5255478918552399,-0.08170298365956796,0.03534623980522156,-0.5971114039421082,-0.09857836989766611,-0.01057615876197815,-0.2866089344024658,-0.03721497459417833,-0.005464643239974976,-0.4097464084625244,-0.057666825783314835,-0.0018609464168548584,-0.4874558448791504,-0.0783953729093696,-0.0006906390190124512,-0.5531632006168365,-0.09361522523767007,-0.051139235496520996,-0.24949491024017334,-0.04188227532512201,-0.050280213356018066,-0.3417646884918213,-0.06118059037333978,-0.04774761199951172,-0.40270566940307617,-0.07407735167151941,-0.04560020565986633,-0.45984113216400146,-0.08383922157889856
B,0.0,0.0,0.0,0.05191120505332947,-0.051451683044433594,-0.053399388189859565,0.072119802236557,-0.1473051905632019,-0.07602694674903887,0.02995404601097107,-0.22862792015075684,-0.0923360888617708,-0.01698508858680725,-0.2814024090766907,-0.10711115642959612,0.07347822189331055,-0.29376667737960815,-0.044336419995374854,0.08066233992576599,-0.41937729716300964,-0.07116009339267748,0.07738953828811646,-0.4988054633140564,-0.09396473362619417,0.07061243057250977,-0.5680318474769592,-0.11115457161838549,0.029895156621932983,-0.30380457639694214,-0.03811711862260836,0.03941863775253296,-0.4410581588745117,-0.05956208750183123,0.0383743941783905,-0.5253117978572845,-0.08143262609416979,0.03565174341201782,-0.5974500775337219,-0.09818551733667391,-0.01047787070274353,-0.2864357829093933,-0.0378166963117792,-0.00580596923828125,-0.4086213707923889,-0.058012310858316596,-0.0022288262844085693,-0.48622798919677734,-0.07807619168931978,-0.0011008083820343018,-0.5517832040786743,-0.09277222349817293,-0.050944983959198,-0.24873816967010498,-0.04289736270482081,-0.04965725541114807,-0.34197187423706055,-0.06167545213872927,-0.04665571451187134,-0.4033840298652649,-0.07383351072246569,-0.04421225190162659,-0.4604862332344055,-0.08304115429098147
B,0.0,0.0,0.0,0.05204162001609802,-0.05362439155578613,-0.053208011272715794,0.07190585136413574,-0.1496729850769043,-0.07592143777327465,0.02914145588874817,-0.23153674602508545,-0.09244283947663234,-0.018311262130737305,-0.2842367887496948,-0.10727290723042415,0.0756385326385498,-0.2945655584335327,-0.04316727730946468,0.08235341310501099,-0.420742005109787,-0.07020405593829082,0.07884883880615234,-0.5007857382297516,-0.0931811845632069,0.07207369804382324,-0.5702640414237976,-0.11037230405526088,0.032447755336761475,-0.30488359928131104,-0.03692218947725223,0.041798919439315796,-0.44246596097946167,-0.05865170720534252,0.0404391884803772,-0.527819037437439,-0.08038845572190212,0.03762620687484741,-0.6003231108188629,-0.09678955290036129,-0.007730394601821899,-0.28818070888519287,-0.036659053597020375,-0.0028960108757019043,-0.4113512337207794,-0.05684428575949596,0.0003216564655303955,-0.48932942748069763,-0.07619314554648327,0.0012961626052856445,-0.5544516146183014,-0.0901846504540913,-0.04829511046409607,-0.2512412667274475,-0.041829484585093724,-0.04769536852836609,-0.3434024453163147,-0.06048734027461933,-0.04549765586853027,-0.40483593940734863,-0.0721472865672581,-0.04373741149902344,-0.46137112379074097,-0.08074062976555751
B,0.0,0.0,0.0,0.05252426862716675,-0.05247443914413452,-0.05315625010734948,0.07362422347068787,-0.14869016408920288,-0.07588850795036706,0.029791980981826782,-0.2299014925956726,-0.09239895730024728,-0.017672747373580933,-0.281660795211792,-0.10727401911026391,0.0749533474445343,-0.29479312896728516,-0.0437238448739663,0.08202728629112244,-0.4213094711303711,-0.07068788348442467,0.07895413041114807,-0.5010452568531036,-0.09328406392342004,0.07265427708625793,-0.5700761079788208,-0.11025136797434243,0.03171205520629883,-0.30506473779678345,-0.03762924014336022,0.04122740030288696,-0.4429449141025543,-0.05946368067270669,0.04012557864189148,-0.528581291437149,-0.08127711801535042,0.037608176469802856,-0.6013156771659851,-0.09771642922169121,-0.00833272933959961,-0.2878771424293518,-0.03749225749379548,-0.0029511749744415283,-0.4117480516433716,-0.05817741243845376,0.0005206465721130371,-0.4900437593460083,-0.07830059616571816,0.0017853081226348877,-0.5555919110774994,-0.09277398972517403,-0.04850366711616516,-0.25018513202667236,-0.042690426993431174,-0.04755726456642151,-0.3420438766479492,-0.062141385811628425,-0.0453357994556427,-0.40362659096717834,-0.07462158887392434,-0.04370179772377014,-0.4606401324272156,-0.08377951471811684
B,0.0,0.0,0.0,0.05259302258491516,-0.05347329378128052,-0.053332832018043064,0.0730597972869873,-0.1520479917526245,-0.0757033455466285,0.028046339750289917,-0.23300641775131226,-0.09171714664449837,-0.020902633666992188,-0.2847937345504761,-0.10606963218202736,0.0765545666217804,-0.2967872619628906,-0.043753333697225116,0.08233770728111267,-0.42321276664733887,-0.07049644024124291,0.07867178320884705,-0.5031740069389343,-0.09327083111753609,0.0721430778503418,-0.5730319619178772,-0.11061414361944344,0.03209593892097473,-0.3070705533027649,-0.037759371409322284,0.04034176468849182,-0.44411274790763855,-0.059533421257640384,0.03952249884605408,-0.5306414067745209,-0.08188802034607079,0.03768235445022583,-0.604561448097229,-0.09904967279186394,-0.009067773818969727,-0.2894183397293091,-0.037768453667069934,-0.004748791456222534,-0.4125131070613861,-0.05882035971632149,-0.0004923641681671143,-0.49112221598625183,-0.07996338636627343,0.0013096034526824951,-0.5569616556167603,-0.09536301375379708,-0.049928218126297,-0.2513884902000427,-0.04309292913427498,-0.048575133085250854,-0.34293627738952637,-0.06329681009998467,-0.04597404599189758,-0.4049443006515503,-0.0767998027895942,-0.0439944863319397,-0.4628938138484955,-0.08692985803833153
B,0.0,0.0,0.0,0.05278259515762329,-0.05212366580963135,-0.05476707425088989,0.07388922572135925,-0.148875892162323,-0.07787687908978569,0.030847162008285522,-0.23076683282852173,-0.09444636684031593,-0.016522854566574097,-0.28450894355773926,-0.10926911812396156,0.07622802257537842,-0.2968657612800598,-0.04445903580756294,0.08290654420852661,-0.42398732900619507,-0.07126039099068748,0.07958477735519409,-0.5042504072189331,-0.09405550193162071,0.07280492782592773,-0.574167013168335,-0.11123798620076286,0.0326366126537323,-0.3074333667755127,-0.037565881573868865,0.04181373119354248,-0.4460732340812683,-0.05914143305392372,0.040796905755996704,-0.5327972173690796,-0.08127673547835457,0.0379166305065155,-0.6070014536380768,-0.0980881957349311,-0.007743477821350098,-0.2901188135147095,-0.03675952386231529,-0.002613842487335205,-0.41377270221710205,-0.057238357329083556,0.0010039806365966797,-0.49235767126083374,-0.0777082724508773,0.0020634233951568604,-0.5582754015922546,-0.0924892036256324,-0.04840719699859619,-0.2523050308227539,-0.041437419318867796,-0.04723009467124939,-0.34491968154907227,-0.060633609258843535,-0.044706255197525024,-0.40635839104652405,-0.07317388635249245,-0.04290112853050232,-0.4631761908531189,-0.08246382158370125
B,0.0,0.0,0.0,0.05379512906074524,-0.05419355630874634,-0.05187792016744197,0.07539382576942444,-0.15180838108062744,-0.0736192023622948,0.029798299074172974,-0.2325817346572876,-0.08947054355024875,-0.01835787296295166,-0.28314894437789917,-0.10390079824804843,0.07599499821662903,-0.29766225814819336,-0.04137560783505023,0.08301064372062683,-0.4232988655567169,-0.06788235216021121,0.08022066950798035,-0.5031032562255859,-0.09081351070284427,0.07403483986854553,-0.5730370879173279,-0.10838528035759509,0.0319979190826416,-0.3081676959991455,-0.036110256450172074,0.040550172328948975,-0.4454168677330017,-0.05785067810296596,0.039911121129989624,-0.5313139855861664,-0.0807571640479523,0.037815749645233154,-0.6055258214473724,-0.09840636013626636,-0.008671790361404419,-0.2907664179801941,-0.0367658442127663,-0.0042452216148376465,-0.4140397906303406,-0.05782184808134616,-0.0005304813385009766,-0.49319636821746826,-0.07936459092974246,0.0004610717296600342,-0.5593457520008087,-0.0950248470771271,-0.049496352672576904,-0.252579927444458,-0.04261661379217685,-0.048396676778793335,-0.34541839361190796,-0.06246808602094234,-0.04584544897079468,-0.4081622064113617,-0.07589040754913867,-0.04415753483772278,-0.46611499786376953,-0.08602803258776248
B,0.0,0.0,0.0,0.053162187337875366,-0.05434525012969971,-0.05274388417518594,0.07346224784851074,-0.1527077555656433,-0.07469424083745935,0.02854582667350769,-0.23533391952514648,-0.09042526259935357,-0.01939171552658081,-0.28952741622924805,-0.1045759193590925,0.07723873853683472,-0.2980617880821228,-0.04194182380950906,0.08378380537033081,-0.4233936071395874,-0.06858125552452066,0.08072638511657715,-0.5026931464672089,-0.09147040024316766,0.07455265522003174,-0.5725357234477997,-0.10900803878820398,0.03309163451194763,-0.3096383213996887,-0.03618397787130334,0.041334331035614014,-0.44598388671875,-0.05810382813132264,0.04063427448272705,-0.5324559807777405,-0.08078681901014306,0.03863656520843506,-0.6073605120182037,-0.09826135858810403,-0.00802716612815857,-0.292482852935791,-0.03647825717843034,-0.004358619451522827,-0.41522249579429626,-0.05780687406576135,-0.00030094385147094727,-0.49363386631011963,-0.07895134612834909,0.0013908445835113525,-0.5596713125705719,-0.09432742968118646,-0.04952743649482727,-0.2543451189994812,-0.04202831014907815,-0.04890251159667969,-0.3463377356529236,-0.062372966109876415,-0.04580149054527283,-0.4084518849849701,-0.07590192779815652,-0.042796164751052856,-0.46645838022232056,-0.08602104559457757
B,0.0,0.0,0.0,0.05419337749481201,-0.05413776636123657,-0.05327954191994877,0.07423114776611328,-0.15181922912597656,-0.0755553697450182,0.0286790132522583,-0.23277002573013306,-0.09164187360835285,-0.01852986216545105,-0.2855978012084961,-0.10633456010651798,0.07513391971588135,-0.29847490787506104,-0.04259074155521603,0.08225446939468384,-0.4240434765815735,-0.06899900783133717,0.07917416095733643,-0.5037681460380554,-0.0921755810482523,0.07250851392745972,-0.5737991333007812,-0.11010163326096745,0.031150341033935547,-0.30895787477493286,-0.03671270285082073,0.039816856384277344,-0.44634538888931274,-0.05821766753030033,0.03901851177215576,-0.5319325923919678,-0.08160577018094273,0.03649893403053284,-0.6066125929355621,-0.09984210927319737,-0.009586870670318604,-0.29086577892303467,-0.03684369523358555,-0.004867643117904663,-0.414129376411438,-0.057871141026737405,-0.0013524889945983887,-0.49286121129989624,-0.0802398179872057,-0.0007097125053405762,-0.5590989887714386,-0.0967035447461626,-0.050202250480651855,-0.25154340267181396,-0.0422364589972517,-0.049142926931381226,-0.34404534101486206,-0.06219672460389347,-0.04649677872657776,-0.40632379055023193,-0.0761734550101778,-0.044873058795928955,-0.46405237913131714,-0.08693399329018803
B,0.0,0.0,0.0,0.05351656675338745,-0.05586117506027222,-0.05244065040812984,0.07309126853942871,-0.15371745824813843,-0.07429380307064548,0.026969611644744873,-0.23426377773284912,-0.09004149923191562,-0.020482391119003296,-0.28776293992996216,-0.104220594857793,0.07482916116714478,-0.2982208728790283,-0.04149823600516811,0.08162438869476318,-0.4231911599636078,-0.06786735693083301,0.07850688695907593,-0.5025888085365295,-0.09068592975006595,0.07221978902816772,-0.5725170075893402,-0.10821798035965458,0.03090757131576538,-0.3086838722229004,-0.035705018435578495,0.038811177015304565,-0.4455033838748932,-0.05714849347339168,0.038113296031951904,-0.5311824977397919,-0.07971781084404483,0.03607851266860962,-0.6057810187339783,-0.09723629394636646,-0.009587317705154419,-0.290691077709198,-0.03592194208965793,-0.005641460418701172,-0.41270968317985535,-0.05679787660108104,-0.0016658902168273926,-0.4909653663635254,-0.0780176330553104,-0.0004912614822387695,-0.5570206940174103,-0.09359625319109455,-0.049893468618392944,-0.25186681747436523,-0.04137757757769123,-0.049232155084609985,-0.3431050777435303,-0.06110227445230976,-0.04687991738319397,-0.4050564765930176,-0.07438899913893238,-0.045515090227127075,-0.46302229166030884,-0.08453668246136203
B,0.0,0.0,0.0,0.051994115114212036,-0.05637848377227783,-0.04873647847381335,0.07205736637115479,-0.15352553129196167,-0.07002497398462992,0.027274280786514282,-0.23507928848266602,-0.08598627829161387,-0.01915636658668518,-0.2884489893913269,-0.10041730784979563,0.07529312372207642,-0.295062780380249,-0.04034366392698985,0.0825657844543457,-0.42173466086387634,-0.06773894959297877,0.0793721079826355,-0.5013937652111053,-0.09064336800184947,0.07221347093582153,-0.5706566274166107,-0.1076195531448434,0.0318777859210968,-0.30612820386886597,-0.03634023227897387,0.041085898876190186,-0.4446428418159485,-0.05848117106762629,0.03953704237937927,-0.5300630629062653,-0.07985269957390528,0.035744547843933105,-0.6026805937290192,-0.09569738739338618,-0.007836520671844482,-0.2893099784851074,-0.03790779718366366,-0.003826737403869629,-0.41155070066452026,-0.05783691191282969,-0.0006918907165527344,-0.48957955837249756,-0.07601938330736857,-0.000299602746963501,-0.5549636781215668,-0.08920239591208201,-0.04726839065551758,-0.2513641119003296,-0.0445673161109994,-0.04689320921897888,-0.34217584133148193,-0.06254234098997813,-0.04486721754074097,-0.40276578068733215,-0.07278999620285731,-0.043899208307266235,-0.4581959545612335,-0.08025943421927195
B,0.0,0.0,0.0,0.05260506272315979,-0.05485427379608154,-0.05131720600348899,0.0717388391494751,-0.15215295553207397,-0.07275246677619407,0.028481125831604004,-0.23525381088256836,-0.08809066412669608,-0.017844170331954956,-0.289223313331604,-0.10153456626159141,0.07483506202697754,-0.29453063011169434,-0.04154056159478614,0.08257472515106201,-0.42132455110549927,-0.0678073227189202,0.07967144250869751,-0.5014970302581787,-0.08997621236068198,0.07307463884353638,-0.5715925991535187,-0.1066143199585099,0.03156322240829468,-0.30602526664733887,-0.0356185607395787,0.039764404296875,-0.4438738524913788,-0.05677591485601852,0.039184004068374634,-0.5305651426315308,-0.07774653134566734,0.03671467304229736,-0.6046050190925598,-0.09365533141118476,-0.008369743824005127,-0.289420485496521,-0.03550175798756072,-0.004528701305389404,-0.41039061546325684,-0.055200243719639275,0.00040009617805480957,-0.48820173740386963,-0.07405219820958564,0.0023263394832611084,-0.5532386898994446,-0.08777287451249549,-0.04805770516395569,-0.25218600034713745,-0.0406532346985955,-0.0468887984752655,-0.342196524143219,-0.05881124211174438,-0.04426807165145874,-0.4034678339958191,-0.07016500679475257,-0.04262003302574158,-0.4600871205329895,-0.07861595449668357
B,0.0,0.0,0.0,0.05060407519340515,-0.05803728103637695,-0.04396273464294609,0.07200786471366882,-0.1515805721282959,-0.06353108480902847,0.029163986444473267,-0.23207736015319824,-0.07901880041094955,-0.015127450227737427,-0.2831938862800598,-0.0929317836496466,0.07540324330329895,-0.2916105389595032,-0.03193722561331924,0.08276411890983582,-0.4142676293849945,-0.05785491213532623,0.08065125346183777,-0.48997849225997925,-0.08056725457640823,0.07513967156410217,-0.5568249225616455,-0.09716761008235153,0.032121241092681885,-0.30290472507476807,-0.028869383859955633,0.04021516442298889,-0.43569260835647583,-0.049409984502517545,0.03982064127922058,-0.5175288021564484,-0.06970086589785751,0.03795364499092102,-0.5879853665828705,-0.08458268538447555,-0.006944775581359863,-0.2880960702896118,-0.031207336935722196,-0.004407018423080444,-0.40505754947662354,-0.048875345740043485,-0.0011223852634429932,-0.47808706760406494,-0.06388634339305099,0.00015687942504882812,-0.5393489599227905,-0.07476135984393295,-0.045964449644088745,-0.2524789571762085,-0.038553091588937605,-0.0458349883556366,-0.3400120139122009,-0.05309078738423523,-0.043104201555252075,-0.39453697204589844,-0.05975400552483734,-0.041040629148483276,-0.44255518913269043,-0.06454425946208175
B,0.0,0.0,0.0,0.0502491295337677,-0.047725796699523926,-0.04527102383971737,0.07624068856239319,-0.13200712203979492,-0.06504069241881894,0.0462859570980072,-0.20658862590789795,-0.08124797764421032,0.007344156503677368,-0.25544440746307373,-0.09608165892959164,0.08263376355171204,-0.2702643871307373,-0.029884248703723415,0.0945563018321991,-0.3829914331436157,-0.054929755359893306,0.09556952118873596,-0.4513590335845947,-0.07754868987203167,0.09387657046318054,-0.5133853256702423,-0.09466007325053738,0.044961243867874146,-0.28395330905914307,-0.02647670704126881,0.06037601828575134,-0.4050605893135071,-0.0473827195465617,0.06104817986488342,-0.4820987582206726,-0.06972224238515423,0.06017574667930603,-0.5533391535282135,-0.08705642047524975,0.009014934301376343,-0.275079607963562,-0.028885649248962864,0.02004939317703247,-0.3819624185562134,-0.04751154753566311,0.022184312343597412,-0.4493080973625183,-0.06479097875953244,0.0230618417263031,-0.5086320638656616,-0.07788622352481411,-0.027708977460861206,-0.24698758125305176,-0.03641094985604809,-0.024264872074127197,-0.32524412870407104,-0.05069064322114514,-0.022365987300872803,-0.37474024295806885,-0.05860176283121632,-0.022191226482391357,-0.41923514008522034,-0.06552424255013989
B,0.0,0.0,0.0,0.05113980174064636,-0.04531675577163696,-0.04289015659924189,0.08215925097465515,-0.11795651912689209,-0.06267227509852091,0.056832700967788696,-0.18741822242736816,-0.07918058613176981,0.020633071660995483,-0.22906702756881714,-0.09512094685669581,0.08433613181114197,-0.2532658576965332,-0.02765844667192141,0.09796836972236633,-0.35635024309158325,-0.05173197666044871,0.09970399737358093,-0.4217308759689331,-0.07463008442755381,0.09823659062385559,-0.4816141128540039,-0.09207467267151515,0.04920348525047302,-0.2629544734954834,-0.024947070496637025,0.06614628434181213,-0.3741375803947449,-0.04503074938293139,0.06832453608512878,-0.4451889097690582,-0.06825849691267649,0.06874498724937439,-0.5106708407402039,-0.08640060106154124,0.01470792293548584,-0.2518683671951294,-0.027669989483911195,0.025891214609146118,-0.3508773446083069,-0.04610555523868243,0.03128811717033386,-0.41388994455337524,-0.06452025005455653,0.03563675284385681,-0.46820124983787537,-0.0782672865116183,-0.02100074291229248,-0.22412723302841187,-0.03519563654299418,-0.016083598136901855,-0.29961395263671875,-0.04952160918946902,-0.011337190866470337,-0.3481510281562805,-0.05828557813401858,-0.00671425461769104,-0.3921971917152405,-0.06580055782433192
B,0.0,0.0,0.0,0.04871287941932678,-0.040123164653778076,-0.04175632581558375,0.07985809445381165,-0.10423994064331055,-0.061334287230636164,0.058314114809036255,-0.17549514770507812,-0.07694358513202815,0.025876134634017944,-0.223444402217865,-0.09169761971082835,0.08537259697914124,-0.22538357973098755,-0.028399647627736613,0.10189661383628845,-0.3202633857727051,-0.05059301242675929,0.10466888546943665,-0.3809722065925598,-0.07115725562420039,0.1043369472026825,-0.4360496401786804,-0.08675151452865748,0.05247446894645691,-0.23875004053115845,-0.024133525271679446,0.07219550013542175,-0.34299999475479126,-0.04228532076325564,0.07631376385688782,-0.4071701467037201,-0.061745857302810236,0.07845011353492737,-0.464632511138916,-0.07688694581833033,0.020567744970321655,-0.23296618461608887,-0.025080378581549212,0.03549280762672424,-0.32680320739746094,-0.04169979826059489,0.0425739586353302,-0.3851586580276489,-0.05730601907220034,0.047731369733810425,-0.4349266290664673,-0.06912391022291331,-0.012974172830581665,-0.21104341745376587,-0.030570432026649996,-0.004718571901321411,-0.28128403425216675,-0.04395635933127551,0.0019400417804718018,-0.32502174377441406,-0.052039766167069956,0.008118271827697754,-0.36521852016448975,-0.058787861321832224
B,0.0,0.0,0.0,0.04834994673728943,-0.03350174427032471,-0.037963193006845586,0.07729551196098328,-0.09717941284179688,-0.055452313371034734,0.05245724320411682,-0.16554325819015503,-0.06912143165621387,0.018674463033676147,-0.2036535143852234,-0.08206145847591984,0.0813356339931488,-0.21381866931915283,-0.02977788644287216,0.0972234308719635,-0.30856502056121826,-0.050562501050563924,0.10092952847480774,-0.3692120313644409,-0.06878377879414188,0.10185226798057556,-0.4231472611427307,-0.08264940614256489,0.049394577741622925,-0.22717952728271484,-0.026618231184812657,0.0668131411075592,-0.3282148241996765,-0.0437748172357999,0.07207384705543518,-0.39447101950645447,-0.06183558339628803,0.07505670189857483,-0.4520319104194641,-0.075740527458521,0.018466204404830933,-0.2201453447341919,-0.02777556525919067,0.030838340520858765,-0.31235408782958984,-0.0438256860748254,0.03858497738838196,-0.3720572590827942,-0.059354778476091496,0.04330936074256897,-0.4208386540412903,-0.07066871608051883,-0.013917356729507446,-0.19699901342391968,-0.03287437940392124,-0.006562173366546631,-0.2645970582962036,-0.04680601889643299,-0.0002506077289581299,-0.3104701638221741,-0.05553060407194721,0.004196137189865112,-0.35074591636657715,-0.062177293099495046
