label,f0,f1,f2,f3,f4,f5,f6,f7,f8,f9,f10,f11,f12,f13,f14,f15,f16,f17,f18,f19,f20,f21,f22,f23,f24,f25,f26,f27,f28,f29,f30,f31,f32,f33,f34,f35,f36,f37,f38,f39,f40,f41,f42,f43,f44,f45,f46,f47,f48,f49,f50,f51,f52,f53,f54,f55,f56,f57,f58,f59,f60,f61,f62
C,0.0,0.0,0.0,0.0519789457321167,-0.05486661195755005,0.03835893176388083,0.07925170660018921,-0.10361707210540771,0.04833863802146254,0.10752800107002258,-0.12829673290252686,0.0457021234173709,0.13917037844657898,-0.15109848976135254,0.04113662369441329,0.010532200336456299,-0.17845392227172852,0.045838327481263264,0.03077647089958191,-0.24758076667785645,0.04270795859288512,0.06662091612815857,-0.26879897713661194,0.038435657842867954,0.10033208131790161,-0.2680087685585022,0.03584852196168242,0.003035038709640503,-0.17736339569091797,0.015639896838777645,0.028672724962234497,-0.2643698453903198,0.008689658119195087,0.07091093063354492,-0.28223440051078796,0.0036884761497759655,0.10507321357727051,-0.26897796988487244,0.002880516097732766,0.004901528358459473,-0.17003905773162842,-0.014303533026165383,0.029024392366409302,-0.2575324475765228,-0.017943543047792332,0.07008558511734009,-0.2778952121734619,-0.016195849181301014,0.1011900007724762,-0.2729610502719879,-0.013780750000066178,0.019363880157470703,-0.1557675004005432,-0.042555189357287304,0.03705894947052002,-0.22764253616333008,-0.047967991457468884,0.0636628270149231,-0.25765353441238403,-0.047618007884508984,0.08660900592803955,-0.26700928807258606,-0.0457963595550126
C,0.0,0.0,0.0,0.05205833911895752,-0.05498361587524414,0.042584576539297814,0.08057430386543274,-0.09986114501953125,0.05378319778253626,0.10694774985313416,-0.12346488237380981,0.05264964037348818,0.13872817158699036,-0.13709288835525513,0.04944219895412516,0.017934590578079224,-0.1815665364265442,0.039350730262299294,0.045819997787475586,-0.24853479862213135,0.03545684077550959,0.08250731229782104,-0.26032835245132446,0.032113359205027336,0.11378082633018494,-0.25640058517456055,0.030028044141431565,0.009156376123428345,-0.17930114269256592,0.008086636557777638,0.04731288552284241,-0.2634490728378296,0.003007890551884884,0.08952346444129944,-0.2710532546043396,0.0019138647593308633,0.11994186043739319,-0.2564108669757843,0.0024381383672107404,0.010360807180404663,-0.1666933298110962,-0.022058927558759933,0.04468473792076111,-0.24944275617599487,-0.025457562052110916,0.08652257919311523,-0.2608233690261841,-0.022316147677997833,0.1156592071056366,-0.2534226179122925,-0.020282509841422325,0.023284584283828735,-0.14925223588943481,-0.04978649980614591,0.044589996337890625,-0.21701383590698242,-0.05782744205782819,0.07299131155014038,-0.2407251000404358,-0.05901720664689947,0.0971008837223053,-0.2475651502609253,-0.05885990626404691
C,0.0,0.0,0.0,0.05007782578468323,-0.04383915662765503,0.03652625396868103,0.08171224594116211,-0.08840584754943848,0.04769700258990639,0.11021193861961365,-0.11219662427902222,0.047883960008825,0.13926929235458374,-0.1200445294380188,0.04712716728469246,0.017802774906158447,-0.1670088768005371,0.0469294288756501,0.04889124631881714,-0.2366138994693756,0.04526945814510697,0.0880233645439148,-0.24609985947608948,0.038360475152934725,0.12012094259262085,-0.23480811715126038,0.03436774626394623,0.014179408550262451,-0.16566652059555054,0.021724308431352313,0.06060373783111572,-0.2500741183757782,0.018385366127098735,0.1017305850982666,-0.24964624643325806,0.010012889802659686,0.12728947401046753,-0.22405388951301575,0.006105513833666976,0.019054651260375977,-0.1585625410079956,-0.0022495998440135168,0.054118216037750244,-0.2394568920135498,0.0005775333244528724,0.09559005498886108,-0.246263325214386,0.0004171271554369582,0.12353479862213135,-0.22706690430641174,-0.00018089155704359428,0.03743183612823486,-0.14505916833877563,-0.024614316820894544,0.059346556663513184,-0.21360069513320923,-0.022214536964689557,0.09048444032669067,-0.22896546125411987,-0.019547908976470296,0.11563774943351746,-0.22210749983787537,-0.01749203115681297
C,0.0,0.0,0.0,0.04977995157241821,-0.04474282264709473,0.02978142901142178,0.07885947823524475,-0.08756959438323975,0.035127343524294474,0.10531425476074219,-0.11070764064788818,0.030154049310880282,0.13414332270622253,-0.11913299560546875,0.02413647054513035,0.013134419918060303,-0.16774097084999084,0.032178619790869334,0.045679956674575806,-0.23627665638923645,0.025506455365615466,0.0835428237915039,-0.244961678981781,0.017942065287428477,0.11489507555961609,-0.23422524333000183,0.013474506240385153,0.008809953927993774,-0.16321289539337158,0.007429598279344418,0.055204957723617554,-0.2483063042163849,-0.001730553891462705,0.09592726826667786,-0.24869215488433838,-0.009281808596057317,0.1224198043346405,-0.22496247291564941,-0.01230482299993696,0.015459537506103516,-0.1540900468826294,-0.01662731365482273,0.05225268006324768,-0.23894214630126953,-0.020001478578848264,0.09284970164299011,-0.24512895941734314,-0.020487792875570676,0.1197233498096466,-0.22877386212348938,-0.020629415374202154,0.033378928899765015,-0.14078867435455322,-0.03949047819892826,0.05721580982208252,-0.20809730887413025,-0.04169689686219158,0.08510184288024902,-0.22607818245887756,-0.040409958075684926,0.10694006085395813,-0.22482866048812866,-0.03924633012334766
C,0.0,0.0,0.0,0.04945772886276245,-0.04087024927139282,0.028146301732839163,0.07785683870315552,-0.08501291275024414,0.03387428574401241,0.10403487086296082,-0.10893440246582031,0.029471324162066992,0.13351163268089294,-0.11677789688110352,0.024026035667837675,0.01860108971595764,-0.16580435633659363,0.032237229274095114,0.051934510469436646,-0.23488369584083557,0.02511707633870941,0.09017428755760193,-0.23825228214263916,0.017226013691605147,0.11906668543815613,-0.2205871343612671,0.013474298046411093,0.012747436761856079,-0.1634155511856079,0.009548198768378313,0.060144394636154175,-0.2446070909500122,0.002868043828264888,0.10151439905166626,-0.23956936597824097,-0.0033594850809564036,0.12534937262535095,-0.21436583995819092,-0.005648972595601265,0.018444031476974487,-0.15423035621643066,-0.012639459817229692,0.05555105209350586,-0.23850873112678528,-0.015464071779071276,0.09653374552726746,-0.2398952841758728,-0.014980907215296213,0.12091246247291565,-0.21954119205474854,-0.01399592183393139,0.03582686185836792,-0.1394110918045044,-0.033609899355589334,0.06000542640686035,-0.20992177724838257,-0.036368882878242914,0.089520663022995,-0.22270923852920532,-0.034176195635019724,0.11087065935134888,-0.2157963216304779,-0.03160631529849667
C,0.0,0.0,0.0,0.04545864462852478,-0.03978973627090454,0.018416542611873865,0.07787266373634338,-0.08696877956390381,0.020183151639855623,0.10506674647331238,-0.10885864496231079,0.01428404921279025,0.1321936845779419,-0.11471694707870483,0.008540510251975775,0.012873589992523193,-0.16521072387695312,0.023301152564442873,0.049074649810791016,-0.23541438579559326,0.009911992639160871,0.08964306116104126,-0.24081966280937195,-0.0046022948288850785,0.12352108955383301,-0.22395393252372742,-0.01235801441981721,0.010789424180984497,-0.1597188115119934,0.0045817560105092525,0.06284180283546448,-0.24230876564979553,-0.012665808148824453,0.10511082410812378,-0.23553377389907837,-0.028112612612687826,0.13061761856079102,-0.204774409532547,-0.03395732673271823,0.01861080527305603,-0.1504788100719452,-0.013714404724680662,0.053370654582977295,-0.23630118370056152,-0.02188459406062293,0.0952058732509613,-0.23973137140274048,-0.025767626188837767,0.12303102016448975,-0.21782046556472778,-0.025448648207031965,0.037868648767471313,-0.13528400659561157,-0.03156260954602885,0.05936384201049805,-0.20499736070632935,-0.034236455284201384,0.08770319819450378,-0.2209891378879547,-0.03219330491884875,0.10990911722183228,-0.21621295809745789,-0.028748398594700575
C,0.0,0.0,0.0,0.04734814167022705,-0.03946268558502197,0.02146040364331725,0.07922297716140747,-0.08594948053359985,0.024529465429253605,0.10593044757843018,-0.10837346315383911,0.019263052336640385,0.13347887992858887,-0.11606311798095703,0.01377983107394698,0.014876872301101685,-0.16829994320869446,0.025086873166031864,0.050993144512176514,-0.23631039261817932,0.012055651239819554,0.09110739827156067,-0.24113410711288452,-0.0018881602894964544,0.12429958581924438,-0.22363081574440002,-0.009356507145099613,0.011914223432540894,-0.16238781809806824,0.00438097906462076,0.06397128105163574,-0.24397659301757812,-0.011648261033229801,0.10634925961494446,-0.23815840482711792,-0.025508563079171154,0.13193804025650024,-0.2082061469554901,-0.03070220635109422,0.01955142617225647,-0.1519615650177002,-0.01588175729685304,0.05533847212791443,-0.23771381378173828,-0.023839107759528133,0.09680211544036865,-0.240973562002182,-0.0267261239218044,0.12381190061569214,-0.21981778740882874,-0.026040370621018383,0.03880828619003296,-0.13553935289382935,-0.03548450120561597,0.06110060214996338,-0.2052093744277954,-0.039861847691469166,0.08943918347358704,-0.22239336371421814,-0.038626053415470096,0.1115632951259613,-0.2193354368209839,-0.035709251694612476
C,0.0,0.0,0.0,0.04451650381088257,-0.03966629505157471,0.019916549079695756,0.07670360803604126,-0.08677297830581665,0.02203220849541765,0.10378184914588928,-0.10933786630630493,0.016189167030731255,0.1312311589717865,-0.11704802513122559,0.010108488366583401,0.012551039457321167,-0.16660505533218384,0.024447586142102296,0.049190789461135864,-0.23522838950157166,0.011636381723562295,0.08973246812820435,-0.23983171582221985,-0.003355098900740927,0.12428596615791321,-0.22209662199020386,-0.011926132499596065,0.010664373636245728,-0.16118082404136658,0.004528096166083628,0.06419327855110168,-0.24055495858192444,-0.011951761565526908,0.10502076148986816,-0.23343020677566528,-0.02815482603701014,0.12996789813041687,-0.20227330923080444,-0.03530843580456633,0.018928855657577515,-0.15169638395309448,-0.014804743475636428,0.054407477378845215,-0.235714852809906,-0.021580601356347984,0.09537354111671448,-0.23908671736717224,-0.02593581030460257,0.1230403482913971,-0.2180221974849701,-0.026905652380904144,0.03845253586769104,-0.1357547640800476,-0.03365999484749693,0.06071165204048157,-0.20380768179893494,-0.03535983363481421,0.08923313021659851,-0.22145232558250427,-0.033495094872435516,0.1116308867931366,-0.21836978197097778,-0.030915821216424888
C,0.0,0.0,0.0,0.04356861114501953,-0.03793513774871826,0.019263245315073618,0.07687437534332275,-0.08604049682617188,0.02086766451668609,0.10540974140167236,-0.10833930969238281,0.015106137991665491,0.1335708498954773,-0.11814010143280029,0.009469846413253435,0.011907726526260376,-0.16481292247772217,0.02326300382685531,0.049341559410095215,-0.23322755098342896,0.009675855898080954,0.09013631939888,-0.23931804299354553,-0.005793293788315168,0.125005304813385,-0.22473353147506714,-0.014783386922658792,0.011384934186935425,-0.15958282351493835,0.0036386534671919435,0.06438395380973816,-0.24026232957839966,-0.01424972232359778,0.10576397180557251,-0.23544970154762268,-0.030765527709604612,0.13165491819381714,-0.20693674683570862,-0.03770854681658875,0.01785510778427124,-0.1495307981967926,-0.015443789622963777,0.0538574755191803,-0.23021265864372253,-0.02309333890605103,0.0946924090385437,-0.23778721690177917,-0.026912024094940534,0.12379038333892822,-0.22055846452713013,-0.027253553121568075,0.03602585196495056,-0.13226008415222168,-0.03407745793390404,0.05997470021247864,-0.19424110651016235,-0.03681048735904824,0.08797883987426758,-0.21651136875152588,-0.035875201075555196,0.11083409190177917,-0.21979784965515137,-0.03373966723609101
C,0.0,0.0,0.0,0.047844380140304565,-0.04201871156692505,0.014598641651929256,0.08021074533462524,-0.08905935287475586,0.013180659259916183,0.10965168476104736,-0.11195272207260132,0.005315356995225784,0.1360820233821869,-0.1204255223274231,-0.0027775630678377183,0.011204510927200317,-0.16173699498176575,0.014352735239327785,0.04569673538208008,-0.22357556223869324,-0.0003224056362967076,0.08437207341194153,-0.23734506964683533,-0.016117838104008797,0.11991062760353088,-0.23366740345954895,-0.02693313628876126,0.010981529951095581,-0.15414628386497498,-0.0048919142081729206,0.0597514808177948,-0.24385309219360352,-0.026768433754085663,0.09923458099365234,-0.24546560645103455,-0.04677516490662015,0.12767532467842102,-0.22524648904800415,-0.056997883026241425,0.016838163137435913,-0.1425585150718689,-0.023400354091762665,0.052426695823669434,-0.22158992290496826,-0.0358458747013799,0.09237036108970642,-0.2347431778907776,-0.04632512748682416,0.12248793244361877,-0.22404071688652039,-0.05198262900555051,0.03413006663322449,-0.12233257293701172,-0.04147318274223721,0.05977576971054077,-0.1810220181941986,-0.04688955367052472,0.08761948347091675,-0.2061738669872284,-0.050768400435089234,0.11218053102493286,-0.2141643464565277,-0.05391702697122014
C,0.0,0.0,0.0,0.047302454710006714,-0.042472660541534424,0.015860626960645163,0.07890704274177551,-0.08804672956466675,0.015075237976859057,0.10787346959114075,-0.11022412776947021,0.007677708307753051,0.1339937150478363,-0.11881512403488159,0.00011691661988777469,0.01091235876083374,-0.16102516651153564,0.015837565551052535,0.04527980089187622,-0.22165542840957642,0.001762679915415788,0.0835825502872467,-0.23490607738494873,-0.01336697067831949,0.11861243844032288,-0.231231689453125,-0.023550923427094972,0.010447025299072266,-0.15390247106552124,-0.003713335820933139,0.058327823877334595,-0.24158728122711182,-0.024047847350587404,0.09704557061195374,-0.24339044094085693,-0.04212147693847612,0.12492546439170837,-0.22269555926322937,-0.05118577878688768,0.016635000705718994,-0.14240872859954834,-0.02262069795047239,0.05160382390022278,-0.22193536162376404,-0.033610239138354814,0.09042927622795105,-0.23459815979003906,-0.04218046318506197,0.12002021074295044,-0.22419235110282898,-0.04674939390038446,0.03451314568519592,-0.12319952249526978,-0.04112096082185701,0.05920782685279846,-0.18172460794448853,-0.045697837581386125,0.08633479475975037,-0.20736002922058105,-0.04835808973525957,0.1102617084980011,-0.21595263481140137,-0.05055656607960657
C,0.0,0.0,0.0,0.05104219913482666,-0.04669380187988281,0.01695066423334879,0.08112522959709167,-0.09270370006561279,0.016256273847005787,0.10999715328216553,-0.11493039131164551,0.008548889432034912,0.13716530799865723,-0.12286639213562012,5.296869412063643e-05,0.01338106393814087,-0.16614392399787903,0.012868440832875194,0.04543986916542053,-0.22527563571929932,-0.0025710881390352824,0.0825037956237793,-0.2385377287864685,-0.01763539469621378,0.11638465523719788,-0.23631256818771362,-0.028135248337008534,0.011223405599594116,-0.1578313708305359,-0.008079287473179875,0.05727255344390869,-0.24571174383163452,-0.02976749173186022,0.0957859456539154,-0.24845796823501587,-0.04799737303338247,0.12379056215286255,-0.23023009300231934,-0.05756579979143339,0.015399783849716187,-0.143701434135437,-0.02829438901326853,0.05133944749832153,-0.21893876791000366,-0.042470439214326916,0.09071069955825806,-0.23281806707382202,-0.05295668436966139,0.12042209506034851,-0.2231052815914154,-0.05869095667085844,0.031304001808166504,-0.12075293064117432,-0.04773197962722975,0.05746844410896301,-0.1776711642742157,-0.05682549147687155,0.08500763773918152,-0.2034749686717987,-0.06299067555747229,0.10947743058204651,-0.2128387689590454,-0.06762268661341864
C,0.0,0.0,0.0,0.05117601156234741,-0.04845172166824341,0.019000124049014744,0.08007070422172546,-0.09473711252212524,0.019364038345045742,0.10790574550628662,-0.11903327703475952,0.012113895129985508,0.13456332683563232,-0.12629443407058716,0.004171247922457155,0.009998589754104614,-0.16328492760658264,0.015313397955722508,0.04273143410682678,-0.22372812032699585,-0.0005849346261328492,0.07896929979324341,-0.2359098196029663,-0.01574008739309818,0.1121637225151062,-0.23216533660888672,-0.026055103305154148,0.006794065237045288,-0.15558689832687378,-0.006826799965821806,0.05583825707435608,-0.24716180562973022,-0.03025690666156322,0.09240072965621948,-0.24666395783424377,-0.048421539503507915,0.11816021800041199,-0.22505682706832886,-0.05705957500951797,0.011050403118133545,-0.14285576343536377,-0.028288638356499973,0.05033588409423828,-0.218325674533844,-0.04345123856084854,0.08945602178573608,-0.22943115234375,-0.053940400618486706,0.11773070693016052,-0.21745505928993225,-0.05909187360423118,0.026663541793823242,-0.12190669775009155,-0.04882067455666572,0.056845247745513916,-0.17863720655441284,-0.058273751425915066,0.08609572052955627,-0.20261725783348083,-0.06460965811031372,0.11115846037864685,-0.2106897532939911,-0.06918730227964431
C,0.0,0.0,0.0,0.05019351840019226,-0.05052298307418823,0.020143741114324598,0.08010116219520569,-0.09776771068572998,0.02099994507271674,0.10860157012939453,-0.12209928035736084,0.013833873277789621,0.13559985160827637,-0.13059264421463013,0.005734753633177547,0.01058778166770935,-0.1659899652004242,0.019025420142597227,0.04500696063041687,-0.2268427312374115,0.004753245810306339,0.08298754692077637,-0.2392321228981018,-0.01031756370674941,0.11646029353141785,-0.23635533452033997,-0.020865813525134058,0.008359789848327637,-0.15934494137763977,-0.003476601954290004,0.05672606825828552,-0.24930262565612793,-0.024165006981903048,0.09569752216339111,-0.24936336278915405,-0.04238270844679448,0.12228751182556152,-0.22839447855949402,-0.05189363907437894,0.013115495443344116,-0.146670401096344,-0.025225066276007624,0.050662606954574585,-0.22412672638893127,-0.03805225964050862,0.09087207913398743,-0.23490142822265625,-0.04784177865248296,0.11987566947937012,-0.2222234308719635,-0.05314272891145322,0.030016958713531494,-0.12574094533920288,-0.046084384130054445,0.05782034993171692,-0.18409660458564758,-0.05364304657440755,0.08730712532997131,-0.20763170719146729,-0.058534173922353716,0.11281070113182068,-0.2147170603275299,-0.06232539068322751
C,0.0,0.0,0.0,0.05196177959442139,-0.05192863941192627,0.023304406497686614,0.08036857843399048,-0.09700882434844971,0.0263050905801947,0.10638061165809631,-0.12108403444290161,0.02107973391196083,0.1345888078212738,-0.13155508041381836,0.015266689416080226,0.011329561471939087,-0.16884109377861023,0.02157063404104065,0.04522380232810974,-0.2278170883655548,0.010058935675829161,0.08148059248924255,-0.23844283819198608,-0.0015693102590148555,0.11300539970397949,-0.2344922423362732,-0.00967003503808428,0.007315725088119507,-0.16256988048553467,-0.0011775879514743792,0.053771018981933594,-0.2476544976234436,-0.016981197576910745,0.0920962393283844,-0.24959594011306763,-0.029807642158061753,0.11860555410385132,-0.23153525590896606,-0.03659661678591419,0.01240578293800354,-0.14906030893325806,-0.02323633996763874,0.050142914056777954,-0.22672337293624878,-0.03344648523250271,0.08885720372200012,-0.235793799161911,-0.039557619076163064,0.11638954281806946,-0.2245107889175415,-0.04306553123512913,0.028857827186584473,-0.12880557775497437,-0.044153539519697915,0.05651012063026428,-0.1860060691833496,-0.051556816380411874,0.08489435911178589,-0.20887264609336853,-0.05547232745209385,0.10930439829826355,-0.2167365550994873,-0.05840823991218258
C,0.0,0.0,0.0,0.05084580183029175,-0.049329400062561035,0.020199187566930732,0.08021005988121033,-0.0951915979385376,0.021541925614172897,0.10711461305618286,-0.11962109804153442,0.015457338189179382,0.13475003838539124,-0.13110631704330444,0.00905882241337963,0.012023508548736572,-0.16767412424087524,0.01830622786789604,0.04548266530036926,-0.22667822241783142,0.006023200695807418,0.08200222253799438,-0.2388131320476532,-0.006488696670686522,0.11413708329200745,-0.23497682809829712,-0.015220839994555035,0.008747279644012451,-0.1616213619709015,-0.0029120899257861765,0.053955674171447754,-0.2477794885635376,-0.019749899859135667,0.09270435571670532,-0.24964118003845215,-0.03382948925585083,0.11954209208488464,-0.23169896006584167,-0.04146123071998886,0.013219773769378662,-0.14860647916793823,-0.023414259309475938,0.04979062080383301,-0.2262984812259674,-0.03406613087148003,0.08802887797355652,-0.2365967035293579,-0.0405720151016169,0.11574593186378479,-0.22479063272476196,-0.04437121143431,0.02981618046760559,-0.1276896595954895,-0.042991267050211945,0.05649176239967346,-0.18506011366844177,-0.049899937117999116,0.08434414863586426,-0.20848527550697327,-0.05358987068623833,0.1083015501499176,-0.21638527512550354,-0.05651543428987793
C,0.0,0.0,0.0,0.05236846208572388,-0.05090051889419556,0.023479028433314397,0.08121442794799805,-0.09630310535430908,0.026445531114688947,0.10747715830802917,-0.12071090936660767,0.021145091220489576,0.13571754097938538,-0.1322665810585022,0.015437415629378393,0.013371884822845459,-0.16916599869728088,0.022837578147402837,0.046531468629837036,-0.22818857431411743,0.012076245449236467,0.08267167210578918,-0.2393782138824463,0.0009289897892017507,0.11410307884216309,-0.23516932129859924,-0.0069307528289641596,0.00950998067855835,-0.16333189606666565,9.863906171858616e-05,0.05415666103363037,-0.2480541169643402,-0.015145931564518378,0.0929279625415802,-0.2504678964614868,-0.02758745028103249,0.1198594868183136,-0.2327955961227417,-0.034161941319950984,0.01401740312576294,-0.15009689331054688,-0.02195577061200993,0.05094030499458313,-0.2275746762752533,-0.03167056030059712,0.08939889073371887,-0.2371094822883606,-0.036707394927987025,0.1169363260269165,-0.22552907466888428,-0.039529116064557,0.030601829290390015,-0.12921589612960815,-0.04291242843891041,0.05785420536994934,-0.18659812211990356,-0.04953956714297192,0.08599773049354553,-0.20931321382522583,-0.05247835925246136,0.10998573899269104,-0.2169158160686493,-0.05471994838143246
C,0.0,0.0,0.0,0.0532015860080719,-0.051226019859313965,0.025826317529308085,0.08171406388282776,-0.09658646583557129,0.030114763687478785,0.10769656300544739,-0.12132090330123901,0.025295722569453005,0.13627249002456665,-0.13360130786895752,0.019912938858496432,0.014571964740753174,-0.17010366916656494,0.028737134571301226,0.04770508408546448,-0.2293659746646881,0.019576077620612864,0.0840056836605072,-0.24073296785354614,0.008822254176365618,0.11473095417022705,-0.23633500933647156,0.0011552087181456727,0.010392725467681885,-0.16519227623939514,0.00496867791854072,0.054422587156295776,-0.24925675988197327,-0.008669117194486375,0.09409654140472412,-0.2521546483039856,-0.02130818991817307,0.12129256129264832,-0.2333744764328003,-0.028064527277720686,0.014877408742904663,-0.1528065800666809,-0.01815712704218697,0.050439536571502686,-0.2318444550037384,-0.02645253456093144,0.08969363570213318,-0.24083703756332397,-0.03127285904146504,0.11742371320724487,-0.228152334690094,-0.034035269831193204,0.031730473041534424,-0.1330927610397339,-0.04012158206559491,0.05838584899902344,-0.19185742735862732,-0.04584572902776074,0.08710736036300659,-0.2137061059474945,-0.0482036775992043,0.111522376537323,-0.21988290548324585,-0.04997505313612294
C,0.0,0.0,0.0,0.053554028272628784,-0.05112177133560181,0.026815588097150567,0.08178690075874329,-0.09681397676467896,0.031969136069591286,0.10796791315078735,-0.12177938222885132,0.027621131832773926,0.1371915340423584,-0.1343333125114441,0.022511255438502076,0.015912413597106934,-0.1696571707725525,0.031592468242223504,0.04850977659225464,-0.22786641120910645,0.022440756182248833,0.0842180848121643,-0.24014070630073547,0.01101340956526542,0.11501267552375793,-0.2362242341041565,0.002625650004546287,0.01193094253540039,-0.1652860939502716,0.007010267558570149,0.054929107427597046,-0.24984702467918396,-0.0074092648224279856,0.09415331482887268,-0.25320130586624146,-0.021689258073394058,0.12153089046478271,-0.23438403010368347,-0.02961774126154637,0.015878498554229736,-0.15331774950027466,-0.01699765727383351,0.05104190111160278,-0.23163476586341858,-0.02583353549701428,0.08999362587928772,-0.24107399582862854,-0.03225839280051446,0.11770811676979065,-0.22836783528327942,-0.03622906052035546,0.032193154096603394,-0.13356947898864746,-0.039756854553644416,0.05885285139083862,-0.19177812337875366,-0.04598342769307351,0.0874127447605133,-0.21384239196777344,-0.04946911849540925,0.11165940761566162,-0.22004163265228271,-0.05227965258521294
C,0.0,0.0,0.0,0.051965802907943726,-0.04922282695770264,0.021886913973091282,0.08100229501724243,-0.09560161828994751,0.023847053694723286,0.10854578018188477,-0.12128353118896484,0.01740405981540505,0.13728803396224976,-0.13314670324325562,0.010657023574410118,0.014192700386047363,-0.16780245304107666,0.0246592433482391,0.04686206579208374,-0.22724029421806335,0.01296155520826403,0.08380511403083801,-0.23944544792175293,-0.0006366359361464902,0.1165759265422821,-0.23493444919586182,-0.010329504561426006,0.011159241199493408,-0.16257727146148682,0.002193057379869856,0.05552580952644348,-0.24907100200653076,-0.014428778615595661,0.09482502937316895,-0.2509234845638275,-0.03044483910203155,0.12236464023590088,-0.23103994131088257,-0.039405562978984676,0.015616953372955322,-0.15044385194778442,-0.01972382056415256,0.051400214433670044,-0.2282809019088745,-0.029236915585400425,0.09024560451507568,-0.23789525032043457,-0.036460426700116955,0.11817100644111633,-0.22484922409057617,-0.04103671486377891,0.032033830881118774,-0.1304328441619873,-0.040802226465942226,0.05877026915550232,-0.18787136673927307,-0.0457306365191954,0.08675533533096313,-0.20994681119918823,-0.04860561813116249,0.11056533455848694,-0.21668770909309387,-0.05129832128882583
C,0.0,0.0,0.0,0.05213749408721924,-0.04917466640472412,0.020350120616114964,0.08056977391242981,-0.09558320045471191,0.02158197353497826,0.10730680823326111,-0.12099331617355347,0.014903048639155259,0.13512542843818665,-0.1328946352005005,0.007904204194403519,0.013793140649795532,-0.16666531562805176,0.019666334268606533,0.046204954385757446,-0.22732064127922058,0.0068605273300477165,0.08270406723022461,-0.24003076553344727,-0.0061621986059776646,0.1151512861251831,-0.23609229922294617,-0.015060710134946476,0.00992661714553833,-0.16092759370803833,-0.001789493133344422,0.053551167249679565,-0.2483992576599121,-0.01895871793016113,0.0924738347530365,-0.2520715594291687,-0.03361900185331024,0.12039995193481445,-0.23389855027198792,-0.04156465490444816,0.0142497718334198,-0.14848452806472778,-0.022721249955736766,0.05014002323150635,-0.2263355851173401,-0.03312313218697227,0.08866170048713684,-0.23785266280174255,-0.04046414082034744,0.11698555946350098,-0.22654381394386292,-0.044937253343903194,0.030345827341079712,-0.12880265712738037,-0.04282552038415588,0.05725538730621338,-0.18616169691085815,-0.04888900031431831,0.08536380529403687,-0.20953482389450073,-0.05260055919274009,0.10973674058914185,-0.21713724732398987,-0.05574249883278526
C,0.0,0.0,0.0,0.05244460701942444,-0.04936659336090088,0.0203815421846798,0.08040761947631836,-0.09426605701446533,0.02097877327474862,0.1065514087677002,-0.11865270137786865,0.013558303267984684,0.1350659430027008,-0.1315537691116333,0.005539277364789541,0.01547667384147644,-0.16691991686820984,0.017580352985589798,0.046912044286727905,-0.22706010937690735,0.004596628045021589,0.08253565430641174,-0.23831871151924133,-0.007919107301802342,0.11349427700042725,-0.23377615213394165,-0.016399211919576828,0.010510027408599854,-0.16130298376083374,-0.0042140481236288,0.05225414037704468,-0.246881365776062,-0.020462706423074906,0.09106847643852234,-0.2511410117149353,-0.03379099789884776,0.1187710165977478,-0.23352888226509094,-0.04117849442985744,0.014296889305114746,-0.147902250289917,-0.025487962848217194,0.049042731523513794,-0.2262290120124817,-0.03569731462624759,0.08722764253616333,-0.23708665370941162,-0.04203643996146411,0.11502629518508911,-0.22608813643455505,-0.045988872385294144,0.029501378536224365,-0.12739890813827515,-0.04589768472936839,0.05565643310546875,-0.18428519368171692,-0.05277845982340068,0.08327588438987732,-0.20842018723487854,-0.056449036783249085,0.10719090700149536,-0.21716952323913574,-0.059397760516674225
C,0.0,0.0,0.0,0.05177575349807739,-0.049002885818481445,0.017182873105184626,0.08073309063911438,-0.09487652778625488,0.016364594464675974,0.1076250672340393,-0.1194642186164856,0.008360555870012831,0.13529810309410095,-0.12971407175064087,0.00018777777745526691,0.012490421533584595,-0.1670757234096527,0.014870777269379687,0.04441779851913452,-0.2273043394088745,9.320873664364626e-05,0.08150264620780945,-0.2396714985370636,-0.014473792622311521,0.11504074931144714,-0.2348310947418213,-0.024286514604909826,0.008779257535934448,-0.15975752472877502,-0.005529515902026105,0.05350658297538757,-0.24729681015014648,-0.025097923810108114,0.0926574170589447,-0.25003087520599365,-0.04146130987487595,0.12068283557891846,-0.230916827917099,-0.05012125008784096,0.012805968523025513,-0.14606976509094238,-0.025367642278297353,0.04869994521141052,-0.22268611192703247,-0.037594723040683675,0.08755573630332947,-0.23435062170028687,-0.04587766387544434,0.11612454056739807,-0.2226383090019226,-0.05050738387785714,0.02843424677848816,-0.12481629848480225,-0.04453265898905556,0.05494052171707153,-0.18155419826507568,-0.051397873545511175,0.0823923647403717,-0.20550233125686646,-0.05536715173207085,0.10621199011802673,-0.21380499005317688,-0.05847881221257012
C,0.0,0.0,0.0,0.05157741904258728,-0.050202250480651855,0.01777503971874239,0.08034351468086243,-0.0962141752243042,0.016763278813357374,0.10757949948310852,-0.11992549896240234,0.008150636748666784,0.13602763414382935,-0.13067525625228882,-0.0010019179254072696,0.01276370882987976,-0.16829773783683777,0.014751523331995031,0.04483884572982788,-0.23017549514770508,-0.00016621806668126737,0.08221584558486938,-0.24198460578918457,-0.01449653453261135,0.11508050560951233,-0.23739129304885864,-0.024098843737249354,0.008404821157455444,-0.16125032305717468,-0.006366398586635569,0.05275470018386841,-0.24869772791862488,-0.025292104511265734,0.09262245893478394,-0.2522878646850586,-0.04096654470146177,0.12088090181350708,-0.23346588015556335,-0.049361851467494944,0.012636721134185791,-0.14705222845077515,-0.02697351056218622,0.04844066500663757,-0.2261267900466919,-0.039054558082227686,0.08801066875457764,-0.23788461089134216,-0.046673350437288263,0.11714816093444824,-0.22656407952308655,-0.0508539270895767,0.028519362211227417,-0.12536931037902832,-0.046908040000801066,0.05487477779388428,-0.18342578411102295,-0.054257907374505976,0.08278468251228333,-0.20870065689086914,-0.0579197224515724,0.1072130799293518,-0.21822059154510498,-0.06065285618484495
C,0.0,0.0,0.0,0.05306953191757202,-0.05139005184173584,0.019314997173296433,0.08133408427238464,-0.09723067283630371,0.019264593995558243,0.10795974731445312,-0.121043860912323,0.011421330548273545,0.13652729988098145,-0.13185405731201172,0.0030705449594279344,0.01412898302078247,-0.16971638798713684,0.015878536082254868,0.04606655240058899,-0.23115071654319763,0.0018384049603810126,0.08287733793258667,-0.24243244528770447,-0.01148035722280838,0.11506962776184082,-0.2376805543899536,-0.020441353045953292,0.009050220251083374,-0.16255557537078857,-0.005661037009758729,0.05275392532348633,-0.24853545427322388,-0.02309537278915741,0.09236899018287659,-0.25264033675193787,-0.03723440850581028,0.12070685625076294,-0.23527243733406067,-0.04498764658774235,0.013165950775146484,-0.14790761470794678,-0.02669836180712082,0.04947248101234436,-0.2261229157447815,-0.0379573420664201,0.0887288749217987,-0.23808041214942932,-0.04495784426535465,0.11770105361938477,-0.22799068689346313,-0.04909993494356968,0.029015928506851196,-0.12627089023590088,-0.04692899221981861,0.05549982190132141,-0.183722585439682,-0.05422219047750332,0.08290919661521912,-0.20867902040481567,-0.05797068560923435,0.10701602697372437,-0.21858540177345276,-0.060894457348240394
C,0.0,0.0,0.0,0.05287128686904907,-0.05014359951019287,0.01973142071659595,0.08110493421554565,-0.09597504138946533,0.019714839449477495,0.10730093717575073,-0.11979758739471436,0.011839712662947477,0.13586226105690002,-0.13196533918380737,0.0033247186060521017,0.015131950378417969,-0.1698039174079895,0.015464709764671625,0.04593649506568909,-0.23187509179115295,0.0017884677931192527,0.08178761601448059,-0.24256324768066406,-0.010980134205567538,0.11258500814437866,-0.23713868856430054,-0.019541621515202223,0.010261952877044678,-0.16286739706993103,-0.006275871144282519,0.05280622839927673,-0.2482042908668518,-0.023057937929081618,0.09157505631446838,-0.25202056765556335,-0.036463877493190466,0.11881488561630249,-0.23469167947769165,-0.043865746194171606,0.01402139663696289,-0.1482735276222229,-0.02746266343598336,0.049833059310913086,-0.22582685947418213,-0.03810661875610322,0.08825907111167908,-0.23724812269210815,-0.04416635476951569,0.11633443832397461,-0.22675970196723938,-0.047859410131025015,0.02931717038154602,-0.12647944688796997,-0.047834394806670844,0.0556277334690094,-0.18366435170173645,-0.05527419441347092,0.08285859227180481,-0.20942208170890808,-0.059073048019456564,0.10652557015419006,-0.2200106382369995,-0.0620365574300763
C,0.0,0.0,0.0,0.05259597301483154,-0.05005735158920288,0.021297460700111515,0.08049225807189941,-0.09452635049819946,0.021509532163577205,0.10642153024673462,-0.11877095699310303,0.013353612552123195,0.1357477605342865,-0.13231629133224487,0.004211539680795795,0.016682177782058716,-0.16903820633888245,0.01657400866849912,0.046264082193374634,-0.23084619641304016,0.003031467598589188,0.08198410272598267,-0.24249091744422913,-0.009399274085922116,0.11262550950050354,-0.23847299814224243,-0.017866236810846203,0.011538654565811157,-0.16259995102882385,-0.0061880445119868455,0.052617430686950684,-0.24678421020507812,-0.022543314566178196,0.09211841225624084,-0.25200435519218445,-0.03536804923908221,0.12023022770881653,-0.23607581853866577,-0.04265663558737742,0.015251308679580688,-0.14836078882217407,-0.028390817065997,0.050742119550704956,-0.22635316848754883,-0.03898009443776118,0.08958041667938232,-0.23786324262619019,-0.04450167501465785,0.11793798208236694,-0.22871577739715576,-0.048001249973935955,0.029615193605422974,-0.1274765133857727,-0.04968147138254153,0.05569469928741455,-0.1841926872730255,-0.05767421582834231,0.08284080028533936,-0.21036124229431152,-0.06152372220651614,0.10637173056602478,-0.22176530957221985,-0.06448410982386577
C,0.0,0.0,0.0,0.05170351266860962,-0.050591886043548584,0.022186933283407484,0.08015885949134827,-0.09537649154663086,0.022157291148502622,0.1072576642036438,-0.11986672878265381,0.013615677331287657,0.1365923285484314,-0.1329265832901001,0.0041058335571477755,0.016878187656402588,-0.16900786757469177,0.017527120385963713,0.04691970348358154,-0.2284870445728302,0.004443721578169857,0.08191189169883728,-0.24110829830169678,-0.007928625482421126,0.11333727836608887,-0.2388395071029663,-0.016593042563002314,0.012341082096099854,-0.16211724281311035,-0.006107101484488453,0.05333203077316284,-0.24535059928894043,-0.022286044235627855,0.09184229373931885,-0.2530701756477356,-0.03487027602950832,0.12077036499977112,-0.23858514428138733,-0.04189635979692241,0.016224652528762817,-0.14720970392227173,-0.02910203839401504,0.05166831612586975,-0.22479680180549622,-0.03882954436103603,0.0896615982055664,-0.2381800413131714,-0.04327076839963695,0.11853286623954773,-0.23143517971038818,-0.046197054709594454,0.030770808458328247,-0.12574166059494019,-0.05124357509176036,0.05579683184623718,-0.18245714902877808,-0.05819466876546642,0.0817270278930664,-0.20964547991752625,-0.060983178939025606,0.10487061738967896,-0.22287049889564514,-0.0632579790310075
C,0.0,0.0,0.0,0.04896533489227295,-0.04818856716156006,0.01621615113485575,0.07892796397209167,-0.09488701820373535,0.01383276534993172,0.10713005065917969,-0.11985784769058228,0.004246291888691189,0.13510099053382874,-0.13202089071273804,-0.00578249460291147,0.011755883693695068,-0.16658177971839905,0.01194751793313742,0.040993690490722656,-0.22906184196472168,-0.00434231879394531,0.07762280106544495,-0.2435065507888794,-0.019632648958079812,0.1115696132183075,-0.2398073673248291,-0.02972140377592325,0.009209662675857544,-0.1583537459373474,-0.008910619935207365,0.05345803499221802,-0.2446238100528717,-0.029244249968044755,0.09232130646705627,-0.25177061557769775,-0.0455910305513072,0.12099698185920715,-0.23631763458251953,-0.05429720906745672,0.014104783535003662,-0.14404219388961792,-0.0293354487998414,0.050238847732543945,-0.22110304236412048,-0.041944891495816705,0.08887815475463867,-0.2357890009880066,-0.04938193438779592,0.11803281307220459,-0.22720307111740112,-0.053405139876716134,0.029435187578201294,-0.12276434898376465,-0.049273420406692026,0.05493593215942383,-0.1804715394973755,-0.05658713756334066,0.08168745040893555,-0.207683265209198,-0.06027150927316427,0.10552284121513367,-0.2189168930053711,-0.06300343973767042
C,0.0,0.0,0.0,0.05029517412185669,-0.05005759000778198,0.020935310715842093,0.07932454347610474,-0.09406375885009766,0.020900760510969008,0.10602933168411255,-0.11749076843261719,0.012712143095242823,0.13457560539245605,-0.12986862659454346,0.003739778384598935,0.015363901853561401,-0.1670210361480713,0.016676074558901632,0.045334428548812866,-0.22665607929229736,0.0023328188937483674,0.08051669597625732,-0.23948201537132263,-0.010797771891546404,0.11185640096664429,-0.2362126111984253,-0.019449935561013376,0.011289000511169434,-0.16020119190216064,-0.006034026654404556,0.05221360921859741,-0.24340355396270752,-0.023143175324392473,0.09016385674476624,-0.2507331967353821,-0.036340956842494165,0.1180950403213501,-0.23584729433059692,-0.04342034206349865,0.015307247638702393,-0.14569813013076782,-0.02827418342788235,0.05077037215232849,-0.2209438979625702,-0.039209925835919535,0.08836951851844788,-0.2341768443584442,-0.04494617999155537,0.11639493703842163,-0.2269309163093567,-0.048224215662074243,0.029701411724090576,-0.12497097253799438,-0.049652752732825434,0.05519941449165344,-0.1806361973285675,-0.05770605549771801,0.0809774100780487,-0.207655668258667,-0.061567173605752146,0.10357609391212463,-0.2204437255859375,-0.06428761900026814
C,0.0,0.0,0.0,0.048277705907821655,-0.04651057720184326,0.017903124236042345,0.07815763354301453,-0.09215086698532104,0.01599619842367872,0.10593697428703308,-0.11479336023330688,0.00720308001386627,0.13411548733711243,-0.12607377767562866,-0.0015984554565449116,0.01572519540786743,-0.16394487023353577,0.011914386667783106,0.047291964292526245,-0.2261042296886444,-0.003443645292421138,0.08413806557655334,-0.23894095420837402,-0.01797228374284998,0.11766621470451355,-0.23255756497383118,-0.02723601714474455,0.01324954628944397,-0.15648040175437927,-0.008853167041664278,0.05576995015144348,-0.2416067123413086,-0.026819995350663817,0.09405979514122009,-0.24745243787765503,-0.040739307857577955,0.12175419926643372,-0.22995010018348694,-0.047915036536281264,0.017818719148635864,-0.1423901915550232,-0.028906629167025244,0.05197587609291077,-0.22028416395187378,-0.038670628077809965,0.08842435479164124,-0.233537495136261,-0.04336751878959433,0.11559519171714783,-0.2245548665523529,-0.04608936861855284,0.03341212868690491,-0.1213790774345398,-0.04837089658481375,0.056963831186294556,-0.1761867105960846,-0.05340179682475821,0.0809859037399292,-0.20175200700759888,-0.054673562503879225,0.10167816281318665,-0.21192187070846558,-0.05567336709005133
C,0.0,0.0,0.0,0.047934383153915405,-0.04825139045715332,0.019967957507944334,0.07711878418922424,-0.0910380482673645,0.018663886111355055,0.10423249006271362,-0.11310029029846191,0.009697691645598638,0.13223594427108765,-0.12348848581314087,0.0003780405303785983,0.016455888748168945,-0.16080009937286377,0.015718436908102262,0.04760667681694031,-0.2196994423866272,0.0017192580188947204,0.08309194445610046,-0.23152902722358704,-0.012097948122644198,0.11530676484107971,-0.22743481397628784,-0.02164686553540207,0.013889461755752563,-0.153395414352417,-0.006511925611519587,0.0570584237575531,-0.23457184433937073,-0.02408677049341179,0.09371334314346313,-0.23857641220092773,-0.037706925425553095,0.1203116774559021,-0.22099053859710693,-0.04499434575798489,0.017540544271469116,-0.13899970054626465,-0.028064389604949724,0.052450746297836304,-0.21454209089279175,-0.037579021308445704,0.08808910846710205,-0.225782573223114,-0.04107019573810078,0.11513218283653259,-0.21603119373321533,-0.04323279381158329,0.03224462270736694,-0.1175733208656311,-0.04904845625522114,0.05561774969100952,-0.16988539695739746,-0.054709917757534754,0.0799090564250946,-0.19384831190109253,-0.05591734022262074,0.10105052590370178,-0.20357203483581543,-0.057036905441307795
C,0.0,0.0,0.0,0.04644158482551575,-0.0448915958404541,0.01546557698823392,0.07665595412254333,-0.08847326040267944,0.012291150022818442,0.10516515374183655,-0.11055690050125122,0.002539530950187441,0.1332884430885315,-0.11977052688598633,-0.0073870948100847045,0.014965146780014038,-0.15538623929023743,0.01094304103828847,0.047740161418914795,-0.2138383984565735,-0.004105869825409059,0.08267393708229065,-0.2257450819015503,-0.018958793166504506,0.11579969525337219,-0.22193244099617004,-0.0293093557985884,0.013686925172805786,-0.14695221185684204,-0.009162771660314206,0.05817383527755737,-0.23193344473838806,-0.029355478617773656,0.09430894255638123,-0.2355872094631195,-0.04590113754890979,0.12171560525894165,-0.21841901540756226,-0.05461637597106517,0.01799875497817993,-0.13312214612960815,-0.028510804432855252,0.05161532759666443,-0.2108413577079773,-0.039631697494016294,0.08709529042243958,-0.22277384996414185,-0.046128156739698056,0.11447376012802124,-0.2139592170715332,-0.049969404149280194,0.032159388065338135,-0.1123661994934082,-0.04743292476557315,0.054554104804992676,-0.16547629237174988,-0.052633541780934934,0.07747605443000793,-0.1913055181503296,-0.054876967478023175,0.0977703332901001,-0.20333510637283325,-0.057089514243827466
C,0.0,0.0,0.0,0.04308640956878662,-0.03953427076339722,0.011237817113510573,0.07419118285179138,-0.08357250690460205,0.007122976933828795,0.10254529118537903,-0.10543942451477051,-0.0023911607030413506,0.12852805852890015,-0.11343926191329956,-0.011659288550504243,0.011952012777328491,-0.15094316005706787,0.007314564888588393,0.04347807168960571,-0.2111492156982422,-0.00920148077864269,0.07834914326667786,-0.2227691411972046,-0.02565044700611452,0.1121242344379425,-0.21752658486366272,-0.03679470508802751,0.012197554111480713,-0.14173763990402222,-0.010370324137397802,0.057921767234802246,-0.22667312622070312,-0.034149141753800905,0.09253484010696411,-0.22680744528770447,-0.053333626831658876,0.11837899684906006,-0.2062782645225525,-0.06251897081244806,0.016714155673980713,-0.12879979610443115,-0.02732500969875673,0.04892897605895996,-0.20400357246398926,-0.04020749940980295,0.08335456252098083,-0.21495965123176575,-0.04842568724859575,0.10983985662460327,-0.2055622935295105,-0.0524715648542724,0.030210644006729126,-0.10918641090393066,-0.044123789067157304,0.05155804753303528,-0.16025319695472717,-0.04881822853792528,0.07300889492034912,-0.18616241216659546,-0.05107005476463655,0.09193718433380127,-0.19861555099487305,-0.05311382352817873
C,0.0,0.0,0.0,0.042726755142211914,-0.038279592990875244,0.010348264000356266,0.07437652349472046,-0.08197438716888428,0.006145075301617453,0.10278841853141785,-0.1033332347869873,-0.0032469040127693916,0.12787845730781555,-0.11089712381362915,-0.01229330630695813,0.011625617742538452,-0.14917868375778198,0.006392036902695963,0.04241067171096802,-0.21062526106834412,-0.010672030166745117,0.07796511054039001,-0.22274816036224365,-0.027285873086213996,0.11228880286216736,-0.2169349193572998,-0.03806460195875161,0.012048870325088501,-0.13974273204803467,-0.010628521570026805,0.057353705167770386,-0.22565335035324097,-0.03472264030671113,0.09237697720527649,-0.2266673445701599,-0.05381415703988068,0.11846181750297546,-0.20556828379631042,-0.06260422536826127,0.017100483179092407,-0.12704414129257202,-0.026999301404714515,0.04941457509994507,-0.20155483484268188,-0.040400295645952156,0.08475112915039062,-0.21403947472572327,-0.04890549102520936,0.1119525134563446,-0.2045479714870453,-0.052674154878616264,0.03149577975273132,-0.10736715793609619,-0.04324181297516816,0.054089903831481934,-0.15985020995140076,-0.04800471583104127,0.0773908793926239,-0.18542951345443726,-0.050145334691762855,0.09787040948867798,-0.19640100002288818,-0.05178609782552712
C,0.0,0.0,0.0,0.041622817516326904,-0.0370064377784729,0.011727699531050462,0.07186770439147949,-0.07987451553344727,0.0084283179471214,0.09913265705108643,-0.1003040075302124,-0.0007972908920663713,0.12474200129508972,-0.10879749059677124,-0.010026262620655757,0.011685162782669067,-0.14531853795051575,0.012683798080118436,0.041387468576431274,-0.205734521150589,-0.0016612707536722837,0.07591873407363892,-0.2164515256881714,-0.017407659920124274,0.1083683967590332,-0.21063733100891113,-0.02817889723387168,0.012064218521118164,-0.13796335458755493,-0.004776539759902221,0.054790645837783813,-0.21984362602233887,-0.025812274323968154,0.08868953585624695,-0.22063946723937988,-0.04462192069199489,0.1141878068447113,-0.19940844178199768,-0.0539922327866833,0.016845673322677612,-0.12698811292648315,-0.02175410139766143,0.04762500524520874,-0.20002758502960205,-0.0319718704691212,0.08207094669342041,-0.2115352749824524,-0.039165942477254134,0.10896506905555725,-0.20193099975585938,-0.04286292056944774,0.03138414025306702,-0.10793328285217285,-0.038799150394467574,0.05385211110115051,-0.15931397676467896,-0.041256370501784545,0.0771784782409668,-0.18419373035430908,-0.042000515865353805,0.09722831845283508,-0.19452184438705444,-0.0430582338145058
C,0.0,0.0,0.0,0.04120299220085144,-0.03609037399291992,0.0130874564903678,0.07069617509841919,-0.07701712846755981,0.010240503031283765,0.09623187780380249,-0.09655582904815674,0.001207779653825014,0.12139308452606201,-0.10336613655090332,-0.008130810779064745,0.01217639446258545,-0.142981618642807,0.012339286881953626,0.04220643639564514,-0.20206409692764282,-0.0015038362206070133,0.0759684145450592,-0.21106013655662537,-0.01593261733326301,0.10680478811264038,-0.20514389872550964,-0.025641215589374156,0.011854946613311768,-0.13479870557785034,-0.0055710627664922185,0.055376261472702026,-0.21316254138946533,-0.025346794721215815,0.08877336978912354,-0.21386468410491943,-0.04189978874894962,0.11330819129943848,-0.1936420202255249,-0.049856647473305316,0.017081022262573242,-0.12287938594818115,-0.022966915365785212,0.048491477966308594,-0.1944507658481598,-0.03289055041643962,0.08257719874382019,-0.20442527532577515,-0.03831576518389568,0.10880917310714722,-0.19535979628562927,-0.0406994704124628,0.03166419267654419,-0.10429608821868896,-0.04028128049942836,0.05364397168159485,-0.15498855710029602,-0.043361924212902636,0.07669687271118164,-0.17852681875228882,-0.04343047700497493,0.0966130793094635,-0.18856322765350342,-0.04363504014584407
C,0.0,0.0,0.0,0.04173824191093445,-0.03590017557144165,0.011749195911562538,0.07067909836769104,-0.07581543922424316,0.008702086330032444,0.09627407789230347,-0.0947912335395813,-0.00040901791200553816,0.12093505263328552,-0.10207539796829224,-0.009761395818912888,0.012304812669754028,-0.14140012860298157,0.013628776230490303,0.041090160608291626,-0.1983555257320404,0.00026805156247178274,0.073947012424469,-0.20871150493621826,-0.014160196251594925,0.10379773378372192,-0.20456361770629883,-0.023987883656644726,0.012093216180801392,-0.13373398780822754,-0.0033745697712390665,0.053132861852645874,-0.2108485996723175,-0.022723894521021748,0.08637431263923645,-0.21334302425384521,-0.03999360087456694,0.11151525378227234,-0.19420471787452698,-0.0485134180182456,0.017118215560913086,-0.1224018931388855,-0.020048115357184315,0.047039806842803955,-0.1919597089290619,-0.03008334892930975,0.08071446418762207,-0.2028517723083496,-0.036564739375734234,0.1070500910282135,-0.19434243440628052,-0.039560282557630444,0.03145956993103027,-0.10361242294311523,-0.03673235508742323,0.053533315658569336,-0.15261396765708923,-0.039853392123603726,0.07629936933517456,-0.17595621943473816,-0.0405308957690238,0.09622150659561157,-0.18597552180290222,-0.04116757023277273
C,0.0,0.0,0.0,0.04088148474693298,-0.03486150503158569,0.011751080139219994,0.06982147693634033,-0.07461923360824585,0.008707778735697502,0.09574788808822632,-0.09367680549621582,-0.00028472099438658915,0.11960083246231079,-0.09972572326660156,-0.009508245417237049,0.012079954147338867,-0.13860955834388733,0.013968606686830753,0.04150983691215515,-0.19309061765670776,0.0006560466463270131,0.07492232322692871,-0.20396271347999573,-0.01428594140088535,0.10581076145172119,-0.19975271821022034,-0.024633832999825245,0.012035161256790161,-0.13116246461868286,-0.0029925734525022563,0.05406063795089722,-0.20803576707839966,-0.022610730284213787,0.08698204159736633,-0.20986202359199524,-0.040584497877716785,0.11164277791976929,-0.19043263792991638,-0.04970342365777469,0.01662120223045349,-0.12049871683120728,-0.0195496126798389,0.04707339406013489,-0.1889706552028656,-0.029447539502143627,0.08086860179901123,-0.1995011568069458,-0.03645894003784633,0.10716521739959717,-0.18992677330970764,-0.04003197027122951,0.030839771032333374,-0.10200738906860352,-0.036127065101027256,0.05254349112510681,-0.15079224109649658,-0.03865661917006946,0.07582607865333557,-0.17260342836380005,-0.03922906217849231,0.09617221355438232,-0.18071016669273376,-0.04010398385798908
C,0.0,0.0,0.0,0.03649887442588806,-0.032370805740356445,0.011316093326570353,0.066142737865448,-0.0732995867729187,0.00788096216416534,0.09284120798110962,-0.09183317422866821,-0.0012508765198049332,0.11731475591659546,-0.0986257791519165,-0.010391421905694642,0.010065853595733643,-0.1336686611175537,0.013839355380298457,0.03994929790496826,-0.19178572297096252,0.0009474646663534259,0.07289233803749084,-0.20269930362701416,-0.013988235323665776,0.10399901866912842,-0.19795763492584229,-0.024127831040857473,0.011715978384017944,-0.12648266553878784,-0.0027539462884647037,0.054348111152648926,-0.20259684324264526,-0.022996326266763845,0.08611205220222473,-0.20401930809020996,-0.04160397249364678,0.10994261503219604,-0.18371298909187317,-0.05039835470819298,0.017310380935668945,-0.11722862720489502,-0.01878701831304852,0.046463072299957275,-0.18681436777114868,-0.027562876521585622,0.07897871732711792,-0.19855248928070068,-0.03376346948647324,0.10485315322875977,-0.19034817814826965,-0.036527333139417806,0.03234738111495972,-0.10092848539352417,-0.03493781882428948,0.052632540464401245,-0.1498047411441803,-0.03527360159063164,0.0748434066772461,-0.1728387475013733,-0.03417874994778458,0.09387359023094177,-0.18162524700164795,-0.03366182121538941
C,0.0,0.0,0.0,0.0367855429649353,-0.03094637393951416,0.01040883963730721,0.0662170946598053,-0.07098186016082764,0.00734900958639173,0.09306618571281433,-0.0902789831161499,-0.0010768764578870105,0.11719974875450134,-0.09783130884170532,-0.009350462390216308,0.011307686567306519,-0.1310710906982422,0.01367443656351952,0.0403406023979187,-0.18671143054962158,0.0016605156314426495,0.07265597581863403,-0.19877463579177856,-0.011784018522234874,0.10268107056617737,-0.19540345668792725,-0.020651084875794368,0.012454390525817871,-0.1252705454826355,-0.0015437304201668667,0.052835613489151,-0.20060881972312927,-0.019427269270750003,0.08448007702827454,-0.20486575365066528,-0.035734939893814044,0.10860875248908997,-0.1861557960510254,-0.0433627437261066,0.017914652824401855,-0.11688631772994995,-0.016429660415383296,0.046695202589035034,-0.1838775873184204,-0.02443089666041942,0.07927757501602173,-0.1964346170425415,-0.030332725068660693,0.10505512356758118,-0.1884503960609436,-0.03294412376556011,0.03221955895423889,-0.10135906934738159,-0.03145869406137081,0.052845388650894165,-0.1498878300189972,-0.032151933333011584,0.07530844211578369,-0.17206025123596191,-0.0317057515886745,0.09477317333221436,-0.17970341444015503,-0.03150903763446422
C,0.0,0.0,0.0,0.036769598722457886,-0.03364121913909912,0.014382358599007716,0.06440940499305725,-0.07148784399032593,0.01368463594049274,0.08963325619697571,-0.09069323539733887,0.006850069347322574,0.11358091235160828,-0.09794360399246216,-0.00022818332722351897,0.011174976825714111,-0.13039177656173706,0.01890399954795896,0.04015272855758667,-0.18096286058425903,0.009107341948450198,0.0708736777305603,-0.1943327784538269,-0.00243154335252882,0.09953388571739197,-0.19431018829345703,-0.010494393337964425,0.011608719825744629,-0.1253703236579895,0.0021798258698737527,0.05008479952812195,-0.19757401943206787,-0.013433086727260957,0.08065378665924072,-0.20280417799949646,-0.02782814488232077,0.10448625683784485,-0.18623250722885132,-0.03470850833177508,0.016812890768051147,-0.11695986986160278,-0.014201042283772836,0.0451350212097168,-0.18227851390838623,-0.021258820821046243,0.0762377679347992,-0.19403138756752014,-0.026277740527390847,0.10106983780860901,-0.18684732913970947,-0.028740559746026406,0.030698418617248535,-0.10171109437942505,-0.030412907753586182,0.05087357759475708,-0.14884427189826965,-0.032193218399285684,0.07251480221748352,-0.17025190591812134,-0.03264678366899432,0.09147530794143677,-0.17848408222198486,-0.033184842247962365
C,0.0,0.0,0.0,0.035021454095840454,-0.031306445598602295,0.013709623852690811,0.06338226795196533,-0.0680314302444458,0.012867393458208198,0.08866530656814575,-0.08633160591125488,0.006019147133400793,0.11280491948127747,-0.0932927131652832,-0.0010475609247180273,0.0117245614528656,-0.12916353344917297,0.019014717565795536,0.04248625040054321,-0.17811599373817444,0.009579939322492237,0.07300129532814026,-0.18935978412628174,-0.0018208040651472857,0.1006791889667511,-0.1876836121082306,-0.009506551994064694,0.01221117377281189,-0.12473225593566895,0.003077916588580365,0.05090057849884033,-0.19445857405662537,-0.011527233270982151,0.08141902089118958,-0.19839704036712646,-0.025417928097823506,0.10491713881492615,-0.1802334189414978,-0.03177573948917711,0.017718970775604248,-0.1165875792503357,-0.012527171036282425,0.045109301805496216,-0.1814846694469452,-0.01857881106255377,0.07569169998168945,-0.19122588634490967,-0.022835003657320385,0.10009542107582092,-0.18275916576385498,-0.024571860654333477,0.03135988116264343,-0.1022152304649353,-0.028031152186969166,0.05111810564994812,-0.14872613549232483,-0.028950144050696736,0.0723724365234375,-0.16823753714561462,-0.028434418587067967,0.09108203649520874,-0.17495626211166382,-0.027930951191166287
C,0.0,0.0,0.0,0.037482768297195435,-0.03276854753494263,0.013994163825174155,0.06368330121040344,-0.06869763135910034,0.013014822258611503,0.08762189745903015,-0.08640700578689575,0.005483920677562537,0.11211198568344116,-0.09371119737625122,-0.0024916699705670453,0.011351436376571655,-0.12966090440750122,0.02007636240776378,0.04063904285430908,-0.17713847756385803,0.011183354995210948,0.07028505206108093,-0.1877829134464264,0.00048462804150517513,0.09682345390319824,-0.18651467561721802,-0.006918479231188712,0.010955870151519775,-0.12531828880310059,0.0036718100225527905,0.04809877276420593,-0.19269031286239624,-0.009691070773641286,0.07844480872154236,-0.19765248894691467,-0.022479733460585294,0.10207778215408325,-0.18042799830436707,-0.028573879980484662,0.01661178469657898,-0.11665213108062744,-0.012610439219514546,0.044051408767700195,-0.18008702993392944,-0.018633618959228215,0.07455652952194214,-0.19007158279418945,-0.022437121727506337,0.09855067729949951,-0.1821533739566803,-0.023999730133454023,0.03033199906349182,-0.10164767503738403,-0.028813127436677632,0.051144540309906006,-0.14765775203704834,-0.029800968253056226,0.07236388325691223,-0.16728931665420532,-0.028909487658182798,0.09112587571144104,-0.17462417483329773,-0.028235953309575734
C,0.0,0.0,0.0,0.03634721040725708,-0.03049415349960327,0.011231020707526795,0.06352657079696655,-0.06672680377960205,0.00887530637893974,0.08784535527229309,-0.08432435989379883,0.0008023309962652547,0.11006700992584229,-0.09039944410324097,-0.007294713370612271,0.009110450744628906,-0.12807467579841614,0.015033165607491128,0.03849339485168457,-0.1782599687576294,0.0032064071017146034,0.06955072283744812,-0.1878516674041748,-0.009846232216915496,0.09698605537414551,-0.18356508016586304,-0.018424586709699042,0.009150177240371704,-0.12183743715286255,-0.0003859755200039672,0.048661649227142334,-0.1922069787979126,-0.018041349332889922,0.07977166771888733,-0.19365322589874268,-0.03390564521785677,0.10248678922653198,-0.17419695854187012,-0.04122141128416956,0.014430463314056396,-0.11288446187973022,-0.015552955996355422,0.04201430082321167,-0.17653220891952515,-0.02433490505453051,0.07352545857429504,-0.18516314029693604,-0.03028837157424391,0.09758961200714111,-0.17559289932250977,-0.03260788073774279,0.02818205952644348,-0.09790867567062378,-0.030712136384209998,0.04852721095085144,-0.14371562004089355,-0.03279769172903002,0.07009011507034302,-0.16292792558670044,-0.03295358022685946,0.08882561326026917,-0.16955146193504333,-0.032911029961070426
C,0.0,0.0,0.0,0.0352245569229126,-0.030656039714813232,0.009527705246725304,0.062467485666275024,-0.06735825538635254,0.006783858044215663,0.08665505051612854,-0.08442258834838867,-0.0011824142558936046,0.10774147510528564,-0.08991330862045288,-0.009170104181251304,0.008113712072372437,-0.12755542993545532,0.012206402244189007,0.037098228931427,-0.17807310819625854,1.4819147324374171e-05,0.06791356205940247,-0.18761366605758667,-0.013161694062731044,0.09603124856948853,-0.18351593613624573,-0.021830599186799304,0.0083751380443573,-0.12146276235580444,-0.0023623929730121063,0.04771539568901062,-0.19098377227783203,-0.02017977776922919,0.07836070656776428,-0.19288623332977295,-0.035978622166297214,0.10140186548233032,-0.17479315400123596,-0.043434913633248584,0.013756126165390015,-0.11260086297988892,-0.016742029590389507,0.04102510213851929,-0.17595064640045166,-0.026018937481424587,0.07233127951622009,-0.18580737709999084,-0.032864473191878574,0.09683704376220703,-0.17694175243377686,-0.03586697521605231,0.027553826570510864,-0.09830492734909058,-0.03121369647779204,0.0472588837146759,-0.1441347897052765,-0.03377201351322867,0.06872308254241943,-0.16365006566047668,-0.0346014866510842,0.08782550692558289,-0.1698876917362213,-0.035119793740889804
C,0.0,0.0,0.0,0.03396257758140564,-0.030512452125549316,0.009743011421818437,0.058827996253967285,-0.06634026765823364,0.006908639199394884,0.08288070559501648,-0.08362329006195068,-0.0009440382893046717,0.10526612401008606,-0.08972984552383423,-0.00892963739548236,0.007144123315811157,-0.12347221374511719,0.009512052736539545,0.034946829080581665,-0.17288365960121155,-0.0027255228671094756,0.06505364179611206,-0.1826505959033966,-0.01525014186714202,0.09275433421134949,-0.1787348985671997,-0.02335096257243663,0.0068035125732421875,-0.11855882406234741,-0.004828638066243229,0.043781548738479614,-0.18802738189697266,-0.021514057316522894,0.0743444561958313,-0.19063812494277954,-0.03544744210753947,0.09725412726402283,-0.17319032549858093,-0.04205414014373332,0.011814355850219727,-0.11045962572097778,-0.018937430479269324,0.03798511624336243,-0.1752711832523346,-0.027649852581959067,0.06849083304405212,-0.1852695643901825,-0.03379910918388873,0.09216418862342834,-0.17651864886283875,-0.03670378508482486,0.024835973978042603,-0.09726881980895996,-0.033050210349898634,0.043494969606399536,-0.14334917068481445,-0.03583517404709369,0.06434991955757141,-0.16315415501594543,-0.036815983378033934,0.0827818512916565,-0.16919440031051636,-0.03753717722807437
C,0.0,0.0,0.0,0.03356730937957764,-0.032274484634399414,0.00962878031236869,0.05777740478515625,-0.06571239233016968,0.006244937549809038,0.08193901181221008,-0.0814507007598877,-0.0019041515090520988,0.1041196882724762,-0.08707976341247559,-0.010314867705574216,0.006699621677398682,-0.12153232097625732,0.007956166877875148,0.034203171730041504,-0.16887396574020386,-0.00400012718932885,0.06337469816207886,-0.17973053455352783,-0.016127940141132058,0.09103348851203918,-0.17788615822792053,-0.024316251151731194,0.006552904844284058,-0.11652827262878418,-0.006263011008968533,0.04260477423667908,-0.18571704626083374,-0.022199952848723115,0.07234212756156921,-0.18924495577812195,-0.0357351376344468,0.09510305523872375,-0.17448732256889343,-0.04268990444438714,0.011001229286193848,-0.10748934745788574,-0.02010902191000241,0.037001729011535645,-0.17058336734771729,-0.028889521830251397,0.06611916422843933,-0.18102222681045532,-0.03512449177401322,0.08926793932914734,-0.1732126772403717,-0.0385429932405259,0.023501425981521606,-0.09281754493713379,-0.03383152919309396,0.040711164474487305,-0.1365821361541748,-0.03737601252692002,0.059635668992996216,-0.1569339632987976,-0.039146456741264046,0.07681074738502502,-0.16473573446273804,-0.040714144580533684
C,0.0,0.0,0.0,0.034350693225860596,-0.03236299753189087,0.00906538364996834,0.057769954204559326,-0.06620538234710693,0.005671565025650693,0.08120724558830261,-0.08298534154891968,-0.0024258849904157387,0.10345813632011414,-0.0901327133178711,-0.010664130956328677,0.007815271615982056,-0.12249857187271118,0.00758010761400385,0.03405487537384033,-0.16945958137512207,-0.003907814085877703,0.06241926550865173,-0.18042346835136414,-0.015013315178848075,0.08844467997550964,-0.1787593960762024,-0.022214246377743052,0.006398499011993408,-0.11888456344604492,-0.00579982662985401,0.04075580835342407,-0.18503737449645996,-0.01978113262394743,0.07011765241622925,-0.19042080640792847,-0.031123389885223673,0.09249857068061829,-0.1775566041469574,-0.03691009192208128,0.010757386684417725,-0.11036151647567749,-0.01904568022528963,0.03662988543510437,-0.1719169020652771,-0.02707138790229635,0.0653843879699707,-0.18323203921318054,-0.032327403709686564,0.08842417597770691,-0.17628037929534912,-0.035135114029444026,0.023235052824020386,-0.09613257646560669,-0.03221751882175283,0.0412883460521698,-0.1393798291683197,-0.03579180447796659,0.060667991638183594,-0.15914130210876465,-0.03730418293217497,0.07855001091957092,-0.16641229391098022,-0.03844253851512747
C,0.0,0.0,0.0,0.03313532471656799,-0.029832780361175537,0.0075179299615371065,0.05805543065071106,-0.06559962034225464,0.004234473062311395,0.08237650990486145,-0.0832282304763794,-0.0033319403141689463,0.10425633192062378,-0.08982199430465698,-0.01076520622744681,0.006622523069381714,-0.12256991863250732,0.008228597072516664,0.03388360142707825,-0.17013466358184814,-0.0036235893335145875,0.06270545721054077,-0.18158495426177979,-0.015666918056453483,0.08924412727355957,-0.17868807911872864,-0.023374569761003272,0.006411433219909668,-0.11860555410385132,-0.004416967435176389,0.04202866554260254,-0.1868494153022766,-0.020459818812454955,0.07138174772262573,-0.1905583143234253,-0.034060196178401725,0.09353786706924438,-0.17433547973632812,-0.04038987045213105,0.01135563850402832,-0.11065924167633057,-0.01691783142312886,0.03636351227760315,-0.17292189598083496,-0.025884528803075568,0.06551370024681091,-0.1839420199394226,-0.03240298961326005,0.08853471279144287,-0.1756667196750641,-0.0353141475193155,0.02449527382850647,-0.09674578905105591,-0.029472583132232444,0.043118834495544434,-0.14103826880455017,-0.032867440181220786,0.06333103775978088,-0.16051453351974487,-0.03449111540838601,0.08159920573234558,-0.16632980108261108,-0.03545270969196679
C,0.0,0.0,0.0,0.03515848517417908,-0.03325319290161133,0.010699574395090394,0.058598458766937256,-0.06737101078033447,0.008165153234273248,0.08146679401397705,-0.0842939019203186,0.000598135836895608,0.10338777303695679,-0.09039461612701416,-0.00698418866190309,0.006855666637420654,-0.12393590807914734,0.010094372115105443,0.03301092982292175,-0.17040559649467468,-0.0006371350358165273,0.061363041400909424,-0.1806342899799347,-0.011340326138764567,0.08718663454055786,-0.17796173691749573,-0.018288492665618605,0.005399584770202637,-0.11967885494232178,-0.004056631562292523,0.039940446615219116,-0.18568643927574158,-0.017645839110940642,0.06919017434120178,-0.19026070833206177,-0.028668973104089446,0.09121602773666382,-0.17582574486732483,-0.03406121905240411,0.010026037693023682,-0.11091440916061401,-0.017977969230145163,0.036123424768447876,-0.17204821109771729,-0.025423207760780997,0.06482356786727905,-0.18264684081077576,-0.02993169191572065,0.08743679523468018,-0.17505496740341187,-0.032181038961738295,0.0231839120388031,-0.09689211845397949,-0.03176473032030458,0.042138367891311646,-0.14001905918121338,-0.03461738999280328,0.062166035175323486,-0.15845438838005066,-0.035257767395108885,0.08040806651115417,-0.1643906533718109,-0.03572103704604501
C,0.0,0.0,0.0,0.03495103120803833,-0.03249704837799072,0.010541300549576249,0.05935278534889221,-0.06684523820877075,0.008212687707910504,0.0821884274482727,-0.08325779438018799,0.0007890814723765516,0.10405370593070984,-0.08959108591079712,-0.006818598341723714,0.007733851671218872,-0.12452653050422668,0.011123014874229398,0.033286601305007935,-0.17171049118041992,0.00044948517292198176,0.061586588621139526,-0.1814149022102356,-0.01057745862804893,0.0866595208644867,-0.1787179708480835,-0.017808210775783095,0.006470710039138794,-0.12018823623657227,-0.0031743715243095494,0.041150033473968506,-0.18649709224700928,-0.017494165078332458,0.07073616981506348,-0.18932673335075378,-0.02978211335890535,0.09216192364692688,-0.17367196083068848,-0.03568123161845449,0.010782629251480103,-0.11121022701263428,-0.017215645611813102,0.036160796880722046,-0.17243605852127075,-0.02523312598519567,0.0654517412185669,-0.18202728033065796,-0.03008285604470018,0.08790960907936096,-0.17385920882225037,-0.03216432288341764,0.02360016107559204,-0.09624552726745605,-0.031105731353690658,0.042672961950302124,-0.14027190208435059,-0.03448687747173551,0.06327632069587708,-0.15966495871543884,-0.035308698863318,0.08149391412734985,-0.16659370064735413,-0.035698826164534125
C,0.0,0.0,0.0,0.035783857107162476,-0.033379554748535156,0.012010300522049988,0.05933433771133423,-0.06721919775009155,0.010432772328456963,0.08158791065216064,-0.083385169506073,0.0034432900038865455,0.10353419184684753,-0.08961474895477295,-0.00381678879323033,0.007655739784240723,-0.12513700127601624,0.012860061590870941,0.03339347243309021,-0.17169257998466492,0.002896474198749388,0.06139150261878967,-0.1815352439880371,-0.007583487788835441,0.08640441298484802,-0.17906129360198975,-0.014543776410320675,0.006127208471298218,-0.12078666687011719,-0.0020697917888554684,0.04093286395072937,-0.18622007966041565,-0.015584797608354961,0.07038766145706177,-0.18970808386802673,-0.02715978120515672,0.09210124611854553,-0.17421162128448486,-0.032738360586265,0.010585814714431763,-0.11165356636047363,-0.016727459626892482,0.036520421504974365,-0.17287835478782654,-0.024115321236351406,0.06566056609153748,-0.18212181329727173,-0.028461006479957973,0.08802404999732971,-0.1741965413093567,-0.030413542884090816,0.023353755474090576,-0.09675723314285278,-0.031154151084521686,0.0426480770111084,-0.14052152633666992,-0.034280314120152866,0.06307142972946167,-0.15976452827453613,-0.034855502667525684,0.08116188645362854,-0.1668369174003601,-0.03514661547789899
C,0.0,0.0,0.0,0.035551518201828,-0.03401464223861694,0.013191453341690362,0.05893146991729736,-0.06719821691513062,0.012613264072982133,0.08139985799789429,-0.08384019136428833,0.006386044595686258,0.10337308049201965,-0.08984678983688354,-0.00010075517597840644,0.007968902587890625,-0.12419790029525757,0.015674759794322313,0.03381606936454773,-0.16901972889900208,0.006951742966023744,0.06156805157661438,-0.1792515516281128,-0.0027654248547577254,0.08641788363456726,-0.17771264910697937,-0.009401711474808394,0.006073355674743652,-0.12080860137939453,0.0006207772971293934,0.040225714445114136,-0.18499755859375,-0.011222818705888926,0.06939291954040527,-0.1896076500415802,-0.021886818881782233,0.09117868542671204,-0.17555183172225952,-0.02729212010994786,0.010171055793762207,-0.1122698187828064,-0.01423307864710921,0.0361991822719574,-0.17220568656921387,-0.02075716371432179,0.06505504250526428,-0.18190866708755493,-0.025027272130998313,0.08746775984764099,-0.174394428730011,-0.027249888356479346,0.022760838270187378,-0.09820270538330078,-0.028783441360744177,0.04227903485298157,-0.14131012558937073,-0.03170246335461968,0.06293165683746338,-0.15928027033805847,-0.03240812274411553,0.08136224746704102,-0.16527369618415833,-0.032921560879501044
C,0.0,0.0,0.0,0.03535917401313782,-0.033551692962646484,0.011736995203193601,0.05914747714996338,-0.06734246015548706,0.010472504084702905,0.08214274048805237,-0.08408999443054199,0.004000188445445474,0.1039971113204956,-0.08960330486297607,-0.00258451710664076,0.007927954196929932,-0.12414124608039856,0.013026781042810853,0.032656192779541016,-0.17003336548805237,0.0031587066014822085,0.06075569987297058,-0.1809316873550415,-0.007464809214923207,0.0860908031463623,-0.17907994985580444,-0.014664462173584525,0.006469458341598511,-0.12011587619781494,-0.0015346833851594965,0.040636926889419556,-0.18465125560760498,-0.014795531856123034,0.06995081901550293,-0.188791424036026,-0.026650126429501597,0.09138494729995728,-0.17503327131271362,-0.032783291639987056,0.010322600603103638,-0.11132502555847168,-0.015846469776931826,0.03637567162513733,-0.16987895965576172,-0.023520267905894343,0.0653877854347229,-0.17997241020202637,-0.028674698772135798,0.08775568008422852,-0.17239660024642944,-0.03137124270409686,0.02286374568939209,-0.0966031551361084,-0.029908678831759516,0.04267910122871399,-0.13920778036117554,-0.03359691366762263,0.06347435712814331,-0.15757626295089722,-0.03498512819618327,0.08185100555419922,-0.16383659839630127,-0.035978920163813655
C,0.0,0.0,0.0,0.035008370876312256,-0.03367757797241211,0.011352330707723013,0.05866745114326477,-0.06741869449615479,0.00976533934544932,0.08150985836982727,-0.08440572023391724,0.0030736832700313244,0.10333827137947083,-0.08998829126358032,-0.0036582066391019907,0.007184237241744995,-0.12347826361656189,0.012407982052081934,0.031958550214767456,-0.1692236065864563,0.002545682043546549,0.05979156494140625,-0.180217444896698,-0.007933458051866182,0.08513441681861877,-0.17876684665679932,-0.015024834051018843,0.0057062506675720215,-0.11935931444168091,-0.001925131859479734,0.039747267961502075,-0.18421608209609985,-0.0152282078929602,0.06880417466163635,-0.18868082761764526,-0.026828204020148405,0.09034892916679382,-0.17521461844444275,-0.03274493731487382,0.009654074907302856,-0.1106300950050354,-0.016014595254546293,0.035597771406173706,-0.16957664489746094,-0.023628697469121107,0.06434214115142822,-0.17986667156219482,-0.028598292469268927,0.08669033646583557,-0.17250663042068481,-0.03117285177040685,0.022165268659591675,-0.09618902206420898,-0.029888775869494566,0.04194203019142151,-0.13875418901443481,-0.03327981822121728,0.06255993247032166,-0.15705382823944092,-0.034435731097346434,0.08088377118110657,-0.16329598426818848,-0.03530294515121568
C,0.0,0.0,0.0,0.035212039947509766,-0.033003807067871094,0.010482562592301292,0.059294670820236206,-0.06761050224304199,0.008766877351376934,0.0822543203830719,-0.0843697190284729,0.0021377125550543497,0.10360607504844666,-0.08998727798461914,-0.004491729309734183,0.006998628377914429,-0.12459567189216614,0.01160805009124033,0.032429516315460205,-0.17103499174118042,0.0010881208610271642,0.06052893400192261,-0.18186411261558533,-0.009787345418658333,0.08589252829551697,-0.17943936586380005,-0.01693097606482752,0.0058915019035339355,-0.12034016847610474,-0.002329264415379839,0.04068124294281006,-0.18618768453598022,-0.016698134245302754,0.07009953260421753,-0.1898699402809143,-0.02900663122716196,0.09165862202644348,-0.17505750060081482,-0.03492120199086912,0.010312050580978394,-0.11146801710128784,-0.01604489714088686,0.03596979379653931,-0.17141199111938477,-0.0245216611045862,0.06527680158615112,-0.1816636323928833,-0.029961844088461476,0.0879049003124237,-0.17383915185928345,-0.03236787311914213,0.023454636335372925,-0.09660130739212036,-0.029550706149962025,0.04278147220611572,-0.1401679515838623,-0.03350114740612753,0.0634341835975647,-0.15907496213912964,-0.0349064833688999,0.08190375566482544,-0.16552558541297913,-0.035660470949437695
C,0.0,0.0,0.0,0.03555566072463989,-0.033007144927978516,0.011781003701898385,0.05934968590736389,-0.06762516498565674,0.010234217535170842,0.08171334862709045,-0.08475971221923828,0.003242145202520419,0.10433492064476013,-0.09131979942321777,-0.003949067645308446,0.007876932621002197,-0.12492239475250244,0.013688382137033273,0.03410917520523071,-0.1703793704509735,0.003835215841817785,0.06166568398475647,-0.18053314089775085,-0.006532211877939176,0.0864778459072113,-0.1784014105796814,-0.013420949314323138,0.006150037050247192,-0.12168723344802856,-0.0011157853031278364,0.040601253509521484,-0.1863301396369934,-0.014399541166213226,0.06940343976020813,-0.19045373797416687,-0.025402514819589328,0.09109380841255188,-0.17510271072387695,-0.030550007332649898,0.010631054639816284,-0.11311179399490356,-0.015837925110545825,0.03635480999946594,-0.17415717244148254,-0.023126029033747386,0.06493410468101501,-0.18374651670455933,-0.027158182669964503,0.08723673224449158,-0.1762206256389618,-0.028864086229887675,0.02335822582244873,-0.0988234281539917,-0.03039853144117899,0.04299256205558777,-0.1421888768672943,-0.03371310289630003,0.06313514709472656,-0.16128301620483398,-0.03437479268440313,0.08112600445747375,-0.168305903673172,-0.03463550340065069
C,0.0,0.0,0.0,0.0360238254070282,-0.031889259815216064,0.010380853104834387,0.06096026301383972,-0.06759214401245117,0.007672317463402578,0.0837101936340332,-0.08606171607971191,-0.0003210569930161,0.10615944862365723,-0.09367609024047852,-0.008444745887572935,0.008779436349868774,-0.1262165606021881,0.012011236648504564,0.03673666715621948,-0.17236483097076416,0.0007610770617247908,0.06537774205207825,-0.18273186683654785,-0.010935326900835207,0.0909498929977417,-0.18027269840240479,-0.018719874185080698,0.007246971130371094,-0.12177303433418274,-0.0027478396450533182,0.043977439403533936,-0.18845611810684204,-0.018111392718310526,0.07348352670669556,-0.19163265824317932,-0.03093312666987913,0.09545302391052246,-0.17591941356658936,-0.037037525188679865,0.011860668659210205,-0.11271625757217407,-0.01741507076894777,0.038670092821121216,-0.17421329021453857,-0.02596120336329477,0.0678553581237793,-0.18366971611976624,-0.030873244490976504,0.09039413928985596,-0.17628467082977295,-0.03299178541874426,0.024802863597869873,-0.09783720970153809,-0.03202447653984564,0.04487895965576172,-0.14201143383979797,-0.035623084616418055,0.0653725266456604,-0.1612415313720703,-0.036459650707001856,0.08357667922973633,-0.16865327954292297,-0.03691861764764326
C,0.0,0.0,0.0,0.03610670566558838,-0.032613158226013184,0.009899769501060973,0.06116262078285217,-0.06833755970001221,0.0075363130879111395,0.08347392082214355,-0.0855633020401001,0.0001582703250448958,0.10496532917022705,-0.09213840961456299,-0.0072552505310170545,0.007929116487503052,-0.12580764293670654,0.011769606323213111,0.03469690680503845,-0.17286059260368347,0.0003854967351060168,0.06331586837768555,-0.183865487575531,-0.011643359846203793,0.08970928192138672,-0.18167021870613098,-0.019677672943799962,0.007096081972122192,-0.12073549628257751,-0.002700720391004552,0.04385185241699219,-0.18818026781082153,-0.018961927330821027,0.07275021076202393,-0.191788911819458,-0.032709569147556294,0.09479278326034546,-0.17613562941551208,-0.03917683701845931,0.011704742908477783,-0.11175304651260376,-0.01705886091920661,0.038345515727996826,-0.17361724376678467,-0.02590779442223834,0.06735485792160034,-0.18489575386047363,-0.03158230002853202,0.0905308723449707,-0.1782999038696289,-0.03410955931875037,0.02479824423789978,-0.09662061929702759,-0.03142139356467055,0.044460684061050415,-0.14055049419403076,-0.034852628073423375,0.06480416655540466,-0.16112056374549866,-0.03598039265605735,0.08323365449905396,-0.16916519403457642,-0.03670951764914321
C,0.0,0.0,0.0,0.036362677812576294,-0.03255957365036011,0.007799660254718788,0.06290274858474731,-0.06979066133499146,0.004227851450892217,0.08646073937416077,-0.08820527791976929,-0.0039013177822511125,0.10782727599143982,-0.09549027681350708,-0.011857429585901968,0.009127706289291382,-0.1289699375629425,0.008798598245235212,0.03708982467651367,-0.17764928936958313,-0.004368809118417971,0.06674635410308838,-0.1879928708076477,-0.017699807948915236,0.09363576769828796,-0.18447482585906982,-0.02642234980270075,0.008246272802352905,-0.12311890721321106,-0.004870004087237589,0.04607576131820679,-0.1924525499343872,-0.022946868158427947,0.07604095339775085,-0.19503796100616455,-0.03828042379721808,0.09849157929420471,-0.17880934476852417,-0.04558507359728026,0.012499511241912842,-0.11334472894668579,-0.018430337376443617,0.038958221673965454,-0.17563840746879578,-0.028868949107376807,0.0690995454788208,-0.18649131059646606,-0.03580474115118193,0.09297725558280945,-0.1790858507156372,-0.03884703300103354,0.02536025643348694,-0.09724414348602295,-0.032063733852950804,0.04476460814476013,-0.14181524515151978,-0.03649249307021307,0.06559401750564575,-0.16227391362190247,-0.038369387454835646,0.08449742197990417,-0.17020004987716675,-0.03950075811847853
C,0.0,0.0,0.0,0.036415666341781616,-0.03245967626571655,0.010071629146153782,0.06409215927124023,-0.06922131776809692,0.00747188781392083,0.08795517683029175,-0.08812588453292847,0.00012777994274415505,0.10916078090667725,-0.09676659107208252,-0.006866713566665794,0.010272175073623657,-0.1290799081325531,0.009216647082979534,0.039850085973739624,-0.1800633668899536,-0.003784910589416768,0.06951010227203369,-0.19072839617729187,-0.015976343816106464,0.09669190645217896,-0.18643900752067566,-0.023291621869390156,0.008856087923049927,-0.12364107370376587,-0.0049793832469333665,0.04710391163825989,-0.19625619053840637,-0.02274398743170991,0.07715943455696106,-0.1984449028968811,-0.035712907602970745,0.09917432069778442,-0.17955660820007324,-0.04056250541466966,0.013703256845474243,-0.11422950029373169,-0.018929480155890133,0.039348334074020386,-0.1817237138748169,-0.028428538283293392,0.06861668825149536,-0.19189229607582092,-0.03293081237930551,0.09120255708694458,-0.183754563331604,-0.03385134651321664,0.02646896243095398,-0.09981632232666016,-0.03276550634760156,0.045314937829971313,-0.14685475826263428,-0.03685289113778367,0.0654066801071167,-0.16795215010643005,-0.0377741628791739,0.08351856470108032,-0.1762942671775818,-0.03756473078388467
C,0.0,0.0,0.0,0.03780949115753174,-0.03321772813796997,0.011151975852541796,0.06526929140090942,-0.07089906930923462,0.008679204520873895,0.08914333581924438,-0.08982360363006592,0.0007846604735703977,0.11208248138427734,-0.09810662269592285,-0.007094380545325407,0.012046188116073608,-0.1299360692501068,0.013190067273669115,0.04089325666427612,-0.1787317395210266,0.001456398766592315,0.07033509016036987,-0.19099348783493042,-0.011179437960393557,0.09824198484420776,-0.18910548090934753,-0.01960794823885692,0.010984688997268677,-0.12495854496955872,-0.0023681776196582405,0.048702627420425415,-0.19734057784080505,-0.01949576484680904,0.07854235172271729,-0.20139268040657043,-0.03423142070592178,0.10153937339782715,-0.1842803955078125,-0.04102293039382232,0.015332847833633423,-0.11607307195663452,-0.01767025339127315,0.04190009832382202,-0.18164974451065063,-0.026094570855505594,0.07121261954307556,-0.19341769814491272,-0.03201177726209892,0.09423863887786865,-0.18634268641471863,-0.03472102815926803,0.027914822101593018,-0.10107576847076416,-0.03292751322210563,0.0476858913898468,-0.14784923195838928,-0.03516632328451408,0.06803476810455322,-0.16907551884651184,-0.035945277760632166,0.08632141351699829,-0.17730966210365295,-0.03658991316974891
C,0.0,0.0,0.0,0.03949630260467529,-0.035923898220062256,0.01552782916292017,0.06508871912956238,-0.0704420804977417,0.014209109924877339,0.08855396509170532,-0.0880361795425415,0.006506921824211531,0.11253219842910767,-0.09711837768554688,-0.0017942506976851291,0.01364368200302124,-0.12954926490783691,0.014985670901978665,0.04314568638801575,-0.17523759603500366,0.005250259403283053,0.07120686769485474,-0.18691623210906982,-0.004854783315067834,0.09714376926422119,-0.1857234239578247,-0.011805934265112228,0.011058688163757324,-0.1259807050228119,-0.002636116362964458,0.046556681394577026,-0.19549256563186646,-0.016155003003632373,0.07618728280067444,-0.20162862539291382,-0.027155571050798244,0.09933251142501831,-0.18524277210235596,-0.03240367992952997,0.01494857668876648,-0.11622926592826843,-0.019791771091377086,0.041402965784072876,-0.1826564073562622,-0.026606351502096004,0.0699739158153534,-0.1939575970172882,-0.0302899017854088,0.0920487642288208,-0.18696916103363037,-0.03219194560483629,0.02716892957687378,-0.10037070512771606,-0.0364496096892708,0.047966599464416504,-0.14728093147277832,-0.03984811007217104,0.06861630082130432,-0.16873431205749512,-0.04077857955530817,0.08685111999511719,-0.1773054003715515,-0.04145301728681261
C,0.0,0.0,0.0,0.036968618631362915,-0.03274911642074585,0.01054978216325253,0.06410226225852966,-0.068889319896698,0.0072339846219620085,0.08892491459846497,-0.087252676486969,-0.0011891570475199842,0.11226794123649597,-0.09602487087249756,-0.009773564205715957,0.011386096477508545,-0.12766563892364502,0.01042799217884749,0.041444987058639526,-0.17451858520507812,-0.0007116708156900131,0.07038688659667969,-0.18714642524719238,-0.012490504102061095,0.09796896576881409,-0.18619298934936523,-0.020479357482145133,0.010568350553512573,-0.12297177314758301,-0.00467492282132298,0.04728129506111145,-0.19500410556793213,-0.020626366750548186,0.07687807083129883,-0.2006494700908661,-0.03431038619692117,0.10039094090461731,-0.1838083267211914,-0.04083223329598695,0.015011370182037354,-0.11381015181541443,-0.019302689151118102,0.04098287224769592,-0.18007409572601318,-0.02693320685739309,0.06989780068397522,-0.1927448809146881,-0.03227134855205804,0.09292510151863098,-0.18572744727134705,-0.035007466242859664,0.027554363012313843,-0.0977049469947815,-0.03384074257428438,0.04757809638977051,-0.14459359645843506,-0.036117502168963256,0.06827867031097412,-0.16636329889297485,-0.036978513614485564,0.0866611897945404,-0.17429012060165405,-0.03776018755252153
C,0.0,0.0,0.0,0.03828376531600952,-0.032634079456329346,0.010024139080144323,0.06587406992912292,-0.07072460651397705,0.006797229759342827,0.09145933389663696,-0.08976227045059204,-0.0014639514219538796,0.11514955759048462,-0.09770393371582031,-0.009713570233486735,0.013322889804840088,-0.13316035270690918,0.009030907768703855,0.04444965720176697,-0.182048499584198,-0.003542484361730658,0.07474064826965332,-0.19194269180297852,-0.015402108077012144,0.10212421417236328,-0.1889282464981079,-0.02299233583738669,0.011457979679107666,-0.12834390997886658,-0.005894407741777741,0.05014452338218689,-0.20209115743637085,-0.022875954043172442,0.08077621459960938,-0.20535656809806824,-0.035782339628838145,0.10423970222473145,-0.1883966326713562,-0.04118902480234965,0.01628449559211731,-0.1177249550819397,-0.02059493644168242,0.04304224252700806,-0.1854391098022461,-0.030167151819966875,0.07326221466064453,-0.19707542657852173,-0.035469873454474055,0.09705626964569092,-0.1910451054573059,-0.03735044470062121,0.029701054096221924,-0.10006046295166016,-0.035142487492464625,0.05116492509841919,-0.148453950881958,-0.039246811177633845,0.07284179329872131,-0.17026641964912415,-0.04052427655091151,0.09231984615325928,-0.18009650707244873,-0.04106300195684298
C,0.0,0.0,0.0,0.03862792253494263,-0.03265869617462158,0.009491262995851457,0.06750184297561646,-0.07295870780944824,0.006001069248867452,0.09385335445404053,-0.0921710729598999,-0.0024271262425656914,0.11822855472564697,-0.09956401586532593,-0.010826228148090422,0.013740837574005127,-0.1365317702293396,0.007874738463414133,0.04738926887512207,-0.1866234838962555,-0.006323636471080363,0.07737365365028381,-0.1985008418560028,-0.01956007625793177,0.10704392194747925,-0.19747138023376465,-0.02835569713150221,0.012208431959152222,-0.13030728697776794,-0.007838113195049345,0.05436891317367554,-0.20410525798797607,-0.02804119881128031,0.08408373594284058,-0.2097756564617157,-0.04314166676138598,0.10926061868667603,-0.19525346159934998,-0.04976601149772364,0.017054647207260132,-0.11899837851524353,-0.02341814521585661,0.04668968915939331,-0.18634802103042603,-0.034944869539486945,0.07619878649711609,-0.2002834677696228,-0.042281635067212164,0.10133135318756104,-0.19795635342597961,-0.04548393931125361,0.030348122119903564,-0.1017184853553772,-0.03896068405245501,0.05155947804450989,-0.14964550733566284,-0.04448334123824793,0.07209888100624084,-0.17407500743865967,-0.047652319035279334,0.09189999103546143,-0.18694695830345154,-0.049767743757712424
C,0.0,0.0,0.0,0.0404667854309082,-0.034443795680999756,0.011333621643331071,0.07100233435630798,-0.07474923133850098,0.008133958630111238,0.09859657287597656,-0.0958448052406311,-0.0005080907015724279,0.12308341264724731,-0.1031971275806427,-0.009170934021625499,0.01376718282699585,-0.13991624116897583,0.009632935352470895,0.04840835928916931,-0.19212603569030762,-0.00554325098559616,0.08212202787399292,-0.20467182993888855,-0.01959703995302675,0.11386197805404663,-0.2030828893184662,-0.028597633749399165,0.013140648603439331,-0.13305863738059998,-0.007063948944363574,0.05667531490325928,-0.21543225646018982,-0.028451967448148707,0.09130805730819702,-0.218253493309021,-0.0446582729221916,0.11800426244735718,-0.19838222861289978,-0.05136093071118353,0.01901891827583313,-0.12145650386810303,-0.023360277921113948,0.048776715993881226,-0.19433176517486572,-0.03582522591963766,0.08338946104049683,-0.2065572738647461,-0.04304273000374792,0.11051642894744873,-0.1988040804862976,-0.045509967416677455,0.033398181200027466,-0.10295218229293823,-0.03937119191900251,0.05610266327857971,-0.15520942211151123,-0.045066665321741084,0.08056440949440002,-0.1778542697429657,-0.04747817611709593,0.10257160663604736,-0.1876419186592102,-0.04863519540444372
C,0.0,0.0,0.0,0.03994494676589966,-0.03614985942840576,0.010819176911780914,0.0698029100894928,-0.07755774259567261,0.007130784682402691,0.09682846069335938,-0.09824436902999878,-0.0019794271779858263,0.12157702445983887,-0.10508114099502563,-0.011279696830143848,0.01265716552734375,-0.14246037602424622,0.008286623984048447,0.04564306139945984,-0.19559234380722046,-0.006390121531268278,0.07834258675575256,-0.2089652419090271,-0.02061113086395494,0.11028414964675903,-0.20799914002418518,-0.030209788352777878,0.012580007314682007,-0.13504943251609802,-0.008546816416611591,0.055892109870910645,-0.21780776977539062,-0.029292070538332382,0.0890054702758789,-0.22211003303527832,-0.04589348588936559,0.11536610126495361,-0.20461764931678772,-0.05371236731164686,0.018297910690307617,-0.12334129214286804,-0.02484846976452104,0.0481685996055603,-0.19768381118774414,-0.036265357628991524,0.08141767978668213,-0.21148449182510376,-0.0438933589016699,0.10827147960662842,-0.2046487033367157,-0.04768302966706983,0.03226950764656067,-0.10485249757766724,-0.0409915216719412,0.053713202476501465,-0.1566828489303589,-0.04562258650415174,0.07660627365112305,-0.18105646967887878,-0.04807431553356878,0.09765875339508057,-0.19210731983184814,-0.05011453409545652
C,0.0,0.0,0.0,0.04430347681045532,-0.039337098598480225,0.016420135732744257,0.07286712527275085,-0.07990860939025879,0.01452458788827471,0.09869855642318726,-0.0998721718788147,0.00576162710041217,0.12529665231704712,-0.10831001400947571,-0.003855581169943889,0.01886427402496338,-0.14548349380493164,0.011830655384812871,0.050673454999923706,-0.19851604104042053,-0.0024684576857794127,0.0829852819442749,-0.20984989404678345,-0.015770483303811034,0.11256462335586548,-0.20745980739593506,-0.02489575697853752,0.016089588403701782,-0.13879600167274475,-0.008337935905899485,0.05697682499885559,-0.2185078263282776,-0.027424627456809958,0.09056311845779419,-0.22355079650878906,-0.04219559348001667,0.11644643545150757,-0.20817488431930542,-0.04980465910210796,0.019707590341567993,-0.1258053183555603,-0.02799987933411785,0.05084604024887085,-0.19772037863731384,-0.039446843329812964,0.08422112464904785,-0.21045976877212524,-0.04684830969944187,0.11027055978775024,-0.20458665490150452,-0.05117340526356884,0.03205108642578125,-0.1061227023601532,-0.04700021958723255,0.054690778255462646,-0.15631359815597534,-0.05437297141924091,0.07794773578643799,-0.1816568374633789,-0.058928509715940436,0.0990135669708252,-0.19472891092300415,-0.06264094031229206
C,0.0,0.0,0.0,0.043501704931259155,-0.038841187953948975,0.014121643293776742,0.07311627268791199,-0.08064889907836914,0.01162910091517233,0.09968221187591553,-0.10034948587417603,0.002754186771937839,0.12587589025497437,-0.10793900489807129,-0.006655930980912217,0.017377614974975586,-0.14575329422950745,0.011211812522390119,0.049467384815216064,-0.20016679167747498,-0.004473927404603728,0.0825742781162262,-0.212190181016922,-0.01960366496058441,0.11415719985961914,-0.20897537469863892,-0.0297094853332851,0.01603466272354126,-0.13799196481704712,-0.008026150960347422,0.05846807360649109,-0.22110939025878906,-0.029778656523546942,0.09183245897293091,-0.22481846809387207,-0.047229497667274245,0.11772423982620239,-0.20632889866828918,-0.05559662633748985,0.020469874143600464,-0.12499129772186279,-0.02677609303208328,0.051417380571365356,-0.19945338368415833,-0.03926430174323059,0.08489012718200684,-0.2128426730632782,-0.047799992348871,0.11074584722518921,-0.20526453852653503,-0.05209859737368561,0.03304964303970337,-0.10500860214233398,-0.04510982238861061,0.055940479040145874,-0.15652361512184143,-0.051707758542022475,0.07966145873069763,-0.1819731593132019,-0.05584927925082184,0.10088962316513062,-0.1938832700252533,-0.058975662078580626
C,0.0,0.0,0.0,0.043948471546173096,-0.04196906089782715,0.018597246055577443,0.07432687282562256,-0.08237659931182861,0.018188009877775357,0.10129570960998535,-0.10171118378639221,0.010442174878988908,0.12870633602142334,-0.1095694899559021,0.0021520488905650836,0.017686396837234497,-0.1465073823928833,0.017751379777763532,0.052954018115997314,-0.20088276267051697,0.00431554755297725,0.08667373657226562,-0.21299901604652405,-0.00891613317551787,0.11816078424453735,-0.2102431058883667,-0.017695526684548213,0.015851110219955444,-0.1400175392627716,-0.0031302425534533995,0.05997389554977417,-0.22160178422927856,-0.022259106020356967,0.09453511238098145,-0.22573918104171753,-0.03722540577771838,0.12124037742614746,-0.20649605989456177,-0.04393999194624598,0.020856738090515137,-0.12736421823501587,-0.02349409377100642,0.052709877490997314,-0.2042241096496582,-0.03372598728063281,0.08654224872589111,-0.21526506543159485,-0.03945931708338435,0.11272192001342773,-0.20729663968086243,-0.041974241937424495,0.03467455506324768,-0.10817623138427734,-0.043215892369772746,0.058246910572052,-0.16159042716026306,-0.04845116576078112,0.08209455013275146,-0.18624189496040344,-0.05068410849096949,0.10325580835342407,-0.19806236028671265,-0.05218037878992732
C,0.0,0.0,0.0,0.04244646430015564,-0.04059410095214844,0.016145300793255046,0.07640194892883301,-0.08386176824569702,0.016170353370512203,0.10551923513412476,-0.10395383834838867,0.009882022368515209,0.1316695213317871,-0.11151161789894104,0.0035803685642576966,0.015327602624893188,-0.1507362425327301,0.017786768006885723,0.05437764525413513,-0.20643264055252075,0.0038323087829894575,0.0907173752784729,-0.2183440625667572,-0.010773292069529816,0.12511181831359863,-0.21418547630310059,-0.020542596725022122,0.015953481197357178,-0.14377978444099426,-0.0011628016617351022,0.0645444393157959,-0.230535089969635,-0.022482642230784222,0.10133945941925049,-0.23109954595565796,-0.04085371762255363,0.1292300820350647,-0.20812684297561646,-0.049046275464093014,0.021972745656967163,-0.13194644451141357,-0.01941088705996208,0.054375529289245605,-0.21150970458984375,-0.031034064737355038,0.0911833643913269,-0.22091010212898254,-0.03840236112216644,0.12008166313171387,-0.2093707025051117,-0.04128919660786323,0.03849261999130249,-0.11122453212738037,-0.03707408651450805,0.06300142407417297,-0.16767382621765137,-0.04199151068667106,0.08916521072387695,-0.1898607611656189,-0.043934026059901043,0.11200207471847534,-0.19855856895446777,-0.04501978054383926
C,0.0,0.0,0.0,0.04174607992172241,-0.03881305456161499,0.013513307729226653,0.07498490810394287,-0.08249884843826294,0.011552761950952117,0.10345405340194702,-0.10301315784454346,0.0037383562321338104,0.12906795740127563,-0.10976815223693848,-0.004380864380436833,0.014912515878677368,-0.15079322457313538,0.011568591640752857,0.05229797959327698,-0.20672941207885742,-0.0033011616305884672,0.08753335475921631,-0.21886280179023743,-0.017973392559724743,0.1214030385017395,-0.21588510274887085,-0.028123923866587575,0.015448510646820068,-0.14241257309913635,-0.006877528792756493,0.06411394476890564,-0.23090752959251404,-0.02916867966814607,0.09919583797454834,-0.23265987634658813,-0.0469707653955993,0.12675124406814575,-0.21200668811798096,-0.055253005875783856,0.020953357219696045,-0.12975499033927917,-0.02463167841597169,0.0546262264251709,-0.2101362645626068,-0.036790645970540936,0.0903552770614624,-0.22129660844802856,-0.04416223178668588,0.11915284395217896,-0.21131393313407898,-0.047710906072097714,0.03602781891822815,-0.10937753319740295,-0.04207412089272111,0.060102492570877075,-0.1631726622581482,-0.048324573142963345,0.08542007207870483,-0.18815404176712036,-0.05168218101425737,0.10835027694702148,-0.19969147443771362,-0.05433409969373315
C,0.0,0.0,0.0,0.045772701501846313,-0.04184114933013916,0.01636081172472359,0.07946428656578064,-0.08652132749557495,0.015175911433459532,0.10739380121231079,-0.10790419578552246,0.007190064828307641,0.13414287567138672,-0.11635378003120422,-0.0010884821429613112,0.018297821283340454,-0.15749388933181763,0.01380648820048691,0.05489516258239746,-0.21650809049606323,-0.0011737735956671713,0.09158992767333984,-0.22665134072303772,-0.0151847006534922,0.1246291995048523,-0.22139668464660645,-0.024581780821620214,0.017222344875335693,-0.1490480601787567,-0.006222102024196374,0.06492090225219727,-0.23436197638511658,-0.027054762632189977,0.10289889574050903,-0.23686081171035767,-0.04331412555330871,0.13122761249542236,-0.21744871139526367,-0.05115106718295692,0.02302563190460205,-0.13474112749099731,-0.02570004218870281,0.05819937586784363,-0.2141401171684265,-0.037734173402725446,0.09589910507202148,-0.2243691086769104,-0.04426133649104713,0.1250954270362854,-0.2146909236907959,-0.047374777660309064,0.03861039876937866,-0.11304977536201477,-0.04467284323328613,0.06316065788269043,-0.16806870698928833,-0.05180400253885864,0.08892571926116943,-0.19383519887924194,-0.05534178780072807,0.11220145225524902,-0.2065022885799408,-0.05790283919924377
C,0.0,0.0,0.0,0.04864373803138733,-0.04466897249221802,0.021030712150164277,0.08292484283447266,-0.08912229537963867,0.023338883392639787,0.11174321174621582,-0.11025238037109375,0.018291504331060082,0.13969141244888306,-0.11733928322792053,0.01289107298863712,0.02093452215194702,-0.16413721442222595,0.0164106331990439,0.05814114212989807,-0.22544074058532715,0.0018926269599575107,0.09652525186538696,-0.23441708087921143,-0.01031917964654383,0.12917309999465942,-0.2268086075782776,-0.0178196772708219,0.01931557059288025,-0.1569061577320099,-0.004889831203840345,0.06744259595870972,-0.2441883683204651,-0.023552511609963744,0.10802537202835083,-0.24426484107971191,-0.03703448621170935,0.13518834114074707,-0.22374409437179565,-0.042995308317117065,0.025213897228240967,-0.14174318313598633,-0.02551211488979277,0.062016457319259644,-0.22181880474090576,-0.038043417759112685,0.10237336158752441,-0.2292133867740631,-0.04398014468686995,0.13098931312561035,-0.2163521647453308,-0.04619951618450102,0.041635602712631226,-0.1186005175113678,-0.04497681257861075,0.06882122159004211,-0.17637982964515686,-0.05510651392476973,0.09751641750335693,-0.19975319504737854,-0.06030532789962706,0.12160640954971313,-0.2093828320503235,-0.06318217588203368
C,0.0,0.0,0.0,0.050976723432540894,-0.04825890064239502,0.0271315390275646,0.08207640051841736,-0.09085595607757568,0.03096309323179014,0.10773816704750061,-0.11188486218452454,0.02601028438972719,0.1367371380329132,-0.11890128254890442,0.0198214856939245,0.022064119577407837,-0.16462448239326477,0.019976118768923357,0.05715048313140869,-0.2260165810585022,0.007670647654109075,0.09366962313652039,-0.23496383428573608,-0.002903531116075442,0.12495824694633484,-0.22942444682121277,-0.010069077645070479,0.019198596477508545,-0.15659916400909424,-0.005078681089557335,0.06547814607620239,-0.24459314346313477,-0.021107857857472823,0.10450747609138489,-0.2471204698085785,-0.032006114531881735,0.13211217522621155,-0.22816124558448792,-0.037284347970611975,0.024167567491531372,-0.1402066946029663,-0.029080102030761168,0.06154879927635193,-0.223434716463089,-0.039112180282003806,0.1002781093120575,-0.23197698593139648,-0.04207011665833704,0.12834593653678894,-0.22158527374267578,-0.04361534472239725,0.039525389671325684,-0.11730647087097168,-0.05161780472529642,0.0664810836315155,-0.17474082112312317,-0.0606329066647362,0.09404763579368591,-0.20101451873779297,-0.06438444908393137,0.11774507164955139,-0.21466770768165588,-0.06707714851630442
C,0.0,0.0,0.0,0.0492401123046875,-0.04758119583129883,0.022334811222762596,0.08696329593658447,-0.0950600802898407,0.02312035946270896,0.12176364660263062,-0.11921516060829163,0.015997325015277397,0.15162569284439087,-0.12813568115234375,0.00846415100714637,0.02346929907798767,-0.17289873957633972,0.0158088812055297,0.0667847990989685,-0.23571258783340454,0.00045457220731748293,0.10648518800735474,-0.24612006545066833,-0.011749324443727005,0.14131563901901245,-0.23948371410369873,-0.01904616231003331,0.021811306476593018,-0.16662365198135376,-0.007256838082312811,0.07782682776451111,-0.2543385922908783,-0.02642984041848706,0.11817514896392822,-0.25681284070014954,-0.03819192485788392,0.1459549069404602,-0.23744896054267883,-0.04243361489751862,0.027794629335403442,-0.1508258879184723,-0.02966213511207627,0.07000166177749634,-0.23234450817108154,-0.04197980003335999,0.11062908172607422,-0.2436322569847107,-0.04461405338624047,0.14077520370483398,-0.23428645730018616,-0.044358274954348076,0.04584100842475891,-0.12530136108398438,-0.05101248534300851,0.07734745740890503,-0.18730682134628296,-0.0608265689192109,0.1075933575630188,-0.21286225318908691,-0.06365964474061059,0.13347727060317993,-0.2242741882801056,-0.06435318203547524
C,0.0,0.0,0.0,0.05388718843460083,-0.055844128131866455,0.037784722482285815,0.08855050802230835,-0.10243463516235352,0.045272474025807696,0.12021207809448242,-0.12376400828361511,0.041127805446706134,0.15482914447784424,-0.13295111060142517,0.035111625527463275,0.027602672576904297,-0.18263787031173706,0.03248931172998937,0.0703984797000885,-0.2453993260860443,0.022701949661097842,0.11081844568252563,-0.25440680980682373,0.01446935426207574,0.14425766468048096,-0.24599158763885498,0.009106924605987388,0.02417740225791931,-0.17593467235565186,0.0013030521454879818,0.07677134871482849,-0.26403185725212097,-0.012214166263618154,0.11999130249023438,-0.2683351933956146,-0.020096567610778493,0.149036705493927,-0.24876344203948975,-0.022794124821700734,0.02917921543121338,-0.15785223245620728,-0.028629512677468938,0.07159820199012756,-0.24431771039962769,-0.03820069801298587,0.11424463987350464,-0.253262996673584,-0.03750651996818988,0.14389681816101074,-0.24200719594955444,-0.03575992133704631,0.046271324157714844,-0.13092568516731262,-0.05632486116377322,0.07822316884994507,-0.1960797905921936,-0.06772291954843013,0.10923856496810913,-0.22114989161491394,-0.07011504765836207,0.1341186761856079,-0.2312580943107605,-0.07027588334170787
C,0.0,0.0,0.0,0.05636051297187805,-0.06128579378128052,0.04625587826835442,0.09009325504302979,-0.10718438029289246,0.05676838299500275,0.12162065505981445,-0.125657320022583,0.053921527324789054,0.15833556652069092,-0.1344929039478302,0.048437561004035956,0.030046820640563965,-0.19032493233680725,0.0372563964711361,0.07311171293258667,-0.2536495625972748,0.02937840773033429,0.1131511926651001,-0.260999858379364,0.02328435620533753,0.14576393365859985,-0.25278782844543457,0.018817615790837294,0.025807350873947144,-0.18202859163284302,0.0010945522017635767,0.07776087522506714,-0.2666111886501312,-0.010186495163864606,0.12222331762313843,-0.2721467614173889,-0.015240336672789567,0.15307211875915527,-0.25724878907203674,-0.01705171623957824,0.030684590339660645,-0.16058963537216187,-0.033481449724561685,0.07498776912689209,-0.2469644844532013,-0.04344679126275253,0.11823725700378418,-0.2555641233921051,-0.0413685114098854,0.14823919534683228,-0.2493363618850708,-0.03923831963670921,0.047593384981155396,-0.1314006745815277,-0.0649922610236473,0.08094602823257446,-0.19708743691444397,-0.07850294271243285,0.10989421606063843,-0.22395017743110657,-0.08121391096842956,0.13206595182418823,-0.23929035663604736,-0.08179023572934341
C,0.0,0.0,0.0,0.05814671516418457,-0.06261700391769409,0.04988854419265465,0.0920538604259491,-0.10802528262138367,0.062253598531825105,0.12275007367134094,-0.12691745162010193,0.060716770997387925,0.15948531031608582,-0.13538029789924622,0.05638838227663712,0.03228098154067993,-0.19047445058822632,0.039666500350577394,0.0741436779499054,-0.25367462635040283,0.03245486359868721,0.11337962746620178,-0.26076918840408325,0.02725522819731907,0.14616617560386658,-0.2523016035556793,0.023154423048836748,0.02733379602432251,-0.18183490633964539,0.0015102722105808652,0.0784887969493866,-0.2685050666332245,-0.010262502880650004,0.1225689947605133,-0.27401453256607056,-0.014813534507410964,0.15380635857582092,-0.25849464535713196,-0.01613023463811203,0.03132176399230957,-0.1601208746433258,-0.03486208949412628,0.07541480660438538,-0.24775761365890503,-0.04552033502783104,0.11850646138191223,-0.25670814514160156,-0.04363737587060257,0.14862409234046936,-0.25089865922927856,-0.04161122400488182,0.04732102155685425,-0.13154542446136475,-0.06781731877650543,0.07982859015464783,-0.19682404398918152,-0.08281113539065643,0.10844168066978455,-0.2249687910079956,-0.08692555461253448,0.13059929013252258,-0.2416822910308838,-0.08851330314006134
C,0.0,0.0,0.0,0.05649110674858093,-0.06180840730667114,0.04093780970680427,0.09064441919326782,-0.10739338397979736,0.048278691680309294,0.12430006265640259,-0.12722602486610413,0.04394895067918014,0.16197454929351807,-0.13639479875564575,0.0376038127254219,0.030068278312683105,-0.19006121158599854,0.028459696532365797,0.07455199956893921,-0.25323736667633057,0.018647337765571592,0.11514121294021606,-0.2623828649520874,0.011620579720613478,0.14978861808776855,-0.25535130500793457,0.006944298711744068,0.026659011840820312,-0.1823110282421112,-0.003968195556524279,0.07863515615463257,-0.2714121341705322,-0.016593060954335215,0.12297379970550537,-0.27866244316101074,-0.021504375650408747,0.15531963109970093,-0.2633224129676819,-0.022799869566085817,0.03207617998123169,-0.15937814116477966,-0.034566217600229265,0.07744115591049194,-0.2490113377571106,-0.04501025894177246,0.120574951171875,-0.2584787905216217,-0.04246088260305214,0.15116560459136963,-0.2520226240158081,-0.039759268550994875,0.04932722449302673,-0.12676319479942322,-0.0622661575068264,0.08621317148208618,-0.19038355350494385,-0.07404903837931442,0.11582601070404053,-0.2147727906703949,-0.07464146384489823,0.1387133002281189,-0.22807052731513977,-0.07353403189671326
C,0.0,0.0,0.0,0.05622246861457825,-0.05796867609024048,0.0313263691725183,0.09483963251113892,-0.1093936562538147,0.03375992623585944,0.13233798742294312,-0.13154646754264832,0.025801914534156367,0.16901373863220215,-0.1408473551273346,0.01660022770482783,0.029872030019760132,-0.19672635197639465,0.020334238907878444,0.08069151639938354,-0.2664017081260681,0.005854673008059308,0.12474328279495239,-0.27457475662231445,-0.004590030503834441,0.16155362129211426,-0.264565110206604,-0.010369134345467046,0.02763545513153076,-0.1903056502342224,-0.008135525719637826,0.08781993389129639,-0.28465139865875244,-0.02415788474064584,0.1350541114807129,-0.28816336393356323,-0.032100993418509916,0.1675768494606018,-0.2677645683288574,-0.03422851415854211,0.03444132208824158,-0.16908299922943115,-0.03539301010351892,0.0822523832321167,-0.2621159255504608,-0.0466613129017901,0.12926387786865234,-0.27210724353790283,-0.04512629585843797,0.1625821590423584,-0.2605314552783966,-0.042142003053243116,0.05429840087890625,-0.13576838374137878,-0.060755281919057325,0.09221333265304565,-0.2068856656551361,-0.07004372330885644,0.12599289417266846,-0.2325458824634552,-0.06908821614962335,0.1527721881866455,-0.24312877655029297,-0.06657284798603769
C,0.0,0.0,0.0,0.0593847930431366,-0.0627518892288208,0.03610143941449451,0.09994548559188843,-0.11643487215042114,0.04132788759278583,0.1356918215751648,-0.13972187042236328,0.03505904358434009,0.17317289113998413,-0.14845985174179077,0.02744836491154956,0.029704928398132324,-0.20822569727897644,0.02853167001711654,0.08198940753936768,-0.27884864807128906,0.015353286085598938,0.12649744749069214,-0.2854057550430298,0.004449979780190461,0.16498970985412598,-0.27477625012397766,-0.0024632176794625593,0.027195364236831665,-0.19921064376831055,-0.0030473182853825165,0.09155964851379395,-0.29785722494125366,-0.020679299341566093,0.13939052820205688,-0.2997868061065674,-0.03160972762299252,0.17358523607254028,-0.2769414782524109,-0.03541864323807431,0.03459608554840088,-0.1772046983242035,-0.03314283731771184,0.08458077907562256,-0.2741732597351074,-0.04395673293066693,0.13225406408309937,-0.28284573554992676,-0.043714469851977356,0.16704756021499634,-0.2709137797355652,-0.041796127887494094,0.05542278289794922,-0.1434982717037201,-0.06119083482218457,0.09224754571914673,-0.2179572582244873,-0.06932376939249707,0.12583285570144653,-0.24524924159049988,-0.06885085123968793,0.1539323329925537,-0.2577035427093506,-0.06725751477671338
C,0.0,0.0,0.0,0.061885714530944824,-0.06566941738128662,0.03798885410888886,0.10389679670333862,-0.12268278002738953,0.043089219837028736,0.13943856954574585,-0.14650055766105652,0.03594348719580864,0.17717862129211426,-0.15517640113830566,0.02739518461986279,0.0305841863155365,-0.21775272488594055,0.02803857205672955,0.08090907335281372,-0.29533651471138,0.013088702692229504,0.1274682879447937,-0.2992578446865082,0.0011059097038099708,0.16724133491516113,-0.28685253858566284,-0.006716073488306051,0.027476787567138672,-0.20639050006866455,-0.005998193749647385,0.09507346153259277,-0.3104762136936188,-0.024805609600107914,0.144009530544281,-0.30883872509002686,-0.036220441104333645,0.17799460887908936,-0.2860919237136841,-0.04082982474700714,0.03456506133079529,-0.18262121081352234,-0.038614085407417065,0.08860558271408081,-0.28227758407592773,-0.05043867090479637,0.137859046459198,-0.2904607057571411,-0.0505911880149057,0.17368900775909424,-0.278236448764801,-0.04947773227230812,0.0568670928478241,-0.14700189232826233,-0.06915467837588096,0.09554553031921387,-0.22194591164588928,-0.07885309913889671,0.13083767890930176,-0.2507760524749756,-0.07971544423834587,0.16005462408065796,-0.26492610573768616,-0.07964810589091087
C,0.0,0.0,0.0,0.06420382857322693,-0.06885075569152832,0.0403615704137934,0.10645538568496704,-0.12808758020401,0.046713097240413504,0.14218145608901978,-0.15085411071777344,0.04050031140037902,0.18095892667770386,-0.1593921184539795,0.032755831475938635,0.03231102228164673,-0.22582575678825378,0.026498293723548727,0.08275312185287476,-0.30781564116477966,0.010932352613295393,0.12952125072479248,-0.3089579641819,-0.0008481813263045979,0.16917556524276733,-0.29489850997924805,-0.008622621897970362,0.02892652153968811,-0.21373853087425232,-0.008799632791792078,0.09640896320343018,-0.3173936903476715,-0.02727506287804715,0.14554452896118164,-0.31363236904144287,-0.037531820837770624,0.1793287992477417,-0.2915785312652588,-0.042115391943966074,0.036222636699676514,-0.18794429302215576,-0.042544545386348886,0.09059160947799683,-0.2877836525440216,-0.054943864945684595,0.140058696269989,-0.2954878807067871,-0.05531643867901437,0.1758493185043335,-0.2846430242061615,-0.054899809662614985,0.058498501777648926,-0.15151530504226685,-0.07394866064599626,0.09765714406967163,-0.22600066661834717,-0.08595486149600617,0.13345181941986084,-0.25616854429244995,-0.08860361740401856,0.1631847620010376,-0.272308886051178,-0.08998051450065248
C,0.0,0.0,0.0,0.06548270583152771,-0.07170385122299194,0.045283052583457106,0.10567209124565125,-0.12915253639221191,0.05351526241493332,0.14070871472358704,-0.15197595953941345,0.047980591167927855,0.1811840832233429,-0.16012278199195862,0.040406107415677184,0.03396129608154297,-0.2267252504825592,0.031054330502868766,0.08500158786773682,-0.30883318185806274,0.017787808065534705,0.1309206783771515,-0.30922359228134155,0.008317371343494528,0.1688338816165924,-0.29472386837005615,0.0019684543155591427,0.02985730767250061,-0.2150697112083435,-0.006539797897218591,0.09609922766685486,-0.31789034605026245,-0.02191710334527386,0.14511528611183167,-0.3138546347618103,-0.02900793452072037,0.1781921088695526,-0.2923794388771057,-0.03199747253465546,0.036956846714019775,-0.18843689560890198,-0.04240538973617447,0.09210363030433655,-0.29045748710632324,-0.05294044364499939,0.14150723814964294,-0.2965966463088989,-0.05049913797783745,0.1762196123600006,-0.2853839099407196,-0.04864356715488327,0.05881968140602112,-0.15185239911079407,-0.07562676493334664,0.09951463341712952,-0.22757598757743835,-0.08793750826525581,0.13557305932044983,-0.2578403949737549,-0.08990283731627358,0.16435304284095764,-0.2744008004665375,-0.09072740797209633
C,0.0,0.0,0.0,0.06830644607543945,-0.0748090147972107,0.05116386384720428,0.10940957069396973,-0.13276195526123047,0.061671954104848936,0.14537560939788818,-0.15415173768997192,0.05764233366603477,0.18542087078094482,-0.1616504192352295,0.05097401187772377,0.03634718060493469,-0.23176327347755432,0.029802153343506887,0.08591306209564209,-0.312835156917572,0.01614983984286411,0.13206207752227783,-0.31397145986557007,0.008094352195211485,0.17129063606262207,-0.299994558095932,0.0023842793797932416,0.03236079216003418,-0.21845856308937073,-0.011676901494912073,0.0969167947769165,-0.3251582980155945,-0.028513958221129343,0.14692294597625732,-0.3216516971588135,-0.03408709867840187,0.18157172203063965,-0.30243808031082153,-0.03590512975101845,0.039382100105285645,-0.1900556981563568,-0.05097237928753273,0.0932844877243042,-0.29541027545928955,-0.06447757362370865,0.14414823055267334,-0.30138513445854187,-0.062472797473720476,0.17954552173614502,-0.29116421937942505,-0.060603986969045565,0.06106087565422058,-0.15289154648780823,-0.08679663716798203,0.10065239667892456,-0.22872436046600342,-0.1039548623467006,0.1372513771057129,-0.26116353273391724,-0.10913256882672684,0.16687822341918945,-0.28040653467178345,-0.11193037359958069
C,0.0,0.0,0.0,0.06768602132797241,-0.07126867771148682,0.04262323472258345,0.1091688871383667,-0.13064736127853394,0.04874265733715788,0.14572221040725708,-0.1563015580177307,0.041673293147056256,0.18653059005737305,-0.16379913687705994,0.03279182482120291,0.03293657302856445,-0.23382413387298584,0.02268042768892542,0.08110162615776062,-0.3192390203475952,0.0067112103996862515,0.1288326382637024,-0.31923219561576843,-0.0036686220711033,0.16743546724319458,-0.3043539524078369,-0.010400379266769733,0.029380440711975098,-0.22038722038269043,-0.014743142951459731,0.09396326541900635,-0.3292784094810486,-0.032208891775638904,0.1465950608253479,-0.32710087299346924,-0.03972944450023874,0.181573748588562,-0.3072136640548706,-0.0432482643091987,0.03684327006340027,-0.19279402494430542,-0.050428560193807925,0.09245014190673828,-0.298030287027359,-0.06346643921378359,0.145257830619812,-0.3035794198513031,-0.06262188610079988,0.1816384196281433,-0.28995421528816223,-0.06180536207202181,0.058368951082229614,-0.15677297115325928,-0.08351423796656832,0.09808629751205444,-0.23261427879333496,-0.09748956766370043,0.13532286882400513,-0.2655443847179413,-0.10147288646939501,0.16552507877349854,-0.2834913730621338,-0.10403359886649355
C,0.0,0.0,0.0,0.067768394947052,-0.07206994295120239,0.042540592013232015,0.10909655690193176,-0.13221675157546997,0.04869411593519857,0.14501091837882996,-0.15821349620819092,0.04154337650381734,0.18485185503959656,-0.16521373391151428,0.03258625125729253,0.03172111511230469,-0.23373472690582275,0.022581099404327176,0.0817609429359436,-0.32107532024383545,0.006080419162593387,0.130746990442276,-0.32027220726013184,-0.0046053427622396725,0.1710425317287445,-0.3052230477333069,-0.011678110005028941,0.02815142273902893,-0.22097602486610413,-0.01474339714057038,0.09374544024467468,-0.3303435444831848,-0.03299311840689967,0.1463058888912201,-0.3253907561302185,-0.040461647452481486,0.18175777792930603,-0.3047650158405304,-0.0439195401386101,0.03633764386177063,-0.19352960586547852,-0.05038362288630793,0.09079194068908691,-0.3003951609134674,-0.06384949678338359,0.1435791552066803,-0.30657100677490234,-0.06310005778230021,0.18037006258964539,-0.29373353719711304,-0.06237545529163668,0.05914163589477539,-0.15772265195846558,-0.08349080675996134,0.09830257296562195,-0.23487332463264465,-0.09832961404479335,0.13612177968025208,-0.26765939593315125,-0.10280140781558345,0.16712704300880432,-0.285575807094574,-0.10563507968343089
C,0.0,0.0,0.0,0.0681414008140564,-0.07325685024261475,0.047413203919340674,0.11111772060394287,-0.13426107168197632,0.054751563871313635,0.14751780033111572,-0.16039112210273743,0.048293948227573935,0.18666106462478638,-0.16699054837226868,0.03956128289740235,0.03088405728340149,-0.23914724588394165,0.01979373587112576,0.07894951105117798,-0.3276255130767822,0.0017443316132172981,0.12859296798706055,-0.32824763655662537,-0.008452163023839887,0.17040914297103882,-0.3134320378303528,-0.014917123077403005,0.027425706386566162,-0.22288143634796143,-0.020725917017053064,0.09361839294433594,-0.33368176221847534,-0.04241797322590202,0.14781612157821655,-0.3308955430984497,-0.049303639626096185,0.1838703155517578,-0.3118249475955963,-0.05135130131800025,0.03520938754081726,-0.19307097792625427,-0.05896418908793777,0.09116244316101074,-0.2970786988735199,-0.07590673113424629,0.1459752917289734,-0.3059575855731964,-0.07444875681955665,0.1840258240699768,-0.2945760488510132,-0.072090320235084,0.057760089635849,-0.15599307417869568,-0.093996599262546,0.09646409749984741,-0.23252439498901367,-0.11212554568607658,0.13409429788589478,-0.26769647002220154,-0.11757920677025169,0.1654168963432312,-0.2869221568107605,-0.12031282479126304
C,0.0,0.0,0.0,0.06863352656364441,-0.07436984777450562,0.048315529594283646,0.11050313711166382,-0.13514935970306396,0.05670014850245053,0.14612114429473877,-0.1616147756576538,0.05101145885334546,0.1852325201034546,-0.1690170168876648,0.04301973513708646,0.030694633722305298,-0.24010789394378662,0.022282148594122475,0.0787166953086853,-0.32914119958877563,0.005056373657744473,0.1285971999168396,-0.329667866230011,-0.004620324937540943,0.17031586170196533,-0.31480246782302856,-0.01072621916039651,0.026889324188232422,-0.2250329852104187,-0.018319768017072136,0.09205946326255798,-0.33512991666793823,-0.038570850273508483,0.1466197967529297,-0.3317088484764099,-0.04436713375701373,0.1829313039779663,-0.3123849630355835,-0.0457402608598656,0.034534722566604614,-0.1953539252281189,-0.05673549615396922,0.08948120474815369,-0.30138108134269714,-0.07279026799454158,0.144431471824646,-0.31025195121765137,-0.07031258486761516,0.18257707357406616,-0.2989126145839691,-0.0672520055676884,0.05759039521217346,-0.15810909867286682,-0.09197417192711299,0.0967286229133606,-0.23565709590911865,-0.11049473576797908,0.13511109352111816,-0.27065369486808777,-0.1158749713803715,0.16674602031707764,-0.2897146940231323,-0.11824821971907085
C,0.0,0.0,0.0,0.0700991153717041,-0.07640177011489868,0.05121481853448273,0.11190152168273926,-0.1377110481262207,0.061184637871612324,0.14737898111343384,-0.16527101397514343,0.05644350561224343,0.18694353103637695,-0.17213821411132812,0.049322840449441685,0.030974745750427246,-0.24309009313583374,0.02616439635776402,0.07844346761703491,-0.33392611145973206,0.009942360845435871,0.12910711765289307,-0.3351389765739441,0.0010800258433860677,0.1706780195236206,-0.3208655118942261,-0.004405619419138418,0.027740299701690674,-0.22850629687309265,-0.015819016220937954,0.09255123138427734,-0.34136486053466797,-0.03609557387508033,0.14823871850967407,-0.33913761377334595,-0.04157941353596328,0.18436545133590698,-0.3199109435081482,-0.04223081034697174,0.0359196662902832,-0.19943767786026,-0.05544154283679603,0.09154647588729858,-0.30681949853897095,-0.07156318736351608,0.14717978239059448,-0.3160300552845001,-0.06821764570749878,0.18529123067855835,-0.3040003478527069,-0.06401430380619644,0.05956581234931946,-0.1622985601425171,-0.09168842745102523,0.09841588139533997,-0.2419516146183014,-0.1100087494877684,0.13719111680984497,-0.2776847779750824,-0.1146563769606459,0.16934537887573242,-0.2967250943183899,-0.11614977878607391
C,0.0,0.0,0.0,0.07040312886238098,-0.07768738269805908,0.05476611877159243,0.1121782660484314,-0.13907358050346375,0.06545599201993113,0.14776068925857544,-0.16519245505332947,0.06089185575322276,0.1882299780845642,-0.17421886324882507,0.05339140096978312,0.032950907945632935,-0.24564051628112793,0.02451835783497458,0.0810096263885498,-0.3350988030433655,0.007096569298962407,0.13194143772125244,-0.33564281463623047,-0.002118757680793948,0.17373573780059814,-0.31982216238975525,-0.0077700714923345515,0.028933554887771606,-0.22963547706604004,-0.0200205219320857,0.09435442090034485,-0.3432430624961853,-0.04164086630268926,0.15034568309783936,-0.33975332975387573,-0.047341882937391944,0.18647265434265137,-0.3213643729686737,-0.0481589471332633,0.03605079650878906,-0.1991586685180664,-0.06179430683775777,0.09102687239646912,-0.3075317144393921,-0.07969216605349416,0.14691388607025146,-0.3165486752986908,-0.07677089025898809,0.18428605794906616,-0.30485716462135315,-0.0727842037908637,0.05844113230705261,-0.16067293286323547,-0.0996760164730155,0.0982542335987091,-0.24087652564048767,-0.12048808833285207,0.13750630617141724,-0.2779545187950134,-0.12653784801884527,0.16926604509353638,-0.2979113459587097,-0.12889039864464635
C,0.0,0.0,0.0,0.07015475630760193,-0.07933062314987183,0.05784923085935301,0.11135295033454895,-0.1399822235107422,0.07045514384277052,0.14661982655525208,-0.166240394115448,0.06729234257705397,0.18746444582939148,-0.1754435896873474,0.06107311571009344,0.032625287771224976,-0.24586671590805054,0.02821392068631834,0.08030307292938232,-0.33458954095840454,0.011641032677068175,0.1311323344707489,-0.33618009090423584,0.003001056061981977,0.17342635989189148,-0.321013480424881,-0.002307916143984734,0.028613954782485962,-0.2298268973827362,-0.017538805808947622,0.0935448408126831,-0.3431723117828369,-0.03868260731928164,0.14942112565040588,-0.34060218930244446,-0.043693353738711416,0.18591180443763733,-0.3219764232635498,-0.04388488208882624,0.03565916419029236,-0.19921359419822693,-0.06041525429122263,0.09021180868148804,-0.30891191959381104,-0.07804228117697054,0.1457255780696869,-0.31835317611694336,-0.07413284977905565,0.1830247938632965,-0.3065561354160309,-0.06930080553524309,0.058043718338012695,-0.16103804111480713,-0.09920928379528338,0.09787777066230774,-0.24220651388168335,-0.1205376287364226,0.1369137465953827,-0.28004834055900574,-0.12655627479784304,0.16870161890983582,-0.30049818754196167,-0.12861107042066866
C,0.0,0.0,0.0,0.07062140107154846,-0.07870125770568848,0.058532925704373184,0.11275079846382141,-0.13813048601150513,0.07074077279294855,0.1483449637889862,-0.16297230124473572,0.06682817489827997,0.18807652592658997,-0.17387250065803528,0.059636062392844025,0.033880263566970825,-0.24645867943763733,0.02781423033203012,0.0813433825969696,-0.3342207968235016,0.010324586564554039,0.13258299231529236,-0.33500146865844727,0.0008643519574498271,0.17429795861244202,-0.3191050887107849,-0.0049313661550449694,0.029885292053222656,-0.23012664914131165,-0.019024837380396065,0.09494253993034363,-0.34158939123153687,-0.040895865848408874,0.1509632170200348,-0.3386543393135071,-0.04658803864394301,0.18680426478385925,-0.32043612003326416,-0.047223390629635986,0.036982327699661255,-0.19928881525993347,-0.06297427563940161,0.0905897319316864,-0.3068526089191437,-0.08144419043336981,0.14638176560401917,-0.31695929169654846,-0.07788970469509238,0.1837398111820221,-0.30512118339538574,-0.07311625181709402,0.059435516595840454,-0.1610194444656372,-0.10281811057602042,0.09903329610824585,-0.24087494611740112,-0.1254108264950382,0.13861998915672302,-0.2783278822898865,-0.13198453336034888,0.17102357745170593,-0.29743534326553345,-0.13417659848009222
C,0.0,0.0,0.0,0.07108604907989502,-0.07855170965194702,0.06134378211873326,0.11393213272094727,-0.13829487562179565,0.07392181130426678,0.14954274892807007,-0.1626846194267273,0.06991000147836957,0.18836641311645508,-0.173098623752594,0.06238484802025113,0.036858052015304565,-0.24884942173957825,0.025291884786661,0.08452349901199341,-0.33742088079452515,0.006742811299140783,0.13653916120529175,-0.33740806579589844,-0.002047099402894048,0.17810726165771484,-0.31995347142219543,-0.007212657944087653,0.03223791718482971,-0.23189780116081238,-0.023839093276087908,0.09683194756507874,-0.3436642289161682,-0.047586500176016955,0.15459150075912476,-0.3407968282699585,-0.052449911364142565,0.1909688115119934,-0.3222249746322632,-0.052314474710051684,0.03880792856216431,-0.20022818446159363,-0.06982227740508762,0.09259256720542908,-0.3076508641242981,-0.09076546458226886,0.1500372290611267,-0.3174239993095398,-0.0868821400187656,0.1879056692123413,-0.30530211329460144,-0.08138767955524173,0.060580164194107056,-0.16192519664764404,-0.11128489998800006,0.10086250305175781,-0.24227318167686462,-0.13592061726075855,0.14097201824188232,-0.2797234058380127,-0.14286946085912433,0.1732897162437439,-0.2985903322696686,-0.14504726556760517
C,0.0,0.0,0.0,0.07154947519302368,-0.07468092441558838,0.04588941779097411,0.11572012305259705,-0.13767969608306885,0.05228080522378775,0.15294471383094788,-0.16570380330085754,0.04466859173139426,0.1912461817264557,-0.1719098687171936,0.0345284223194966,0.03326919674873352,-0.24887818098068237,0.019655686953271356,0.08531302213668823,-0.3424929976463318,0.00021224431570487923,0.13829055428504944,-0.34204185009002686,-0.01272522829363254,0.17981889843940735,-0.3257461190223694,-0.02105983238557485,0.02912309765815735,-0.23438990116119385,-0.020791240817700896,0.10084870457649231,-0.34956252574920654,-0.04378848228493837,0.15824130177497864,-0.3441745936870575,-0.05471892360488084,0.19382146000862122,-0.32091912627220154,-0.05980753976741937,0.03720015287399292,-0.20435044169425964,-0.058899120277558836,0.09591183066368103,-0.3143221139907837,-0.07583250556031373,0.1535637080669403,-0.3212847411632538,-0.07761079523602632,0.19270440936088562,-0.3059692978858948,-0.07784646455088762,0.06157460808753967,-0.165127694606781,-0.09398857954779771,0.10351017117500305,-0.2478819489479065,-0.11157027337590364,0.14489439129829407,-0.28229182958602905,-0.1178531021241298,0.17892077565193176,-0.2988550066947937,-0.1216520563129535
C,0.0,0.0,0.0,0.07515454292297363,-0.07990002632141113,0.05584565302346789,0.12127700448036194,-0.14470922946929932,0.06857007866715037,0.1581561267375946,-0.1719549596309662,0.0655090374312266,0.1984698474407196,-0.1830623745918274,0.059690998252378336,0.03631812334060669,-0.25395992398262024,0.03604792928312861,0.08986803889274597,-0.34654539823532104,0.01848324326788031,0.14472106099128723,-0.35126447677612305,0.004561411999063125,0.19062355160713196,-0.33431416749954224,-0.004441771339728007,0.03354787826538086,-0.23973271250724792,-0.00940241819257892,0.10598817467689514,-0.36054325103759766,-0.032147052381290564,0.16383549571037292,-0.35994669795036316,-0.045240471754325995,0.20139560103416443,-0.33185678720474243,-0.05094884583736814,0.041486382484436035,-0.21062827110290527,-0.05225843066359914,0.09784591197967529,-0.32728108763694763,-0.0681274371781484,0.15504637360572815,-0.338284969329834,-0.06985005611564077,0.19511762261390686,-0.3209035396575928,-0.06946331137801565,0.06687897443771362,-0.17196503281593323,-0.09148770445968069,0.10546573996543884,-0.2607298195362091,-0.10810201490308202,0.14712175726890564,-0.29633718729019165,-0.11332990104342855,0.1824953854084015,-0.31006449460983276,-0.11578101539994634
C,0.0,0.0,0.0,0.07507878541946411,-0.08468770980834961,0.05625114122021557,0.1203942596912384,-0.14970248937606812,0.06711639368522526,0.15876254439353943,-0.17828771471977234,0.061423818558338894,0.2004500925540924,-0.18754467368125916,0.05311135107267262,0.03451624512672424,-0.25847673416137695,0.035115751415375485,0.09181472659111023,-0.35218101739883423,0.019213833823684467,0.14609643816947937,-0.3539539575576782,0.009203658416751637,0.18888917565345764,-0.33830419182777405,0.0032790261096096174,0.03224372863769531,-0.245407372713089,-0.010467686712857471,0.10329669713973999,-0.36399829387664795,-0.028649861946817623,0.1612277328968048,-0.3654104769229889,-0.0341446632744038,0.19821682572364807,-0.34088441729545593,-0.03505351489793895,0.041111111640930176,-0.2162792980670929,-0.053818670123931156,0.10092654824256897,-0.3337615430355072,-0.06697958058130382,0.15778204798698425,-0.3464995324611664,-0.06162107831251262,0.19646403193473816,-0.33077526092529297,-0.056384501069899784,0.06701084971427917,-0.17844650149345398,-0.09383843189489482,0.1094493567943573,-0.26551613211631775,-0.10859682506334423,0.15159067511558533,-0.3022416830062866,-0.11005650556099056,0.18641862273216248,-0.31717342138290405,-0.10926281756174205
