label,f0,f1,f2,f3,f4,f5,f6,f7,f8,f9,f10,f11,f12,f13,f14,f15,f16,f17,f18,f19,f20,f21,f22,f23,f24,f25,f26,f27,f28,f29,f30,f31,f32,f33,f34,f35,f36,f37,f38,f39,f40,f41,f42,f43,f44,f45,f46,f47,f48,f49,f50,f51,f52,f53,f54,f55,f56,f57,f58,f59,f60,f61,f62
E,0.0,0.0,0.0,0.04237276315689087,-0.05573153495788574,-0.016919584884334427,0.05932876467704773,-0.12241476774215698,-0.023465104340601783,0.021995216608047485,-0.14454030990600586,-0.03259117709009729,-0.01949840784072876,-0.12321704626083374,-0.04007171274631105,0.0504307746887207,-0.1832829713821411,0.011819410198341984,0.05471733212471008,-0.2526184916496277,-0.007810153472263437,0.046907901763916016,-0.21770209074020386,-0.02562425652055822,0.04095357656478882,-0.17429709434509277,-0.03412508027165018,0.017052531242370605,-0.1834593415260315,0.009950634152602333,0.020472675561904907,-0.2619193196296692,-0.009634898914981704,0.014285266399383545,-0.22244733572006226,-0.026602281197000366,0.013054639101028442,-0.17735612392425537,-0.03237733797638498,-0.013055235147476196,-0.17698729038238525,0.0033237261837086862,-0.012604773044586182,-0.2515181303024292,-0.012189458995152336,-0.013864248991012573,-0.21739840507507324,-0.021441515474606376,-0.014704257249832153,-0.17321443557739258,-0.02169450925200067,-0.04066470265388489,-0.16326653957366943,-0.005605727839309793,-0.03897881507873535,-0.21799176931381226,-0.01123078533916555,-0.03514793515205383,-0.1997436285018921,-0.010442952564943653,-0.0326848030090332,-0.1681841015815735,-0.007443733918506723
E,0.0,0.0,0.0,0.04328694939613342,-0.056258440017700195,-0.01778318024711467,0.06045803427696228,-0.1216740608215332,-0.024172349269555582,0.023446500301361084,-0.14368170499801636,-0.03319298699037887,-0.0180453360080719,-0.11979711055755615,-0.04049502536194183,0.05173894762992859,-0.18356335163116455,0.014106066529585348,0.05537256598472595,-0.25299614667892456,-0.005692062336073889,0.047072142362594604,-0.21835601329803467,-0.023961916933821215,0.04129704833030701,-0.17544597387313843,-0.03276263400451995,0.018862128257751465,-0.1842600703239441,0.012741861496998297,0.0217437744140625,-0.2613216042518616,-0.007295438456402792,0.014850020408630371,-0.22245019674301147,-0.024970284099744333,0.014101415872573853,-0.17828553915023804,-0.031116951624916567,-0.011179924011230469,-0.17839038372039795,0.006246206448359715,-0.010738581418991089,-0.2518899440765381,-0.009786119121180548,-0.012758642435073853,-0.21838611364364624,-0.019933669264482035,-0.013310402631759644,-0.17417412996292114,-0.020511731873320116,-0.03903549909591675,-0.1651049256324768,-0.0027007638896421327,-0.03719189763069153,-0.21932417154312134,-0.008628365020321382,-0.03406676650047302,-0.20167815685272217,-0.008658242779837622,-0.03152263164520264,-0.1702953577041626,-0.006125531061606182
E,0.0,0.0,0.0,0.04271531105041504,-0.05435919761657715,-0.017579007210692055,0.06106412410736084,-0.12279105186462402,-0.023725119667609817,0.024068564176559448,-0.14454740285873413,-0.03237684002753127,-0.018410027027130127,-0.11449962854385376,-0.039313289585074074,0.05229473114013672,-0.18535596132278442,0.012666617271939629,0.05533277988433838,-0.2551953196525574,-0.007092601402213461,0.04672083258628845,-0.2205272912979126,-0.024553605603536255,0.04111507534980774,-0.17732453346252441,-0.0326528840386473,0.018911808729171753,-0.18587523698806763,0.011139672932664269,0.021742433309555054,-0.2632778286933899,-0.009552729564269669,0.014361739158630371,-0.2226710319519043,-0.02617546102639068,0.013544142246246338,-0.17705637216567993,-0.030866458328922874,-0.01089709997177124,-0.17972099781036377,0.00463998199764859,-0.010354101657867432,-0.25183987617492676,-0.011319504367669708,-0.011633127927780151,-0.21774232387542725,-0.02049942805107463,-0.011550456285476685,-0.17453336715698242,-0.01995643905039657,-0.038370609283447266,-0.16580593585968018,-0.004317640109469778,-0.0356900691986084,-0.21949708461761475,-0.00935806638236869,-0.032167255878448486,-0.2030329704284668,-0.008498787196835167,-0.029470980167388916,-0.17367959022521973,-0.005188827185442335
E,0.0,0.0,0.0,0.04293149709701538,-0.05519115924835205,-0.01798617742743147,0.059564024209976196,-0.12316954135894775,-0.024653096643945105,0.020459115505218506,-0.1447787880897522,-0.03375913664486063,-0.022182583808898926,-0.11943793296813965,-0.04121472403194559,0.050866663455963135,-0.1854536533355713,0.011755086520949476,0.05502849817276001,-0.2543128728866577,-0.007845114877184756,0.0469096302986145,-0.21843105554580688,-0.025809754578133948,0.040985822677612305,-0.17436325550079346,-0.034524415580293066,0.017148137092590332,-0.18551534414291382,0.010418562257925146,0.02054959535598755,-0.2633908987045288,-0.009532723536452181,0.013942569494247437,-0.2238408923149109,-0.027239921463390715,0.012653708457946777,-0.17812645435333252,-0.033429277090093024,-0.013115495443344116,-0.1788947582244873,0.004203973377386205,-0.012736618518829346,-0.25228965282440186,-0.011172422168513663,-0.01374584436416626,-0.21910911798477173,-0.021607368213793166,-0.014344781637191772,-0.17476719617843628,-0.022592124489804633,-0.040385693311691284,-0.1646575927734375,-0.004440271721890099,-0.03838849067687988,-0.21849268674850464,-0.009346038995047934,-0.0341644287109375,-0.20201683044433594,-0.009304377210995085,-0.03135955333709717,-0.17152422666549683,-0.0070366514452899764
E,0.0,0.0,0.0,0.043403565883636475,-0.05484515428543091,-0.018241307292342412,0.06118333339691162,-0.1228681206703186,-0.02472227678096317,0.021810829639434814,-0.143399178981781,-0.033553910035848844,-0.021079540252685547,-0.11544114351272583,-0.04069905408120178,0.051845163106918335,-0.1855641007423401,0.013222884792625678,0.05575227737426758,-0.25370532274246216,-0.006224913582414615,0.04778215289115906,-0.21752411127090454,-0.024305001426697004,0.04187643527984619,-0.17369496822357178,-0.03303998761272453,0.018338173627853394,-0.18553942441940308,0.012036760743498576,0.021821975708007812,-0.2628434896469116,-0.0079326951543095,0.015614122152328491,-0.22310298681259155,-0.025708511997223127,0.014431118965148926,-0.1773356795310974,-0.0317789135167601,-0.011928021907806396,-0.17908573150634766,0.005821729484736693,-0.01149749755859375,-0.25198739767074585,-0.009936851974785554,-0.012037158012390137,-0.2178930640220642,-0.020434963111043203,-0.012325525283813477,-0.17345505952835083,-0.02125734329617046,-0.0395255982875824,-0.16527199745178223,-0.0028443616481723666,-0.03702569007873535,-0.2184380292892456,-0.008414631303608644,-0.03278630971908569,-0.1996024250984192,-0.00841698941236757,-0.030110210180282593,-0.16801196336746216,-0.006009898673951852
E,0.0,0.0,0.0,0.04362773895263672,-0.05554401874542236,-0.016754472034527623,0.06023925542831421,-0.12438219785690308,-0.022462227719380223,0.019846409559249878,-0.14598757028579712,-0.03061556384201225,-0.023104965686798096,-0.12014365196228027,-0.03735764451558765,0.050630122423172,-0.185097336769104,0.013369165954635776,0.05518293380737305,-0.2516881227493286,-0.005718178453399503,0.04687044024467468,-0.21647363901138306,-0.02337357528741535,0.040310293436050415,-0.17184090614318848,-0.03169867523248371,0.016524910926818848,-0.18432104587554932,0.01172039437805239,0.020157188177108765,-0.2618372440338135,-0.007840861903979146,0.013953566551208496,-0.22340679168701172,-0.025181380438162648,0.012404024600982666,-0.17612355947494507,-0.030782840552284085,-0.01383131742477417,-0.17656385898590088,0.005301133391903079,-0.013239294290542603,-0.2484053373336792,-0.01027300521965202,-0.01345321536064148,-0.2146669626235962,-0.020414403977348172,-0.01381593942642212,-0.17000973224639893,-0.020854681136562192,-0.04098674654960632,-0.1612330675125122,-0.0033405580208736296,-0.03914099931716919,-0.212779700756073,-0.008892136032237374,-0.03438675403594971,-0.19509708881378174,-0.008565648796512448,-0.03137907385826111,-0.16506731510162354,-0.005767378828032577
E,0.0,0.0,0.0,0.04481416940689087,-0.056152284145355225,-0.01794920809236089,0.06243357062339783,-0.121645987033844,-0.024348956939249433,0.02266162633895874,-0.1433658003807068,-0.03322247922089616,-0.020635008811950684,-0.11707097291946411,-0.040528116222887434,0.05196809768676758,-0.18480068445205688,0.01404800877305945,0.05639606714248657,-0.25268101692199707,-0.005617173795073427,0.04909181594848633,-0.2170899510383606,-0.023796798136501707,0.04300197958946228,-0.17396330833435059,-0.032455076869993604,0.01863241195678711,-0.1849392056465149,0.012862959470183455,0.022213220596313477,-0.26159435510635376,-0.007493047450154222,0.016067951917648315,-0.2215355634689331,-0.025202210467725195,0.014652788639068604,-0.17503154277801514,-0.030926221456795133,-0.011468499898910522,-0.17853105068206787,0.006627082418233954,-0.01104763150215149,-0.2505345344543457,-0.009459866617291368,-0.011831134557723999,-0.21588248014450073,-0.01928576029506246,-0.01230621337890625,-0.1710919737815857,-0.019287762638597883,-0.03942781686782837,-0.16435188055038452,-0.0020289243538371693,-0.03702458739280701,-0.21766608953475952,-0.007416823819696106,-0.032364994287490845,-0.1988813281059265,-0.006652169336049951,-0.029469013214111328,-0.16707521677017212,-0.0034322356213323246
E,0.0,0.0,0.0,0.04397767782211304,-0.05568587779998779,-0.017225931579368137,0.06120762228965759,-0.12266778945922852,-0.023210141057269595,0.0221521258354187,-0.14446872472763062,-0.03170876874973061,-0.02020043134689331,-0.12165665626525879,-0.03860301076819184,0.05175131559371948,-0.1832571029663086,0.013477730383975484,0.05566176772117615,-0.2517582178115845,-0.005999195104585908,0.0480596125125885,-0.21719223260879517,-0.023961703473823093,0.04249542951583862,-0.17366623878479004,-0.03251065238763573,0.01792120933532715,-0.18323707580566406,0.012012488027913548,0.021210402250289917,-0.2606998682022095,-0.0075194469598400815,0.014498382806777954,-0.22222626209259033,-0.025069193164007686,0.013300389051437378,-0.17677927017211914,-0.031146115804212116,-0.012491583824157715,-0.17702442407608032,0.005600076919300534,-0.01210319995880127,-0.24968111515045166,-0.009918855683999084,-0.013775110244750977,-0.21662068367004395,-0.02021930850495579,-0.014393925666809082,-0.17253518104553223,-0.021000283951060794,-0.039969056844711304,-0.16331005096435547,-0.0031439233050960524,-0.03839844465255737,-0.2171604037284851,-0.008325318986670993,-0.03469955921173096,-0.1999502182006836,-0.008038229489820026,-0.03203350305557251,-0.16904616355895996,-0.005434167286502145
E,0.0,0.0,0.0,0.04448536038398743,-0.05425328016281128,-0.017676061110712737,0.062375426292419434,-0.12123125791549683,-0.023635644557096214,0.02393794059753418,-0.1439031958580017,-0.03191766710779831,-0.018398672342300415,-0.12059366703033447,-0.03849976705215141,0.051954299211502075,-0.1831587553024292,0.012638174837313443,0.05587249994277954,-0.2520151734352112,-0.00695935925296709,0.04757559299468994,-0.21683967113494873,-0.0246725493093507,0.041873276233673096,-0.17300617694854736,-0.03294444279573128,0.018333494663238525,-0.18299001455307007,0.011462823396406918,0.021443843841552734,-0.2602580785751343,-0.008398242386199684,0.014513731002807617,-0.2213672399520874,-0.02566323252222702,0.013608604669570923,-0.17564034461975098,-0.031294005083061904,-0.011826843023300171,-0.17636126279830933,0.0053429947251899534,-0.01136094331741333,-0.2495405077934265,-0.010468457916893215,-0.012909382581710815,-0.2163791060447693,-0.020569540651656837,-0.013219833374023438,-0.17236781120300293,-0.02100413860581085,-0.03894755244255066,-0.16207915544509888,-0.0031160389521645016,-0.03774291276931763,-0.21545934677124023,-0.00866038733921215,-0.03388106822967529,-0.19873511791229248,-0.008496170954920501,-0.031019866466522217,-0.16837096214294434,-0.005777370741732568
E,0.0,0.0,0.0,0.04440850019454956,-0.05444228649139404,-0.017851273907126597,0.06199634075164795,-0.12118947505950928,-0.024581122590007,0.024388939142227173,-0.143598735332489,-0.0337825393357889,-0.01731964945793152,-0.12308454513549805,-0.04151237514406603,0.052506715059280396,-0.18344128131866455,0.011521373497544118,0.05626577138900757,-0.2518153190612793,-0.008724012790025881,0.048178255558013916,-0.21803396940231323,-0.02714621592849653,0.04249447584152222,-0.17399686574935913,-0.03591055926472109,0.018811911344528198,-0.1831997036933899,0.01026915441661913,0.022391051054000854,-0.25938379764556885,-0.010423138184251002,0.01559460163116455,-0.22179639339447021,-0.02867185269087713,0.014324367046356201,-0.17571669816970825,-0.03505698349863451,-0.011468499898910522,-0.17659389972686768,0.0041348273812218395,-0.010446280241012573,-0.24985641241073608,-0.012687179637850932,-0.012216418981552124,-0.21730607748031616,-0.023734675166906527,-0.012953519821166992,-0.17221689224243164,-0.024834505660237483,-0.03853023052215576,-0.16247153282165527,-0.004250022960604838,-0.03746122121810913,-0.21553093194961548,-0.011288047214748076,-0.03390687704086304,-0.19771838188171387,-0.01202279646486204,-0.03125143051147461,-0.16569209098815918,-0.009788508904875926
E,0.0,0.0,0.0,0.04469919204711914,-0.05485796928405762,-0.018049256431609706,0.06233900785446167,-0.12169122695922852,-0.024695280494839267,0.02485927939414978,-0.14340680837631226,-0.033869666534215526,-0.0171051025390625,-0.12272423505783081,-0.04165088154628904,0.05262744426727295,-0.18250000476837158,0.011389723492115422,0.056145668029785156,-0.25264304876327515,-0.009124985451549605,0.0484483540058136,-0.220051109790802,-0.02772336781278284,0.04304182529449463,-0.17628782987594604,-0.036533755737096385,0.019408822059631348,-0.18259531259536743,0.010090061907916947,0.02313309907913208,-0.25972241163253784,-0.010563153329044894,0.016382962465286255,-0.22183674573898315,-0.029073178323656634,0.014919102191925049,-0.1758001446723938,-0.03575269274666937,-0.010934233665466309,-0.17664504051208496,0.0038509801749881944,-0.010032355785369873,-0.2512810230255127,-0.012519858333021716,-0.011784404516220093,-0.21748250722885132,-0.02343518428757818,-0.01269388198852539,-0.17183130979537964,-0.024621583076864795,-0.03877171874046326,-0.16274797916412354,-0.004735373447388724,-0.03754207491874695,-0.21680200099945068,-0.01090734500691326,-0.03361952304840088,-0.1992550492286682,-0.011267579647451953,-0.030988991260528564,-0.16710227727890015,-0.0090107410426441
E,0.0,0.0,0.0,0.04524722695350647,-0.05405402183532715,-0.01852260231255798,0.06410107016563416,-0.1232384443283081,-0.02543112523137836,0.024462133646011353,-0.14648056030273438,-0.0343769162821701,-0.01863938570022583,-0.12242501974105835,-0.04177929162263183,0.052803486585617065,-0.18396353721618652,0.008628194413788037,0.05669775605201721,-0.25426197052001953,-0.01241050920664577,0.04821273684501648,-0.22125810384750366,-0.030636147402518077,0.042781054973602295,-0.17672938108444214,-0.038943060480349345,0.019281446933746338,-0.183752179145813,0.007415319520688968,0.02382001280784607,-0.2619750499725342,-0.013983057618432326,0.01631024479866028,-0.22445350885391235,-0.031221964203112407,0.014484643936157227,-0.17693811655044556,-0.036441516869061275,-0.010976642370223999,-0.17756688594818115,0.0013562819992074537,-0.0100935697555542,-0.2517671585083008,-0.015279579714231772,-0.01119968295097351,-0.2178800106048584,-0.024850767843716426,-0.011213511228561401,-0.17222851514816284,-0.024760621406429095,-0.038408875465393066,-0.1633082628250122,-0.007111914728127999,-0.037262022495269775,-0.21736806631088257,-0.0132797051149538,-0.032669663429260254,-0.20006608963012695,-0.012873431474261565,-0.029333829879760742,-0.16859537363052368,-0.009835582964413447
E,0.0,0.0,0.0,0.04593217372894287,-0.05471557378768921,-0.017802370792352917,0.06494483351707458,-0.12300628423690796,-0.024379864415251973,0.02510276436805725,-0.14641708135604858,-0.03326085590394712,-0.018178462982177734,-0.12534832954406738,-0.04054210343035436,0.05303633213043213,-0.18424177169799805,0.010332450190460918,0.05677112936973572,-0.2541615962982178,-0.010531137777590516,0.04884794354438782,-0.22078758478164673,-0.02888062976869321,0.04374140501022339,-0.17688345909118652,-0.037444576701247456,0.019366592168807983,-0.18401724100112915,0.008693414660072563,0.023513734340667725,-0.2624559998512268,-0.012541938653313878,0.016575485467910767,-0.22520041465759277,-0.030376542439782384,0.01516634225845337,-0.1786794662475586,-0.036318093618476155,-0.011144012212753296,-0.177495539188385,0.002197533067217705,-0.010367423295974731,-0.2526189088821411,-0.014835893256687882,-0.011550694704055786,-0.2189403772354126,-0.024933081200444462,-0.011703312397003174,-0.17338335514068604,-0.025294704442941907,-0.03881916403770447,-0.16293787956237793,-0.0066091526170311,-0.0380098819732666,-0.21653729677200317,-0.013507777905189755,-0.03376740217208862,-0.19955897331237793,-0.013712978070699933,-0.03060165047645569,-0.16866987943649292,-0.011111407620930436
E,0.0,0.0,0.0,0.04549378156661987,-0.05705225467681885,-0.01676976952792586,0.06456753611564636,-0.12440711259841919,-0.022473541014804255,0.02482631802558899,-0.1477367877960205,-0.0306246494138378,-0.01798999309539795,-0.12488603591918945,-0.03723870117308081,0.05270150303840637,-0.18491756916046143,0.012622733674035658,0.056098729372024536,-0.25462889671325684,-0.007253717557503592,0.04865235090255737,-0.2208162546157837,-0.025074076765193354,0.044376909732818604,-0.17776089906692505,-0.03348799321891249,0.019044041633605957,-0.18454360961914062,0.010645254588709463,0.022951394319534302,-0.2625986933708191,-0.009435225204541098,0.016168534755706787,-0.224398672580719,-0.026512666531814943,0.015155941247940063,-0.17845678329467773,-0.032101302334083925,-0.01145857572555542,-0.17791026830673218,0.003800364517630328,-0.011046737432479858,-0.25236743688583374,-0.012618017309321772,-0.012297391891479492,-0.21741998195648193,-0.021946935840858828,-0.012278169393539429,-0.17228519916534424,-0.021790985875739466,-0.03938060998916626,-0.1628003716468811,-0.005333810039772402,-0.03810575604438782,-0.21673929691314697,-0.011735656225098978,-0.03374263644218445,-0.19830751419067383,-0.011145165116502653,-0.030687838792800903,-0.16677409410476685,-0.007974173800064932
E,0.0,0.0,0.0,0.04516637325286865,-0.056385040283203125,-0.016495858934014507,0.06376749277114868,-0.12293100357055664,-0.022121196296303935,0.023799002170562744,-0.14598745107650757,-0.030261514391987987,-0.019221097230911255,-0.12916994094848633,-0.03672850472876377,0.05356833338737488,-0.18319171667099,0.013191306348652176,0.05730822682380676,-0.2542956471443176,-0.006926163248955675,0.04966720938682556,-0.2197611927986145,-0.024841956477850147,0.04501825571060181,-0.17616695165634155,-0.03322672067233867,0.02016693353652954,-0.18378525972366333,0.011285467389733128,0.024699687957763672,-0.26236510276794434,-0.009051915873079963,0.017328768968582153,-0.2224687933921814,-0.026289274599641033,0.015646010637283325,-0.17653214931488037,-0.03199136225530452,-0.010414272546768188,-0.17853081226348877,0.004465702306241326,-0.00954088568687439,-0.25366073846817017,-0.012267507296293445,-0.011001527309417725,-0.21690595149993896,-0.02134988797852344,-0.011354565620422363,-0.17140960693359375,-0.021141368579357334,-0.03886684775352478,-0.16493284702301025,-0.00457701800414867,-0.03644034266471863,-0.2191094160079956,-0.011630979981511302,-0.03250539302825928,-0.19832462072372437,-0.011005396638303466,-0.029935866594314575,-0.1658114790916443,-0.007757403571396537
E,0.0,0.0,0.0,0.045478761196136475,-0.054454922676086426,-0.016314601309730392,0.06539705395698547,-0.12284374237060547,-0.0226020475552815,0.025609105825424194,-0.146298348903656,-0.03136055522425352,-0.01766592264175415,-0.12718665599822998,-0.038514848582579475,0.05287507176399231,-0.18394535779953003,0.009793214715884346,0.05721065402030945,-0.2548748254776001,-0.010256712108983379,0.04960733652114868,-0.218547523021698,-0.02750615381462751,0.04501235485076904,-0.1749066710472107,-0.035627864085270744,0.019306272268295288,-0.18425464630126953,0.007407353009895701,0.024316340684890747,-0.2634572386741638,-0.012709978751971107,0.017239779233932495,-0.22260677814483643,-0.028634449251129013,0.01515871286392212,-0.17683732509613037,-0.03355243035419164,-0.010905712842941284,-0.17872828245162964,0.0004440457100116646,-0.009715139865875244,-0.25363630056381226,-0.015590779267384391,-0.010578334331512451,-0.21605455875396729,-0.023033762134744507,-0.010955989360809326,-0.17111676931381226,-0.0219942385034102,-0.03886914253234863,-0.1655210256576538,-0.008777080819143634,-0.03597787022590637,-0.219776451587677,-0.015083655499054771,-0.03149902820587158,-0.19863086938858032,-0.01334119939072309,-0.028910130262374878,-0.1665658950805664,-0.00949961856765924
E,0.0,0.0,0.0,0.04482501745223999,-0.05547988414764404,-0.017197091653933683,0.06380963325500488,-0.1231926679611206,-0.0240303208678867,0.02272266149520874,-0.14541596174240112,-0.03336299262939946,-0.02018672227859497,-0.1282804012298584,-0.04114227421580807,0.05231606960296631,-0.18378371000289917,0.010872576795527777,0.05587846040725708,-0.25456881523132324,-0.00955010723321692,0.0490240752696991,-0.2196158766746521,-0.028153921067705312,0.04455384612083435,-0.17561978101730347,-0.03735770709811703,0.018567651510238647,-0.18383044004440308,0.008781448416421256,0.022836744785308838,-0.2623634934425354,-0.011813113987436452,0.016850709915161133,-0.22231656312942505,-0.029973580092182317,0.01519685983657837,-0.17703497409820557,-0.036896836534133115,-0.011774837970733643,-0.1789669394493103,0.0019130570022483084,-0.01093330979347229,-0.2535298466682434,-0.014498994275918164,-0.011261224746704102,-0.21741169691085815,-0.024296206012358823,-0.011657506227493286,-0.1719399094581604,-0.025216352716078916,-0.04003646969795227,-0.16678518056869507,-0.007286133766164937,-0.03722381591796875,-0.22099077701568604,-0.014149771593501725,-0.032562971115112305,-0.20042628049850464,-0.01410262804477469,-0.03001585602760315,-0.16808396577835083,-0.011778902783980527
E,0.0,0.0,0.0,0.04366332292556763,-0.05431413650512695,-0.016925186185225982,0.06323584914207458,-0.12213277816772461,-0.024109313530907173,0.021137863397598267,-0.1438237428665161,-0.033618970109209556,-0.022685915231704712,-0.1280013918876648,-0.041475432260021705,0.052586883306503296,-0.18446427583694458,0.009574918741300564,0.05589026212692261,-0.2543354630470276,-0.011121332911834259,0.048450589179992676,-0.22012364864349365,-0.029175911365136642,0.04359668493270874,-0.1761820912361145,-0.03771551538823559,0.01859256625175476,-0.18470942974090576,0.0075250451582817846,0.02281811833381653,-0.26247870922088623,-0.013439498176857967,0.016439229249954224,-0.22206848859786987,-0.030332591651067276,0.014421641826629639,-0.1758555769920349,-0.035763314260229606,-0.011555790901184082,-0.18002653121948242,0.0007943384944795184,-0.010767132043838501,-0.2546323537826538,-0.016077490789875526,-0.011281728744506836,-0.21749722957611084,-0.02426835176168396,-0.011812329292297363,-0.17241358757019043,-0.023643132565602798,-0.03944367170333862,-0.16811597347259521,-0.008169410085365314,-0.036628782749176025,-0.22169572114944458,-0.015571819884762306,-0.032422035932540894,-0.1995941400527954,-0.014444362638577957,-0.030076920986175537,-0.16745758056640625,-0.010820037951752681
E,0.0,0.0,0.0,0.04402202367782593,-0.054899632930755615,-0.016978384522367662,0.06293627619743347,-0.12270325422286987,-0.023714219746757692,0.020859092473983765,-0.14512580633163452,-0.03278952051477546,-0.022530406713485718,-0.1303941011428833,-0.040041721952725595,0.05251649022102356,-0.18311142921447754,0.010785522343944365,0.05634474754333496,-0.2539694309234619,-0.009487974984217828,0.04807195067405701,-0.21870678663253784,-0.027402462033201402,0.04268676042556763,-0.17447352409362793,-0.03600702021794433,0.018752694129943848,-0.18317264318466187,0.00897788948787337,0.02291169762611389,-0.26112812757492065,-0.011755462331343836,0.016142547130584717,-0.22009706497192383,-0.02893445414083118,0.01415601372718811,-0.17414283752441406,-0.034807376159001535,-0.011503845453262329,-0.17866355180740356,0.002413038801755363,-0.010681957006454468,-0.25405269861221313,-0.01430048473702783,-0.011558502912521362,-0.21700423955917358,-0.022888874230552858,-0.012368768453598022,-0.17156845331192017,-0.022707564351726717,-0.039790958166122437,-0.1672050952911377,-0.0064069312676977574,-0.03698652982711792,-0.220852792263031,-0.013881264781225866,-0.03291085362434387,-0.19884508848190308,-0.013291294281948751,-0.030702859163284302,-0.16650021076202393,-0.010189608266223615
E,0.0,0.0,0.0,0.04462510347366333,-0.054558634757995605,-0.01653297575985846,0.06430885195732117,-0.12274253368377686,-0.022829493087286323,0.023876845836639404,-0.14529776573181152,-0.03152254740571436,-0.019030123949050903,-0.12672537565231323,-0.03856246690129694,0.05187806487083435,-0.18282216787338257,0.010540629226213127,0.05550721287727356,-0.2536492943763733,-0.009272686716670364,0.04806143045425415,-0.21831226348876953,-0.026743856769556373,0.04331892728805542,-0.17410248517990112,-0.0349946744260734,0.018228530883789062,-0.18267178535461426,0.008570927615707546,0.022127985954284668,-0.26072949171066284,-0.011404891077930301,0.01584276556968689,-0.22047483921051025,-0.028036010962480873,0.014009803533554077,-0.17432910203933716,-0.03358874241685328,-0.011982172727584839,-0.17780429124832153,0.001964071487506658,-0.011680513620376587,-0.25289082527160645,-0.013998101044947475,-0.012078970670700073,-0.21619218587875366,-0.02238447549616751,-0.012425124645233154,-0.17075073719024658,-0.022109685045236915,-0.04003831744194031,-0.16574054956436157,-0.0068815257852321565,-0.03782358765602112,-0.22044503688812256,-0.013405554507428974,-0.033393293619155884,-0.19951707124710083,-0.012369587597007126,-0.0309542715549469,-0.16716498136520386,-0.009079437282437652
E,0.0,0.0,0.0,0.044549405574798584,-0.05403047800064087,-0.01598037137894437,0.06323656439781189,-0.1224207878112793,-0.021775621094391795,0.02352011203765869,-0.14579647779464722,-0.030018271051929446,-0.018290847539901733,-0.130318284034729,-0.03654383412806794,0.05224350094795227,-0.18165922164916992,0.010812026343657521,0.05613526701927185,-0.25311654806137085,-0.008671374165103884,0.0485897958278656,-0.21745383739471436,-0.02564487709908292,0.04395398497581482,-0.17339760065078735,-0.033637969859526606,0.01845371723175049,-0.18172550201416016,0.00869144581945136,0.022519409656524658,-0.26079314947128296,-0.011196600378141852,0.01602843403816223,-0.21955645084381104,-0.027459851571009608,0.01433652639389038,-0.17368942499160767,-0.032700262137339564,-0.01191738247871399,-0.17679572105407715,0.002010126958950309,-0.011331766843795776,-0.251737117767334,-0.013960594416246863,-0.01170322299003601,-0.2142249345779419,-0.021887856640503855,-0.011921018362045288,-0.16925567388534546,-0.021294104971573802,-0.04005172848701477,-0.1646054983139038,-0.006845484592602702,-0.03769752383232117,-0.21910661458969116,-0.013449571200297328,-0.03317651152610779,-0.1980069875717163,-0.012258770049200507,-0.03057923913002014,-0.1663563847541809,-0.008843378268764468
E,0.0,0.0,0.0,0.044919997453689575,-0.05413627624511719,-0.01676660111412076,0.064791738986969,-0.12167733907699585,-0.023188742680993357,0.02589556574821472,-0.14604878425598145,-0.031958141236152926,-0.015934139490127563,-0.13067573308944702,-0.039094217924919406,0.052910059690475464,-0.1825466752052307,0.009619688743207178,0.05636683106422424,-0.2535206079483032,-0.010639209172275343,0.049121707677841187,-0.21693605184555054,-0.028068338392820635,0.044832199811935425,-0.17300504446029663,-0.03621591707929639,0.019149959087371826,-0.1828969120979309,0.00771100785345169,0.02330923080444336,-0.2618650794029236,-0.012710087804642,0.01685941219329834,-0.22036808729171753,-0.02886958686872987,0.015216231346130371,-0.1746065616607666,-0.03381170412763623,-0.011065065860748291,-0.17796379327774048,0.0011893398011508793,-0.010478347539901733,-0.2525296211242676,-0.015146246051934042,-0.01091882586479187,-0.21441203355789185,-0.02261662563547162,-0.010964244604110718,-0.16959935426712036,-0.02149471907183198,-0.03912106156349182,-0.16552233695983887,-0.007594660262164155,-0.03631788492202759,-0.21985602378845215,-0.01435565190627841,-0.03162875771522522,-0.19807344675064087,-0.012738994194712916,-0.02901768684387207,-0.16586452722549438,-0.008798067329969683
E,0.0,0.0,0.0,0.044988542795181274,-0.05489593744277954,-0.01498495870473704,0.06425833702087402,-0.12345409393310547,-0.02086319019290528,0.024104803800582886,-0.1469324827194214,-0.029392551530328603,-0.01865088939666748,-0.12815916538238525,-0.03638958734664044,0.05111974477767944,-0.18396663665771484,0.009867752071293978,0.05491131544113159,-0.2543008327484131,-0.0099547988662394,0.04796239733695984,-0.21663999557495117,-0.026780431989756437,0.04373222589492798,-0.17221182584762573,-0.034515021268454404,0.01718282699584961,-0.18382477760314941,0.006974618982347636,0.021913141012191772,-0.2628222703933716,-0.012813191760507436,0.015969514846801758,-0.22093510627746582,-0.02784582589956841,0.014156192541122437,-0.17445284128189087,-0.03206155997904858,-0.013077467679977417,-0.17810553312301636,-0.0003206002162201571,-0.012195736169815063,-0.25290387868881226,-0.0159840824941071,-0.01190096139907837,-0.21418964862823486,-0.022328559208837362,-0.011804968118667603,-0.169173002243042,-0.020485285569158407,-0.04092708230018616,-0.16487717628479004,-0.009754522603181215,-0.03826230764389038,-0.21947979927062988,-0.015648346293893667,-0.032943546772003174,-0.19809138774871826,-0.013057841818955751,-0.030039459466934204,-0.16636955738067627,-0.008516722258356424
E,0.0,0.0,0.0,0.046302855014801025,-0.054706573486328125,-0.015907373774005862,0.06703510880470276,-0.12229329347610474,-0.02217898381049821,0.026337474584579468,-0.1453583836555481,-0.030939436081006022,-0.016907215118408203,-0.12383687496185303,-0.0381520600348253,0.051837533712387085,-0.18231278657913208,0.008923645567939786,0.05599215626716614,-0.25439542531967163,-0.011110511171771975,0.05008292198181152,-0.2186235785484314,-0.028363261866523715,0.04554063081741333,-0.17426443099975586,-0.03634001922900865,0.018243908882141113,-0.182109534740448,0.0064226449177127165,0.022864729166030884,-0.2624417543411255,-0.013170900317980738,0.01798468828201294,-0.22305625677108765,-0.029053047794057818,0.01637321710586548,-0.17686718702316284,-0.03419048947389314,-0.01163443922996521,-0.1766255497932434,-0.0004999175725046712,-0.011384308338165283,-0.2521737813949585,-0.015498475666298361,-0.010585486888885498,-0.2164173126220703,-0.022949902835442515,-0.010254889726638794,-0.17152273654937744,-0.022233145806147547,-0.0395568311214447,-0.16382664442062378,-0.00969241329575965,-0.0377446711063385,-0.21883708238601685,-0.014787770371093245,-0.03203713893890381,-0.20053672790527344,-0.012945704656793566,-0.028697997331619263,-0.16972386837005615,-0.009329917404009791
E,0.0,0.0,0.0,0.04616391658782959,-0.05301988124847412,-0.015040014129702683,0.06716752052307129,-0.12261682748794556,-0.020928142782871362,0.025543421506881714,-0.14624905586242676,-0.029236883115594026,-0.0182667076587677,-0.12181448936462402,-0.036009242948715325,0.05239224433898926,-0.18343740701675415,0.007949746023292903,0.055714935064315796,-0.25502586364746094,-0.011813922044460412,0.048737138509750366,-0.2206551432609558,-0.028346648630325433,0.04451259970664978,-0.17617321014404297,-0.035740131702844735,0.018438786268234253,-0.18282413482666016,0.004992338638182048,0.02327287197113037,-0.2628347873687744,-0.01473180689347231,0.017441928386688232,-0.2260890007019043,-0.029225090709154244,0.015247344970703125,-0.17911028861999512,-0.03295393865985119,-0.011262834072113037,-0.17675554752349854,-0.0022243640428527556,-0.010699421167373657,-0.2517709732055664,-0.017485045087163087,-0.009672224521636963,-0.21719539165496826,-0.023648891788546678,-0.00917196273803711,-0.1728883981704712,-0.02175596934241497,-0.03817632794380188,-0.16361528635025024,-0.011617709141795274,-0.03649139404296875,-0.2180403470993042,-0.017127819549862977,-0.030946552753448486,-0.1990184783935547,-0.014379805144493218,-0.027655601501464844,-0.1680966019630432,-0.009801915106002923
E,0.0,0.0,0.0,0.045708537101745605,-0.054930806159973145,-0.015042124289976755,0.06654900312423706,-0.1239004135131836,-0.02152930011223475,0.02781739830970764,-0.14479076862335205,-0.030695781085597673,-0.014941036701202393,-0.11648106575012207,-0.03827432354162852,0.05208700895309448,-0.18388915061950684,0.008952592525673708,0.05622401833534241,-0.2549741864204407,-0.011631621953057447,0.05004376173019409,-0.2187885046005249,-0.028846695993053117,0.045560359954833984,-0.1740090250968933,-0.03651385192941348,0.01805979013442993,-0.1834697723388672,0.005765851613176665,0.0235593318939209,-0.262495219707489,-0.014799327563451925,0.01830887794494629,-0.22257733345031738,-0.02973371182750384,0.015937000513076782,-0.17494553327560425,-0.03350161199639956,-0.01201474666595459,-0.1781746745109558,-0.0018838399294338615,-0.010048866271972656,-0.2532857656478882,-0.01750979383658091,-0.009353697299957275,-0.21637588739395142,-0.023713989157187143,-0.009567320346832275,-0.1712304949760437,-0.021527087289797464,-0.03912383317947388,-0.16552531719207764,-0.011791757281827131,-0.035989463329315186,-0.21892982721328735,-0.016777656946288744,-0.030773431062698364,-0.20012211799621582,-0.013935152415143648,-0.028198659420013428,-0.17008036375045776,-0.009265542935537496
E,0.0,0.0,0.0,0.04554954171180725,-0.05418914556503296,-0.01600861907719775,0.06557774543762207,-0.12308049201965332,-0.02257638969241782,0.025610685348510742,-0.1446523666381836,-0.03160416879474326,-0.01774907112121582,-0.11737507581710815,-0.03889386527954741,0.051366180181503296,-0.1835695505142212,0.009633964069493572,0.05503624677658081,-0.25419819355010986,-0.01069914349137946,0.04977649450302124,-0.21846604347229004,-0.028109894923559864,0.045975327491760254,-0.17405998706817627,-0.03602018379389449,0.017583072185516357,-0.1831068992614746,0.006924620971389572,0.022944331169128418,-0.2610069513320923,-0.013855987086586197,0.018682032823562622,-0.22076445817947388,-0.029370050735465725,0.016934990882873535,-0.1731356978416443,-0.03349438854276343,-0.012544214725494385,-0.17724263668060303,-0.0003919877381264314,-0.010757923126220703,-0.25281113386154175,-0.016412697590581615,-0.009391367435455322,-0.21620261669158936,-0.023408854238383014,-0.009327918291091919,-0.17099326848983765,-0.021740987755052288,-0.03975939750671387,-0.16387063264846802,-0.010024541847101887,-0.036325544118881226,-0.2167128324508667,-0.015894172571293552,-0.030878901481628418,-0.19717258214950562,-0.013938405409149368,-0.028276711702346802,-0.16673052310943604,-0.009837283610991676
E,0.0,0.0,0.0,0.04590785503387451,-0.05463004112243652,-0.016543919459934386,0.06656479835510254,-0.12381619215011597,-0.02315874421691433,0.026886165142059326,-0.14561575651168823,-0.03219426819777027,-0.016676127910614014,-0.11755162477493286,-0.03950402537083164,0.05193686485290527,-0.18374568223953247,0.010581109433417168,0.05560952425003052,-0.25467705726623535,-0.009841678903455886,0.05063873529434204,-0.21950578689575195,-0.027438888565654906,0.04676005244255066,-0.17539101839065552,-0.035403758526797446,0.018435269594192505,-0.18411338329315186,0.008158054894749966,0.023749619722366333,-0.26191478967666626,-0.012721755781228694,0.019287019968032837,-0.221859872341156,-0.028455347062106284,0.01727539300918579,-0.17463266849517822,-0.032628894091601524,-0.011561036109924316,-0.17940473556518555,0.0009641853910693499,-0.00943484902381897,-0.2541351318359375,-0.015499521286244544,-0.008654892444610596,-0.2166515588760376,-0.022665901348943862,-0.00896337628364563,-0.17116117477416992,-0.020912638173456344,-0.038974493741989136,-0.16748946905136108,-0.008589171112532767,-0.035381197929382324,-0.22049111127853394,-0.01487091580128208,-0.03062903881072998,-0.1990823745727539,-0.012899401837046298,-0.028380155563354492,-0.16751718521118164,-0.008642019943351897
E,0.0,0.0,0.0,0.046790868043899536,-0.05354958772659302,-0.016157522687990422,0.06825432181358337,-0.12285280227661133,-0.02246248711117005,0.027973532676696777,-0.14626389741897583,-0.031026556978304143,-0.016234159469604492,-0.12180113792419434,-0.037709731499035115,0.05373704433441162,-0.1835823655128479,0.009031047222833877,0.056781917810440063,-0.25598567724227905,-0.011319669785279984,0.05120372772216797,-0.21874332427978516,-0.02787308011420464,0.04803365468978882,-0.17461520433425903,-0.03511303279765343,0.01980680227279663,-0.1843874454498291,0.00655738275281692,0.02510342001914978,-0.2637559175491333,-0.01449359197386002,0.019868433475494385,-0.22036999464035034,-0.02857271198399758,0.017957597970962524,-0.17217671871185303,-0.031202895457226987,-0.010691523551940918,-0.17975717782974243,-0.0005095503943266522,-0.009346365928649902,-0.25677722692489624,-0.017192328239161725,-0.008286505937576294,-0.21513599157333374,-0.021934101248461957,-0.007753461599349976,-0.16918408870697021,-0.01828758221336102,-0.03879225254058838,-0.16720515489578247,-0.00989897724457478,-0.034766823053359985,-0.22010797262191772,-0.016608888173777814,-0.02935776114463806,-0.19612640142440796,-0.013242632972378487,-0.026535212993621826,-0.16415917873382568,-0.007626559010077472
E,0.0,0.0,0.0,0.04667496681213379,-0.053283512592315674,-0.016529862448614097,0.06806814670562744,-0.12294721603393555,-0.023532951861660933,0.028327375650405884,-0.14818662405014038,-0.032763476163189864,-0.014847099781036377,-0.12941473722457886,-0.04023156562451646,0.051300108432769775,-0.18369758129119873,0.006555411353666329,0.054962873458862305,-0.25682878494262695,-0.014573476888280368,0.05018472671508789,-0.21879452466964722,-0.03196987757090852,0.04683053493499756,-0.17378515005111694,-0.03992954888943956,0.017512887716293335,-0.1843811273574829,0.00399758372824266,0.022034376859664917,-0.26596152782440186,-0.016946653515141463,0.018300861120224,-0.2230079174041748,-0.03188738474253938,0.016687244176864624,-0.17570161819458008,-0.03589461991195009,-0.012668997049331665,-0.1797834038734436,-0.003009362990077591,-0.011936724185943604,-0.2583910822868347,-0.019870481133501983,-0.00984528660774231,-0.21598422527313232,-0.025155656650703406,-0.009237974882125854,-0.1691611409187317,-0.022446307033341384,-0.04046645760536194,-0.16716355085372925,-0.012327789008658385,-0.036341577768325806,-0.22069817781448364,-0.01967931972448156,-0.030061423778533936,-0.1965312957763672,-0.017048681765835738,-0.027463197708129883,-0.16377949714660645,-0.012265638127963996
E,0.0,0.0,0.0,0.04735425114631653,-0.054168879985809326,-0.015378622696687216,0.06772968173027039,-0.12535762786865234,-0.02095203230618381,0.028339296579360962,-0.15185731649398804,-0.02889432700811767,-0.014252662658691406,-0.13157033920288086,-0.035173789956559176,0.04997795820236206,-0.18505746126174927,0.009265416874598031,0.05317583680152893,-0.2575722932815552,-0.010917478599537844,0.0489715039730072,-0.21891134977340698,-0.028203699164976115,0.04542553424835205,-0.172857403755188,-0.03611923883198642,0.016407370567321777,-0.18525338172912598,0.006661070152233606,0.0201704204082489,-0.26633942127227783,-0.012998973377932543,0.01759544014930725,-0.223982572555542,-0.02756424563466453,0.016109198331832886,-0.17606109380722046,-0.031600502678145403,-0.013859808444976807,-0.18014419078826904,-0.00040309292143092534,-0.013186365365982056,-0.2597309947013855,-0.016548601337660784,-0.010411620140075684,-0.21660131216049194,-0.02151183167933368,-0.010170817375183105,-0.16870635747909546,-0.018785751783241267,-0.04199343919754028,-0.16690653562545776,-0.009730494008351798,-0.03754279017448425,-0.22154390811920166,-0.017195935719598765,-0.03081265091896057,-0.19591861963272095,-0.014451887817074294,-0.02847951650619507,-0.16180205345153809,-0.009594192155589099
E,0.0,0.0,0.0,0.04751273989677429,-0.056019365787506104,-0.01618089838985526,0.06853476166725159,-0.12715357542037964,-0.021948346263805263,0.02985745668411255,-0.15510666370391846,-0.02997748120788657,-0.012104272842407227,-0.13960176706314087,-0.0363460195726546,0.05180510878562927,-0.18565434217453003,0.010473332040866978,0.05460616946220398,-0.2572963833808899,-0.010189439497032993,0.050293952226638794,-0.21966487169265747,-0.02843314348820769,0.04612123966217041,-0.17333513498306274,-0.03686289242569529,0.01769387722015381,-0.1863970160484314,0.008542474963626034,0.021108955144882202,-0.266612708568573,-0.011914732261637084,0.018602311611175537,-0.22392791509628296,-0.027930292627850406,0.016526609659194946,-0.1751449704170227,-0.032743641502300136,-0.012793570756912231,-0.1822555661201477,0.002021200860774286,-0.012143433094024658,-0.26106274127960205,-0.014789460553863876,-0.009798645973205566,-0.21727454662322998,-0.02069148547116839,-0.010278493165969849,-0.16821551322937012,-0.01840344197217547,-0.04136538505554199,-0.16986852884292603,-0.006796890731045835,-0.03716877102851868,-0.2236207127571106,-0.014907515003422134,-0.030617058277130127,-0.19692879915237427,-0.012712993054726951,-0.028435856103897095,-0.16201239824295044,-0.008005259885528915
E,0.0,0.0,0.0,0.04701319336891174,-0.05476135015487671,-0.01617943733730698,0.06879952549934387,-0.12339639663696289,-0.02227730728485966,0.030342459678649902,-0.15015816688537598,-0.030670967472580912,-0.01207783818244934,-0.13343912363052368,-0.0373176546374836,0.05167543888092041,-0.18536239862442017,0.0104373911788187,0.05427852272987366,-0.25824224948883057,-0.010239219812540057,0.04954409599304199,-0.21967929601669312,-0.028157858697561267,0.04596272110939026,-0.17360621690750122,-0.03628074988522911,0.01779922842979431,-0.18622171878814697,0.008453657331081388,0.02136218547821045,-0.2670072317123413,-0.011840515358237269,0.017981767654418945,-0.22410845756530762,-0.02720415271618748,0.016286492347717285,-0.17590224742889404,-0.03145941585102463,-0.012702494859695435,-0.18217849731445312,0.0018257537783554767,-0.012351185083389282,-0.2607609033584595,-0.01488442398407841,-0.010798931121826172,-0.21731388568878174,-0.020248475072769168,-0.010944277048110962,-0.16917318105697632,-0.017478932214764598,-0.0414559543132782,-0.16996419429779053,-0.007110213449088576,-0.03778162598609924,-0.224298894405365,-0.014836484154550078,-0.03203347325325012,-0.19735360145568848,-0.011992601265994551,-0.029820740222930908,-0.16248267889022827,-0.006763293927399161
E,0.0,0.0,0.0,0.04750072956085205,-0.055571913719177246,-0.016021304420902993,0.06948935985565186,-0.12660855054855347,-0.020935459650829102,0.03252917528152466,-0.1570644974708557,-0.027924130327775742,-0.00849294662475586,-0.14406132698059082,-0.03313986084587839,0.05105137825012207,-0.18638789653778076,0.011303961619958613,0.054798781871795654,-0.2592018246650696,-0.008915491059198644,0.05069795250892639,-0.22166353464126587,-0.026768722228482034,0.04643765091896057,-0.1747753620147705,-0.03476213908918169,0.017374485731124878,-0.18746930360794067,0.009739617228731845,0.021204739809036255,-0.26832568645477295,-0.009710266843214299,0.018678635358810425,-0.22649317979812622,-0.025167631573751237,0.016503334045410156,-0.17759543657302856,-0.02964810899622705,-0.013226360082626343,-0.18324178457260132,0.0035527766386422854,-0.012655436992645264,-0.26074618101119995,-0.012937066733613278,-0.010287582874298096,-0.2176826000213623,-0.018819416530206468,-0.010826170444488525,-0.1690550446510315,-0.016477760515883233,-0.042595356702804565,-0.1703816056251526,-0.004876442376300361,-0.03919869661331177,-0.22380757331848145,-0.013064863748624589,-0.03244885802268982,-0.1967952847480774,-0.010716854251697328,-0.030068814754486084,-0.16138046979904175,-0.005746360990926291
E,0.0,0.0,0.0,0.047951966524124146,-0.055608510971069336,-0.015009883490357367,0.07074174284934998,-0.12542778253555298,-0.019809333306703536,0.03491601347923279,-0.15483742952346802,-0.027022922110710113,-0.006162911653518677,-0.14049649238586426,-0.03251854300216195,0.05173748731613159,-0.18585461378097534,0.012228003072586091,0.05480113625526428,-0.25972938537597656,-0.008182543960366218,0.050935715436935425,-0.22146689891815186,-0.025966724079999892,0.04695555567741394,-0.17476171255111694,-0.03380953117922303,0.018043816089630127,-0.18710392713546753,0.010046381804194482,0.021735578775405884,-0.2691463232040405,-0.009872112122330634,0.019131243228912354,-0.2253429889678955,-0.024846704375896422,0.016648530960083008,-0.17595267295837402,-0.02866949483469483,-0.01238948106765747,-0.18313288688659668,0.0032787728803569394,-0.011711061000823975,-0.26261281967163086,-0.01333843327775952,-0.0092429518699646,-0.21730029582977295,-0.017938103225979773,-0.009773492813110352,-0.1681281328201294,-0.014497704503092734,-0.04146072268486023,-0.1705142855644226,-0.005712747738662927,-0.037399858236312866,-0.22497648000717163,-0.01369873590484616,-0.03084084391593933,-0.19700807332992554,-0.010460253504071204,-0.028614461421966553,-0.16183143854141235,-0.004725869909826486
E,0.0,0.0,0.0,0.04833534359931946,-0.05635964870452881,-0.01552758759098083,0.07137826085090637,-0.12706124782562256,-0.020096426105368437,0.03522402048110962,-0.15791809558868408,-0.026995989701021017,-0.006138414144515991,-0.14251750707626343,-0.032008285841214956,0.052228957414627075,-0.18805789947509766,0.013420631902050673,0.05493411421775818,-0.2625540494918823,-0.006240834689009489,0.050056129693984985,-0.22212785482406616,-0.023561827114093603,0.046406060457229614,-0.17522478103637695,-0.0313232347576502,0.01815009117126465,-0.18897724151611328,0.011674443984162508,0.02132439613342285,-0.270757257938385,-0.007500807030368151,0.018004626035690308,-0.22623300552368164,-0.022068393623698057,0.01621261239051819,-0.17727887630462646,-0.025706290474403204,-0.012566298246383667,-0.1844332218170166,0.00520872629968494,-0.012436836957931519,-0.2641136050224304,-0.01133864673064977,-0.01054123044013977,-0.21838408708572388,-0.01570813844190866,-0.010620176792144775,-0.16916155815124512,-0.012025149746108355,-0.04174169898033142,-0.1709023118019104,-0.003547745963800253,-0.038502037525177,-0.22539323568344116,-0.011983953623342813,-0.032483428716659546,-0.19659799337387085,-0.008787166534233393,-0.03000462055206299,-0.16063815355300903,-0.0029208310621413602
E,0.0,0.0,0.0,0.04871419072151184,-0.05722469091415405,-0.014628384655047455,0.07149061560630798,-0.1291230320930481,-0.018322632109452286,0.036364465951919556,-0.1595449447631836,-0.024603873884011307,-0.004334807395935059,-0.14197945594787598,-0.029102752377916374,0.052196890115737915,-0.18851542472839355,0.016023959571789703,0.05456838011741638,-0.26250308752059937,-0.0035405144297371294,0.050465792417526245,-0.22288024425506592,-0.021381760408807793,0.04683998227119446,-0.1754312515258789,-0.029509948959280052,0.018238484859466553,-0.18942946195602417,0.013822772147427997,0.020900875329971313,-0.27176862955093384,-0.005349612256217995,0.018100351095199585,-0.22765600681304932,-0.020569337924648323,0.0164908766746521,-0.1779412031173706,-0.024645176177550354,-0.012519001960754395,-0.18476605415344238,0.0068194890192856406,-0.01241806149482727,-0.2647310495376587,-0.009983993528116741,-0.009850859642028809,-0.21866965293884277,-0.014939243366647759,-0.009588688611984253,-0.1685776710510254,-0.011531557349194088,-0.04151982069015503,-0.17092353105545044,-0.0024433514770905163,-0.03791061043739319,-0.22502291202545166,-0.011146094111431637,-0.031375110149383545,-0.19629895687103271,-0.008323302885223427,-0.02861437201499939,-0.16042959690093994,-0.002732303386260071
E,0.0,0.0,0.0,0.04841536283493042,-0.059513211250305176,-0.014707447130405171,0.0718575119972229,-0.1302964687347412,-0.018359391119503243,0.03861549496650696,-0.16178220510482788,-0.024839388307356103,-0.0002531111240386963,-0.1517435908317566,-0.029374880816959603,0.05328035354614258,-0.18863224983215332,0.018037179384208457,0.055200934410095215,-0.2637014389038086,-0.0019720695989065007,0.05034595727920532,-0.22380036115646362,-0.020412558790468438,0.04658594727516174,-0.17570090293884277,-0.0287035015487902,0.018795907497406006,-0.18901705741882324,0.016165712747550742,0.020820587873458862,-0.27156782150268555,-0.003819940712475045,0.01747030019760132,-0.22701048851013184,-0.02041679444553779,0.016146749258041382,-0.17687135934829712,-0.025237329404973252,-0.01219138503074646,-0.1846761703491211,0.00932762389240338,-0.011999249458312988,-0.26620298624038696,-0.008170904692434533,-0.010510295629501343,-0.22058641910552979,-0.014195113543593152,-0.010676562786102295,-0.1695237159729004,-0.011270341564141972,-0.041338205337524414,-0.17134183645248413,0.0002601248135931655,-0.037977367639541626,-0.2265104055404663,-0.008993223410271867,-0.03233879804611206,-0.1984788179397583,-0.006934183750473721,-0.029869496822357178,-0.16202163696289062,-0.0016261316912107304
E,0.0,0.0,0.0,0.04869958758354187,-0.057270944118499756,-0.014326769556433305,0.0725056529045105,-0.12850075960159302,-0.017647391814321622,0.03963771462440491,-0.1609901785850525,-0.02380225684079562,0.0010063350200653076,-0.1507253646850586,-0.028083859640688047,0.05352023243904114,-0.18806713819503784,0.01758166153398122,0.05517393350601196,-0.2638664245605469,-0.0018324141162935348,0.05072373151779175,-0.22503262758255005,-0.019793650764555082,0.04740995168685913,-0.17710638046264648,-0.027964620548814878,0.018828094005584717,-0.18865108489990234,0.015639209490686312,0.020561575889587402,-0.27109014987945557,-0.0036402974981371017,0.01748138666152954,-0.227026104927063,-0.019722309592694387,0.016460895538330078,-0.17729002237319946,-0.024481693911880598,-0.012245357036590576,-0.18407171964645386,0.00886690553691949,-0.01242169737815857,-0.26618492603302,-0.008041838813156232,-0.010699063539505005,-0.22069507837295532,-0.013602999668151483,-0.01051265001296997,-0.16986513137817383,-0.010708681005567655,-0.0413244366645813,-0.17022353410720825,-0.00011138568858370945,-0.03820312023162842,-0.22531765699386597,-0.00929497804078494,-0.032471805810928345,-0.197529137134552,-0.007218976202935323,-0.029682815074920654,-0.16141116619110107,-0.0020647255476120563
E,0.0,0.0,0.0,0.04856356978416443,-0.05656230449676514,-0.014603162975589612,0.07269218564033508,-0.12808459997177124,-0.01880074837205825,0.04126948118209839,-0.15965551137924194,-0.025718364724497178,0.0034639835357666016,-0.15193158388137817,-0.030783193045834878,0.053256988525390625,-0.1902374029159546,0.015075225523133895,0.05494609475135803,-0.2645409107208252,-0.005432946933041194,0.050781041383743286,-0.22684484720230103,-0.02380529404578624,0.047293663024902344,-0.17937195301055908,-0.032087683537582734,0.01816233992576599,-0.1915959119796753,0.012822818151136062,0.020375043153762817,-0.2732999920845032,-0.0074312182605069665,0.018168270587921143,-0.22975373268127441,-0.023447425895909646,0.01711660623550415,-0.17994922399520874,-0.028000376978496888,-0.013107270002365112,-0.18687891960144043,0.005823357636501214,-0.012888610363006592,-0.26746368408203125,-0.01217369162438331,-0.010340750217437744,-0.22105181217193604,-0.017390269646028855,-0.010112076997756958,-0.17028415203094482,-0.014107539178411344,-0.042034029960632324,-0.1725950837135315,-0.003339257882515767,-0.03872200846672058,-0.22582662105560303,-0.013598077790419438,-0.032416582107543945,-0.19703072309494019,-0.011392350168506482,-0.029502779245376587,-0.1612069010734558,-0.0059099726840656785
E,0.0,0.0,0.0,0.049218982458114624,-0.05878019332885742,-0.013909611902434449,0.07388314604759216,-0.12772870063781738,-0.01709115044702969,0.04174506664276123,-0.15960967540740967,-0.023192384331721883,0.003346085548400879,-0.15163207054138184,-0.027526159822244267,0.0536370575428009,-0.18894779682159424,0.018364707887869258,0.05555424094200134,-0.26470303535461426,-0.0012384115767218873,0.05140191316604614,-0.22671246528625488,-0.01950591714610539,0.04806980490684509,-0.17947256565093994,-0.027770572393436055,0.0188601016998291,-0.19005095958709717,0.016255394504170795,0.021119147539138794,-0.27297717332839966,-0.00290388060291491,0.018210947513580322,-0.22900575399398804,-0.019104686617154698,0.016943007707595825,-0.17943847179412842,-0.023975038021106343,-0.012416571378707886,-0.1855381727218628,0.009313111142020603,-0.012195110321044922,-0.2662400007247925,-0.007357714749176125,-0.01082676649093628,-0.2204318642616272,-0.012607105127770524,-0.01103159785270691,-0.1697893738746643,-0.00953327776421986,-0.04183259606361389,-0.1711609959602356,0.00018168061016865522,-0.0383017361164093,-0.2262362241744995,-0.008372301287252526,-0.032573044300079346,-0.19824016094207764,-0.005591454035837273,-0.029890716075897217,-0.16204982995986938,3.3348780036135395e-05
E,0.0,0.0,0.0,0.04999402165412903,-0.05743587017059326,-0.014046329845029959,0.0755053460597992,-0.12593883275985718,-0.017481346454758295,0.04499691724777222,-0.15855979919433594,-0.023754165347952494,0.006597399711608887,-0.14979737997055054,-0.028319542136330256,0.053928911685943604,-0.18763649463653564,0.01688651663408791,0.05643567442893982,-0.26445770263671875,-0.0031426279603579133,0.05366763472557068,-0.2280975580215454,-0.02162412072374309,0.05047965049743652,-0.18102377653121948,-0.02992736997856582,0.01953434944152832,-0.18909353017807007,0.014783808190088621,0.022148847579956055,-0.27295851707458496,-0.004314740494180569,0.020581930875778198,-0.22929471731185913,-0.020409709614057192,0.01944410800933838,-0.17999863624572754,-0.025336566221255907,-0.011721283197402954,-0.18488174676895142,0.007921832773547521,-0.011333823204040527,-0.2663431763648987,-0.008619064305264601,-0.009089678525924683,-0.22082358598709106,-0.013975269001264223,-0.009327501058578491,-0.17042231559753418,-0.011096554648418078,-0.0417381227016449,-0.1708480715751648,-0.0011241947797202556,-0.037781864404678345,-0.2265605926513672,-0.009601232435841212,-0.031229466199874878,-0.19936156272888184,-0.0069519652317353575,-0.028705865144729614,-0.16312819719314575,-0.0014832901799195497
E,0.0,0.0,0.0,0.0501769483089447,-0.05573928356170654,-0.015046894358498264,0.07646629214286804,-0.12321126461029053,-0.019591534318429638,0.045346200466156006,-0.1544685959815979,-0.02693739886770885,0.005876868963241577,-0.14488661289215088,-0.03263059798072021,0.05477133393287659,-0.18755382299423218,0.014680475188391995,0.057590216398239136,-0.264370858669281,-0.006252717034918476,0.05460086464881897,-0.22788959741592407,-0.025039072887999225,0.05159083008766174,-0.18114811182022095,-0.033598361345035244,0.020130038261413574,-0.18916195631027222,0.01235841233839352,0.02329590916633606,-0.2735936641693115,-0.007879287743968177,0.021476030349731445,-0.22915005683898926,-0.02426590378771465,0.02042180299758911,-0.18015432357788086,-0.02932133133898418,-0.011513084173202515,-0.1849958300590515,0.005228107521283221,-0.010678529739379883,-0.26600193977355957,-0.012588162714642692,-0.008967071771621704,-0.21956390142440796,-0.01815921049009006,-0.009321928024291992,-0.16928279399871826,-0.015257913427454639,-0.04192328453063965,-0.17121994495391846,-0.004129974445355344,-0.037488192319869995,-0.22673571109771729,-0.013469547772807289,-0.031435877084732056,-0.19861525297164917,-0.010973803507191349,-0.029236793518066406,-0.1621466875076294,-0.005608639488023925
E,0.0,0.0,0.0,0.05020752549171448,-0.05779939889907837,-0.013563553714476484,0.0764244794845581,-0.12523514032363892,-0.01749552032472934,0.05100637674331665,-0.1599063277244568,-0.02446847213926162,0.0159757137298584,-0.16007256507873535,-0.02979023559512939,0.05437394976615906,-0.187677800655365,0.01476856795576964,0.05667519569396973,-0.26466619968414307,-0.006985587911032098,0.05379617214202881,-0.22893649339675903,-0.026438826606892007,0.05050787329673767,-0.1815659999847412,-0.035244198427818674,0.019447535276412964,-0.1898733377456665,0.012028640224315268,0.022145628929138184,-0.2739814519882202,-0.008618025020979303,0.02051958441734314,-0.22922897338867188,-0.02502937233569469,0.01907670497894287,-0.17958933115005493,-0.03017538404586162,-0.012812674045562744,-0.18601906299591064,0.0046018204602376045,-0.011767089366912842,-0.2672300934791565,-0.013714183965049642,-0.010158717632293701,-0.21973121166229248,-0.018600974143765825,-0.010944902896881104,-0.16808319091796875,-0.015284321182690519,-0.04395014047622681,-0.17213082313537598,-0.0049123264898582875,-0.0401630699634552,-0.22696828842163086,-0.015342580997668165,-0.03395634889602661,-0.1980862021446228,-0.012894090176843065,-0.03153550624847412,-0.16096019744873047,-0.0072744851050003945
E,0.0,0.0,0.0,0.05063793063163757,-0.05671185255050659,-0.013099977794354345,0.07721450924873352,-0.12385022640228271,-0.01653805100477257,0.05068066716194153,-0.15742355585098267,-0.02308167242563286,0.01499176025390625,-0.15109097957611084,-0.028119971092110063,0.05461597442626953,-0.18720972537994385,0.015491487410599802,0.05630066990852356,-0.2637369632720947,-0.006142921327864315,0.05291685461997986,-0.2288815975189209,-0.025300015743141557,0.04976847767829895,-0.18115568161010742,-0.03370828465676823,0.019686251878738403,-0.1891428828239441,0.012559923295611952,0.021568626165390015,-0.2731751799583435,-0.008633414331143285,0.019213736057281494,-0.22981613874435425,-0.0246779332414917,0.018039345741271973,-0.17860084772109985,-0.028955138336186792,-0.012012124061584473,-0.18462544679641724,0.004978655324066494,-0.01198655366897583,-0.26421618461608887,-0.013931306126778509,-0.010603755712509155,-0.21662676334381104,-0.018667778979306604,-0.010692179203033447,-0.164445161819458,-0.014652177739208128,-0.04195854067802429,-0.16971683502197266,-0.0046312660456351296,-0.03925234079360962,-0.22394055128097534,-0.015452343086963083,-0.033386051654815674,-0.19470804929733276,-0.012756347703998472,-0.030288249254226685,-0.15696179866790771,-0.006572949282144691
E,0.0,0.0,0.0,0.05175003409385681,-0.05665534734725952,-0.013050659342667359,0.08029475808143616,-0.1234249472618103,-0.01623522282298495,0.05658581852912903,-0.1594982147216797,-0.022333137474021214,0.02056547999382019,-0.15651780366897583,-0.026784032366236943,0.05590870976448059,-0.1874135136604309,0.014688959562221271,0.05761024355888367,-0.26444393396377563,-0.007297601799479025,0.054795533418655396,-0.22922641038894653,-0.026438144749960202,0.05202186107635498,-0.18141698837280273,-0.03473648966010501,0.02068224549293518,-0.18942439556121826,0.011824220635929805,0.022680073976516724,-0.2727448344230652,-0.009043013460001248,0.02106386423110962,-0.22737467288970947,-0.024319376579484242,0.019824951887130737,-0.1764577031135559,-0.028196075714191693,-0.012063145637512207,-0.18500804901123047,0.0042964599402637305,-0.011879593133926392,-0.26306915283203125,-0.01487436123844077,-0.010355591773986816,-0.21248513460159302,-0.018539795435032147,-0.010872900485992432,-0.16086244583129883,-0.01379396372195174,-0.043596506118774414,-0.16998642683029175,-0.005219169209709662,-0.04037290811538696,-0.22299718856811523,-0.016001047349533337,-0.03364861011505127,-0.1910908818244934,-0.012264410748144883,-0.030905574560165405,-0.1530543565750122,-0.005289239126256007
E,0.0,0.0,0.0,0.05219265818595886,-0.05351978540420532,-0.013945541630917546,0.08162355422973633,-0.12096726894378662,-0.017510248634451386,0.05773651599884033,-0.1578221321105957,-0.023676310020917413,0.021863162517547607,-0.15533894300460815,-0.02814774616383886,0.057742923498153687,-0.18629050254821777,0.012339546990162376,0.05981290340423584,-0.26361727714538574,-0.010360323179000375,0.05629661679267883,-0.23035311698913574,-0.029577488366001603,0.05328977108001709,-0.1820361614227295,-0.03768412424945211,0.022149592638015747,-0.18868625164031982,0.009877825800842288,0.025182723999023438,-0.2715224027633667,-0.011690167996519563,0.022605538368225098,-0.22845524549484253,-0.02716023503565168,0.020807325839996338,-0.17749446630477905,-0.031038057345384118,-0.010698765516281128,-0.18455153703689575,0.002800220570108536,-0.01056593656539917,-0.2609531879425049,-0.017283639225595948,-0.009832978248596191,-0.21054846048355103,-0.021643424692982194,-0.010120987892150879,-0.15885990858078003,-0.017254369619720933,-0.041853904724121094,-0.16971659660339355,-0.006228857028716561,-0.039608508348464966,-0.22049033641815186,-0.018007856148713586,-0.033326178789138794,-0.18771255016326904,-0.014976513858371732,-0.030035972595214844,-0.14911961555480957,-0.008351219173007962
E,0.0,0.0,0.0,0.052455127239227295,-0.05281031131744385,-0.013983996756593342,0.08177125453948975,-0.12179523706436157,-0.017478070393423195,0.05627936124801636,-0.15782469511032104,-0.02357578201613819,0.020440787076950073,-0.15222769975662231,-0.02822347095630562,0.05935555696487427,-0.18574970960617065,0.011326721697827224,0.06179136037826538,-0.26247549057006836,-0.011057993568698521,0.05675780773162842,-0.22948986291885376,-0.029669170439461823,0.053081512451171875,-0.18102633953094482,-0.03747404104493057,0.023942381143569946,-0.1883506178855896,0.008570818990250473,0.02794194221496582,-0.2709648013114929,-0.013134236619094963,0.023371100425720215,-0.22787553071975708,-0.02823855651936924,0.020505577325820923,-0.17593789100646973,-0.03168861305735504,-0.00827440619468689,-0.1843050718307495,0.0012598231581648633,-0.00742456316947937,-0.26244646310806274,-0.018603929490069504,-0.007650971412658691,-0.21330207586288452,-0.023062431425074692,-0.008498191833496094,-0.1611003875732422,-0.018784157172063942,-0.03856635093688965,-0.16956448554992676,-0.008004681378821488,-0.03770649433135986,-0.22138506174087524,-0.01999406254313385,-0.03214195370674133,-0.1901148557662964,-0.017432685181717034,-0.029158025979995728,-0.1517019271850586,-0.011154617354492302
E,0.0,0.0,0.0,0.05243143439292908,-0.052536964416503906,-0.012526617677352192,0.08294731378555298,-0.12038987874984741,-0.015250204422912361,0.06107813119888306,-0.15876203775405884,-0.02073305501922107,0.02658054232597351,-0.1563934087753296,-0.02458083286269641,0.059554100036621094,-0.18534904718399048,0.012390588118293522,0.061560869216918945,-0.2634516954421997,-0.009128234641096356,0.056676238775253296,-0.2275506854057312,-0.027259810188255074,0.05307018756866455,-0.17886894941329956,-0.03496550611539817,0.02449411153793335,-0.18813341856002808,0.009362850977638004,0.02754262089729309,-0.27137768268585205,-0.01090180437400079,0.02365267276763916,-0.2269953489303589,-0.02504029712959266,0.02125301957130432,-0.17683625221252441,-0.028280260333261253,-0.007629841566085815,-0.1842496395111084,0.001964250054740546,-0.007974416017532349,-0.26066190004348755,-0.016336135858139755,-0.0073941051959991455,-0.211326003074646,-0.01942745997889972,-0.007801830768585205,-0.1613178849220276,-0.01475067559017873,-0.03799259662628174,-0.16963350772857666,-0.007369684347352745,-0.03728294372558594,-0.22192299365997314,-0.017996654206356766,-0.031242460012435913,-0.1896953582763672,-0.014277261973759892,-0.028224050998687744,-0.1518930196762085,-0.00748619140445328
E,0.0,0.0,0.0,0.05177238583564758,-0.054094135761260986,-0.012126814050489543,0.08181247115135193,-0.1211780309677124,-0.015105371771269915,0.06122973561286926,-0.16030490398406982,-0.021149930952006457,0.02841159701347351,-0.16300946474075317,-0.025530220417195437,0.05988946557044983,-0.18502622842788696,0.014048224838560941,0.06185761094093323,-0.2628225088119507,-0.008142603969091056,0.057230204343795776,-0.22758197784423828,-0.02720526739757645,0.05312415957450867,-0.17857062816619873,-0.035418964398914454,0.024529486894607544,-0.18834900856018066,0.01089542038936031,0.027515769004821777,-0.27154797315597534,-0.009816945006960509,0.024320155382156372,-0.22737962007522583,-0.024760260654502986,0.021943867206573486,-0.17794203758239746,-0.02864644437831032,-0.007665485143661499,-0.1847895383834839,0.003246133040747168,-0.00766909122467041,-0.2606886029243469,-0.015386862156802295,-0.0068818628787994385,-0.21175915002822876,-0.018773737771326182,-0.007690727710723877,-0.16205883026123047,-0.01432693045389044,-0.03811991214752197,-0.17074835300445557,-0.006332275865489123,-0.036137282848358154,-0.2232317328453064,-0.01692350342672455,-0.02991330623626709,-0.19149160385131836,-0.013286096451693652,-0.027197062969207764,-0.15424585342407227,-0.006601721456164
E,0.0,0.0,0.0,0.05199718475341797,-0.05447196960449219,-0.012714861768628793,0.08241137862205505,-0.12173402309417725,-0.015491796533908087,0.05940750241279602,-0.16173827648162842,-0.021029474090184408,0.02394232153892517,-0.16250336170196533,-0.0247289034233944,0.05997869372367859,-0.18599897623062134,0.013998144429777426,0.06188938021659851,-0.2647503614425659,-0.0079729369537489,0.05718395113945007,-0.22843480110168457,-0.02670510845943852,0.05343550443649292,-0.17962288856506348,-0.03468612569137974,0.02456510066986084,-0.18842869997024536,0.011078566436324877,0.027469545602798462,-0.2727411985397339,-0.009661726530040937,0.02421453595161438,-0.22620749473571777,-0.024661024908866125,0.02212446928024292,-0.17680400609970093,-0.02839401165708466,-0.008007556200027466,-0.1847570538520813,0.003648021149118108,-0.008369237184524536,-0.261882483959198,-0.015184461946930128,-0.007416218519210815,-0.21099871397018433,-0.018672728787507253,-0.007859110832214355,-0.1615164875984192,-0.01404803978964253,-0.03925168514251709,-0.17047148942947388,-0.0057203321413652475,-0.03787064552307129,-0.22428154945373535,-0.0161170101420538,-0.03134194016456604,-0.19151079654693604,-0.012204023885871607,-0.028272420167922974,-0.15416932106018066,-0.005253758623595672
E,0.0,0.0,0.0,0.0524308979511261,-0.05436438322067261,-0.013231474804243248,0.08289161324501038,-0.12191009521484375,-0.016611905666550797,0.058996349573135376,-0.16233807802200317,-0.022746264832576912,0.02376842498779297,-0.164076566696167,-0.02715392586823384,0.060508400201797485,-0.18490004539489746,0.012756193158665496,0.06268593668937683,-0.263649582862854,-0.00999129087712447,0.05813828110694885,-0.22933518886566162,-0.028951495783886116,0.05417218804359436,-0.1804068684577942,-0.03691391264136712,0.024775773286819458,-0.1878756284713745,0.009766343151667911,0.02783825993537903,-0.2732354998588562,-0.011728015626331967,0.024602174758911133,-0.228657066822052,-0.026786440881451767,0.02223294973373413,-0.17862701416015625,-0.030413923683127564,-0.007703512907028198,-0.18440300226211548,0.002209791782760817,-0.007597208023071289,-0.2617265582084656,-0.01797644597526471,-0.0067899227142333984,-0.2107468843460083,-0.021732825683912438,-0.007520586252212524,-0.16019338369369507,-0.016995221274456185,-0.03887203335762024,-0.17039018869400024,-0.007244756808987063,-0.037060439586639404,-0.22394132614135742,-0.019129825653990906,-0.03057953715324402,-0.19030976295471191,-0.015636576237639588,-0.02756667137145996,-0.1518813967704773,-0.00871483319487254
E,0.0,0.0,0.0,0.05174928903579712,-0.054905831813812256,-0.012937377685830143,0.08197677135467529,-0.12208926677703857,-0.016241485731825378,0.05944252014160156,-0.1617782711982727,-0.022259021656736877,0.025210142135620117,-0.16316741704940796,-0.026495105134472396,0.05987459421157837,-0.1861897110939026,0.013217497138157341,0.06181901693344116,-0.264035701751709,-0.009319225805029419,0.0577540397644043,-0.2295202612876892,-0.028356973560676124,0.054132044315338135,-0.1809161901473999,-0.036446623983010795,0.024476855993270874,-0.18935954570770264,0.010267429506257031,0.027078866958618164,-0.2738747000694275,-0.010805899756178405,0.024453341960906982,-0.229314386844635,-0.025753656881079223,0.022439241409301758,-0.1796831488609314,-0.029444097088799026,-0.007760375738143921,-0.1857154369354248,0.002776253955289576,-0.00798061490058899,-0.2619444727897644,-0.01674477617643788,-0.006547689437866211,-0.21175849437713623,-0.02049398656390622,-0.0069915056228637695,-0.1618657112121582,-0.015935766058191803,-0.038446396589279175,-0.17134684324264526,-0.006623101433888223,-0.03686422109603882,-0.2237999439239502,-0.017980248214826133,-0.029945939779281616,-0.19075417518615723,-0.0145417717417331,-0.026728004217147827,-0.15293127298355103,-0.007763158077523258
E,0.0,0.0,0.0,0.051388710737228394,-0.053349077701568604,-0.012740878545145051,0.08249011635780334,-0.11998635530471802,-0.015817115240196244,0.0614342987537384,-0.16043388843536377,-0.021675598033169763,0.029187679290771484,-0.16635209321975708,-0.025647122569779413,0.06170979142189026,-0.1859777569770813,0.014621174737413867,0.06338021159172058,-0.2634454369544983,-0.00767579271311547,0.0588095486164093,-0.22951847314834595,-0.026673864730099694,0.05492475628852844,-0.18061989545822144,-0.03469522126803781,0.025845348834991455,-0.1892697811126709,0.011903632275362952,0.028100669384002686,-0.27288615703582764,-0.009421982027987497,0.025007426738739014,-0.2281026840209961,-0.024690637521842973,0.02285143733024597,-0.1779361367225647,-0.028425958164433496,-0.006526082754135132,-0.18564319610595703,0.004621434334268315,-0.007089883089065552,-0.26071733236312866,-0.015211342059473054,-0.006011009216308594,-0.21050411462783813,-0.01895295658002283,-0.006413549184799194,-0.16048258543014526,-0.014320501283208387,-0.03720414638519287,-0.17124271392822266,-0.004519424558083074,-0.03576728701591492,-0.22259294986724854,-0.01646695860515024,-0.029669374227523804,-0.18857496976852417,-0.013172005460063474,-0.026551485061645508,-0.15063369274139404,-0.006297161028186338
E,0.0,0.0,0.0,0.05240291357040405,-0.05103975534439087,-0.013361917398157175,0.08420199155807495,-0.11807799339294434,-0.016729955150964315,0.06141549348831177,-0.1595766544342041,-0.02253676444220787,0.026812613010406494,-0.16276931762695312,-0.026521785705568846,0.061409175395965576,-0.185802161693573,0.0123497484631514,0.06307286024093628,-0.2639407515525818,-0.009488132371785696,0.05911374092102051,-0.2310105562210083,-0.02786393888223415,0.056461334228515625,-0.18346929550170898,-0.035769241451504286,0.025707513093948364,-0.18902623653411865,0.009760504067656939,0.028266936540603638,-0.27380359172821045,-0.011158959529581125,0.025607049465179443,-0.2305126190185547,-0.025842285304548795,0.024029940366744995,-0.18145591020584106,-0.029392084627630766,-0.0064886510372161865,-0.1850806474685669,0.0027599643829887555,-0.007212430238723755,-0.2602960467338562,-0.016778639107229765,-0.006086409091949463,-0.21165454387664795,-0.02034547604549175,-0.006201386451721191,-0.16292262077331543,-0.01582325301993137,-0.03699028491973877,-0.17032557725906372,-0.006117000765385683,-0.036025047302246094,-0.22268891334533691,-0.017977735548498686,-0.029976338148117065,-0.18949222564697266,-0.014723393655600603,-0.026771634817123413,-0.15190821886062622,-0.008104011005940492
E,0.0,0.0,0.0,0.05270785093307495,-0.05299949645996094,-0.013699206501016192,0.08373597264289856,-0.1199762225151062,-0.0167583310750814,0.05960783362388611,-0.16137629747390747,-0.022163924738535457,0.022938966751098633,-0.16351395845413208,-0.025783454045424037,0.060685545206069946,-0.1873062252998352,0.013579268962374158,0.062473565340042114,-0.2655370235443115,-0.008022706001767688,0.0599571168422699,-0.23312067985534668,-0.026752107754120402,0.05772218108177185,-0.1865776777267456,-0.03493571931100803,0.025485515594482422,-0.1899372935295105,0.011029711947074361,0.029163241386413574,-0.2757744789123535,-0.009283526777991824,0.02733093500137329,-0.23182249069213867,-0.024593447312483363,0.025331199169158936,-0.1832394003868103,-0.028791035502919726,-0.0072546303272247314,-0.18571418523788452,0.003953045722326465,-0.007232040166854858,-0.26313620805740356,-0.015312957554826312,-0.005495041608810425,-0.21357125043869019,-0.019606704801091723,-0.005938410758972168,-0.16465801000595093,-0.015640624776253276,-0.03886216878890991,-0.1704961657524109,-0.005055453605720572,-0.03653237223625183,-0.2243974208831787,-0.016529056221017413,-0.02951309084892273,-0.1912408471107483,-0.013346618018815093,-0.02671438455581665,-0.15326929092407227,-0.0069203898084850834
E,0.0,0.0,0.0,0.05318257212638855,-0.05045497417449951,-0.014213620354112777,0.084771066904068,-0.1165362000465393,-0.018177765090641174,0.06195375323295593,-0.1565653681755066,-0.0245781565501062,0.026584595441818237,-0.15957129001617432,-0.02934877820747772,0.060730427503585815,-0.18588614463806152,0.010903291735175458,0.06172707676887512,-0.26510941982269287,-0.012169181969639453,0.059854596853256226,-0.23432642221450806,-0.031465866272029075,0.05840703845024109,-0.188307523727417,-0.03984428629713932,0.02550247311592102,-0.18795526027679443,0.007945687841001359,0.028876155614852905,-0.27446120977401733,-0.014601052407797965,0.02737775444984436,-0.2298240065574646,-0.03046311311858574,0.0256766676902771,-0.18008023500442505,-0.03459557950931469,-0.007355868816375732,-0.18391984701156616,0.0004644223189274044,-0.006640255451202393,-0.2632442116737366,-0.02075207665997425,-0.005370229482650757,-0.21248257160186768,-0.025233306591090354,-0.006078869104385376,-0.16198331117630005,-0.020934252668794784,-0.03867447376251221,-0.1691264510154724,-0.008926358674344215,-0.036677807569503784,-0.22314053773880005,-0.021814359952387008,-0.030344635248184204,-0.18974369764328003,-0.019060515467700156,-0.028112679719924927,-0.15137070417404175,-0.012679068972047958
E,0.0,0.0,0.0,0.05521795153617859,-0.05013805627822876,-0.013870590599154298,0.0884142816066742,-0.11615073680877686,-0.017665317514811818,0.06645479798316956,-0.15700775384902954,-0.02397259720591194,0.030105769634246826,-0.1605851650238037,-0.028701955685292546,0.061813563108444214,-0.1839953064918518,0.010038707172597583,0.06384918093681335,-0.26456719636917114,-0.013508609728788201,0.06202307343482971,-0.23322665691375732,-0.032864365959440534,0.06001541018486023,-0.18652474880218506,-0.04115725331929809,0.026404082775115967,-0.1868334412574768,0.007035760907555755,0.03015989065170288,-0.27543187141418457,-0.015687899896775548,0.029118508100509644,-0.2300451397895813,-0.03127678506997711,0.027713805437088013,-0.1797766089439392,-0.035158533835684125,-0.006447702646255493,-0.18321895599365234,-0.0003860046562209618,-0.005320459604263306,-0.2640555500984192,-0.021419281372700993,-0.0037923455238342285,-0.2124454379081726,-0.025146566564117734,-0.004261583089828491,-0.16165882349014282,-0.020340306917105977,-0.038207560777664185,-0.1689894199371338,-0.009695250773702924,-0.0349486768245697,-0.22368603944778442,-0.022076912457023923,-0.028072446584701538,-0.1909722089767456,-0.018770598107849423,-0.02546742558479309,-0.15286141633987427,-0.012034464860235516
E,0.0,0.0,0.0,0.05499386787414551,-0.05002254247665405,-0.014042454932578607,0.08964800834655762,-0.11600661277770996,-0.017630911593087717,0.06774169206619263,-0.15759968757629395,-0.023542323310621782,0.029246747493743896,-0.15885204076766968,-0.027734241609223886,0.06250327825546265,-0.1853840947151184,0.010626210670224623,0.06480354070663452,-0.2659018039703369,-0.012264472593315645,0.06273460388183594,-0.23376721143722534,-0.031244925384172006,0.061025381088256836,-0.18734395503997803,-0.039477653030999704,0.027360588312149048,-0.18753266334533691,0.007729968826524214,0.0316220223903656,-0.27663397789001465,-0.01386138812894444,0.029642969369888306,-0.23063874244689941,-0.028863423664816423,0.027900218963623047,-0.18144989013671875,-0.0327204346402965,-0.005361437797546387,-0.1833038330078125,0.00036074501905147827,-0.003862708806991577,-0.26439565420150757,-0.01974601407790999,-0.00302925705909729,-0.21357423067092896,-0.023259478782065912,-0.0038290321826934814,-0.16422361135482788,-0.018703607071884676,-0.03728780150413513,-0.16861492395401,-0.008972577911563917,-0.033456951379776,-0.22417813539505005,-0.020423536349781557,-0.0270766019821167,-0.19146794080734253,-0.016763297070511385,-0.024984121322631836,-0.15381771326065063,-0.010142564003118082
E,0.0,0.0,0.0,0.05553668737411499,-0.050090134143829346,-0.013505226155061223,0.09115183353424072,-0.11522454023361206,-0.01739723157628248,0.06695395708084106,-0.15518242120742798,-0.023940482330758073,0.02676403522491455,-0.15263807773590088,-0.0288805134270973,0.06183755397796631,-0.18718057870864868,0.011205196226697467,0.06390202045440674,-0.2674192190170288,-0.011781954360444047,0.06212741136550903,-0.23432868719100952,-0.030837624487716653,0.06100553274154663,-0.18807768821716309,-0.039163473216135,0.026430726051330566,-0.18836677074432373,0.00768249093995621,0.030827850103378296,-0.2771555781364441,-0.014647598532278039,0.029431253671646118,-0.23040246963500977,-0.030047024754125573,0.028202533721923828,-0.1801530122756958,-0.03388456922515104,-0.005977362394332886,-0.1836007833480835,-0.0002510723800099868,-0.0042147040367126465,-0.2653329372406006,-0.020634067398745515,-0.0027486085891723633,-0.2142096757888794,-0.02407239486022661,-0.003281533718109131,-0.1638811230659485,-0.01914848123236368,-0.03708428144454956,-0.16854876279830933,-0.01015177477641771,-0.03322914242744446,-0.2244398593902588,-0.021190510285336472,-0.026215672492980957,-0.19279944896697998,-0.017218369213182427,-0.023929059505462646,-0.15540462732315063,-0.010272880238730409
E,0.0,0.0,0.0,0.05519193410873413,-0.04972332715988159,-0.014410159973635928,0.09008657932281494,-0.1136099100112915,-0.019197329370513216,0.0610814094543457,-0.1527644395828247,-0.026356350122227923,0.018861830234527588,-0.15149861574172974,-0.031832821158900515,0.0611456036567688,-0.1874936819076538,0.009125336581632837,0.06419920921325684,-0.2684090733528137,-0.01362235327644612,0.06210923194885254,-0.23241198062896729,-0.03198334523870017,0.06009429693222046,-0.18660205602645874,-0.03998601013256575,0.025974184274673462,-0.18783563375473022,0.005969500677451833,0.03021395206451416,-0.27754634618759155,-0.01565265790952708,0.028829216957092285,-0.2291172742843628,-0.0302498186512139,0.027152717113494873,-0.17938542366027832,-0.03390422785116698,-0.00613933801651001,-0.18240636587142944,-0.0015906140480410613,-0.004432022571563721,-0.2655603885650635,-0.021746245635881678,-0.0020639896392822266,-0.21415287256240845,-0.02474691481722857,-0.003134220838546753,-0.1643897294998169,-0.019723707301750437,-0.03800994157791138,-0.1674167513847351,-0.011121151460542933,-0.03270941972732544,-0.22621369361877441,-0.02232403629852797,-0.024933218955993652,-0.19383782148361206,-0.018000358207359568,-0.0235559344291687,-0.15583139657974243,-0.010877177542283789
E,0.0,0.0,0.0,0.0558951199054718,-0.0488620400428772,-0.015060950480958013,0.09007027745246887,-0.11171019077301025,-0.02006309241112092,0.05871811509132385,-0.14986252784729004,-0.027466032133062868,0.01499447226524353,-0.14749884605407715,-0.0331725025927625,0.05996021628379822,-0.18829989433288574,0.010166672579387637,0.06418129801750183,-0.2681068181991577,-0.012639330179055719,0.0633523166179657,-0.23194599151611328,-0.031038307995160608,0.060615986585617065,-0.186173677444458,-0.03888753749485829,0.025424301624298096,-0.1889188289642334,0.007347316536495896,0.02964651584625244,-0.27784180641174316,-0.01456826966311553,0.02913743257522583,-0.2277938723564148,-0.029549158588608293,0.026888728141784668,-0.17720425128936768,-0.03313787974472859,-0.0061934590339660645,-0.18353527784347534,-3.796914022302644e-05,-0.004215896129608154,-0.2662833333015442,-0.02103941462989667,-0.0013350248336791992,-0.21355795860290527,-0.02487987600322583,-0.0030405521392822266,-0.16271919012069702,-0.019867676720579652,-0.03790551424026489,-0.16844075918197632,-0.009336707592566995,-0.03243348002433777,-0.22714996337890625,-0.021123226211031465,-0.024142682552337646,-0.19421929121017456,-0.017302086055835275,-0.023026376962661743,-0.15547096729278564,-0.010228724629243402
E,0.0,0.0,0.0,0.055535703897476196,-0.04776787757873535,-0.014419452701829982,0.09017530083656311,-0.11094993352890015,-0.019104670216464115,0.060298651456832886,-0.14934653043746948,-0.026347506274603916,0.018271535634994507,-0.14897441864013672,-0.031874630083464695,0.059785693883895874,-0.18738508224487305,0.010092726494050908,0.06404241919517517,-0.2670176029205322,-0.01277416240903051,0.06329259276390076,-0.23081403970718384,-0.031000565220736576,0.06007370352745056,-0.1846858263015747,-0.03866809182348163,0.025416940450668335,-0.18769079446792603,0.007042031320608544,0.030081123113632202,-0.27578628063201904,-0.015234059137426925,0.029521167278289795,-0.22481471300125122,-0.030176227395557476,0.02655169367790222,-0.17408263683319092,-0.03370818816604526,-0.006138890981674194,-0.18270230293273926,-0.0005123423832884555,-0.0035030245780944824,-0.2659132480621338,-0.02202576905968101,-0.0008734166622161865,-0.21240532398223877,-0.02593865380170257,-0.0031640827655792236,-0.16089916229248047,-0.02093578450860889,-0.03775551915168762,-0.1682773232460022,-0.009862140235625816,-0.03235933184623718,-0.22689932584762573,-0.022193751712464405,-0.024713367223739624,-0.19356173276901245,-0.018682289351843906,-0.024093657732009888,-0.15491372346878052,-0.011793283228897167
E,0.0,0.0,0.0,0.05615606904029846,-0.04688006639480591,-0.015230762493686711,0.08993545174598694,-0.11016666889190674,-0.020452311915235555,0.05970993638038635,-0.14678561687469482,-0.028381869849638974,0.017945140600204468,-0.14555317163467407,-0.03480205005116943,0.06013044714927673,-0.18775206804275513,0.01036411924205538,0.06334444880485535,-0.26606887578964233,-0.013143984322326219,0.06357327103614807,-0.23120450973510742,-0.03219506954856399,0.0612463653087616,-0.1847408413887024,-0.040284574684577024,0.024869471788406372,-0.1887463927268982,0.007522526941372121,0.029798924922943115,-0.27584683895111084,-0.016190022882895505,0.03007274866104126,-0.2256622314453125,-0.03248734837480072,0.027430832386016846,-0.17392641305923462,-0.036430828926043546,-0.007106512784957886,-0.1837671995162964,9.307232748767547e-05,-0.003771573305130005,-0.2644180655479431,-0.022528676968889272,-0.0011182427406311035,-0.21123731136322021,-0.027496739012079274,-0.0035386979579925537,-0.15948224067687988,-0.022751419526414907,-0.0383836030960083,-0.16892874240875244,-0.00915953395970348,-0.03164029121398926,-0.22705286741256714,-0.02191486647434715,-0.02432224154472351,-0.19356173276901245,-0.018746723142342603,-0.023816466331481934,-0.1545085906982422,-0.011922046263592279
E,0.0,0.0,0.0,0.05587571859359741,-0.04667741060256958,-0.01580862830087426,0.09010899066925049,-0.11219322681427002,-0.02096603194877389,0.0640794038772583,-0.14976757764816284,-0.02862238268062356,0.025646597146987915,-0.15208643674850464,-0.03465040157243493,0.0593222975730896,-0.18905115127563477,0.009746018436999293,0.06311190128326416,-0.26747840642929077,-0.014679185474960832,0.06487077474594116,-0.23232144117355347,-0.03426909948393586,0.06338334083557129,-0.18454593420028687,-0.04237837846085313,0.025060921907424927,-0.19045835733413696,0.0071075848427426536,0.030878692865371704,-0.27714869379997253,-0.017407442803232698,0.03241324424743652,-0.2253124713897705,-0.0335734052459884,0.029908210039138794,-0.17228877544403076,-0.03709910566612962,-0.006656169891357422,-0.18582814931869507,-0.00027867765675182454,-0.002203702926635742,-0.2666628360748291,-0.02348799573883298,0.0016295909881591797,-0.21156436204910278,-0.02797911445304635,-0.0003007650375366211,-0.1585724949836731,-0.02272956016167882,-0.03823578357696533,-0.17058348655700684,-0.009591975609509973,-0.030555009841918945,-0.22819572687149048,-0.023444365138857393,-0.02250850200653076,-0.19319701194763184,-0.020414446840732126,-0.021883875131607056,-0.1529969573020935,-0.013375002319662599
E,0.0,0.0,0.0,0.056274861097335815,-0.04838383197784424,-0.014506814918675559,0.09130379557609558,-0.11352801322937012,-0.019192977725722926,0.06606248021125793,-0.1555609107017517,-0.02680807459280743,0.028611063957214355,-0.16524887084960938,-0.032712559133031505,0.060532182455062866,-0.18854308128356934,0.01114957974179731,0.06426844000816345,-0.26939553022384644,-0.012513481929161685,0.06453803181648254,-0.2338275909423828,-0.03127797591612591,0.062345415353775024,-0.18559378385543823,-0.03896066445038571,0.02531459927558899,-0.19025403261184692,0.00847806044741617,0.03012186288833618,-0.2787392735481262,-0.015569181098797458,0.030545413494110107,-0.22631913423538208,-0.031169508501150744,0.028599262237548828,-0.17378276586532593,-0.034360277383783,-0.006249368190765381,-0.18613487482070923,0.0012101267592896647,-0.002520740032196045,-0.26702451705932617,-0.021454307167985576,0.00018310546875,-0.21255284547805786,-0.025140519171216624,-0.0015429556369781494,-0.15982574224472046,-0.019477819009878772,-0.03756040334701538,-0.17238473892211914,-0.007890589452543395,-0.02933710813522339,-0.22980433702468872,-0.021286754786231654,-0.021940499544143677,-0.1955094337463379,-0.018078074707844394,-0.020925313234329224,-0.15577739477157593,-0.01092031776086344
E,0.0,0.0,0.0,0.056854307651519775,-0.048665761947631836,-0.014123913070591243,0.09199315309524536,-0.11319929361343384,-0.018126134930582793,0.0657205581665039,-0.15311431884765625,-0.02506121730658606,0.026094138622283936,-0.15797871351242065,-0.030349503441186698,0.058847784996032715,-0.19059216976165771,0.012716223315862862,0.06241267919540405,-0.2707671523094177,-0.010845482519300731,0.06321704387664795,-0.23470455408096313,-0.029817202298374923,0.060865938663482666,-0.18665635585784912,-0.037496167404981406,0.023698091506958008,-0.19125312566757202,0.009854622015325276,0.027899742126464844,-0.27897822856903076,-0.0140630408957918,0.02852889895439148,-0.2254418134689331,-0.030068534596296104,0.026123404502868652,-0.17209070920944214,-0.03344004152569369,-0.008263438940048218,-0.1866397261619568,0.0023316178168784063,-0.004207432270050049,-0.26729440689086914,-0.02063706068548754,-0.0013831555843353271,-0.21191000938415527,-0.024977141229840072,-0.0038712620735168457,-0.15852749347686768,-0.019404965622754844,-0.039900124073028564,-0.17244213819503784,-0.0069290745839794,-0.03212463855743408,-0.2316616177558899,-0.020042107610436233,-0.024625658988952637,-0.19697701930999756,-0.016581914557548316,-0.024248749017715454,-0.15688079595565796,-0.009157692252131255
E,0.0,0.0,0.0,0.05625841021537781,-0.04754984378814697,-0.013770770199755589,0.09253230690956116,-0.11223161220550537,-0.017746598377982536,0.0699627697467804,-0.1537773609161377,-0.024743555963198105,0.03422701358795166,-0.1642957329750061,-0.02993656966106073,0.05983784794807434,-0.19163036346435547,0.012913374312063297,0.06404456496238708,-0.2705037593841553,-0.010212946601370732,0.06342151761054993,-0.23085248470306396,-0.02895383435503618,0.05986538529396057,-0.18189465999603271,-0.036649406805793205,0.02451568841934204,-0.19271844625473022,0.010170096613308033,0.028891772031784058,-0.27903857827186584,-0.013331908650854984,0.029808759689331055,-0.2238582968711853,-0.029000108048478523,0.027574539184570312,-0.17048102617263794,-0.03227869506196157,-0.007068663835525513,-0.18823903799057007,0.002881665563052138,-0.0036843419075012207,-0.2677946090698242,-0.019318022683421532,-9.97781753540039e-05,-0.21162545680999756,-0.022761131555000702,-0.0020721852779388428,-0.15837395191192627,-0.016932549804607788,-0.03819301724433899,-0.17414367198944092,-0.00617673426137344,-0.030365735292434692,-0.23241174221038818,-0.019152707338491837,-0.022501379251480103,-0.1969534158706665,-0.015456894330839077,-0.02191445231437683,-0.15714997053146362,-0.00792768123761789
E,0.0,0.0,0.0,0.056403011083602905,-0.04683709144592285,-0.01406353482468603,0.09331229329109192,-0.11180496215820312,-0.018226786083118895,0.07137283682823181,-0.15445804595947266,-0.025284188366072158,0.035692065954208374,-0.166439950466156,-0.030383492386476973,0.06081286072731018,-0.19222724437713623,0.012342520491642972,0.06505569815635681,-0.2709389328956604,-0.010889545580880622,0.06394842267036438,-0.23012059926986694,-0.02934187886728523,0.05994024872779846,-0.18141639232635498,-0.036776701486246566,0.025519639253616333,-0.1936669945716858,0.009795634509487172,0.029777854681015015,-0.2799399793148041,-0.013884740448133925,0.030472785234451294,-0.22373175621032715,-0.02898185004903553,0.0280856192111969,-0.1701717972755432,-0.03169539806856392,-0.0060742199420928955,-0.18928956985473633,0.002702660826457759,-0.00266304612159729,-0.2682497501373291,-0.01992519622160671,0.0008383691310882568,-0.2107776403427124,-0.022710599503056983,-0.0011304914951324463,-0.1572936773300171,-0.016195912411944846,-0.037337154150009155,-0.1754963994026184,-0.006153359110044221,-0.029458820819854736,-0.23355525732040405,-0.019734990349547843,-0.02167266607284546,-0.19678634405136108,-0.01581072670830963,-0.021043628454208374,-0.15649491548538208,-0.007856294079260806
E,0.0,0.0,0.0,0.05612325668334961,-0.048925936222076416,-0.013078307436373393,0.09252583980560303,-0.11356133222579956,-0.016737767198648612,0.07019233703613281,-0.15571081638336182,-0.02343972277041928,0.03306618332862854,-0.16630572080612183,-0.02826763194200055,0.059088945388793945,-0.19409853219985962,0.01386280853155597,0.06387358903884888,-0.27339649200439453,-0.008621427865293185,0.06376856565475464,-0.23269712924957275,-0.02706063229736344,0.05987364053726196,-0.18466472625732422,-0.03465991530713097,0.024172276258468628,-0.1955999732017517,0.010913942305776914,0.02902159094810486,-0.2820638120174408,-0.011427372397449176,0.030518680810928345,-0.22652578353881836,-0.02655149687227265,0.027850568294525146,-0.1738629937171936,-0.029730210715499084,-0.0072651207447052,-0.19123083353042603,0.003493054833668907,-0.0036080479621887207,-0.27114593982696533,-0.017765254417028586,0.00033846497535705566,-0.214616596698761,-0.02073916297551648,-0.0020844340324401855,-0.16194897890090942,-0.01480488263216273,-0.03859683871269226,-0.17729204893112183,-0.005658610427346389,-0.030352652072906494,-0.2363545298576355,-0.018223599234190146,-0.022105246782302856,-0.19973814487457275,-0.014056373091008822,-0.02164199948310852,-0.15904700756072998,-0.006191331130978028
E,0.0,0.0,0.0,0.05654504895210266,-0.047890305519104004,-0.013492519491535404,0.0938551127910614,-0.11220026016235352,-0.01737852812669871,0.0713053047657013,-0.15443021059036255,-0.024178047188740948,0.034779757261276245,-0.16472333669662476,-0.028953819059950092,0.05973502993583679,-0.1926271915435791,0.013157591699439308,0.06468865275382996,-0.27304452657699585,-0.00979915306828616,0.06445613503456116,-0.2313268780708313,-0.028358327680450657,0.05982169508934021,-0.18238872289657593,-0.035927514069896915,0.02450472116470337,-0.19381475448608398,0.010377365640181324,0.028994202613830566,-0.28170356154441833,-0.012587309339266994,0.03049767017364502,-0.2250657081604004,-0.027852714517337063,0.0274258553981781,-0.1714763045310974,-0.030984634989124515,-0.006957322359085083,-0.18951749801635742,0.0030899625372171613,-0.0034767091274261475,-0.26957011222839355,-0.01861337990425227,0.0004533231258392334,-0.21235716342926025,-0.021567445703965404,-0.002126753330230713,-0.15933889150619507,-0.01552396965138314,-0.03805473446846008,-0.17589688301086426,-0.005949464150887707,-0.03002944588661194,-0.23442065715789795,-0.018563470327478626,-0.022101789712905884,-0.1973157525062561,-0.014398777381700256,-0.02189972996711731,-0.15694230794906616,-0.006594595023614147
E,0.0,0.0,0.0,0.05610644817352295,-0.04898536205291748,-0.012138879294369076,0.09258019924163818,-0.11248880624771118,-0.015217158379826401,0.06949913501739502,-0.15482670068740845,-0.021591505403492306,0.032685935497283936,-0.163843035697937,-0.026144830877754544,0.058297574520111084,-0.19207525253295898,0.015426191133585121,0.06319689750671387,-0.2723585367202759,-0.006753314188543413,0.0637543797492981,-0.2321171760559082,-0.025051370630833958,0.05945390462875366,-0.18375253677368164,-0.03249314650413737,0.023458331823349,-0.19286322593688965,0.012183006485130932,0.02767735719680786,-0.2799602150917053,-0.00980745944646344,0.030007988214492798,-0.2244662046432495,-0.02484491317984805,0.02696782350540161,-0.1715637445449829,-0.02806882597026572,-0.007625311613082886,-0.18837183713912964,0.004472304233487989,-0.003926664590835571,-0.2693134546279907,-0.016697353119823788,0.0006576180458068848,-0.2125290036201477,-0.019636374334666584,-0.0022830069065093994,-0.15928304195404053,-0.01366023290422902,-0.038772791624069214,-0.1744878888130188,-0.004900617427054499,-0.03091287612915039,-0.2344411015510559,-0.017248049746129368,-0.022307097911834717,-0.19818395376205444,-0.012994508626732681,-0.022217631340026855,-0.1578163504600525,-0.0051236305337880594
E,0.0,0.0,0.0,0.05658033490180969,-0.04825735092163086,-0.012742391846259693,0.09332099556922913,-0.11264985799789429,-0.01595194923051224,0.07192352414131165,-0.15421026945114136,-0.02242403203912602,0.03649383783340454,-0.16429030895233154,-0.026941857359489063,0.060038357973098755,-0.19271844625473022,0.015374481619218727,0.06469753384590149,-0.27298372983932495,-0.006982821098645786,0.06441107392311096,-0.2310171127319336,-0.02524194220372067,0.059902340173721313,-0.18215495347976685,-0.032639899349888424,0.025050729513168335,-0.19383925199508667,0.012536894471267601,0.029170095920562744,-0.2804432511329651,-0.010076628125389675,0.03071644902229309,-0.2239057421684265,-0.025313091523130993,0.027934551239013672,-0.1708439588546753,-0.028447560093482593,-0.006171166896820068,-0.18952703475952148,0.005142545268753906,-0.0027964413166046143,-0.2696506381034851,-0.016379426292260746,0.0011591613292694092,-0.21280008554458618,-0.01948181825049744,-0.0012698471546173096,-0.15944278240203857,-0.013490516751190285,-0.03701275587081909,-0.1758708953857422,-0.003973248473485569,-0.02924671769142151,-0.23475641012191772,-0.01666366966732369,-0.02129015326499939,-0.19832301139831543,-0.012828785984893898,-0.020909219980239868,-0.15796500444412231,-0.005174147955258945
E,0.0,0.0,0.0,0.05695804953575134,-0.04907023906707764,-0.012505329125971798,0.0926525890827179,-0.11309975385665894,-0.016116734506042008,0.06652489304542542,-0.15439695119857788,-0.023046219633371834,0.026833176612854004,-0.16097497940063477,-0.028319587842972282,0.05900999903678894,-0.19294196367263794,0.014180837287156578,0.0633988082408905,-0.2735673189163208,-0.007999617518336777,0.06334498524665833,-0.2327946424484253,-0.02604072718456507,0.05921843647956848,-0.1843883991241455,-0.03342084205284834,0.023972302675247192,-0.19393348693847656,0.010782158090322014,0.028623133897781372,-0.2813080847263336,-0.011269587935359482,0.02995184063911438,-0.2253803014755249,-0.02599013029173136,0.026865094900131226,-0.1725490689277649,-0.02901912285521746,-0.007529556751251221,-0.1895158886909485,0.0029342228961724004,-0.0034634768962860107,-0.2713056206703186,-0.01831040895119429,7.63237476348877e-05,-0.21429795026779175,-0.021008348004372124,-0.003007262945175171,-0.16081565618515015,-0.0149029511077714,-0.039138585329055786,-0.17585355043411255,-0.0065945586240303555,-0.030983299016952515,-0.23685449361801147,-0.018990885378272537,-0.023013770580291748,-0.20005106925964355,-0.014482961879522804,-0.022950738668441772,-0.15857887268066406,-0.006487263278515343
E,0.0,0.0,0.0,0.05677837133407593,-0.04866683483123779,-0.013939135339370523,0.09239792823791504,-0.11293810606002808,-0.01803422868650273,0.06565165519714355,-0.1542014479637146,-0.025084187839439664,0.025273263454437256,-0.16019505262374878,-0.030293613303712164,0.05860370397567749,-0.19447028636932373,0.013772574621924605,0.06311404705047607,-0.2750204801559448,-0.008610747386029516,0.06325274705886841,-0.23404663801193237,-0.026993708316496168,0.05939435958862305,-0.18584829568862915,-0.03464770280223206,0.023958951234817505,-0.1952032446861267,0.011069567311295714,0.0285225510597229,-0.28238359093666077,-0.011069697890690122,0.029712677001953125,-0.2263578176498413,-0.026170607287696157,0.0267658531665802,-0.1739823818206787,-0.029538901154211317,-0.007571190595626831,-0.1905674934387207,0.003747406784185614,-0.0038585662841796875,-0.2722967863082886,-0.017642618719747816,-0.00048217177391052246,-0.21543759107589722,-0.02076683156590775,-0.0033839046955108643,-0.16196894645690918,-0.014975349050274644,-0.03939861059188843,-0.17683225870132446,-0.0053852122316868645,-0.03138729929924011,-0.23739612102508545,-0.017830179635694776,-0.023530930280685425,-0.20057308673858643,-0.013649088893345152,-0.023385703563690186,-0.15935754776000977,-0.00595929250519589
E,0.0,0.0,0.0,0.05763360857963562,-0.048789024353027344,-0.013153769636758739,0.09341666102409363,-0.11215066909790039,-0.01656803358555692,0.06780055165290833,-0.15570449829101562,-0.02292181235016244,0.02850973606109619,-0.16388338804244995,-0.027410796473034793,0.05830708146095276,-0.1936091184616089,0.013725127463928288,0.06368723511695862,-0.27430570125579834,-0.007900754550703937,0.06430891156196594,-0.23304462432861328,-0.02567592505575078,0.0604226291179657,-0.18613135814666748,-0.033151386866578036,0.024206995964050293,-0.19483786821365356,0.010954201591900414,0.02954709529876709,-0.2824575901031494,-0.010512914138146812,0.031188368797302246,-0.22617310285568237,-0.024947617763885432,0.02783602476119995,-0.17447853088378906,-0.028095203081377917,-0.006926357746124268,-0.19051772356033325,0.0037557453827474774,-0.0033856332302093506,-0.2728613018989563,-0.017010307500370914,1.8537044525146484e-05,-0.21576207876205444,-0.019306876326211864,-0.0032174289226531982,-0.1629236936569214,-0.013228204662212306,-0.03880023956298828,-0.17687922716140747,-0.005185389055171186,-0.030957847833633423,-0.23733645677566528,-0.01721485946536916,-0.02334555983543396,-0.20067667961120605,-0.012598760986932689,-0.02355208992958069,-0.1599544882774353,-0.0047587101368691265
E,0.0,0.0,0.0,0.05724489688873291,-0.04904085397720337,-0.0141439895030544,0.09393411874771118,-0.11263424158096313,-0.018787416711120386,0.06813704967498779,-0.1544538140296936,-0.026466711505918283,0.0285966694355011,-0.16168749332427979,-0.03232110951807954,0.0589408278465271,-0.19580650329589844,0.01259637429598115,0.06463950872421265,-0.27532958984375,-0.010412578552632112,0.06584811210632324,-0.2338804006576538,-0.02920124408569791,0.06179499626159668,-0.18616729974746704,-0.037015545263557215,0.02454867959022522,-0.19710403680801392,0.009899805218310576,0.0302199125289917,-0.28447258472442627,-0.013098015531568308,0.03291389346122742,-0.22878319025039673,-0.028646652668385286,0.029768645763397217,-0.17604416608810425,-0.0321056350019262,-0.00637584924697876,-0.19243359565734863,0.002716752153219204,-0.00264894962310791,-0.2740057110786438,-0.01908248391714551,0.0017035305500030518,-0.21737933158874512,-0.022160559042958994,-0.0012725591659545898,-0.16375213861465454,-0.016159837215809603,-0.03797590732574463,-0.1785227656364441,-0.00626632905346014,-0.030134230852127075,-0.23824596405029297,-0.018744911148814936,-0.02201378345489502,-0.20318859815597534,-0.014521838247446794,-0.022048085927963257,-0.1628810167312622,-0.0066689519096598815
E,0.0,0.0,0.0,0.05632913112640381,-0.04879188537597656,-0.013856716793128498,0.09248107671737671,-0.11308157444000244,-0.018471539359637745,0.06629854440689087,-0.15524572134017944,-0.025961688127466687,0.026111990213394165,-0.16267675161361694,-0.03164393674964572,0.056985676288604736,-0.19650799036026,0.010720491070202343,0.0626990795135498,-0.27710193395614624,-0.01203322910154725,0.06425458192825317,-0.23398298025131226,-0.03053587895269061,0.06001657247543335,-0.18600994348526,-0.03834164362783099,0.022584080696105957,-0.19760966300964355,0.007793482519588224,0.02858009934425354,-0.2856025695800781,-0.014460717666992196,0.032046884298324585,-0.2283264398574829,-0.0295092001223054,0.028369665145874023,-0.17579877376556396,-0.03307779353494311,-0.008456766605377197,-0.19269615411758423,0.0005940778166007021,-0.004739731550216675,-0.2751203179359436,-0.020280098881670483,0.000571906566619873,-0.21765434741973877,-0.02283340912694598,-0.0027896761894226074,-0.16462647914886475,-0.0170355088674512,-0.04013407230377197,-0.17824029922485352,-0.00837902572388316,-0.032197773456573486,-0.24019211530685425,-0.020455016162344464,-0.023162782192230225,-0.20376348495483398,-0.015849788080998906,-0.023358970880508423,-0.16265010833740234,-0.008048077453025826
E,0.0,0.0,0.0,0.056156814098358154,-0.049559056758880615,-0.01317399752835513,0.09262412786483765,-0.1160738468170166,-0.017463134727876195,0.06954866647720337,-0.1584605574607849,-0.024817148349683293,0.03266140818595886,-0.1682041883468628,-0.030257482207815656,0.05848151445388794,-0.1979030966758728,0.011535295159120551,0.06339788436889648,-0.2770575284957886,-0.011847369499008664,0.06479495763778687,-0.2331973910331726,-0.03072647576729537,0.06122255325317383,-0.1845836043357849,-0.03868377035061599,0.023254990577697754,-0.19890761375427246,0.008114914283652297,0.028540611267089844,-0.2872982919216156,-0.015074527017276296,0.032213181257247925,-0.22988563776016235,-0.03022886452774287,0.0295427143573761,-0.1763893961906433,-0.033488547555606374,-0.008317649364471436,-0.1933833360671997,0.00037906280093125133,-0.005336582660675049,-0.27487725019454956,-0.021127164490025052,0.0005439817905426025,-0.2169671654701233,-0.02315970895389796,-0.0016106069087982178,-0.16369205713272095,-0.016727958000700482,-0.03971615433692932,-0.17787140607833862,-0.009120065845053205,-0.03214666247367859,-0.23868721723556519,-0.021450691051285276,-0.02278837561607361,-0.20251625776290894,-0.0165748411188531,-0.022246748208999634,-0.1622985601425171,-0.008419116153817185
E,0.0,0.0,0.0,0.05710256099700928,-0.05027580261230469,-0.011929902566166106,0.09268248081207275,-0.11458754539489746,-0.01590557241955537,0.07028478384017944,-0.15681582689285278,-0.02326292576411504,0.033324867486953735,-0.16598540544509888,-0.028898278569371882,0.05759429931640625,-0.19739103317260742,0.01280540475478631,0.06225097179412842,-0.27732592821121216,-0.010058585872442904,0.06374317407608032,-0.23412948846817017,-0.02880225176134843,0.06056034564971924,-0.18594878911972046,-0.03673713686087865,0.022904008626937866,-0.19884568452835083,0.0089116512410925,0.028346329927444458,-0.2874937355518341,-0.013698960972519103,0.031787991523742676,-0.23078548908233643,-0.028436130230815593,0.029170244932174683,-0.17788034677505493,-0.031523537208826724,-0.008554637432098389,-0.19377285242080688,0.000793764748109993,-0.005764573812484741,-0.2757854461669922,-0.01975151369491357,-0.0005031824111938477,-0.21835917234420776,-0.02115559050956506,-0.0025146007537841797,-0.16590267419815063,-0.014557769840152446,-0.03982001543045044,-0.17880219221115112,-0.00905655356267232,-0.03225696086883545,-0.24025022983551025,-0.02039068596580762,-0.023278236389160156,-0.20336121320724487,-0.014794643355102721,-0.022318601608276367,-0.16296237707138062,-0.006301621758879605
E,0.0,0.0,0.0,0.05639144778251648,-0.04912286996841431,-0.012911483633061493,0.09211692214012146,-0.1129271388053894,-0.017769297572513665,0.06640616059303284,-0.15210086107254028,-0.025799781071683014,0.025866687297821045,-0.1552215814590454,-0.03216168469442948,0.056553393602371216,-0.19621258974075317,0.01001515240714923,0.06235221028327942,-0.27714312076568604,-0.013825733202239121,0.0638570487499237,-0.23410630226135254,-0.032782686861892785,0.05996188521385193,-0.18530774116516113,-0.040613135310550774,0.021311551332473755,-0.19771808385849,0.006117173948595678,0.02757728099822998,-0.2869357764720917,-0.0170893464113675,0.03145161271095276,-0.23032498359680176,-0.03153371250881776,0.028568148612976074,-0.17636436223983765,-0.03433652034654244,-0.01051822304725647,-0.19261574745178223,-0.0020387433345518957,-0.006875395774841309,-0.27593994140625,-0.022914601477523888,-0.0010746419429779053,-0.21787875890731812,-0.023986823844452942,-0.003505200147628784,-0.16457432508468628,-0.017062431188961114,-0.04245680570602417,-0.17768096923828125,-0.011998879710873211,-0.03446248173713684,-0.2398228645324707,-0.023312991472622002,-0.024834513664245605,-0.20320570468902588,-0.01731813511504754,-0.02415671944618225,-0.16231638193130493,-0.008528014632602776
E,0.0,0.0,0.0,0.05718410015106201,-0.04939836263656616,-0.011537178221018962,0.0929558277130127,-0.11427080631256104,-0.015598279225500278,0.06855320930480957,-0.15313202142715454,-0.023008432972105197,0.02810347080230713,-0.1546211838722229,-0.028814141440065555,0.056710004806518555,-0.19810456037521362,0.010895067093102284,0.06124401092529297,-0.2803816795349121,-0.011787986184330634,0.06418782472610474,-0.2382279634475708,-0.02992259598043745,0.06182342767715454,-0.1908615231513977,-0.03750809914139097,0.022552132606506348,-0.19949346780776978,0.006620760739920684,0.02763959765434265,-0.2896331548690796,-0.015471737633319549,0.032357096672058105,-0.2335660457611084,-0.02920463195708578,0.029989302158355713,-0.18051820993423462,-0.03177028781441038,-0.008976191282272339,-0.19487488269805908,-0.0017412533395457785,-0.00633394718170166,-0.2800135016441345,-0.02158410361674612,-4.8726797103881836e-05,-0.22207510471343994,-0.02230586743620222,-0.0019566714763641357,-0.16875028610229492,-0.015418248052569083,-0.04088100790977478,-0.180827796459198,-0.011809642228158168,-0.03392213582992554,-0.24454599618911743,-0.022650268661649875,-0.024508625268936157,-0.20749318599700928,-0.016631404670746974,-0.023691892623901367,-0.16615653038024902,-0.007973543169768504
E,0.0,0.0,0.0,0.0585673451423645,-0.04751920700073242,-0.013501034912977161,0.09343308210372925,-0.11523109674453735,-0.01819713586321825,0.0641067624092102,-0.156752347946167,-0.025573922184619846,0.019487321376800537,-0.1555720567703247,-0.03128694356730932,0.05521279573440552,-0.20014876127243042,0.007767460911210833,0.06029653549194336,-0.2841242551803589,-0.015242168543252888,0.06452953815460205,-0.23949319124221802,-0.03312739343694204,0.06247526407241821,-0.19082260131835938,-0.04055869938186163,0.021565943956375122,-0.20035314559936523,0.004404068129744587,0.026680946350097656,-0.29215580224990845,-0.01814043694487566,0.032793909311294556,-0.23284924030303955,-0.03147892267755026,0.030056774616241455,-0.17850852012634277,-0.03375156582644934,-0.009745538234710693,-0.19407659769058228,-0.0030093298790490053,-0.007233709096908569,-0.2804792523384094,-0.023797657204184475,0.0011514723300933838,-0.2202628254890442,-0.02410185137144083,-0.0008155703544616699,-0.166243314743042,-0.016746256363902035,-0.041996657848358154,-0.17878472805023193,-0.012146064875039997,-0.03488439321517944,-0.24479657411575317,-0.024007111651215496,-0.02385658025741577,-0.20612269639968872,-0.017932247233900966,-0.02326640486717224,-0.16417068243026733,-0.009194213760409298
E,0.0,0.0,0.0,0.05814120173454285,-0.050756216049194336,-0.012177525558087154,0.09265831112861633,-0.11866253614425659,-0.016967799053105637,0.06511697173118591,-0.1589280366897583,-0.025142475501212402,0.02252820134162903,-0.15965783596038818,-0.03184929816475801,0.056827157735824585,-0.20236778259277344,0.009635990015652851,0.06118658185005188,-0.2863110303878784,-0.013428383045408054,0.06458792090415955,-0.24149203300476074,-0.03150437353602342,0.062312930822372437,-0.19320660829544067,-0.039047706410798355,0.022195130586624146,-0.2032509446144104,0.005403769198295549,0.02765047550201416,-0.2949896454811096,-0.01747111371210508,0.033467769622802734,-0.23600918054580688,-0.031213433951648994,0.03092324733734131,-0.18134182691574097,-0.033553428486499115,-0.009589910507202148,-0.1974886655807495,-0.002844841689380928,-0.006848245859146118,-0.2847592234611511,-0.023145794407042786,0.0012120306491851807,-0.2237567901611328,-0.023208993956956192,-0.0006774663925170898,-0.16893333196640015,-0.015714529440316483,-0.04219919443130493,-0.1822432279586792,-0.012816692241045757,-0.0345672070980072,-0.24778848886489868,-0.024052829951557442,-0.023466676473617554,-0.20924454927444458,-0.017655925363811775,-0.022372961044311523,-0.1669434905052185,-0.008592891976746841
E,0.0,0.0,0.0,0.05787748098373413,-0.04942667484283447,-0.013492436023653909,0.09245508909225464,-0.11888200044631958,-0.01884554500341551,0.06370621919631958,-0.15923064947128296,-0.02740814338088171,0.020779818296432495,-0.1607230305671692,-0.0344341135269417,0.05610281229019165,-0.20425361394882202,0.008413625074325637,0.059455275535583496,-0.28899335861206055,-0.015188967684508725,0.06386613845825195,-0.24444860219955444,-0.03372259053051607,0.06256914138793945,-0.1948864459991455,-0.04151257115066187,0.021232575178146362,-0.20521414279937744,0.004425617059467868,0.02558174729347229,-0.2969438433647156,-0.019186148295403882,0.031878262758255005,-0.23808491230010986,-0.033692672724129125,0.02991551160812378,-0.18233215808868408,-0.03639566140830652,-0.01103818416595459,-0.19944947957992554,-0.0037183725426359615,-0.008919864892959595,-0.28666359186172485,-0.025205323348046704,-0.00039893388748168945,-0.22513490915298462,-0.026332611093522473,-0.0017433762550354004,-0.1689281463623047,-0.019289944196344777,-0.04346156120300293,-0.18410837650299072,-0.01365783146232502,-0.03574085235595703,-0.24817967414855957,-0.026220628867150708,-0.024303823709487915,-0.20921891927719116,-0.02084630529046194,-0.02305316925048828,-0.1662060022354126,-0.012325042734147473
E,0.0,0.0,0.0,0.05858752131462097,-0.0509718656539917,-0.012246225473560912,0.0931309163570404,-0.11910593509674072,-0.016652900238611323,0.06589111685752869,-0.15836983919143677,-0.02458750035343371,0.023479819297790527,-0.15896201133728027,-0.031058020402767283,0.05605146288871765,-0.20337647199630737,0.0107592768249134,0.0595984160900116,-0.2895645499229431,-0.012525083010174853,0.06406781077384949,-0.24514716863632202,-0.031241127734162433,0.06242296099662781,-0.195756196975708,-0.03920757349310122,0.02123957872390747,-0.2046481966972351,0.006367255023590701,0.025640100240707397,-0.2988484501838684,-0.016703349982478244,0.031871676445007324,-0.24030154943466187,-0.03149960886416636,0.029918372631072998,-0.18472105264663696,-0.034575316567995174,-0.01120901107788086,-0.1992180347442627,-0.002166095634080989,-0.00932687520980835,-0.2882099151611328,-0.022611235712744815,-0.0013350248336791992,-0.2271382212638855,-0.023654251803733928,-0.002755492925643921,-0.17136913537979126,-0.016837067415096385,-0.04403606057167053,-0.1840420961380005,-0.012485958148815257,-0.03663709759712219,-0.2492375373840332,-0.02370161886987887,-0.025753110647201538,-0.21098971366882324,-0.01784682411430083,-0.024401038885116577,-0.16858482360839844,-0.009304497835316283
E,0.0,0.0,0.0,0.05798536539077759,-0.05374854803085327,-0.011321145989683146,0.09265029430389404,-0.12254458665847778,-0.015190029465344423,0.06671375036239624,-0.16294682025909424,-0.022889955849137777,0.025044381618499756,-0.16449439525604248,-0.029114072159615034,0.05529069900512695,-0.20438110828399658,0.012758240155193334,0.059078216552734375,-0.29038411378860474,-0.010372361116793627,0.06373876333236694,-0.24604475498199463,-0.029206850514498228,0.062133967876434326,-0.19651257991790771,-0.0372076155103116,0.020420312881469727,-0.2053927183151245,0.007974846340033537,0.025160908699035645,-0.29953813552856445,-0.01509202918478536,0.03165474534034729,-0.2410426139831543,-0.030125164375391478,0.02958124876022339,-0.18516677618026733,-0.033275359258738035,-0.011702954769134521,-0.20002949237823486,-0.00096372608769002,-0.00931626558303833,-0.28901875019073486,-0.02129732160338449,-0.0012239813804626465,-0.22834664583206177,-0.02238185978004026,-0.0030063092708587646,-0.17238068580627441,-0.01548036741533565,-0.04408144950866699,-0.18504363298416138,-0.01166096883335399,-0.03638136386871338,-0.2509136199951172,-0.022452694312420363,-0.025404423475265503,-0.21334481239318848,-0.016421318934050078,-0.024336904287338257,-0.1710529923439026,-0.007719539054420466
E,0.0,0.0,0.0,0.058912426233291626,-0.05259859561920166,-0.012615038408270607,0.09347495436668396,-0.1232452392578125,-0.01698450683646513,0.06690505146980286,-0.16298198699951172,-0.02498054816418005,0.024816423654556274,-0.16293472051620483,-0.03144426955871893,0.0560242235660553,-0.20651006698608398,0.011663154372641316,0.059102386236190796,-0.2927309274673462,-0.011958300462296734,0.06389763951301575,-0.2491384744644165,-0.031052324315837154,0.06295105814933777,-0.19904577732086182,-0.039203352621129284,0.020902186632156372,-0.20750117301940918,0.0072620875664739515,0.02551889419555664,-0.3012685179710388,-0.016552257677844295,0.03195345401763916,-0.24289745092391968,-0.0317599245815785,0.030381232500076294,-0.1864335536956787,-0.03483873545222593,-0.011782020330429077,-0.20203131437301636,-0.001478477940267453,-0.009123891592025757,-0.2920241355895996,-0.02239982537024332,-0.000879824161529541,-0.23152035474777222,-0.023669009423187504,-0.002054959535598755,-0.175001859664917,-0.01677693552367998,-0.04483616352081299,-0.18671560287475586,-0.012100369064441452,-0.03671294450759888,-0.2520830035209656,-0.023410258209636936,-0.025797784328460693,-0.21463614702224731,-0.01775170988433672,-0.024473458528518677,-0.17246538400650024,-0.009266199870339165
E,0.0,0.0,0.0,0.058080077171325684,-0.053280651569366455,-0.013541471564096241,0.09235292673110962,-0.12380003929138184,-0.018627693296295433,0.06295508146286011,-0.1622380018234253,-0.027307137266618042,0.01936882734298706,-0.1613612174987793,-0.034443159938675194,0.05499237775802612,-0.20678400993347168,0.011616802423375816,0.059394776821136475,-0.2934111952781677,-0.01246565801731947,0.06436002254486084,-0.24956083297729492,-0.031770811767202645,0.06290578842163086,-0.19909518957138062,-0.03996345901570919,0.02020016312599182,-0.20767807960510254,0.007273141409385175,0.025589972734451294,-0.3018726110458374,-0.01696522103331688,0.031846463680267334,-0.2426004409790039,-0.032521375805956154,0.029694676399230957,-0.18581801652908325,-0.03573399537883404,-0.012359648942947388,-0.20305895805358887,-0.0016524230613157442,-0.009159773588180542,-0.29341232776641846,-0.023157102406841545,-0.000631481409072876,-0.23265594244003296,-0.02523115032992962,-0.0023474395275115967,-0.17532730102539062,-0.018684343785864144,-0.04591682553291321,-0.18911826610565186,-0.012539594785195618,-0.03718364238739014,-0.25531822443008423,-0.02432363422296646,-0.025953859090805054,-0.21727389097213745,-0.019157654956799774,-0.025281667709350586,-0.1740478277206421,-0.010955012754422455
E,0.0,0.0,0.0,0.05744963884353638,-0.05184727907180786,-0.014851276638935929,0.09268397092819214,-0.12127387523651123,-0.02066902245117319,0.06793570518493652,-0.16134417057037354,-0.029644979040156727,0.026082992553710938,-0.16637027263641357,-0.0368854607148279,0.05486798286437988,-0.20681846141815186,0.008725249332357521,0.0593990683555603,-0.29399991035461426,-0.016038266818057423,0.06488466262817383,-0.25018709897994995,-0.03585511247349871,0.06349772214889526,-0.20036673545837402,-0.0443952026469816,0.020132511854171753,-0.20810538530349731,0.004789806560594911,0.02615925669670105,-0.3029506802558899,-0.019439417745005017,0.0326404869556427,-0.24351346492767334,-0.035002635668050175,0.030169188976287842,-0.1878056526184082,-0.03850328351093424,-0.01282346248626709,-0.20365691184997559,-0.003722763030808096,-0.008810162544250488,-0.29460835456848145,-0.025086941073666935,-0.000602424144744873,-0.23539799451828003,-0.027061520020495777,-0.002934277057647705,-0.17929446697235107,-0.020838985095750218,-0.047013312578201294,-0.18959671258926392,-0.014309623154829865,-0.037870824337005615,-0.2559083104133606,-0.026406349490414982,-0.027208983898162842,-0.2183794379234314,-0.021334025884996777,-0.02749842405319214,-0.1752547025680542,-0.013299616861175423
E,0.0,0.0,0.0,0.057323992252349854,-0.05298835039138794,-0.015541480604014168,0.09266722202301025,-0.12195491790771484,-0.021722758870026837,0.06846857070922852,-0.16250079870224,-0.031034796248576413,0.026303261518478394,-0.16893845796585083,-0.03852202066352106,0.055915892124176025,-0.20750999450683594,0.008819542144038905,0.060330092906951904,-0.29526692628860474,-0.016796095977923642,0.06524276733398438,-0.25124818086624146,-0.037258510227701436,0.06397241353988647,-0.20057034492492676,-0.045994409109852086,0.02090662717819214,-0.20906460285186768,0.005166021425822009,0.027259141206741333,-0.3044990301132202,-0.019698523666164647,0.032904207706451416,-0.24448645114898682,-0.03565771573354937,0.030447691679000854,-0.18839281797409058,-0.0392412661867354,-0.012377947568893433,-0.20476174354553223,-0.0032289016353104216,-0.008090317249298096,-0.29611653089523315,-0.024973998527428876,-0.0005590617656707764,-0.23653429746627808,-0.026929056953093777,-0.0027714669704437256,-0.18009799718856812,-0.020556672226092587,-0.047075480222702026,-0.19076508283615112,-0.013802805665335427,-0.03783762454986572,-0.2568514347076416,-0.02602270313670374,-0.027501195669174194,-0.21911931037902832,-0.02088959955742098,-0.027566909790039062,-0.17579632997512817,-0.012682761746845017
E,0.0,0.0,0.0,0.0587974488735199,-0.04961872100830078,-0.01573836028059361,0.09480437636375427,-0.12381553649902344,-0.021138319442471243,0.06752172112464905,-0.1686997413635254,-0.028999304095705725,0.022214561700820923,-0.171619713306427,-0.034993171388705946,0.05773994326591492,-0.20873093605041504,0.006506066141227507,0.06151720881462097,-0.29994523525238037,-0.019022237206300474,0.06848832964897156,-0.2580881118774414,-0.03933080627997754,0.06798729300498962,-0.2072088122367859,-0.04805088757952092,0.021933048963546753,-0.21022135019302368,0.0030789655405527583,0.026975899934768677,-0.30891868472099304,-0.021303498814305044,0.03342783451080322,-0.24878734350204468,-0.03660645678122876,0.030146300792694092,-0.19249951839447021,-0.04003943472584126,-0.011905312538146973,-0.20640283823013306,-0.004886502096852041,-0.008493691682815552,-0.300786554813385,-0.026829426804980017,-2.9295682907104492e-05,-0.2410517930984497,-0.028505831653674818,-0.002937883138656616,-0.1846826672554016,-0.02214538461943505,-0.047403812408447266,-0.19306349754333496,-0.014901458913882948,-0.03853592276573181,-0.2625913619995117,-0.028055105055173613,-0.0275612473487854,-0.22441816329956055,-0.022898591751655317,-0.028397589921951294,-0.1808013916015625,-0.01475418049325583
E,0.0,0.0,0.0,0.05825245380401611,-0.0531192421913147,-0.015299080817484878,0.09425359964370728,-0.12627571821212769,-0.02128472360082867,0.06791812181472778,-0.16795986890792847,-0.030317161178672336,0.023375004529953003,-0.17275488376617432,-0.0375520958960891,0.05832642316818237,-0.2135799527168274,0.007689820656096913,0.06320178508758545,-0.3029462695121765,-0.017775000950777553,0.06805503368377686,-0.256874144077301,-0.03816450381883385,0.06626981496810913,-0.20616358518600464,-0.04710951814659836,0.022210299968719482,-0.2158840298652649,0.003574502940765001,0.028677046298980713,-0.3142186999320984,-0.021056797301852725,0.03422573208808899,-0.25258469581604004,-0.03695351997622254,0.031137734651565552,-0.19625288248062134,-0.04075079033383133,-0.01225540041923523,-0.21212255954742432,-0.005099505132520221,-0.008166760206222534,-0.3074628710746765,-0.026856958812558673,-0.0002709031105041504,-0.2460358738899231,-0.028636762818777584,-0.003017932176589966,-0.18864858150482178,-0.02234818781026604,-0.0483555793762207,-0.19843775033950806,-0.01586591447004082,-0.03885573148727417,-0.26828432083129883,-0.028370190358245395,-0.028171300888061523,-0.2285938262939453,-0.02291484544285538,-0.02867749333381653,-0.18375015258789062,-0.01463484572478535
E,0.0,0.0,0.0,0.05828770995140076,-0.05443000793457031,-0.014710989016379017,0.0935879647731781,-0.12738585472106934,-0.021175075489367146,0.06744471192359924,-0.1692405343055725,-0.030685492026890415,0.023208320140838623,-0.17494726181030273,-0.038453962820852894,0.05733570456504822,-0.21389508247375488,0.005616432820175987,0.06277713179588318,-0.3042454719543457,-0.020185101944292683,0.06835725903511047,-0.2574840188026428,-0.04075356589564194,0.06643244624137878,-0.20633989572525024,-0.04989103244551529,0.020794719457626343,-0.21559405326843262,0.0009076070931826052,0.027501940727233887,-0.31584781408309937,-0.02346887269922604,0.033799439668655396,-0.2527483105659485,-0.038838483560169834,0.030314236879348755,-0.19606876373291016,-0.04265846701272835,-0.014071673154830933,-0.21158301830291748,-0.008159871380115646,-0.009770959615707397,-0.3080713748931885,-0.029170410874570507,-0.00047263503074645996,-0.24616312980651855,-0.030193289908851284,-0.003484487533569336,-0.18874210119247437,-0.02386523986169209,-0.050553351640701294,-0.19809186458587646,-0.019321737977946896,-0.04050746560096741,-0.26904165744781494,-0.03127928467401375,-0.02828618884086609,-0.22984778881072998,-0.025253387335027355,-0.02880692481994629,-0.1854168176651001,-0.016859213057244915
E,0.0,0.0,0.0,0.05850622057914734,-0.05571812391281128,-0.01431452275167544,0.09365937113761902,-0.12743723392486572,-0.02074799106370051,0.06758067011833191,-0.16969525814056396,-0.030400201463208987,0.023052066564559937,-0.17646479606628418,-0.038342427247272326,0.057345300912857056,-0.21343767642974854,0.006341665732605861,0.06319352984428406,-0.304013729095459,-0.019306584977613284,0.06873741745948792,-0.25741690397262573,-0.039943340950713946,0.06631770730018616,-0.20618844032287598,-0.049128021829830004,0.0211409330368042,-0.21541202068328857,0.0015482553103254304,0.027943313121795654,-0.3161168098449707,-0.02244268708776076,0.03420662879943848,-0.2538301944732666,-0.03787732102821906,0.030495405197143555,-0.19711542129516602,-0.041864126705633,-0.013504236936569214,-0.21166056394577026,-0.007594342594103409,-0.009190112352371216,-0.30810976028442383,-0.027904368721948458,9.185075759887695e-05,-0.24714434146881104,-0.0289102548445328,-0.0030122697353363037,-0.18978995084762573,-0.02278758377681811,-0.049864500761032104,-0.19871926307678223,-0.018850225740180804,-0.03989866375923157,-0.2692767381668091,-0.03010475055228312,-0.027571409940719604,-0.23094791173934937,-0.0239959599162205,-0.027945786714553833,-0.18683969974517822,-0.015690387942896677
E,0.0,0.0,0.0,0.06052601337432861,-0.05396389961242676,-0.01465596361053656,0.0971267819404602,-0.12741005420684814,-0.020697644073194965,0.06953388452529907,-0.17075663805007935,-0.02982675107163857,0.024479299783706665,-0.17557990550994873,-0.03717889273507069,0.05943185091018677,-0.21425068378448486,0.006960052438401476,0.06458240747451782,-0.3052036166191101,-0.018451843503541454,0.07025545835494995,-0.2586495876312256,-0.03892231741887997,0.06832534074783325,-0.20706981420516968,-0.04807608211380909,0.022519409656524658,-0.21625226736068726,0.002487965999492303,0.028360486030578613,-0.31771326065063477,-0.021732186991400226,0.034586161375045776,-0.2549828886985779,-0.03738188007814358,0.031147390604019165,-0.19770056009292603,-0.04136488223416279,-0.012363433837890625,-0.21255451440811157,-0.006361900455928549,-0.009065449237823486,-0.3094276189804077,-0.02739856587690781,-2.995133399963379e-05,-0.24805116653442383,-0.028872700500912174,-0.0028435885906219482,-0.19005322456359863,-0.02279920699042748,-0.04863995313644409,-0.1994306445121765,-0.017284907493419155,-0.03958052396774292,-0.2703756093978882,-0.02924592057210873,-0.02763158082962036,-0.2317267656326294,-0.023558329883641704,-0.027913391590118408,-0.1871437430381775,-0.015418918896145328
E,0.0,0.0,0.0,0.05998992919921875,-0.054565489292144775,-0.015238426377649716,0.09701758623123169,-0.12832844257354736,-0.02160106388258498,0.07041090726852417,-0.17006099224090576,-0.0309668851398186,0.02472025156021118,-0.17400479316711426,-0.03839706604706805,0.057529568672180176,-0.21700704097747803,0.0057349030546589574,0.0629379153251648,-0.30952662229537964,-0.020625723277802877,0.06822657585144043,-0.26144957542419434,-0.04164821629750293,0.06588047742843628,-0.20975667238235474,-0.0510070023440079,0.0211775004863739,-0.21811062097549438,0.0012694166660054407,0.02758312225341797,-0.3201976716518402,-0.023747440179462842,0.034213870763778687,-0.25700128078460693,-0.03976992120372813,0.03109613060951233,-0.19961786270141602,-0.04393532847392123,-0.013695955276489258,-0.2139883041381836,-0.0076798528746024886,-0.01005902886390686,-0.31354743242263794,-0.02907125813293021,-0.0005889236927032471,-0.25103074312210083,-0.030613034715528897,-0.003061652183532715,-0.19223344326019287,-0.0245166586093859,-0.04993352293968201,-0.2004346251487732,-0.018791137015099935,-0.04085659980773926,-0.2723248600959778,-0.03084752683865588,-0.028630852699279785,-0.2333219051361084,-0.025359101345415525,-0.028788626194000244,-0.18824487924575806,-0.01735469115304511
E,0.0,0.0,0.0,0.060904622077941895,-0.05292552709579468,-0.015983216606215933,0.09949469566345215,-0.12457722425460815,-0.022785488657788733,0.07468557357788086,-0.16986429691314697,-0.03238923489315937,0.028944343328475952,-0.17863017320632935,-0.03998919590576122,0.05874103307723999,-0.21583980321884155,0.004766865957392952,0.06362926959991455,-0.31031763553619385,-0.02207465670271347,0.06889665126800537,-0.26279133558273315,-0.04344429834945629,0.06670355796813965,-0.2106500267982483,-0.05291748433573673,0.02241256833076477,-0.2172049880027771,0.0007203145980412273,0.027807116508483887,-0.321740984916687,-0.024691330410675505,0.03439217805862427,-0.25838667154312134,-0.041031431548432806,0.03171664476394653,-0.20055252313613892,-0.045355655394629935,-0.012290596961975098,-0.21327126026153564,-0.00778270946084092,-0.009615689516067505,-0.3130173087120056,-0.029487136893109778,-0.0003083348274230957,-0.2511049509048462,-0.031058818243579367,-0.002472132444381714,-0.1922990083694458,-0.02500031716390083,-0.04853805899620056,-0.200126051902771,-0.018491445250944594,-0.039878904819488525,-0.2722330093383789,-0.031052602596716383,-0.027747243642807007,-0.23354291915893555,-0.025733046375350455,-0.02780812978744507,-0.18825054168701172,-0.01774347960217426
E,0.0,0.0,0.0,0.06259185075759888,-0.0553739070892334,-0.014976534092156157,0.09970688819885254,-0.12930095195770264,-0.020212471516160235,0.0704350471496582,-0.17343497276306152,-0.02858684587600635,0.022606104612350464,-0.17432105541229248,-0.03499798479798244,0.05887758731842041,-0.2187144160270691,0.009531418761881127,0.0648452639579773,-0.3121768832206726,-0.016335302994875178,0.06967347860336304,-0.26233160495758057,-0.03716972100856708,0.0668560266494751,-0.21016663312911987,-0.046300966323642,0.022357523441314697,-0.2198691964149475,0.005267971164258256,0.027938395738601685,-0.32343435287475586,-0.019811073349146113,0.03437569737434387,-0.2587829828262329,-0.03580628338578151,0.031736522912979126,-0.19993555545806885,-0.03951392698409961,-0.01249629259109497,-0.2156655192375183,-0.0037094638993124818,-0.009541809558868408,-0.31656038761138916,-0.02600774730863975,-0.000486522912979126,-0.25218743085861206,-0.02750630307319568,-0.0025673508644104004,-0.19160491228103638,-0.020656626702574954,-0.04898771643638611,-0.20180624723434448,-0.014793997661499247,-0.039723992347717285,-0.2769079804420471,-0.027540933371810183,-0.027855277061462402,-0.23579448461532593,-0.021865386546878085,-0.027841538190841675,-0.18829280138015747,-0.013295630955425963
E,0.0,0.0,0.0,0.06280255317687988,-0.0550152063369751,-0.015815656813941814,0.10036307573318481,-0.1285359263420105,-0.022267015832625248,0.07051151990890503,-0.17139804363250732,-0.03180531058009706,0.02242705225944519,-0.17431491613388062,-0.039329592320285656,0.05886971950531006,-0.21912723779678345,0.007388761550970457,0.0650225281715393,-0.3133631944656372,-0.019387984830103733,0.06986165046691895,-0.26338231563568115,-0.040722306999526836,0.06734180450439453,-0.21075505018234253,-0.05009955185946069,0.02201235294342041,-0.21978646516799927,0.003235402102433227,0.02808365225791931,-0.32452160120010376,-0.02256211284097276,0.03482002019882202,-0.25970327854156494,-0.03890039789970956,0.03239139914512634,-0.20029175281524658,-0.04285043496187768,-0.013103127479553223,-0.2155669927597046,-0.005649711187146522,-0.009691596031188965,-0.3181734085083008,-0.028280174541436054,8.428096771240234e-05,-0.2537902593612671,-0.029866047385297634,-0.0017621815204620361,-0.1922835111618042,-0.023122186022959568,-0.04987788200378418,-0.20187240839004517,-0.0167072417169436,-0.04029691219329834,-0.2775520086288452,-0.029829768645726062,-0.02760174870491028,-0.23689121007919312,-0.02437998931404195,-0.0273820161819458,-0.18920749425888062,-0.015946645471416332
