label,f0,f1,f2,f3,f4,f5,f6,f7,f8,f9,f10,f11,f12,f13,f14,f15,f16,f17,f18,f19,f20,f21,f22,f23,f24,f25,f26,f27,f28,f29,f30,f31,f32,f33,f34,f35,f36,f37,f38,f39,f40,f41,f42,f43,f44,f45,f46,f47,f48,f49,f50,f51,f52,f53,f54,f55,f56,f57,f58,f59,f60,f61,f62
M,0.0,0.0,0.0,0.05772590637207031,-0.09097445011138916,-0.04251566227557646,0.0557096004486084,-0.2569177746772766,-0.06334146555545317,-0.0323559045791626,-0.32674115896224976,-0.08499043133141981,-0.10344576835632324,-0.38524967432022095,-0.09962308850171553,0.05913567543029785,-0.3700147867202759,-0.011966966800713408,0.08823013305664062,-0.4697452187538147,-0.07029340114476668,0.09795713424682617,-0.3662131428718567,-0.10857612337949263,0.09922492504119873,-0.26626837253570557,-0.12650010433080183,-0.0001284480094909668,-0.36726242303848267,-0.017116009034538138,0.03243589401245117,-0.4901115894317627,-0.08628439601542937,0.04610776901245117,-0.36141419410705566,-0.12043991383197294,0.052733004093170166,-0.2558212876319885,-0.1265709295499562,-0.0598008930683136,-0.34748411178588867,-0.03215792473437773,-0.040825992822647095,-0.46889418363571167,-0.09951002594115721,-0.01597285270690918,-0.3364701271057129,-0.1150737821686505,-0.005338728427886963,-0.2347193956375122,-0.10836051847817885,-0.1158435046672821,-0.31026947498321533,-0.050132428072714674,-0.0975523591041565,-0.34108471870422363,-0.10336658056857573,-0.07503825426101685,-0.28376245498657227,-0.12069178070905195,-0.06716424226760864,-0.2541113495826721,-0.12295301701905714
M,0.0,0.0,0.0,0.05691128969192505,-0.08858716487884521,-0.04359210373240785,0.05545401573181152,-0.2532694935798645,-0.06513673902827577,-0.033460646867752075,-0.32324355840682983,-0.08658948631364183,-0.10381826758384705,-0.3828636407852173,-0.10111545862037019,0.05854237079620361,-0.3689920902252197,-0.01637427413243131,0.08680319786071777,-0.46639370918273926,-0.07471758217889146,0.09576040506362915,-0.364895224571228,-0.11232688368636445,0.09676885604858398,-0.2658892273902893,-0.1300001078971036,-0.0013540983200073242,-0.36612462997436523,-0.02109868542629556,0.03045755624771118,-0.4888285994529724,-0.09026828498917894,0.04465705156326294,-0.36268359422683716,-0.12349976689893083,0.05211472511291504,-0.2575538754463196,-0.12911928535777406,-0.06126675009727478,-0.34538644552230835,-0.03550755323249177,-0.04228740930557251,-0.4650692939758301,-0.10394769252616243,-0.01659870147705078,-0.33380669355392456,-0.11913231105882005,-0.005169093608856201,-0.23298496007919312,-0.11211665065366105,-0.11744502186775208,-0.3069612979888916,-0.052758411479771894,-0.09812605381011963,-0.3355855941772461,-0.10845513732510881,-0.0737505555152893,-0.2737812399864197,-0.12613605798560457,-0.06383374333381653,-0.2408827543258667,-0.12822962642985658
M,0.0,0.0,0.0,0.057275354862213135,-0.08917957544326782,-0.04342432020590081,0.055891990661621094,-0.25453734397888184,-0.06462086437628045,-0.03223949670791626,-0.32383716106414795,-0.08618728516981378,-0.10287609696388245,-0.38278520107269287,-0.10069647131845727,0.05842071771621704,-0.3693307042121887,-0.014179650492820883,0.08732384443283081,-0.4666597247123718,-0.07282685188934579,0.09664744138717651,-0.3639301061630249,-0.11100710628912225,0.0980423092842102,-0.26463621854782104,-0.1289311915485598,-0.0009305179119110107,-0.3658677339553833,-0.01915037704989686,0.030642032623291016,-0.4869891405105591,-0.08866318760797753,0.045071423053741455,-0.35961735248565674,-0.12281191049501672,0.05317699909210205,-0.25552743673324585,-0.12900159953520074,-0.06015282869338989,-0.3445535898208618,-0.034003251030895854,-0.04236432909965515,-0.46468406915664673,-0.10200389920160546,-0.016797631978988647,-0.3332340717315674,-0.1177431464044787,-0.004687309265136719,-0.2330338954925537,-0.1111678004114367,-0.11573266983032227,-0.3054790496826172,-0.05181728748962655,-0.0978478193283081,-0.33635377883911133,-0.10615189819023385,-0.07477840781211853,-0.27976173162460327,-0.12400458453581109,-0.0653117299079895,-0.25110960006713867,-0.12659211157247796
M,0.0,0.0,0.0,0.058757632970809937,-0.08938014507293701,-0.04279333698826804,0.05837753415107727,-0.2535669207572937,-0.06366145584064498,-0.03093239665031433,-0.3213673233985901,-0.08512039455848708,-0.1020415723323822,-0.37875717878341675,-0.0992608887262918,0.0608648955821991,-0.36794763803482056,-0.011328088783500334,0.08877012133598328,-0.4643316864967346,-0.06980383369403853,0.0977732241153717,-0.3622910976409912,-0.10789246830421462,0.09991297125816345,-0.2642943859100342,-0.12567835274415984,0.0007515549659729004,-0.3649108409881592,-0.016501325846491,0.030761808156967163,-0.48623597621917725,-0.08607689264493956,0.044448643922805786,-0.36019229888916016,-0.11987151178794875,0.05273953080177307,-0.2565051317214966,-0.1253979724951364,-0.058736056089401245,-0.3442264795303345,-0.031747314811525484,-0.04150378704071045,-0.46314287185668945,-0.09908233556228652,-0.016683757305145264,-0.3321930170059204,-0.11387743029075637,-0.0048182010650634766,-0.2332739233970642,-0.10636217865425124,-0.11385270953178406,-0.3058115839958191,-0.050091359496889254,-0.09219595789909363,-0.3362491726875305,-0.1028658148952104,-0.06989884376525879,-0.27848589420318604,-0.11949805143552794,-0.06209835410118103,-0.2497503161430359,-0.12118688199001326
M,0.0,0.0,0.0,0.05699142813682556,-0.09095913171768188,-0.04394716125989362,0.05757591128349304,-0.24874615669250488,-0.06498606604600354,-0.02952444553375244,-0.31849372386932373,-0.08643072200084134,-0.09952369332313538,-0.37408316135406494,-0.10089440000319883,0.06161704659461975,-0.36780428886413574,-0.011221924881283485,0.08723422884941101,-0.4657869338989258,-0.06945293498301908,0.09499725699424744,-0.36230307817459106,-0.10819015008473798,0.09609523415565491,-0.2632685899734497,-0.12601900947356626,0.0014960765838623047,-0.3636918067932129,-0.015244635837916576,0.02951905131340027,-0.4887000620365143,-0.08490177345538541,0.04247203469276428,-0.3606613874435425,-0.12050666761660977,0.04996564984321594,-0.2579217553138733,-0.12684282017016812,-0.05769643187522888,-0.341389536857605,-0.029230405661110126,-0.044988811016082764,-0.4627680778503418,-0.09609864753747388,-0.018524587154388428,-0.33368879556655884,-0.11265698921943113,-0.004185110330581665,-0.23472177982330322,-0.10555795681739255,-0.11278858780860901,-0.3011569380760193,-0.04620912027621671,-0.09749138355255127,-0.34740376472473145,-0.09602258456015988,-0.07752537727355957,-0.29703742265701294,-0.11152722788119718,-0.06997156143188477,-0.26931333541870117,-0.11250738901162549
M,0.0,0.0,0.0,0.05591455101966858,-0.08849954605102539,-0.04503040517491286,0.05561283230781555,-0.24342983961105347,-0.06583144272488539,-0.029089897871017456,-0.31437355279922485,-0.08647785092514937,-0.09381407499313354,-0.3762807250022888,-0.09998928512257521,0.06191018223762512,-0.3709929585456848,-0.01209675091129725,0.08865228295326233,-0.4697076678276062,-0.06861985976618712,0.0946517288684845,-0.366275429725647,-0.10643549020213072,0.09473815560340881,-0.26954174041748047,-0.12487025315684264,0.0038472414016723633,-0.36819618940353394,-0.015988107200684,0.03346702456474304,-0.49284839630126953,-0.08461259062212889,0.045384734869003296,-0.36401307582855225,-0.11936285848540251,0.05193778872489929,-0.26300591230392456,-0.12562294806164687,-0.05411800742149353,-0.34544867277145386,-0.02979323583465998,-0.04060754179954529,-0.46851372718811035,-0.09756035114449446,-0.01457524299621582,-0.33855700492858887,-0.11320829893273299,-0.000983208417892456,-0.2412911057472229,-0.10571916158122008,-0.10908326506614685,-0.30338597297668457,-0.04653416703266089,-0.09623333811759949,-0.3450387120246887,-0.10016227270287459,-0.07641929388046265,-0.2868874669075012,-0.11645175273341124,-0.06884440779685974,-0.25619226694107056,-0.11743967736882155
M,0.0,0.0,0.0,0.04242822527885437,-0.0918835997581482,-0.04252425132349913,0.03849330544471741,-0.23403018712997437,-0.06087239010290091,-0.029907166957855225,-0.3082713484764099,-0.07948221189931814,-0.08126839995384216,-0.37456071376800537,-0.09106202347234671,0.06182500720024109,-0.363484263420105,-0.0048248196768838625,0.08562806248664856,-0.46611475944519043,-0.05905034689263289,0.09227380156517029,-0.3667333126068115,-0.09622756315425818,0.09382250905036926,-0.27075690031051636,-0.11403269244388525,0.01064249873161316,-0.3656797409057617,-0.007836400699176238,0.035799771547317505,-0.4976205825805664,-0.07509406579688971,0.04456493258476257,-0.36742234230041504,-0.1096608109588999,0.04988625645637512,-0.26404768228530884,-0.11482259554819052,-0.04283913969993591,-0.34990060329437256,-0.02059104589775984,-0.03535473346710205,-0.47480881214141846,-0.08880505634502356,-0.012984544038772583,-0.3459261655807495,-0.10469324810460989,-0.0010002553462982178,-0.24586790800094604,-0.09550437999919836,-0.09447649121284485,-0.3146698474884033,-0.0359400279636759,-0.084718257188797,-0.3665306568145752,-0.09137839002565329,-0.06423094868659973,-0.291329026222229,-0.10594351513341849,-0.05492934584617615,-0.2369464635848999,-0.10357075853303854
M,0.0,0.0,0.0,-0.018682360649108887,-0.09105300903320312,-0.03565444706600829,-0.04150891304016113,-0.21831029653549194,-0.0513043618075244,-0.07589012384414673,-0.30042213201522827,-0.06955317317169829,-0.09658592939376831,-0.38091254234313965,-0.0809241002671115,0.007335841655731201,-0.35191792249679565,0.00424214962276892,0.034614235162734985,-0.4529617428779602,-0.04423149956983252,0.04104486107826233,-0.3551267981529236,-0.07910693346184416,0.04208824038505554,-0.2596839666366577,-0.09566388188522978,0.0110950767993927,-0.3612622618675232,-0.00011386553796910448,0.03044489026069641,-0.48857229948043823,-0.06126288606446906,0.03604200482368469,-0.3628367781639099,-0.0951220458618991,0.038102418184280396,-0.2605932950973511,-0.10148730783384963,0.008706808090209961,-0.3548431396484375,-0.013564814837991435,0.01406964659690857,-0.47971975803375244,-0.0744509911410205,0.02315804362297058,-0.35842812061309814,-0.0907398527733676,0.025808364152908325,-0.2565971612930298,-0.08379360942763014,0.0034830570220947266,-0.32752734422683716,-0.02948322987776919,0.009661674499511719,-0.3921658396720886,-0.07706713585776015,0.018432140350341797,-0.3279178738594055,-0.09006052373570128,0.02074792981147766,-0.27102476358413696,-0.08809868900698348
M,0.0,0.0,0.0,0.058481693267822266,-0.10016322135925293,-0.03504186309896795,0.061844706535339355,-0.24470466375350952,-0.05178819783054678,-0.014846593141555786,-0.31915318965911865,-0.07199380360566465,-0.0778830349445343,-0.3777903914451599,-0.08660048805199949,0.07033151388168335,-0.3594989776611328,0.00547668011836322,0.08779352903366089,-0.46280771493911743,-0.04533785022817938,0.09428691864013672,-0.3694027066230774,-0.08159458450995771,0.09591412544250488,-0.279765248298645,-0.09903436712943403,0.012303799390792847,-0.35767918825149536,-0.0009451717489810108,0.030692636966705322,-0.48360419273376465,-0.06381712667666761,0.04130685329437256,-0.36033201217651367,-0.09921120665990202,0.04734599590301514,-0.2633654475212097,-0.10695065371714918,-0.04568025469779968,-0.33958274126052856,-0.016755046323169154,-0.03844565153121948,-0.46529173851013184,-0.07856201939307539,-0.014382421970367432,-0.34044551849365234,-0.09427100233756391,-0.0017734766006469727,-0.2415637969970703,-0.08717356435977308,-0.09993100166320801,-0.30547481775283813,-0.03485904820286123,-0.09182929992675781,-0.3652154803276062,-0.07890403829537718,-0.07171958684921265,-0.31650495529174805,-0.09033316932641355,-0.06269457936286926,-0.2826678156852722,-0.08880375884496061
M,0.0,0.0,0.0,0.05441191792488098,-0.10152792930603027,-0.03151556921332599,0.05592319369316101,-0.2376590371131897,-0.04697847810714961,-0.01653537154197693,-0.3055797219276428,-0.06673095447152377,-0.07748138904571533,-0.3613516688346863,-0.08182241839497806,0.0660679042339325,-0.3532469868659973,0.010761964347665298,0.09141632914543152,-0.4488643407821655,-0.039010141763384354,0.10061725974082947,-0.35489147901535034,-0.0762211315068555,0.10203400254249573,-0.2605012059211731,-0.09453817528813602,0.011331439018249512,-0.3546649217605591,0.002971234012846935,0.0380840003490448,-0.4748736619949341,-0.06019579318493129,0.05162575840950012,-0.3490002155303955,-0.09847652238934756,0.05840674042701721,-0.24826300144195557,-0.10799780559867145,-0.04485940933227539,-0.3385038375854492,-0.013765010769958508,-0.03291195631027222,-0.46278315782546997,-0.07837150317757846,-0.007389932870864868,-0.33509397506713867,-0.09987809580891849,0.005574405193328857,-0.23061400651931763,-0.09596335959761859,-0.09817925095558167,-0.3046136498451233,-0.032027379396851074,-0.09087073802947998,-0.3556665778160095,-0.08315883648722888,-0.070960134267807,-0.2966548204421997,-0.10059277785151721,-0.06111839413642883,-0.2514663338661194,-0.10206929666131259
M,0.0,0.0,0.0,0.058553546667099,-0.09286123514175415,-0.035485719761879864,0.06283131241798401,-0.24478614330291748,-0.05322874101165098,-0.01985788345336914,-0.31471967697143555,-0.07419531556132597,-0.0864584743976593,-0.37093913555145264,-0.08930881085160536,0.06866613030433655,-0.351645827293396,-0.000427116983871656,0.09398153424263,-0.4469735622406006,-0.05529999124172491,0.10178676247596741,-0.34981226921081543,-0.09284912558558744,0.10206928849220276,-0.2557452321052551,-0.1098468056536035,0.010508477687835693,-0.349730908870697,-0.008066450676949444,0.03889778256416321,-0.47040146589279175,-0.07420512052539152,0.05215933918952942,-0.3463665843009949,-0.10936888071063322,0.05925306677818298,-0.24654537439346313,-0.11611632021430296,-0.048532575368881226,-0.3323512077331543,-0.02509475635650915,-0.030993729829788208,-0.449675977230072,-0.08936290206673903,-0.008178144693374634,-0.31997209787368774,-0.10528641702893538,0.0023834407329559326,-0.22123152017593384,-0.09799711169961256,-0.10533162951469421,-0.2982648015022278,-0.04450656237366957,-0.0932474136352539,-0.3473091125488281,-0.0900503447866754,-0.07326769828796387,-0.3014780282974243,-0.10271157833102507,-0.06399568915367126,-0.27439701557159424,-0.10221911730531019
M,0.0,0.0,0.0,0.05739524960517883,-0.09536826610565186,-0.03786182813007599,0.05595996975898743,-0.2476433515548706,-0.05815923995930916,-0.030299216508865356,-0.3148401975631714,-0.08051864839751488,-0.09734165668487549,-0.3724744915962219,-0.0967691991444326,0.0641230046749115,-0.3482603430747986,-0.008345695581624568,0.09053346514701843,-0.4446341395378113,-0.06475568599660164,0.09712556004524231,-0.347744345664978,-0.10304644740779167,0.09712883830070496,-0.2532758116722107,-0.12104470319707161,0.006889075040817261,-0.3463858962059021,-0.015213990021834434,0.03766027092933655,-0.4679984748363495,-0.08247192240912682,0.04911646246910095,-0.3474821448326111,-0.11805955357510811,0.05440393090248108,-0.24730783700942993,-0.12599936164576775,-0.052247077226638794,-0.33024024963378906,-0.03127988837320572,-0.033957719802856445,-0.4510834217071533,-0.0970729295130468,-0.011350125074386597,-0.3241758942604065,-0.11465616561133629,-0.0011450350284576416,-0.22482049465179443,-0.10941271520812279,-0.10920363664627075,-0.297152042388916,-0.04968444294888741,-0.09373876452445984,-0.33863890171051025,-0.09981023557145363,-0.07160753011703491,-0.2895817756652832,-0.11621815748173958,-0.0614798367023468,-0.260475218296051,-0.11848347670991188
M,0.0,0.0,0.0,0.05866783857345581,-0.09068131446838379,-0.0402692867597807,0.05795842409133911,-0.24627470970153809,-0.06091568750946408,-0.03080427646636963,-0.3118143677711487,-0.0822386941096056,-0.09851300716400146,-0.36825090646743774,-0.09688782451360112,0.06280624866485596,-0.3510846495628357,-0.014240423605428987,0.09185236692428589,-0.4455938935279846,-0.07141218838899022,0.09768670797348022,-0.3463677167892456,-0.10875455049483662,0.09760153293609619,-0.2503734827041626,-0.12656818834750538,0.004758715629577637,-0.34869450330734253,-0.020349582113908582,0.03939974308013916,-0.4699968099594116,-0.08975493667333012,0.0499035120010376,-0.34798240661621094,-0.12509926167933827,0.054690778255462646,-0.24700218439102173,-0.13249247280566578,-0.053883105516433716,-0.3306407332420349,-0.03566385937540417,-0.03381115198135376,-0.4504936933517456,-0.10338743535487538,-0.010620146989822388,-0.3241528868675232,-0.12180296091048604,0.0006685853004455566,-0.22750723361968994,-0.11744577942101841,-0.10878303647041321,-0.2945910096168518,-0.05338617546169644,-0.08781284093856812,-0.3250277042388916,-0.10752305147855168,-0.06786525249481201,-0.2773948907852173,-0.12800784913508778,-0.061355412006378174,-0.25644057989120483,-0.13329794017283803
M,0.0,0.0,0.0,0.06069502234458923,-0.09114682674407959,-0.041775729889195645,0.061735600233078,-0.24550652503967285,-0.0628080222850258,-0.026710450649261475,-0.30981314182281494,-0.08401076533846208,-0.09450212121009827,-0.3649420738220215,-0.09881641008905717,0.06362834572792053,-0.3520338535308838,-0.01562959366492578,0.09386047720909119,-0.4457402229309082,-0.07332266160301515,0.09996065497398376,-0.3465791940689087,-0.1116521213298256,0.09945318102836609,-0.24893337488174438,-0.1304010454659874,0.005579084157943726,-0.3504713177680969,-0.02092925683609792,0.04060742259025574,-0.4703776240348816,-0.09070076086572953,0.05168911814689636,-0.3482412099838257,-0.12697903850130388,0.05667176842689514,-0.24563437700271606,-0.1351300630813057,-0.052618831396102905,-0.3321349024772644,-0.03542593904785463,-0.032992035150527954,-0.4518555998802185,-0.10491710939459153,-0.009152859449386597,-0.3243257999420166,-0.1242747757678444,0.0024576187133789062,-0.22535258531570435,-0.12024862357429811,-0.10756286978721619,-0.2953745126724243,-0.05223387890509912,-0.085370272397995,-0.3195608854293823,-0.11010243781856843,-0.0638657808303833,-0.2625146508216858,-0.131694436455291,-0.05633094906806946,-0.23380064964294434,-0.13684034385732957
M,0.0,0.0,0.0,0.05902019143104553,-0.09153634309768677,-0.04152107566270047,0.059965580701828,-0.24471068382263184,-0.06300847932371312,-0.028117239475250244,-0.3090870976448059,-0.0852427478102129,-0.09730884432792664,-0.3635162115097046,-0.10127613648447209,0.06330177187919617,-0.3494662046432495,-0.014780834798244769,0.09141203761100769,-0.4445202946662903,-0.07263064339431935,0.0969061553478241,-0.34668290615081787,-0.11139111920866185,0.09654602408409119,-0.24912673234939575,-0.13001632645401173,0.004970520734786987,-0.34743762016296387,-0.020296005081860358,0.036896318197250366,-0.46801507472991943,-0.08958214476379567,0.04872426390647888,-0.3465956449508667,-0.12578250422748738,0.054853230714797974,-0.2444227933883667,-0.13398258343013936,-0.05417218804359436,-0.3296540379524231,-0.035107865479318434,-0.03497958183288574,-0.44871801137924194,-0.1035990934041422,-0.011049717664718628,-0.3215789198875427,-0.1223899047044199,0.0006308853626251221,-0.22210782766342163,-0.1180101554063242,-0.11092370748519897,-0.29455333948135376,-0.05235112413438969,-0.09259992837905884,-0.3246644139289856,-0.1073525021937769,-0.07036581635475159,-0.2716931700706482,-0.1269758190182131,-0.060881227254867554,-0.2425621747970581,-0.13105168893608266
M,0.0,0.0,0.0,0.060206830501556396,-0.08807659149169922,-0.042173466738034904,0.0612296462059021,-0.24106913805007935,-0.06429600631790322,-0.02468043565750122,-0.30789852142333984,-0.08685579067068261,-0.09186303615570068,-0.36553794145584106,-0.1030865601261155,0.06577783823013306,-0.3477228283882141,-0.018104267399479568,0.09508979320526123,-0.44565629959106445,-0.07645063763456506,0.09956282377243042,-0.34754854440689087,-0.1147290012796418,0.098019540309906,-0.24989378452301025,-0.13286842321949166,0.007776021957397461,-0.3468882441520691,-0.0233384418298499,0.04266005754470825,-0.4686940312385559,-0.09298246270017785,0.052349984645843506,-0.3471672534942627,-0.12832684731083077,0.05588895082473755,-0.2442954182624817,-0.13577954387264413,-0.05087670683860779,-0.3297763466835022,-0.0377743384798066,-0.030802756547927856,-0.45079779624938965,-0.10646106963949364,-0.008835971355438232,-0.3231709599494934,-0.12447476303177041,0.0013095438480377197,-0.22256290912628174,-0.11955574816064996,-0.10648506879806519,-0.29544657468795776,-0.05465119620757264,-0.09012028574943542,-0.3264591097831726,-0.10986374234752816,-0.06984403729438782,-0.2723694443702698,-0.12927563404636544,-0.061471372842788696,-0.24249589443206787,-0.13306072270469826
M,0.0,0.0,0.0,0.058343082666397095,-0.09173846244812012,-0.04243909403808743,0.059297531843185425,-0.2385668158531189,-0.06500536039598614,-0.02296745777130127,-0.3056284189224243,-0.08753555849321515,-0.08568224310874939,-0.3649982810020447,-0.10404944256075055,0.06374558806419373,-0.3503454923629761,-0.020511657224375313,0.09291580319404602,-0.446300745010376,-0.0790152309847656,0.0984286367893219,-0.3483123779296875,-0.11769328847654492,0.09729662537574768,-0.249783456325531,-0.1366146935535255,0.007535606622695923,-0.3489372730255127,-0.025654008836824005,0.04191520810127258,-0.4717196226119995,-0.09635555580385358,0.05402067303657532,-0.3497926592826843,-0.1330764128280464,0.05917283892631531,-0.2465394139289856,-0.1416239573074165,-0.04967847466468811,-0.330146849155426,-0.03958388999231488,-0.03130564093589783,-0.45206329226493835,-0.11073256865270764,-0.005510687828063965,-0.32623016834259033,-0.13071718648203046,0.007463932037353516,-0.22556191682815552,-0.12669373884924084,-0.104959636926651,-0.292883038520813,-0.05553935304411084,-0.08770361542701721,-0.32461798191070557,-0.11575297102459103,-0.06473484635353088,-0.267292857170105,-0.13749518826730878,-0.05507171154022217,-0.23215025663375854,-0.14197291270025403
M,0.0,0.0,0.0,0.05786362290382385,-0.09048080444335938,-0.042335325081523933,0.05790939927101135,-0.23876619338989258,-0.06414358799594311,-0.024509459733963013,-0.30792146921157837,-0.086139758278307,-0.08770251274108887,-0.36905211210250854,-0.10204261278050808,0.06603655219078064,-0.3510761260986328,-0.017508276899036446,0.09262511134147644,-0.44928961992263794,-0.07478078191417126,0.09851107001304626,-0.35262882709503174,-0.11300489043134121,0.09783801436424255,-0.2553299069404602,-0.13155212735074429,0.0093001127243042,-0.35006654262542725,-0.022301423524197617,0.03992167115211487,-0.4732818305492401,-0.09097595249551205,0.05180802941322327,-0.35131245851516724,-0.1269819561137524,0.05753549933433533,-0.2495121955871582,-0.13535268341439632,-0.04862615466117859,-0.3316901922225952,-0.03606931601899532,-0.03178492188453674,-0.45391106605529785,-0.1052200246347752,-0.007660806179046631,-0.3288787603378296,-0.12473530804055599,0.004472911357879639,-0.22910422086715698,-0.12073940520423321,-0.10446000099182129,-0.29518723487854004,-0.05201557387846378,-0.08971711993217468,-0.3291691541671753,-0.10925055776971249,-0.06771355867385864,-0.2705814838409424,-0.12948523198502926,-0.057661980390548706,-0.23368501663208008,-0.13334217404263882
M,0.0,0.0,0.0,0.059680819511413574,-0.09502702951431274,-0.03882108810464047,0.05971181392669678,-0.2452249526977539,-0.05962922978321217,-0.027077198028564453,-0.3113327622413635,-0.08159416350642346,-0.09379372000694275,-0.36668914556503296,-0.0974595713905444,0.06688505411148071,-0.3491237163543701,-0.01325098234335087,0.09452605247497559,-0.44423896074295044,-0.07082296344557903,0.10047394037246704,-0.3472994565963745,-0.10940250191012524,0.09931254386901855,-0.24918758869171143,-0.1276746633938899,0.008747190237045288,-0.34703177213668823,-0.01960522490659855,0.04069548845291138,-0.4669363498687744,-0.08842014703074597,0.05323690176010132,-0.34659743309020996,-0.12444107416192196,0.05867975950241089,-0.2450374960899353,-0.13273266884604595,-0.050071001052856445,-0.3288149833679199,-0.03504397529283665,-0.031805604696273804,-0.4484409987926483,-0.10211927625456951,-0.00804436206817627,-0.3244190812110901,-0.1211232859186282,0.002986431121826172,-0.22629183530807495,-0.1173233557037463,-0.10642009973526001,-0.29365986585617065,-0.052711097478066904,-0.09078219532966614,-0.32809776067733765,-0.1056399736098399,-0.07047790288925171,-0.2828860878944397,-0.12542451354781292,-0.06241568922996521,-0.25863343477249146,-0.130287731020843
M,0.0,0.0,0.0,0.05845126509666443,-0.09207183122634888,-0.04221736684610278,0.05871400237083435,-0.24031788110733032,-0.06338892549445063,-0.023924261331558228,-0.3090352416038513,-0.0846788775937739,-0.08842715620994568,-0.3674410581588745,-0.09995190471579463,0.06769970059394836,-0.3513016700744629,-0.014059178048569265,0.09547337889671326,-0.44528186321258545,-0.07135679245163828,0.10090640187263489,-0.34890496730804443,-0.110592920781869,0.09959349036216736,-0.2512270212173462,-0.12980950296093852,0.01108551025390625,-0.351351797580719,-0.018290915043849054,0.0433860719203949,-0.4698270559310913,-0.08709265709092051,0.05414047837257385,-0.35029107332229614,-0.12327851027419001,0.05916944146156311,-0.24813735485076904,-0.13145958304573924,-0.04682400822639465,-0.3336964249610901,-0.03175246760417849,-0.029447883367538452,-0.45315316319465637,-0.10138477057387263,-0.0056157708168029785,-0.32764071226119995,-0.12019835084845454,0.006765604019165039,-0.22692209482192993,-0.11534601867367655,-0.10339212417602539,-0.2974995970726013,-0.04753047272731692,-0.08727923035621643,-0.3265600800514221,-0.10700075000693232,-0.0637827217578888,-0.2643042802810669,-0.12749708116223246,-0.05174258351325989,-0.22594690322875977,-0.1307304245250407
M,0.0,0.0,0.0,0.05648359656333923,-0.09071177244186401,-0.04131891913647223,0.057830363512039185,-0.2359015941619873,-0.0624681558453517,-0.025303930044174194,-0.3054580092430115,-0.08430944718355704,-0.09031429886817932,-0.36217671632766724,-0.10015356875891257,0.06635287404060364,-0.3485940098762512,-0.011056219785757548,0.09235665202140808,-0.4435883164405823,-0.06804494894976187,0.10039827227592468,-0.34879791736602783,-0.10712159760231543,0.10078790783882141,-0.25364983081817627,-0.12547976858849097,0.009209245443344116,-0.34752899408340454,-0.01552269477332402,0.03815546631813049,-0.46647340059280396,-0.08334958143467475,0.052266985177993774,-0.3474099636077881,-0.11909482218260337,0.06010821461677551,-0.24710971117019653,-0.1266391087316947,-0.04887208342552185,-0.3296549916267395,-0.02929705530340243,-0.033584028482437134,-0.4468478560447693,-0.09688309915298987,-0.007832646369934082,-0.3211635947227478,-0.11488740481371451,0.005511343479156494,-0.22198957204818726,-0.1091232258820014,-0.10533401370048523,-0.29460400342941284,-0.04549932815069724,-0.09078773856163025,-0.33121389150619507,-0.09943397678370047,-0.06774219870567322,-0.27230381965637207,-0.11656617708439398,-0.05696025490760803,-0.23512691259384155,-0.11788393892283011
M,0.0,0.0,0.0,0.054131150245666504,-0.08593636751174927,-0.043857893454259056,0.05376303195953369,-0.2360171675682068,-0.06515040110272707,-0.026771128177642822,-0.30740880966186523,-0.0864770473114902,-0.08947223424911499,-0.36945998668670654,-0.10113780062121691,0.06590819358825684,-0.35170912742614746,-0.013019759687011856,0.0919797420501709,-0.45019638538360596,-0.07011110942286791,0.09784847497940063,-0.35453665256500244,-0.10913692276400866,0.09612029790878296,-0.25836044549942017,-0.12765143673343005,0.009935468435287476,-0.35171377658843994,-0.01636326919717135,0.03724402189254761,-0.4729911983013153,-0.08357401053828539,0.048698365688323975,-0.3549954295158386,-0.11868695031327547,0.05511319637298584,-0.2551383972167969,-0.12598579983634295,-0.047303199768066406,-0.33448153734207153,-0.029230161117737907,-0.033592551946640015,-0.455913245677948,-0.0966294617525989,-0.010300815105438232,-0.33131253719329834,-0.11344444613379778,0.0014818906784057617,-0.232802152633667,-0.10713077943248095,-0.10285934805870056,-0.2991204261779785,-0.044843780355876106,-0.08941295742988586,-0.334705650806427,-0.1007943959109241,-0.06693103909492493,-0.26940667629241943,-0.11766130338830294,-0.05577188730239868,-0.22716671228408813,-0.11815942685527148
M,0.0,0.0,0.0,0.053420811891555786,-0.0916675329208374,-0.04332160170253019,0.05204257369041443,-0.23384243249893188,-0.06587781350191335,-0.02691832184791565,-0.30634790658950806,-0.08841241489227514,-0.0877629816532135,-0.3680960536003113,-0.1048835251766036,0.0650201141834259,-0.3489680290222168,-0.014332557684440417,0.09028330445289612,-0.4476097822189331,-0.07169353555019597,0.09828880429267883,-0.35556238889694214,-0.11142254213865499,0.0989668071269989,-0.2598293423652649,-0.13056802342708806,0.010330021381378174,-0.3493446707725525,-0.01760983805235128,0.03948017954826355,-0.47101879119873047,-0.08500548790271978,0.05221936106681824,-0.35432982444763184,-0.12071765552337865,0.05898377299308777,-0.2532653212547302,-0.12881443987663488,-0.04629397392272949,-0.33236026763916016,-0.03008728812511663,-0.032822102308273315,-0.4520644545555115,-0.09818359057481985,-0.007846921682357788,-0.32946568727493286,-0.1161631528573821,0.005334824323654175,-0.22918742895126343,-0.11061269383009176,-0.10258331894874573,-0.2971819043159485,-0.04505580256756048,-0.08897924423217773,-0.33189040422439575,-0.10219013284023504,-0.06333163380622864,-0.2646470069885254,-0.11975528637941579,-0.04973915219306946,-0.2179369330406189,-0.12050360779340963
M,0.0,0.0,0.0,0.054829150438308716,-0.08922940492630005,-0.04201452507768977,0.0548149049282074,-0.23737859725952148,-0.06330908908640254,-0.029322564601898193,-0.30674314498901367,-0.08517494126354563,-0.09400954842567444,-0.36536192893981934,-0.10058231725489009,0.06616178154945374,-0.34949541091918945,-0.011517705201555373,0.09204217791557312,-0.44595691561698914,-0.06797484382187235,0.09895113110542297,-0.34999793767929077,-0.10672859921251643,0.09803703427314758,-0.2533451318740845,-0.12514185234104502,0.008695036172866821,-0.34807640314102173,-0.01579713336323607,0.03729751706123352,-0.46698683500289917,-0.08270863517319071,0.050217002630233765,-0.34795135259628296,-0.11815156116281855,0.056423574686050415,-0.24824172258377075,-0.1260724745610844,-0.04962199926376343,-0.329908549785614,-0.029493671647657038,-0.034255653619766235,-0.44928866624832153,-0.09557711406742442,-0.009661614894866943,-0.3254379630088806,-0.11316067054067958,0.0021064579486846924,-0.227838933467865,-0.10798258408104289,-0.10558471083641052,-0.2944701910018921,-0.045832351587165476,-0.08930549025535583,-0.3316296339035034,-0.09863828941379893,-0.06703639030456543,-0.2759609818458557,-0.1157861061314236,-0.0575653612613678,-0.24207383394241333,-0.11778507455383647
M,0.0,0.0,0.0,0.052329808473587036,-0.08627176284790039,-0.044809860730879336,0.05026546120643616,-0.2368088960647583,-0.06735308244299176,-0.0333096981048584,-0.30890220403671265,-0.08895578011345151,-0.09646567702293396,-0.3703725337982178,-0.1035550661332536,0.06389650702476501,-0.3524467349052429,-0.017182778189294368,0.09069189429283142,-0.45059317350387573,-0.07506225779127362,0.0965210497379303,-0.3566645383834839,-0.11372183039259198,0.09453430771827698,-0.25963932275772095,-0.1318070940620828,0.007561415433883667,-0.3513995409011841,-0.019670458132736712,0.03713366389274597,-0.4730086922645569,-0.0869915239460397,0.048022955656051636,-0.35720860958099365,-0.1199417911417413,0.052817970514297485,-0.2553172707557678,-0.1256285063869882,-0.04930862784385681,-0.33345121145248413,-0.03156311585973981,-0.035296350717544556,-0.45458418130874634,-0.09858329370092633,-0.011587738990783691,-0.3318222761154175,-0.11282086893390897,-0.00021412968635559082,-0.23315948247909546,-0.10496274157833341,-0.10466721653938293,-0.2973572611808777,-0.046332833910696536,-0.08814218640327454,-0.3269226551055908,-0.10345018431019071,-0.06356194615364075,-0.2547228932380676,-0.11929210796427014,-0.05171802639961243,-0.20747065544128418,-0.11849661692451718
M,0.0,0.0,0.0,0.05511191487312317,-0.09463876485824585,-0.044240561213513274,0.05343183875083923,-0.23570626974105835,-0.0678967134022912,-0.02884042263031006,-0.30406880378723145,-0.09177492269517984,-0.09191721677780151,-0.362795889377594,-0.10965979554893579,0.06362751126289368,-0.34901851415634155,-0.014504221167584319,0.08925148844718933,-0.44450366497039795,-0.07358313062431421,0.09733232855796814,-0.35064613819122314,-0.11429138937236871,0.09860196709632874,-0.25427061319351196,-0.13381792315485086,0.0073893070220947266,-0.3480079174041748,-0.018033393558283706,0.03762677311897278,-0.4699891209602356,-0.08823018231632318,0.05028143525123596,-0.3484370708465576,-0.12524489768983926,0.05706050992012024,-0.2462427020072937,-0.13332336851598825,-0.050263792276382446,-0.3303062319755554,-0.03103721411170568,-0.034657031297683716,-0.4490387737751007,-0.10149840721132364,-0.009861409664154053,-0.3220502734184265,-0.12019792654754724,0.003252774477005005,-0.22097855806350708,-0.11409854599477853,-0.10715720057487488,-0.29437893629074097,-0.046565585669299026,-0.09090667963027954,-0.3301248550415039,-0.10336258718015756,-0.06670206785202026,-0.2678571939468384,-0.12110850670578088,-0.054772645235061646,-0.22726285457611084,-0.1220663906002244
M,0.0,0.0,0.0,0.056321561336517334,-0.0913962721824646,-0.04276304603860126,0.05461132526397705,-0.24164271354675293,-0.06430444033190952,-0.03245621919631958,-0.3095918893814087,-0.08609244139239536,-0.09859508275985718,-0.36818981170654297,-0.10116182924554096,0.06450021266937256,-0.3465304970741272,-0.012116573800597052,0.09114176034927368,-0.4425387978553772,-0.06976837576672779,0.09838652610778809,-0.3482482433319092,-0.10912503213927494,0.09764617681503296,-0.2518315315246582,-0.12793423892304645,0.006394922733306885,-0.3450431227684021,-0.015984070536944728,0.036573827266693115,-0.46422049403190613,-0.08364120782658802,0.048288166522979736,-0.3469861149787903,-0.11928543360278354,0.0531003475189209,-0.24745112657546997,-0.12750869156167255,-0.05239361524581909,-0.3284093141555786,-0.029507334393713336,-0.033751338720321655,-0.44558775424957275,-0.0963474726800655,-0.011090189218521118,-0.32269173860549927,-0.11435938538357959,-0.0017594695091247559,-0.22581708431243896,-0.10977236838385807,-0.10807937383651733,-0.2944485545158386,-0.045768118513080935,-0.0872725248336792,-0.3224474787712097,-0.09970540465161548,-0.06446993350982666,-0.2637897729873657,-0.11810372681662784,-0.05564373731613159,-0.2301613688468933,-0.12118326784417377
M,0.0,0.0,0.0,0.05655395984649658,-0.0926782488822937,-0.04349910666053347,0.05404740571975708,-0.2429819107055664,-0.06593039457504801,-0.03224489092826843,-0.30981016159057617,-0.08795331989233546,-0.09821349382400513,-0.3661040663719177,-0.10328268830483012,0.06256371736526489,-0.3491438627243042,-0.016160044938374085,0.09044623374938965,-0.44427549839019775,-0.07455082063381724,0.0971517562866211,-0.34888434410095215,-0.1137824786156898,0.0958666205406189,-0.25181108713150024,-0.13227575097982935,0.005694359540939331,-0.3465130925178528,-0.019455408796716256,0.038313865661621094,-0.46695810556411743,-0.08763709490006022,0.049279630184173584,-0.35129618644714355,-0.1220866349787002,0.05303549766540527,-0.24966150522232056,-0.12897977803652338,-0.051574647426605225,-0.3286947011947632,-0.032146750137258095,-0.034135639667510986,-0.44775304198265076,-0.09940062288944773,-0.010187238454818726,-0.3259095549583435,-0.11620344792311244,0.0003940463066101074,-0.22713041305541992,-0.11037533555929713,-0.1063317060470581,-0.2932742238044739,-0.0475922619253879,-0.08453670144081116,-0.3195036053657532,-0.1038095188588386,-0.0594441294670105,-0.2540096044540405,-0.12194052164261393,-0.0488857626914978,-0.21290743350982666,-0.12372339342539362
M,0.0,0.0,0.0,0.0551200807094574,-0.09426748752593994,-0.042953783456766814,0.05323103070259094,-0.2406805157661438,-0.06552801448532364,-0.029915064573287964,-0.3100956082344055,-0.08798168021866104,-0.0942825973033905,-0.3678516745567322,-0.10408643800445816,0.06198814511299133,-0.3503915071487427,-0.015167389806890696,0.08889171481132507,-0.44716471433639526,-0.07386941630073807,0.0963796079158783,-0.3528757095336914,-0.113703729395354,0.09542778134346008,-0.25573647022247314,-0.13240321892925522,0.005855560302734375,-0.34780198335647583,-0.01859362218209526,0.0375998318195343,-0.4685538113117218,-0.08679633009859344,0.04953131079673767,-0.3531140685081482,-0.12147925961443207,0.053969115018844604,-0.2512519955635071,-0.12849366087147018,-0.05098375678062439,-0.3293471932411194,-0.03137329760619423,-0.03541424870491028,-0.4491163492202759,-0.09945925492473862,-0.010565519332885742,-0.3273446559906006,-0.1159651966733577,0.0012265145778656006,-0.22713309526443481,-0.1093707250399234,-0.10654649138450623,-0.2935439944267273,-0.04677089098521492,-0.08847904205322266,-0.32513248920440674,-0.10390279609390518,-0.06239670515060425,-0.2583814859390259,-0.12111985850759766,-0.04987099766731262,-0.2136017084121704,-0.12152151185699722
M,0.0,0.0,0.0,0.05635300278663635,-0.09412771463394165,-0.042767313831944875,0.05479392409324646,-0.24427884817123413,-0.0649060733257727,-0.029466688632965088,-0.31350278854370117,-0.08694328140606444,-0.09477844834327698,-0.37078768014907837,-0.10247847210754912,0.06370618939399719,-0.34962379932403564,-0.014714504183729105,0.09063449501991272,-0.4467725157737732,-0.07339086901535552,0.09766164422035217,-0.35319846868515015,-0.11319008242477935,0.09656688570976257,-0.256009578704834,-0.13178868364681762,0.006828337907791138,-0.3469637632369995,-0.018052631580729894,0.03801867365837097,-0.468511164188385,-0.08594198297848266,0.04910263419151306,-0.35372763872146606,-0.12028228264441054,0.05278769135475159,-0.25137585401535034,-0.1271146662174658,-0.05058416724205017,-0.32938623428344727,-0.030842231178183965,-0.034656673669815063,-0.4495570659637451,-0.09777650009979766,-0.011057138442993164,-0.329586386680603,-0.11427615355839293,-0.0006832778453826904,-0.22982585430145264,-0.10809290181984466,-0.1060904860496521,-0.2952880263328552,-0.046356686913867406,-0.08726391196250916,-0.32608669996261597,-0.10178580653061431,-0.06188902258872986,-0.2594027519226074,-0.1188671938716368,-0.050628989934921265,-0.21405363082885742,-0.11971547972549956
M,0.0,0.0,0.0,0.00983285903930664,-0.07846701145172119,-0.047861751843527145,0.000878751277923584,-0.20535898208618164,-0.07177361913426239,-0.04029959440231323,-0.2889214754104614,-0.09461351551516373,-0.07150262594223022,-0.37130922079086304,-0.11049562015040237,0.041619300842285156,-0.34555017948150635,-0.018630106676653213,0.07238620519638062,-0.4452784061431885,-0.07748251475794632,0.07399541139602661,-0.35165494680404663,-0.11852645196421463,0.07176274061203003,-0.2491742968559265,-0.13806371458275635,0.016075462102890015,-0.3531627655029297,-0.019299263809159584,0.043096184730529785,-0.4803747236728668,-0.08857953615887482,0.045353472232818604,-0.35905808210372925,-0.12549088962776977,0.04917198419570923,-0.25275784730911255,-0.13294962115986664,-0.01604488492012024,-0.3429381847381592,-0.02936881475551445,-0.008507192134857178,-0.46901601552963257,-0.09939524598820526,0.005148738622665405,-0.348666250705719,-0.1177272430847438,0.015312343835830688,-0.24421268701553345,-0.11061203547222931,-0.0525396466255188,-0.31184881925582886,-0.04224357448919136,-0.059175044298172,-0.36389803886413574,-0.10265918888552505,-0.04361414909362793,-0.29626405239105225,-0.12041274525626022,-0.030963540077209473,-0.23662757873535156,-0.11893953450424988
M,0.0,0.0,0.0,0.047801584005355835,-0.09091365337371826,-0.03777599292260447,0.04949858784675598,-0.22280281782150269,-0.058159477584183605,-0.01818782091140747,-0.29902970790863037,-0.08100901874166766,-0.07102587819099426,-0.3659002184867859,-0.09846524479252139,0.06303688883781433,-0.34717708826065063,-0.009570146486282738,0.08543738722801208,-0.4508959650993347,-0.0624767612145547,0.09236922860145569,-0.359724760055542,-0.09838522555691043,0.09336516261100769,-0.26860612630844116,-0.11488139959436694,0.010906219482421875,-0.3467130661010742,-0.01548867630225459,0.03417918086051941,-0.47468215227127075,-0.07858316930395404,0.04649290442466736,-0.35561221837997437,-0.1115308436976079,0.05360475182533264,-0.25683510303497314,-0.11804890217644015,-0.0440143346786499,-0.3285965919494629,-0.030054335989177616,-0.032386958599090576,-0.45439228415489197,-0.09549398305279055,-0.008592694997787476,-0.3288470506668091,-0.11081834467512408,0.004143863916397095,-0.22540593147277832,-0.10264774741989413,-0.09941765666007996,-0.29379016160964966,-0.04671986358624736,-0.09546193480491638,-0.3559991717338562,-0.0978536713348035,-0.07202067971229553,-0.30281543731689453,-0.11067259641748706,-0.05776172876358032,-0.2569444179534912,-0.108279268764079
M,0.0,0.0,0.0,0.05160725116729736,-0.08871585130691528,-0.04310583953733271,0.0524139404296875,-0.22990745306015015,-0.06454457228059596,-0.022133678197860718,-0.3044701814651489,-0.08727870766992396,-0.0833139717578888,-0.3663979768753052,-0.1043362382518751,0.060785889625549316,-0.3508008122444153,-0.010210878932724654,0.08699631690979004,-0.44906294345855713,-0.06616522257203883,0.09393739700317383,-0.35636091232299805,-0.10507663969869441,0.09397602081298828,-0.261214017868042,-0.12301172201509303,0.006238847970962524,-0.35216349363327026,-0.013675691345582663,0.03384953737258911,-0.4719765782356262,-0.08028927330846614,0.046361565589904785,-0.3497440218925476,-0.11661150191898173,0.05445581674575806,-0.2492978572845459,-0.12424680476064509,-0.04991629719734192,-0.33441364765167236,-0.026568705933044612,-0.036253929138183594,-0.45267921686172485,-0.09205318872804469,-0.013352900743484497,-0.3268263339996338,-0.10964669917697734,-0.0004430711269378662,-0.22518104314804077,-0.10303857062930888,-0.1054108738899231,-0.2984616160392761,-0.04225183536286181,-0.10353606939315796,-0.35071903467178345,-0.09050145630712336,-0.0836518406867981,-0.3047277331352234,-0.10435975973481959,-0.07044979929924011,-0.2700985074043274,-0.10347553973073786
M,0.0,0.0,0.0,0.04691123962402344,-0.08765625953674316,-0.04540935596102713,0.04611438512802124,-0.23085886240005493,-0.0677737451123619,-0.024104177951812744,-0.30887603759765625,-0.09090260481113432,-0.08181649446487427,-0.3761441707611084,-0.10765697871917723,0.06073892116546631,-0.35301023721694946,-0.012445075154545293,0.08546441793441772,-0.45664462447166443,-0.07094343071455,0.09128785133361816,-0.3657355308532715,-0.11147987907403945,0.08934235572814941,-0.26856982707977295,-0.12962541794055937,0.006856471300125122,-0.3528820872306824,-0.014642608069124208,0.0312579870223999,-0.4772073030471802,-0.08230935847038268,0.041935086250305176,-0.35907644033432007,-0.11864470010274886,0.04847139120101929,-0.25789886713027954,-0.12599701499217986,-0.048761963844299316,-0.3357943892478943,-0.026635997645797715,-0.03823092579841614,-0.45702898502349854,-0.09274325584644316,-0.016152262687683105,-0.33471381664276123,-0.10920803313726424,-0.004143327474594116,-0.23283445835113525,-0.10144265805953978,-0.10417526960372925,-0.30129897594451904,-0.041740410678329454,-0.10177361965179443,-0.35802000761032104,-0.09084626352066039,-0.07867717742919922,-0.3056612014770508,-0.10306786810630797,-0.06327962875366211,-0.2621850371360779,-0.10012415116304396
M,0.0,0.0,0.0,0.04786992073059082,-0.09710222482681274,-0.03969831068005192,0.047638893127441406,-0.23396921157836914,-0.060003821290393944,-0.019402116537094116,-0.3063409924507141,-0.08185686964478123,-0.07571068406105042,-0.3691284656524658,-0.09866963375296223,0.061488330364227295,-0.3523884415626526,-0.009421095735689278,0.08759969472885132,-0.4498513340950012,-0.06490407932486164,0.09335869550704956,-0.35849106311798096,-0.10388975638832676,0.0919085144996643,-0.2627120614051819,-0.12222436863865482,0.00861823558807373,-0.3537359833717346,-0.013887117169161911,0.0356711745262146,-0.4771794378757477,-0.08096358228411304,0.046994924545288086,-0.3523324728012085,-0.11764392305101978,0.053021788597106934,-0.2484753131866455,-0.12546349365200626,-0.04717457294464111,-0.33718550205230713,-0.027197259030600662,-0.034181416034698486,-0.4592892527580261,-0.09475438345160114,-0.010960191488265991,-0.3334091305732727,-0.11405590970005619,0.0009138882160186768,-0.22784775495529175,-0.10801076937403309,-0.1036495566368103,-0.3028244376182556,-0.04256891880120861,-0.10126248002052307,-0.35678666830062866,-0.0961086531349622,-0.07917329668998718,-0.3010772466659546,-0.11257812429155933,-0.06591615080833435,-0.25442856550216675,-0.11234904874052631
M,0.0,0.0,0.0,0.04954564571380615,-0.0936664342880249,-0.0401836121452277,0.05001533031463623,-0.2306075096130371,-0.060245660133404044,-0.020960956811904907,-0.30392003059387207,-0.0820346074176257,-0.07754331827163696,-0.36780697107315063,-0.09832024294857433,0.06126171350479126,-0.3547292947769165,-0.004544655792159347,0.08587098121643066,-0.45285654067993164,-0.0608132453632777,0.09233593940734863,-0.3616505265235901,-0.10126022715095928,0.09127485752105713,-0.26528310775756836,-0.12035990226988247,0.007466763257980347,-0.35514122247695923,-0.008996113203210143,0.033733069896698,-0.47735175490379333,-0.07590181846146038,0.04476433992385864,-0.3543854355812073,-0.11317600030426433,0.050759196281433105,-0.2527831792831421,-0.12118758726839474,-0.047807663679122925,-0.3371976613998413,-0.022789382375520972,-0.03532344102859497,-0.454220712184906,-0.08968782890562466,-0.012458771467208862,-0.32891786098480225,-0.10744140017752102,-0.0007151663303375244,-0.22750931978225708,-0.10017895419125011,-0.10261127352714539,-0.30070990324020386,-0.038940996862692145,-0.0967073142528534,-0.3510708808898926,-0.09023044723991802,-0.07575398683547974,-0.29199427366256714,-0.10344174224857738,-0.06389892101287842,-0.24675685167312622,-0.10087377298597744
M,0.0,0.0,0.0,0.05221244692802429,-0.09315758943557739,-0.04173260181985938,0.04935404658317566,-0.234483540058136,-0.06326776742778861,-0.028695136308670044,-0.3062947988510132,-0.08651551604114616,-0.09177452325820923,-0.3649356961250305,-0.10411240905366981,0.05904635787010193,-0.34991395473480225,-0.008693405425475476,0.0842653214931488,-0.44853174686431885,-0.06467212736450278,0.09193089604377747,-0.35433030128479004,-0.10377252846799934,0.09167352318763733,-0.256902277469635,-0.12174126505695426,0.0029959678649902344,-0.34856706857681274,-0.012645219451115963,0.03041347861289978,-0.4686177372932434,-0.07933055609308326,0.04393240809440613,-0.3468913435935974,-0.11666102707229697,0.049860209226608276,-0.24595296382904053,-0.12540780007682883,-0.05395349860191345,-0.33023130893707275,-0.02601867355249965,-0.03992602229118347,-0.45018714666366577,-0.0913878232225045,-0.01468554139137268,-0.32416975498199463,-0.11047190427623832,-0.0022538602352142334,-0.22074168920516968,-0.10528146475397193,-0.10876619815826416,-0.2952953577041626,-0.04199167713366592,-0.10183858871459961,-0.34951233863830566,-0.08968211710296714,-0.08081692457199097,-0.31001579761505127,-0.10502764582477653,-0.06996020674705505,-0.28146594762802124,-0.10603241622291648
M,0.0,0.0,0.0,0.05613046884536743,-0.09509766101837158,-0.04114995201456395,0.05416208505630493,-0.25247514247894287,-0.061778273930428895,-0.030697017908096313,-0.3216836452484131,-0.08358629097568837,-0.09905338287353516,-0.3759864568710327,-0.09911213119852391,0.059702277183532715,-0.35120856761932373,-0.010915213761506948,0.08602213859558105,-0.45029979944229126,-0.068010151883243,0.09329825639724731,-0.3551284670829773,-0.10656271179544774,0.09155666828155518,-0.25729602575302124,-0.12370356222021428,0.0013675093650817871,-0.34839046001434326,-0.01473926802503911,0.030583620071411133,-0.4675038754940033,-0.08052037706005422,0.04297834634780884,-0.35066938400268555,-0.11463797887194005,0.047022223472595215,-0.24943745136260986,-0.12156285395252553,-0.05677255988121033,-0.3307405710220337,-0.028192924832580957,-0.04129999876022339,-0.4513641595840454,-0.09036728789436665,-0.017081379890441895,-0.32980436086654663,-0.10530979981052724,-0.007048875093460083,-0.2291521430015564,-0.09877271999943105,-0.1124083399772644,-0.2976909875869751,-0.044678546985267076,-0.10169321298599243,-0.346713662147522,-0.09015464832413045,-0.07790356874465942,-0.3032103180885315,-0.10357042451727239,-0.06628495454788208,-0.2737579941749573,-0.10385002245533315
M,0.0,0.0,0.0,0.05105826258659363,-0.09208673238754272,-0.04557620621491765,0.052671343088150024,-0.23331868648529053,-0.06881705559064244,-0.022530585527420044,-0.30451327562332153,-0.0918649572806487,-0.08384737372398376,-0.3631132245063782,-0.1091524351315627,0.059266358613967896,-0.3496897220611572,-0.01677869892884587,0.08757266402244568,-0.44790035486221313,-0.07708018160630559,0.09230443835258484,-0.35432785749435425,-0.11828417218495701,0.09027740359306335,-0.254055380821228,-0.13689639306832646,0.004841119050979614,-0.34850192070007324,-0.018744909011019217,0.037244051694869995,-0.47330808639526367,-0.08996327853967045,0.04672268033027649,-0.3512243628501892,-0.12674934304524754,0.05000033974647522,-0.24545907974243164,-0.13349910713006352,-0.050109535455703735,-0.3311408758163452,-0.030293864004505622,-0.03510361909866333,-0.4531572461128235,-0.10136758423615788,-0.01098567247390747,-0.32821667194366455,-0.11981079614926671,0.001258939504623413,-0.22195494174957275,-0.1122615922169814,-0.10511931777000427,-0.2976219058036804,-0.04438465348650311,-0.09857404232025146,-0.35190969705581665,-0.10154940820504521,-0.07359334826469421,-0.29341834783554077,-0.11823508775998448,-0.058385878801345825,-0.24485260248184204,-0.11712799108792638
M,0.0,0.0,0.0,0.03903260827064514,-0.08713269233703613,-0.046759078433666446,0.03780058026313782,-0.22058993577957153,-0.07010496981993697,-0.023261040449142456,-0.2992035150527954,-0.0930209440793135,-0.07016339898109436,-0.37183982133865356,-0.10960815676108382,0.06320753693580627,-0.35384780168533325,-0.015343067390773513,0.08833757042884827,-0.45630067586898804,-0.07367441632405303,0.0913151204586029,-0.36594533920288086,-0.11480195649519942,0.0894751250743866,-0.26901572942733765,-0.1346350220646002,0.01512858271598816,-0.35660505294799805,-0.016693376159224727,0.04094156622886658,-0.48486897349357605,-0.08532611109868071,0.045699745416641235,-0.364452064037323,-0.12189639933959029,0.04957088828086853,-0.2620728611946106,-0.12931664862290404,-0.03581368923187256,-0.34083110094070435,-0.027521129852090098,-0.028142333030700684,-0.4640531539916992,-0.09643654354468367,-0.010464370250701904,-0.34245753288269043,-0.11303873189345381,0.0011584460735321045,-0.2414453625679016,-0.10479558088437102,-0.08849909901618958,-0.30564796924591064,-0.04117166825190566,-0.08927944302558899,-0.3567792773246765,-0.09758151151791594,-0.06968796253204346,-0.2897801995277405,-0.11205564268485091,-0.055460065603256226,-0.23663628101348877,-0.10900807209864638
M,0.0,0.0,0.0,0.015677839517593384,-0.08460646867752075,-0.04067316259443032,0.00818723440170288,-0.20525085926055908,-0.06146299819647538,-0.03918120265007019,-0.28287506103515625,-0.0836451088935064,-0.0731053352355957,-0.36050575971603394,-0.0996232515126394,0.04266732931137085,-0.34544527530670166,-0.005401316370807763,0.07045716047286987,-0.4421382546424866,-0.05653801913558709,0.07527482509613037,-0.34824562072753906,-0.09373040850459802,0.0750967264175415,-0.2538987994194031,-0.11219184453784692,0.014422476291656494,-0.35098177194595337,-0.008732731260352011,0.0366249680519104,-0.47389736771583557,-0.07113866116105783,0.04255479574203491,-0.3476475477218628,-0.10575516875087487,0.047028541564941406,-0.2456287145614624,-0.11318607981502282,-0.019783496856689453,-0.3397900462150574,-0.021060351088635798,-0.009903252124786377,-0.4610000252723694,-0.08604666943847405,0.0056573450565338135,-0.3378095030784607,-0.10345699246227014,0.013436853885650635,-0.23433297872543335,-0.09685355032979714,-0.056702494621276855,-0.30995064973831177,-0.03577289710938203,-0.054984092712402344,-0.36471837759017944,-0.09048536027967202,-0.03930926322937012,-0.29573267698287964,-0.1055058648735212,-0.030586838722229004,-0.23527848720550537,-0.10373044367133843
M,0.0,0.0,0.0,0.053114861249923706,-0.09415465593338013,-0.031764804056223284,0.058550089597702026,-0.234843909740448,-0.0482551554649433,-0.011481612920761108,-0.3085838556289673,-0.06797134005122984,-0.0683298110961914,-0.37082362174987793,-0.08268859856420363,0.0630214512348175,-0.3488442897796631,-0.0025021919480820998,0.08601978421211243,-0.4507765471935272,-0.05240635075264777,0.09186437726020813,-0.356533408164978,-0.08613735311323012,0.092195063829422,-0.2649872899055481,-0.10183568917804564,0.009695827960968018,-0.3482326865196228,-0.010531775323983084,0.035534411668777466,-0.47442924976348877,-0.07119393222623671,0.047073572874069214,-0.35466480255126953,-0.10195637368255461,0.0535224974155426,-0.25494664907455444,-0.10712200277143324,-0.04628339409828186,-0.32964831590652466,-0.026762720799382578,-0.03052535653114319,-0.45647791028022766,-0.09036685400300826,-0.007549077272415161,-0.32791805267333984,-0.10342284165912474,0.0036028027534484863,-0.22445034980773926,-0.09431469314390029,-0.10275492072105408,-0.294127881526947,-0.044599576523836504,-0.09390449523925781,-0.34872758388519287,-0.09718996905380095,-0.06996551156044006,-0.2842533588409424,-0.10994538538747634,-0.05593189597129822,-0.23430252075195312,-0.10723298662000502
M,0.0,0.0,0.0,0.040472447872161865,-0.08395922183990479,-0.0442536206091404,0.0416446328163147,-0.2180284857749939,-0.06601073156247139,-0.02096349000930786,-0.2944730520248413,-0.08819345693240166,-0.0697655975818634,-0.3658260107040405,-0.10440635244498253,0.06282329559326172,-0.3481178283691406,-0.014519863120710852,0.08887726068496704,-0.4510563611984253,-0.06939908425459862,0.0915183424949646,-0.3567745089530945,-0.10743882815489769,0.08952724933624268,-0.2604958415031433,-0.12575459043631554,0.013418346643447876,-0.3505632281303406,-0.017127565398311617,0.03832191228866577,-0.47851890325546265,-0.08340386609683037,0.044971764087677,-0.3545719385147095,-0.11938201944479943,0.05108875036239624,-0.2532051205635071,-0.1269465641225338,-0.03902238607406616,-0.33445215225219727,-0.028672325714921953,-0.02969527244567871,-0.4615516662597656,-0.09611528675208092,-0.010237127542495728,-0.33631789684295654,-0.1139322848165989,0.0022169947624206543,-0.2333853840827942,-0.10709942440638542,-0.09230530261993408,-0.29989272356033325,-0.04263954545507431,-0.09471863508224487,-0.3545495271682739,-0.09787055413374901,-0.07583779096603394,-0.29164576530456543,-0.11363117705235481,-0.06222841143608093,-0.24066054821014404,-0.11233741353402138
M,0.0,0.0,0.0,0.05170533061027527,-0.09327894449234009,-0.036348579380273804,0.057727962732315063,-0.22760480642318726,-0.054734403196334824,-0.013640254735946655,-0.3003946542739868,-0.07618430435991286,-0.07134455442428589,-0.3602702021598816,-0.09247241348361968,0.0639406144618988,-0.35175275802612305,-0.00033589523968657886,0.08756491541862488,-0.4489510953426361,-0.05248016298151015,0.09374544024467468,-0.35367846488952637,-0.08917135179376601,0.09413185715675354,-0.26113390922546387,-0.1062752696905136,0.009619742631912231,-0.3498106598854065,-0.007071380432307706,0.0340447723865509,-0.4713094234466553,-0.07148118496274947,0.04648980498313904,-0.3463316559791565,-0.10654975653028487,0.05561074614524841,-0.24615263938903809,-0.11331863135433196,-0.04613560438156128,-0.3299345374107361,-0.02280764833426474,-0.033065736293792725,-0.44810986518859863,-0.08912447274065016,-0.009719520807266235,-0.3186448812484741,-0.10554997057056426,0.0038155317306518555,-0.21598541736602783,-0.09734986901617049,-0.1021452248096466,-0.29359257221221924,-0.040531689229965195,-0.09965535998344421,-0.3505074977874756,-0.09082794368600844,-0.08019539713859558,-0.292752206325531,-0.10288713306522368,-0.0672081708908081,-0.24838072061538696,-0.09981440186834334
M,0.0,0.0,0.0,0.04506021738052368,-0.08903282880783081,-0.04366263551557381,0.04532068967819214,-0.22670704126358032,-0.0652623119756015,-0.02558004856109619,-0.3039059638977051,-0.08799050925219376,-0.08243072032928467,-0.37045228481292725,-0.10476432172501404,0.062280356884002686,-0.3514651656150818,-0.00960686234677155,0.08514350652694702,-0.45338135957717896,-0.06569121954882462,0.08946853876113892,-0.3617415428161621,-0.10487254140818436,0.08769524097442627,-0.2660176753997803,-0.12290740935051758,0.008404195308685303,-0.35204070806503296,-0.012426186259034466,0.03260093927383423,-0.475678026676178,-0.07883753804409821,0.041811347007751465,-0.35529911518096924,-0.11488650171006043,0.04825061559677124,-0.2555648684501648,-0.12228972641671021,-0.04705646634101868,-0.33466053009033203,-0.024749401862862896,-0.03625798225402832,-0.4561690092086792,-0.09146830616438706,-0.015902280807495117,-0.3315522074699402,-0.10826663104737122,-0.004102587699890137,-0.2297964096069336,-0.10052219955170472,-0.10295629501342773,-0.29956793785095215,-0.0397426019414695,-0.10311725735664368,-0.3571857810020447,-0.0906774270340236,-0.0836721658706665,-0.30177628993988037,-0.10346706388438065,-0.06969940662384033,-0.25712162256240845,-0.10062704412186463
M,0.0,0.0,0.0,0.036813050508499146,-0.08557331562042236,-0.04837422642808065,0.033987730741500854,-0.21350634098052979,-0.07343419838647947,-0.027362287044525146,-0.2917858362197876,-0.09814765501718625,-0.07467955350875854,-0.36580926179885864,-0.11676198441486463,0.05892249941825867,-0.35033345222473145,-0.016785841546465008,0.08598783612251282,-0.45031166076660156,-0.07529558438758954,0.09148427844047546,-0.3599926829338074,-0.11696107882957563,0.0901879370212555,-0.2626867890357971,-0.13699805933933362,0.012478530406951904,-0.3534146547317505,-0.017533222324658482,0.03903123736381531,-0.47871559858322144,-0.08621368009548291,0.04731306433677673,-0.3565678000450134,-0.12401768017511472,0.05254057049751282,-0.25330936908721924,-0.13254025775890454,-0.037870705127716064,-0.3384394645690918,-0.027816522977758495,-0.02833378314971924,-0.46182501316070557,-0.09802434045772657,-0.00746232271194458,-0.3378239870071411,-0.11707953561048612,0.004833638668060303,-0.23295468091964722,-0.11029254842500791,-0.09020993113517761,-0.30402833223342896,-0.04084388736586675,-0.09036847949028015,-0.3561566472053528,-0.09921442169647321,-0.06765273213386536,-0.28965914249420166,-0.11554406780700788,-0.0521426796913147,-0.23381245136260986,-0.11359709698658094
M,0.0,0.0,0.0,0.05084437131881714,-0.09332770109176636,-0.03712029597957667,0.05478799343109131,-0.23037463426589966,-0.05563364020784434,-0.01818782091140747,-0.3027624487876892,-0.0766310378094488,-0.07691788673400879,-0.363183856010437,-0.0922846033354574,0.06313931941986084,-0.3520592451095581,-0.002667592430981358,0.0865526795387268,-0.45003825426101685,-0.05544701806505259,0.0926440954208374,-0.35417765378952026,-0.09232517174680765,0.09295028448104858,-0.26078736782073975,-0.10963161877592142,0.008130252361297607,-0.3511123061180115,-0.00878806068797644,0.033254265785217285,-0.4727081060409546,-0.07318135938842829,0.04507577419281006,-0.34634244441986084,-0.10771498671968516,0.05317890644073486,-0.24580931663513184,-0.11440203926761683,-0.048488736152648926,-0.3318834900856018,-0.02386911801298197,-0.03555092215538025,-0.45156142115592957,-0.08981478802164133,-0.01147150993347168,-0.32209116220474243,-0.105786947824555,0.0017563998699188232,-0.2195194959640503,-0.09772226057251032,-0.10515516996383667,-0.29540979862213135,-0.04098531074126299,-0.10041683912277222,-0.35057103633880615,-0.09218157670696314,-0.0790356695652008,-0.2882707715034485,-0.10458482644756373,-0.06592273712158203,-0.24081510305404663,-0.10172252199848231
M,0.0,0.0,0.0,0.05297660827636719,-0.09518951177597046,-0.04088364474242212,0.055525362491607666,-0.23931044340133667,-0.06074010140960695,-0.02044352889060974,-0.3136385679244995,-0.08214366741245271,-0.08319029211997986,-0.3745054602622986,-0.0976708636409569,0.0630444884300232,-0.3565698266029358,-0.005644180139057653,0.08555865287780762,-0.4561195373535156,-0.061933595014266984,0.09013205766677856,-0.3594510555267334,-0.10122587091987612,0.08835148811340332,-0.26350265741348267,-0.11946933276718141,0.007309854030609131,-0.3556179404258728,-0.009711119604759233,0.0313105583190918,-0.47746628522872925,-0.07631958581274034,0.041664958000183105,-0.3552372455596924,-0.11201790280406954,0.04882979393005371,-0.256305456161499,-0.11917909540002825,-0.049225687980651855,-0.3369395136833191,-0.02334439314668657,-0.03781118988990784,-0.45762011408805847,-0.08934486217563631,-0.016147106885910034,-0.33151888847351074,-0.10510783947771074,-0.00405845046043396,-0.23155659437179565,-0.09711782939498903,-0.1055675745010376,-0.30045413970947266,-0.03955954991047861,-0.10070750117301941,-0.35177385807037354,-0.08954070813720705,-0.08094263076782227,-0.2940799593925476,-0.10206528313224794,-0.06842362880706787,-0.25303661823272705,-0.09956725992029192
M,0.0,0.0,0.0,0.04873254895210266,-0.09073841571807861,-0.04505144472130951,0.05023464560508728,-0.2279617190361023,-0.06794236267813858,-0.024418920278549194,-0.3020074963569641,-0.09106089587220367,-0.08366087079048157,-0.3646355867385864,-0.10832018817671951,0.061278969049453735,-0.3508755564689636,-0.014014508043317164,0.08610442280769348,-0.45313942432403564,-0.07116682494887527,0.09051397442817688,-0.3586950898170471,-0.11072176362284836,0.0894116461277008,-0.2617049217224121,-0.1296067204595488,0.00698283314704895,-0.351901650428772,-0.016414393138973082,0.033356934785842896,-0.4798496961593628,-0.08536582107552704,0.04297235608100891,-0.3552672863006592,-0.12212539876708206,0.04903027415275574,-0.25308459997177124,-0.12957965995082077,-0.04824993014335632,-0.3351515531539917,-0.028129354518739547,-0.03706812858581543,-0.4597723186016083,-0.0970151614666861,-0.01400214433670044,-0.33239424228668213,-0.11424316878327545,-0.0011911094188690186,-0.2292191982269287,-0.10644162113675293,-0.10332420468330383,-0.3004457354545593,-0.042379830432025756,-0.0993184745311737,-0.3536466956138611,-0.09629331196555313,-0.077445387840271,-0.2918964624404907,-0.11074477101573166,-0.06452196836471558,-0.24539685249328613,-0.10877073968657669
M,0.0,0.0,0.0,0.05079329013824463,-0.09487253427505493,-0.0423506478691138,0.05138581991195679,-0.23441636562347412,-0.06371743035555255,-0.021967440843582153,-0.3071087598800659,-0.08653924417734515,-0.0809866189956665,-0.3692988157272339,-0.10359088880062473,0.061758458614349365,-0.35628408193588257,-0.009472580524686691,0.08489292860031128,-0.4569944143295288,-0.06621898514271152,0.09048241376876831,-0.3606046438217163,-0.10602784705400836,0.09002441167831421,-0.2646467685699463,-0.12507795346022021,0.007025986909866333,-0.3558509349822998,-0.013738347115520355,0.0314483642578125,-0.4803881049156189,-0.08161774826288593,0.04237401485443115,-0.35427939891815186,-0.1188179979944266,0.049754798412323,-0.254605233669281,-0.1271100397133864,-0.04922255873680115,-0.33699697256088257,-0.027372455122474548,-0.03811448812484741,-0.45979154109954834,-0.09479771358013522,-0.015875548124313354,-0.33029240369796753,-0.11184782338381183,-0.003523588180541992,-0.22840899229049683,-0.10447588366508853,-0.10541364550590515,-0.2997235059738159,-0.04355191987991702,-0.10186907649040222,-0.3540288805961609,-0.09364005726814639,-0.08360457420349121,-0.2987721562385559,-0.1066579799079932,-0.07351449131965637,-0.259935200214386,-0.10484274280310046
M,0.0,0.0,0.0,0.04795551300048828,-0.09680241346359253,-0.04260451222143047,0.04926031827926636,-0.23133456707000732,-0.06465748573026531,-0.02189195156097412,-0.30461615324020386,-0.08800507212362163,-0.07937407493591309,-0.3667289614677429,-0.10569186384162776,0.05984675884246826,-0.3526154160499573,-0.010283777176653075,0.08440226316452026,-0.45545220375061035,-0.06830549860677593,0.0894167423248291,-0.3616076111793518,-0.10893919939479701,0.08884060382843018,-0.2648177742958069,-0.12820128226957195,0.006960660219192505,-0.3532906174659729,-0.014081219828938174,0.0329059362411499,-0.4817640483379364,-0.0840259852477061,0.04262131452560425,-0.3575971722602844,-0.12184713656387203,0.049067676067352295,-0.2555196285247803,-0.12981068218431346,-0.04732930660247803,-0.33693432807922363,-0.027313465870236087,-0.03670516610145569,-0.46110063791275024,-0.0965132626362788,-0.01422739028930664,-0.33364689350128174,-0.11423799271068447,-0.0009455680847167969,-0.22938483953475952,-0.10646141941032283,-0.10198214650154114,-0.3031536936759949,-0.04306572923741214,-0.09898680448532104,-0.3588518500328064,-0.09575334066829555,-0.07733362913131714,-0.3022783398628235,-0.11020152891359203,-0.06332668662071228,-0.25831538438796997,-0.10843257481536739
M,0.0,0.0,0.0,0.05203598737716675,-0.09773075580596924,-0.04288274479964116,0.05366569757461548,-0.23456507921218872,-0.064684562961844,-0.021555453538894653,-0.306612491607666,-0.08809267042138913,-0.08231514692306519,-0.3671373724937439,-0.10580151585796216,0.06074261665344238,-0.35667353868484497,-0.007955789211479214,0.08312344551086426,-0.4555266499519348,-0.06604417471149304,0.08954429626464844,-0.3599214553833008,-0.10717136470535138,0.08943390846252441,-0.2636670470237732,-0.1267510285780702,0.004886031150817871,-0.355523943901062,-0.01211258174785712,0.02884042263031006,-0.4788583815097809,-0.08135675696590283,0.04092538356781006,-0.35238730907440186,-0.11937540827253201,0.04867738485336304,-0.25205111503601074,-0.12788831500270703,-0.05162012577056885,-0.3362410068511963,-0.025960097666171578,-0.041138410568237305,-0.4556111693382263,-0.09461336640575269,-0.01759377121925354,-0.3269750475883484,-0.11199870018222668,-0.004728138446807861,-0.22464394569396973,-0.10431740490653851,-0.10838419198989868,-0.2990778684616089,-0.042496659438398865,-0.1042642593383789,-0.3537919521331787,-0.0931296056316171,-0.08358269929885864,-0.29830336570739746,-0.10596675483444074,-0.07155519723892212,-0.2574862241744995,-0.10363360552051404
M,0.0,0.0,0.0,0.04612794518470764,-0.09320068359375,-0.04540170697273993,0.04394957423210144,-0.23080670833587646,-0.06832089615764403,-0.03009459376335144,-0.30358219146728516,-0.09162179721298003,-0.08721014857292175,-0.3676336407661438,-0.10897659105958724,0.05880352854728699,-0.35627543926239014,-0.011913859897873635,0.08256098628044128,-0.4560776352882385,-0.06894137305917525,0.08856692910194397,-0.3610909581184387,-0.10925817830266737,0.08819559216499329,-0.26385605335235596,-0.12882337314786696,0.005042314529418945,-0.35631364583969116,-0.01440450796636128,0.030770570039749146,-0.480541855096817,-0.08247136665286803,0.041030317544937134,-0.35613787174224854,-0.11967026037874007,0.04668417572975159,-0.2547100782394409,-0.12797230822744154,-0.04969248175621033,-0.3382868766784668,-0.026488069126031633,-0.03846710920333862,-0.4606590270996094,-0.09475739640893721,-0.01519671082496643,-0.33396005630493164,-0.11242938382329726,-0.002683579921722412,-0.23114198446273804,-0.10540892524423384,-0.10374900698661804,-0.30166906118392944,-0.041283830681464906,-0.09832450747489929,-0.3537817597389221,-0.09472494913043761,-0.07661119103431702,-0.2927001118659973,-0.10926380349101805,-0.06452062726020813,-0.24772244691848755,-0.10776823354663634
M,0.0,0.0,0.0,0.036256372928619385,-0.08792668581008911,-0.047720870664562653,0.0316847562789917,-0.2202708125114441,-0.07166304691716618,-0.02970758080482483,-0.29659050703048706,-0.09542129441186376,-0.07726192474365234,-0.37010204792022705,-0.11283574505731053,0.057738304138183594,-0.355821430683136,-0.015687458878602456,0.08267456293106079,-0.4571917653083801,-0.07309778287097402,0.08690762519836426,-0.3620958924293518,-0.11388821407243199,0.085277259349823,-0.26409703493118286,-0.13398875548526235,0.011289626359939575,-0.3583798408508301,-0.017030260255779694,0.03579723834991455,-0.48600178956985474,-0.08527689679547734,0.043203771114349365,-0.3605651259422302,-0.12299958123847432,0.048042476177215576,-0.2582319378852844,-0.1316646809785027,-0.03880378603935242,-0.3427584767341614,-0.027867358839358758,-0.02925288677215576,-0.46858394145965576,-0.09688470019980855,-0.00892859697341919,-0.3432193398475647,-0.11563437684461064,0.002589583396911621,-0.23979640007019043,-0.10913765682860799,-0.08985662460327148,-0.30764061212539673,-0.041545065781321,-0.08760184049606323,-0.3596658706665039,-0.09800972296878285,-0.06632336974143982,-0.2946215867996216,-0.11428763224765248,-0.052980124950408936,-0.24314993619918823,-0.1131531174389977
M,0.0,0.0,0.0,0.04043126106262207,-0.09404623508453369,-0.04335662292655229,0.0386318564414978,-0.2229660153388977,-0.06587018015201807,-0.02518942952156067,-0.2971199154853821,-0.08950019570406198,-0.07521581649780273,-0.3638920187950134,-0.10703220161016702,0.061192333698272705,-0.3565945625305176,-0.008173629067499633,0.08353263139724731,-0.45561128854751587,-0.06447122933681726,0.09018599987030029,-0.3601101040840149,-0.10491312982853174,0.0913536548614502,-0.2649482488632202,-0.12466408999975442,0.012761890888214111,-0.35731399059295654,-0.011473271421749587,0.03444802761077881,-0.4807248115539551,-0.0790757382136178,0.044124722480773926,-0.35285651683807373,-0.11612132134254693,0.05130082368850708,-0.25265252590179443,-0.12428245636041879,-0.039295345544815063,-0.3404422402381897,-0.024327329717237944,-0.031695008277893066,-0.4604484438896179,-0.09286358895118951,-0.009616732597351074,-0.332929790019989,-0.11025578471239328,0.003310292959213257,-0.23113131523132324,-0.10257995071228265,-0.09263098239898682,-0.30494534969329834,-0.039783682100136275,-0.08881980180740356,-0.3581303358078003,-0.09412600787695169,-0.0678427517414093,-0.29165154695510864,-0.10811499448831796,-0.05542093515396118,-0.24060159921646118,-0.10555920692499399
M,0.0,0.0,0.0,0.05146077275276184,-0.09653598070144653,-0.03743115709605149,0.053665727376937866,-0.23495721817016602,-0.05734068052353791,-0.023506075143814087,-0.3041754961013794,-0.07992399380984239,-0.08354395627975464,-0.3636326193809509,-0.09707442568125657,0.0635468065738678,-0.35305678844451904,-0.0034541100214653397,0.08564504981040955,-0.4520092308521271,-0.058373718424462595,0.09214118123054504,-0.355832576751709,-0.09689006106438569,0.09297838807106018,-0.26110124588012695,-0.11513557927193574,0.007698863744735718,-0.35088515281677246,-0.010303898616456308,0.03266140818595886,-0.4755389094352722,-0.07721004532160691,0.04379257559776306,-0.34849631786346436,-0.11355630950512818,0.05133536458015442,-0.24712634086608887,-0.12113102422537736,-0.04977485537528992,-0.33165907859802246,-0.026285142539762774,-0.03666147589683533,-0.45236581563949585,-0.09378186510386399,-0.013825058937072754,-0.32237231731414795,-0.11105896429600648,-0.0010787546634674072,-0.2201128602027893,-0.10370449618878297,-0.10727033019065857,-0.29540133476257324,-0.04431735621275834,-0.10170969367027283,-0.34843921661376953,-0.09566609458508424,-0.081266850233078,-0.28973472118377686,-0.10907165603222779,-0.06854310631752014,-0.24698632955551147,-0.10728915677847795
M,0.0,0.0,0.0,0.05065169930458069,-0.09130191802978516,-0.04378272966755503,0.04926291108131409,-0.2358967661857605,-0.06569238380802744,-0.030673503875732422,-0.30736130475997925,-0.08825123683823222,-0.09167549014091492,-0.3703603744506836,-0.10472475366009348,0.06048068404197693,-0.35416901111602783,-0.012470539671312508,0.0853869616985321,-0.45418208837509155,-0.06840695069445246,0.09093919396400452,-0.35833239555358887,-0.10705366359366053,0.09000054001808167,-0.2630610466003418,-0.12542005257023447,0.0049714744091033936,-0.35293734073638916,-0.015861798089872536,0.03295096755027771,-0.4749864339828491,-0.08211496101034754,0.043320149183273315,-0.35314232110977173,-0.11792528257979029,0.04836079478263855,-0.25383973121643066,-0.12596607581986063,-0.05160754919052124,-0.33404964208602905,-0.028681952518354592,-0.038004547357559204,-0.45688489079475403,-0.09438137338770503,-0.01614004373550415,-0.3313191533088684,-0.11161808298243159,-0.005332589149475098,-0.23125135898590088,-0.10558765755308741,-0.10711729526519775,-0.2967151999473572,-0.044167749595771966,-0.10193803906440735,-0.3486785888671875,-0.09445546196116084,-0.0818009078502655,-0.29681068658828735,-0.10908227042568797,-0.07075229287147522,-0.2612661123275757,-0.10910710321081751
M,0.0,0.0,0.0,0.03201910853385925,-0.08470851182937622,-0.049072982312793556,0.026881247758865356,-0.21520447731018066,-0.07463614785825712,-0.0313088595867157,-0.2924054265022278,-0.0988996192232321,-0.07511317729949951,-0.36837148666381836,-0.11663404995357496,0.055603981018066406,-0.34973394870758057,-0.022574668319577995,0.08568263053894043,-0.4497371315956116,-0.08179504567539198,0.08858871459960938,-0.3556309938430786,-0.12279821330463392,0.0855523943901062,-0.25567102432250977,-0.1424975856558035,0.013855695724487305,-0.3535851836204529,-0.023015752004141632,0.044592201709747314,-0.48293426632881165,-0.09277602428352338,0.04955923557281494,-0.3583393096923828,-0.1299255951658438,0.050739288330078125,-0.2530668377876282,-0.13778546595727903,-0.03217726945877075,-0.3404291272163391,-0.032719822169894996,-0.020624220371246338,-0.46733906865119934,-0.10293831074392301,-0.0019350051879882812,-0.34333503246307373,-0.12189687931692106,0.00775068998336792,-0.23879140615463257,-0.11529182785903913,-0.07975363731384277,-0.30797630548477173,-0.04512603351628286,-0.07789325714111328,-0.3617691397666931,-0.10388354355251295,-0.05804818868637085,-0.29646575450897217,-0.12125170374071104,-0.04659867286682129,-0.2422046661376953,-0.1203815727845381
M,0.0,0.0,0.0,0.046133607625961304,-0.09439307451248169,-0.03644077962670167,0.04788908362388611,-0.22423779964447021,-0.05562644934687455,-0.01742759346961975,-0.2980199456214905,-0.0775364834669574,-0.06940361857414246,-0.36250436305999756,-0.09405165648493607,0.06287792325019836,-0.3530612587928772,-0.002951064784411983,0.08296182751655579,-0.45348992943763733,-0.05473175382647355,0.08984062075614929,-0.36110758781433105,-0.09150521194968064,0.09121528267860413,-0.2686464786529541,-0.10893189644846757,0.012057334184646606,-0.35279613733291626,-0.009042562157247858,0.03455665707588196,-0.47694724798202515,-0.07174432760510285,0.0454842746257782,-0.3526800274848938,-0.10580987966093858,0.0512101948261261,-0.25290024280548096,-0.1127133417728885,-0.042151063680648804,-0.3347349166870117,-0.02386954909596284,-0.0317361056804657,-0.4580901265144348,-0.08803345000777085,-0.008878529071807861,-0.3316534161567688,-0.10358913725647767,0.002648293972015381,-0.22908860445022583,-0.0954801041487201,-0.09777182340621948,-0.29825156927108765,-0.04074532276425202,-0.0927514135837555,-0.3592979311943054,-0.09050669258866151,-0.0707775354385376,-0.30017054080963135,-0.10218304878506501,-0.058743447065353394,-0.25192809104919434,-0.09884706622395356
M,0.0,0.0,0.0,0.04555541276931763,-0.09210699796676636,-0.042797222131213175,0.04501831531524658,-0.22506362199783325,-0.06481119557591342,-0.02540963888168335,-0.2989428639411926,-0.08781747832270526,-0.07965347170829773,-0.36405372619628906,-0.10483718230696581,0.06486755609512329,-0.3528115749359131,-0.008106979870518671,0.0884559154510498,-0.45265915989875793,-0.0638320179221239,0.0921792984008789,-0.3582112193107605,-0.10343821659060382,0.09008514881134033,-0.2624050974845886,-0.12236721380921267,0.011055946350097656,-0.35383033752441406,-0.011121505269130694,0.035990357398986816,-0.4754323363304138,-0.07778741731615924,0.04399454593658447,-0.3507167100906372,-0.11423872723551654,0.04871243238449097,-0.2500980496406555,-0.12215700312825106,-0.04428902268409729,-0.33759045600891113,-0.02358225114019774,-0.03371381759643555,-0.45886898040771484,-0.09106926187249087,-0.011856913566589355,-0.33286720514297485,-0.10873779221745394,0.00043341517448425293,-0.22980892658233643,-0.10169092133017443,-0.09896185994148254,-0.30322104692459106,-0.038521710180958735,-0.09349668025970459,-0.35624951124191284,-0.0926406042215433,-0.07114383578300476,-0.29360198974609375,-0.10747646107645892,-0.05731797218322754,-0.24450570344924927,-0.10574250235529803
M,0.0,0.0,0.0,0.047785401344299316,-0.09227114915847778,-0.042908333090991846,0.047034382820129395,-0.23087376356124878,-0.06454287081763255,-0.028446435928344727,-0.3047049641609192,-0.08708121985003459,-0.08692961931228638,-0.3684176206588745,-0.10346148520514475,0.06416338682174683,-0.3540390729904175,-0.008592089487166277,0.0873832106590271,-0.4553602337837219,-0.06528986602828013,0.09137368202209473,-0.362531840801239,-0.10507697224423396,0.09014654159545898,-0.2670583724975586,-0.12392492204710948,0.0089949369430542,-0.35401713848114014,-0.012064404634685388,0.03367018699645996,-0.4789939820766449,-0.07971591114804255,0.04198962450027466,-0.3573169708251953,-0.1161288282255839,0.048247337341308594,-0.2565905451774597,-0.12368128061100947,-0.04754248261451721,-0.3362252116203308,-0.02508155613944041,-0.0370202362537384,-0.4587972164154053,-0.09273631483122813,-0.015480905771255493,-0.33379536867141724,-0.10971706718012797,-0.002620100975036621,-0.23258137702941895,-0.10213649630352961,-0.10362187027931213,-0.30026155710220337,-0.04068456202551829,-0.0991479754447937,-0.35110193490982056,-0.09398387729928004,-0.07796066999435425,-0.289196252822876,-0.1080969011764239,-0.06426763534545898,-0.24267172813415527,-0.10598452746674525
M,0.0,0.0,0.0,0.04804536700248718,-0.0921778678894043,-0.04343140427701542,0.04550394415855408,-0.23356127738952637,-0.06568906758658954,-0.031890869140625,-0.3074958324432373,-0.08885355596177646,-0.09182032942771912,-0.3712426424026489,-0.1058837280117757,0.061987072229385376,-0.3522988557815552,-0.011557692892182558,0.08347728848457336,-0.4565458297729492,-0.06891316477887699,0.0893910825252533,-0.3640235662460327,-0.10867544566028187,0.08974763751029968,-0.2686755657196045,-0.12720766220920154,0.006194204092025757,-0.3518381118774414,-0.01505126175217697,0.02995392680168152,-0.47930577397346497,-0.08328602765433857,0.04039403796195984,-0.3578060269355774,-0.12003765557639667,0.04725971817970276,-0.25687354803085327,-0.12777709518306324,-0.050803810358047485,-0.3348694443702698,-0.02798877400093147,-0.040990620851516724,-0.45840203762054443,-0.09485178743236133,-0.01782768964767456,-0.33334362506866455,-0.11232786182992527,-0.0043485164642333984,-0.23243409395217896,-0.10541342501275608,-0.10694923996925354,-0.30059802532196045,-0.043643749549318045,-0.10219746828079224,-0.3536757230758667,-0.09417861257426807,-0.07934778928756714,-0.2991933822631836,-0.108285646184612,-0.06472724676132202,-0.2587215304374695,-0.10711246286265919
M,0.0,0.0,0.0,0.046922504901885986,-0.09503132104873657,-0.043292382137877894,0.043612778186798096,-0.23479783535003662,-0.06570425383935685,-0.03104931116104126,-0.30881595611572266,-0.08882087968478913,-0.08941096067428589,-0.3721913695335388,-0.10574408374915834,0.0613672137260437,-0.35408300161361694,-0.01127288803647275,0.0845268964767456,-0.45779940485954285,-0.06926200293193574,0.09001070261001587,-0.3648441433906555,-0.10988927386890168,0.08954614400863647,-0.26752644777297974,-0.1290152644384932,0.007185399532318115,-0.35395777225494385,-0.014511457050247145,0.03184288740158081,-0.4802321791648865,-0.08278594665418382,0.041453540325164795,-0.3601008653640747,-0.11986215911994691,0.04712033271789551,-0.2582268714904785,-0.12807903938184495,-0.048510193824768066,-0.3369622230529785,-0.027217581274015856,-0.03902485966682434,-0.4610995054244995,-0.09442202501188035,-0.01623573899269104,-0.33802109956741333,-0.11198826633582826,-0.003518521785736084,-0.235767662525177,-0.10528013609538789,-0.10344552993774414,-0.30256688594818115,-0.04260569937716241,-0.09762540459632874,-0.353420615196228,-0.0949656417239737,-0.07457858324050903,-0.2941854000091553,-0.10962361596713777,-0.06075742840766907,-0.24873536825180054,-0.1084190582502913
M,0.0,0.0,0.0,0.04540303349494934,-0.09263020753860474,-0.044615515326739796,0.04281488060951233,-0.2289336919784546,-0.06765898392129088,-0.029579728841781616,-0.3018985390663147,-0.09093909785676146,-0.0851711630821228,-0.36743515729904175,-0.10815913305211211,0.06126275658607483,-0.3553820848464966,-0.012735042540015229,0.08533719182014465,-0.45418208837509155,-0.06921931431222106,0.09103623032569885,-0.3591688871383667,-0.10916978195834304,0.0907004177570343,-0.26277464628219604,-0.12870633677172805,0.008546382188796997,-0.3552529811859131,-0.015505360258401879,0.034080177545547485,-0.47901269793510437,-0.08282402977872039,0.043652743101119995,-0.35398387908935547,-0.11968396679091597,0.04890516400337219,-0.25208038091659546,-0.1281196035497203,-0.04616677761077881,-0.3372844457626343,-0.027563170348884114,-0.035611480474472046,-0.45976775884628296,-0.09542469755339766,-0.012230902910232544,-0.33447545766830444,-0.11369015351462508,0.0003605484962463379,-0.23208481073379517,-0.10752092376876021,-0.10057598352432251,-0.30083167552948,-0.04218425304222251,-0.09307870268821716,-0.34956324100494385,-0.09712817594933654,-0.06975290179252625,-0.2841697335243225,-0.11277073696780349,-0.05673569440841675,-0.23476064205169678,-0.11192061827111388
M,0.0,0.0,0.0,0.0477885901927948,-0.09353935718536377,-0.04364955409482718,0.04608169198036194,-0.2303915023803711,-0.06636897458747626,-0.02745714783668518,-0.30359435081481934,-0.08998025937989951,-0.08391997218132019,-0.3695923089981079,-0.10752318038657904,0.06263622641563416,-0.35683101415634155,-0.011196540510809427,0.08505156636238098,-0.4577719569206238,-0.06901479496673346,0.09029856324195862,-0.3634129762649536,-0.10980280472949744,0.09016892313957214,-0.26735109090805054,-0.12951233222202063,0.008623212575912476,-0.355815589427948,-0.015084517961895472,0.032742053270339966,-0.4803178310394287,-0.08369145526603461,0.04209330677986145,-0.3565419912338257,-0.12096663548663855,0.048565834760665894,-0.2558674216270447,-0.12940735354140998,-0.04738295078277588,-0.3366329073905945,-0.02847931518272162,-0.03771302103996277,-0.458356112241745,-0.09715078755334616,-0.015687793493270874,-0.3324925899505615,-0.11489543302968741,-0.002489149570465088,-0.2311355471611023,-0.10808343424514533,-0.10358962416648865,-0.29893994331359863,-0.044509004643714434,-0.09828731417655945,-0.3491607904434204,-0.09870857729629279,-0.07750207185745239,-0.2871853709220886,-0.11357567443565131,-0.06471273303031921,-0.2415584921836853,-0.11227089895919562
M,0.0,0.0,0.0,0.04821521043777466,-0.09404665231704712,-0.04385696161224928,0.04545915126800537,-0.2320813536643982,-0.06663547638490286,-0.030743122100830078,-0.30478525161743164,-0.0903448629720458,-0.08835768699645996,-0.3692484498023987,-0.10780105176999655,0.06082427501678467,-0.35608744621276855,-0.010544175241733456,0.08442503213882446,-0.457196980714798,-0.06778480294778433,0.0896959900856018,-0.36259061098098755,-0.10767525616719809,0.08965587615966797,-0.2663930058479309,-0.12660261425807562,0.0059905946254730225,-0.3549678325653076,-0.01402041963919487,0.03172600269317627,-0.478806734085083,-0.08231985751226034,0.04116499423980713,-0.35614246129989624,-0.1190955880625495,0.04728442430496216,-0.25499284267425537,-0.12704730961158361,-0.05030322074890137,-0.33650296926498413,-0.027126871009016895,-0.03890666365623474,-0.45792514085769653,-0.0950303021414527,-0.016456127166748047,-0.33136963844299316,-0.11269353512361135,-0.0030225515365600586,-0.22931480407714844,-0.10582549307181921,-0.10543233156204224,-0.29976338148117065,-0.04298253167107191,-0.09846997261047363,-0.3490763306617737,-0.09572460684611883,-0.07598072290420532,-0.2942214012145996,-0.11118859979941931,-0.061875730752944946,-0.2552541494369507,-0.11073164824082937
M,0.0,0.0,0.0,0.0491003692150116,-0.09444475173950195,-0.0460278815237416,0.04610374569892883,-0.23677539825439453,-0.07004267858542335,-0.032777100801467896,-0.3095737099647522,-0.09411644326723945,-0.09283864498138428,-0.37214958667755127,-0.11187771098889243,0.06091699004173279,-0.35680651664733887,-0.013816857209576483,0.08437606692314148,-0.4560668468475342,-0.07337264852799308,0.08985409140586853,-0.36158013343811035,-0.11502438919819724,0.08864894509315491,-0.2618781328201294,-0.1344743459133042,0.005616545677185059,-0.3548392653465271,-0.016088641679061766,0.03282448649406433,-0.4772614538669586,-0.08547341959751975,0.042030900716781616,-0.35758453607559204,-0.12235034393347632,0.045852333307266235,-0.25413626432418823,-0.13023378836192023,-0.05062076449394226,-0.33602070808410645,-0.028210389858259077,-0.03966587781906128,-0.45730555057525635,-0.09696548568285834,-0.0173225998878479,-0.33355486392974854,-0.11437150972165,-0.005440235137939453,-0.23023086786270142,-0.107366034260167,-0.10610228776931763,-0.2994873523712158,-0.04322498427904975,-0.09973937273025513,-0.3483545184135437,-0.09749048339403998,-0.07592177391052246,-0.28912752866744995,-0.11264236407555472,-0.06174078583717346,-0.24484610557556152,-0.11156270789183509
M,0.0,0.0,0.0,0.04328632354736328,-0.09704506397247314,-0.0456088412664144,0.03982210159301758,-0.2332702875137329,-0.07027654015638518,-0.02951192855834961,-0.30777066946029663,-0.09461371266462493,-0.08383959531784058,-0.37388694286346436,-0.11291476004936385,0.0601048469543457,-0.35447245836257935,-0.01588835419335055,0.08535528182983398,-0.4532385468482971,-0.07618856840946364,0.08935606479644775,-0.3594280481338501,-0.1185473244748323,0.08771830797195435,-0.26075106859207153,-0.13893583827831435,0.010554671287536621,-0.35534512996673584,-0.01827747226872134,0.039805471897125244,-0.4808366596698761,-0.08863275163986373,0.045436084270477295,-0.3600130081176758,-0.12532748692848372,0.04737454652786255,-0.25471287965774536,-0.13282946163036513,-0.04207724332809448,-0.338661789894104,-0.03015784585096526,-0.031437814235687256,-0.46172934770584106,-0.10081385486938643,-0.011525630950927734,-0.3377634286880493,-0.1176533516607492,-0.0005294084548950195,-0.2332618236541748,-0.10970808231451201,-0.09612512588500977,-0.30353325605392456,-0.04470114820816207,-0.09203821420669556,-0.34626030921936035,-0.10394309872009444,-0.06882017850875854,-0.2737475037574768,-0.1197336208186357,-0.0542183518409729,-0.217992901802063,-0.11752421819784331
M,0.0,0.0,0.0,0.04073047637939453,-0.09029966592788696,-0.044615777158441006,0.03684049844741821,-0.22518640756607056,-0.06746722193926757,-0.03346222639083862,-0.3001455068588257,-0.09058680566519683,-0.08656519651412964,-0.3682001233100891,-0.10715548875302261,0.06163215637207031,-0.35663771629333496,-0.012875927561225353,0.08233582973480225,-0.457521915435791,-0.06827242108553833,0.08602005243301392,-0.36048632860183716,-0.10664846929282135,0.08598965406417847,-0.26707297563552856,-0.1255661043760199,0.010918676853179932,-0.3568956255912781,-0.01596739138037151,0.03404933214187622,-0.4820554256439209,-0.08235523285836166,0.04102140665054321,-0.3558887839317322,-0.11689729424685424,0.0462992787361145,-0.2566235065460205,-0.12382035138577407,-0.04303818941116333,-0.3387709856033325,-0.028435118445457874,-0.034991055727005005,-0.46178561449050903,-0.09579970868796295,-0.013902634382247925,-0.3344848155975342,-0.11112006934851593,-0.0007742941379547119,-0.2350488305091858,-0.10294778826207107,-0.09746736288070679,-0.30169934034347534,-0.04366741883129066,-0.09193328022956848,-0.3519529104232788,-0.09864926519364303,-0.0709986686706543,-0.28496885299682617,-0.112845355593862,-0.05828765034675598,-0.23675322532653809,-0.11080712261170333
M,0.0,0.0,0.0,0.023411840200424194,-0.08476495742797852,-0.047967511282138275,0.014760136604309082,-0.2127290964126587,-0.07259055511730139,-0.04098254442214966,-0.29123443365097046,-0.09677212224977438,-0.08188289403915405,-0.36831432580947876,-0.11367450194137518,0.054556965827941895,-0.3558940887451172,-0.015603411995641636,0.07697200775146484,-0.45647066831588745,-0.07301029102580969,0.07830953598022461,-0.3571544885635376,-0.11347914771812384,0.07667273283004761,-0.2606189250946045,-0.13349932716863577,0.01645645499229431,-0.35898303985595703,-0.017017600179485726,0.03828918933868408,-0.4860577881336212,-0.08470251695888464,0.04098653793334961,-0.3578289747238159,-0.12028498487251227,0.04412800073623657,-0.25757133960723877,-0.12755579041021292,-0.02746659517288208,-0.34409022331237793,-0.028111514688305306,-0.022615909576416016,-0.46711409091949463,-0.09659535722511237,-0.00693058967590332,-0.34079378843307495,-0.11191270785110419,0.0032309293746948242,-0.24125313758850098,-0.10321700857656424,-0.07373008131980896,-0.3092612624168396,-0.042335732892922806,-0.071780264377594,-0.3630557060241699,-0.09891017811077063,-0.05448684096336365,-0.2901764512062073,-0.1125038965203089,-0.04320821166038513,-0.2331739068031311,-0.10913177864330237
M,0.0,0.0,0.0,0.05015444755554199,-0.09940171241760254,-0.03407232832302043,0.0555080771446228,-0.2288151979446411,-0.05274300646175334,-0.010562539100646973,-0.30223411321640015,-0.07473435249318072,-0.06330609321594238,-0.3658662438392639,-0.09153144803036639,0.06674313545227051,-0.3506441116333008,0.0006488309949759241,0.08699071407318115,-0.4506285786628723,-0.05272199954976031,0.0920146107673645,-0.3546661138534546,-0.09129589047421405,0.09137630462646484,-0.2588784098625183,-0.10969242449988315,0.0166340172290802,-0.3510671854019165,-0.006492370238049716,0.040029168128967285,-0.47474205493927,-0.07014842327822635,0.04857683181762695,-0.35060518980026245,-0.10476893182982394,0.053585708141326904,-0.25008565187454224,-0.11197354640950152,-0.03706115484237671,-0.3344213366508484,-0.022459620574011296,-0.02590373158454895,-0.45517510175704956,-0.08846581723679492,-0.005162715911865234,-0.3265106678009033,-0.10356143858422229,0.006127357482910156,-0.222808837890625,-0.09476833786953875,-0.09312033653259277,-0.30057400465011597,-0.040278524124516935,-0.08510473370552063,-0.3538689613342285,-0.09329641606797168,-0.062359750270843506,-0.2856687903404236,-0.10522544380415866,-0.04837697744369507,-0.23231589794158936,-0.10123395171154925
M,0.0,0.0,0.0,0.05664104223251343,-0.09927046298980713,-0.03551666406121967,0.060298800468444824,-0.2503560185432434,-0.05376593736139057,-0.021788030862808228,-0.32150566577911377,-0.07526028868880985,-0.08872902393341064,-0.3758505582809448,-0.0909958702060294,0.06492620706558228,-0.3518834114074707,0.0016788512920129506,0.08883333206176758,-0.4436801075935364,-0.052231471661002615,0.09430128335952759,-0.3438786268234253,-0.08991945502486942,0.0928642749786377,-0.24848723411560059,-0.10664463755813358,0.006982356309890747,-0.3475571870803833,-0.005070943526447991,0.033622562885284424,-0.4623703956604004,-0.0689006370040488,0.04530757665634155,-0.3396069407463074,-0.10256428239074467,0.05186206102371216,-0.2404102087020874,-0.1087304499479842,-0.0518956184387207,-0.32838428020477295,-0.021347714263470152,-0.03479692339897156,-0.44341105222702026,-0.08316636798110721,-0.013506442308425903,-0.31494373083114624,-0.09676886317458866,-0.0036924779415130615,-0.21470534801483154,-0.08836401221481083,-0.10903996229171753,-0.29415780305862427,-0.04029576447931049,-0.10104161500930786,-0.3471551537513733,-0.08346800473657368,-0.08138635754585266,-0.3032603859901428,-0.09341264483657596,-0.0701940655708313,-0.27414071559906006,-0.09108433840003727
M,0.0,0.0,0.0,0.05006125569343567,-0.0937390923500061,-0.045500050328030284,0.04521241784095764,-0.24031466245651245,-0.06939998178864926,-0.03418430685997009,-0.3110160231590271,-0.09351824133779019,-0.09903287887573242,-0.3702801465988159,-0.11107003598596066,0.05889710783958435,-0.3522146940231323,-0.013013960822775061,0.08218804001808167,-0.4492425322532654,-0.07400588601018399,0.0872749388217926,-0.35492628812789917,-0.11664191543246716,0.08434918522834778,-0.25626617670059204,-0.13641536145593136,0.002644479274749756,-0.3501597046852112,-0.015537504135920699,0.02799925208091736,-0.4710578918457031,-0.08485320120240658,0.03724643588066101,-0.35201191902160645,-0.1212129211344859,0.04110601544380188,-0.2510615587234497,-0.12897950320626705,-0.05507552623748779,-0.3320947289466858,-0.028105533710970576,-0.044002652168273926,-0.452258825302124,-0.0959203830280444,-0.022555440664291382,-0.3283185362815857,-0.11157867222215145,-0.01237708330154419,-0.22806119918823242,-0.10380402862216442,-0.11224719882011414,-0.29604893922805786,-0.04373989164020031,-0.10273250937461853,-0.34160876274108887,-0.09655971734906643,-0.07915815711021423,-0.2807728052139282,-0.10972510188008755,-0.06600406765937805,-0.2367849349975586,-0.10741475134278744
M,0.0,0.0,0.0,0.044962525367736816,-0.08607083559036255,-0.04938721110036681,0.04193300008773804,-0.22860175371170044,-0.07455481414606879,-0.029233843088150024,-0.3055526614189148,-0.09910445486119102,-0.08602076768875122,-0.372428297996521,-0.11695160542538474,0.05759263038635254,-0.35130399465560913,-0.020269749806431037,0.08465790748596191,-0.4557272791862488,-0.08119609777739356,0.08870512247085571,-0.36125898361206055,-0.12216210191061805,0.08613550662994385,-0.26134878396987915,-0.14075138990691016,0.004232585430145264,-0.35235685110092163,-0.021298559502866965,0.033926188945770264,-0.48226165771484375,-0.09266024653723548,0.04138636589050293,-0.35873204469680786,-0.12874549453070472,0.0442693829536438,-0.25222641229629517,-0.1349953246574671,-0.050513625144958496,-0.33598649501800537,-0.032268537328747016,-0.03753697872161865,-0.4613317847251892,-0.10291141097357581,-0.015255331993103027,-0.33388710021972656,-0.1190896165828974,-0.0029917657375335693,-0.2277187705039978,-0.11010134790947745,-0.10534206032752991,-0.30201029777526855,-0.04636975576093505,-0.0982322096824646,-0.3562178611755371,-0.10183656786492179,-0.07198634743690491,-0.2988581657409668,-0.11649136816075156,-0.054454654455184937,-0.25325024127960205,-0.11412993644287894
M,0.0,0.0,0.0,0.042854875326156616,-0.09389424324035645,-0.04481368992449575,0.04003158211708069,-0.2336321473121643,-0.06717116493703656,-0.027884453535079956,-0.3078434467315674,-0.08971212912322812,-0.07943779230117798,-0.3756837248802185,-0.10577949989558988,0.058091312646865845,-0.357887327671051,-0.015596280023174813,0.08103325963020325,-0.4595702290534973,-0.07278005141736799,0.08402189612388611,-0.36095064878463745,-0.11212583739282422,0.08247837424278259,-0.262579083442688,-0.13133517760755353,0.007508695125579834,-0.3583916425704956,-0.01852913308860593,0.03250381350517273,-0.4862630367279053,-0.08632069189073377,0.04010102152824402,-0.35840243101119995,-0.1214262406897717,0.044698566198349,-0.25590062141418457,-0.12857180196763807,-0.04544571042060852,-0.3403034210205078,-0.030794945694225362,-0.035323530435562134,-0.4658861756324768,-0.09843785423757367,-0.013672292232513428,-0.3392446041107178,-0.11377509791375928,-0.0015410780906677246,-0.23662400245666504,-0.10568067539455228,-0.09944546222686768,-0.3030361533164978,-0.04586274284841352,-0.09206613898277283,-0.3559378981590271,-0.10058894116403394,-0.06783831119537354,-0.29154062271118164,-0.11499994356157117,-0.05330696702003479,-0.24225866794586182,-0.11321477699996763
M,0.0,0.0,0.0,0.04312169551849365,-0.09371674060821533,-0.04480842332210955,0.039166390895843506,-0.23343348503112793,-0.06800669635501322,-0.031948208808898926,-0.3082526922225952,-0.09134351665940699,-0.08579254150390625,-0.3746147155761719,-0.1081652065631431,0.06007152795791626,-0.36048007011413574,-0.014821021993128625,0.08286529779434204,-0.46112245321273804,-0.07249561156001505,0.08670085668563843,-0.36443376541137695,-0.11211411113706049,0.08569473028182983,-0.2660766839981079,-0.13114025647607264,0.007162898778915405,-0.36169320344924927,-0.0176818018671554,0.03234940767288208,-0.4866589605808258,-0.08604160900083002,0.040415167808532715,-0.36024510860443115,-0.12088240886893686,0.04524022340774536,-0.25639206171035767,-0.12758586759534296,-0.0479009747505188,-0.3444388508796692,-0.03004548902478632,-0.03845658898353577,-0.4672943651676178,-0.09906386787858423,-0.016280144453048706,-0.33992183208465576,-0.11462082172599253,-0.003588438034057617,-0.23618710041046143,-0.1062314530726951,-0.10291767120361328,-0.3085153102874756,-0.04511846805777964,-0.09721869230270386,-0.3588586449623108,-0.10121005232301172,-0.07369405031204224,-0.29059725999832153,-0.11572716588941034,-0.05971115827560425,-0.2383313775062561,-0.11357895488706049
M,0.0,0.0,0.0,0.04309338331222534,-0.0968737006187439,-0.041794688562163174,0.04072093963623047,-0.2317829132080078,-0.06420560658932573,-0.027018994092941284,-0.30505824089050293,-0.08744242520094758,-0.07775437831878662,-0.37153059244155884,-0.10472722084284669,0.060838401317596436,-0.35604315996170044,-0.012884558299788296,0.08516490459442139,-0.4551458954811096,-0.06979309500218278,0.08931595087051392,-0.3588857650756836,-0.10946456075669175,0.08802181482315063,-0.26091718673706055,-0.12900505692721254,0.010406523942947388,-0.3579874634742737,-0.0172479591614092,0.03755682706832886,-0.4835439920425415,-0.08532768965721971,0.044962525367736816,-0.35638564825057983,-0.12124104530573732,0.04847496747970581,-0.2521549463272095,-0.1290983679986084,-0.0426008403301239,-0.3417849540710449,-0.030666063660987675,-0.030589133501052856,-0.46549585461616516,-0.09985062957764512,-0.009567290544509888,-0.33874720335006714,-0.11711533100367433,0.0016469061374664307,-0.23420333862304688,-0.11013863713503724,-0.0962361991405487,-0.3071591854095459,-0.04637453810335046,-0.08881798386573792,-0.35603147745132446,-0.10324180603981858,-0.06613942980766296,-0.28838497400283813,-0.11929146678210145,-0.0531785786151886,-0.23596304655075073,-0.11847988248825914
M,0.0,0.0,0.0,0.030161917209625244,-0.08921188116073608,-0.04187066735676126,0.025446414947509766,-0.2097068428993225,-0.06456067295721368,-0.031194090843200684,-0.28375351428985596,-0.08855587871721582,-0.06960076093673706,-0.3565932512283325,-0.1060771483366807,0.05698469281196594,-0.3487461805343628,-0.0075725817491729686,0.08224746584892273,-0.44530194997787476,-0.06412311525991754,0.08582618832588196,-0.3483557105064392,-0.10487280668667154,0.08458152413368225,-0.24947792291641235,-0.12465712310722665,0.016163498163223267,-0.3524077534675598,-0.011469238195331855,0.041211456060409546,-0.4766363799571991,-0.07897397758415536,0.046639829874038696,-0.3477795124053955,-0.11567711712768869,0.05035850405693054,-0.2441004514694214,-0.1232866260593255,-0.028937429189682007,-0.33846527338027954,-0.024715003315122885,-0.02078390121459961,-0.45586127042770386,-0.09282018871954278,-0.0028480887413024902,-0.33097052574157715,-0.10994423808506326,0.0075646936893463135,-0.2286631464958191,-0.10191845776489572,-0.07655137777328491,-0.3058987259864807,-0.04049192624142961,-0.07415232062339783,-0.3602619767189026,-0.09538500638655023,-0.05566176772117615,-0.2934662103652954,-0.10920508833578424,-0.04427957534790039,-0.2382361888885498,-0.10599972935369806
M,0.0,0.0,0.0,0.03979915380477905,-0.09530055522918701,-0.04012027958603426,0.04095512628555298,-0.22166085243225098,-0.06114007363291307,-0.017254948616027832,-0.2954426407814026,-0.0845070278105311,-0.06438076496124268,-0.3619533181190491,-0.10192646289439722,0.06481444835662842,-0.3537963628768921,-0.0016272328161619498,0.08569234609603882,-0.4493214786052704,-0.057468777692037065,0.08792680501937866,-0.35141104459762573,-0.09879213029714151,0.08601623773574829,-0.25495052337646484,-0.1189465915617518,0.017908990383148193,-0.35502707958221436,-0.006202566607015569,0.04063302278518677,-0.474725604057312,-0.07264159823031946,0.046617329120635986,-0.347603976726532,-0.10960470343204065,0.051879823207855225,-0.2484108805656433,-0.11807028407426401,-0.03421708941459656,-0.33996737003326416,-0.020361894911246736,-0.022939056158065796,-0.4595816731452942,-0.08851308578820749,-0.004975736141204834,-0.3330541253089905,-0.1052909588274531,0.00469893217086792,-0.22986775636672974,-0.09712939912648721,-0.0897279679775238,-0.3072553873062134,-0.036991601979451616,-0.08341675996780396,-0.3668676018714905,-0.09138372743697687,-0.06294479966163635,-0.29648369550704956,-0.10361262614102884,-0.05036163330078125,-0.23750066757202148,-0.09935658628316446
M,0.0,0.0,0.0,0.057784974575042725,-0.09781831502914429,-0.0368747017164992,0.06222665309906006,-0.24354660511016846,-0.055958600231008404,-0.019830167293548584,-0.31469833850860596,-0.07788939911921489,-0.08639848232269287,-0.37022823095321655,-0.09431395817597377,0.06718605756759644,-0.3524158000946045,9.452650317598454e-06,0.09243166446685791,-0.4424205422401428,-0.05434345219333636,0.09678828716278076,-0.34326106309890747,-0.0928059085090922,0.09394842386245728,-0.24825125932693481,-0.11069788176615702,0.00915500521659851,-0.34969109296798706,-0.006530059017734402,0.035964369773864746,-0.46312180161476135,-0.07199676472743022,0.04652434587478638,-0.3375682234764099,-0.10772861678202617,0.05199575424194336,-0.23782247304916382,-0.11545574802954661,-0.049594998359680176,-0.330966055393219,-0.022559815533952587,-0.03299081325531006,-0.4472217559814453,-0.08721497792799937,-0.011209338903427124,-0.3185429573059082,-0.1037377430876063,-0.0007616877555847168,-0.21729415655136108,-0.09699425984223353,-0.10646775364875793,-0.29581284523010254,-0.04098723966677653,-0.09832826256752014,-0.34660768508911133,-0.08816420424778926,-0.079522043466568,-0.3000769019126892,-0.1013472168525027,-0.06943747401237488,-0.26948654651641846,-0.1009056805451678
M,0.0,0.0,0.0,0.05388021469116211,-0.09310239553451538,-0.043042593492259584,0.05290120840072632,-0.23443877696990967,-0.06552496631263693,-0.02537846565246582,-0.3054546117782593,-0.0888450675141712,-0.08772695064544678,-0.3672531247138977,-0.10604428578733405,0.06586778163909912,-0.3519720435142517,-0.008049001773883901,0.09071844816207886,-0.444288969039917,-0.06743162204145392,0.09627443552017212,-0.34895288944244385,-0.10950489421009024,0.09409439563751221,-0.25251448154449463,-0.129357405794849,0.009802937507629395,-0.35112088918685913,-0.011728535262932382,0.03799927234649658,-0.4697032570838928,-0.08079300154565772,0.046367347240448,-0.3495577573776245,-0.11737872738956412,0.04991734027862549,-0.24798518419265747,-0.12483036596893271,-0.04783052206039429,-0.3341013789176941,-0.025259422926296793,-0.03424593806266785,-0.45213741064071655,-0.09483974505781134,-0.013021290302276611,-0.32524627447128296,-0.11161267091154059,-0.001972705125808716,-0.22352802753448486,-0.103563749088039,-0.10483869910240173,-0.2984606623649597,-0.04142496068595847,-0.09291768074035645,-0.3400059938430786,-0.0978908844721218,-0.0683518648147583,-0.2726444602012634,-0.11274912287115058,-0.0539325475692749,-0.2256145477294922,-0.1104892947208782
M,0.0,0.0,0.0,0.04742470383644104,-0.0899578332901001,-0.04686985881536998,0.046969443559646606,-0.22700875997543335,-0.07112423302143611,-0.024633407592773438,-0.30083906650543213,-0.09504990996330775,-0.08029386401176453,-0.36740320920944214,-0.11265199603050746,0.06595328450202942,-0.35473763942718506,-0.01345442020803489,0.09265568852424622,-0.4506506323814392,-0.07270037354439296,0.0955115258693695,-0.3552607297897339,-0.11459473492115535,0.0914163887500763,-0.2568417191505432,-0.13474646182268657,0.01330333948135376,-0.35622072219848633,-0.015282827145455258,0.04245296120643616,-0.47997063398361206,-0.08467266680210628,0.04783114790916443,-0.35619211196899414,-0.12124959351032771,0.04943576455116272,-0.2524734139442444,-0.12861420185774364,-0.0415777862071991,-0.3400706648826599,-0.026870613633690255,-0.028912752866744995,-0.46087193489074707,-0.09762665600985088,-0.008901774883270264,-0.3335491418838501,-0.11423315079420604,0.001485586166381836,-0.22942101955413818,-0.10573124857157268,-0.09730485081672668,-0.3047371506690979,-0.041209805472789185,-0.08814209699630737,-0.352383017539978,-0.10028412909716167,-0.06447318196296692,-0.27677440643310547,-0.11481167347639598,-0.05048161745071411,-0.2190190553665161,-0.11144150020092525
M,0.0,0.0,0.0,0.047051310539245605,-0.09464037418365479,-0.04014470516131041,0.04727983474731445,-0.22907984256744385,-0.06088716624662993,-0.02368512749671936,-0.302737832069397,-0.08332331939027426,-0.07843616604804993,-0.3684791326522827,-0.09977504326388953,0.06584274768829346,-0.3566662669181824,-0.005049893114573933,0.08809512853622437,-0.4548298120498657,-0.06043667061612723,0.09328478574752808,-0.35810405015945435,-0.09972727014110205,0.0923965573310852,-0.2641664147377014,-0.11870450986907599,0.011886954307556152,-0.35548824071884155,-0.010122204147137381,0.03640556335449219,-0.479095995426178,-0.0762279005198252,0.04534411430358887,-0.3528110980987549,-0.1115265683679354,0.050971806049346924,-0.25335848331451416,-0.11879063858077643,-0.04475277662277222,-0.33675193786621094,-0.024538160249448993,-0.03367450833320618,-0.4552634358406067,-0.09193010343597052,-0.011947661638259888,-0.3274737596511841,-0.10735672427699683,-0.0002773702144622803,-0.22783416509628296,-0.09883095784471152,-0.10225871205329895,-0.30043351650238037,-0.04131515412018416,-0.0939490795135498,-0.3530305027961731,-0.0942540959863436,-0.0732077956199646,-0.2828330993652344,-0.10583765520141242,-0.06142687797546387,-0.23129373788833618,-0.10193942202613471
M,0.0,0.0,0.0,0.04566124081611633,-0.09417694807052612,-0.04447187424307231,0.043859511613845825,-0.22394847869873047,-0.06795012519364718,-0.02654293179512024,-0.2987675666809082,-0.09244558528666857,-0.07853153347969055,-0.3664044737815857,-0.1107621224284685,0.06403186917304993,-0.35722672939300537,-0.00806754395966891,0.08798816800117493,-0.4538782835006714,-0.0662154363155878,0.09254947304725647,-0.3582102656364441,-0.10789726243024234,0.0909557044506073,-0.2618475556373596,-0.1278820292711771,0.010517597198486328,-0.35685569047927856,-0.011314802213064468,0.037363260984420776,-0.480114221572876,-0.07995692209010485,0.04495963454246521,-0.3538067936897278,-0.11721421346669558,0.048940807580947876,-0.2526862621307373,-0.12512588069444064,-0.044833868741989136,-0.3387996554374695,-0.024437531238845622,-0.03340843319892883,-0.4555778205394745,-0.09342050120835665,-0.012140601873397827,-0.32898300886154175,-0.11038313374524478,-0.00024393200874328613,-0.2276434302330017,-0.1021423520207918,-0.10082170367240906,-0.3022181987762451,-0.040319673126987254,-0.0931328535079956,-0.35686755180358887,-0.093130457556299,-0.07157763838768005,-0.2946614623069763,-0.10554761008029345,-0.05837363004684448,-0.24759942293167114,-0.10205220744614962
M,0.0,0.0,0.0,0.04064616560935974,-0.09314483404159546,-0.04495819552840885,0.038014382123947144,-0.2217511534690857,-0.06868662207426723,-0.026680201292037964,-0.29740166664123535,-0.09297148405613598,-0.0725419819355011,-0.36898869276046753,-0.11098974465431866,0.06221368908882141,-0.3558692932128906,-0.011755172042569484,0.0873403251171112,-0.4532984495162964,-0.0701605257302731,0.08983632922172546,-0.35701900720596313,-0.11188969283404049,0.08719363808631897,-0.2588575482368469,-0.1322846439391583,0.013107389211654663,-0.3573000431060791,-0.014574581636509265,0.0409446656703949,-0.48176610469818115,-0.08322080492081341,0.04573306441307068,-0.3542400598526001,-0.12027187167706188,0.04781427979469299,-0.2524150013923645,-0.12845956056418117,-0.03873872756958008,-0.34089064598083496,-0.02700645185115036,-0.027292609214782715,-0.4606127142906189,-0.096025626054427,-0.008842527866363525,-0.33621758222579956,-0.11324301629366573,0.001046895980834961,-0.23433762788772583,-0.10559007047714886,-0.09242549538612366,-0.3054676651954651,-0.04215551435055431,-0.08657211065292358,-0.3609738349914551,-0.09699802367987331,-0.06595483422279358,-0.29576408863067627,-0.11079816042484936,-0.053318917751312256,-0.24380433559417725,-0.10804733901323971
M,0.0,0.0,0.0,0.042927175760269165,-0.09745854139328003,-0.0415573298939762,0.04165342450141907,-0.226534903049469,-0.06297843083825683,-0.024578183889389038,-0.29912084341049194,-0.08580744937148665,-0.07200133800506592,-0.36636340618133545,-0.10252203717914199,0.064948171377182,-0.3566510081291199,-0.004954310321181765,0.08817657828330994,-0.4524380564689636,-0.06071918010798072,0.09211120009422302,-0.3552592396736145,-0.10107611790385818,0.09153655171394348,-0.26126474142074585,-0.1211365379401741,0.015670835971832275,-0.3566734790802002,-0.009182444029420367,0.041094571352005005,-0.4802436828613281,-0.076863019914299,0.04746529459953308,-0.35212087631225586,-0.11390037760224914,0.05261090397834778,-0.25209516286849976,-0.12220039889302825,-0.03747275471687317,-0.3396366238594055,-0.022845373676091185,-0.02609226107597351,-0.4583044648170471,-0.09195408150640105,-0.00651964545249939,-0.3310982584953308,-0.10919572338548278,0.004967629909515381,-0.22947561740875244,-0.101481019706398,-0.09290337562561035,-0.3047337532043457,-0.038940224052339545,-0.08445611596107483,-0.35688579082489014,-0.09481789842334365,-0.0627705454826355,-0.2860194444656372,-0.1088960759350357,-0.04897475242614746,-0.23192483186721802,-0.10623395368543243
M,0.0,0.0,0.0,0.05494806170463562,-0.09971052408218384,-0.03705830328797788,0.05998644232749939,-0.24416851997375488,-0.05581197344397992,-0.013606250286102295,-0.3205418586730957,-0.0777766911003539,-0.07669410109519958,-0.3803431987762451,-0.09420269556974858,0.06736281514167786,-0.35809147357940674,0.0012721829891404468,0.08856484293937683,-0.45024850964546204,-0.05357556991910428,0.09335717558860779,-0.35051167011260986,-0.09249551423525304,0.09182015061378479,-0.2560250163078308,-0.11020903118586034,0.008956611156463623,-0.35537636280059814,-0.005185726254040901,0.03314670920372009,-0.4712146818637848,-0.07045372404789418,0.04398664832115173,-0.3445509672164917,-0.10539806463455648,0.05005887150764465,-0.2450198531150818,-0.11225650288795919,-0.050707072019577026,-0.3359130620956421,-0.02127058633303136,-0.03665047883987427,-0.449435830116272,-0.08610462226604909,-0.01429024338722229,-0.31949299573898315,-0.10052019186949224,-0.003318995237350464,-0.21747970581054688,-0.09163211115335912,-0.1094006896018982,-0.3002427816390991,-0.039943723163361256,-0.10220003128051758,-0.35910409688949585,-0.08595187046265096,-0.07957586646080017,-0.30730676651000977,-0.09523882546162099,-0.06535175442695618,-0.2681027054786682,-0.09123653002714605
M,0.0,0.0,0.0,0.05407369136810303,-0.09609264135360718,-0.0425079473083656,0.05255919694900513,-0.24198728799819946,-0.0642919250553291,-0.027787357568740845,-0.3130218982696533,-0.08702447347098996,-0.09326997399330139,-0.37184107303619385,-0.10355655930692365,0.0666303038597107,-0.355180025100708,-0.007126960323546427,0.09028524160385132,-0.44946151971817017,-0.06476089440042188,0.09399724006652832,-0.35040295124053955,-0.10541855625564267,0.09002071619033813,-0.2519090175628662,-0.12458743236715009,0.00885385274887085,-0.35513001680374146,-0.010617959198896187,0.036283016204833984,-0.4728444814682007,-0.07745435915643384,0.04506713151931763,-0.3491384983062744,-0.11291182122880628,0.04787927865982056,-0.24732792377471924,-0.12035916082317044,-0.05040815472602844,-0.33791279792785645,-0.0239627108698528,-0.03693467378616333,-0.45669281482696533,-0.09054710052663495,-0.014342159032821655,-0.3291460871696472,-0.1063652493780296,-0.003690063953399658,-0.22674179077148438,-0.09887528501207044,-0.10867822170257568,-0.3025590181350708,-0.040054132116381425,-0.09864291548728943,-0.347792387008667,-0.09301530651504208,-0.07402759790420532,-0.2844828963279724,-0.10690992407256772,-0.05976554751396179,-0.2394668459892273,-0.10516230843717267
M,0.0,0.0,0.0,0.050241559743881226,-0.09164023399353027,-0.04649709764566978,0.0489325225353241,-0.23262786865234375,-0.07030499580946525,-0.03171253204345703,-0.3052050471305847,-0.09387744072523674,-0.09383031725883484,-0.36751049757003784,-0.11093937460032066,0.062109678983688354,-0.3568395972251892,-0.012396929261058176,0.0881931483745575,-0.45015889406204224,-0.07124990079250892,0.09259429574012756,-0.35149461030960083,-0.11200093332377037,0.09026011824607849,-0.25269776582717896,-0.13125172111836036,0.005798071622848511,-0.35716545581817627,-0.014628292468159998,0.0360809862613678,-0.47803187370300293,-0.08386998478022178,0.04408779740333557,-0.3525184392929077,-0.11940805468407234,0.04709550738334656,-0.24820077419281006,-0.12583124492016395,-0.051828622817993164,-0.33930015563964844,-0.026798727397590483,-0.03765788674354553,-0.4554996192455292,-0.09660582843866905,-0.014513522386550903,-0.32565003633499146,-0.11256629083004555,-0.002285897731781006,-0.22249114513397217,-0.10387020412531456,-0.10898473858833313,-0.3019510507583618,-0.041877238486677015,-0.09736809134483337,-0.34447628259658813,-0.09857950959053596,-0.07136008143424988,-0.2785230278968811,-0.11346088949289879,-0.05573093891143799,-0.23311001062393188,-0.11127704236355385
M,0.0,0.0,0.0,0.04144665598869324,-0.08750182390213013,-0.04738784615196323,0.03657230734825134,-0.22861891984939575,-0.07015445489682293,-0.02989456057548523,-0.30695098638534546,-0.09248140860594845,-0.08068031072616577,-0.37961095571517944,-0.1076952557662878,0.06256797909736633,-0.3629499077796936,-0.014343347738162038,0.08591720461845398,-0.46499842405319214,-0.0726383220056448,0.08977624773979187,-0.3678767681121826,-0.11297730762757396,0.0876399576663971,-0.26897895336151123,-0.1321126859287176,0.01007881760597229,-0.3642813563346863,-0.015739802608862874,0.035838931798934937,-0.4907822012901306,-0.08326428789891338,0.04318484663963318,-0.365942120552063,-0.11817049641408062,0.0468268096446991,-0.26463621854782104,-0.12493957240380382,-0.04560330510139465,-0.346362829208374,-0.027032047847882268,-0.036333829164505005,-0.46790611743927,-0.09504302252329921,-0.015549421310424805,-0.34226566553115845,-0.10973155904807186,-0.004169166088104248,-0.24150747060775757,-0.10072899271048641,-0.10150530934333801,-0.3084755539894104,-0.04141856018699741,-0.09510728716850281,-0.3607286214828491,-0.09627519954241848,-0.07273349165916443,-0.2923450469970703,-0.10900440473355388,-0.05947110056877136,-0.23991376161575317,-0.1053809936741743
M,0.0,0.0,0.0,0.04603859782218933,-0.09664386510848999,-0.041635859948627285,0.04660359025001526,-0.2390109896659851,-0.0626302102627676,-0.025397509336471558,-0.31119632720947266,-0.08437189851426297,-0.08006969094276428,-0.37301647663116455,-0.09971350078009777,0.06242242455482483,-0.3621107339859009,-0.010947444667152695,0.08816602826118469,-0.46073561906814575,-0.0672957861843031,0.09140363335609436,-0.3594397306442261,-0.10571603868626767,0.08914002776145935,-0.260450541973114,-0.12437106315516644,0.00886315107345581,-0.3621230721473694,-0.015596774597696594,0.03633132576942444,-0.48873186111450195,-0.08399314824961834,0.04440382122993469,-0.3569040298461914,-0.11883789692544156,0.04870519042015076,-0.25150471925735474,-0.12529427949809246,-0.046321481466293335,-0.3445597290992737,-0.02952541057490521,-0.032339632511138916,-0.46754372119903564,-0.09824899975680523,-0.009713143110275269,-0.33614903688430786,-0.11382237468384915,0.0016925036907196045,-0.23148703575134277,-0.10556909088515454,-0.10139045119285583,-0.3094273805618286,-0.045898944330446056,-0.09043225646018982,-0.3566773533821106,-0.10190727953337841,-0.06715181469917297,-0.2855846881866455,-0.11693259720229321,-0.05477741360664368,-0.23391097784042358,-0.11550912652634793
M,0.0,0.0,0.0,0.043245792388916016,-0.09292358160018921,-0.04437077774949216,0.04338860511779785,-0.23063158988952637,-0.0661236604983344,-0.024066179990768433,-0.30720436573028564,-0.08826715856142187,-0.07517397403717041,-0.37555062770843506,-0.10341145455188894,0.06670480966567993,-0.36399757862091064,-0.010791246623767847,0.08630859851837158,-0.46620696783065796,-0.06786053984708929,0.08839088678359985,-0.3652775287628174,-0.10731615483112478,0.08664071559906006,-0.2676101326942444,-0.12620046346731328,0.013673543930053711,-0.3648664355278015,-0.013534107090009684,0.036129534244537354,-0.49318355321884155,-0.08170995473213338,0.0423429012298584,-0.36266785860061646,-0.11604327320404195,0.04618966579437256,-0.2610459327697754,-0.12174759417123937,-0.04191747307777405,-0.3470514416694641,-0.025979919203592772,-0.0340973436832428,-0.46774160861968994,-0.09368513136453771,-0.013741254806518555,-0.3407856225967407,-0.10698764383144521,-0.0027560293674468994,-0.24168920516967773,-0.09645857273883962,-0.0984034538269043,-0.31103795766830444,-0.04130289315529012,-0.09193369746208191,-0.3692091107368469,-0.0939087158376708,-0.0716693103313446,-0.30041593313217163,-0.10469416885919713,-0.06040722131729126,-0.24842524528503418,-0.09980142473526143
M,0.0,0.0,0.0,0.04712402820587158,-0.10012048482894897,-0.03909779824257953,0.049194276332855225,-0.233320951461792,-0.058220171555291245,-0.019333839416503906,-0.3064045310020447,-0.07931410260439975,-0.07064872980117798,-0.36975014209747314,-0.09441397823334796,0.06650340557098389,-0.3625137209892273,-0.00020762568979648677,0.08983922004699707,-0.4581034779548645,-0.05530005805135829,0.09255784749984741,-0.3586670756340027,-0.09485035873890979,0.0901595950126648,-0.26078468561172485,-0.11405881978512866,0.013399749994277954,-0.3639249801635742,-0.004861603676687309,0.037400007247924805,-0.48728179931640625,-0.07277325279952152,0.04429250955581665,-0.3537479043006897,-0.109114651753913,0.04937666654586792,-0.24975639581680298,-0.11610442884207828,-0.041192442178726196,-0.34692567586898804,-0.01907480247260196,-0.02924799919128418,-0.4659267067909241,-0.08794578649045093,-0.008820325136184692,-0.33616507053375244,-0.10481281317711932,0.0020579993724823,-0.23197132349014282,-0.09620554484368427,-0.09665992856025696,-0.31190210580825806,-0.035492641105662415,-0.08775651454925537,-0.3669295907020569,-0.08983339853526218,-0.06626340746879578,-0.2979778051376343,-0.1034957591438399,-0.053407132625579834,-0.2446995973587036,-0.10054465867520435
M,0.0,0.0,0.0,0.05168071389198303,-0.09811669588088989,-0.039368071568475216,0.053102046251297,-0.23842573165893555,-0.05822162793324992,-0.022450923919677734,-0.3121190667152405,-0.07898305447147891,-0.08161869645118713,-0.37499338388442993,-0.0937182316307883,0.06692597270011902,-0.36278003454208374,-0.0008103840852129451,0.0899839699268341,-0.46021437644958496,-0.054356657875047176,0.09417340159416199,-0.3613741397857666,-0.09239645392941043,0.09204760193824768,-0.26591020822525024,-0.11069654763983294,0.009832412004470825,-0.363400399684906,-0.005269540448949783,0.03591218590736389,-0.4830295145511627,-0.07048612923668429,0.04524722695350647,-0.3531973958015442,-0.105534085047708,0.05047103762626648,-0.25267964601516724,-0.11256542892502353,-0.048433512449264526,-0.3453764319419861,-0.019256700736747234,-0.034516870975494385,-0.46268630027770996,-0.08536015541599795,-0.012075453996658325,-0.333102285861969,-0.10170286984489962,-0.0007127821445465088,-0.23108893632888794,-0.09405302346991107,-0.10570430755615234,-0.30924010276794434,-0.03558594079063937,-0.09701088070869446,-0.35815495252609253,-0.08733414204166934,-0.07413122057914734,-0.2934563159942627,-0.10088975073145434,-0.06003183126449585,-0.24668407440185547,-0.09887057633446261
M,0.0,0.0,0.0,0.051540225744247437,-0.09956198930740356,-0.04140582027943651,0.051047056913375854,-0.2417634129524231,-0.06262835580022852,-0.027930080890655518,-0.3117780089378357,-0.08501399028213541,-0.08817389607429504,-0.3726302981376648,-0.10174824017198603,0.06419679522514343,-0.35748112201690674,-0.008734084657447738,0.08809390664100647,-0.45419085025787354,-0.06538913863809626,0.09161022305488586,-0.35458803176879883,-0.10530730801733057,0.08916965126991272,-0.2560860514640808,-0.12517769354494135,0.0086422860622406,-0.3581562638282776,-0.01353122665645401,0.037097424268722534,-0.4828951954841614,-0.08164106029184381,0.044679611921310425,-0.3555922508239746,-0.11884408908994715,0.048209160566329956,-0.25269532203674316,-0.1276686312547497,-0.04867273569107056,-0.3405921459197998,-0.027586539267616672,-0.03315165638923645,-0.4634627401828766,-0.09670243877084772,-0.01167723536491394,-0.33292990922927856,-0.11493855434568445,-0.0007898807525634766,-0.22828084230422974,-0.10882901865156214,-0.10538884997367859,-0.30379146337509155,-0.04388354065926592,-0.09452441334724426,-0.3468957543373108,-0.1001897277227215,-0.07093831896781921,-0.28029340505599976,-0.11682823765190165,-0.057128846645355225,-0.23379290103912354,-0.11699479538114588
M,0.0,0.0,0.0,0.04899078607559204,-0.09431278705596924,-0.044306971626298264,0.048218607902526855,-0.23306965827941895,-0.06721149434329732,-0.024519920349121094,-0.3056584596633911,-0.09046947260381444,-0.08006364107131958,-0.37076234817504883,-0.10743504812003835,0.06268984079360962,-0.3619753122329712,-0.01411447630258067,0.08613377809524536,-0.46056801080703735,-0.071929395692365,0.089835524559021,-0.3604118227958679,-0.11223881741048558,0.08823168277740479,-0.2628892660140991,-0.13220663418056233,0.009168088436126709,-0.36152273416519165,-0.017869936795847252,0.0372350811958313,-0.4875466227531433,-0.08677438695909245,0.0451810359954834,-0.3575897812843323,-0.12267508407117589,0.04886209964752197,-0.2555820941925049,-0.13017377306701405,-0.047066301107406616,-0.34297704696655273,-0.03098731909872754,-0.03197956085205078,-0.4648842215538025,-0.10037103344680531,-0.010605782270431519,-0.3346136808395386,-0.11602274377824529,-0.00011879205703735352,-0.23210817575454712,-0.10775587757112248,-0.10366895794868469,-0.3052142858505249,-0.046732776360528305,-0.09089994430541992,-0.35376596450805664,-0.10268819381477101,-0.0685274600982666,-0.28473740816116333,-0.11680832554580434,-0.05690166354179382,-0.2357041835784912,-0.1146804248261617
M,0.0,0.0,0.0,0.037615567445755005,-0.09384399652481079,-0.04484968544136336,0.035243064165115356,-0.23032128810882568,-0.06792056099664023,-0.02872645854949951,-0.30555474758148193,-0.09139256463538459,-0.07418903708457947,-0.3766356110572815,-0.10869110659848502,0.06065747141838074,-0.36219722032546997,-0.0126171596829181,0.08788743615150452,-0.4586566090583801,-0.07038729177008918,0.08865579962730408,-0.35960233211517334,-0.11145791695605567,0.08520582318305969,-0.259305477142334,-0.13224236206303885,0.015118718147277832,-0.3653305172920227,-0.015975938226688413,0.04443499445915222,-0.4911845922470093,-0.08506194786320975,0.04747149348258972,-0.36205047369003296,-0.1221971242238169,0.04891964793205261,-0.2563551664352417,-0.13068457977067283,-0.03361392021179199,-0.35015881061553955,-0.028810777749527006,-0.02025163173675537,-0.4752434492111206,-0.10005088434706977,-0.0026948750019073486,-0.34574997425079346,-0.1176330401111727,0.00711485743522644,-0.23820209503173828,-0.11038330481540015,-0.08406656980514526,-0.3152635097503662,-0.04419677988778403,-0.07708141207695007,-0.3631564974784851,-0.10525993541966727,-0.05545780062675476,-0.2869676947593689,-0.12201399640332511,-0.041592806577682495,-0.2270316481590271,-0.1206048755456095
M,0.0,0.0,0.0,0.013568520545959473,-0.08861052989959717,-0.043846200028895055,0.002159625291824341,-0.21382063627243042,-0.06619641817593447,-0.04477384686470032,-0.2925053834915161,-0.08930960930371157,-0.07760387659072876,-0.37116050720214844,-0.10513285435223452,0.042228490114212036,-0.3576592206954956,-0.008376061724959527,0.06837967038154602,-0.45428532361984253,-0.06494885570788256,0.0696999728679657,-0.351871132850647,-0.10508374757552019,0.06823477149009705,-0.25392967462539673,-0.12465459741139284,0.017370253801345825,-0.36326003074645996,-0.011466561625240956,0.04096648097038269,-0.48872870206832886,-0.07914785928511492,0.041917771100997925,-0.3563711643218994,-0.11395905054592959,0.04375407099723816,-0.2531295418739319,-0.12014847136521212,-0.014604896306991577,-0.3520951271057129,-0.024343776325224553,-0.00664907693862915,-0.47382837533950806,-0.09293818361544481,0.005323439836502075,-0.3431057333946228,-0.10707421488547197,0.011991620063781738,-0.23964661359786987,-0.0969333562948691,-0.050485461950302124,-0.32061660289764404,-0.04019107929849497,-0.04714006185531616,-0.37689781188964844,-0.09624878949904314,-0.033812016248703,-0.29824507236480713,-0.10846897102379671,-0.025840044021606445,-0.2349095344543457,-0.10377672947430483
M,0.0,0.0,0.0,0.007474303245544434,-0.08701008558273315,-0.04643203267943363,-0.005811333656311035,-0.20810890197753906,-0.06983948448788624,-0.04738277196884155,-0.28700095415115356,-0.09389500269782047,-0.07530272006988525,-0.3677508234977722,-0.11080539176356297,0.021836072206497192,-0.3471224308013916,-0.012081353423411656,0.0495833158493042,-0.4415055513381958,-0.06879974851500492,0.05007046461105347,-0.33460360765457153,-0.10857939669978123,0.04553419351577759,-0.23506611585617065,-0.12763755718361836,0.012843042612075806,-0.356012761592865,-0.013040994723553467,0.038854122161865234,-0.4813265800476074,-0.08129016259800892,0.04060918092727661,-0.3463696837425232,-0.11717607775818806,0.04050999879837036,-0.2405126690864563,-0.1244260961760233,-0.002650022506713867,-0.34969520568847656,-0.023661281411762047,0.013597995042800903,-0.4732968807220459,-0.09190460989367466,0.022975534200668335,-0.342124342918396,-0.1080071399558733,0.025519460439682007,-0.2335665225982666,-0.09941269407164555,-0.02347657084465027,-0.323478102684021,-0.03737338582169514,-0.006183505058288574,-0.38515883684158325,-0.0922246942866991,0.00799185037612915,-0.3132562041282654,-0.10612005690228443,0.014867782592773438,-0.2501417398452759,-0.10306240568053227
M,0.0,0.0,0.0,0.051378220319747925,-0.09564381837844849,-0.041129098495105154,0.05153271555900574,-0.23682564496994019,-0.06241735186205233,-0.026616722345352173,-0.30776095390319824,-0.08487076055035914,-0.086798757314682,-0.3710266351699829,-0.10114573430047358,0.06565716862678528,-0.36139023303985596,-0.007387780340025074,0.08909758925437927,-0.45471739768981934,-0.06369781236872996,0.09352323412895203,-0.35479736328125,-0.10327060263381327,0.09137889742851257,-0.25777488946914673,-0.122497809340814,0.008602380752563477,-0.359910249710083,-0.012056431023040659,0.035755425691604614,-0.47840985655784607,-0.07878859828934992,0.045126646757125854,-0.3501414656639099,-0.11375771205649698,0.049575597047805786,-0.24892836809158325,-0.1211659361027273,-0.050665825605392456,-0.34084779024124146,-0.026254222949603445,-0.03635138273239136,-0.45733556151390076,-0.0943264637492689,-0.013690799474716187,-0.32839709520339966,-0.11063331108317698,-0.0026587247848510742,-0.2272070050239563,-0.10339255373702372,-0.10959741473197937,-0.30337172746658325,-0.042855982889989264,-0.09696066379547119,-0.3474399447441101,-0.09798079471812571,-0.07306075096130371,-0.2788505554199219,-0.11246663074717844,-0.059791743755340576,-0.2302854061126709,-0.11098842065558756
