label,f0,f1,f2,f3,f4,f5,f6,f7,f8,f9,f10,f11,f12,f13,f14,f15,f16,f17,f18,f19,f20,f21,f22,f23,f24,f25,f26,f27,f28,f29,f30,f31,f32,f33,f34,f35,f36,f37,f38,f39,f40,f41,f42,f43,f44,f45,f46,f47,f48,f49,f50,f51,f52,f53,f54,f55,f56,f57,f58,f59,f60,f61,f62
N,0.0,0.0,0.0,0.06000182032585144,-0.08726197481155396,-0.03180747722242927,0.07693490386009216,-0.2027742862701416,-0.04398503397558784,0.031156808137893677,-0.298664927482605,-0.056455499129043574,-0.009092181921005249,-0.3618289828300476,-0.06338835005615806,0.08222118020057678,-0.25284862518310547,0.006232123254193311,0.10228684544563293,-0.3213537335395813,-0.04580076281879997,0.07986953854560852,-0.2599925994873047,-0.07891701404903984,0.06692597270011902,-0.1904274821281433,-0.09174179528807258,0.0331898033618927,-0.2503979802131653,0.0033133899703159386,0.05741497874259949,-0.3517281413078308,-0.06116211284850692,0.03688648343086243,-0.2659711241722107,-0.08632700388287162,0.029118746519088745,-0.17359817028045654,-0.08164847140167808,-0.011155486106872559,-0.23304367065429688,-0.008231585481809134,-0.004434138536453247,-0.28805840015411377,-0.07079708819244956,-0.0056022703647613525,-0.19159036874771118,-0.07217629496906852,-0.0005936026573181152,-0.11905759572982788,-0.05013972018812751,-0.05554518103599548,-0.20450401306152344,-0.022017915369616503,-0.048778146505355835,-0.23203939199447632,-0.06339490656708335,-0.04278472065925598,-0.16663002967834473,-0.060020575867639536,-0.03337973356246948,-0.12563520669937134,-0.04316830505584335
N,0.0,0.0,0.0,0.06173396110534668,-0.08699196577072144,-0.03237704116423856,0.07481497526168823,-0.2055777907371521,-0.045456628534395804,0.025740742683410645,-0.29991984367370605,-0.05852350893934499,-0.013254731893539429,-0.3623146414756775,-0.06531986895521413,0.08085036277770996,-0.2559380531311035,0.005043851923744569,0.10116720199584961,-0.32647907733917236,-0.04720761555751096,0.080452561378479,-0.26597267389297485,-0.07989262345751058,0.06807750463485718,-0.19659364223480225,-0.09185991737564336,0.03094947338104248,-0.25370848178863525,0.0028151339055852986,0.05726313591003418,-0.3555569350719452,-0.06007596034129392,0.041123270988464355,-0.2764686346054077,-0.08411334756334554,0.034850895404815674,-0.18756705522537231,-0.07914457026441823,-0.014996856451034546,-0.23795866966247559,-0.008116645957727542,-0.003537088632583618,-0.2938486933708191,-0.06970529559572469,-0.00366818904876709,-0.19652193784713745,-0.07005684379060995,5.117058753967285e-05,-0.12391424179077148,-0.04758735302408468,-0.060259878635406494,-0.21024644374847412,-0.021349041941959968,-0.04607883095741272,-0.2381277084350586,-0.06180742311795484,-0.03974851965904236,-0.16718381643295288,-0.05685245919545423,-0.03254818916320801,-0.12155628204345703,-0.03886115852316152
N,0.0,0.0,0.0,0.0611054003238678,-0.0828980803489685,-0.03445769192916259,0.0751064121723175,-0.2046852707862854,-0.048144576123775096,0.02433636784553528,-0.2985759377479553,-0.06103663610559806,-0.015370547771453857,-0.36111950874328613,-0.06733664589268074,0.08148506283760071,-0.2551705837249756,-0.00032460309597581727,0.10227581858634949,-0.32942014932632446,-0.05316822322350845,0.08013448119163513,-0.2706819176673889,-0.08491006212574348,0.06733885407447815,-0.20015352964401245,-0.09606671052318916,0.03106704354286194,-0.2529917359352112,-0.001966526017383785,0.0577339231967926,-0.35922932624816895,-0.06577370779854164,0.040993303060531616,-0.28150343894958496,-0.08890735822063789,0.03487977385520935,-0.1913127303123474,-0.08294310139757499,-0.01564157009124756,-0.23777616024017334,-0.012249313278914542,-0.002158433198928833,-0.29389649629592896,-0.07503859417778358,-0.0031243860721588135,-0.19558870792388916,-0.07498436140161857,0.00031504034996032715,-0.12295466661453247,-0.052073326877177806,-0.061410486698150635,-0.21119606494903564,-0.024849136344016642,-0.04513856768608093,-0.23652005195617676,-0.06662872897726402,-0.03986039757728577,-0.1633889079093933,-0.061630976370395274,-0.03382882475852966,-0.1172446608543396,-0.04344781952244148
N,0.0,0.0,0.0,0.061227887868881226,-0.08719664812088013,-0.029569330863665755,0.074247807264328,-0.20577633380889893,-0.04290555534512919,0.024323076009750366,-0.29796522855758667,-0.05651803059132021,-0.01390373706817627,-0.3622973561286926,-0.06406644848735255,0.08088317513465881,-0.2536708116531372,-0.0011597218746430826,0.09993883967399597,-0.3277931809425354,-0.05163125065715235,0.07947877049446106,-0.2647717595100403,-0.08210141328723353,0.06864282488822937,-0.1960434913635254,-0.09358541039378565,0.03106817603111267,-0.25043511390686035,-0.005280161980550702,0.05468663573265076,-0.35492387413978577,-0.06568119046838206,0.040102213621139526,-0.2738470435142517,-0.08725801972300928,0.03579095005989075,-0.18643105030059814,-0.08245136705787104,-0.01506727933883667,-0.23396837711334229,-0.01711085555703562,-0.0034603476524353027,-0.29149967432022095,-0.07492276398093622,-0.0027816295623779297,-0.19104355573654175,-0.0717521396055929,0.0006930828094482422,-0.11851263046264648,-0.04915180174262446,-0.05927363038063049,-0.20620542764663696,-0.031174634821724112,-0.0452827513217926,-0.23293370008468628,-0.06813999382407587,-0.03716358542442322,-0.16706132888793945,-0.06119123963267725,-0.030456990003585815,-0.1276416778564453,-0.043524121172737296
N,0.0,0.0,0.0,0.059110432863235474,-0.08312034606933594,-0.03283924049677012,0.07162752747535706,-0.204678475856781,-0.0471399221474087,0.023591846227645874,-0.2975192666053772,-0.06086204013766405,-0.01348009705543518,-0.363477885723114,-0.06811161152066347,0.0838100016117096,-0.25363558530807495,-0.004119483744517538,0.10231360793113708,-0.3291229009628296,-0.05525141394676325,0.08172157406806946,-0.26579898595809937,-0.08607698789776919,0.06891760230064392,-0.1961612105369568,-0.09728371164740679,0.034386008977890015,-0.2508217692375183,-0.006180087094918463,0.056021541357040405,-0.35517293214797974,-0.06603865138234255,0.04185137152671814,-0.27465999126434326,-0.08718544802607653,0.03746280074119568,-0.1885945200920105,-0.08203268608988878,-0.011671334505081177,-0.2362605333328247,-0.016335634505168173,-2.16066837310791e-05,-0.29474538564682007,-0.07442714831771013,-0.00020644068717956543,-0.1964154839515686,-0.0724985655301964,0.002481788396835327,-0.12517493963241577,-0.05064958891810534,-0.05620545148849487,-0.21136319637298584,-0.028910450627819273,-0.04252082109451294,-0.23698121309280396,-0.06724507919491884,-0.03602340817451477,-0.16716665029525757,-0.061623835926667425,-0.030094772577285767,-0.12419623136520386,-0.04454922116340754
N,0.0,0.0,0.0,0.06059327721595764,-0.08264899253845215,-0.03309428836303141,0.07387766242027283,-0.20547187328338623,-0.04619044954972651,0.023211032152175903,-0.2973780632019043,-0.05858711670236971,-0.014521121978759766,-0.35987454652786255,-0.06455655912952807,0.08362141251564026,-0.25394493341445923,-0.0028584646535136926,0.10309633612632751,-0.3279675245285034,-0.05342223639684107,0.08053401112556458,-0.2665192484855652,-0.08333708862858202,0.06811025738716125,-0.1982099413871765,-0.09414563844995882,0.03393825888633728,-0.25196075439453125,-0.0049707172912576425,0.058555036783218384,-0.35761964321136475,-0.06540117929773714,0.04172012209892273,-0.2787177562713623,-0.08663514773445513,0.03663650155067444,-0.1914297342300415,-0.08089576433496859,-0.012514710426330566,-0.23762673139572144,-0.015337019740513824,9.125471115112305e-05,-0.29203206300735474,-0.07441358040171053,0.00034675002098083496,-0.195498526096344,-0.07392020295458224,0.005334347486495972,-0.12517982721328735,-0.05262611205773737,-0.05720019340515137,-0.21247929334640503,-0.028109598486594223,-0.042719900608062744,-0.23440700769424438,-0.06814511637287524,-0.03579998016357422,-0.1634177565574646,-0.06415349016981509,-0.027879148721694946,-0.11907374858856201,-0.0479612178643265
N,0.0,0.0,0.0,0.05868688225746155,-0.08279597759246826,-0.033768806774332916,0.07270976901054382,-0.20618033409118652,-0.04814066382141391,0.02296707034111023,-0.2995260953903198,-0.06162378953786174,-0.01585334539413452,-0.36234182119369507,-0.06874915974231044,0.08098670840263367,-0.25512492656707764,-0.005820404905989562,0.10223981738090515,-0.3287201225757599,-0.057266764510586654,0.08131888508796692,-0.2650336027145386,-0.08798702077956477,0.0684346854686737,-0.19632995128631592,-0.09915055351348201,0.03139224648475647,-0.25249361991882324,-0.007762120273127948,0.05750587582588196,-0.3570297062397003,-0.06856678443045894,0.042352527379989624,-0.2768373489379883,-0.08983138965459148,0.036600321531295776,-0.18955880403518677,-0.08430556224675456,-0.014192283153533936,-0.23760986328125,-0.017748626116826927,-0.0007885396480560303,-0.29324740171432495,-0.0765508489498643,-0.0008466839790344238,-0.19560319185256958,-0.0748118461856393,0.002292841672897339,-0.12463265657424927,-0.05276757122965137,-0.057803601026535034,-0.21183621883392334,-0.03022488037140647,-0.043079882860183716,-0.23597627878189087,-0.06906777637095729,-0.036273807287216187,-0.16529667377471924,-0.06330920772643367,-0.029749542474746704,-0.12084919214248657,-0.04594727249832431
N,0.0,0.0,0.0,0.06019783020019531,-0.08514440059661865,-0.031288527180890924,0.07067263126373291,-0.20326268672943115,-0.04598092683170307,0.02115631103515625,-0.29491132497787476,-0.06043146200988758,-0.014189422130584717,-0.36312493681907654,-0.06852070637557972,0.0789031982421875,-0.2523916959762573,-0.0047007647766577065,0.09868675470352173,-0.3286169767379761,-0.056972503890733606,0.0815926194190979,-0.26731181144714355,-0.08849344052885044,0.07090884447097778,-0.19845759868621826,-0.10002322145317066,0.029325902462005615,-0.25049370527267456,-0.007791690757017022,0.05434238910675049,-0.35541242361068726,-0.06886498280380238,0.04335135221481323,-0.27623480558395386,-0.09037139662120808,0.03979301452636719,-0.19043737649917603,-0.08559982874010075,-0.01725780963897705,-0.2366517186164856,-0.01872519985352028,-0.0030312538146972656,-0.29133689403533936,-0.07758780219171513,-0.0016288161277770996,-0.19120323657989502,-0.07479860283945072,0.0012279748916625977,-0.11965250968933105,-0.05239704274151791,-0.06264302134513855,-0.21173280477523804,-0.032005787124376184,-0.04446893930435181,-0.23405462503433228,-0.0709675068459319,-0.03679591417312622,-0.1618233323097229,-0.06462327041242588,-0.031472742557525635,-0.11759442090988159,-0.046936530848483926
N,0.0,0.0,0.0,0.059027254581451416,-0.08216291666030884,-0.0329406589204666,0.06871861219406128,-0.19951671361923218,-0.047960630797803105,0.018774688243865967,-0.2903750538825989,-0.06220868899768561,-0.014774978160858154,-0.36121994256973267,-0.0697070799702999,0.08091503381729126,-0.25282567739486694,-0.005230007407277526,0.10016632080078125,-0.32900458574295044,-0.05704153626507491,0.08214551210403442,-0.2662036418914795,-0.08842395170873374,0.07022160291671753,-0.19626092910766602,-0.099908574664056,0.030726253986358643,-0.2508810758590698,-0.007120309111684264,0.05354321002960205,-0.3554078936576843,-0.06700702681487769,0.043215274810791016,-0.2769755721092224,-0.08869606926387519,0.04043775796890259,-0.19278407096862793,-0.08449812903350562,-0.016388297080993652,-0.2374253273010254,-0.01693681179827422,-0.0018861889839172363,-0.29197120666503906,-0.07532502635663718,-0.0005961060523986816,-0.19231802225112915,-0.07315802499002189,0.0015057921409606934,-0.12232470512390137,-0.051543126993834676,-0.06264221668243408,-0.21322107315063477,-0.02916549443548888,-0.04320114850997925,-0.2322707176208496,-0.06876194401925773,-0.03592634201049805,-0.15775883197784424,-0.06303084566539496,-0.03157365322113037,-0.113797128200531,-0.04576315283125609
N,0.0,0.0,0.0,0.058749258518218994,-0.08036458492279053,-0.034442075753247536,0.07061213254928589,-0.19781768321990967,-0.04986745979789475,0.020557820796966553,-0.28916382789611816,-0.06420748423937539,-0.014291882514953613,-0.3574981093406677,-0.07194760184887627,0.08233851194381714,-0.251481831073761,-0.0068244833886978995,0.10090011358261108,-0.32682403922080994,-0.059701019191777505,0.08135241270065308,-0.2638556957244873,-0.09159882854822854,0.06943356990814209,-0.1931479573249817,-0.10324836265448312,0.03218042850494385,-0.24853861331939697,-0.008456904666161336,0.05445140600204468,-0.3530547618865967,-0.07041248422268609,0.04228353500366211,-0.2741253972053528,-0.09292105328444222,0.03934365510940552,-0.1876068115234375,-0.08843565475348214,-0.014354407787322998,-0.23400896787643433,-0.01812935922447423,-0.0006792545318603516,-0.28670454025268555,-0.07906398665312508,0.00016075372695922852,-0.18719953298568726,-0.07778458785418252,0.003609895706176758,-0.11663860082626343,-0.055830833727156914,-0.06009569764137268,-0.20936113595962524,-0.03019970957342366,-0.043055176734924316,-0.22821050882339478,-0.0717680652082322,-0.0368228554725647,-0.15274649858474731,-0.0665226851046441,-0.03138294816017151,-0.10778212547302246,-0.04900568094257096
N,0.0,0.0,0.0,0.0610809326171875,-0.08307826519012451,-0.03314231630275799,0.07261121273040771,-0.19919508695602417,-0.048657077512245905,0.02124422788619995,-0.28889554738998413,-0.06358546685288502,-0.014773428440093994,-0.35412225127220154,-0.07215536307404591,0.08203381299972534,-0.25265228748321533,-0.005107219012927544,0.10156285762786865,-0.3234598636627197,-0.05888320799778057,0.08040893077850342,-0.261231005191803,-0.0922856174022968,0.0683298110961914,-0.19116997718811035,-0.10527247112105442,0.031722187995910645,-0.2495759129524231,-0.007927841654520762,0.056446194648742676,-0.3513164520263672,-0.07261765669892384,0.04183381795883179,-0.27188366651535034,-0.09733717810223652,0.03754556179046631,-0.18284159898757935,-0.09394218694279743,-0.014909416437149048,-0.23469877243041992,-0.018646086713772547,-0.0006647109985351562,-0.2855450510978699,-0.08100296478579594,-0.0003438591957092285,-0.18583440780639648,-0.08063573311875416,0.0032172799110412598,-0.11324471235275269,-0.05904266532371594,-0.06084412336349487,-0.20901936292648315,-0.03171796645830227,-0.041566163301467896,-0.22598683834075928,-0.07437045793841435,-0.03494006395339966,-0.14929336309432983,-0.06990028094361378,-0.028735995292663574,-0.10230225324630737,-0.0527943960935886
N,0.0,0.0,0.0,0.06088674068450928,-0.08227944374084473,-0.03270989393368495,0.07194358110427856,-0.1967388391494751,-0.04801867639199031,0.020613253116607666,-0.28560489416122437,-0.06293014173880351,-0.015300929546356201,-0.35023611783981323,-0.0715104538716389,0.08170348405838013,-0.2505335807800293,-0.003979970864207871,0.10132694244384766,-0.32000303268432617,-0.057505973777921326,0.08068728446960449,-0.2573319673538208,-0.09091243629828227,0.06828683614730835,-0.18727630376815796,-0.10389437263384593,0.03133302927017212,-0.2473360300064087,-0.006913309148700364,0.05537617206573486,-0.3473189175128937,-0.07105691467896236,0.042137205600738525,-0.26783883571624756,-0.09570403879061473,0.03828519582748413,-0.17979949712753296,-0.09251121913567317,-0.015533983707427979,-0.23234277963638306,-0.01775994447544349,-0.000985860824584961,-0.2817232608795166,-0.07988477980271114,-0.00045412778854370117,-0.18164169788360596,-0.0794123161353184,0.0023058056831359863,-0.10986208915710449,-0.05779946332350505,-0.06158173084259033,-0.20637297630310059,-0.030928486189992555,-0.040558576583862305,-0.22266733646392822,-0.07316170369759334,-0.03383779525756836,-0.1462051272392273,-0.06834061925783885,-0.02908623218536377,-0.10004174709320068,-0.05107908805385364
N,0.0,0.0,0.0,0.059921979904174805,-0.08018821477890015,-0.033197432072995525,0.07141202688217163,-0.1981106400489807,-0.048090811135409695,0.02028554677963257,-0.2867472767829895,-0.06238992816412292,-0.016300618648529053,-0.3506169021129608,-0.07004446840488754,0.0819128155708313,-0.25186824798583984,-0.00446250407600246,0.10255128145217896,-0.322733074426651,-0.057547698976634365,0.081637442111969,-0.2582230567932129,-0.09028967029058776,0.06900644302368164,-0.18762004375457764,-0.10286709225380264,0.03125661611557007,-0.24825316667556763,-0.006997480770735365,0.05421340465545654,-0.34912896156311035,-0.07048074460232101,0.04176902770996094,-0.2682710886001587,-0.09452704644405685,0.03932768106460571,-0.18096214532852173,-0.09105266934835754,-0.01594594120979309,-0.23351430892944336,-0.017485463308332783,-8.863210678100586e-05,-0.2842525839805603,-0.07858748293125473,0.000886380672454834,-0.1824854016304016,-0.0774707601090654,0.0032604336738586426,-0.11095935106277466,-0.05576280436122261,-0.06201884150505066,-0.20821315050125122,-0.0304356545826181,-0.037869930267333984,-0.22278279066085815,-0.07168215072357498,-0.031090587377548218,-0.14614516496658325,-0.06668160414898239,-0.027023673057556152,-0.10134774446487427,-0.04961241340839706
N,0.0,0.0,0.0,0.06034964323043823,-0.0809406042098999,-0.03290515345656786,0.07105237245559692,-0.20068097114562988,-0.04777755168402109,0.019704580307006836,-0.28944826126098633,-0.06195386824333582,-0.01651400327682495,-0.3545425534248352,-0.06947274458730135,0.08108562231063843,-0.25190800428390503,-0.00561039335229907,0.10114115476608276,-0.3257583975791931,-0.05845429700934801,0.080361008644104,-0.2619156241416931,-0.09067056280696306,0.06760895252227783,-0.19174134731292725,-0.10273844701373491,0.03036367893218994,-0.24867600202560425,-0.008143095757304764,0.05297046899795532,-0.3520043194293976,-0.07124972296082888,0.04090243577957153,-0.2723270058631897,-0.0946815977724782,0.03797173500061035,-0.18535131216049194,-0.09075157296979341,-0.01700851321220398,-0.23480242490768433,-0.01850555603527937,-0.0015159249305725098,-0.28670960664749146,-0.07945255887830172,-0.0006511211395263672,-0.1842557191848755,-0.07811658782088671,0.0011134147644042969,-0.11191380023956299,-0.0561851295562974,-0.06325823068618774,-0.21077579259872437,-0.03125151199424181,-0.03967919945716858,-0.22698163986206055,-0.07229398888671312,-0.032585859298706055,-0.15101611614227295,-0.06697821569764528,-0.028610289096832275,-0.10651051998138428,-0.04966366243684206
N,0.0,0.0,0.0,0.060355186462402344,-0.07949745655059814,-0.0347745930739336,0.07260900735855103,-0.19973260164260864,-0.05028138588747311,0.021334469318389893,-0.29036062955856323,-0.06448428239306736,-0.015068233013153076,-0.3558092415332794,-0.07201298232754993,0.08199769258499146,-0.25085753202438354,-0.009299824941962243,0.10172325372695923,-0.3265244960784912,-0.0631644269414835,0.08040368556976318,-0.26438575983047485,-0.09529731329163837,0.06793248653411865,-0.19324833154678345,-0.10696163680037785,0.030690491199493408,-0.2482420802116394,-0.010877001095622063,0.05417978763580322,-0.3528769612312317,-0.07495230342826176,0.04079413414001465,-0.2732155919075012,-0.0980574106760912,0.037261128425598145,-0.18440216779708862,-0.09337799157580662,-0.016057997941970825,-0.2344915270805359,-0.020395281720965386,-0.0016901493072509766,-0.2863631844520569,-0.0825941851325922,-0.0016505122184753418,-0.18549013137817383,-0.0819334750958376,0.0009267330169677734,-0.11306202411651611,-0.05995804722985554,-0.061657607555389404,-0.21103185415267944,-0.03231427352508831,-0.04242706298828125,-0.22971516847610474,-0.07459818478307056,-0.035618096590042114,-0.15494757890701294,-0.0701505308934145,-0.029546409845352173,-0.10973775386810303,-0.05303123499831486
N,0.0,0.0,0.0,0.05952733755111694,-0.08076679706573486,-0.03456532910664123,0.0716545581817627,-0.20176923274993896,-0.050107266308856424,0.02015465497970581,-0.2919238209724426,-0.06439106494386238,-0.015804141759872437,-0.35749486088752747,-0.07209338575799507,0.0809141993522644,-0.25328880548477173,-0.00885217499185842,0.10039985179901123,-0.3285118639469147,-0.06283951133687538,0.07879358530044556,-0.2666481137275696,-0.09546892672975105,0.06679338216781616,-0.1957036852836609,-0.10763154506881278,0.030272960662841797,-0.2508232593536377,-0.010801383780432161,0.055247366428375244,-0.3560481071472168,-0.07504458308417838,0.04038351774215698,-0.27767473459243774,-0.09872607469756645,0.03565293550491333,-0.18863826990127563,-0.09444739252526801,-0.0163724422454834,-0.2372797131538391,-0.020672110395622667,-0.0026137232780456543,-0.2908458113670349,-0.08245849192340415,-0.002179741859436035,-0.1910969614982605,-0.08208324343164008,0.0012350082397460938,-0.11867415904998779,-0.060650724472594675,-0.06209719181060791,-0.213367760181427,-0.03299721285898727,-0.04403093457221985,-0.23042553663253784,-0.0754308733363871,-0.03680738806724548,-0.15513736009597778,-0.07140847623546165,-0.02960178256034851,-0.10955929756164551,-0.05470117137033981
N,0.0,0.0,0.0,0.0600438117980957,-0.08097106218338013,-0.034477411714874506,0.07203936576843262,-0.20231372117996216,-0.04936640238531709,0.02044731378555298,-0.29311978816986084,-0.06303585222133279,-0.015560179948806763,-0.3595822751522064,-0.0699502219832766,0.0818987488746643,-0.25361764430999756,-0.007330533062599898,0.10079830884933472,-0.33002516627311707,-0.06035648560293794,0.07993555068969727,-0.2678544521331787,-0.09218696406253457,0.06794369220733643,-0.19694626331329346,-0.10382471880086541,0.030781328678131104,-0.25145018100738525,-0.008868755718253851,0.05497288703918457,-0.35712021589279175,-0.07188128581412911,0.0414959192276001,-0.27917832136154175,-0.09482650360234857,0.03767812252044678,-0.1910075545310974,-0.09030899306901574,-0.016336590051651,-0.23809504508972168,-0.018430213389478922,-0.001940011978149414,-0.2924676537513733,-0.079280867186867,-0.0016729235649108887,-0.19287914037704468,-0.07844021817811608,0.0011958479881286621,-0.12101733684539795,-0.05683475261696458,-0.062099605798721313,-0.214735746383667,-0.030488132444702387,-0.04289332032203674,-0.2327093482017517,-0.0720494156158793,-0.035952359437942505,-0.15769684314727783,-0.06769937178262353,-0.029781579971313477,-0.11229020357131958,-0.05090695148476243
N,0.0,0.0,0.0,0.05959486961364746,-0.08072948455810547,-0.03435511551452919,0.07109999656677246,-0.20142614841461182,-0.0496402721817617,0.019605517387390137,-0.2917461395263672,-0.0637495782191877,-0.015957385301589966,-0.3590252995491028,-0.07111346386028572,0.08132272958755493,-0.2542014718055725,-0.008170228820574721,0.10046505928039551,-0.33002156019210815,-0.06158020011736198,0.07960808277130127,-0.26790010929107666,-0.09376189522100731,0.06745797395706177,-0.19697970151901245,-0.1056974496657972,0.030073821544647217,-0.25201791524887085,-0.009996908154619177,0.05467057228088379,-0.3567720055580139,-0.07311111352993294,0.04151266813278198,-0.2783682346343994,-0.09598744324995323,0.037699341773986816,-0.19038885831832886,-0.09157551489425941,-0.017081469297409058,-0.2387734055519104,-0.019788524505031546,-0.0017070174217224121,-0.29226475954055786,-0.08057071677995964,-0.0013692378997802734,-0.19230324029922485,-0.07933057509018226,0.0011695623397827148,-0.12074136734008789,-0.05768919400526329,-0.062877357006073,-0.2154037356376648,-0.03212323076678558,-0.042488813400268555,-0.230573832988739,-0.07379819117142006,-0.035513103008270264,-0.15463900566101074,-0.0693008642609243,-0.029664814472198486,-0.10925614833831787,-0.05246326736761375
N,0.0,0.0,0.0,0.05909663438796997,-0.08064258098602295,-0.03419225575211726,0.07054132223129272,-0.19943422079086304,-0.04959322424414836,0.019562184810638428,-0.28961724042892456,-0.06390451924684726,-0.015622645616531372,-0.3583078980445862,-0.0715788482296773,0.0808258056640625,-0.25383102893829346,-0.00773553089979373,0.09975624084472656,-0.3283194899559021,-0.06118891672971927,0.07957041263580322,-0.26558130979537964,-0.09375765459421359,0.06765657663345337,-0.19447410106658936,-0.10604006336811267,0.029858410358428955,-0.2515510320663452,-0.009691856855482683,0.05372810363769531,-0.3553573787212372,-0.07249861495378696,0.04115331172943115,-0.2757195830345154,-0.09542163001182757,0.03775835037231445,-0.18780958652496338,-0.09129383699777804,-0.017370492219924927,-0.23813700675964355,-0.01962311850670062,-0.0019127130508422852,-0.29014402627944946,-0.08004976348760806,-0.0012984275817871094,-0.19054704904556274,-0.07869950966718875,0.0013047456741333008,-0.1198720932006836,-0.05723525868538104,-0.0634099543094635,-0.21442574262619019,-0.03209076361540042,-0.04257071018218994,-0.22930908203125,-0.07331650243881427,-0.036083757877349854,-0.1529485583305359,-0.06849128292682849,-0.031119346618652344,-0.10758054256439209,-0.051636724786789046
N,0.0,0.0,0.0,0.05969357490539551,-0.08158785104751587,-0.034857122570400634,0.07158404588699341,-0.20082002878189087,-0.05068582516921083,0.021243810653686523,-0.29210615158081055,-0.06538917344821016,-0.014396041631698608,-0.3602946400642395,-0.07335770350707094,0.08097308874130249,-0.2539358139038086,-0.007815059617286124,0.10090756416320801,-0.327023446559906,-0.06270151060832063,0.08086192607879639,-0.26434457302093506,-0.09604860317719499,0.06875872611999512,-0.19329160451889038,-0.10848769766104738,0.030159354209899902,-0.25096338987350464,-0.00961973831815044,0.05400514602661133,-0.3541998267173767,-0.07442298007023851,0.04178202152252197,-0.2753395438194275,-0.09826243889344255,0.03914463520050049,-0.18729168176651,-0.09415596944106142,-0.016598880290985107,-0.23681145906448364,-0.019516894936685958,-0.0005843043327331543,-0.28562241792678833,-0.0819945208431534,6.252527236938477e-05,-0.1850566267967224,-0.08089893531811754,0.0029938817024230957,-0.11385101079940796,-0.058688221842174926,-0.062372952699661255,-0.2128136157989502,-0.0319623894692711,-0.04133862257003784,-0.2261231541633606,-0.07424775731576005,-0.03459054231643677,-0.14974325895309448,-0.06945727241051713,-0.029023170471191406,-0.10508495569229126,-0.05207235586655656
N,0.0,0.0,0.0,0.05973690748214722,-0.08142518997192383,-0.034433018552306294,0.07209062576293945,-0.20284080505371094,-0.04975170655751526,0.021908164024353027,-0.2937852144241333,-0.06386877237463295,-0.013966470956802368,-0.36083024740219116,-0.07128285257721245,0.08315002918243408,-0.2554475665092468,-0.008650348657909035,0.10101938247680664,-0.3288004994392395,-0.062434636192563175,0.08033621311187744,-0.2660233974456787,-0.0950336494913131,0.06876063346862793,-0.1950586438179016,-0.10735246925258934,0.03164958953857422,-0.2520582675933838,-0.010510817306283116,0.05307209491729736,-0.35447826981544495,-0.07411618171835244,0.04085874557495117,-0.27578020095825195,-0.09736524908447564,0.03869420289993286,-0.18812257051467896,-0.09334461032057106,-0.015766650438308716,-0.2377951741218567,-0.020296881111505627,-0.0011176466941833496,-0.2883884310722351,-0.08177242814207375,1.1920928955078125e-05,-0.18692010641098022,-0.08035993217134774,0.00318300724029541,-0.1150551438331604,-0.05848386152291596,-0.061439454555511475,-0.21362698078155518,-0.032620322095397114,-0.04063528776168823,-0.2280253767967224,-0.07477615414762795,-0.03344404697418213,-0.1522073745727539,-0.07024674503708184,-0.02771848440170288,-0.10787081718444824,-0.053329307722094654
N,0.0,0.0,0.0,0.059192001819610596,-0.08161038160324097,-0.03478739984734602,0.071483314037323,-0.20396721363067627,-0.0504037422726924,0.02160722017288208,-0.2947760224342346,-0.06478657775028296,-0.01516762375831604,-0.3598189353942871,-0.0725037848244483,0.08047080039978027,-0.2560594081878662,-0.008870853264170364,0.10055911540985107,-0.32867318391799927,-0.06378551774128027,0.08029109239578247,-0.2654781937599182,-0.09723824464185782,0.06813865900039673,-0.19424349069595337,-0.10974191330774374,0.02974003553390503,-0.25272268056869507,-0.010823981989460663,0.05445849895477295,-0.3559454083442688,-0.07538783006771155,0.04178047180175781,-0.2762288451194763,-0.09903459452493735,0.03841078281402588,-0.18755251169204712,-0.09477074645860739,-0.016751229763031006,-0.23849374055862427,-0.02080004305048533,-0.0010509490966796875,-0.2902718782424927,-0.08273471348388739,-0.0001087188720703125,-0.1890099048614502,-0.08152540229662009,0.002891063690185547,-0.11687988042831421,-0.05943061985476561,-0.06198275089263916,-0.21422821283340454,-0.033386951465445236,-0.04090675711631775,-0.2299829125404358,-0.07534976505144186,-0.03411144018173218,-0.15429085493087769,-0.0705494528303916,-0.02846240997314453,-0.10920530557632446,-0.053283130903082565
N,0.0,0.0,0.0,0.05932819843292236,-0.08188211917877197,-0.0351176593428022,0.07054686546325684,-0.2044810652732849,-0.05084530971697632,0.019516587257385254,-0.2952669858932495,-0.06537250764421287,-0.01688206195831299,-0.3628530502319336,-0.07309791035703483,0.07950013875961304,-0.2588840126991272,-0.007803846241301926,0.09967046976089478,-0.3317199945449829,-0.06333592124036613,0.07979851961135864,-0.2674247622489929,-0.09735482521108452,0.06777065992355347,-0.19541531801223755,-0.11011252142242256,0.028451204299926758,-0.25607985258102417,-0.009745832157648238,0.053416907787323,-0.3599247932434082,-0.07510643787435356,0.04052901268005371,-0.2791220545768738,-0.09936397857717338,0.03676581382751465,-0.18977481126785278,-0.0952029038195974,-0.01886385679244995,-0.24181032180786133,-0.019833106172598036,-0.0031728744506835938,-0.2920166254043579,-0.08227186985067192,-0.0022439956665039062,-0.1893712282180786,-0.0810906920557386,0.0005775690078735352,-0.11747342348098755,-0.05877442992976967,-0.06509196758270264,-0.21714842319488525,-0.032549421859300764,-0.04418495297431946,-0.23136472702026367,-0.07442637122920814,-0.0363231897354126,-0.15529656410217285,-0.06922567225745979,-0.02975580096244812,-0.11131590604782104,-0.05157663263133827
N,0.0,0.0,0.0,0.059841036796569824,-0.08358633518218994,-0.035661366420214335,0.07078546285629272,-0.20596837997436523,-0.051616635756914775,0.019678175449371338,-0.29779642820358276,-0.06606336741370455,-0.017059028148651123,-0.36645740270614624,-0.07366716920060412,0.07957953214645386,-0.2574811577796936,-0.009455729859297435,0.09891587495803833,-0.333767294883728,-0.0644111937157561,0.0790981650352478,-0.27064549922943115,-0.0979153892270972,0.0670778751373291,-0.19846504926681519,-0.11046234576625125,0.02859818935394287,-0.2542067766189575,-0.010990388343458335,0.052132487297058105,-0.36093294620513916,-0.07545649318618075,0.04026031494140625,-0.2821829915046692,-0.09935855923814074,0.03747671842575073,-0.19325566291809082,-0.0954533672205855,-0.018903464078903198,-0.23986011743545532,-0.020577977063481967,-0.003886103630065918,-0.29294103384017944,-0.08245971857232348,-0.0023126602172851562,-0.19270390272140503,-0.08112116216344134,0.0010161399841308594,-0.12115615606307983,-0.059150722461168925,-0.06509298086166382,-0.2153702974319458,-0.03278090118092791,-0.045075446367263794,-0.23277783393859863,-0.07484822033566729,-0.03719961643218994,-0.15712451934814453,-0.06958987622184054,-0.031116008758544922,-0.11204296350479126,-0.05208639858884112
N,0.0,0.0,0.0,0.05940800905227661,-0.08324885368347168,-0.034740049524600636,0.07170408964157104,-0.20617938041687012,-0.05032875774651302,0.020810425281524658,-0.2980436086654663,-0.06468651456981434,-0.016452163457870483,-0.3656570315361023,-0.07223708195834888,0.08003634214401245,-0.2576019763946533,-0.008996939419205319,0.10008758306503296,-0.33273783326148987,-0.06346713764816059,0.08000117540359497,-0.2676456570625305,-0.09620905680804981,0.06803697347640991,-0.19619905948638916,-0.10830770446210636,0.028744101524353027,-0.25400853157043457,-0.010973468555505406,0.05204266309738159,-0.3592526912689209,-0.07497118426709903,0.040319859981536865,-0.27885836362838745,-0.0979587511554314,0.03830140829086304,-0.19017404317855835,-0.09347449256330265,-0.01834714412689209,-0.23966747522354126,-0.020956058187778126,-0.0026436448097229004,-0.2919458746910095,-0.08218298865705265,-0.0015617012977600098,-0.18996447324752808,-0.08003920329957737,0.0014032721519470215,-0.1176709532737732,-0.0575987697973801,-0.06374979019165039,-0.21576476097106934,-0.0335722343459679,-0.04364222288131714,-0.23105615377426147,-0.0745677427783562,-0.036219000816345215,-0.15596473217010498,-0.0690612570777489,-0.03027331829071045,-0.1120835542678833,-0.051563251896197926
N,0.0,0.0,0.0,0.058535993099212646,-0.0811803936958313,-0.03481025215438649,0.07026547193527222,-0.20494729280471802,-0.049699447715795486,0.01997584104537964,-0.2962910532951355,-0.0631305311267738,-0.01583188772201538,-0.3659776747226715,-0.06971464645317837,0.08045440912246704,-0.2567341923713684,-0.009027867244697063,0.09909969568252563,-0.3338637948036194,-0.06232196059278294,0.07897448539733887,-0.26927071809768677,-0.09404530715397641,0.06716573238372803,-0.197920024394989,-0.10572465103319928,0.029250144958496094,-0.25397634506225586,-0.01059460234097287,0.051757872104644775,-0.3613094389438629,-0.07323485952070996,0.03987222909927368,-0.28079867362976074,-0.0955893803780441,0.03771615028381348,-0.19264084100723267,-0.09098719399622723,-0.018443524837493896,-0.240278422832489,-0.02013805661550805,-0.003415226936340332,-0.29518717527389526,-0.0805817354863052,-0.0019045472145080566,-0.19414710998535156,-0.07878551226309582,0.0016266703605651855,-0.1233147382736206,-0.05704776164344594,-0.0644652247428894,-0.21664899587631226,-0.03224052455476567,-0.044224321842193604,-0.23243391513824463,-0.0739516947811012,-0.037221759557724,-0.15567034482955933,-0.06922596287182614,-0.03167468309402466,-0.1108168363571167,-0.052418276334321945
N,0.0,0.0,0.0,0.05832672119140625,-0.08231794834136963,-0.03595632518721459,0.0698654055595398,-0.20727068185806274,-0.051508380277880406,0.019440174102783203,-0.2991509437561035,-0.06539855728937027,-0.017227619886398315,-0.36725378036499023,-0.07238082419229386,0.07933294773101807,-0.2580937147140503,-0.010667394093104576,0.09866511821746826,-0.3352019190788269,-0.06487666647029755,0.07872343063354492,-0.270386278629303,-0.0972246883351886,0.0667981505393982,-0.19858455657958984,-0.10915461014104721,0.02826690673828125,-0.2546759247779846,-0.011974294847675537,0.05142003297805786,-0.3620498776435852,-0.07539526204658387,0.03961479663848877,-0.2818630337715149,-0.09800234268499253,0.03726440668106079,-0.19337493181228638,-0.09341656248165009,-0.01915585994720459,-0.24042093753814697,-0.021375330342777943,-0.004242599010467529,-0.2956741452217102,-0.08253085444761155,-0.002558588981628418,-0.19474655389785767,-0.08078835736108658,0.0010533928871154785,-0.12318027019500732,-0.058881698354014134,-0.06469327211380005,-0.21628516912460327,-0.03345333988858101,-0.044869184494018555,-0.2334538698196411,-0.07557463477445481,-0.037436217069625854,-0.15726977586746216,-0.07077052275730011,-0.03161546587944031,-0.11176645755767822,-0.05378052796316979
N,0.0,0.0,0.0,0.05843454599380493,-0.08454567193984985,-0.034899466206525176,0.06938141584396362,-0.20667636394500732,-0.05022739665696463,0.01902627944946289,-0.2989594340324402,-0.0642253574926599,-0.01761576533317566,-0.3676453232765198,-0.07150430651495299,0.08011287450790405,-0.2577161192893982,-0.007638842799906342,0.09811866283416748,-0.334163635969162,-0.06089558126518568,0.07828450202941895,-0.27128857374191284,-0.09328207047769865,0.0672539472579956,-0.20032697916030884,-0.10545112611839613,0.029493749141693115,-0.2543131113052368,-0.009145346005652755,0.051964640617370605,-0.3609737157821655,-0.07165598543474516,0.03980344533920288,-0.28189557790756226,-0.0946252164442285,0.03735685348510742,-0.1935586929321289,-0.09049895824978194,-0.01755198836326599,-0.23993819952011108,-0.018670710270498603,-0.0038819313049316406,-0.2949727177619934,-0.07882263930628142,-0.002741873264312744,-0.19560682773590088,-0.07736470224449477,0.000639498233795166,-0.12394881248474121,-0.05576826678702673,-0.06311100721359253,-0.2157401442527771,-0.03081734152624449,-0.04525378346443176,-0.23307496309280396,-0.07176763983557066,-0.03807017207145691,-0.15875184535980225,-0.06681753369161925,-0.03200620412826538,-0.11399304866790771,-0.0498254154820188
N,0.0,0.0,0.0,0.05924057960510254,-0.08417624235153198,-0.03247088397188236,0.07108759880065918,-0.20635664463043213,-0.04726536402745296,0.020470023155212402,-0.2973407506942749,-0.0610563030306821,-0.016360968351364136,-0.3656482398509979,-0.06825549731297542,0.07953107357025146,-0.255911648273468,-0.008464560082984462,0.09807413816452026,-0.33383965492248535,-0.060451856053305164,0.07739633321762085,-0.271267294883728,-0.09125256369156887,0.06642401218414307,-0.20173180103302002,-0.10276627371354152,0.029284358024597168,-0.25317955017089844,-0.011268546975088611,0.05288088321685791,-0.3623749017715454,-0.07242932001395275,0.03968566656112671,-0.284160315990448,-0.09400275925440837,0.03688359260559082,-0.19626814126968384,-0.08936597982688,-0.01764589548110962,-0.23932170867919922,-0.02165513502700378,-0.0028206706047058105,-0.29693400859832764,-0.07989564368767788,-0.0018077492713928223,-0.19743496179580688,-0.07742231915040065,0.0017094612121582031,-0.1255527138710022,-0.05601161176605274,-0.06335049867630005,-0.21574431657791138,-0.03452849218888332,-0.04522952437400818,-0.2307528257369995,-0.07443456182522823,-0.03773275017738342,-0.15743643045425415,-0.06969103792948772,-0.03104206919670105,-0.11413192749023438,-0.05343355441732456
N,0.0,0.0,0.0,0.05659359693527222,-0.08396798372268677,-0.037309975395118045,0.06668621301651001,-0.20776253938674927,-0.05349174610725527,0.01895385980606079,-0.3018229603767395,-0.06784229449382906,-0.01701653003692627,-0.37053364515304565,-0.07540214530578737,0.07982534170150757,-0.2574682831764221,-0.011862257527326392,0.09698396921157837,-0.3386182188987732,-0.06579819045416002,0.07776296138763428,-0.2767184376716614,-0.09781992159238939,0.06697463989257812,-0.20458054542541504,-0.10919142983308916,0.02989017963409424,-0.25380373001098633,-0.01198349803141241,0.050470054149627686,-0.36468175053596497,-0.07466112546077852,0.03873443603515625,-0.28714466094970703,-0.0970976623093236,0.03630328178405762,-0.1997840404510498,-0.09234238884798174,-0.01685851812362671,-0.23925960063934326,-0.020252193356071757,-0.00584644079208374,-0.29515641927719116,-0.08127514741769915,-0.004438042640686035,-0.19568568468093872,-0.08041468731514101,-0.0005888938903808594,-0.12360572814941406,-0.05860886446586733,-0.06165936589241028,-0.215667724609375,-0.031217911312495517,-0.04767721891403198,-0.23782241344451904,-0.0726535590683568,-0.03856542706489563,-0.16768479347229004,-0.06812841168991213,-0.030337631702423096,-0.12393742799758911,-0.05109979681125765
N,0.0,0.0,0.0,0.059169769287109375,-0.08590835332870483,-0.03404534731484432,0.07027417421340942,-0.2075093388557434,-0.05002214882946987,0.020321965217590332,-0.2982948422431946,-0.06487714995122928,-0.018038928508758545,-0.36458396911621094,-0.07324342925525684,0.07823210954666138,-0.25701409578323364,-0.009996047545740794,0.09652590751647949,-0.3329116702079773,-0.06398845214820881,0.07736796140670776,-0.26863646507263184,-0.09647359449840565,0.0679473876953125,-0.19818687438964844,-0.10883730400777836,0.02804619073867798,-0.2530510425567627,-0.012463496368894766,0.05080598592758179,-0.36223816871643066,-0.07597934205509205,0.038310885429382324,-0.28175538778305054,-0.09900535393930454,0.036157429218292236,-0.19284582138061523,-0.09487876791931171,-0.01825392246246338,-0.23764491081237793,-0.022655519959101866,-0.0061928629875183105,-0.2943951487541199,-0.0829575707433321,-0.0037724971771240234,-0.19496816396713257,-0.08105519909835834,0.0014104843139648438,-0.12324744462966919,-0.059328154963026236,-0.06225895881652832,-0.21270692348480225,-0.035403081518182944,-0.04699146747589111,-0.23175513744354248,-0.07583201427436848,-0.03848704695701599,-0.15971052646636963,-0.07054971654392261,-0.03077799081802368,-0.11567527055740356,-0.053628978621730994
N,0.0,0.0,0.0,0.05731463432312012,-0.08268916606903076,-0.03624502376106875,0.06750154495239258,-0.2020699381828308,-0.05182764858392375,0.020116209983825684,-0.29524773359298706,-0.06603718355682986,-0.01587885618209839,-0.36444973945617676,-0.07367466196802752,0.08017235994338989,-0.2581171989440918,-0.005890706949060132,0.09686261415481567,-0.33208227157592773,-0.06018174991396563,0.07807517051696777,-0.2706752419471741,-0.09389492676046984,0.06823205947875977,-0.199718177318573,-0.10680380270270007,0.029948890209197998,-0.255390465259552,-0.006744383297984768,0.0515519380569458,-0.36284419894218445,-0.07064626172569888,0.0395050048828125,-0.28304487466812134,-0.09514900103596347,0.03711593151092529,-0.1933247447013855,-0.09145456359175341,-0.016754955053329468,-0.24082344770431519,-0.015864435512696673,-0.0035091042518615723,-0.29457569122314453,-0.0775632987954964,-0.001783907413482666,-0.1957859992980957,-0.07747284129646914,0.0021556615829467773,-0.1244160532951355,-0.05610069066671031,-0.06189313530921936,-0.21627527475357056,-0.027686061266933848,-0.044047027826309204,-0.23037397861480713,-0.06978797719267504,-0.036569952964782715,-0.15617525577545166,-0.06566057905939715,-0.030269116163253784,-0.11110585927963257,-0.04875509992626803
N,0.0,0.0,0.0,0.05824840068817139,-0.08397066593170166,-0.035258484421120784,0.06849199533462524,-0.20425951480865479,-0.05090578400884738,0.020659446716308594,-0.29704660177230835,-0.06546031066571345,-0.015856921672821045,-0.36433011293411255,-0.07340156414900889,0.0805467963218689,-0.2596104145050049,-0.0062798479328023404,0.09804612398147583,-0.33360815048217773,-0.06081866600905528,0.07899624109268188,-0.27097368240356445,-0.09440838673506846,0.06867712736129761,-0.19967806339263916,-0.10705506184493174,0.030336499214172363,-0.2559208869934082,-0.007883201701389453,0.05136603116989136,-0.36344683170318604,-0.071961173204528,0.03953605890274048,-0.283463716506958,-0.09606114157830348,0.03753942251205444,-0.19407975673675537,-0.09204238036070933,-0.016445040702819824,-0.24051141738891602,-0.0176680901775228,-0.00412362813949585,-0.2942958474159241,-0.07940111437235942,-0.0021051764488220215,-0.19427448511123657,-0.07889095821772685,0.002113640308380127,-0.12219393253326416,-0.05709638201986422,-0.06125062704086304,-0.21515655517578125,-0.03009850287233462,-0.04493251442909241,-0.23144465684890747,-0.07153409847413172,-0.03620806336402893,-0.15934765338897705,-0.06694229075108638,-0.028719782829284668,-0.11543446779251099,-0.04979164281283488
N,0.0,0.0,0.0,0.057811439037323,-0.08376085758209229,-0.03633319220645603,0.06807273626327515,-0.2066645622253418,-0.052554663337303964,0.0202714204788208,-0.30048173666000366,-0.06731008744938549,-0.016839176416397095,-0.3683617115020752,-0.07533865428669628,0.07958418130874634,-0.261541485786438,-0.008789549648298589,0.0977066159248352,-0.33730196952819824,-0.06433326757652935,0.07854467630386353,-0.2746313214302063,-0.09848805523617443,0.06761354207992554,-0.20196378231048584,-0.11128303415281948,0.029414474964141846,-0.2579817771911621,-0.01011129940999922,0.05121821165084839,-0.3677420914173126,-0.07447699464066204,0.03975754976272583,-0.2885281443595886,-0.09865084297163662,0.03739804029464722,-0.198333740234375,-0.09474186605913815,-0.017346352338790894,-0.2427973747253418,-0.019669886745049325,-0.004026889801025391,-0.3000205159187317,-0.08167266852362332,-0.0015448331832885742,-0.20056194067001343,-0.0809434429476994,0.002502143383026123,-0.1277310848236084,-0.05914400524599728,-0.06235241889953613,-0.2176426649093628,-0.03194491944415745,-0.04519385099411011,-0.23729360103607178,-0.07412028319342312,-0.03710979223251343,-0.16398990154266357,-0.06929839409096417,-0.030338943004608154,-0.11762887239456177,-0.05187889567716297
N,0.0,0.0,0.0,0.05634260177612305,-0.08499222993850708,-0.03742663988199979,0.06539297103881836,-0.20837682485580444,-0.052894998875530064,0.01830148696899414,-0.3028106093406677,-0.06683065795627385,-0.017119228839874268,-0.37227505445480347,-0.07405874186483175,0.07928246259689331,-0.2612413763999939,-0.006913278319956362,0.09644919633865356,-0.3381049633026123,-0.06150711753693372,0.07735759019851685,-0.27724337577819824,-0.09527717584100515,0.06641000509262085,-0.20549601316452026,-0.10792046838727742,0.0303725004196167,-0.25946635007858276,-0.007174395092846453,0.05137509107589722,-0.3690037131309509,-0.07079013490405828,0.039277613162994385,-0.29055750370025635,-0.09524036252227575,0.036333560943603516,-0.20076310634613037,-0.09150920116630346,-0.016279995441436768,-0.24570220708847046,-0.01595069148865491,-0.004909038543701172,-0.30158692598342896,-0.07785631769624501,-0.00282442569732666,-0.20318681001663208,-0.07855548017946035,0.0013968348503112793,-0.13031381368637085,-0.05753677764263898,-0.061283767223358154,-0.2217579483985901,-0.027510893133552372,-0.04651236534118652,-0.2404056191444397,-0.06992671692100316,-0.037952721118927,-0.16917896270751953,-0.06635925972190648,-0.030604004859924316,-0.12302994728088379,-0.04973951780524999
N,0.0,0.0,0.0,0.05733621120452881,-0.08700966835021973,-0.03664575811717441,0.06742304563522339,-0.208018958568573,-0.05251427289340427,0.01978546380996704,-0.30220651626586914,-0.06714628558847835,-0.017592191696166992,-0.3692207336425781,-0.07541067075226238,0.0785263180732727,-0.260455846786499,-0.006476928631400369,0.0968964695930481,-0.3351823389530182,-0.061376708711122774,0.07787984609603882,-0.2751271724700928,-0.09568449031803539,0.06750833988189697,-0.20435231924057007,-0.10878266316149166,0.02949768304824829,-0.2581512928009033,-0.007507611683195137,0.052802860736846924,-0.3670032024383545,-0.07199765663835933,0.0397191047668457,-0.2878260016441345,-0.09697574299070766,0.036114633083343506,-0.19698339700698853,-0.09335186254475047,-0.01671236753463745,-0.24365216493606567,-0.016931119526361726,-0.004050076007843018,-0.2993008494377136,-0.07927410971615245,-0.0026107430458068848,-0.20129913091659546,-0.07984772991630962,0.0011369585990905762,-0.12774938344955444,-0.05845406200978687,-0.06156110763549805,-0.2190399169921875,-0.029056598583792947,-0.04666653275489807,-0.24012595415115356,-0.07081253003570964,-0.03809547424316406,-0.17016029357910156,-0.0664130068967097,-0.03058534860610962,-0.12398207187652588,-0.04919085201117923
N,0.0,0.0,0.0,0.05575680732727051,-0.08331513404846191,-0.036281004807420913,0.06404000520706177,-0.2030240297317505,-0.05266137074536914,0.015442907810211182,-0.29548245668411255,-0.06744874667234058,-0.0203859806060791,-0.36555740237236023,-0.07575614403791064,0.07584637403488159,-0.25786203145980835,-0.00978721611059541,0.09444022178649902,-0.3329964280128479,-0.06394517820186252,0.07477229833602905,-0.27195513248443604,-0.09746072094745273,0.06493246555328369,-0.20204037427902222,-0.11069219957894916,0.026695728302001953,-0.255970299243927,-0.011075979358025734,0.05115002393722534,-0.3676772117614746,-0.07481029283113116,0.0380743145942688,-0.28822338581085205,-0.09913567107028598,0.03503835201263428,-0.1980336308479309,-0.09574437539882297,-0.01976516842842102,-0.24240785837173462,-0.020218098795481865,-0.005567967891693115,-0.2985994219779968,-0.08088143568343753,-0.004506111145019531,-0.20029479265213013,-0.0803787077576601,-0.0010977387428283691,-0.12863123416900635,-0.05948280196494693,-0.06500202417373657,-0.21881264448165894,-0.03208503898090953,-0.04709383845329285,-0.23309195041656494,-0.0733017812282526,-0.03950005769729614,-0.1593339443206787,-0.06871501754827136,-0.03313499689102173,-0.11333751678466797,-0.05203164767331714
N,0.0,0.0,0.0,0.05611628293991089,-0.08493077754974365,-0.037968879638185626,0.06479507684707642,-0.2067030668258667,-0.054299829600324756,0.016464293003082275,-0.300226092338562,-0.06897055923747075,-0.02021309733390808,-0.3699137568473816,-0.07685688704060567,0.07584303617477417,-0.26190441846847534,-0.007885864077081806,0.09408146142959595,-0.3364067077636719,-0.0637609121184255,0.07579028606414795,-0.27391552925109863,-0.09884896695422185,0.06520366668701172,-0.20127874612808228,-0.11245392828988088,0.02668905258178711,-0.2589804530143738,-0.008433532042374736,0.0485612154006958,-0.3676226735115051,-0.07319457649992955,0.03760486841201782,-0.28765255212783813,-0.09816313355969442,0.035500943660736084,-0.19674640893936157,-0.09488706856774343,-0.01970362663269043,-0.24436098337173462,-0.017582504151334888,-0.006152212619781494,-0.2987704277038574,-0.07999779850052846,-0.0033940672874450684,-0.20031845569610596,-0.08013762354659093,0.0009075403213500977,-0.12821197509765625,-0.058977352527847415,-0.0646766722202301,-0.21937161684036255,-0.029656991435160762,-0.04605364799499512,-0.23615312576293945,-0.07229876339243901,-0.038585543632507324,-0.16203516721725464,-0.06814443886088384,-0.03297266364097595,-0.11536085605621338,-0.05128073885845197
N,0.0,0.0,0.0,0.05617380142211914,-0.08339047431945801,-0.03672410880434995,0.06510668992996216,-0.20573967695236206,-0.052442449678068215,0.01706165075302124,-0.29832029342651367,-0.06654974033344274,-0.018284142017364502,-0.3694789409637451,-0.07387553860652929,0.07718110084533691,-0.2591383457183838,-0.008806514155452305,0.09470027685165405,-0.3369345963001251,-0.06260876317728048,0.0759766697883606,-0.27325916290283203,-0.09579861124265676,0.06513720750808716,-0.20099478960037231,-0.10862426419961935,0.028362154960632324,-0.2569255828857422,-0.009709565501992756,0.0488429069519043,-0.3679528832435608,-0.07172812481630331,0.037856459617614746,-0.28848475217819214,-0.09519223083961492,0.03592240810394287,-0.1992802619934082,-0.09181826521862035,-0.0183393657207489,-0.24291235208511353,-0.01889730018783098,-0.005914568901062012,-0.30012047290802,-0.07879554440486913,-0.0033318400382995605,-0.20215892791748047,-0.07837428857791906,0.0008454322814941406,-0.13096833229064941,-0.057974654782896096,-0.06333640217781067,-0.218650221824646,-0.030906466368918473,-0.04658377170562744,-0.23541301488876343,-0.07235899527776724,-0.03910207748413086,-0.16178447008132935,-0.06834788580644613,-0.033489227294921875,-0.11579447984695435,-0.05231108476627355
N,0.0,0.0,0.0,0.05706429481506348,-0.08354884386062622,-0.03660725557202227,0.06693816184997559,-0.20577818155288696,-0.05256100126499064,0.017970144748687744,-0.297937273979187,-0.06689960637086756,-0.018909096717834473,-0.3661724328994751,-0.07458374776834376,0.07661843299865723,-0.2597675919532776,-0.009507754230440923,0.09557503461837769,-0.33437132835388184,-0.06414746620649225,0.07551419734954834,-0.2713913321495056,-0.097953812563361,0.06430649757385254,-0.19989585876464844,-0.11121098079675562,0.027518868446350098,-0.2578163146972656,-0.010785640561522314,0.05104750394821167,-0.36722898483276367,-0.07458683975929148,0.03829920291900635,-0.28774285316467285,-0.09878242143386728,0.03512078523635864,-0.19675838947296143,-0.09530997403854258,-0.01853349804878235,-0.24390006065368652,-0.02021875173741705,-0.004991769790649414,-0.30089884996414185,-0.08130944647783167,-0.0029693245887756348,-0.20293742418289185,-0.08131867029661066,0.0011543631553649902,-0.1302880048751831,-0.06079344578975565,-0.06305107474327087,-0.21949273347854614,-0.03245782607191927,-0.0454937219619751,-0.23240959644317627,-0.07482534029477961,-0.03796207904815674,-0.15845239162445068,-0.07153197505468256,-0.031611114740371704,-0.11215239763259888,-0.0557002810477627
N,0.0,0.0,0.0,0.054175615310668945,-0.0845872163772583,-0.03517619779560732,0.06257331371307373,-0.206806480884552,-0.05106273925159144,0.01374053955078125,-0.299419105052948,-0.06560052445385622,-0.023195266723632812,-0.36889714002609253,-0.07372854164097475,0.0719795823097229,-0.26234036684036255,-0.007784048824049705,0.0921088457107544,-0.33658650517463684,-0.06181719785783457,0.07277911901473999,-0.2729325294494629,-0.09527299812290835,0.06300997734069824,-0.20213907957077026,-0.10824967434857058,0.023741543292999268,-0.2595634460449219,-0.009714524059035057,0.049407780170440674,-0.37109801173210144,-0.07330777010176348,0.03553736209869385,-0.28915441036224365,-0.09717789551470446,0.03167128562927246,-0.19758284091949463,-0.09306649377796816,-0.02144065499305725,-0.2447451949119568,-0.01953313386295008,-0.008241415023803711,-0.3028363585472107,-0.07948885372135805,-0.0062369704246521,-0.2041398286819458,-0.07831254115555453,-0.0020487308502197266,-0.13189321756362915,-0.05685409790132212,-0.0657137930393219,-0.21983420848846436,-0.03205430394265818,-0.05026942491531372,-0.235945463180542,-0.07229873797152209,-0.04145285487174988,-0.16315150260925293,-0.06708540281508135,-0.0331578254699707,-0.11815094947814941,-0.04989574363682436
N,0.0,0.0,0.0,0.052845776081085205,-0.08186304569244385,-0.03993917598461394,0.05970633029937744,-0.20966047048568726,-0.05660819604133849,0.006352663040161133,-0.3024327754974365,-0.07036197154855017,-0.03269243240356445,-0.3701547384262085,-0.07721056758498435,0.07034516334533691,-0.26283127069473267,-0.012114898926370188,0.08929580450057983,-0.33668941259384155,-0.0664454695496488,0.07157737016677856,-0.26948630809783936,-0.10017602860068564,0.06113368272781372,-0.19660454988479614,-0.11313226043318991,0.021512866020202637,-0.26030611991882324,-0.011183492532722994,0.04599028825759888,-0.37237751483917236,-0.0733717527899671,0.032861173152923584,-0.2914966344833374,-0.096431657365315,0.02834528684616089,-0.20006883144378662,-0.0920083147201467,-0.024717628955841064,-0.24580693244934082,-0.018628934091680094,-0.011910617351531982,-0.30371367931365967,-0.07732314585780387,-0.007216811180114746,-0.2100788950920105,-0.07708686559533362,-0.001446545124053955,-0.13980525732040405,-0.05684623464082961,-0.06972134113311768,-0.2211472988128662,-0.029163093930833384,-0.052393317222595215,-0.23649156093597412,-0.06927445500230078,-0.042248278856277466,-0.16370707750320435,-0.06530258028840308,-0.033790379762649536,-0.1177361011505127,-0.04936962171530013
N,0.0,0.0,0.0,0.05487501621246338,-0.0827033519744873,-0.04033180635053668,0.06260049343109131,-0.2064228057861328,-0.058204370845146514,0.010384678840637207,-0.2974238991737366,-0.07328620489317927,-0.02879178524017334,-0.365021675825119,-0.08127265359837565,0.06794595718383789,-0.26385366916656494,-0.01390130940455947,0.0891423225402832,-0.3363850712776184,-0.07037675317008052,0.07329916954040527,-0.2667751908302307,-0.10554915602881465,0.062323808670043945,-0.1911618709564209,-0.1192199506946281,0.018488407135009766,-0.26002877950668335,-0.01345595746863637,0.04156237840652466,-0.36960285902023315,-0.0777593844719604,0.03346455097198486,-0.28634315729141235,-0.10222203220803294,0.03214132785797119,-0.1936488151550293,-0.09881831641871486,-0.027224451303482056,-0.2434900403022766,-0.02135801624137912,-0.012786388397216797,-0.299805223941803,-0.0824072578139976,-0.005540132522583008,-0.20393824577331543,-0.08191466267783198,3.1113624572753906e-05,-0.13333404064178467,-0.06123661558706317,-0.0712718665599823,-0.21701502799987793,-0.032310179729051924,-0.05125513672828674,-0.2305184006690979,-0.0737976798005775,-0.040891826152801514,-0.15652453899383545,-0.06907269294936214,-0.034146785736083984,-0.11089736223220825,-0.05236113752800975
N,0.0,0.0,0.0,0.05318403244018555,-0.08151185512542725,-0.0438124582546493,0.06084120273590088,-0.2083672285079956,-0.06271629486258234,0.010486483573913574,-0.3027874231338501,-0.07834973637039866,-0.029786258935928345,-0.3729068636894226,-0.08666123900587763,0.06532037258148193,-0.26811403036117554,-0.016341200880958695,0.08557760715484619,-0.3395726680755615,-0.07711477283413615,0.07155346870422363,-0.27133339643478394,-0.11475301239664759,0.060638248920440674,-0.1926809549331665,-0.12875421050961222,0.015139937400817871,-0.2636359930038452,-0.014936977848662991,0.037293195724487305,-0.37470731139183044,-0.08340202722723689,0.03091210126876831,-0.2940354347229004,-0.10986429903681483,0.03037160634994507,-0.19874733686447144,-0.10650618080074992,-0.03135216236114502,-0.2459736466407776,-0.022398584373547692,-0.016791164875030518,-0.29810869693756104,-0.08861146573002543,-0.009761512279510498,-0.1985824704170227,-0.0887391910331985,-0.004480540752410889,-0.1256568431854248,-0.06636753384049143,-0.07622018456459045,-0.21791833639144897,-0.03304208148296084,-0.05447489023208618,-0.23418092727661133,-0.07757202986653056,-0.04417002201080322,-0.15809088945388794,-0.07229347977812495,-0.03786754608154297,-0.11045396327972412,-0.053833090551449914
N,0.0,0.0,0.0,0.05384993553161621,-0.08534282445907593,-0.043576966095315584,0.06383532285690308,-0.21160662174224854,-0.0628533801618687,0.014726638793945312,-0.3072705864906311,-0.07927548797761119,-0.027156472206115723,-0.3768489956855774,-0.08874448301230586,0.06827574968338013,-0.271958589553833,-0.013929787147390016,0.08721256256103516,-0.3421410024166107,-0.07401524396573222,0.07344108819961548,-0.2713649868965149,-0.11285358579789317,0.06263059377670288,-0.19198530912399292,-0.12793328525458492,0.018873214721679688,-0.26481056213378906,-0.012872470598267682,0.0389898419380188,-0.3736107349395752,-0.08027268858586467,0.03319811820983887,-0.29015135765075684,-0.10723205568228877,0.03277534246444702,-0.19448798894882202,-0.10490775765811122,-0.026446104049682617,-0.24440371990203857,-0.020762388649927743,-0.013563752174377441,-0.305192768573761,-0.08683258952532924,-0.007127821445465088,-0.20580458641052246,-0.08686817349826015,-0.0031188130378723145,-0.12926620244979858,-0.06455394538079418,-0.07100024819374084,-0.21375340223312378,-0.031763537842380174,-0.053984880447387695,-0.24373555183410645,-0.0766063919845692,-0.042930424213409424,-0.17009079456329346,-0.07066036673222698,-0.03590068221092224,-0.11998182535171509,-0.051671068239556917
N,0.0,0.0,0.0,0.055388033390045166,-0.08106368780136108,-0.0421804441607776,0.06519955396652222,-0.20942753553390503,-0.06157311708696511,0.013686120510101318,-0.30044180154800415,-0.07780020595558312,-0.029094457626342773,-0.3664074242115021,-0.0870497441387954,0.06531274318695068,-0.265855610370636,-0.019885811070281534,0.08695113658905029,-0.33841753005981445,-0.07769647152193215,0.07424908876419067,-0.26738131046295166,-0.11418870748050836,0.06366544961929321,-0.18854808807373047,-0.12875413061149743,0.015918314456939697,-0.26154816150665283,-0.01937787518866685,0.040758728981018066,-0.36875486373901367,-0.08373514474399713,0.036502838134765625,-0.2842121720314026,-0.10811740816600945,0.03574013710021973,-0.1899327039718628,-0.10573071152933267,-0.029662400484085083,-0.24446195363998413,-0.027221902320462732,-0.012333601713180542,-0.30910319089889526,-0.08930020690925744,-0.003840208053588867,-0.21142780780792236,-0.08878599018819955,0.000967860221862793,-0.13704293966293335,-0.0688830903268638,-0.07333311438560486,-0.21711403131484985,-0.03815834135778573,-0.05270180106163025,-0.2375807762145996,-0.0817079758740249,-0.04114541411399841,-0.16244858503341675,-0.07765472591884759,-0.033754944801330566,-0.11317479610443115,-0.06179496184952882
N,0.0,0.0,0.0,0.055611371994018555,-0.08118188381195068,-0.040686284586314514,0.0622134804725647,-0.20687836408615112,-0.060196360036258056,0.01058429479598999,-0.29727792739868164,-0.07721323652518208,-0.03248921036720276,-0.3644866347312927,-0.08706372363818105,0.0642973780632019,-0.2639095187187195,-0.01707753299129422,0.08532768487930298,-0.33664441108703613,-0.07562904192459996,0.07691866159439087,-0.26529616117477417,-0.11270582808506902,0.06716299057006836,-0.18649804592132568,-0.12703889740956242,0.014399468898773193,-0.25847357511520386,-0.01710073782456334,0.03838169574737549,-0.36246204376220703,-0.08083628250611241,0.03868138790130615,-0.27955734729766846,-0.10441668464196141,0.03941774368286133,-0.1893329620361328,-0.10185849799168523,-0.03277269005775452,-0.24088740348815918,-0.025688109382514313,-0.013399004936218262,-0.30073726177215576,-0.08790151162398274,-0.003758668899536133,-0.20108771324157715,-0.08588409556401189,0.00011581182479858398,-0.1283092498779297,-0.06470066441548283,-0.0782274603843689,-0.2129610776901245,-0.03732808066857274,-0.05188190937042236,-0.23313283920288086,-0.08038911355984624,-0.039297133684158325,-0.1551269292831421,-0.07463094724667485,-0.034034550189971924,-0.10520190000534058,-0.0573811209048074
N,0.0,0.0,0.0,0.05592232942581177,-0.08222353458404541,-0.04141703878613612,0.06266719102859497,-0.20665770769119263,-0.061415864872657266,0.010527551174163818,-0.2959951162338257,-0.07930619527670046,-0.03511470556259155,-0.36005979776382446,-0.09019077827306887,0.06407320499420166,-0.2664472460746765,-0.014606885398649183,0.0862966775894165,-0.33673804998397827,-0.07474600781770846,0.08025795221328735,-0.26646947860717773,-0.11354121823879382,0.07224220037460327,-0.18656909465789795,-0.12840174396606585,0.013333320617675781,-0.2593280076980591,-0.014474291141056028,0.03599560260772705,-0.3580057621002197,-0.08022613336416384,0.03849911689758301,-0.276860773563385,-0.10573420186611315,0.04124176502227783,-0.18810629844665527,-0.10387199630113741,-0.03411737084388733,-0.24000585079193115,-0.0232769220796456,-0.014893800020217896,-0.2968101501464844,-0.08825685341926715,-0.004746675491333008,-0.1942240595817566,-0.08700084944339892,-0.0011675357818603516,-0.11942112445831299,-0.06500051428648135,-0.07977890968322754,-0.21031665802001953,-0.035122795748435465,-0.05328062176704407,-0.2335243821144104,-0.07977697511287829,-0.03902968764305115,-0.1572275161743164,-0.07366314043375155,-0.033224016427993774,-0.10825753211975098,-0.05516416092487475
N,0.0,0.0,0.0,0.05305594205856323,-0.07843440771102905,-0.04273897921207492,0.059961140155792236,-0.20498907566070557,-0.06276964535477703,0.009748876094818115,-0.2940062880516052,-0.08026445796254222,-0.03492036461830139,-0.3597445487976074,-0.09087060531142299,0.06112855672836304,-0.26744329929351807,-0.015378147824733901,0.08438819646835327,-0.3383033573627472,-0.07568318536046093,0.08003503084182739,-0.2698988914489746,-0.11503910412552898,0.07263779640197754,-0.19034218788146973,-0.13014365871909206,0.01142972707748413,-0.26040446758270264,-0.014558989084392238,0.03616464138031006,-0.36078089475631714,-0.08054240187171047,0.0387231707572937,-0.2800339460372925,-0.10711468895438259,0.040301620960235596,-0.19076216220855713,-0.1056352644181544,-0.03513914346694946,-0.2414441704750061,-0.02265788940253799,-0.015517562627792358,-0.29994118213653564,-0.08758314093115871,-0.005619525909423828,-0.19748562574386597,-0.08757726987364833,-0.0029407143592834473,-0.12308382987976074,-0.06648037721875255,-0.0803995132446289,-0.21216809749603271,-0.03383385529282634,-0.054038286209106445,-0.23370569944381714,-0.07900317897561138,-0.04097011685371399,-0.15409386157989502,-0.07356793572667186,-0.035452455282211304,-0.10324567556381226,-0.05546159436467235
N,0.0,0.0,0.0,0.05362069606781006,-0.07841694355010986,-0.04253269436766516,0.06061786413192749,-0.20448821783065796,-0.0623440787475289,0.010343074798583984,-0.29258549213409424,-0.07990956756283651,-0.033489882946014404,-0.3581598699092865,-0.09048019799401175,0.06027054786682129,-0.2674086093902588,-0.014826207263368474,0.08348292112350464,-0.3368186354637146,-0.07581989171912085,0.08121204376220703,-0.26654618978500366,-0.11561363640238653,0.07475066184997559,-0.18564563989639282,-0.13071971836497198,0.010572493076324463,-0.2600339651107788,-0.014182953005629884,0.03609001636505127,-0.3581854999065399,-0.08061212006022345,0.04017817974090576,-0.2763962149620056,-0.1072845801990212,0.04225689172744751,-0.18633592128753662,-0.1057754129450501,-0.03644043207168579,-0.2407246232032776,-0.02264203581025015,-0.01619914174079895,-0.2964332103729248,-0.08839828225781332,-0.005154013633728027,-0.19445055723190308,-0.08916058841158758,-0.0018827319145202637,-0.11981618404388428,-0.06824987831522833,-0.0820084810256958,-0.21084994077682495,-0.03416977900077711,-0.05346357822418213,-0.23091590404510498,-0.07967616322447668,-0.03739449381828308,-0.1539563536643982,-0.07502004208971869,-0.03005164861679077,-0.10396832227706909,-0.05736116024662863
N,0.0,0.0,0.0,0.05265915393829346,-0.07759463787078857,-0.0442138499872442,0.05879431962966919,-0.20327579975128174,-0.06490047269628008,0.00957566499710083,-0.2939213514328003,-0.08288612210319002,-0.03452935814857483,-0.3615769147872925,-0.09378533058927019,0.059603989124298096,-0.2672528028488159,-0.017805872421121194,0.08092623949050903,-0.3362083435058594,-0.07895392918155153,0.08069068193435669,-0.2685202360153198,-0.11822229617402513,0.07541400194168091,-0.18843978643417358,-0.1328753828363176,0.009649395942687988,-0.25985532999038696,-0.015964960615491464,0.03177732229232788,-0.3581218719482422,-0.08297231041953523,0.038351356983184814,-0.2772543430328369,-0.10953385376498659,0.04271233081817627,-0.18752139806747437,-0.10794437670276125,-0.03712606430053711,-0.24087727069854736,-0.023080656241035058,-0.01865491271018982,-0.29999005794525146,-0.08932921284005602,-0.0056993961334228516,-0.19758450984954834,-0.08923231803939302,-0.0009788274765014648,-0.12220519781112671,-0.0676644518332239,-0.08240559697151184,-0.21107357740402222,-0.03336790570185144,-0.05400741100311279,-0.23280435800552368,-0.07944750779435594,-0.03827223181724548,-0.15465426445007324,-0.0744911580638643,-0.03155571222305298,-0.10350561141967773,-0.05641221993730028
N,0.0,0.0,0.0,0.05200159549713135,-0.07814246416091919,-0.04439875944756011,0.05896484851837158,-0.20503056049346924,-0.06519091963075141,0.00957256555557251,-0.2958211898803711,-0.0834961467912052,-0.035070985555648804,-0.36266523599624634,-0.09463236569665412,0.05898451805114746,-0.26987218856811523,-0.017062407874092855,0.08098989725112915,-0.3372420370578766,-0.07967107086680869,0.0807529091835022,-0.26840925216674805,-0.11997651397489051,0.07559478282928467,-0.18780601024627686,-0.1350778871705387,0.008664071559906006,-0.26172715425491333,-0.015594069801792898,0.031389832496643066,-0.35922950506210327,-0.08455445706151465,0.037680745124816895,-0.2768324613571167,-0.11196366786263923,0.04209846258163452,-0.1858767867088318,-0.11033678888581733,-0.03842306137084961,-0.2418757677078247,-0.023336752273664274,-0.019381701946258545,-0.2987310290336609,-0.091244713359103,-0.006270647048950195,-0.19563645124435425,-0.09174853652022819,-0.001132965087890625,-0.11962765455245972,-0.06984310685895423,-0.08387306332588196,-0.21110492944717407,-0.034292076670155325,-0.055103689432144165,-0.23305374383926392,-0.08108415543340186,-0.037713468074798584,-0.1578824520111084,-0.07671368955872993,-0.02953970432281494,-0.1088610291481018,-0.058720813088640966
N,0.0,0.0,0.0,0.052527666091918945,-0.07812196016311646,-0.042625334398920245,0.05880934000015259,-0.20384728908538818,-0.06283525406020374,0.008501172065734863,-0.2919958829879761,-0.081031322764332,-0.03540831804275513,-0.3582022786140442,-0.0920929762591669,0.057068049907684326,-0.26926887035369873,-0.015356510231370635,0.0804632306098938,-0.335385799407959,-0.07728280155556888,0.08203995227813721,-0.26541805267333984,-0.11743499367135257,0.07763540744781494,-0.1847037672996521,-0.13258153228657932,0.007180213928222656,-0.2606218457221985,-0.014806989865476794,0.030692219734191895,-0.3566274046897888,-0.08266791729825229,0.03872710466384888,-0.2746061086654663,-0.10945375292199344,0.04359465837478638,-0.1835155487060547,-0.10783900349038333,-0.039611995220184326,-0.2402908205986023,-0.023445789055998034,-0.01892942190170288,-0.29685378074645996,-0.09088430582183094,-0.0050460100173950195,-0.19289344549179077,-0.09123749314444751,-0.000273287296295166,-0.11633485555648804,-0.06958397506373615,-0.0847320556640625,-0.20903372764587402,-0.035179525898868746,-0.053603172302246094,-0.228346586227417,-0.08225431321757526,-0.035411059856414795,-0.15186583995819092,-0.07829693733351917,-0.027201473712921143,-0.10234910249710083,-0.060800735192472644
N,0.0,0.0,0.0,0.05059915781021118,-0.07683080434799194,-0.04156556213973772,0.05633974075317383,-0.20507794618606567,-0.06042404706357729,0.004319965839385986,-0.2920715808868408,-0.07720621163724672,-0.04176086187362671,-0.35472768545150757,-0.08710701997159731,0.05649846792221069,-0.26760005950927734,-0.014548155951786157,0.07647871971130371,-0.33342424035072327,-0.0740576409804703,0.0786089301109314,-0.2646633982658386,-0.11286039138911974,0.07557809352874756,-0.18451052904129028,-0.12768390263198626,0.006869614124298096,-0.2602093815803528,-0.014075831051457044,0.028109967708587646,-0.3560633659362793,-0.07866824651836168,0.03582453727722168,-0.27584826946258545,-0.10411360348342669,0.04089164733886719,-0.1854417324066162,-0.10246815765975725,-0.040369659662246704,-0.24099010229110718,-0.02259874949930918,-0.020903021097183228,-0.3001757860183716,-0.087229835342157,-0.0064029693603515625,-0.19747191667556763,-0.08767543966649782,-0.0012472271919250488,-0.12075573205947876,-0.06731871003984224,-0.0866273045539856,-0.2106572389602661,-0.034222325782764074,-0.05467647314071655,-0.2268364429473877,-0.08072477067588579,-0.037014394998550415,-0.14879274368286133,-0.07786305482267153,-0.029774188995361328,-0.09815388917922974,-0.06180233369349253
N,0.0,0.0,0.0,0.049752891063690186,-0.07506436109542847,-0.04562811410922052,0.055106163024902344,-0.20538777112960815,-0.0664723911036873,0.004379332065582275,-0.2960599660873413,-0.08442395410436632,-0.04139941930770874,-0.3627867102622986,-0.09509397528070451,0.05391192436218262,-0.26833879947662354,-0.019889381219925895,0.07600116729736328,-0.338002473115921,-0.08220376304286958,0.07790893316268921,-0.26979386806488037,-0.12191546193260194,0.07411038875579834,-0.18943780660629272,-0.13687818727392198,0.004107296466827393,-0.25944381952285767,-0.018024616380515113,0.025601446628570557,-0.3597392439842224,-0.08578183731931688,0.03434842824935913,-0.280859112739563,-0.1126876272906685,0.04048436880111694,-0.19127416610717773,-0.11149461052316667,-0.04261362552642822,-0.23933935165405273,-0.025357179780783667,-0.02390405535697937,-0.3005155324935913,-0.09220868579048158,-0.009031236171722412,-0.19852215051651,-0.09256035319465639,-0.0034180879592895508,-0.12323862314224243,-0.07164087376493455,-0.0877746045589447,-0.20869320631027222,-0.0360572733630562,-0.0571502149105072,-0.22820764780044556,-0.08352733633417131,-0.03956705331802368,-0.1487809419631958,-0.07992346069711687,-0.032329052686691284,-0.09707236289978027,-0.06298847726482393
N,0.0,0.0,0.0,0.049418866634368896,-0.07527345418930054,-0.04472138262612191,0.0532991886138916,-0.20091849565505981,-0.06603632024747697,0.0031555891036987305,-0.29155105352401733,-0.08498268476945725,-0.04089966416358948,-0.3606342673301697,-0.09639431438667145,0.05377715826034546,-0.27095240354537964,-0.016958192878192335,0.07523977756500244,-0.34214937686920166,-0.08004653356296387,0.07914155721664429,-0.2717643976211548,-0.12057181350213853,0.07635283470153809,-0.19115054607391357,-0.13558712504131165,0.004719972610473633,-0.26204437017440796,-0.015294450291222006,0.026232600212097168,-0.3617669343948364,-0.08377381316644517,0.03556603193283081,-0.2801365256309509,-0.1101651479981598,0.04157745838165283,-0.19103318452835083,-0.10801624409181443,-0.04207208752632141,-0.2420172095298767,-0.02313888347966042,-0.023153454065322876,-0.30264949798583984,-0.09024474672300187,-0.007749676704406738,-0.1995176076889038,-0.08949900320989457,-0.001923680305480957,-0.12462007999420166,-0.06701829931957093,-0.08788025379180908,-0.21112364530563354,-0.034390172877138525,-0.05749061703681946,-0.2338464856147766,-0.08080958477479783,-0.03732877969741821,-0.1587257981300354,-0.0762867619774994,-0.028212010860443115,-0.1106412410736084,-0.058301783122843176
N,0.0,0.0,0.0,0.049733877182006836,-0.07735013961791992,-0.04724528016723184,0.05277836322784424,-0.20438164472579956,-0.06950127454675226,0.0031740665435791016,-0.2968950867652893,-0.08905099453605203,-0.04160964488983154,-0.3656677007675171,-0.10089031728185205,0.051498472690582275,-0.2741115093231201,-0.016883698573479933,0.07490742206573486,-0.3450903296470642,-0.0816098687259057,0.07894682884216309,-0.2764144539833069,-0.12350245686448602,0.07627660036087036,-0.1954571008682251,-0.13898643972552804,0.002602994441986084,-0.2651384472846985,-0.01413472490585832,0.02475970983505249,-0.3652918338775635,-0.08408399047530679,0.034553468227386475,-0.2853495478630066,-0.11153131844676523,0.04119980335235596,-0.19621258974075317,-0.10951949777282266,-0.04366317391395569,-0.24449306726455688,-0.02136486889995126,-0.024099409580230713,-0.30404311418533325,-0.08952518673814325,-0.009021878242492676,-0.2022680640220642,-0.08893709005988626,-0.003382086753845215,-0.1269460916519165,-0.06576793017066507,-0.08890822529792786,-0.21311473846435547,-0.03231554599679498,-0.0599077045917511,-0.2392827272415161,-0.07841681810296564,-0.0392763614654541,-0.16802304983139038,-0.07333139451421289,-0.029635339975357056,-0.12105327844619751,-0.05456188814915208
N,0.0,0.0,0.0,0.050503551959991455,-0.0820510983467102,-0.0442440602098344,0.053119122982025146,-0.20821470022201538,-0.06500992356880886,0.002420485019683838,-0.2990530729293823,-0.08374650209292156,-0.04302501678466797,-0.3654729723930359,-0.09477418839081508,0.05054795742034912,-0.2773359417915344,-0.012458702466332738,0.0740169882774353,-0.3453185558319092,-0.07642477928742153,0.07904648780822754,-0.2726026177406311,-0.1181501391445039,0.07729154825210571,-0.1916414499282837,-0.13359675734385235,0.00196152925491333,-0.2686365246772766,-0.010587188332223718,0.02485746145248413,-0.36419209837913513,-0.08014981626614315,0.0351068377494812,-0.28208011388778687,-0.10755378930910808,0.042169034481048584,-0.1923956274986267,-0.10556101231917125,-0.044727176427841187,-0.2480626106262207,-0.018634602344477003,-0.026140809059143066,-0.3008151650428772,-0.08587815790518505,-0.00942373275756836,-0.19935709238052368,-0.08552038102492077,-0.0020511746406555176,-0.12426692247390747,-0.06247184976085407,-0.09046289324760437,-0.21662604808807373,-0.030243409714543645,-0.06273671984672546,-0.2392839789390564,-0.0747662278924821,-0.03999209403991699,-0.17143654823303223,-0.06987331240519268,-0.02825447916984558,-0.12738782167434692,-0.0513815413330434
N,0.0,0.0,0.0,0.04873335361480713,-0.07769858837127686,-0.04569986888616029,0.04969519376754761,-0.20441985130310059,-0.06715995871870462,0.0014613866806030273,-0.2980271577835083,-0.08646229708044473,-0.042426228523254395,-0.36929237842559814,-0.09789854341595117,0.04845207929611206,-0.27541738748550415,-0.013488117209064399,0.07234501838684082,-0.34723421931266785,-0.07729605638830606,0.07715481519699097,-0.2786819338798523,-0.11809925043432656,0.07505631446838379,-0.19770026206970215,-0.1324630385026211,5.9664249420166016e-05,-0.26726943254470825,-0.01103368827550355,0.02190011739730835,-0.36740532517433167,-0.07951238059847299,0.0322566032409668,-0.2893404960632324,-0.1055331980571026,0.03938788175582886,-0.20185375213623047,-0.10244303250162545,-0.046742379665374756,-0.2465672492980957,-0.018727794824528132,-0.026475965976715088,-0.3036459684371948,-0.08590234124510232,-0.0105515718460083,-0.20175319910049438,-0.08439304733126107,-0.004739999771118164,-0.1252676248550415,-0.06021042221634332,-0.09215676784515381,-0.21476078033447266,-0.03011984245328847,-0.06309539079666138,-0.24322491884231567,-0.07440105879156533,-0.040268123149871826,-0.1777769923210144,-0.06846322172729913,-0.029322713613510132,-0.13376927375793457,-0.04904621147959176
N,0.0,0.0,0.0,0.050297319889068604,-0.07912397384643555,-0.044218687226489806,0.05245351791381836,-0.2003151774406433,-0.06489375035972955,0.001565694808959961,-0.29071420431137085,-0.08347805391760232,-0.042419224977493286,-0.359173446893692,-0.09406082134456994,0.0507243275642395,-0.27241742610931396,-0.011919140701607489,0.07416224479675293,-0.342090368270874,-0.07413060765476587,0.0791015625,-0.26722633838653564,-0.11436465929956796,0.07705944776535034,-0.18748927116394043,-0.1289618740579641,0.002383112907409668,-0.26537972688674927,-0.00942259549857738,0.025077462196350098,-0.3611401915550232,-0.07689970534057977,0.035025060176849365,-0.2793619632720947,-0.10262676130743387,0.0422053337097168,-0.19130003452301025,-0.09985463123531702,-0.044916003942489624,-0.24696671962738037,-0.016966374476865553,-0.024831146001815796,-0.295324444770813,-0.08188570838184717,-0.009577572345733643,-0.19465893507003784,-0.08098266821117761,-0.002981424331665039,-0.1203538179397583,-0.058006653448060774,-0.09112536907196045,-0.21836167573928833,-0.028262771551922583,-0.06085607409477234,-0.23756438493728638,-0.07020698290081384,-0.03952637314796448,-0.17224997282028198,-0.06548788945885065,-0.029274344444274902,-0.13041406869888306,-0.04774505074830415
N,0.0,0.0,0.0,0.050914764404296875,-0.08138561248779297,-0.044395855204300005,0.0520404577255249,-0.20671182870864868,-0.0649276660244027,0.0017393231391906738,-0.29593491554260254,-0.08340230448646935,-0.043128013610839844,-0.3611416220664978,-0.09423582865400704,0.05037456750869751,-0.27327316999435425,-0.010381535203293879,0.07475948333740234,-0.3398730158805847,-0.07420869036121758,0.07787472009658813,-0.27160733938217163,-0.11621649427814873,0.07512933015823364,-0.18950480222702026,-0.13162562115593346,0.0014223456382751465,-0.26487451791763306,-0.008318805643455107,0.02370375394821167,-0.3611084520816803,-0.07765284045143517,0.03284233808517456,-0.2807885408401489,-0.10542927546902092,0.03962427377700806,-0.19019585847854614,-0.1032500029961625,-0.04516837000846863,-0.24415522813796997,-0.016291423277095873,-0.02469196915626526,-0.2970290780067444,-0.08385057611866387,-0.009168446063995361,-0.19612282514572144,-0.0841745720665017,-0.0035411715507507324,-0.11979395151138306,-0.061066667125658114,-0.09066379070281982,-0.21265429258346558,-0.02776390551133545,-0.06127721071243286,-0.235834538936615,-0.07216135276956948,-0.039126843214035034,-0.16968709230422974,-0.06706639988823326,-0.028726130723953247,-0.12594962120056152,-0.048213096843198855
N,0.0,0.0,0.0,0.05139356851577759,-0.08038616180419922,-0.04394407339299278,0.052991271018981934,-0.20572328567504883,-0.06432825468385772,0.000622093677520752,-0.29364150762557983,-0.08270169936025695,-0.04349824786186218,-0.359416127204895,-0.0935074626644905,0.04974091053009033,-0.2746129631996155,-0.011501960939710898,0.074135422706604,-0.3412976861000061,-0.07529145620668487,0.07846707105636597,-0.27091896533966064,-0.11719554804170684,0.07577842473983765,-0.188637375831604,-0.13279004536474304,0.0005734562873840332,-0.2653670907020569,-0.010043868347054286,0.02294546365737915,-0.361632764339447,-0.07904208592975692,0.033197641372680664,-0.2783501148223877,-0.10630736641491012,0.03999817371368408,-0.18692034482955933,-0.10408679537380294,-0.045692622661590576,-0.2435116171836853,-0.018542747496610446,-0.0256807804107666,-0.297913134098053,-0.08585395060384826,-0.009191572666168213,-0.195753812789917,-0.08564873926246719,-0.0029559731483459473,-0.12002480030059814,-0.06266328833902435,-0.09119397401809692,-0.20989632606506348,-0.030541460513120455,-0.06149929761886597,-0.23375862836837769,-0.07579606912935333,-0.039270758628845215,-0.16419261693954468,-0.07095573983991699,-0.028311222791671753,-0.1183822751045227,-0.052369446977024836
N,0.0,0.0,0.0,0.05099666118621826,-0.08060568571090698,-0.04268447346939297,0.0528373122215271,-0.20701026916503906,-0.06186086721672268,0.0009549856185913086,-0.2948914170265198,-0.0791931118811533,-0.044666588306427,-0.3583803176879883,-0.08911023698701115,0.049726128578186035,-0.27270054817199707,-0.009015724434988215,0.0721922516822815,-0.33890867233276367,-0.07064287774218769,0.07650357484817505,-0.2692316770553589,-0.11115700416220875,0.07471781969070435,-0.18829339742660522,-0.12601543627633305,0.0007635354995727539,-0.26379650831222534,-0.007334470655308678,0.021650254726409912,-0.3586376905441284,-0.07413879446639271,0.0316159725189209,-0.2784392833709717,-0.10084230117453785,0.03916597366333008,-0.18926352262496948,-0.09856860749377461,-0.04608258605003357,-0.24278879165649414,-0.015455468929843619,-0.0268726646900177,-0.2950344681739807,-0.08102411441458912,-0.01090937852859497,-0.19456809759140015,-0.08148437403096409,-0.004675388336181641,-0.11951291561126709,-0.05929708145512791,-0.09135541319847107,-0.21056687831878662,-0.026937336101667597,-0.06185859441757202,-0.23156553506851196,-0.07068828903092594,-0.03987500071525574,-0.16305476427078247,-0.06621995232953282,-0.02919977903366089,-0.1182979941368103,-0.04826541282190533
N,0.0,0.0,0.0,0.050844669342041016,-0.08105731010437012,-0.04432501601868921,0.051614224910736084,-0.2049475908279419,-0.06472158762508684,0.00046628713607788086,-0.29232126474380493,-0.08318879785829836,-0.044314056634902954,-0.35632777214050293,-0.09413212123209291,0.04946446418762207,-0.2703230381011963,-0.010102358226419028,0.07340371608734131,-0.335792601108551,-0.07339657428556734,0.07742434740066528,-0.26544469594955444,-0.11498838993603044,0.07480871677398682,-0.18454450368881226,-0.1304512131481772,0.00021320581436157227,-0.2608451247215271,-0.008235377770603236,0.022101402282714844,-0.3553202748298645,-0.07683930131489092,0.032420992851257324,-0.2735752463340759,-0.1039161715179091,0.039631426334381104,-0.1849117875099182,-0.10165814640814119,-0.04691106081008911,-0.23953711986541748,-0.016540916216314372,-0.026327192783355713,-0.29342925548553467,-0.08416973384910875,-0.01010596752166748,-0.19079411029815674,-0.08422374310785585,-0.004225194454193115,-0.11468631029129028,-0.0611324715881949,-0.09287935495376587,-0.20686709880828857,-0.028350824069917735,-0.06202396750450134,-0.23052293062210083,-0.07336769583517366,-0.039595961570739746,-0.16345620155334473,-0.0687887627153998,-0.02911803126335144,-0.11998528242111206,-0.050462577071726855
N,0.0,0.0,0.0,0.04973411560058594,-0.08120542764663696,-0.04466561772609623,0.05027705430984497,-0.20493215322494507,-0.06421858989382656,0.0006079673767089844,-0.2940782904624939,-0.08173202895308407,-0.04303652048110962,-0.3589100241661072,-0.09184397929097088,0.050971806049346924,-0.2701394557952881,-0.007940221435674744,0.07332593202590942,-0.3347356617450714,-0.07022623889828594,0.07659584283828735,-0.2659687399864197,-0.11141422562981518,0.07336157560348511,-0.1857917308807373,-0.12671956591988476,0.0022454261779785156,-0.262082576751709,-0.0051821059056607055,0.02283024787902832,-0.3542170524597168,-0.07323680990124615,0.03202313184738159,-0.2717903256416321,-0.10065752439881237,0.03870117664337158,-0.183188796043396,-0.09839034252549084,-0.044442981481552124,-0.24143660068511963,-0.012708572528609352,-0.025128334760665894,-0.29184335470199585,-0.0799287500300494,-0.009057044982910156,-0.1913396716117859,-0.08133072578097256,-0.0028478503227233887,-0.11605459451675415,-0.05888331853533657,-0.09066164493560791,-0.20933103561401367,-0.023759662962802963,-0.06179133057594299,-0.231012761592865,-0.06864517354155453,-0.03962594270706177,-0.16725581884384155,-0.0653815659203616,-0.028683364391326904,-0.12600141763687134,-0.04782348298216732
N,0.0,0.0,0.0,0.04943394660949707,-0.07964468002319336,-0.0440281336938142,0.050367534160614014,-0.20371460914611816,-0.0633910303746461,0.0006933212280273438,-0.2920965552330017,-0.08062628710615627,-0.04299652576446533,-0.3567609488964081,-0.09044795537340633,0.05082648992538452,-0.27053606510162354,-0.00821325609433643,0.07274079322814941,-0.33397597074508667,-0.06995049918043605,0.07616835832595825,-0.26432663202285767,-0.11086686754572384,0.07312041521072388,-0.18462002277374268,-0.12638617360937587,0.0023646950721740723,-0.2624967694282532,-0.005858957841724077,0.022750020027160645,-0.35448142886161804,-0.07314235771048061,0.031762540340423584,-0.27124547958374023,-0.09995092505562297,0.03835946321487427,-0.18272697925567627,-0.09758682602989666,-0.04412868618965149,-0.24175095558166504,-0.013645412940263668,-0.024848610162734985,-0.2924119830131531,-0.08004818165647976,-0.009415864944458008,-0.19174116849899292,-0.08114347660887233,-0.003636598587036133,-0.11762946844100952,-0.05915840024101726,-0.08992213010787964,-0.20912688970565796,-0.024943119454860607,-0.05990099906921387,-0.22488945722579956,-0.07050272876369945,-0.03872126340866089,-0.15581345558166504,-0.06787267381298534,-0.02853742241859436,-0.11272430419921875,-0.050973527673363606
N,0.0,0.0,0.0,0.04986017942428589,-0.08074259757995605,-0.043921656473273174,0.05142569541931152,-0.2048107385635376,-0.06397462592899217,0.0018369555473327637,-0.29318928718566895,-0.08183415190755738,-0.04205292463302612,-0.35767441987991333,-0.09236010865747346,0.049654603004455566,-0.27023935317993164,-0.011615834696883098,0.07226037979125977,-0.33396482467651367,-0.07462648258983506,0.07565420866012573,-0.2652056813240051,-0.11614344970762147,0.07258838415145874,-0.18456238508224487,-0.131979845030898,0.0012955665588378906,-0.26203060150146484,-0.009673440395587818,0.022565245628356934,-0.35470300912857056,-0.07807623551666154,0.03160202503204346,-0.27262234687805176,-0.10519949303447618,0.03794872760772705,-0.18291586637496948,-0.10315738575040712,-0.04477590322494507,-0.24130010604858398,-0.017625061361783878,-0.02559778094291687,-0.2919239401817322,-0.08459573195754899,-0.009627342224121094,-0.1916789412498474,-0.08558732227861299,-0.0033273696899414062,-0.11714136600494385,-0.06381918446599855,-0.09000334143638611,-0.20885396003723145,-0.029050629152649776,-0.0596291720867157,-0.22229081392288208,-0.07521336482345475,-0.03848642110824585,-0.1517810821533203,-0.07256870673477067,-0.028187155723571777,-0.10737031698226929,-0.05572392748176469
N,0.0,0.0,0.0,0.04854661226272583,-0.07973432540893555,-0.04572067315338302,0.04920494556427002,-0.20383352041244507,-0.06570127139447379,0.0004324913024902344,-0.29436981678009033,-0.08337766210196662,-0.04218834638595581,-0.36132094264030457,-0.09371654967425513,0.052477896213531494,-0.27103495597839355,-0.009339094149154903,0.07343810796737671,-0.3355169892311096,-0.07143283913491416,0.07618868350982666,-0.2675139307975769,-0.11258092055676627,0.07258820533752441,-0.1873840093612671,-0.12787954042313743,0.004372894763946533,-0.26264554262161255,-0.006053831881118299,0.024014174938201904,-0.355686753988266,-0.0741497902071302,0.03148537874221802,-0.27393364906311035,-0.10194659511206794,0.037046611309051514,-0.18508243560791016,-0.09990991930125404,-0.04195123910903931,-0.24216002225875854,-0.012970052646679164,-0.024237364530563354,-0.29396164417266846,-0.08066062907336402,-0.009325683116912842,-0.19271397590637207,-0.08272140751240897,-0.003340423107147217,-0.11615568399429321,-0.060596375713330985,-0.08783149719238281,-0.20999950170516968,-0.02338047231195617,-0.0616430938243866,-0.23148047924041748,-0.06907387355921912,-0.039938539266586304,-0.16631102561950684,-0.06628256569264579,-0.028401345014572144,-0.12381988763809204,-0.04893663431165862
N,0.0,0.0,0.0,0.04983466863632202,-0.07991272211074829,-0.044769107389981855,0.051687538623809814,-0.20352578163146973,-0.06549434273296129,0.002007603645324707,-0.29226869344711304,-0.084026484776075,-0.0431879460811615,-0.3558778464794159,-0.09530508427673112,0.051510632038116455,-0.26911842823028564,-0.012118960756595243,0.0742226243019104,-0.33125919103622437,-0.07549650131517183,0.07837194204330444,-0.2617402672767639,-0.11742638706022035,0.07585382461547852,-0.18187284469604492,-0.13330349235587846,0.0027863383293151855,-0.2593775987625122,-0.01008608474188577,0.023612260818481445,-0.35234642028808594,-0.07901974676900636,0.03322923183441162,-0.2715761065483093,-0.10662485568576585,0.04014003276824951,-0.18244969844818115,-0.10486841856294404,-0.0438629686832428,-0.2375587821006775,-0.017950586069162,-0.02377942204475403,-0.2895748019218445,-0.08613165377431642,-0.008680403232574463,-0.18764370679855347,-0.0865296414380623,-0.0030994415283203125,-0.11173301935195923,-0.06370558499151002,-0.08949238061904907,-0.20495808124542236,-0.029257074955637563,-0.06061622500419617,-0.22633272409439087,-0.07571014671378862,-0.039290159940719604,-0.1567445993423462,-0.0714929541831566,-0.029139608144760132,-0.11147987842559814,-0.053210726965005506
N,0.0,0.0,0.0,0.049566566944122314,-0.07682156562805176,-0.04335233433198482,0.052264511585235596,-0.2024543285369873,-0.06271551786016971,0.002856135368347168,-0.2908642888069153,-0.07971886782002002,-0.041866570711135864,-0.35451388359069824,-0.08959429202627689,0.04992246627807617,-0.2662907838821411,-0.013232010919864479,0.07296466827392578,-0.32968202233314514,-0.07438882676910907,0.07553064823150635,-0.2600778341293335,-0.11373503742765934,0.07245892286300659,-0.18106073141098022,-0.12837624786448032,0.0014851689338684082,-0.25746917724609375,-0.011607753616090122,0.02344357967376709,-0.3512076735496521,-0.07806165752958805,0.03169351816177368,-0.2695234417915344,-0.10316264865946323,0.03788197040557861,-0.1805756688117981,-0.1000460409934476,-0.044568419456481934,-0.2361842393875122,-0.01955986445796043,-0.024286866188049316,-0.28848618268966675,-0.08554434267830402,-0.009003758430480957,-0.18715566396713257,-0.08551262555670291,-0.0028538107872009277,-0.11270838975906372,-0.0634598234112218,-0.0890066921710968,-0.2033291459083557,-0.030831065532083812,-0.05890706181526184,-0.21821504831314087,-0.07696100560974628,-0.04026922583580017,-0.1421709656715393,-0.07353907315086872,-0.031785935163497925,-0.09346109628677368,-0.05635512111734897
N,0.0,0.0,0.0,0.049147069454193115,-0.0774385929107666,-0.042804625367992344,0.05085211992263794,-0.20353174209594727,-0.061911169922225895,0.0017449259757995605,-0.29193902015686035,-0.07879641327845377,-0.042464494705200195,-0.3572240471839905,-0.08851185861813349,0.04823535680770874,-0.26739501953125,-0.012553501425557556,0.07160478830337524,-0.33368200063705444,-0.07323442820297998,0.0748831033706665,-0.2644985318183899,-0.11195384386765284,0.07163280248641968,-0.18617331981658936,-0.1259738323448829,0.00024884939193725586,-0.2586372494697571,-0.010962270682924213,0.022690534591674805,-0.35467100143432617,-0.07707576129423899,0.03116285800933838,-0.27249830961227417,-0.10178376409994883,0.03673601150512695,-0.18457216024398804,-0.0982953650115661,-0.045897603034973145,-0.2372400164604187,-0.018893689399831715,-0.025777429342269897,-0.2922455072402954,-0.0841502440332107,-0.009767413139343262,-0.19075721502304077,-0.08352587792860788,-0.0037445425987243652,-0.11670577526092529,-0.06093430939900202,-0.09071776270866394,-0.20426344871520996,-0.030076565703623714,-0.06150534749031067,-0.22611725330352783,-0.07469811711298746,-0.04171532392501831,-0.15368211269378662,-0.0702322987078361,-0.032890260219573975,-0.10695654153823853,-0.05240134943115038
N,0.0,0.0,0.0,0.048753976821899414,-0.07914090156555176,-0.04341914900038546,0.04891318082809448,-0.20226144790649414,-0.06360417627189463,-0.0007819533348083496,-0.2910579442977905,-0.08154583000037974,-0.044607341289520264,-0.35786664485931396,-0.09213449083659953,0.04749488830566406,-0.2675049901008606,-0.0134923255482704,0.06967908143997192,-0.3358713388442993,-0.07562274508569544,0.07351106405258179,-0.266216516494751,-0.11544377379510706,0.07058799266815186,-0.18748772144317627,-0.1299387814888746,-0.0007676482200622559,-0.25790953636169434,-0.011910397786834892,0.020548582077026367,-0.35668373107910156,-0.0793554487118513,0.029476821422576904,-0.2748260498046875,-0.10488899819944209,0.035279929637908936,-0.1863081455230713,-0.10171915613506144,-0.04733169078826904,-0.23632460832595825,-0.01990293361637896,-0.028135299682617188,-0.2917608618736267,-0.08591154985521143,-0.011900246143341064,-0.19065147638320923,-0.0849498587140829,-0.00590282678604126,-0.11688673496246338,-0.0618182385751993,-0.09295350313186646,-0.20335477590560913,-0.03124236897025412,-0.06379693746566772,-0.2268865704536438,-0.07565668993089503,-0.04259824752807617,-0.15659284591674805,-0.07038468890283411,-0.03301694989204407,-0.11142319440841675,-0.051829196740129646
N,0.0,0.0,0.0,0.049462318420410156,-0.0823662281036377,-0.0437374313598724,0.04899364709854126,-0.20619946718215942,-0.06347608317194897,-0.002299010753631592,-0.2944738268852234,-0.08091274399815518,-0.04646977782249451,-0.36034879088401794,-0.09094676871357876,0.04848533868789673,-0.26919496059417725,-0.01118425496427733,0.06964629888534546,-0.3364774286746979,-0.07268418867646176,0.07244473695755005,-0.2669697403907776,-0.11262568582354504,0.06960076093673706,-0.18841242790222168,-0.12729122985659558,-0.00018608570098876953,-0.2595372200012207,-0.008916655858442368,0.020462512969970703,-0.35638535022735596,-0.07632037003098446,0.028272509574890137,-0.2748703956604004,-0.1025603165155502,0.03401821851730347,-0.18664312362670898,-0.09982745100317914,-0.04703176021575928,-0.23809057474136353,-0.0163703144764753,-0.02877405285835266,-0.2920847535133362,-0.08208161343394238,-0.013116180896759033,-0.19215315580368042,-0.08202141274271924,-0.006823539733886719,-0.11796718835830688,-0.059337602300033154,-0.09272849559783936,-0.20540350675582886,-0.02720422421155888,-0.0656355619430542,-0.23034369945526123,-0.07072991628704983,-0.044571369886398315,-0.16243350505828857,-0.0657812928086372,-0.034431278705596924,-0.11851263046264648,-0.04753125209866482
N,0.0,0.0,0.0,0.049661993980407715,-0.07937103509902954,-0.04380337630978204,0.05154234170913696,-0.20224744081497192,-0.06369653453698731,0.0018813014030456543,-0.29057973623275757,-0.08148113747706986,-0.04227876663208008,-0.3563457727432251,-0.0918303739058075,0.05073225498199463,-0.2679503560066223,-0.01213880644759513,0.07290047407150269,-0.33510664105415344,-0.07515274842849351,0.07653939723968506,-0.2638826370239258,-0.11587369551530458,0.07350605726242065,-0.18409991264343262,-0.13091690947881318,0.0021282434463500977,-0.2594011425971985,-0.010351254768877993,0.02364528179168701,-0.35569658875465393,-0.07919605930915452,0.03258991241455078,-0.2728536128997803,-0.10596232225766755,0.038928210735321045,-0.18343812227249146,-0.10342001279464341,-0.04455012083053589,-0.23897069692611694,-0.018378117285877238,-0.024728059768676758,-0.2906925082206726,-0.08552248885503388,-0.009105145931243896,-0.1885831356048584,-0.0856699656473694,-0.002767324447631836,-0.11466175317764282,-0.06302487214675523,-0.09063512086868286,-0.20741510391235352,-0.02984196802249528,-0.05978599190711975,-0.22556042671203613,-0.07476484140029527,-0.040345728397369385,-0.15319031476974487,-0.07052292784324266,-0.03186097741127014,-0.1073915958404541,-0.05262871196141816
N,0.0,0.0,0.0,0.051064133644104004,-0.08035582304000854,-0.04459342426359569,0.05377620458602905,-0.20822429656982422,-0.06491899183690464,0.0029221773147583008,-0.2957189679145813,-0.08271540394723331,-0.04465028643608093,-0.3567373752593994,-0.09335937789380466,0.050111472606658936,-0.2691150903701782,-0.016075874406098478,0.07216078042984009,-0.33659282326698303,-0.07794996044337665,0.075045645236969,-0.266554594039917,-0.11814206531941807,0.07192188501358032,-0.18635952472686768,-0.13336270740926182,0.0007126927375793457,-0.258971631526947,-0.014250037918984049,0.020918846130371094,-0.35634297132492065,-0.08092529020011341,0.030938029289245605,-0.2735866904258728,-0.10714176735579883,0.037800133228302,-0.1842949390411377,-0.10535880616605198,-0.04555794596672058,-0.23665153980255127,-0.0219017702221862,-0.02652740478515625,-0.2967591881752014,-0.08734932980239307,-0.008830010890960693,-0.19559550285339355,-0.087148000213503,-0.0021068453788757324,-0.12018775939941406,-0.06558148256242191,-0.09038326144218445,-0.20332950353622437,-0.03298748350441372,-0.06050202250480652,-0.22867947816848755,-0.07765207132995045,-0.040881454944610596,-0.15623921155929565,-0.0730249031513921,-0.03280293941497803,-0.10810697078704834,-0.05560335582792675
N,0.0,0.0,0.0,0.05164533853530884,-0.07932382822036743,-0.04421970497831751,0.05442243814468384,-0.20652377605438232,-0.06480146076545168,0.0035736560821533203,-0.2942562699317932,-0.08309030409917284,-0.04364573955535889,-0.3559747338294983,-0.09395035978421618,0.05007237195968628,-0.269253134727478,-0.015458064787239323,0.07303982973098755,-0.33742770552635193,-0.07896888133153368,0.07741409540176392,-0.2656098008155823,-0.11982644971475054,0.07466226816177368,-0.1847522258758545,-0.1351592081414168,0.001050114631652832,-0.2602159380912781,-0.013935968913287411,0.023222267627716064,-0.35651451349258423,-0.08274869497880388,0.03397047519683838,-0.27414554357528687,-0.10935255762204577,0.040875911712646484,-0.18479925394058228,-0.10720137383803774,-0.04537618160247803,-0.23900020122528076,-0.02207494031652857,-0.025115281343460083,-0.2944391369819641,-0.0888197111712401,-0.007406830787658691,-0.19280117750167847,-0.08829180773362566,-0.0005382895469665527,-0.11888504028320312,-0.06591459985837389,-0.09071928262710571,-0.20674800872802734,-0.033725781999677906,-0.058215558528900146,-0.225847065448761,-0.07901299621924807,-0.03684026002883911,-0.1542034149169922,-0.0747535290943091,-0.02773129940032959,-0.10885262489318848,-0.057161847762913
N,0.0,0.0,0.0,0.050472259521484375,-0.08022695779800415,-0.04443571017796444,0.051326751708984375,-0.20610463619232178,-0.06442662747318195,0.0003489851951599121,-0.2944003939628601,-0.08210436673576282,-0.044856488704681396,-0.3578830063343048,-0.09224295289928364,0.04927307367324829,-0.2694358825683594,-0.012451275714880694,0.07167023420333862,-0.3375619351863861,-0.07539923907930302,0.0754125714302063,-0.26784080266952515,-0.11626669438297199,0.0726889967918396,-0.18707376718521118,-0.13149740220720219,0.0003981590270996094,-0.2611035704612732,-0.010361957826859225,0.02166837453842163,-0.35721951723098755,-0.07856491626912998,0.030972063541412354,-0.27628087997436523,-0.10513988556081699,0.03768110275268555,-0.18673789501190186,-0.10257237823421406,-0.046163588762283325,-0.24052858352661133,-0.018223854244894255,-0.026255369186401367,-0.29333215951919556,-0.08487624348813938,-0.009831726551055908,-0.19349855184555054,-0.08538495423013615,-0.0033156871795654297,-0.11977624893188477,-0.06332824798042225,-0.09132951498031616,-0.2087281346321106,-0.029611107425040473,-0.05967777967453003,-0.22407805919647217,-0.07516219140703129,-0.03879460692405701,-0.15126913785934448,-0.07168562384063648,-0.02908957004547119,-0.10482382774353027,-0.0542900790434544
N,0.0,0.0,0.0,0.05101323127746582,-0.08191227912902832,-0.04415804037986959,0.05233180522918701,-0.20720422267913818,-0.06404757389961446,0.0012821555137634277,-0.29519516229629517,-0.08176500240503515,-0.04436612129211426,-0.35802891850471497,-0.09204042593179906,0.05135667324066162,-0.27019304037094116,-0.0112190729209658,0.07270056009292603,-0.3362894654273987,-0.07428300270973409,0.07571583986282349,-0.26658278703689575,-0.1156028125637647,0.07301729917526245,-0.1857755184173584,-0.1310650322788831,0.0022031068801879883,-0.2617047429084778,-0.0091195384243008,0.0226629376411438,-0.3556816577911377,-0.07800401637493337,0.031488001346588135,-0.275005042552948,-0.10538851360021795,0.03818070888519287,-0.18557584285736084,-0.10324057081876958,-0.04476526379585266,-0.24101412296295166,-0.016982880254971633,-0.026044219732284546,-0.29266417026519775,-0.08423376718698705,-0.009944558143615723,-0.19289159774780273,-0.08528204152523244,-0.003332376480102539,-0.1183469295501709,-0.06316231826482976,-0.09063294529914856,-0.20924293994903564,-0.028317122554170737,-0.06044405698776245,-0.2272009253501892,-0.07360175142227376,-0.039271652698516846,-0.15852445363998413,-0.07021482179104055,-0.02932104468345642,-0.1146191954612732,-0.05280024821101392
N,0.0,0.0,0.0,0.05098456144332886,-0.08187395334243774,-0.04339127404320209,0.0517963171005249,-0.20770514011383057,-0.06291319591629474,0.0011504292488098145,-0.2951798439025879,-0.08036860240328281,-0.04397425055503845,-0.3584170937538147,-0.09043646765577762,0.050809264183044434,-0.2709072232246399,-0.010998913773178742,0.07319915294647217,-0.33604222536087036,-0.07406446499454944,0.07670325040817261,-0.26655590534210205,-0.11562301380264728,0.07382148504257202,-0.18617480993270874,-0.13147810263264148,0.002069532871246338,-0.26270735263824463,-0.00950051726478307,0.0234525203704834,-0.3558415174484253,-0.07795113486874072,0.03229457139968872,-0.2739834189414978,-0.10506849897730319,0.0386662483215332,-0.1841907501220703,-0.10303964627611606,-0.04443681240081787,-0.24189376831054688,-0.01791301531422107,-0.024889647960662842,-0.2930119037628174,-0.08439553690779178,-0.00909268856048584,-0.19309574365615845,-0.08529584271538226,-0.0029517412185668945,-0.11927950382232666,-0.06375334573614566,-0.09020036458969116,-0.20965129137039185,-0.029836902149796174,-0.058378368616104126,-0.22281032800674438,-0.07548142386305301,-0.03775593638420105,-0.14989537000656128,-0.0725735591136214,-0.028125077486038208,-0.10397189855575562,-0.05575008479583232
N,0.0,0.0,0.0,0.04983609914779663,-0.07961481809616089,-0.04370250097277051,0.05177539587020874,-0.20807933807373047,-0.06276693112017995,0.0011363625526428223,-0.2963888645172119,-0.0796120307481516,-0.04430845379829407,-0.3600401282310486,-0.08912780797841435,0.05167204141616821,-0.27049100399017334,-0.01181586562456971,0.0727124810218811,-0.3381911814212799,-0.07373727774979955,0.07510721683502197,-0.2692657709121704,-0.1138687199986208,0.07222157716751099,-0.18899279832839966,-0.12883949196698552,0.0028247833251953125,-0.2626721262931824,-0.00988695035489684,0.02264195680618286,-0.35799866914749146,-0.07761683231952077,0.030807435512542725,-0.27636629343032837,-0.10407522237660771,0.03736138343811035,-0.18647265434265137,-0.10155793941380864,-0.04392382502555847,-0.24277085065841675,-0.017771135184787568,-0.025506436824798584,-0.2960520386695862,-0.08401958561303502,-0.009956002235412598,-0.19508802890777588,-0.0850613406932581,-0.003461182117462158,-0.12019670009613037,-0.06362838214995747,-0.08975151181221008,-0.2117738127708435,-0.02909254944684392,-0.05928635597229004,-0.22568506002426147,-0.07498773849370366,-0.039072662591934204,-0.15259194374084473,-0.0725445441043604,-0.029203951358795166,-0.10603725910186768,-0.05602953872444516
N,0.0,0.0,0.0,0.05065828561782837,-0.08069932460784912,-0.04339931465739255,0.0522007942199707,-0.20822393894195557,-0.06327716194147115,0.0004513859748840332,-0.29489314556121826,-0.0811380737280274,-0.04628509283065796,-0.3567168712615967,-0.09154281698221212,0.05081576108932495,-0.2708361744880676,-0.012332533747496655,0.07319700717926025,-0.3386678397655487,-0.07491750203126912,0.0761481523513794,-0.2680838108062744,-0.1157636263226891,0.07284939289093018,-0.18708932399749756,-0.13107615642303472,0.001752614974975586,-0.2617985010147095,-0.01111100640201812,0.021845698356628418,-0.3589683175086975,-0.07869389586204534,0.030689716339111328,-0.27734875679016113,-0.1053932376956368,0.037257254123687744,-0.18811386823654175,-0.10336086832040792,-0.045086681842803955,-0.2406604290008545,-0.01963319562429433,-0.025952249765396118,-0.2963905930519104,-0.08538819782489782,-0.01031261682510376,-0.19549834728240967,-0.0852157764887238,-0.00453871488571167,-0.12098371982574463,-0.06312436543458944,-0.09065520763397217,-0.20856523513793945,-0.031635145918073704,-0.06072613596916199,-0.23038417100906372,-0.07575449280494695,-0.03986930847167969,-0.16076594591140747,-0.0710539438580895,-0.030525624752044678,-0.11600267887115479,-0.05330840431207662
N,0.0,0.0,0.0,0.050705790519714355,-0.07899343967437744,-0.0434791382941313,0.05308336019515991,-0.20631468296051025,-0.06340302644100859,0.0013837218284606934,-0.2943519353866577,-0.08129813639250472,-0.04517140984535217,-0.3576643466949463,-0.0917141225728102,0.05255448818206787,-0.2685551047325134,-0.013280480408937478,0.07372987270355225,-0.33870142698287964,-0.07549085585203841,0.07618528604507446,-0.2673068642616272,-0.115491681972415,0.07268184423446655,-0.18636220693588257,-0.13015648094740584,0.0030965805053710938,-0.25985753536224365,-0.01188496524271443,0.02240973711013794,-0.35882478952407837,-0.07898407546606734,0.030627310276031494,-0.2769315242767334,-0.10478393850651457,0.03699076175689697,-0.18781369924545288,-0.10212074337330534,-0.04441118240356445,-0.23944681882858276,-0.02022223291722014,-0.0256594717502594,-0.29620814323425293,-0.08571298537579253,-0.0104331374168396,-0.1948034167289734,-0.08506596950617507,-0.004570126533508301,-0.12016743421554565,-0.06256538001623824,-0.09056207537651062,-0.20831888914108276,-0.032017653116852784,-0.060935378074645996,-0.232435941696167,-0.07567460207071974,-0.03994876146316528,-0.16459989547729492,-0.07083842275467589,-0.030203133821487427,-0.12077546119689941,-0.05306052161184027
N,0.0,0.0,0.0,0.051020681858062744,-0.08098644018173218,-0.04316253757062327,0.0533941388130188,-0.2124066948890686,-0.06214896013918292,0.0021591782569885254,-0.30014264583587646,-0.07899607887449633,-0.044434696435928345,-0.36250704526901245,-0.08836706897201907,0.05172997713088989,-0.27187496423721313,-0.013173615391878002,0.0733640193939209,-0.3416483402252197,-0.07482480427208316,0.07579344511032104,-0.27127784490585327,-0.11456556042614352,0.07193213701248169,-0.18985635042190552,-0.12930952927055728,0.0026024580001831055,-0.26351094245910645,-0.011716175656346195,0.021686136722564697,-0.36169999837875366,-0.07844281366052996,0.03056645393371582,-0.2805625796318054,-0.10472542962017428,0.036998212337493896,-0.19054192304611206,-0.10270441492977511,-0.04422768950462341,-0.24313747882843018,-0.019837796520022266,-0.02636966109275818,-0.3005836009979248,-0.08469304611864459,-0.010562658309936523,-0.20003092288970947,-0.0848015191215552,-0.00473785400390625,-0.1249847412109375,-0.06346001645508181,-0.08976292610168457,-0.21223264932632446,-0.031418880279687755,-0.059621989727020264,-0.23175740242004395,-0.07588858326855075,-0.03932800889015198,-0.15969359874725342,-0.07216427644672763,-0.030256599187850952,-0.11256122589111328,-0.055257933046249263
N,0.0,0.0,0.0,0.05280303955078125,-0.08401209115982056,-0.04165585605049671,0.056753456592559814,-0.21266227960586548,-0.06142979753757061,0.0018987655639648438,-0.2983551025390625,-0.07943912116432728,-0.04717943072319031,-0.3560522794723511,-0.09029796240473331,0.05271857976913452,-0.2717648148536682,-0.012918236531263005,0.07398444414138794,-0.3354577124118805,-0.07581508425617756,0.07517749071121216,-0.2620331645011902,-0.11704603103542865,0.07120013236999512,-0.17996615171432495,-0.13274919507647098,0.002360701560974121,-0.2617678642272949,-0.01265584570909084,0.023296713829040527,-0.3563297390937805,-0.08128819880629123,0.031167328357696533,-0.2729851007461548,-0.10846735057974399,0.03722965717315674,-0.18073761463165283,-0.10662686345720829,-0.044513702392578125,-0.24064701795578003,-0.02178684888029636,-0.025404155254364014,-0.2944084405899048,-0.0880411368384415,-0.009843826293945312,-0.1928533911705017,-0.08827589718246998,-0.0033006668090820312,-0.11627626419067383,-0.06629947838926853,-0.08986002206802368,-0.20918095111846924,-0.03417071966076435,-0.06041187047958374,-0.22957247495651245,-0.07833968368912281,-0.040044695138931274,-0.15978938341140747,-0.07401629058266224,-0.03030332922935486,-0.11413604021072388,-0.05652528522158207
N,0.0,0.0,0.0,0.05043923854827881,-0.0823705792427063,-0.04084629908489035,0.052249133586883545,-0.21076864004135132,-0.059060163500774365,-0.00014823675155639648,-0.2957329750061035,-0.07551920011924551,-0.04751420021057129,-0.355549156665802,-0.08496254280494497,0.0501440167427063,-0.2698487639427185,-0.011359661522376996,0.07187455892562866,-0.33427610993385315,-0.07157938525365637,0.07421892881393433,-0.26274794340133667,-0.11072350636409567,0.0706549882888794,-0.18325412273406982,-0.12553044751571463,0.0007964968681335449,-0.260404109954834,-0.010928244034815293,0.020874738693237305,-0.3543489873409271,-0.07596297160075949,0.029607951641082764,-0.27264338731765747,-0.10118360415386007,0.03597372770309448,-0.1839619278907776,-0.0989761014311199,-0.04634559154510498,-0.23876386880874634,-0.019875257912147504,-0.02749854326248169,-0.2931331992149353,-0.08370694116042898,-0.010508239269256592,-0.1931561827659607,-0.08376724615978048,-0.003631114959716797,-0.11906498670578003,-0.06283421412395285,-0.09194353222846985,-0.20613867044448853,-0.032043531241882306,-0.06064707040786743,-0.22331547737121582,-0.07612096116231726,-0.04016926884651184,-0.15032213926315308,-0.07258332118676947,-0.03100946545600891,-0.10337221622467041,-0.05615962267206953
N,0.0,0.0,0.0,0.05019724369049072,-0.0828852653503418,-0.04164791329402817,0.05127716064453125,-0.20954269170761108,-0.060111115114878544,-0.0005248188972473145,-0.29590409994125366,-0.07685047610301865,-0.046082139015197754,-0.35693633556365967,-0.08613701386947525,0.04964339733123779,-0.27036046981811523,-0.008709325814734825,0.07203245162963867,-0.33585116267204285,-0.07054475917119873,0.07475507259368896,-0.26457738876342773,-0.11088776810665024,0.07155817747116089,-0.18384867906570435,-0.12581837399501694,0.0006733536720275879,-0.26150578260421753,-0.007654121970873007,0.02154254913330078,-0.3555991053581238,-0.0750817902256955,0.030594468116760254,-0.27369481325149536,-0.10108725948829544,0.03737872838973999,-0.18391674757003784,-0.09817660077113999,-0.045914024114608765,-0.2403411865234375,-0.016455522166680225,-0.02660149335861206,-0.2928386330604553,-0.08196142538089646,-0.009665310382843018,-0.1928117871284485,-0.08181069268484009,-0.002657175064086914,-0.11807084083557129,-0.05931763945717705,-0.09159016609191895,-0.20792114734649658,-0.028657036261748203,-0.060410499572753906,-0.22660553455352783,-0.07277216239471329,-0.03909486532211304,-0.1581147313117981,-0.06884670479793442,-0.029256880283355713,-0.11383891105651855,-0.051329216348122486
N,0.0,0.0,0.0,0.04954797029495239,-0.07979083061218262,-0.04282602293963578,0.05174136161804199,-0.2085040807723999,-0.06165332718367722,-4.929304122924805e-05,-0.29492610692977905,-0.07828069104428437,-0.04650360345840454,-0.35586464405059814,-0.08763890339608338,0.05080914497375488,-0.2677457332611084,-0.013201826238883996,0.07231181859970093,-0.3353153169155121,-0.07447839899535325,0.07374727725982666,-0.26411229372024536,-0.11370688302989151,0.07004702091217041,-0.18341529369354248,-0.12814544512505677,0.0012392997741699219,-0.25930410623550415,-0.011637136326982045,0.020832598209381104,-0.35604995489120483,-0.07814612610812333,0.028900563716888428,-0.2746872901916504,-0.10343796385998871,0.03543132543563843,-0.18485784530639648,-0.10043426229233887,-0.04617464542388916,-0.2388738989830017,-0.01972103490109589,-0.02805161476135254,-0.2932814955711365,-0.08493437989230301,-0.011155664920806885,-0.19309425354003906,-0.08531646056647446,-0.0036246776580810547,-0.11856430768966675,-0.06368530912871506,-0.09199178218841553,-0.20737981796264648,-0.031143514426304364,-0.06165090203285217,-0.22570061683654785,-0.07583801819558289,-0.04041004180908203,-0.15566152334213257,-0.07275480403180268,-0.030325472354888916,-0.11062610149383545,-0.05616693942423012
N,0.0,0.0,0.0,0.05014985799789429,-0.07974416017532349,-0.04198549722239875,0.05300360918045044,-0.20951110124588013,-0.060511831537937155,0.00020301342010498047,-0.2955397367477417,-0.07698818330571555,-0.047546327114105225,-0.3548395037651062,-0.0862716961364498,0.05113720893859863,-0.26822370290756226,-0.013110655703698626,0.07248371839523315,-0.33579257130622864,-0.0737594891051998,0.07459557056427002,-0.2635720372200012,-0.11250596527860068,0.07094681262969971,-0.18299829959869385,-0.12678109143779182,0.0015436410903930664,-0.25945961475372314,-0.01196920347318553,0.021301627159118652,-0.3555717170238495,-0.07772742246196174,0.030012071132659912,-0.2736656069755554,-0.10246016119525336,0.03621739149093628,-0.1838383674621582,-0.09938000176951789,-0.04582378268241882,-0.2386457920074463,-0.02033550512895488,-0.027530014514923096,-0.2942950129508972,-0.08488383178517722,-0.009935915470123291,-0.19353944063186646,-0.08466877077624702,-0.002575516700744629,-0.11886399984359741,-0.06298664246604346,-0.09168297052383423,-0.2069886326789856,-0.03197797794744872,-0.06076505780220032,-0.22574585676193237,-0.07641338591382407,-0.03929072618484497,-0.15502643585205078,-0.07302190397784614,-0.029602259397506714,-0.10969644784927368,-0.056408163503860465
N,0.0,0.0,0.0,0.050463318824768066,-0.08224594593048096,-0.042370736622743266,0.05204266309738159,-0.21137428283691406,-0.061221618229083674,0.00011628866195678711,-0.29879581928253174,-0.07799245046966519,-0.04673635959625244,-0.35989320278167725,-0.08744047211997952,0.04947453737258911,-0.270516574382782,-0.01273493657403435,0.07147538661956787,-0.33962395787239075,-0.07379079239957775,0.07374489307403564,-0.2687758803367615,-0.11284742879264797,0.07004261016845703,-0.18844372034072876,-0.12718033420436825,0.00022017955780029297,-0.26207536458969116,-0.01135555377744879,0.020024418830871582,-0.35865288972854614,-0.07763483005159344,0.028865456581115723,-0.27682656049728394,-0.10265897589319195,0.03543812036514282,-0.1874949336051941,-0.09958304839723553,-0.04690229892730713,-0.24136680364608765,-0.019555168250136035,-0.02826187014579773,-0.29738980531692505,-0.08387671785943951,-0.011528849601745605,-0.19717192649841309,-0.08293597775094952,-0.004694759845733643,-0.12262970209121704,-0.06062903257601704,-0.09290289878845215,-0.2093590497970581,-0.031171750301055567,-0.06300979852676392,-0.23068886995315552,-0.07485996561639752,-0.041867613792419434,-0.16155993938446045,-0.07055396216505017,-0.0318167507648468,-0.11672788858413696,-0.05313369634144749
N,0.0,0.0,0.0,0.05181080102920532,-0.08399266004562378,-0.04306864972792823,0.05371737480163574,-0.21116191148757935,-0.062357983101236414,0.0014052987098693848,-0.2996927499771118,-0.07950496162854392,-0.04484277963638306,-0.36160755157470703,-0.08914768930159767,0.05108785629272461,-0.2710829973220825,-0.010515645627009462,0.0733904242515564,-0.33833128213882446,-0.07243689383946617,0.07560402154922485,-0.26565104722976685,-0.11255152757846076,0.07233923673629761,-0.18542689085006714,-0.12733604993306358,0.0014052987098693848,-0.26256686449050903,-0.008794862326311659,0.02203547954559326,-0.3598451018333435,-0.07655768330775459,0.030556082725524902,-0.27554774284362793,-0.10291496898614128,0.037333548069000244,-0.1850864291191101,-0.1000440889187928,-0.0454028844833374,-0.2422494888305664,-0.016853679452168535,-0.026727139949798584,-0.2957571744918823,-0.08191135760031898,-0.010184705257415771,-0.19620025157928467,-0.08125684644662101,-0.002966165542602539,-0.12220180034637451,-0.058221007246601175,-0.09131544828414917,-0.21134108304977417,-0.028417369831430506,-0.06341677904129028,-0.2369290590286255,-0.07037394728146751,-0.04182031750679016,-0.17248421907424927,-0.06495812769614417,-0.03077244758605957,-0.130659818649292,-0.04656889151416976
N,0.0,0.0,0.0,0.05169588327407837,-0.08259755373001099,-0.04261744651832089,0.05432921648025513,-0.21265840530395508,-0.06145875785388455,0.0022505521774291992,-0.30164915323257446,-0.07818357158340916,-0.04515239596366882,-0.36212918162345886,-0.0873692657414864,0.051236867904663086,-0.2710505723953247,-0.011608065812666268,0.0727611780166626,-0.34083256125450134,-0.07251929003633961,0.07405978441238403,-0.2683749198913574,-0.1115118290845345,0.07031995058059692,-0.18753767013549805,-0.12553720433153615,0.0015235543251037598,-0.2625848650932312,-0.009821652210135312,0.020372211933135986,-0.36069101095199585,-0.07638417441286549,0.02857416868209839,-0.2785985469818115,-0.10196139175333485,0.035576820373535156,-0.1883520483970642,-0.0987409527961205,-0.04549410939216614,-0.24244356155395508,-0.017602222746987195,-0.027577370405197144,-0.296725869178772,-0.0816435914102982,-0.011874020099639893,-0.19757598638534546,-0.08076322335638508,-0.005306601524353027,-0.122772216796875,-0.05783959362544522,-0.09101921319961548,-0.21223413944244385,-0.028846527225155683,-0.06415104866027832,-0.23786252737045288,-0.07031132537760243,-0.04249987006187439,-0.17478704452514648,-0.06494383025803074,-0.031237363815307617,-0.13316494226455688,-0.04673174653090939
N,0.0,0.0,0.0,0.051603853702545166,-0.08091193437576294,-0.0438635860037806,0.054656982421875,-0.20825201272964478,-0.06399316977977776,0.002531111240386963,-0.29743731021881104,-0.08180728446960472,-0.04416128993034363,-0.35938096046447754,-0.09217787426233315,0.05294126272201538,-0.27118927240371704,-0.013557136843800777,0.07475775480270386,-0.3397904634475708,-0.07613795142889046,0.07630610466003418,-0.2688952088356018,-0.1162413422417643,0.07231563329696655,-0.18629974126815796,-0.13060176264762902,0.003554701805114746,-0.26392972469329834,-0.01136852227419638,0.023523926734924316,-0.36075833439826965,-0.07931910347461724,0.031526923179626465,-0.27852147817611694,-0.10547671359300637,0.03759557008743286,-0.18716400861740112,-0.10244852941751503,-0.04326587915420532,-0.24457186460494995,-0.018886144126653903,-0.025589853525161743,-0.2968395948410034,-0.08480381857872032,-0.010221898555755615,-0.19712650775909424,-0.08470840644359612,-0.003691434860229492,-0.12180846929550171,-0.061878795589208835,-0.08934906125068665,-0.2146192193031311,-0.029818267415166133,-0.06236398220062256,-0.23872309923171997,-0.07307135951042198,-0.04035946726799011,-0.1753789782524109,-0.06834676753997826,-0.028976738452911377,-0.1335248351097107,-0.05014762919664406
N,0.0,0.0,0.0,0.05170243978500366,-0.08073079586029053,-0.044173684856090745,0.05579042434692383,-0.20986831188201904,-0.06400628476420422,0.0027103424072265625,-0.2981635332107544,-0.08133199154416104,-0.04559764266014099,-0.3568383753299713,-0.09126232652941724,0.05344957113265991,-0.2712087035179138,-0.012959861150179108,0.07412391901016235,-0.3375431299209595,-0.07431093691864987,0.07442140579223633,-0.26571303606033325,-0.11398706673661252,0.07031691074371338,-0.18407326936721802,-0.12842927961627026,0.0034576058387756348,-0.263020396232605,-0.010546458838675221,0.02292013168334961,-0.35872358083724976,-0.07769669680872937,0.030070126056671143,-0.27739155292510986,-0.10413990258255978,0.0365108847618103,-0.18638700246810913,-0.10137498467246076,-0.04363340139389038,-0.24307096004486084,-0.017754030367527207,-0.025450944900512695,-0.2945452928543091,-0.08304024576226254,-0.010781466960906982,-0.19503509998321533,-0.08350323229113599,-0.0043408870697021484,-0.1198958158493042,-0.06116876839676877,-0.0889015793800354,-0.21310991048812866,-0.02835595509985467,-0.06219744682312012,-0.23593324422836304,-0.07097869454899808,-0.0416131317615509,-0.17081081867218018,-0.0662271091250517,-0.03085392713546753,-0.1281721591949463,-0.04819022952595731
N,0.0,0.0,0.0,0.0515061616897583,-0.0820380449295044,-0.04335221552101132,0.05525541305541992,-0.21228492259979248,-0.06226050757614132,0.002631843090057373,-0.30048030614852905,-0.07888475709405895,-0.04519999027252197,-0.3596773147583008,-0.0881048282310104,0.053688108921051025,-0.27134406566619873,-0.011156309366199935,0.07440567016601562,-0.33792975544929504,-0.07217543476072308,0.07497674226760864,-0.2667120695114136,-0.11177407108989712,0.07063698768615723,-0.1855105757713318,-0.12631395363059994,0.00394439697265625,-0.2634609341621399,-0.008957968994948828,0.0235975980758667,-0.35877227783203125,-0.07625677340475079,0.030882179737091064,-0.2768099904060364,-0.10298583560434338,0.03705114126205444,-0.18555301427841187,-0.10042565219846722,-0.042984217405319214,-0.24421721696853638,-0.01638696991649624,-0.02443757653236389,-0.29640519618988037,-0.0817780038043594,-0.009486138820648193,-0.19637274742126465,-0.08265612178293225,-0.003131568431854248,-0.12072765827178955,-0.06070163749900814,-0.08855152130126953,-0.2147376537322998,-0.02719203286615368,-0.060855746269226074,-0.23472869396209717,-0.07068007343259808,-0.04008975625038147,-0.16810458898544312,-0.06697616630044934,-0.029219627380371094,-0.12500149011611938,-0.0496427593454456
N,0.0,0.0,0.0,0.04995030164718628,-0.08026784658432007,-0.04524971656130106,0.05253785848617554,-0.2107892632484436,-0.06527018658445627,0.0008603334426879883,-0.30135631561279297,-0.08266437165067941,-0.046029120683670044,-0.3632274568080902,-0.09275464079902918,0.05406421422958374,-0.27119535207748413,-0.013395014401538674,0.073508620262146,-0.34186306595802307,-0.07431794814394266,0.07402676343917847,-0.2730730175971985,-0.11363904289530069,0.06978821754455566,-0.19219106435775757,-0.12770597003029138,0.005051374435424805,-0.26343876123428345,-0.010406957190497224,0.02294069528579712,-0.3633420765399933,-0.07718569151685983,0.029304146766662598,-0.28202617168426514,-0.10409858189152033,0.034567832946777344,-0.19170814752578735,-0.10166727862880975,-0.041854262351989746,-0.24398183822631836,-0.017031937088830773,-0.027372777462005615,-0.29997962713241577,-0.08225549868868143,-0.012163639068603516,-0.20068305730819702,-0.08333923779056818,-0.0053026676177978516,-0.12490558624267578,-0.06131271384285242,-0.08769232034683228,-0.21463000774383545,-0.02704507410155088,-0.06663605570793152,-0.24459469318389893,-0.06917689852045328,-0.04423514008522034,-0.18375730514526367,-0.06419972441719324,-0.030812859535217285,-0.14270055294036865,-0.04606820754335672
N,0.0,0.0,0.0,0.05195516347885132,-0.0789029598236084,-0.045554449102255035,0.058423638343811035,-0.20708465576171875,-0.06668083860573404,0.006931424140930176,-0.2974976897239685,-0.08526447906193368,-0.04120814800262451,-0.35890650749206543,-0.09693027778563135,0.056033551692962646,-0.2770770192146301,-0.013884980483325648,0.07663470506668091,-0.3446202874183655,-0.07605741663870447,0.078213632106781,-0.27300477027893066,-0.1171897028296911,0.07452273368835449,-0.19095706939697266,-0.13240141912397974,0.006687581539154053,-0.2685425877571106,-0.011334407395096946,0.02682185173034668,-0.3663022518157959,-0.0792849485486471,0.03389322757720947,-0.28235065937042236,-0.10776481523213022,0.039376020431518555,-0.1909758448600769,-0.10631950690445535,-0.039849936962127686,-0.24763953685760498,-0.018311777403923202,-0.023770511150360107,-0.3037201166152954,-0.0849662993758642,-0.008697509765625,-0.2039758563041687,-0.08720068379339807,-0.00190049409866333,-0.12770384550094604,-0.06572636707720392,-0.08500248193740845,-0.2160964012145996,-0.02855791642365091,-0.06221020221710205,-0.24756228923797607,-0.07209374501404398,-0.04020512104034424,-0.18427038192749023,-0.06725622459349268,-0.027681976556777954,-0.1399790644645691,-0.04888382672366731
N,0.0,0.0,0.0,0.05135059356689453,-0.08161509037017822,-0.04560298331341528,0.05394381284713745,-0.21078431606292725,-0.06619693197569632,0.0029287338256835938,-0.30247724056243896,-0.0842202813204267,-0.04311704635620117,-0.36550456285476685,-0.09460670359692358,0.05253481864929199,-0.27750396728515625,-0.011427203642938366,0.07461225986480713,-0.34492936730384827,-0.07330544151625418,0.07572495937347412,-0.27301931381225586,-0.11376348741612219,0.07279133796691895,-0.19132745265960693,-0.12865495540461325,0.0030695199966430664,-0.2700844407081604,-0.008660820762429466,0.02274942398071289,-0.36715173721313477,-0.07612868257126593,0.029797613620758057,-0.284437358379364,-0.10347238041720175,0.03636467456817627,-0.1936269998550415,-0.10123300411066793,-0.04410731792449951,-0.24963688850402832,-0.01586076475939535,-0.025951236486434937,-0.3017701506614685,-0.08126413680872702,-0.010732889175415039,-0.2030354142189026,-0.08183885969481253,-0.003648698329925537,-0.12817084789276123,-0.059427312093589535,-0.08901470899581909,-0.21912437677383423,-0.026724996494863262,-0.06529539823532104,-0.24484127759933472,-0.06827290959915899,-0.043342024087905884,-0.18427205085754395,-0.06293530620894217,-0.03071451187133789,-0.14387160539627075,-0.04454106323680662
N,0.0,0.0,0.0,0.05392974615097046,-0.08422040939331055,-0.04409332610096328,0.05813807249069214,-0.2099711298942566,-0.06415504998888366,0.00690007209777832,-0.29974454641342163,-0.08200865275587432,-0.03973418474197388,-0.36046671867370605,-0.09279853142227523,0.05484741926193237,-0.2721870541572571,-0.011122731858748125,0.07672488689422607,-0.33738553524017334,-0.07312142885650985,0.07755368947982788,-0.2664182186126709,-0.11420366204704635,0.07394927740097046,-0.184221088886261,-0.12937375939812057,0.005338728427886963,-0.26447737216949463,-0.008695463085430788,0.026955068111419678,-0.35886621475219727,-0.07579720802034728,0.033960044384002686,-0.27987974882125854,-0.10375937111105316,0.03983265161514282,-0.18855327367782593,-0.10230795330728881,-0.04159104824066162,-0.2449491024017334,-0.015999196464079546,-0.02153676748275757,-0.2950006127357483,-0.08191144503082626,-0.007063925266265869,-0.1955028772354126,-0.08390033281769149,-0.0007448792457580566,-0.11829036474227905,-0.062422417471069025,-0.08652162551879883,-0.21534055471420288,-0.026684195170062708,-0.059892892837524414,-0.23681163787841797,-0.06976541913475387,-0.03928273916244507,-0.17183524370193481,-0.06562767959560745,-0.027931153774261475,-0.12721258401870728,-0.047794200846809076
N,0.0,0.0,0.0,0.05060309171676636,-0.0847209095954895,-0.044470295246142655,0.054022014141082764,-0.2084977626800537,-0.06524340429474762,0.0045272111892700195,-0.2990681529045105,-0.08390236267020157,-0.0420687198638916,-0.36000242829322815,-0.09533679851462296,0.05262637138366699,-0.2713378071784973,-0.01099442591090849,0.07519584894180298,-0.33437925577163696,-0.07432680943180969,0.07647663354873657,-0.2660742998123169,-0.11602171876599243,0.07291728258132935,-0.18585902452468872,-0.1315833292262738,0.0035324692726135254,-0.2629382610321045,-0.008876630041200428,0.02422928810119629,-0.356773316860199,-0.07807079323698929,0.032388508319854736,-0.27839046716690063,-0.10625458874871185,0.03924286365509033,-0.18875324726104736,-0.10448863723446777,-0.043106913566589355,-0.24263137578964233,-0.016618953953880578,-0.023797333240509033,-0.2923647165298462,-0.08475570001770905,-0.008332550525665283,-0.19250571727752686,-0.08569957682063034,-0.0016744136810302734,-0.11662137508392334,-0.06275184073616913,-0.08885383605957031,-0.2118270993232727,-0.027781125094193726,-0.061477094888687134,-0.23397696018218994,-0.07259597995449951,-0.03975564241409302,-0.1690862774848938,-0.06790373095442703,-0.028475552797317505,-0.12625861167907715,-0.04914104932119301
N,0.0,0.0,0.0,0.05165421962738037,-0.08196371793746948,-0.04134252889834045,0.054593801498413086,-0.20520293712615967,-0.06025181188068984,0.0052062273025512695,-0.2928605079650879,-0.07741779311380981,-0.04031476378440857,-0.3543621003627777,-0.08722419514141677,0.05351918935775757,-0.2678118348121643,-0.008661483775895817,0.07524240016937256,-0.3345661461353302,-0.06877199782810806,0.07606351375579834,-0.26345348358154297,-0.10774095578871368,0.07207649946212769,-0.184514582157135,-0.122206004697901,0.004412949085235596,-0.26009273529052734,-0.007450471993607266,0.02407395839691162,-0.35558050870895386,-0.07298701478920577,0.03210747241973877,-0.27381813526153564,-0.09860395862541793,0.03881514072418213,-0.18654632568359375,-0.09602397902689574,-0.04255765676498413,-0.23991316556930542,-0.015770912531834824,-0.023461461067199707,-0.292755126953125,-0.07965191676102279,-0.008301734924316406,-0.19221824407577515,-0.07872842474661468,-0.002181529998779297,-0.1190178394317627,-0.056096693862301095,-0.08810511231422424,-0.20919978618621826,-0.027429940540415032,-0.05941864848136902,-0.2303462028503418,-0.06958648784838317,-0.03865066170692444,-0.16427087783813477,-0.06454170717678664,-0.028531700372695923,-0.12291443347930908,-0.046589257557016595
