label,f0,f1,f2,f3,f4,f5,f6,f7,f8,f9,f10,f11,f12,f13,f14,f15,f16,f17,f18,f19,f20,f21,f22,f23,f24,f25,f26,f27,f28,f29,f30,f31,f32,f33,f34,f35,f36,f37,f38,f39,f40,f41,f42,f43,f44,f45,f46,f47,f48,f49,f50,f51,f52,f53,f54,f55,f56,f57,f58,f59,f60,f61,f62
R,0.0,0.0,0.0,0.03301644325256348,-0.04473036527633667,-0.05546133069987036,0.04439100623130798,-0.13821148872375488,-0.07356560825104452,0.026406526565551758,-0.21835434436798096,-0.08617319761509634,0.017568647861480713,-0.2839937210083008,-0.09430605767960287,0.0776313841342926,-0.24525386095046997,-0.025933118897626173,0.07186201214790344,-0.356492817401886,-0.05276037974948622,0.06492570042610168,-0.43178796768188477,-0.07168572245831228,0.053585320711135864,-0.49543073773384094,-0.0826783090710137,0.0402354896068573,-0.24501818418502808,-0.01700549795026518,0.06292131543159485,-0.36678773164749146,-0.051417468476245176,0.06685641407966614,-0.44243085384368896,-0.07143173216576315,0.06385120749473572,-0.5043808817863464,-0.07664926944966055,-0.0007668435573577881,-0.22394192218780518,-0.015550715278038751,-0.014656305313110352,-0.2850688099861145,-0.07422909735436178,-0.013251036405563354,-0.2088192105293274,-0.0869413152217362,-0.0077307820320129395,-0.1552896499633789,-0.07535786776537634,-0.04014080762863159,-0.19195961952209473,-0.017508946719715368,-0.04682454466819763,-0.2287577986717224,-0.06757182477707602,-0.04110175371170044,-0.16585934162139893,-0.07175296394819952,-0.03399011492729187,-0.12128239870071411,-0.061165826755711805
R,0.0,0.0,0.0,0.03235882520675659,-0.04451262950897217,-0.0554288984762934,0.04372420907020569,-0.1379956603050232,-0.07347136228554518,0.026395529508590698,-0.21803522109985352,-0.08598218350880416,0.01709139347076416,-0.2846013307571411,-0.0940479138421324,0.07733523845672607,-0.2456645369529724,-0.025641199715664698,0.07161986827850342,-0.3566347360610962,-0.05187389119737418,0.06465953588485718,-0.43174871802330017,-0.0705917799400595,0.05332070589065552,-0.495151549577713,-0.08163672923319609,0.03993648290634155,-0.24514740705490112,-0.01673669791989596,0.062249720096588135,-0.3669978380203247,-0.0503881597446707,0.06604325771331787,-0.44235894083976746,-0.07022594898216994,0.06287813186645508,-0.5042426884174347,-0.0756274187492636,-0.0012366175651550293,-0.22357511520385742,-0.015297721654405905,-0.015011847019195557,-0.2860472798347473,-0.07347364961378844,-0.01343923807144165,-0.21009427309036255,-0.08623861759178908,-0.008177071809768677,-0.1567942500114441,-0.07503325729840071,-0.04078516364097595,-0.19103646278381348,-0.017265055842926813,-0.04737532138824463,-0.22911572456359863,-0.06724120169155867,-0.04179340600967407,-0.16640210151672363,-0.07155094533436568,-0.03499400615692139,-0.12192046642303467,-0.06126322462432654
R,0.0,0.0,0.0,0.0334162712097168,-0.043587565422058105,-0.05502191134871737,0.043768078088760376,-0.1376209855079651,-0.07346101054133669,0.02541026473045349,-0.21822106838226318,-0.08666482516707674,0.015838205814361572,-0.2849283814430237,-0.09556049802483813,0.07638111710548401,-0.2469080090522766,-0.0257107889759709,0.07051554322242737,-0.35735148191452026,-0.0522919701892306,0.06344541907310486,-0.43222081661224365,-0.07131059416713015,0.052084535360336304,-0.49563077092170715,-0.08257295140208498,0.03872412443161011,-0.24600821733474731,-0.017419265072362577,0.06064090132713318,-0.36755067110061646,-0.051316361363547,0.06438747048377991,-0.4425815939903259,-0.07134972461642519,0.06133750081062317,-0.5045961439609528,-0.07701997407855288,-0.002579033374786377,-0.2241072654724121,-0.01653303899945513,-0.01642325520515442,-0.2873836159706116,-0.07498113759936587,-0.015138983726501465,-0.21144908666610718,-0.08767509409369723,-0.010138481855392456,-0.15722298622131348,-0.07647922583998934,-0.042238712310791016,-0.19092106819152832,-0.019039052959101355,-0.04856261610984802,-0.23010671138763428,-0.06943014958085314,-0.0428832471370697,-0.16682344675064087,-0.07368849911870257,-0.03630012273788452,-0.12069463729858398,-0.0633235717672278
R,0.0,0.0,0.0,0.032806456089019775,-0.04326009750366211,-0.06094459802130814,0.042871177196502686,-0.13576066493988037,-0.08181866616229172,0.026203572750091553,-0.21621644496917725,-0.09636386841754074,0.018900573253631592,-0.2830650210380554,-0.10653410464743729,0.07829910516738892,-0.2462848424911499,-0.0299255101404583,0.07158440351486206,-0.3583189845085144,-0.05747195691088791,0.06437170505523682,-0.4339747428894043,-0.07734250635127182,0.053316712379455566,-0.49782422184944153,-0.08893079668501969,0.04020422697067261,-0.24473971128463745,-0.01835859552244301,0.06139636039733887,-0.3662363290786743,-0.05340454340199585,0.0645303726196289,-0.4416758418083191,-0.07430874914149399,0.06121957302093506,-0.5026664733886719,-0.0802216193101799,-0.0013746023178100586,-0.22337836027145386,-0.01474330559591408,-0.016235530376434326,-0.2839077115058899,-0.07466898471335526,-0.015878260135650635,-0.2079249620437622,-0.08887654900769348,-0.010600149631500244,-0.152818500995636,-0.0781580469034111,-0.041380614042282104,-0.192085862159729,-0.014923341425458148,-0.04825550317764282,-0.2287583351135254,-0.06652252733925934,-0.043178021907806396,-0.16417688131332397,-0.0720271652958786,-0.03605040907859802,-0.11667031049728394,-0.062219973506728365
R,0.0,0.0,0.0,0.03193145990371704,-0.04258328676223755,-0.06286866982696893,0.04168510437011719,-0.13552314043045044,-0.08429597337959649,0.025765836238861084,-0.21601063013076782,-0.09894628097532632,0.018800407648086548,-0.2828789949417114,-0.10918778200863244,0.07764747738838196,-0.24554163217544556,-0.031472038675531167,0.07028815150260925,-0.3573441505432129,-0.05939011668084504,0.062435001134872437,-0.43325239419937134,-0.07944662888763787,0.05057212710380554,-0.49721622467041016,-0.0911376999807203,0.03974279761314392,-0.2438402771949768,-0.018838906858547944,0.06159433722496033,-0.3653622269630432,-0.05436634664653184,0.06433364748954773,-0.44196340441703796,-0.07552161087511422,0.060442835092544556,-0.5043163299560547,-0.0814679788541639,-0.0017047226428985596,-0.22261732816696167,-0.014323069911881703,-0.016801059246063232,-0.2830078601837158,-0.07471711208341958,-0.01710343360900879,-0.20704549551010132,-0.08920731415270211,-0.011794954538345337,-0.1523643136024475,-0.07848827560661675,-0.04147416353225708,-0.1920509934425354,-0.013754015054985302,-0.04886177182197571,-0.22738897800445557,-0.06585249324558617,-0.044090062379837036,-0.16294491291046143,-0.07185678203819634,-0.03658267855644226,-0.11612492799758911,-0.06229199488876702
R,0.0,0.0,0.0,0.03289702534675598,-0.04299497604370117,-0.061383112019882446,0.04182597994804382,-0.136005699634552,-0.08280920485316301,0.025510340929031372,-0.21686828136444092,-0.09802197912989641,0.01666271686553955,-0.28522080183029175,-0.1089381004339316,0.07601937651634216,-0.2455189824104309,-0.030646095669851547,0.06906870007514954,-0.3574381470680237,-0.05886705095230127,0.061589449644088745,-0.43352097272872925,-0.07900227109252,0.04962971806526184,-0.49762555956840515,-0.09069261202870393,0.038165390491485596,-0.24375545978546143,-0.019136155641660935,0.060690730810165405,-0.36595457792282104,-0.055155544227943665,0.0643106997013092,-0.44299381971359253,-0.07645214597044969,0.060789018869400024,-0.5060346722602844,-0.08245653162060762,-0.0032691359519958496,-0.22210878133773804,-0.015604299179301506,-0.01731809973716736,-0.28356003761291504,-0.07615337768851305,-0.016697824001312256,-0.20729196071624756,-0.08989554891644502,-0.011508435010910034,-0.15225183963775635,-0.07860461870490099,-0.04310047626495361,-0.19075584411621094,-0.01592235515175844,-0.049282222986221313,-0.22832083702087402,-0.06781568626223589,-0.04367634654045105,-0.16381359100341797,-0.07294268409071947,-0.036534518003463745,-0.11635935306549072,-0.06273064265309358
R,0.0,0.0,0.0,0.03101709485054016,-0.04266619682312012,-0.05971897040063823,0.04150503873825073,-0.13512223958969116,-0.08025841061527217,0.02640700340270996,-0.21639549732208252,-0.09473355506116832,0.017593860626220703,-0.28412163257598877,-0.10493690912181819,0.07628172636032104,-0.24653774499893188,-0.02941699531430686,0.07053858041763306,-0.3601696491241455,-0.05639421586448634,0.0645480751991272,-0.43716275691986084,-0.07566722874099696,0.05424630641937256,-0.5013597309589386,-0.08677956853563273,0.03870260715484619,-0.2446792721748352,-0.018242972162909155,0.06025290489196777,-0.36524099111557007,-0.052924916339463834,0.06324702501296997,-0.4407159090042114,-0.07333838586265529,0.05949884653091431,-0.5022709667682648,-0.07879759017879451,-0.0022573769092559814,-0.2228410243988037,-0.014773337361759786,-0.017123937606811523,-0.2824626564979553,-0.07375645284110988,-0.016448944807052612,-0.20698684453964233,-0.08676603828126872,-0.011216819286346436,-0.15253764390945435,-0.07527643833810771,-0.04168581962585449,-0.19119369983673096,-0.01504349448288167,-0.049004316329956055,-0.22863024473190308,-0.06555428002531016,-0.04389965534210205,-0.1648721694946289,-0.06985995565111125,-0.03700751066207886,-0.11757665872573853,-0.05912762154395068
R,0.0,0.0,0.0,0.03194335103034973,-0.04191774129867554,-0.060998847720952654,0.04178991913795471,-0.13441604375839233,-0.08266406321320119,0.025071054697036743,-0.21609872579574585,-0.09808599018845143,0.015798211097717285,-0.2835266590118408,-0.10924777948650899,0.07634225487709045,-0.24543315172195435,-0.031877832500072145,0.06948551535606384,-0.3597877025604248,-0.060578743008704805,0.061957091093063354,-0.43626606464385986,-0.0808557551482636,0.050014764070510864,-0.5005591511726379,-0.09237868153843465,0.038334429264068604,-0.24321776628494263,-0.020250655723543787,0.06036534905433655,-0.3647199869155884,-0.05717140251192632,0.06230005621910095,-0.44207146763801575,-0.07899550908598485,0.0573788583278656,-0.5049753785133362,-0.08507449739965978,-0.0027841031551361084,-0.22164106369018555,-0.01628411003741803,-0.016408532857894897,-0.27975142002105713,-0.07666303777489247,-0.016042351722717285,-0.20360183715820312,-0.09020080977472844,-0.011083662509918213,-0.14748305082321167,-0.07865879499706807,-0.04223829507827759,-0.19052773714065552,-0.016102710751624727,-0.04837557673454285,-0.22680068016052246,-0.06713459455761495,-0.04359665513038635,-0.16223227977752686,-0.07147361153158727,-0.037192076444625854,-0.1137586236000061,-0.06057688781413617
R,0.0,0.0,0.0,0.03331625461578369,-0.04319500923156738,-0.056648449821068425,0.04270389676094055,-0.13562697172164917,-0.07720552555997529,0.023602783679962158,-0.21687573194503784,-0.09243869952638306,0.01271277666091919,-0.2849160432815552,-0.10362684152801194,0.0759008526802063,-0.24819022417068481,-0.029751470161272664,0.06964695453643799,-0.3617303967475891,-0.05861323870499291,0.06247532367706299,-0.4383504092693329,-0.07909930668552079,0.05009657144546509,-0.5022983253002167,-0.09084984831292786,0.03737354278564453,-0.2453874945640564,-0.021187137661172528,0.05938786268234253,-0.36681318283081055,-0.05806021190960564,0.06076943874359131,-0.44302481412887573,-0.07983952931840577,0.05481213331222534,-0.5058467388153076,-0.08596541158635773,-0.004022747278213501,-0.2220112681388855,-0.019866369513465543,-0.017526686191558838,-0.28085631132125854,-0.07999219916541733,-0.015908896923065186,-0.20453661680221558,-0.09283875100095429,-0.010871082544326782,-0.14966684579849243,-0.08109234444577851,-0.04381626844406128,-0.18766683340072632,-0.021970648167325635,-0.0493912398815155,-0.22731715440750122,-0.07284169815261521,-0.043818116188049316,-0.16325253248214722,-0.07615487448651947,-0.03759622573852539,-0.11557108163833618,-0.06464236400802292
R,0.0,0.0,0.0,0.03355187177658081,-0.04274857044219971,-0.05684993225565904,0.04301956295967102,-0.1363864541053772,-0.07744517731896394,0.02325958013534546,-0.21722066402435303,-0.09270678270092958,0.010621339082717896,-0.28606337308883667,-0.10394489574662202,0.0753830075263977,-0.24950742721557617,-0.030313186305079398,0.06960904598236084,-0.36464548110961914,-0.05898901629677766,0.06348365545272827,-0.4423298239707947,-0.07945282566777223,0.051918089389801025,-0.5077464282512665,-0.09152493435374254,0.036866694688797,-0.24662595987319946,-0.02190973419180864,0.058956801891326904,-0.368725061416626,-0.05959092262617105,0.059889018535614014,-0.4437289834022522,-0.08226926434269899,0.05264091491699219,-0.5053166449069977,-0.08904406237832063,-0.00474238395690918,-0.22339105606079102,-0.020649731116805015,-0.018042564392089844,-0.2831670641899109,-0.08098960477343553,-0.01590600609779358,-0.20684242248535156,-0.09417234170666688,-0.01129215955734253,-0.1521170735359192,-0.0828536580823993,-0.044275909662246704,-0.1891825795173645,-0.02286417778066152,-0.049968868494033813,-0.2275441288948059,-0.07378645795813554,-0.04365736246109009,-0.1636461615562439,-0.07751714992753023,-0.03744807839393616,-0.11601018905639648,-0.06650659251442903
R,0.0,0.0,0.0,0.03321695327758789,-0.04283684492111206,-0.057912612017958054,0.042870938777923584,-0.1369200348854065,-0.07849119758304823,0.02316620945930481,-0.217934250831604,-0.09347611075338591,0.009679615497589111,-0.28714102506637573,-0.10432601129707564,0.07648628950119019,-0.25057291984558105,-0.029470586833326706,0.0708494782447815,-0.36639904975891113,-0.0573648751347946,0.06534534692764282,-0.4446888566017151,-0.07757403856214751,0.054468631744384766,-0.5104355812072754,-0.08960806733068694,0.03763383626937866,-0.24737727642059326,-0.020487736594645867,0.05921441316604614,-0.3696448802947998,-0.05782317524847258,0.059124529361724854,-0.44397544860839844,-0.0807200164168762,0.05083167552947998,-0.504516988992691,-0.08763059383329619,-0.00439879298210144,-0.22385388612747192,-0.018806641605465302,-0.01810741424560547,-0.2841565012931824,-0.07929836368259657,-0.016154497861862183,-0.20756465196609497,-0.09307006156143416,-0.01165771484375,-0.1526932716369629,-0.08208496278223265,-0.04420828819274902,-0.18961238861083984,-0.020663793814151177,-0.04967963695526123,-0.2285788655281067,-0.07188574379381407,-0.04379299283027649,-0.16411274671554565,-0.07604146158394087,-0.03788024187088013,-0.11610841751098633,-0.06534713661369551
R,0.0,0.0,0.0,0.03225141763687134,-0.04256981611251831,-0.05935350950051088,0.041264086961746216,-0.13537442684173584,-0.0808196678309514,0.022661954164505005,-0.21623843908309937,-0.09666478033352632,0.01026695966720581,-0.28534793853759766,-0.10841158176947374,0.07449978590011597,-0.24930095672607422,-0.030832625508196543,0.06755805015563965,-0.3645683526992798,-0.05958616505552072,0.0605548620223999,-0.44246309995651245,-0.08013086910534639,0.04868626594543457,-0.5078846216201782,-0.09208823139954347,0.03619542717933655,-0.24626439809799194,-0.02107381406415243,0.05867666006088257,-0.3688485026359558,-0.05931682656694193,0.05924719572067261,-0.4453744888305664,-0.08251723046589632,0.05220293998718262,-0.5079430639743805,-0.08935293699789781,-0.005450129508972168,-0.2236698865890503,-0.01876537832606573,-0.02000635862350464,-0.2830027937889099,-0.08018247182656069,-0.01876106858253479,-0.20561015605926514,-0.09412410254765291,-0.013563871383666992,-0.14961451292037964,-0.0827386542706563,-0.04495656490325928,-0.19079816341400146,-0.020096292301900576,-0.05155935883522034,-0.2283625602722168,-0.0717004850058629,-0.04584991931915283,-0.1631755828857422,-0.07590042944241304,-0.03905823826789856,-0.11448824405670166,-0.06491242493677873
R,0.0,0.0,0.0,0.03365278244018555,-0.04151737689971924,-0.057896133520159765,0.04402190446853638,-0.13537228107452393,-0.0787036977787352,0.024427086114883423,-0.21491903066635132,-0.09384553507760529,0.011536240577697754,-0.28320956230163574,-0.10480515287116532,0.07636857032775879,-0.2496001124382019,-0.030754046522531553,0.07051712274551392,-0.3656119108200073,-0.059319902219328924,0.06485545635223389,-0.44377827644348145,-0.07954333350852494,0.054625868797302246,-0.5096456110477448,-0.09129587189153199,0.03748112916946411,-0.2474123239517212,-0.021601602443013235,0.05890476703643799,-0.36855918169021606,-0.05954867602184777,0.0592350959777832,-0.4433833956718445,-0.0818828754206038,0.05198788642883301,-0.5041944086551666,-0.08816963062480454,-0.00456470251083374,-0.22559517621994019,-0.019756739967021986,-0.018525660037994385,-0.285189688205719,-0.08097948507264618,-0.016816794872283936,-0.20686960220336914,-0.09433409199908738,-0.011977553367614746,-0.15057945251464844,-0.0827477835197783,-0.04404279589653015,-0.19343173503875732,-0.02143948712244992,-0.04973024129867554,-0.22956347465515137,-0.07313177362874512,-0.043860554695129395,-0.1639028787612915,-0.07723973319724564,-0.03710952401161194,-0.11554664373397827,-0.0662469752211905
R,0.0,0.0,0.0,0.03291940689086914,-0.04169607162475586,-0.05969667200849926,0.04214450716972351,-0.13512521982192993,-0.08129619573162472,0.022817373275756836,-0.21464133262634277,-0.09700254117058194,0.009988486766815186,-0.284123957157135,-0.10858681564138806,0.07476192712783813,-0.24886423349380493,-0.032071480051740764,0.06826436519622803,-0.36473608016967773,-0.060988844827875255,0.06207340955734253,-0.44262415170669556,-0.08150464062498486,0.05095779895782471,-0.5082280039787292,-0.09338962797926342,0.036200881004333496,-0.24599486589431763,-0.022032362864479182,0.05832409858703613,-0.3679903745651245,-0.0603810525398103,0.05887323617935181,-0.4436218738555908,-0.08324820314453518,0.051400601863861084,-0.5052589476108551,-0.089807008848652,-0.005577981472015381,-0.22390764951705933,-0.019458682731851695,-0.019463270902633667,-0.28296852111816406,-0.08099039410160458,-0.01781061291694641,-0.20540231466293335,-0.0950465849499551,-0.012910038232803345,-0.1498708724975586,-0.08383632962511456,-0.04492184519767761,-0.19221317768096924,-0.020524296433791278,-0.050913333892822266,-0.22814732789993286,-0.07235575233505642,-0.04474902153015137,-0.16279661655426025,-0.07688617472456372,-0.037583619356155396,-0.11479532718658447,-0.06619784002111828
R,0.0,0.0,0.0,0.033758074045181274,-0.0420268177986145,-0.05564906134429748,0.04421272873878479,-0.1358398199081421,-0.07561004593196685,0.023722559213638306,-0.21566373109817505,-0.09033478482785995,0.011303246021270752,-0.2828090786933899,-0.1009460432750302,0.07631984353065491,-0.24915653467178345,-0.029362386680872987,0.07128188014030457,-0.36545026302337646,-0.058003187767894815,0.06632545590400696,-0.44370928406715393,-0.07811791136089141,0.05670693516731262,-0.509563148021698,-0.08969588264051254,0.03731268644332886,-0.24710029363632202,-0.0213414361995774,0.05881336331367493,-0.3677922487258911,-0.059493125073345254,0.05897185206413269,-0.44240236282348633,-0.08176126762452895,0.051718443632125854,-0.5031838417053223,-0.08784542664113815,-0.004744768142700195,-0.22504985332489014,-0.020348195574911188,-0.01788651943206787,-0.28429317474365234,-0.0813406898004132,-0.016014039516448975,-0.20554614067077637,-0.09388000204387481,-0.011072486639022827,-0.14924204349517822,-0.08166613116088683,-0.04418909549713135,-0.1921190619468689,-0.022710027761490892,-0.04927033185958862,-0.2289595603942871,-0.07379623933854873,-0.043218791484832764,-0.16362619400024414,-0.07691561116996581,-0.03642207384109497,-0.11557066440582275,-0.06513109489503677
R,0.0,0.0,0.0,0.03384992480278015,-0.04224693775177002,-0.056004540071342035,0.043914735317230225,-0.13590997457504272,-0.07633433957443003,0.02312818169593811,-0.2160649299621582,-0.0913231493984199,0.011604994535446167,-0.2832949161529541,-0.10213045497283701,0.07544943690299988,-0.24940389394760132,-0.030834387064430757,0.06999936699867249,-0.3648132085800171,-0.0600583711718059,0.06441518664360046,-0.44291502237319946,-0.08044365514859919,0.05383017659187317,-0.5083427727222443,-0.09213876445636515,0.03641495108604431,-0.24748271703720093,-0.02281346079752211,0.059072345495224,-0.36917585134506226,-0.061135728851411386,0.059985727071762085,-0.4441729187965393,-0.08316374291524653,0.05314698815345764,-0.5048295259475708,-0.08900917042836909,-0.005535483360290527,-0.22493165731430054,-0.021840891808722063,-0.019096165895462036,-0.28469210863113403,-0.08285297174796824,-0.016858547925949097,-0.20574069023132324,-0.09512302745923762,-0.01150655746459961,-0.1493009328842163,-0.08264867682800059,-0.04488518834114075,-0.19079089164733887,-0.024246246561858698,-0.05014804005622864,-0.2293860912322998,-0.0752481417809463,-0.04367321729660034,-0.1643005609512329,-0.07813354302987818,-0.03662377595901489,-0.11655402183532715,-0.06617930997953181
R,0.0,0.0,0.0,0.034010887145996094,-0.042125046253204346,-0.05470718751627146,0.044745028018951416,-0.13594162464141846,-0.07456945191103159,0.024000614881515503,-0.21609854698181152,-0.08927844027954279,0.011813849210739136,-0.2828660011291504,-0.09986668388324915,0.07668980956077576,-0.2489975094795227,-0.029859819737851012,0.07151570916175842,-0.365659236907959,-0.058758843047201026,0.06647083163261414,-0.44429486989974976,-0.07873781333643137,0.05671289563179016,-0.5102843940258026,-0.09004410664516627,0.037632375955581665,-0.24729526042938232,-0.02222134667414366,0.0591716468334198,-0.36928731203079224,-0.060260094059287894,0.05899044871330261,-0.4437824785709381,-0.08176303963142573,0.05141142010688782,-0.5037496984004974,-0.08718767325359522,-0.004379838705062866,-0.2254319190979004,-0.021464770016848433,-0.018277645111083984,-0.2848467230796814,-0.08208473334985911,-0.01651155948638916,-0.20612549781799316,-0.09374361048418223,-0.011544376611709595,-0.14965909719467163,-0.08093631575781046,-0.04401367902755737,-0.19235682487487793,-0.02396474900621115,-0.04914942383766174,-0.23045563697814941,-0.0744878233500117,-0.04333123564720154,-0.16450202465057373,-0.07665531645494639,-0.03663933277130127,-0.1158551573753357,-0.06418904970365702
R,0.0,0.0,0.0,0.033986687660217285,-0.04205101728439331,-0.05498696277925319,0.044040024280548096,-0.13538962602615356,-0.07505376423785037,0.023449689149856567,-0.2161099910736084,-0.08996858979651279,0.011351913213729858,-0.2828831076622009,-0.10074435706326312,0.07547381520271301,-0.247292160987854,-0.03079773644992656,0.07093504071235657,-0.36418914794921875,-0.06025536145159549,0.06623569130897522,-0.4426085352897644,-0.08052633489558048,0.05630263686180115,-0.5086429119110107,-0.09202835495659656,0.03681129217147827,-0.2459086775779724,-0.023251479222267335,0.05929848551750183,-0.36858463287353516,-0.061964479937046235,0.06032678484916687,-0.4437493681907654,-0.08392264480778522,0.05354532599449158,-0.5045487880706787,-0.08965788568445987,-0.005102217197418213,-0.22425800561904907,-0.022579030795782273,-0.01874658465385437,-0.2837197780609131,-0.08342661495396442,-0.016614645719528198,-0.20511388778686523,-0.09508663947769946,-0.011326760053634644,-0.1488824486732483,-0.08226825828739948,-0.04451748728752136,-0.19107115268707275,-0.02523663799354381,-0.04995188117027283,-0.22842121124267578,-0.07581236745306796,-0.04359009861946106,-0.16301190853118896,-0.07810506756493396,-0.03660017251968384,-0.11486905813217163,-0.06575643803068942
R,0.0,0.0,0.0,0.03465116024017334,-0.04246830940246582,-0.05387350344454944,0.04511779546737671,-0.13599389791488647,-0.0738587471226424,0.02432030439376831,-0.21690970659255981,-0.08900094949996173,0.012167274951934814,-0.28476613759994507,-0.10016241842305362,0.07680541276931763,-0.24803823232650757,-0.029889415813443065,0.07165354490280151,-0.36353135108947754,-0.05979820140993297,0.06623631715774536,-0.44158631563186646,-0.08056758516823948,0.0560116171836853,-0.5073955357074738,-0.0923039632419318,0.03778126835823059,-0.2473815679550171,-0.022905208034273983,0.05913591384887695,-0.37044692039489746,-0.061682099340316654,0.06013786792755127,-0.4454658031463623,-0.0837985294440955,0.053805410861968994,-0.5057845115661621,-0.08959211581742466,-0.004417151212692261,-0.22602719068527222,-0.02267369614338577,-0.017914652824401855,-0.2857731580734253,-0.08341554724967182,-0.015809178352355957,-0.20727962255477905,-0.09508387917077243,-0.010920286178588867,-0.15005499124526978,-0.08229268514907062,-0.044367700815200806,-0.19278842210769653,-0.025662217153069378,-0.049534618854522705,-0.23071032762527466,-0.07593678110634983,-0.04335498809814453,-0.16585564613342285,-0.07785681807791889,-0.036772072315216064,-0.11753255128860474,-0.06523799323832691
R,0.0,0.0,0.0,0.03264075517654419,-0.04241025447845459,-0.056335676577646154,0.04216235876083374,-0.1358957290649414,-0.07774153735931577,0.02262100577354431,-0.21827495098114014,-0.09397474315460386,0.011314094066619873,-0.28668856620788574,-0.10619156446750821,0.07585734128952026,-0.2484385371208191,-0.031602949020225424,0.07164150476455688,-0.3674917221069336,-0.06141526636179151,0.06811237335205078,-0.4477062225341797,-0.0824695267945117,0.059192001819610596,-0.5151488184928894,-0.09477659699018659,0.036776989698410034,-0.24686962366104126,-0.023585027199942488,0.05790644884109497,-0.3691751956939697,-0.06412236776645841,0.05703449249267578,-0.4434678554534912,-0.08793630090053739,0.048079848289489746,-0.5034578442573547,-0.0947199055224246,-0.005662262439727783,-0.22505497932434082,-0.022301675867993254,-0.019523292779922485,-0.2850804328918457,-0.08386491623218717,-0.017649561166763306,-0.20656347274780273,-0.09555394586618604,-0.013161391019821167,-0.14976966381072998,-0.08267446246441068,-0.045725107192993164,-0.19202971458435059,-0.024463499081093687,-0.05136781930923462,-0.23115944862365723,-0.07543504622276487,-0.045459091663360596,-0.16557812690734863,-0.07745016005333127,-0.03941723704338074,-0.11638534069061279,-0.06475748505886258
R,0.0,0.0,0.0,0.03346267342567444,-0.04126495122909546,-0.057758142267573476,0.04334577918052673,-0.13428467512130737,-0.0793625945497638,0.023547470569610596,-0.21664965152740479,-0.09534510320912659,0.011194169521331787,-0.28649139404296875,-0.10718135631572068,0.07606151700019836,-0.247328519821167,-0.03334874010573685,0.07220867276191711,-0.3661729693412781,-0.0639281953025943,0.06917890906333923,-0.4466155469417572,-0.0850567976285106,0.06053397059440613,-0.5141585171222687,-0.09700609094392121,0.037285953760147095,-0.24610614776611328,-0.024414327954161763,0.05884215235710144,-0.36886173486709595,-0.06554811543713868,0.057661622762680054,-0.4436350464820862,-0.0892081493784076,0.04808148741722107,-0.5024959146976471,-0.09545084184895813,-0.004881173372268677,-0.22498369216918945,-0.02236786766837895,-0.01889297366142273,-0.2824506163597107,-0.08429515457640946,-0.016665995121002197,-0.20384562015533447,-0.09597838765870392,-0.01185297966003418,-0.1472814679145813,-0.08273093498240769,-0.04435965418815613,-0.19305920600891113,-0.023858630125630498,-0.049936383962631226,-0.23016268014907837,-0.07457484400759995,-0.043970346450805664,-0.1642436385154724,-0.07638056672107041,-0.037745505571365356,-0.11520415544509888,-0.06338176972161591
R,0.0,0.0,0.0,0.03424999117851257,-0.04149734973907471,-0.05614464001968145,0.043849438428878784,-0.13454902172088623,-0.07726658525183439,0.023448467254638672,-0.21624481678009033,-0.09310416521742582,0.010350048542022705,-0.2854713797569275,-0.10487432422354459,0.07555311918258667,-0.24765217304229736,-0.03260507079079389,0.07086294889450073,-0.366604745388031,-0.06275021674349546,0.06726598739624023,-0.4467833638191223,-0.08362698944523572,0.05811852216720581,-0.5141862630844116,-0.09547517093136548,0.036611855030059814,-0.2461041808128357,-0.02458482625200986,0.058120787143707275,-0.368948757648468,-0.06544392200424909,0.05719488859176636,-0.44363582134246826,-0.08885220827772855,0.04783213138580322,-0.5022982656955719,-0.09496540220692395,-0.0057697296142578125,-0.2246353030204773,-0.023287555372860425,-0.019016772508621216,-0.2826473116874695,-0.08484124036743879,-0.016699910163879395,-0.20399421453475952,-0.09645011665537595,-0.011998772621154785,-0.14713054895401,-0.08325175585463285,-0.04544472694396973,-0.19223135709762573,-0.02540252747252225,-0.05036497116088867,-0.23015755414962769,-0.07585373165323972,-0.04429885745048523,-0.1642819046974182,-0.07754692079737424,-0.03807070851325989,-0.11515653133392334,-0.06454802694037198
R,0.0,0.0,0.0,0.033652812242507935,-0.04125434160232544,-0.05734906259027639,0.04360052943229675,-0.13407182693481445,-0.0787796481236569,0.023653894662857056,-0.21576321125030518,-0.09477753478137174,0.009208470582962036,-0.2863333225250244,-0.10670481908169904,0.07412320375442505,-0.2474498152732849,-0.03201687249389806,0.06793153285980225,-0.36449193954467773,-0.062266397355472236,0.061972737312316895,-0.44337940216064453,-0.08326433139887968,0.050219058990478516,-0.5099165439605713,-0.09507466393557706,0.035848140716552734,-0.24592971801757812,-0.02317463333753267,0.05766397714614868,-0.3698357343673706,-0.06354424643365064,0.05769580602645874,-0.44520998001098633,-0.08658227610436597,0.04885035753250122,-0.505062997341156,-0.09241117077914396,-0.005732238292694092,-0.22477245330810547,-0.021400050325667053,-0.020860135555267334,-0.281341552734375,-0.08270354854909101,-0.018112272024154663,-0.20381009578704834,-0.09459942120162168,-0.012813746929168701,-0.1477365493774414,-0.08157160419074216,-0.04510217905044556,-0.1934199333190918,-0.023186142621909767,-0.05191364884376526,-0.22927141189575195,-0.07319895464030424,-0.045860737562179565,-0.16414862871170044,-0.07508734154549757,-0.03914019465446472,-0.11577951908111572,-0.06232345762697378
R,0.0,0.0,0.0,0.034676700830459595,-0.04167675971984863,-0.05565059993006116,0.04443293809890747,-0.13516384363174438,-0.07655464920736677,0.023746848106384277,-0.21600711345672607,-0.09226230594850904,0.008721083402633667,-0.286196231842041,-0.10394619468189603,0.07500609755516052,-0.24683445692062378,-0.03265268418527967,0.06783553957939148,-0.3630540370941162,-0.06321504029966718,0.06092420220375061,-0.44124752283096313,-0.0840398377511633,0.04909220337867737,-0.5074760019779205,-0.09578375581241971,0.03626689314842224,-0.24573099613189697,-0.02498651731349355,0.05752494931221008,-0.37106192111968994,-0.06527655634619123,0.0593620240688324,-0.44703322649002075,-0.08784417125917798,0.053461939096450806,-0.5072305202484131,-0.09370552066303617,-0.005987793207168579,-0.22443729639053345,-0.024144460145009816,-0.01935860514640808,-0.28333771228790283,-0.08584462914205915,-0.016547024250030518,-0.20428550243377686,-0.09704676333404905,-0.011115223169326782,-0.14761477708816528,-0.0837772867415083,-0.04578256607055664,-0.1920984983444214,-0.026674224692953885,-0.050921350717544556,-0.22849798202514648,-0.0773986435268057,-0.04432940483093262,-0.16236889362335205,-0.07907401088215238,-0.03762006759643555,-0.11456906795501709,-0.06629886541105634
R,0.0,0.0,0.0,0.03455367684364319,-0.041960179805755615,-0.05727247849193873,0.044027507305145264,-0.135204017162323,-0.07842469543305697,0.023644298315048218,-0.21683287620544434,-0.09419237405148806,0.009663522243499756,-0.2875765562057495,-0.10573195993987383,0.07510092854499817,-0.24873554706573486,-0.03118226446298422,0.06998738646507263,-0.3660030961036682,-0.061136081368601936,0.06651714444160461,-0.4453035891056061,-0.08210182517854037,0.05740651488304138,-0.5121524631977081,-0.09419698596087756,0.03642717003822327,-0.24738597869873047,-0.022733579874909537,0.057332128286361694,-0.37141281366348267,-0.06344332128850283,0.05772241950035095,-0.4452417492866516,-0.08718063265172304,0.04941555857658386,-0.5033048689365387,-0.09357709765521349,-0.005893349647521973,-0.2257823944091797,-0.02136130213824572,-0.01969847083091736,-0.2849832773208618,-0.0833398881563312,-0.016013503074645996,-0.20521187782287598,-0.09527352780190768,-0.010626882314682007,-0.14865338802337646,-0.08225114226428332,-0.04554972052574158,-0.19318711757659912,-0.023525246904171127,-0.05033120512962341,-0.23085415363311768,-0.07456205368129076,-0.04353007674217224,-0.1645064353942871,-0.076932642162717,-0.03708431124687195,-0.11660104990005493,-0.06448599279013933
R,0.0,0.0,0.0,0.034466058015823364,-0.04192382097244263,-0.05698998585103254,0.04386815428733826,-0.13527792692184448,-0.07794465437291365,0.02330794930458069,-0.21672487258911133,-0.0935276256477664,0.00871846079826355,-0.2874162197113037,-0.10487880125401716,0.07503712177276611,-0.24907362461090088,-0.030913153064830112,0.06915944814682007,-0.36555057764053345,-0.060622419563514995,0.06444281339645386,-0.4443180561065674,-0.08141582026837568,0.05436617136001587,-0.5107436180114746,-0.09339021458981733,0.036275774240493774,-0.24779504537582397,-0.02252063281594019,0.057275593280792236,-0.37208646535873413,-0.062356981781704235,0.05839306116104126,-0.4464183747768402,-0.08541145488379698,0.05118972063064575,-0.5050093531608582,-0.0915405930554698,-0.00611075758934021,-0.2259313464164734,-0.021243387234790134,-0.01974216103553772,-0.2858625054359436,-0.0828321756398509,-0.01621466875076294,-0.20611166954040527,-0.09464003458379011,-0.01073986291885376,-0.1492823362350464,-0.08167310371754866,-0.04584115743637085,-0.1928083896636963,-0.02347432948408823,-0.050550371408462524,-0.2307698130607605,-0.07440936878083448,-0.04381200671195984,-0.1646503210067749,-0.07674112483618956,-0.037228167057037354,-0.11685532331466675,-0.06435001954196196
R,0.0,0.0,0.0,0.03474882245063782,-0.042572617530822754,-0.056941599981087165,0.04470810294151306,-0.13583451509475708,-0.07813253758956762,0.02403399348258972,-0.21820533275604248,-0.09402010350038381,0.009931117296218872,-0.28885358572006226,-0.10573521761705251,0.07544124126434326,-0.24848997592926025,-0.031764650182026344,0.06998342275619507,-0.3664286732673645,-0.062100013182657676,0.06581681966781616,-0.44616997241973877,-0.08313246576597066,0.05636179447174072,-0.5133842825889587,-0.09508933632184835,0.036459386348724365,-0.24722743034362793,-0.023399270535605865,0.05717819929122925,-0.37144625186920166,-0.06415653734018179,0.0576629638671875,-0.4462965130805969,-0.08761928735782476,0.04989480972290039,-0.5049718618392944,-0.09380393235494466,-0.005890518426895142,-0.22578555345535278,-0.022021477506655174,-0.020033150911331177,-0.283685564994812,-0.08390819786598058,-0.016592592000961304,-0.20448243618011475,-0.09545114396621557,-0.011148929595947266,-0.1476346254348755,-0.08208088336994024,-0.045588672161102295,-0.19339460134506226,-0.024156230897801834,-0.05077844858169556,-0.2314319610595703,-0.07463668792058797,-0.04405677318572998,-0.16531997919082642,-0.07626744119932027,-0.037606656551361084,-0.11675804853439331,-0.06325070320178838
R,0.0,0.0,0.0,0.03385701775550842,-0.042428016662597656,-0.058022519964424646,0.0432245135307312,-0.13553547859191895,-0.07979494558617262,0.022612005472183228,-0.21747493743896484,-0.09609740452810911,0.008205413818359375,-0.28827863931655884,-0.10830722229525236,0.07384112477302551,-0.2492842674255371,-0.03200359122797636,0.06793615221977234,-0.3666881322860718,-0.062240751851049936,0.06296601891517639,-0.44616448879241943,-0.08335672544285444,0.052658289670944214,-0.5128960907459259,-0.09537586050078062,0.03487050533294678,-0.24737155437469482,-0.023178307730404413,0.05582967400550842,-0.37211310863494873,-0.06365463362976698,0.05643150210380554,-0.4471551179885864,-0.08708825187727598,0.04865434765815735,-0.5060655474662781,-0.09327341096445707,-0.007358133792877197,-0.22528260946273804,-0.02150355318531183,-0.021264493465423584,-0.2833428382873535,-0.08383359985396055,-0.01827731728553772,-0.2043110728263855,-0.09622134493633894,-0.01299014687538147,-0.14718270301818848,-0.0833437316302934,-0.047276049852371216,-0.19270211458206177,-0.023356449249831712,-0.052743226289749146,-0.23040348291397095,-0.07459066288515714,-0.04616391658782959,-0.16465455293655396,-0.07695696728274015,-0.0396023690700531,-0.1162765622138977,-0.06443295853182462
R,0.0,0.0,0.0,0.03449919819831848,-0.041971445083618164,-0.056725188916175284,0.04456564784049988,-0.13548976182937622,-0.07784449664279691,0.0241030752658844,-0.21743881702423096,-0.0935511550061392,0.009874433279037476,-0.2879067063331604,-0.10507405904456846,0.07544222474098206,-0.24795371294021606,-0.032040901308505454,0.06756070256233215,-0.364594042301178,-0.06222791207358114,0.060061126947402954,-0.4427174925804138,-0.08289623615667097,0.048013776540756226,-0.5087437629699707,-0.09448744711801282,0.03635960817337036,-0.24678581953048706,-0.023508015846459784,0.0568559467792511,-0.37250369787216187,-0.06272527185603849,0.058643728494644165,-0.448663592338562,-0.08461952564641706,0.05321189761161804,-0.5086686611175537,-0.09012477455064527,-0.006116151809692383,-0.22550606727600098,-0.022074583744256415,-0.019724220037460327,-0.2847021222114563,-0.0833110472314047,-0.017057597637176514,-0.20556873083114624,-0.09451382962390653,-0.011544138193130493,-0.14793574810028076,-0.08124112692996732,-0.04631620645523071,-0.19346797466278076,-0.02411738765761129,-0.05148234963417053,-0.23045802116394043,-0.0745091473810362,-0.045144110918045044,-0.1646270751953125,-0.0762212833516287,-0.0384427011013031,-0.11632728576660156,-0.06348968652412168
R,0.0,0.0,0.0,0.03357088565826416,-0.04230761528015137,-0.05632108691969506,0.043284058570861816,-0.13629966974258423,-0.07759306449332826,0.022546768188476562,-0.21875083446502686,-0.09373716879525773,0.009758412837982178,-0.28840959072113037,-0.10584179181495301,0.0750839114189148,-0.24894481897354126,-0.032242762482553644,0.07135009765625,-0.3684934377670288,-0.06269475687184922,0.06940704584121704,-0.44903653860092163,-0.08381512630620591,0.062093496322631836,-0.5167747437953949,-0.09595160800853364,0.03613552451133728,-0.24713003635406494,-0.024245754442006273,0.05600637197494507,-0.36955320835113525,-0.06583831328788392,0.05433320999145508,-0.4432031512260437,-0.09017945695558183,0.044498980045318604,-0.5016884207725525,-0.09695129711070649,-0.0060389041900634766,-0.2256336212158203,-0.02297114822903268,-0.020521223545074463,-0.28439396619796753,-0.08507042992749803,-0.017461001873016357,-0.20503556728363037,-0.09712868053355805,-0.012529075145721436,-0.14747965335845947,-0.08423162866273515,-0.04534804821014404,-0.1932944655418396,-0.025143551266580744,-0.051373183727264404,-0.23061472177505493,-0.0759065138165056,-0.045118510723114014,-0.1655990481376648,-0.0782636167470514,-0.03882288932800293,-0.11730337142944336,-0.06577943880000703
R,0.0,0.0,0.0,0.032606273889541626,-0.04169493913650513,-0.0570994722213527,0.04252368211746216,-0.13530361652374268,-0.0786579581465503,0.022098034620285034,-0.21755290031433105,-0.09493850493095124,0.009660273790359497,-0.2874376177787781,-0.10712786340377534,0.07458090782165527,-0.24822354316711426,-0.03218765878341401,0.0698397159576416,-0.3669182062149048,-0.06263774209878648,0.06636524200439453,-0.44706249237060547,-0.0838195341195842,0.05747950077056885,-0.5143900811672211,-0.09601281904838288,0.035901010036468506,-0.24675315618515015,-0.023708190258957984,0.05614304542541504,-0.3700207471847534,-0.06512507372758591,0.054887473583221436,-0.4440441131591797,-0.08946931683681214,0.0455038845539093,-0.5026700794696808,-0.09625263833663666,-0.006080269813537598,-0.225530207157135,-0.022074961524822356,-0.02060854434967041,-0.2842254638671875,-0.08421895974538529,-0.01769205927848816,-0.20451819896697998,-0.09651008569858277,-0.01259833574295044,-0.1463882327079773,-0.08375707590244019,-0.04550004005432129,-0.19361662864685059,-0.02393911914191449,-0.051632434129714966,-0.22969847917556763,-0.07488485747239793,-0.04538813233375549,-0.16464418172836304,-0.07754559391401017,-0.038859039545059204,-0.11661100387573242,-0.06530412608049119
R,0.0,0.0,0.0,0.03335878252983093,-0.04157310724258423,-0.058574433213266275,0.04281798005104065,-0.1337077021598816,-0.08048044401982679,0.022554755210876465,-0.2156570553779602,-0.09663691628554716,0.010219275951385498,-0.28547346591949463,-0.10874343920329466,0.07464838027954102,-0.2466335892677307,-0.03379890207031622,0.06852471828460693,-0.3647184371948242,-0.06424752134660139,0.06313049793243408,-0.44480788707733154,-0.08530298132279768,0.05219388008117676,-0.5120369791984558,-0.09708262491801634,0.036023467779159546,-0.24490219354629517,-0.02414155635813131,0.056707143783569336,-0.36900269985198975,-0.06474371511319532,0.055725157260894775,-0.4436280131340027,-0.08803676325658216,0.046435534954071045,-0.5019123554229736,-0.09394865739920988,-0.005476862192153931,-0.2237815260887146,-0.021517683526667497,-0.020307272672653198,-0.27854859828948975,-0.08283012617209806,-0.01823708415031433,-0.20140177011489868,-0.0952046688256587,-0.013315409421920776,-0.1450175642967224,-0.08244632441380872,-0.04464271664619446,-0.19276279211044312,-0.022507178371938608,-0.051087796688079834,-0.22827911376953125,-0.07241355884650602,-0.045449286699295044,-0.16320109367370605,-0.07460875321010008,-0.03900545835494995,-0.11445754766464233,-0.06205353770235433
R,0.0,0.0,0.0,0.03390339016914368,-0.042094290256500244,-0.05751262446102601,0.042799293994903564,-0.13497155904769897,-0.07883757938799363,0.021792501211166382,-0.21620607376098633,-0.09453848590311509,0.009459227323532104,-0.2856881618499756,-0.10611653913912278,0.07371509075164795,-0.24688231945037842,-0.033213591474861914,0.06646597385406494,-0.363333523273468,-0.06353203793224793,0.05955469608306885,-0.4422626495361328,-0.08431257148441773,0.047094762325286865,-0.508433997631073,-0.09593260874208909,0.035292208194732666,-0.24505895376205444,-0.024173405293197447,0.056481361389160156,-0.36964792013168335,-0.06446186294016343,0.0567815899848938,-0.44429272413253784,-0.08724696775135499,0.04870814085006714,-0.5028707683086395,-0.09288205047306519,-0.006189167499542236,-0.2234322428703308,-0.02213545543310147,-0.020883142948150635,-0.2801660895347595,-0.08342732330021363,-0.018244385719299316,-0.20221441984176636,-0.09542970945295792,-0.012818634510040283,-0.14574497938156128,-0.0824537335818718,-0.04534760117530823,-0.19138497114181519,-0.023625592041582877,-0.05173179507255554,-0.22771799564361572,-0.07385440011677247,-0.04547226428985596,-0.16267114877700806,-0.0761184303945015,-0.03870260715484619,-0.11484020948410034,-0.0636367558425377
R,0.0,0.0,0.0,0.03307032585144043,-0.04226106405258179,-0.05619202117856048,0.042824238538742065,-0.13539308309555054,-0.07769372622902893,0.021926432847976685,-0.21667969226837158,-0.0941202447884848,0.011040151119232178,-0.28512901067733765,-0.1064878360503485,0.075386643409729,-0.24680697917938232,-0.033763553308801875,0.07024228572845459,-0.36561065912246704,-0.06524806033309005,0.06670945882797241,-0.446844220161438,-0.08691850613291763,0.05762356519699097,-0.5148810148239136,-0.09938268672163986,0.03677511215209961,-0.2454015612602234,-0.02596399496729873,0.05651324987411499,-0.3673667311668396,-0.06900024722750686,0.05441039800643921,-0.44207876920700073,-0.09383838932450317,0.044354021549224854,-0.5014726519584656,-0.10071278672154449,-0.005046725273132324,-0.22425001859664917,-0.02478909801180862,-0.020428895950317383,-0.282401442527771,-0.08741757582362197,-0.017148226499557495,-0.2024804949760437,-0.0989911736124327,-0.01142728328704834,-0.1442912220954895,-0.08559235494072936,-0.04412639141082764,-0.19190078973770142,-0.027115510138230547,-0.050796717405319214,-0.22779297828674316,-0.07792128931220077,-0.04443180561065674,-0.16353267431259155,-0.08016889851029418,-0.0375995934009552,-0.11645996570587158,-0.06754343520339035
R,0.0,0.0,0.0,0.03284558653831482,-0.04229843616485596,-0.056767072497052595,0.04364114999771118,-0.13422024250030518,-0.07837031405989592,0.024159491062164307,-0.21686220169067383,-0.09480999779526655,0.013639837503433228,-0.28506141901016235,-0.10739175599638884,0.07601156830787659,-0.248124361038208,-0.03375055637781088,0.07328394055366516,-0.3691745400428772,-0.0646829865557379,0.07208463549613953,-0.4513630270957947,-0.0859636552316374,0.06566295027732849,-0.5198289155960083,-0.09801865738455717,0.037213683128356934,-0.2462979555130005,-0.02538394366030161,0.05646631121635437,-0.36687171459198,-0.06740772348467772,0.05315116047859192,-0.44079431891441345,-0.09185594689671461,0.04256337881088257,-0.4999576210975647,-0.09849550944392149,-0.004213452339172363,-0.22458350658416748,-0.023639908028883383,-0.019691377878189087,-0.2798474431037903,-0.08558949452464049,-0.01750969886779785,-0.2010548710823059,-0.09741991382662718,-0.012302249670028687,-0.14372789859771729,-0.08418309312884276,-0.04350537061691284,-0.19173204898834229,-0.025367733059567854,-0.05054160952568054,-0.2292812466621399,-0.07558443766657774,-0.044954121112823486,-0.16483426094055176,-0.07742572945181792,-0.038485169410705566,-0.11620640754699707,-0.06436285745922987
R,0.0,0.0,0.0,0.032037556171417236,-0.04285430908203125,-0.05591609941893694,0.04206016659736633,-0.13538432121276855,-0.07729282097989199,0.022121071815490723,-0.21762454509735107,-0.09363757686787721,0.012270480394363403,-0.286194384098053,-0.10591901706629869,0.07479381561279297,-0.24945670366287231,-0.033244332839785784,0.06988948583602905,-0.36887311935424805,-0.06392543630772707,0.06671690940856934,-0.4499817490577698,-0.08493419604474184,0.05885666608810425,-0.5178043842315674,-0.09700827913457033,0.035880059003829956,-0.24760550260543823,-0.02548018338256952,0.05504685640335083,-0.3701856732368469,-0.06598647551709291,0.05412578582763672,-0.44542187452316284,-0.08923402296477434,0.04646313190460205,-0.5067704319953918,-0.09573105590516207,-0.005869448184967041,-0.2252998948097229,-0.02446232790225622,-0.021494179964065552,-0.28428125381469727,-0.08599564300948259,-0.01881280541419983,-0.2046871781349182,-0.09773506092005846,-0.013056635856628418,-0.14679014682769775,-0.08493368940526125,-0.044900715351104736,-0.19123035669326782,-0.026875973288952082,-0.05261927843093872,-0.22851842641830444,-0.07762398438626406,-0.04700234532356262,-0.16414177417755127,-0.08023363964730379,-0.04008430242538452,-0.11665499210357666,-0.06809162216359255
R,0.0,0.0,0.0,0.03277823328971863,-0.041966140270233154,-0.05594209279479401,0.041912972927093506,-0.1350407600402832,-0.07686624001325981,0.02101677656173706,-0.21733605861663818,-0.09261252056421654,0.009727835655212402,-0.2868652939796448,-0.10430289130272286,0.07354286313056946,-0.248418927192688,-0.03168724547685997,0.06596800684928894,-0.3663974404335022,-0.06164642121257202,0.05927368998527527,-0.4460107088088989,-0.08214201103510277,0.047542065382003784,-0.5128068029880524,-0.0935962058192672,0.03529387712478638,-0.24662697315216064,-0.02336849156381504,0.056326061487197876,-0.37143218517303467,-0.06264109234871285,0.05662229657173157,-0.4477241039276123,-0.08500567894043343,0.0490802526473999,-0.5090175271034241,-0.09072556417049782,-0.005937725305557251,-0.22512131929397583,-0.021924179751295014,-0.021169185638427734,-0.2836948037147522,-0.08279560576738731,-0.01935964822769165,-0.20597976446151733,-0.09483979712786095,-0.014286249876022339,-0.14877599477767944,-0.08206918160976784,-0.0448840856552124,-0.1925777792930603,-0.023839839506763383,-0.05212298035621643,-0.22932708263397217,-0.07385751675428764,-0.04642245173454285,-0.1645505428314209,-0.0760132304912986,-0.03951635956764221,-0.11591565608978271,-0.0634816519504966
R,0.0,0.0,0.0,0.03243541717529297,-0.04201287031173706,-0.05673559577604692,0.041502803564071655,-0.13512849807739258,-0.07812643991252344,0.02056935429573059,-0.21700268983840942,-0.09411719636460703,0.00731891393661499,-0.2868884801864624,-0.10597401307364862,0.07374396920204163,-0.24856102466583252,-0.03242393405577104,0.0645550787448883,-0.36572545766830444,-0.06269689099332254,0.0561119019985199,-0.44530364871025085,-0.08346464679976862,0.04249957203865051,-0.5117291808128357,-0.09508370803138178,0.03523185849189758,-0.24648445844650269,-0.023854985920991112,0.0562874972820282,-0.37238049507141113,-0.06380424098512094,0.057005614042282104,-0.44878101348876953,-0.08649783031484048,0.04969903826713562,-0.5093447268009186,-0.09222725973864954,-0.006519794464111328,-0.22487175464630127,-0.022228611721004654,-0.02157992124557495,-0.28317171335220337,-0.08363308207532327,-0.01927199959754944,-0.20500826835632324,-0.0956189279391424,-0.013926178216934204,-0.14793020486831665,-0.082641663117613,-0.04593583941459656,-0.19266295433044434,-0.023998068733419586,-0.052781760692596436,-0.2293516993522644,-0.07425382183333795,-0.04667997360229492,-0.16396188735961914,-0.07613542871018808,-0.03971657156944275,-0.11551225185394287,-0.06335738496323984
R,0.0,0.0,0.0,0.03307786583900452,-0.04206782579421997,-0.055843603376899864,0.04160472750663757,-0.13545268774032593,-0.07685409164861312,0.020429491996765137,-0.216647207736969,-0.09274971908763519,0.00860971212387085,-0.28644275665283203,-0.10442544198468795,0.0732395350933075,-0.2500607967376709,-0.03113435446158519,0.06435945630073547,-0.367112398147583,-0.06105989268854728,0.05627003312110901,-0.4467979073524475,-0.081529882316147,0.04305058717727661,-0.512882262468338,-0.09300809032157531,0.03435513377189636,-0.24763727188110352,-0.02335643633142581,0.05484232306480408,-0.37456029653549194,-0.06287052905992141,0.05576083064079285,-0.451077401638031,-0.08517991429999938,0.04880383610725403,-0.5117350518703461,-0.09065492874816528,-0.007652878761291504,-0.2248249650001526,-0.022556238387380745,-0.02263718843460083,-0.2841363549232483,-0.08404860324100127,-0.019434630870819092,-0.2051061987876892,-0.09572656131223312,-0.013610273599624634,-0.14774185419082642,-0.08245360529855361,-0.047398149967193604,-0.19096654653549194,-0.025121551517997887,-0.05395394563674927,-0.2290041446685791,-0.07565719312862029,-0.04736888408660889,-0.16375547647476196,-0.07747606611684432,-0.040353357791900635,-0.11583346128463745,-0.06463093734220138
R,0.0,0.0,0.0,0.03274199366569519,-0.04147571325302124,-0.05665792273697434,0.04241514205932617,-0.13574057817459106,-0.07796903821048318,0.021413058042526245,-0.21880567073822021,-0.09396636607465325,0.010059505701065063,-0.28913211822509766,-0.10573867829856454,0.07469743490219116,-0.2506392002105713,-0.03260828303513108,0.06783586740493774,-0.36947888135910034,-0.06334799649533807,0.06301724910736084,-0.4497378170490265,-0.08433539541778146,0.05318248271942139,-0.5169433653354645,-0.09614199521359978,0.03538930416107178,-0.24850422143936157,-0.02451289007780133,0.05493038892745972,-0.37269192934036255,-0.0651612740975338,0.05422741174697876,-0.44827955961227417,-0.08799333246764718,0.04590284824371338,-0.5088073909282684,-0.09371876092967568,-0.0069668591022491455,-0.22545534372329712,-0.023354250289173706,-0.021831393241882324,-0.2833555340766907,-0.08556813123044549,-0.01822662353515625,-0.2032741904258728,-0.09683182211932717,-0.012325525283813477,-0.14575731754302979,-0.08314432325181542,-0.04674085974693298,-0.19106626510620117,-0.025649613983603103,-0.052671074867248535,-0.22886508703231812,-0.07668365659532128,-0.046278953552246094,-0.1634986400604248,-0.07834944995460091,-0.039478600025177,-0.11580979824066162,-0.06518242629584847
R,0.0,0.0,0.0,0.033082544803619385,-0.04115694761276245,-0.05719987457376874,0.04235991835594177,-0.13448554277420044,-0.07904048418384946,0.021163344383239746,-0.21596646308898926,-0.09554881756884015,0.010454714298248291,-0.28562867641448975,-0.10779082929474271,0.07415372133255005,-0.2508898973464966,-0.03199421396237767,0.06671005487442017,-0.3689257502555847,-0.06257285332065976,0.06045496463775635,-0.4492873549461365,-0.08360209470373547,0.049257129430770874,-0.5159107148647308,-0.09551377748829282,0.03493192791938782,-0.24780422449111938,-0.023878581502856377,0.054934680461883545,-0.37300652265548706,-0.06495569055658734,0.054426372051239014,-0.4484415054321289,-0.08837519740444577,0.0461449921131134,-0.5082901418209076,-0.0943212077556268,-0.007217705249786377,-0.2245039939880371,-0.02279141885918534,-0.0221424400806427,-0.2827411890029907,-0.08580187117439664,-0.018930017948150635,-0.20269298553466797,-0.09775597756487286,-0.013213098049163818,-0.14532601833343506,-0.08429418658596433,-0.04717564582824707,-0.19021618366241455,-0.025116614678324822,-0.053787171840667725,-0.2283179759979248,-0.07685460304600156,-0.04726418852806091,-0.16190898418426514,-0.0788226441083566,-0.0402299165725708,-0.11357170343399048,-0.06576542710644162
R,0.0,0.0,0.0,0.0326274037361145,-0.04189521074295044,-0.05532338626528599,0.04221019148826599,-0.13588178157806396,-0.0763630472853265,0.021638453006744385,-0.2180476188659668,-0.09244754694248059,0.011323869228363037,-0.2872207760810852,-0.10432559780622341,0.07455071806907654,-0.25112390518188477,-0.031217150090583345,0.06698623299598694,-0.3684641122817993,-0.06203583039189198,0.060814470052719116,-0.44818592071533203,-0.08309835724378445,0.04969054460525513,-0.51457479596138,-0.09497279457593777,0.03541848063468933,-0.2484923005104065,-0.024135643316753885,0.055072516202926636,-0.37344813346862793,-0.0646900811030946,0.05544891953468323,-0.4497821629047394,-0.08746117882276394,0.048432230949401855,-0.5113287270069122,-0.0931990646555505,-0.0067209601402282715,-0.22502219676971436,-0.023959364442475817,-0.02147078514099121,-0.28411173820495605,-0.0866290830805383,-0.018276512622833252,-0.20386207103729248,-0.09779988758111813,-0.012623697519302368,-0.14639705419540405,-0.08395714096570828,-0.04664847254753113,-0.18977826833724976,-0.027086868582614443,-0.05272373557090759,-0.22878563404083252,-0.0785465069844804,-0.04648023843765259,-0.16307014226913452,-0.07993878207946636,-0.03983098268508911,-0.11526322364807129,-0.066517246587523
R,0.0,0.0,0.0,0.03241834044456482,-0.040128111839294434,-0.057418424713432614,0.04195958375930786,-0.13361549377441406,-0.0795807503936885,0.020754754543304443,-0.21638745069503784,-0.09628866993170959,0.008984208106994629,-0.2866435647010803,-0.10876021914464218,0.07449129223823547,-0.24973762035369873,-0.03442157440167648,0.06881138682365417,-0.36997371912002563,-0.0657599159358142,0.06481531262397766,-0.4513518214225769,-0.08697923653107864,0.05537429451942444,-0.5190699994564056,-0.09888922803384048,0.03522425889968872,-0.24732917547225952,-0.026177745389759366,0.05494776368141174,-0.3713747262954712,-0.06794955216628296,0.053564637899398804,-0.44728967547416687,-0.09145987414103729,0.04442819952964783,-0.5077527463436127,-0.09750368826371414,-0.006994903087615967,-0.22468078136444092,-0.024781644421636884,-0.021126270294189453,-0.28090256452560425,-0.08749068163615448,-0.018077194690704346,-0.20137465000152588,-0.09879250459653122,-0.012585848569869995,-0.14470690488815308,-0.08508140974026901,-0.04672563076019287,-0.19142615795135498,-0.026867730620324437,-0.052498579025268555,-0.22780293226242065,-0.07809284709674102,-0.04617714881896973,-0.16176801919937134,-0.07967380814534408,-0.03937605023384094,-0.11380547285079956,-0.06639002643805725
R,0.0,0.0,0.0,0.03271743655204773,-0.04054725170135498,-0.05650857142256882,0.042180776596069336,-0.13377350568771362,-0.07890205881642487,0.02183738350868225,-0.2173411250114441,-0.09625624171542313,0.013109654188156128,-0.2871744632720947,-0.10945155522870209,0.07383117079734802,-0.249400794506073,-0.03435928053306725,0.06837156414985657,-0.36954087018966675,-0.06652074358510163,0.06500759720802307,-0.4509454071521759,-0.08819889328526642,0.05618146061897278,-0.51898592710495,-0.10042472980069306,0.035244494676589966,-0.24754726886749268,-0.026887720963827633,0.055559784173965454,-0.3711283802986145,-0.06975352070378449,0.054792314767837524,-0.4472959041595459,-0.09374512783335831,0.04584649205207825,-0.508796364068985,-0.10001559606837418,-0.006452590227127075,-0.22554022073745728,-0.02614660798656132,-0.021525323390960693,-0.2832552194595337,-0.0896853511695781,-0.018491089344024658,-0.20263391733169556,-0.10046267560767319,-0.01302078366279602,-0.14485222101211548,-0.08617240986870911,-0.04581189155578613,-0.19236499071121216,-0.028821409261695408,-0.05279099941253662,-0.22941553592681885,-0.0805339371328273,-0.04670220613479614,-0.16329914331436157,-0.08175220391797211,-0.0400967001914978,-0.11473089456558228,-0.06799866310404923
R,0.0,0.0,0.0,0.03294423222541809,-0.0409621000289917,-0.05624875229830195,0.04226157069206238,-0.1340053677558899,-0.07816422906751086,0.021792978048324585,-0.21600967645645142,-0.09500237730378558,0.009986191987991333,-0.2862187623977661,-0.10759212997788836,0.07424941658973694,-0.24981045722961426,-0.0325396227561896,0.06606349349021912,-0.36769556999206543,-0.06375507441396167,0.05903241038322449,-0.4475674033164978,-0.08510626283521106,0.04711410403251648,-0.5142456591129303,-0.09725525406236102,0.03531411290168762,-0.24757695198059082,-0.02510159266228129,0.05593952536582947,-0.37334680557250977,-0.06641427603597094,0.05632480978965759,-0.45022058486938477,-0.08971951332921435,0.04901573061943054,-0.5120513439178467,-0.09586247977847506,-0.006975710391998291,-0.22504955530166626,-0.024575380506462352,-0.021641463041305542,-0.2852665185928345,-0.08757076588506152,-0.018451035022735596,-0.2047792673110962,-0.098790394040293,-0.012651175260543823,-0.14691686630249023,-0.08504689660901477,-0.047113388776779175,-0.1909741759300232,-0.02742107947403838,-0.053220123052597046,-0.22923123836517334,-0.07932217595214297,-0.04652881622314453,-0.16252249479293823,-0.08095196065539767,-0.03948518633842468,-0.11392480134963989,-0.06770904538268496
R,0.0,0.0,0.0,0.033061206340789795,-0.04131746292114258,-0.055330775831748724,0.04236379265785217,-0.13396704196929932,-0.07685861006837058,0.021887779235839844,-0.21644091606140137,-0.093572512422611,0.010295331478118896,-0.2858055830001831,-0.10609377190928626,0.07326808571815491,-0.2497064471244812,-0.03163754210333991,0.06524160504341125,-0.36776185035705566,-0.06274429724078345,0.058484047651290894,-0.4477238655090332,-0.08384352192740607,0.04675650596618652,-0.5143957436084747,-0.09558144227128196,0.034777820110321045,-0.24783700704574585,-0.024462346141149283,0.055874377489089966,-0.3737102150917053,-0.06519571707110572,0.0569174587726593,-0.4516303539276123,-0.08797584489445853,0.05033043026924133,-0.5141583681106567,-0.09370055810074973,-0.006956905126571655,-0.2257552146911621,-0.0241606441931026,-0.021662384271621704,-0.284789502620697,-0.08647979066233802,-0.019216865301132202,-0.20487940311431885,-0.09751018897156882,-0.013648420572280884,-0.14664381742477417,-0.08358246103387046,-0.046610236167907715,-0.19229817390441895,-0.027189055611302138,-0.0531637966632843,-0.23002517223358154,-0.07809018359046149,-0.04710850119590759,-0.16381222009658813,-0.0792369844065206,-0.040271252393722534,-0.11475813388824463,-0.06565196082453895
R,0.0,0.0,0.0,0.033259421586990356,-0.04057931900024414,-0.056772565545941234,0.04166606068611145,-0.13316428661346436,-0.07904841572275245,0.02089136838912964,-0.2148868441581726,-0.09623629421224678,0.008738279342651367,-0.2847819924354553,-0.1092931610368737,0.07237371802330017,-0.2495788335800171,-0.033146964462900996,0.06393089890480042,-0.3670862317085266,-0.06445050806036079,0.056348830461502075,-0.4466206431388855,-0.08604851186504447,0.04356265068054199,-0.5133458971977234,-0.09828071117630088,0.03390982747077942,-0.24785804748535156,-0.025135181921029925,0.05553755164146423,-0.37352436780929565,-0.06599688351383293,0.0567222535610199,-0.451315701007843,-0.08939391196003044,0.04984155297279358,-0.5140657424926758,-0.09575263232221687,-0.0077974796295166016,-0.2261718511581421,-0.024071594777012706,-0.0230371356010437,-0.28634965419769287,-0.0862388071440705,-0.020075440406799316,-0.20711404085159302,-0.09798162251939857,-0.014329195022583008,-0.14877676963806152,-0.08478047520151222,-0.046942442655563354,-0.19303160905838013,-0.026455165895129085,-0.053649455308914185,-0.23106515407562256,-0.07722217411031806,-0.04720112681388855,-0.16537070274353027,-0.07894711762895668,-0.040184617042541504,-0.1159278154373169,-0.06600523561468208
R,0.0,0.0,0.0,0.034375935792922974,-0.04120391607284546,-0.05483096208098459,0.04361441731452942,-0.13437998294830322,-0.07618739198568392,0.02210274338722229,-0.2154579758644104,-0.09283457439067888,0.008456707000732422,-0.284868061542511,-0.10539127628925371,0.07423573732376099,-0.24961847066879272,-0.03180806453946161,0.06468617916107178,-0.3660927414894104,-0.06298216174963045,0.05576831102371216,-0.445279061794281,-0.08462197076204347,0.04201790690422058,-0.5121271908283234,-0.0970757428896718,0.035317420959472656,-0.2491147518157959,-0.025046649609237193,0.05626964569091797,-0.37508004903793335,-0.06575123708370256,0.0573960542678833,-0.4532994031906128,-0.089091760326653,0.050603389739990234,-0.5164572894573212,-0.09556388597610521,-0.006878972053527832,-0.2278580665588379,-0.02511246245029497,-0.022231608629226685,-0.2891547679901123,-0.08739062141302156,-0.018686741590499878,-0.20893478393554688,-0.09916987012746858,-0.01282450556755066,-0.1498355269432068,-0.08612850051048326,-0.046470969915390015,-0.19426274299621582,-0.028486506302385806,-0.05271148681640625,-0.232111394405365,-0.0797327880156331,-0.04598361253738403,-0.16594010591506958,-0.08170753460052538,-0.03879690170288086,-0.11655920743942261,-0.06899936984899568
R,0.0,0.0,0.0,0.033136457204818726,-0.04075658321380615,-0.05804886913693963,0.042471885681152344,-0.13323134183883667,-0.08100442460573731,0.022152036428451538,-0.21473807096481323,-0.0986997993925911,0.009778350591659546,-0.2851881980895996,-0.1122079478839737,0.07339861989021301,-0.2501237392425537,-0.03436101845301209,0.06573370099067688,-0.3688976764678955,-0.06624342373407899,0.059690922498703,-0.44990578293800354,-0.08815508208073197,0.04832920432090759,-0.5176788866519928,-0.10059403500355302,0.03474658727645874,-0.24819517135620117,-0.026069552291403397,0.055727094411849976,-0.37334316968917847,-0.06859455874956666,0.055488020181655884,-0.45103779435157776,-0.09292148670948563,0.046698033809661865,-0.513038694858551,-0.09948273620403825,-0.007222205400466919,-0.22672879695892334,-0.02480231842793046,-0.022913753986358643,-0.2855684161186218,-0.088384619567762,-0.01948031783103943,-0.2046743631362915,-0.10046195856131135,-0.01359286904335022,-0.14590704441070557,-0.0870655911306244,-0.046597182750701904,-0.19447088241577148,-0.02707067004240571,-0.0533505380153656,-0.23079293966293335,-0.07897282264030991,-0.04668799042701721,-0.16393285989761353,-0.08118192723787843,-0.0392896831035614,-0.1145932674407959,-0.06830443314112244
R,0.0,0.0,0.0,0.03408914804458618,-0.03978621959686279,-0.05851253924498678,0.04315546154975891,-0.13184267282485962,-0.08151560706625105,0.02261790633201599,-0.2128198742866516,-0.09910012466440321,0.009794950485229492,-0.28377342224121094,-0.1124566836429608,0.07429367303848267,-0.24854284524917603,-0.03553061244616629,0.06492918729782104,-0.3663814067840576,-0.06759594065675856,0.05658930540084839,-0.44665271043777466,-0.08937505317459227,0.043151527643203735,-0.513664573431015,-0.10157493186721922,0.035506755113601685,-0.2468571662902832,-0.027033961020208608,0.056610107421875,-0.37339532375335693,-0.06871801299581648,0.0575297474861145,-0.4521123468875885,-0.09212972653637053,0.05037742853164673,-0.5146750509738922,-0.09827730489502073,-0.006620585918426514,-0.22537267208099365,-0.02568340731392027,-0.022213131189346313,-0.2836933135986328,-0.08880888355503203,-0.018945753574371338,-0.20334511995315552,-0.10058674646148802,-0.012754678726196289,-0.14517486095428467,-0.08712727261314512,-0.046332478523254395,-0.19308507442474365,-0.027915239907599698,-0.05287140607833862,-0.23007023334503174,-0.07931888533363463,-0.04616653919219971,-0.1633220911026001,-0.08114339841137053,-0.03881096839904785,-0.11431598663330078,-0.06818983388671995
R,0.0,0.0,0.0,0.03378519415855408,-0.03999096155166626,-0.05874128782306798,0.042520374059677124,-0.13217973709106445,-0.0818796246603597,0.02178359031677246,-0.21359485387802124,-0.09959907227312215,0.009695947170257568,-0.2843031883239746,-0.11309816085849889,0.07360538840293884,-0.24903720617294312,-0.03547436514054425,0.06492778658866882,-0.3670682907104492,-0.06753888123785146,0.057499438524246216,-0.44756075739860535,-0.08932802223716862,0.044804126024246216,-0.5147013068199158,-0.10158769183908589,0.03485751152038574,-0.24698078632354736,-0.02695628398214467,0.05624464154243469,-0.37284499406814575,-0.06909165674005635,0.05651769042015076,-0.4508729577064514,-0.09280160212074406,0.04841068387031555,-0.5127173960208893,-0.09900681817089207,-0.0071578919887542725,-0.22505593299865723,-0.02559037649189122,-0.023099511861801147,-0.2839735150337219,-0.08921941512380727,-0.020046383142471313,-0.20314502716064453,-0.10119695359026082,-0.01381942629814148,-0.14433550834655762,-0.08769122653757222,-0.046855926513671875,-0.19223690032958984,-0.02780363106285222,-0.05396810173988342,-0.2294325828552246,-0.07985845350776799,-0.04734569787979126,-0.1627427339553833,-0.08210173391853459,-0.03969228267669678,-0.11354053020477295,-0.06928513341699727
R,0.0,0.0,0.0,0.03410956263542175,-0.040389835834503174,-0.057889944072258004,0.04256436228752136,-0.13260924816131592,-0.08039510076810075,0.02152162790298462,-0.21379977464675903,-0.09756894981433106,0.009356647729873657,-0.2836970090866089,-0.11047406321335984,0.07342621684074402,-0.24917781352996826,-0.03417793488074494,0.06337335705757141,-0.3658692240715027,-0.06587754016686631,0.0544070303440094,-0.4448823928833008,-0.08735679661799622,0.04002395272254944,-0.5110277831554413,-0.0991586876468773,0.03485894203186035,-0.246826171875,-0.025780249516856202,0.05640020966529846,-0.37410104274749756,-0.06634687459040833,0.058526426553726196,-0.45341333746910095,-0.08878964757491303,0.05248495936393738,-0.5171083807945251,-0.09423762386609269,-0.006831467151641846,-0.2247025966644287,-0.024645574520718583,-0.022517234086990356,-0.2826225161552429,-0.08740850364733888,-0.0193345844745636,-0.20270735025405884,-0.09923686658908082,-0.01307225227355957,-0.14490848779678345,-0.08563496744204713,-0.04622775316238403,-0.19169574975967407,-0.027009764816057213,-0.0528491735458374,-0.22929036617279053,-0.0780964550929184,-0.046510010957717896,-0.16268986463546753,-0.07970028942395402,-0.03947359323501587,-0.11359816789627075,-0.06651560788918687
R,0.0,0.0,0.0,0.033671826124191284,-0.04169762134552002,-0.0556413547854504,0.043551743030548096,-0.13447928428649902,-0.07758354933667988,0.021141886711120605,-0.21638602018356323,-0.09471069814372868,0.007277995347976685,-0.28614509105682373,-0.10771946402002186,0.07491639256477356,-0.2503853440284729,-0.03319914431978077,0.06661567091941833,-0.36812853813171387,-0.06534419746805042,0.05984106659889221,-0.44841036200523376,-0.08720151873041004,0.04774311184883118,-0.5155211389064789,-0.09950321705747456,0.03574943542480469,-0.24871551990509033,-0.02653265723694176,0.05624750256538391,-0.3755183219909668,-0.06823038847852558,0.05721667408943176,-0.45397841930389404,-0.0916811728637299,0.050482481718063354,-0.5177856087684631,-0.09782242567945332,-0.006587624549865723,-0.22643399238586426,-0.02677171284068436,-0.022337019443511963,-0.28509432077407837,-0.09009404273439259,-0.018297523260116577,-0.2032579779624939,-0.1015112304847321,-0.011917471885681152,-0.14486002922058105,-0.0876809412400803,-0.0466592013835907,-0.1921912431716919,-0.030353057922013704,-0.05318045616149902,-0.2303141951560974,-0.08176205100227207,-0.04652059078216553,-0.16336578130722046,-0.0830868536393723,-0.039569735527038574,-0.1149478554725647,-0.06968825848508686
R,0.0,0.0,0.0,0.03346359729766846,-0.041310906410217285,-0.05741321475915129,0.043311089277267456,-0.13398051261901855,-0.0795699152510565,0.0223524272441864,-0.21572786569595337,-0.0964117589753073,0.007442772388458252,-0.28651362657546997,-0.10916113288811857,0.07451978325843811,-0.2501643896102905,-0.03445481689385588,0.06670942902565002,-0.3689548969268799,-0.06613484950474913,0.0605950653553009,-0.4497125744819641,-0.08772834570817167,0.04887792468070984,-0.517477422952652,-0.09976363362483198,0.03581073880195618,-0.2485588788986206,-0.02628181682638342,0.056793779134750366,-0.37435686588287354,-0.06802012206725294,0.056607216596603394,-0.4518873989582062,-0.09154488326720411,0.04797792434692383,-0.5135272145271301,-0.09752606780938322,-0.006192952394485474,-0.22686314582824707,-0.02506644272915537,-0.022521883249282837,-0.2838497757911682,-0.08786881895474608,-0.019139796495437622,-0.20365113019943237,-0.09985328646115477,-0.01299738883972168,-0.1456747055053711,-0.08645656140259916,-0.04576721787452698,-0.194299578666687,-0.027338800893346615,-0.05280497670173645,-0.23046791553497314,-0.07844405056647474,-0.04639095067977905,-0.16369116306304932,-0.08030954928807432,-0.03915569186210632,-0.11467123031616211,-0.06727915437630827
R,0.0,0.0,0.0,0.03429558873176575,-0.04150170087814331,-0.05366835995693009,0.04491841793060303,-0.1343809962272644,-0.07502589627284806,0.022992998361587524,-0.21549516916275024,-0.0919901828386287,0.009913533926010132,-0.28506726026535034,-0.10485393806476395,0.0749443769454956,-0.2514454126358032,-0.03173221900243561,0.06789606809616089,-0.3694964051246643,-0.0635095412947635,0.06223094463348389,-0.45009297132492065,-0.085142853400896,0.05116650462150574,-0.5175906121730804,-0.09748500838060181,0.03613582253456116,-0.24993109703063965,-0.026216688296983648,0.056618332862854004,-0.37561535835266113,-0.06798634185571473,0.05701601505279541,-0.4526329040527344,-0.09136122717637818,0.049213677644729614,-0.515229731798172,-0.09749046965617936,-0.006086409091949463,-0.22761327028274536,-0.02740451573509972,-0.021281898021697998,-0.2871254086494446,-0.0905531744577388,-0.017223060131072998,-0.20517146587371826,-0.10150859757442277,-0.011276006698608398,-0.14678066968917847,-0.08757690592784684,-0.046382397413253784,-0.19288623332977295,-0.03182553007383149,-0.05256959795951843,-0.22967076301574707,-0.08358188971061509,-0.04565688967704773,-0.1628444790840149,-0.08509470774907868,-0.038709431886672974,-0.11472183465957642,-0.07180610551614564
R,0.0,0.0,0.0,0.03384312987327576,-0.0406838059425354,-0.05559006151082713,0.04472994804382324,-0.1332763433456421,-0.07783197056772906,0.022698134183883667,-0.21553808450698853,-0.09527406286719042,0.010368883609771729,-0.28568917512893677,-0.10858562033894259,0.0745217502117157,-0.25122523307800293,-0.03422396447780329,0.06913283467292786,-0.3716217279434204,-0.06659604799273211,0.06568488478660583,-0.4536253809928894,-0.08844008486988741,0.056135743856430054,-0.5221118927001953,-0.10077166747572619,0.03600701689720154,-0.24977612495422363,-0.02758501474085051,0.056723564863204956,-0.3742687702178955,-0.07087593715908724,0.055745095014572144,-0.4505629539489746,-0.09497778307917315,0.04582175612449646,-0.5115546882152557,-0.10112281333925921,-0.005856454372406006,-0.22813594341278076,-0.027634697074915948,-0.021529465913772583,-0.2850692868232727,-0.0912627671313544,-0.017759591341018677,-0.2031955122947693,-0.1020778287601729,-0.012084335088729858,-0.14506471157073975,-0.08774223368885714,-0.04575672745704651,-0.1949114203453064,-0.03107298542084891,-0.052647918462753296,-0.23068630695343018,-0.08273633759739596,-0.04602620005607605,-0.16344141960144043,-0.08401557993414599,-0.03910133242607117,-0.11476361751556396,-0.07030035745623309
R,0.0,0.0,0.0,0.033372074365615845,-0.04032331705093384,-0.05570704636124901,0.04438236355781555,-0.1340917944908142,-0.07759525400547318,0.022255688905715942,-0.21620315313339233,-0.09445928555874161,0.008822798728942871,-0.2862589955329895,-0.10717944574503235,0.07550206780433655,-0.25095558166503906,-0.03527462256101899,0.07009926438331604,-0.3715471029281616,-0.06796441000847153,0.06635966897010803,-0.45374685525894165,-0.08988105279354386,0.056739598512649536,-0.5223196148872375,-0.10230967176107697,0.03623771667480469,-0.2500148415565491,-0.028691216902416272,0.05674907565116882,-0.37495142221450806,-0.07222188782839112,0.055536121129989624,-0.4515758156776428,-0.09641428810505204,0.04604259133338928,-0.5131857395172119,-0.10264733952431015,-0.00638049840927124,-0.22809720039367676,-0.028762636305373235,-0.02176302671432495,-0.28563863039016724,-0.0928629390612059,-0.01728755235671997,-0.20265161991119385,-0.10399783176330857,-0.011006325483322144,-0.1440175175666809,-0.08983932954220109,-0.04628214240074158,-0.19394707679748535,-0.032181160123627706,-0.052671462297439575,-0.22931796312332153,-0.08441481512932114,-0.04576560854911804,-0.16220831871032715,-0.08617093187717728,-0.03881356120109558,-0.11441045999526978,-0.07281256240753464
R,0.0,0.0,0.0,0.03375205397605896,-0.03993910551071167,-0.05881985333820694,0.04436624050140381,-0.13274747133255005,-0.08147615251203888,0.02246612310409546,-0.21449792385101318,-0.09837245998045319,0.009823858737945557,-0.2840825915336609,-0.11102835145851486,0.0757095217704773,-0.2504081130027771,-0.03732727152367943,0.06961119174957275,-0.37075096368789673,-0.0698907977070462,0.06562471389770508,-0.4533660411834717,-0.09171557483335846,0.05575001239776611,-0.5216629505157471,-0.10386657771726959,0.036980241537094116,-0.24877047538757324,-0.02885396649202221,0.05770939588546753,-0.374067485332489,-0.07215923127790802,0.05632203817367554,-0.4509142339229584,-0.09629656431337708,0.04630938172340393,-0.511380136013031,-0.1022750293936383,-0.00495380163192749,-0.22668808698654175,-0.027346874224747353,-0.021754533052444458,-0.2814261317253113,-0.09132718351742142,-0.018160849809646606,-0.200455904006958,-0.10345944819113129,-0.011967509984970093,-0.14300155639648438,-0.08973228243252152,-0.04439377784729004,-0.19348245859146118,-0.029387502568567925,-0.05198162794113159,-0.22960352897644043,-0.08109823671242111,-0.0456395149230957,-0.16284090280532837,-0.08312631455322617,-0.03868699073791504,-0.11448752880096436,-0.06995575186869019
R,0.0,0.0,0.0,0.03351053595542908,-0.04093235731124878,-0.057065921684738896,0.0434117317199707,-0.1337682604789734,-0.07922220866942098,0.021562963724136353,-0.2147102952003479,-0.09606674950384786,0.007346302270889282,-0.2846338152885437,-0.10870945345425298,0.0742357075214386,-0.2518196105957031,-0.03490703444742849,0.06669554114341736,-0.369845986366272,-0.0668104727175205,0.06082388758659363,-0.45105302333831787,-0.08844515573048284,0.049379199743270874,-0.5181978940963745,-0.10065701495670965,0.03547599911689758,-0.24952048063278198,-0.02745594162308862,0.056110769510269165,-0.3747357130050659,-0.0695659954454868,0.055896371603012085,-0.45180922746658325,-0.09307053576969793,0.04728567600250244,-0.5134198069572449,-0.09904494028353383,-0.006585121154785156,-0.2264222502708435,-0.026969727909204266,-0.022718340158462524,-0.28363966941833496,-0.09042554985546758,-0.01890668272972107,-0.2028886079788208,-0.10237456004881551,-0.012633204460144043,-0.145565927028656,-0.08889021616244008,-0.04622620344161987,-0.19169670343399048,-0.029910675099131367,-0.05355560779571533,-0.22849303483963013,-0.0818849493172138,-0.04664209485054016,-0.16206544637680054,-0.08409176658653905,-0.03934553265571594,-0.11422580480575562,-0.0712178189661472
R,0.0,0.0,0.0,0.033643901348114014,-0.03994929790496826,-0.05810159613315591,0.04326719045639038,-0.13317447900772095,-0.08072636817519196,0.0211637020111084,-0.21380287408828735,-0.0978192592126561,0.008257567882537842,-0.28269559144973755,-0.11071389709536561,0.07487323880195618,-0.2499714493751526,-0.03723779489223489,0.06737539172172546,-0.36887454986572266,-0.06973968242232331,0.06090083718299866,-0.4498148560523987,-0.09148748760048875,0.04904022812843323,-0.517295628786087,-0.10367722605292329,0.03627419471740723,-0.2487044334411621,-0.028998007820291605,0.057197779417037964,-0.37432318925857544,-0.0711202601057721,0.05722209811210632,-0.4523458182811737,-0.09438449685399064,0.04928514361381531,-0.5148651897907257,-0.10034355317179688,-0.005526185035705566,-0.22688841819763184,-0.027771945865197267,-0.021979838609695435,-0.2842223644256592,-0.09105029498164185,-0.018619835376739502,-0.2035151720046997,-0.10323089902226457,-0.012386202812194824,-0.14487773180007935,-0.09000219945733079,-0.04458710551261902,-0.19351208209991455,-0.030083490358038034,-0.0522209107875824,-0.22888696193695068,-0.08165478502337464,-0.046249598264694214,-0.1635904312133789,-0.08434470538918504,-0.03934696316719055,-0.11581158638000488,-0.0720111036760045
R,0.0,0.0,0.0,0.032635658979415894,-0.03912442922592163,-0.05949212177057461,0.0427609384059906,-0.13223141431808472,-0.08253324343223767,0.0206737220287323,-0.21330595016479492,-0.09981818063516812,0.006727635860443115,-0.2829930782318115,-0.11289006037969784,0.07394137978553772,-0.25022703409194946,-0.03718759803433613,0.06698283553123474,-0.3696020245552063,-0.06970822377462582,0.06134006381034851,-0.450883686542511,-0.09164443923492627,0.04997086524963379,-0.5183288753032684,-0.10397792173881726,0.03557777404785156,-0.2475646734237671,-0.02850061221380429,0.0567534863948822,-0.37284594774246216,-0.07154446406622128,0.056635111570358276,-0.4494689702987671,-0.09583071185608105,0.04799520969390869,-0.5110054612159729,-0.1021598310615559,-0.006165295839309692,-0.22526293992996216,-0.026941174029900594,-0.022031068801879883,-0.28091686964035034,-0.09129473878402905,-0.018704980611801147,-0.1999407410621643,-0.10423399074335293,-0.01270410418510437,-0.14264869689941406,-0.09117819680233197,-0.04523107409477234,-0.1920287013053894,-0.028957869246198698,-0.051936447620391846,-0.2264118790626526,-0.08136171413917737,-0.045662373304367065,-0.15975737571716309,-0.08432114435692029,-0.038842588663101196,-0.11184519529342651,-0.07193956835527615
R,0.0,0.0,0.0,0.03428846597671509,-0.041066646575927734,-0.05612379298224823,0.04389828443527222,-0.13384240865707397,-0.0778911559344806,0.02147921919822693,-0.2142452597618103,-0.09464230374112503,0.00947001576423645,-0.28228604793548584,-0.10724139199271576,0.07410189509391785,-0.2520812749862671,-0.03370951474323647,0.06642720103263855,-0.36957013607025146,-0.06567881987109558,0.05995497107505798,-0.4497091770172119,-0.08719652131810562,0.04840493202209473,-0.5163861215114594,-0.09920398131623642,0.035645991563797,-0.2506641149520874,-0.026590740165261195,0.056625932455062866,-0.3748040795326233,-0.06839743987336533,0.05674430727958679,-0.4517284333705902,-0.09145890162005799,0.04889360070228577,-0.5139377415180206,-0.09709329888835327,-0.00610777735710144,-0.2286495566368103,-0.026468334576634334,-0.021655946969985962,-0.2858191132545471,-0.09020818010583298,-0.018735259771347046,-0.2038099765777588,-0.10219072536244767,-0.012872785329818726,-0.1448429822921753,-0.08853964493289368,-0.04565531015396118,-0.19450944662094116,-0.02968821287765877,-0.05236592888832092,-0.22925716638565063,-0.0822818054319896,-0.04650700092315674,-0.1616918444633484,-0.08482214049115555,-0.039620667695999146,-0.11241459846496582,-0.07190524027362244
R,0.0,0.0,0.0,0.03171396255493164,-0.041115760803222656,-0.0604058228148574,0.04141277074813843,-0.13368380069732666,-0.08404732716218177,0.022232264280319214,-0.21465373039245605,-0.10180910897389595,0.007635772228240967,-0.28608840703964233,-0.11542628181115333,0.07519853115081787,-0.24990630149841309,-0.03671985340253059,0.06771695613861084,-0.36970555782318115,-0.06892571818963233,0.061850547790527344,-0.4511427879333496,-0.090873020113861,0.050708919763565063,-0.5190883874893188,-0.10329509002104942,0.03577703237533569,-0.24776291847229004,-0.027357451961790957,0.05578315258026123,-0.3736817240715027,-0.07073831033841316,0.054731935262680054,-0.44991981983184814,-0.0954305477155799,0.045455217361450195,-0.5105569958686829,-0.10194837522641365,-0.00708964467048645,-0.22617942094802856,-0.02513334375754539,-0.02180612087249756,-0.283311128616333,-0.08974886906281654,-0.01833215355873108,-0.20124924182891846,-0.10237214934960548,-0.01230570673942566,-0.14327991008758545,-0.08914381486312095,-0.04732543230056763,-0.19426274299621582,-0.02657048252359573,-0.052792519330978394,-0.22707456350326538,-0.07948969525233451,-0.04632994532585144,-0.1590331792831421,-0.08240960759059135,-0.039423853158950806,-0.11077314615249634,-0.06991148215666954
R,0.0,0.0,0.0,0.031856924295425415,-0.04002004861831665,-0.05949170665388692,0.040993303060531616,-0.1328166127204895,-0.08342692406421293,0.01972481608390808,-0.21424806118011475,-0.10163275302892316,0.007079988718032837,-0.2844715118408203,-0.11563468874936689,0.07443270087242126,-0.24761629104614258,-0.038902362450414785,0.06749275326728821,-0.3675742745399475,-0.0724394560003816,0.062186986207962036,-0.4491614103317261,-0.09465424121862043,0.05156579613685608,-0.5170979499816895,-0.10711155982261289,0.03535336256027222,-0.2462497353553772,-0.030369497477465757,0.055792003870010376,-0.37132692337036133,-0.07501945795064557,0.05510172247886658,-0.44884729385375977,-0.09974244387393583,0.046533823013305664,-0.5108360052108765,-0.10629221947436918,-0.0072060227394104,-0.22536903619766235,-0.02874089182859052,-0.02185860276222229,-0.28175193071365356,-0.0941873282337724,-0.01866719126701355,-0.1987125277519226,-0.10580224694257367,-0.012419462203979492,-0.14039736986160278,-0.09178456069474805,-0.04721912741661072,-0.19380271434783936,-0.03066795656030763,-0.053412795066833496,-0.22657781839370728,-0.0838462278390466,-0.046792447566986084,-0.15819984674453735,-0.08603389711623777,-0.039271801710128784,-0.11007183790206909,-0.07292393745427717
R,0.0,0.0,0.0,0.0323256254196167,-0.040359437465667725,-0.058651451367211394,0.0412139892578125,-0.13355672359466553,-0.08094092865593439,0.019510895013809204,-0.2139226794242859,-0.09740554948456293,0.002786487340927124,-0.2849014401435852,-0.10980757732994562,0.07386195659637451,-0.24878430366516113,-0.03624128957397943,0.06454998254776001,-0.36424142122268677,-0.06808356602795129,0.05569946765899658,-0.4433438777923584,-0.08963300694830423,0.041975438594818115,-0.5096985101699829,-0.1016819443286181,0.034827083349227905,-0.24729764461517334,-0.02738356438584333,0.05522674322128296,-0.37305426597595215,-0.0675625841797114,0.057257771492004395,-0.45114728808403015,-0.08983064849979883,0.05218711495399475,-0.5142417848110199,-0.09553366561539178,-0.007318943738937378,-0.2252669334411621,-0.025736829611730627,-0.02284538745880127,-0.2830572724342346,-0.08840104599602228,-0.01943385601043701,-0.2029324173927307,-0.10076443513042932,-0.012689024209976196,-0.14564865827560425,-0.08798119087822442,-0.04678204655647278,-0.19190359115600586,-0.027618950578641943,-0.0532679557800293,-0.22661060094833374,-0.07940763642199045,-0.04632014036178589,-0.1605926752090454,-0.0821758921921969,-0.03859791159629822,-0.11326014995574951,-0.07002367486364847
R,0.0,0.0,0.0,0.032247841358184814,-0.04060709476470947,-0.0577950384474093,0.041592031717300415,-0.13341599702835083,-0.08011540584328714,0.01895815134048462,-0.21453142166137695,-0.09695552848342004,0.004881113767623901,-0.28495681285858154,-0.1097185146069819,0.0747675895690918,-0.2494099736213684,-0.035628674552469874,0.06742823123931885,-0.3662715554237366,-0.06786393933060708,0.06090080738067627,-0.4463759660720825,-0.08962943218710961,0.0493026077747345,-0.5131909847259521,-0.10183800570729318,0.03580620884895325,-0.24846172332763672,-0.027536457405119563,0.05610239505767822,-0.3730936646461487,-0.0686915051198298,0.05708581209182739,-0.4509238302707672,-0.0917710270738894,0.05092334747314453,-0.5144647657871246,-0.0978498291230494,-0.006374359130859375,-0.22680920362472534,-0.026515986771016742,-0.021946996450424194,-0.28314709663391113,-0.08984602801564279,-0.018270224332809448,-0.20174956321716309,-0.10211758129361215,-0.011669367551803589,-0.14415103197097778,-0.0890593063092524,-0.046115368604660034,-0.19337910413742065,-0.028949538246422435,-0.05263650417327881,-0.22784703969955444,-0.08086200617316308,-0.04586353898048401,-0.16160231828689575,-0.08339692466023507,-0.03827857971191406,-0.11435478925704956,-0.07092924229863229
R,0.0,0.0,0.0,0.032117605209350586,-0.03964579105377197,-0.06165275092342881,0.04088887572288513,-0.1331850290298462,-0.08570785935143022,0.020134031772613525,-0.21416455507278442,-0.10340970869282273,0.004532068967819214,-0.2864112854003906,-0.11702755953291444,0.07410088181495667,-0.2491161823272705,-0.04007355238417176,0.06730607151985168,-0.36786389350891113,-0.07293833906868485,0.06156906485557556,-0.44881099462509155,-0.09513624872187165,0.050708264112472534,-0.5165265798568726,-0.10771159942368058,0.034639835357666016,-0.24717485904693604,-0.03010199147382764,0.05463549494743347,-0.3714202046394348,-0.07263228411892442,0.05480775237083435,-0.44863858819007874,-0.0965254020235875,0.04727014899253845,-0.5110335052013397,-0.10310255105713395,-0.008067458868026733,-0.2247961163520813,-0.02735753658333806,-0.02278122305870056,-0.28050482273101807,-0.09159789349058656,-0.018831342458724976,-0.20032989978790283,-0.10450871403435258,-0.012256234884262085,-0.1438235640525818,-0.09191268797138719,-0.04763704538345337,-0.19203734397888184,-0.028327911376152315,-0.05350026488304138,-0.2249329686164856,-0.08117734010437516,-0.04624617099761963,-0.15883970260620117,-0.08448407913664369,-0.038680821657180786,-0.11198902130126953,-0.07259547080019502
R,0.0,0.0,0.0,0.03250694274902344,-0.03969687223434448,-0.05991621086440091,0.041830241680145264,-0.1323007345199585,-0.0833314485295773,0.020338505506515503,-0.21328097581863403,-0.10078254113039975,0.00541338324546814,-0.2841942310333252,-0.11426716813883786,0.07585471868515015,-0.2485678791999817,-0.0387523002370358,0.06935524940490723,-0.36749380826950073,-0.07154918978056912,0.06419891119003296,-0.4488237202167511,-0.0937873623713017,0.05371958017349243,-0.516602486371994,-0.10627919951519971,0.03651222586631775,-0.24699342250823975,-0.029646556396698998,0.056406259536743164,-0.3706486225128174,-0.07202756920895581,0.055419325828552246,-0.4477526843547821,-0.0959749273403645,0.04677620530128479,-0.5098643898963928,-0.10241991052470212,-0.006002277135848999,-0.225047767162323,-0.027587882746672676,-0.021173059940338135,-0.2797697186470032,-0.091415931974268,-0.01777017116546631,-0.19999629259109497,-0.10423311362109189,-0.011733382940292358,-0.14307421445846558,-0.09146117935023312,-0.04571118950843811,-0.1921263337135315,-0.029111446385002182,-0.0515972375869751,-0.2262243628501892,-0.08127433577618604,-0.04496845602989197,-0.1599523425102234,-0.08396591017088895,-0.037975430488586426,-0.11160951852798462,-0.0715051717504025
R,0.0,0.0,0.0,0.03204205632209778,-0.04057300090789795,-0.06099492905190118,0.04121208190917969,-0.13281017541885376,-0.08387963322451242,0.0208340585231781,-0.21346819400787354,-0.10040604916861184,0.003785461187362671,-0.28442007303237915,-0.11292651889374383,0.0742441713809967,-0.24914830923080444,-0.03763147664716371,0.06583747267723083,-0.36597275733947754,-0.06911379692604669,0.05809107422828674,-0.44603610038757324,-0.09080539492418893,0.04488363862037659,-0.5128103494644165,-0.10293486563017495,0.03506961464881897,-0.2469956874847412,-0.027273429906870206,0.05602946877479553,-0.37017953395843506,-0.0682440086965812,0.056644827127456665,-0.44776079058647156,-0.09162495133926996,0.04909569025039673,-0.5100375413894653,-0.09775576589157708,-0.007085144519805908,-0.22440123558044434,-0.02416525071015485,-0.02278798818588257,-0.2779509425163269,-0.0869011416797889,-0.01949933171272278,-0.19948208332061768,-0.10020340082695611,-0.012733548879623413,-0.14365899562835693,-0.08784603921225198,-0.04629582166671753,-0.19125425815582275,-0.024734130478407224,-0.052993565797805786,-0.2254275679588318,-0.07636897859623559,-0.046279340982437134,-0.15946972370147705,-0.07938906399061807,-0.03861421346664429,-0.11174052953720093,-0.06723317352583535
R,0.0,0.0,0.0,0.03255075216293335,-0.040683865547180176,-0.05644590060853716,0.04260444641113281,-0.1344265341758728,-0.07770966019177195,0.020641326904296875,-0.21505194902420044,-0.09375359143757578,0.007073402404785156,-0.28490912914276123,-0.10580849673294779,0.0765683650970459,-0.2508035898208618,-0.03281153019213434,0.06928139925003052,-0.36758530139923096,-0.0639364125921702,0.0631902813911438,-0.44779616594314575,-0.08551424022459742,0.05170750617980957,-0.5145935714244843,-0.09778346147083994,0.03699508309364319,-0.2491874098777771,-0.025235247124669513,0.0568242073059082,-0.37175607681274414,-0.06636118169569727,0.05559659004211426,-0.44786226749420166,-0.09012379523062464,0.0464138388633728,-0.5102501213550568,-0.09645964976095911,-0.00529816746711731,-0.22678875923156738,-0.02458436067843195,-0.020652294158935547,-0.2826688885688782,-0.08751513834738489,-0.017346501350402832,-0.2028457522392273,-0.10053359742903467,-0.011452049016952515,-0.14609277248382568,-0.08797138955139872,-0.045063555240631104,-0.19262051582336426,-0.027294812981722316,-0.051650404930114746,-0.2270098328590393,-0.07926539357447382,-0.04497978091239929,-0.1614566445350647,-0.08227156128430124,-0.03774935007095337,-0.11404138803482056,-0.06999880846285578
R,0.0,0.0,0.0,0.033583253622055054,-0.04047048091888428,-0.056169432205251724,0.043597280979156494,-0.1332765817642212,-0.07796405683188823,0.02148592472076416,-0.21412283182144165,-0.09476910213857082,0.010087907314300537,-0.2836216688156128,-0.1074620230021992,0.07562631368637085,-0.2503349781036377,-0.03367485533385661,0.06941962242126465,-0.3680436611175537,-0.06552112529902843,0.06429249048233032,-0.4492729902267456,-0.08726779798894313,0.053527116775512695,-0.5165139734745026,-0.09965696613221553,0.036908090114593506,-0.2486448884010315,-0.026729951229981452,0.05821627378463745,-0.3719756603240967,-0.0688890335979977,0.05785238742828369,-0.4492485523223877,-0.09297109822659877,0.049100637435913086,-0.512075811624527,-0.09944904277949718,-0.005081206560134888,-0.22642391920089722,-0.026658760932377845,-0.02052566409111023,-0.28430455923080444,-0.0904998151484051,-0.017655372619628906,-0.20262664556503296,-0.10292064080863383,-0.01201695203781128,-0.1443212628364563,-0.08970018158584026,-0.04474383592605591,-0.19227510690689087,-0.029924529221943885,-0.05210590362548828,-0.22824841737747192,-0.08235181550412563,-0.04614222049713135,-0.16253113746643066,-0.08506170342593578,-0.03926628828048706,-0.11493778228759766,-0.07247867117553142
R,0.0,0.0,0.0,0.03286713361740112,-0.04147821664810181,-0.057002892348918976,0.0422588586807251,-0.1350555419921875,-0.07835054174438483,0.02091863751411438,-0.2151849865913391,-0.09437149539962775,0.007684201002120972,-0.2856011390686035,-0.1063424848057366,0.07476416230201721,-0.2515738010406494,-0.03312779367342955,0.06665077805519104,-0.3673919439315796,-0.06396378353610999,0.05945006012916565,-0.44725674390792847,-0.08532638624683386,0.04715558886528015,-0.513897567987442,-0.09761343673244482,0.035810768604278564,-0.24943774938583374,-0.025269997868690552,0.056684285402297974,-0.3730306625366211,-0.06524036601558691,0.057170718908309937,-0.4502074122428894,-0.08836367503181464,0.049896568059921265,-0.5136018097400665,-0.0948172487355805,-0.0063874125480651855,-0.22644537687301636,-0.024507198113951745,-0.02182978391647339,-0.2855159640312195,-0.08717148527875906,-0.018857717514038086,-0.2051306962966919,-0.10038907602802283,-0.012748569250106812,-0.14761769771575928,-0.08827204034105307,-0.046116143465042114,-0.19161885976791382,-0.02712738477066523,-0.053417980670928955,-0.22714942693710327,-0.07940269783512122,-0.04684141278266907,-0.1619766354560852,-0.08305832520500189,-0.039186686277389526,-0.11498087644577026,-0.0715275086499787
R,0.0,0.0,0.0,0.03423738479614258,-0.041806817054748535,-0.055463909194997996,0.04358622431755066,-0.134163498878479,-0.07708299814277098,0.021084606647491455,-0.215060293674469,-0.09395654408746168,0.011525362730026245,-0.2838957905769348,-0.10672370998673841,0.07499158382415771,-0.25127530097961426,-0.03223834468536779,0.06763935089111328,-0.36761385202407837,-0.06375962405019209,0.061347365379333496,-0.4474216103553772,-0.08511797992997572,0.05003395676612854,-0.5139519572257996,-0.09713258503489897,0.036374300718307495,-0.24962663650512695,-0.025490568042926043,0.057507872581481934,-0.37341439723968506,-0.06588727890067503,0.058411240577697754,-0.45143184065818787,-0.0885318881135504,0.05178195238113403,-0.5160524845123291,-0.09444593547397062,-0.005298405885696411,-0.22721713781356812,-0.025787801505259722,-0.02131563425064087,-0.2841801047325134,-0.0887980526547949,-0.018719762563705444,-0.2031407356262207,-0.1007764628391783,-0.012665092945098877,-0.1455424427986145,-0.08748450039439604,-0.04512578248977661,-0.1927151083946228,-0.029385712952546328,-0.0527079701423645,-0.22916334867477417,-0.08112877516560957,-0.046981602907180786,-0.16283869743347168,-0.08334202973657057,-0.03986644744873047,-0.11493366956710815,-0.0705936094980757
R,0.0,0.0,0.0,0.032953858375549316,-0.041047751903533936,-0.05826787777687059,0.04162135720252991,-0.13295620679855347,-0.08087404944444643,0.02069106698036194,-0.21316075325012207,-0.0978920174434279,0.010704606771469116,-0.28213316202163696,-0.11064455785299288,0.07385912537574768,-0.24827569723129272,-0.036306375046024186,0.0655914843082428,-0.36649733781814575,-0.06840725370193468,0.05846944451332092,-0.44645053148269653,-0.08962265529180513,0.04633811116218567,-0.513118326663971,-0.10121849306369768,0.0357205867767334,-0.24602943658828735,-0.027632122267732484,0.056850165128707886,-0.3707476258277893,-0.06885440029645906,0.057309120893478394,-0.44955843687057495,-0.09131458528781877,0.05010989308357239,-0.5137993097305298,-0.09678458549524294,-0.005546391010284424,-0.22396469116210938,-0.026117909108052118,-0.022672057151794434,-0.2794609069824219,-0.08954324700380312,-0.02031731605529785,-0.1990852952003479,-0.10181877889181123,-0.013794511556625366,-0.1417100429534912,-0.08849095680261598,-0.044463396072387695,-0.19132113456726074,-0.028064406816611154,-0.05322393774986267,-0.22540628910064697,-0.07982164003396974,-0.04773646593093872,-0.15951788425445557,-0.08231803901935564,-0.04020765423774719,-0.11207246780395508,-0.06970035411859499
R,0.0,0.0,0.0,0.03506803512573242,-0.041237473487854004,-0.057479836473930845,0.04334649443626404,-0.13260895013809204,-0.07969939006375171,0.021079987287521362,-0.21266013383865356,-0.09665446771191455,0.010423451662063599,-0.28167855739593506,-0.10933230860041476,0.07362264394760132,-0.24912548065185547,-0.03398034391807414,0.06466454267501831,-0.3656822443008423,-0.065901354382504,0.05630481243133545,-0.44503253698349,-0.0874310065607915,0.04230967164039612,-0.5109175145626068,-0.09927856219815112,0.03527793288230896,-0.2472689151763916,-0.02614648124085761,0.05708092451095581,-0.3731120824813843,-0.06657436532782413,0.05856013298034668,-0.4521782398223877,-0.08900009883450366,0.051842302083969116,-0.5157620310783386,-0.09446126265333987,-0.006186038255691528,-0.22473764419555664,-0.02564241221057273,-0.022210389375686646,-0.28074538707733154,-0.08866205109166003,-0.019462525844573975,-0.20036756992340088,-0.10104902876423694,-0.013045579195022583,-0.14337730407714844,-0.08777891887234546,-0.045787155628204346,-0.19053947925567627,-0.028578110466469298,-0.05289134383201599,-0.22736221551895142,-0.08022704763220645,-0.046916842460632324,-0.16064244508743286,-0.08248382849501468,-0.039507925510406494,-0.11240148544311523,-0.06969559235380984
R,0.0,0.0,0.0,0.033560484647750854,-0.04285728931427002,-0.05747991005659969,0.04213672876358032,-0.13629072904586792,-0.07915328765989216,0.019669383764266968,-0.21646833419799805,-0.09553025240779789,0.007263779640197754,-0.2858772873878479,-0.10761066849113377,0.0740014910697937,-0.25174063444137573,-0.03238462607146175,0.06405216455459595,-0.36730265617370605,-0.06330388362289341,0.05519050359725952,-0.44595444202423096,-0.08429842020154865,0.04196542501449585,-0.5118095278739929,-0.09607583607316883,0.035082459449768066,-0.24923360347747803,-0.02422193015695484,0.0553135871887207,-0.3750789761543274,-0.06332211519361408,0.05736827850341797,-0.45434829592704773,-0.0853126453864661,0.0527951717376709,-0.5191074013710022,-0.09108273262859257,-0.007035374641418457,-0.2261675000190735,-0.023493149753221587,-0.023029208183288574,-0.28528058528900146,-0.08640625650764377,-0.02043744921684265,-0.20401936769485474,-0.09932026589990528,-0.01371079683303833,-0.1460985541343689,-0.08675510014177235,-0.04692980647087097,-0.19163721799850464,-0.026165820162304954,-0.0546019971370697,-0.22766518592834473,-0.07847929323793323,-0.04843825101852417,-0.16141128540039062,-0.08184633726955326,-0.04052734375,-0.11427217721939087,-0.07008983517766865
R,0.0,0.0,0.0,0.03362646698951721,-0.04283428192138672,-0.05739161365431755,0.042689353227615356,-0.1368999481201172,-0.07880470149916619,0.020983368158340454,-0.21776843070983887,-0.09479655318659752,0.008792191743850708,-0.28713059425354004,-0.10648718469542473,0.07493293285369873,-0.25162291526794434,-0.0327141582290551,0.0653422474861145,-0.3677085041999817,-0.06384885304373711,0.05703771114349365,-0.446521520614624,-0.08489132665795296,0.04414978623390198,-0.512645810842514,-0.09654727571410149,0.036253929138183594,-0.25015783309936523,-0.02448543526929825,0.05719679594039917,-0.3767625689506531,-0.06401936703127831,0.05877727270126343,-0.4556811451911926,-0.08600276701849907,0.05314689874649048,-0.5193242132663727,-0.0914316847245118,-0.005710393190383911,-0.22808122634887695,-0.023611947826566393,-0.02276897430419922,-0.2865365743637085,-0.08647776388329476,-0.019757628440856934,-0.2050279974937439,-0.09887737028998345,-0.012721270322799683,-0.14701318740844727,-0.08575776957673042,-0.04571312665939331,-0.19451689720153809,-0.026147948510470087,-0.053642868995666504,-0.23107701539993286,-0.07802046083611458,-0.047195106744766235,-0.16402679681777954,-0.08056482665938347,-0.038979947566986084,-0.11592626571655273,-0.06805195652646034
R,0.0,0.0,0.0,0.03270232677459717,-0.043772339820861816,-0.05699265648780738,0.04192477464675903,-0.13775914907455444,-0.07813801516948615,0.020152509212493896,-0.2189096212387085,-0.09400701423345481,0.007516086101531982,-0.28837209939956665,-0.10550694068132316,0.07369035482406616,-0.25376415252685547,-0.03103905257938777,0.06422579288482666,-0.36954039335250854,-0.06157961388288413,0.05589616298675537,-0.448208749294281,-0.08252669026313697,0.04288417100906372,-0.5141961574554443,-0.09445202251134788,0.034813106060028076,-0.2517714500427246,-0.023193695518955337,0.05546015501022339,-0.37786930799484253,-0.062470695871695625,0.05691254138946533,-0.45560207962989807,-0.08481285621581947,0.05109497904777527,-0.5190128982067108,-0.09069643070159827,-0.007457524538040161,-0.22867310047149658,-0.022713466483935463,-0.024194419384002686,-0.28845101594924927,-0.08569042285142814,-0.02082708477973938,-0.20626229047775269,-0.09851717849431907,-0.013613313436508179,-0.14855194091796875,-0.08587796141563331,-0.047669798135757446,-0.19364970922470093,-0.025624477241024124,-0.05555945634841919,-0.2293630838394165,-0.07834248145280753,-0.04829072952270508,-0.16255903244018555,-0.08184090157209312,-0.03941330313682556,-0.11575424671173096,-0.07006492366252814
R,0.0,0.0,0.0,0.032508522272109985,-0.04301732778549194,-0.05570269115509063,0.04151102900505066,-0.1379111409187317,-0.07720087208093673,0.019542932510375977,-0.2186882495880127,-0.09369966127218277,0.005825012922286987,-0.28893351554870605,-0.10599585362018615,0.07193237543106079,-0.25386643409729004,-0.03379956372322113,0.06197255849838257,-0.3691122531890869,-0.06520476676763565,0.052638620138168335,-0.4471680521965027,-0.08632725216688186,0.03955647349357605,-0.5136291682720184,-0.09845600016654998,0.03332632780075073,-0.2526038885116577,-0.026861609148397747,0.05356821417808533,-0.37953126430511475,-0.06600175537408859,0.05675917863845825,-0.45911189913749695,-0.08782816417755157,0.05375528335571289,-0.5255240797996521,-0.09406836815418274,-0.008881926536560059,-0.22991317510604858,-0.026968426259770695,-0.024548709392547607,-0.29233312606811523,-0.08931682743371994,-0.020196139812469482,-0.20959585905075073,-0.10114293284954101,-0.012855052947998047,-0.15007120370864868,-0.0885285411054042,-0.048613131046295166,-0.19487887620925903,-0.030419062080397907,-0.05597618222236633,-0.23154884576797485,-0.08240914084257156,-0.04879841208457947,-0.16574466228485107,-0.0853471953445819,-0.04079234600067139,-0.11887383460998535,-0.0736822161847499
R,0.0,0.0,0.0,0.033084601163864136,-0.041636526584625244,-0.057648337931311744,0.04213714599609375,-0.13588374853134155,-0.07947080910292925,0.02171596884727478,-0.21749240159988403,-0.09585114151326479,0.010932952165603638,-0.28807032108306885,-0.10783700227824511,0.0738070011138916,-0.2530263066291809,-0.03295177549210848,0.06199854612350464,-0.3665008544921875,-0.0640290263303882,0.05078741908073425,-0.44392508268356323,-0.08496360808698,0.035875529050827026,-0.5100095272064209,-0.09675715446559252,0.03500640392303467,-0.25269192457199097,-0.024451076538241523,0.05568230152130127,-0.3816366195678711,-0.06336529880849184,0.05902063846588135,-0.4607732594013214,-0.08480874031869234,0.05593430995941162,-0.5248940587043762,-0.09024754494515719,-0.007340550422668457,-0.2311081886291504,-0.02330553300765814,-0.023332536220550537,-0.293002188205719,-0.08585718602029146,-0.02035614848136902,-0.21066248416900635,-0.09792273819533648,-0.013604223728179932,-0.15052366256713867,-0.08490962117997469,-0.04754725098609924,-0.19769704341888428,-0.025632822439945357,-0.0547216534614563,-0.2327478528022766,-0.07770303219643893,-0.04793065786361694,-0.16560697555541992,-0.08066939890471758,-0.03967610001564026,-0.11708861589431763,-0.06863582462159457
R,0.0,0.0,0.0,0.03324660658836365,-0.04178154468536377,-0.05754389113076286,0.042618900537490845,-0.13649821281433105,-0.07943785062320785,0.019914567470550537,-0.2188851237297058,-0.09605173638351516,0.007582634687423706,-0.2898273468017578,-0.10829426219947891,0.07299765944480896,-0.2548474669456482,-0.03318951150663452,0.06382033228874207,-0.37092530727386475,-0.06449664255865173,0.055765777826309204,-0.44995278120040894,-0.08583246788271026,0.04334142804145813,-0.5169214010238647,-0.09806080034263687,0.034340858459472656,-0.2541664242744446,-0.025334587900715633,0.055688053369522095,-0.3812832236289978,-0.06512785574682312,0.05775347352027893,-0.45901885628700256,-0.08746308705099182,0.05241537094116211,-0.5222562253475189,-0.0934278654146965,-0.00783151388168335,-0.2319837212562561,-0.024777861892061992,-0.023806244134902954,-0.29361385107040405,-0.087777039616185,-0.02015906572341919,-0.2105555534362793,-0.1001884775448616,-0.013221323490142822,-0.1506289839744568,-0.08740581443794326,-0.04803052544593811,-0.197382390499115,-0.027725250108915134,-0.05511382222175598,-0.23378711938858032,-0.08032979687936859,-0.04810816049575806,-0.16675937175750732,-0.08368560543544845,-0.0398615300655365,-0.11873823404312134,-0.0719042631078537
R,0.0,0.0,0.0,0.03260701894760132,-0.04265564680099487,-0.05520457378457877,0.04277622699737549,-0.13610351085662842,-0.07583694509099814,0.021912097930908203,-0.21763354539871216,-0.0915729885442147,0.009644299745559692,-0.28740257024765015,-0.10301237157415244,0.07415145635604858,-0.25460487604141235,-0.029449946944225758,0.0631551742553711,-0.3687693476676941,-0.05949096358250472,0.05326300859451294,-0.44664645195007324,-0.08006000867914054,0.03987357020378113,-0.5127022564411163,-0.0917514895541558,0.03505444526672363,-0.2540934681892395,-0.022127751026857823,0.05546385049819946,-0.3817381262779236,-0.0601301824195275,0.05853945016860962,-0.45970678329467773,-0.0815852393848786,0.05535992980003357,-0.5232588350772858,-0.08714270195793006,-0.007663130760192871,-0.23198610544204712,-0.02198952971826884,-0.02307838201522827,-0.29340386390686035,-0.08387158415149543,-0.019796222448349,-0.21066129207611084,-0.09599013230632636,-0.013169437646865845,-0.15091294050216675,-0.08316508284639212,-0.04814860224723816,-0.19731265306472778,-0.0251207051319966,-0.05442127585411072,-0.23288744688034058,-0.07690281770061347,-0.047255247831344604,-0.16521412134170532,-0.079697023843039,-0.03908398747444153,-0.1166035532951355,-0.06752252927850577
R,0.0,0.0,0.0,0.032589495182037354,-0.042799532413482666,-0.05666090144057989,0.04199230670928955,-0.13698220252990723,-0.07800422577400923,0.01981794834136963,-0.21918493509292603,-0.09409856764813185,0.007088959217071533,-0.29111528396606445,-0.10605277089615583,0.07272818684577942,-0.25608575344085693,-0.0326481458379817,0.06442323327064514,-0.37287598848342896,-0.0636457574202609,0.057629019021987915,-0.45243582129478455,-0.08484408972998381,0.046692728996276855,-0.5195633172988892,-0.09690856902142286,0.03371596336364746,-0.2552948594093323,-0.02492650008042574,0.054163217544555664,-0.38144582509994507,-0.06405031649609327,0.055134326219558716,-0.45743635296821594,-0.08621052621145964,0.04924982786178589,-0.5192547738552094,-0.09211230991621733,-0.008696198463439941,-0.23288941383361816,-0.024323839379746914,-0.02471509575843811,-0.2934163212776184,-0.08664696632166624,-0.021198898553848267,-0.2111297845840454,-0.09897413073321104,-0.014450371265411377,-0.15231895446777344,-0.08637452839155912,-0.04887944459915161,-0.19780385494232178,-0.027091120986540318,-0.05609813332557678,-0.23424410820007324,-0.07919671355028868,-0.04862213134765625,-0.16692930459976196,-0.08207958160181761,-0.040010005235672,-0.1184612512588501,-0.06994906036396742
R,0.0,0.0,0.0,0.032850563526153564,-0.045851051807403564,-0.0585707109906366,0.04134830832481384,-0.13958889245986938,-0.0797240045406511,0.019228994846343994,-0.22200417518615723,-0.0953238141276529,0.004835039377212524,-0.29470258951187134,-0.10661064651986862,0.0719873309135437,-0.25845402479171753,-0.02917659101268555,0.06120431423187256,-0.3728507161140442,-0.05835752380272652,0.051610976457595825,-0.4517185091972351,-0.0788333993889978,0.03816518187522888,-0.5173825621604919,-0.09042375353357102,0.03214713931083679,-0.2557670474052429,-0.020060351166932833,0.051306337118148804,-0.38381022214889526,-0.05745470342418457,0.05380749702453613,-0.46139097213745117,-0.07943680701038147,0.04995390772819519,-0.5233902931213379,-0.08519058493158127,-0.010882645845413208,-0.23132753372192383,-0.01858025421580578,-0.0263633131980896,-0.2900702953338623,-0.08078997400781418,-0.021934211254119873,-0.20852023363113403,-0.09441932854434754,-0.014799773693084717,-0.15062999725341797,-0.08232392934343125,-0.05175146460533142,-0.19564050436019897,-0.020545888740628016,-0.05744218826293945,-0.23417168855667114,-0.07260924396297241,-0.04991239309310913,-0.16651535034179688,-0.07590478477260376,-0.041958898305892944,-0.11801892518997192,-0.06402345565339829
R,0.0,0.0,0.0,0.03359636664390564,-0.04366821050643921,-0.05601544564495953,0.04235228896141052,-0.13737112283706665,-0.07680490499268444,0.018391847610473633,-0.21925616264343262,-0.09259140377770336,0.005968004465103149,-0.2899931073188782,-0.10403123384247692,0.07244294881820679,-0.2571430802345276,-0.0300304002864209,0.061926305294036865,-0.3710508942604065,-0.060247729326590616,0.05224773287773132,-0.44910040497779846,-0.08108359461556347,0.038665562868118286,-0.5149039626121521,-0.09298577790985973,0.0331440269947052,-0.25635993480682373,-0.022591973449095804,0.0533909797668457,-0.38228839635849,-0.061040579135521966,0.05446898937225342,-0.4595417082309723,-0.08284760152827175,0.04881349205970764,-0.5220004320144653,-0.0885499257398692,-0.00936099886894226,-0.23339325189590454,-0.022464929874047357,-0.02569451928138733,-0.2943900227546692,-0.08485568201075466,-0.02155935764312744,-0.21112549304962158,-0.09743289535771282,-0.014495670795440674,-0.15093421936035156,-0.0847756702257243,-0.049395740032196045,-0.1975981593132019,-0.025672809015020448,-0.05626481771469116,-0.2346290946006775,-0.07813767975102337,-0.04870706796646118,-0.1670793890953064,-0.08142804240713986,-0.04027724266052246,-0.1183464527130127,-0.06947871183882626
R,0.0,0.0,0.0,0.03390979766845703,-0.0428774356842041,-0.056110107066615456,0.04225599765777588,-0.13670998811721802,-0.07708536899326646,0.018068969249725342,-0.21837037801742554,-0.09313311493633591,0.006016761064529419,-0.28808242082595825,-0.10491766846416795,0.07159203290939331,-0.2558431029319763,-0.030884503113611572,0.061115145683288574,-0.3699738383293152,-0.06150098583339059,0.05152961611747742,-0.44771331548690796,-0.08238507127998673,0.0380171537399292,-0.5135782063007355,-0.09423410958288514,0.03313189744949341,-0.25490009784698486,-0.023463661509140366,0.05412605404853821,-0.38074958324432373,-0.06236930257318818,0.055796027183532715,-0.4588030278682709,-0.0843133411431154,0.05060812830924988,-0.5225842297077179,-0.09008006817339265,-0.00871288776397705,-0.23224055767059326,-0.023324009689076775,-0.02584215998649597,-0.2927408218383789,-0.08631448513506257,-0.022348374128341675,-0.20960861444473267,-0.0990651927018007,-0.01509559154510498,-0.14902228116989136,-0.08632193571565949,-0.04842677712440491,-0.19688695669174194,-0.026489256607874268,-0.05664202570915222,-0.23349285125732422,-0.0792401365065416,-0.04968982934951782,-0.16578572988510132,-0.08251848882673585,-0.04121711850166321,-0.11627960205078125,-0.07045827871797883
R,0.0,0.0,0.0,0.03329548239707947,-0.04484611749649048,-0.05590080271008446,0.041915565729141235,-0.13912701606750488,-0.07652666593435242,0.018049955368041992,-0.22014600038528442,-0.09220770175102189,0.004135847091674805,-0.2903629541397095,-0.10378026390912964,0.07258144021034241,-0.2567039132118225,-0.029809815683393026,0.062121182680130005,-0.37020862102508545,-0.060106048234729315,0.052432745695114136,-0.44783294200897217,-0.08124542410018876,0.03903907537460327,-0.5135276019573212,-0.09338295633438065,0.03319895267486572,-0.2549748420715332,-0.02243968831839993,0.05290019512176514,-0.38106417655944824,-0.0609709824109359,0.054168254137039185,-0.45834484696388245,-0.0833650919282718,0.049178481101989746,-0.5214940011501312,-0.08959566230419114,-0.009462207555770874,-0.23146885633468628,-0.022336643063454176,-0.025966793298721313,-0.2923048138618469,-0.08490117812993958,-0.021669000387191772,-0.20942288637161255,-0.0981871726596637,-0.014019191265106201,-0.14962464570999146,-0.08614771241786912,-0.04974651336669922,-0.19553089141845703,-0.025527337440280462,-0.05700576305389404,-0.23240673542022705,-0.07803542340639069,-0.04942479729652405,-0.16501009464263916,-0.08161378825548127,-0.04048153758049011,-0.11667686700820923,-0.07005348230245545
R,0.0,0.0,0.0,0.03327307105064392,-0.04461050033569336,-0.055941371744438584,0.041910409927368164,-0.13886678218841553,-0.07670763370947498,0.0180203914642334,-0.21994644403457642,-0.09254080293135303,0.004231899976730347,-0.29018402099609375,-0.10426730153517383,0.07245132327079773,-0.2565443515777588,-0.03021319819049495,0.062121301889419556,-0.3702348470687866,-0.06065597993688243,0.05253830552101135,-0.44802409410476685,-0.08182551947788852,0.03924909234046936,-0.513782262802124,-0.09397745368437427,0.033194929361343384,-0.2548535466194153,-0.022880953302546914,0.05301541090011597,-0.38069021701812744,-0.061629580831095154,0.05424702167510986,-0.45808058977127075,-0.08406266061024326,0.049161314964294434,-0.5213426351547241,-0.09030233559565204,-0.009359627962112427,-0.23139798641204834,-0.022798577820822175,-0.025910526514053345,-0.2921265959739685,-0.08551982281164783,-0.021677345037460327,-0.20917236804962158,-0.09874766555981296,-0.014103680849075317,-0.14919477701187134,-0.0866316058989014,-0.049568623304367065,-0.1955183744430542,-0.026009437194034035,-0.05701953172683716,-0.23232239484786987,-0.07859905300097125,-0.04954260587692261,-0.16505765914916992,-0.08215778557018893,-0.04071250557899475,-0.11667239665985107,-0.07055496660427707
R,0.0,0.0,0.0,0.03340470790863037,-0.04347306489944458,-0.05673136138938162,0.04160594940185547,-0.13662385940551758,-0.07801666805170271,0.018508583307266235,-0.21665680408477783,-0.09429696151636335,0.006076246500015259,-0.2875840663909912,-0.10646839389227125,0.07216382026672363,-0.25486135482788086,-0.030856919899804325,0.0616534948348999,-0.36841338872909546,-0.061274930328352184,0.0519101619720459,-0.4457700848579407,-0.08228046396396849,0.038608670234680176,-0.5113443732261658,-0.0942702064814398,0.032967180013656616,-0.2528865933418274,-0.023187446832878322,0.05300435423851013,-0.37911176681518555,-0.0617745513620207,0.054506540298461914,-0.45665860176086426,-0.08405666002653334,0.04967451095581055,-0.5200837254524231,-0.09024617770336363,-0.00950533151626587,-0.22971028089523315,-0.022880712017638416,-0.025574147701263428,-0.28983181715011597,-0.08583357879541609,-0.021552979946136475,-0.20694512128829956,-0.09929776886127684,-0.014200568199157715,-0.14707887172698975,-0.08730436065815184,-0.04954037070274353,-0.19446825981140137,-0.025894203648192615,-0.0567660927772522,-0.23087292909622192,-0.07868071594856474,-0.049375444650650024,-0.16297823190689087,-0.08235806921146605,-0.04068964719772339,-0.11383438110351562,-0.07085565426967833
R,0.0,0.0,0.0,0.033447265625,-0.04276072978973389,-0.05713169353782632,0.041277676820755005,-0.13611435890197754,-0.07870157512604692,0.017819464206695557,-0.21590697765350342,-0.09521080258070924,0.005717426538467407,-0.2858077883720398,-0.10763634445845582,0.07176709175109863,-0.2537458539009094,-0.03206375318347909,0.06146037578582764,-0.36686044931411743,-0.06307188871085145,0.051586538553237915,-0.44392603635787964,-0.08446057590424516,0.03797030448913574,-0.5093033015727997,-0.09670858534752824,0.032677263021469116,-0.25204044580459595,-0.024353575732106947,0.05301132798194885,-0.3772326707839966,-0.0634188622492502,0.05458712577819824,-0.4553285837173462,-0.08581643256127336,0.049823880195617676,-0.5197426378726959,-0.09209584149300554,-0.009612888097763062,-0.2288910150527954,-0.024056612353319906,-0.02580130100250244,-0.2885047197341919,-0.08732358070790269,-0.02190592885017395,-0.2053217887878418,-0.10080841633259752,-0.014384299516677856,-0.14534765481948853,-0.08876794281184175,-0.04938855767250061,-0.19340872764587402,-0.027133009235853933,-0.05689287185668945,-0.2296474575996399,-0.0801698684948633,-0.049769848585128784,-0.16207349300384521,-0.08403522225796678,-0.04117339849472046,-0.11332887411117554,-0.07265539916932084
R,0.0,0.0,0.0,0.03367188572883606,-0.04272192716598511,-0.05694232362554885,0.04170924425125122,-0.13619929552078247,-0.07841066870139457,0.018797069787979126,-0.2166004180908203,-0.09468486014054633,0.006798088550567627,-0.28661781549453735,-0.10686491283820487,0.07192876935005188,-0.2526405453681946,-0.03254427614854194,0.061208873987197876,-0.3650165796279907,-0.06370730552123405,0.05092558264732361,-0.44160059094429016,-0.08484570536063529,0.03663158416748047,-0.5068808794021606,-0.09672433736966468,0.033389270305633545,-0.251598060131073,-0.024603778899177087,0.054131269454956055,-0.3773556351661682,-0.06328700336860038,0.05643311142921448,-0.45544594526290894,-0.08473367098019935,0.05184578895568848,-0.5197211802005768,-0.0902756512467704,-0.008255153894424438,-0.2294694185256958,-0.02406702603445865,-0.024797111749649048,-0.2883012890815735,-0.08672918233321525,-0.02128767967224121,-0.20622694492340088,-0.09949513378785468,-0.014051198959350586,-0.1471593976020813,-0.08701944205211021,-0.047786176204681396,-0.1954340934753418,-0.0269176330720029,-0.055510103702545166,-0.23008227348327637,-0.07934058311627723,-0.048669666051864624,-0.16259896755218506,-0.08272527757333137,-0.04031440615653992,-0.11385250091552734,-0.07100138667271949
R,0.0,0.0,0.0,0.033122628927230835,-0.04327934980392456,-0.05675080929546539,0.040611326694488525,-0.1365174651145935,-0.07843378324656669,0.017808079719543457,-0.216994047164917,-0.09517709304242317,0.006923377513885498,-0.2870279550552368,-0.10788243402390663,0.07097518444061279,-0.25352907180786133,-0.03227625925688926,0.06084316968917847,-0.36597633361816406,-0.06369929899125282,0.05140268802642822,-0.44313639402389526,-0.08510663498788062,0.03800925612449646,-0.5084209740161896,-0.09719319780020896,0.0324711799621582,-0.25225985050201416,-0.024625949083258547,0.05317777395248413,-0.3772319555282593,-0.06378428031354133,0.05569225549697876,-0.4555791914463043,-0.08572217215447608,0.051369547843933105,-0.5204054713249207,-0.09158654649405662,-0.009202897548675537,-0.22970044612884521,-0.024361688165356554,-0.02555873990058899,-0.28848594427108765,-0.08733441819100562,-0.021676480770111084,-0.20649820566177368,-0.10022123296408836,-0.014371246099472046,-0.14712947607040405,-0.08773489434867088,-0.04884350299835205,-0.19509673118591309,-0.027477500481893458,-0.05638924241065979,-0.23083269596099854,-0.07983360577969734,-0.04934495687484741,-0.16440433263778687,-0.08319380272774879,-0.04117283225059509,-0.11592984199523926,-0.0714374869003791
R,0.0,0.0,0.0,0.03269347548484802,-0.043150126934051514,-0.05726362232712745,0.04034861922264099,-0.13639044761657715,-0.07877458099869727,0.018710166215896606,-0.2158489227294922,-0.09503100280312538,0.006269574165344238,-0.2862998843193054,-0.10726162259129524,0.07207146286964417,-0.2523326873779297,-0.03264693383721351,0.060386091470718384,-0.36372697353363037,-0.06388638381508827,0.04923224449157715,-0.44002556800842285,-0.08517112795857429,0.034311443567276,-0.5051056146621704,-0.09710026745347022,0.033262550830841064,-0.25158292055130005,-0.02431555864063739,0.053211599588394165,-0.3779623508453369,-0.06307366703299522,0.05549043416976929,-0.456240177154541,-0.08477839295414924,0.051318198442459106,-0.5198293626308441,-0.09047585938719749,-0.008989870548248291,-0.22981619834899902,-0.023398639900960916,-0.025617539882659912,-0.2885568141937256,-0.08598821078089713,-0.02180081605911255,-0.20683246850967407,-0.09917728070763587,-0.014355123043060303,-0.14715933799743652,-0.08702618841675758,-0.049059122800827026,-0.19649171829223633,-0.025891037924566263,-0.056390464305877686,-0.23032820224761963,-0.07815394763497352,-0.04922613501548767,-0.1630142331123352,-0.08181713734416007,-0.04079839587211609,-0.1139611005783081,-0.07035713110713004
R,0.0,0.0,0.0,0.03310751914978027,-0.04254329204559326,-0.05844346666799538,0.040726691484451294,-0.1351858377456665,-0.08007399970756524,0.01765507459640503,-0.21536076068878174,-0.096484290902481,0.007062137126922607,-0.2841954827308655,-0.10871133441196434,0.07117164134979248,-0.2528771162033081,-0.03256733948455803,0.061218202114105225,-0.366074800491333,-0.06361748511062615,0.05210408568382263,-0.44352880120277405,-0.08499673241840355,0.03848022222518921,-0.5083976089954376,-0.0971995466397857,0.03312963247299194,-0.25184279680252075,-0.02424890594647877,0.055233269929885864,-0.37639760971069336,-0.0639164769099807,0.05692678689956665,-0.4549393951892853,-0.08685966814027779,0.05115985870361328,-0.5199062824249268,-0.09311748528944008,-0.008268624544143677,-0.22902268171310425,-0.023509990890488552,-0.02577480673789978,-0.28867316246032715,-0.08773559564815514,-0.022105097770690918,-0.2051423192024231,-0.10202233726249688,-0.014462023973464966,-0.14514708518981934,-0.08986716950403206,-0.04770475625991821,-0.19341754913330078,-0.026187725831732678,-0.05608811974525452,-0.2315266728401184,-0.07979469979272835,-0.049134403467178345,-0.16482824087142944,-0.08423606539236062,-0.04065418243408203,-0.11633068323135376,-0.07293572509752266
R,0.0,0.0,0.0,0.032727599143981934,-0.04422283172607422,-0.056764082229278756,0.041494786739349365,-0.13702446222305298,-0.07763729355349369,0.018900185823440552,-0.2164539098739624,-0.09321066102995701,0.004291534423828125,-0.2866111993789673,-0.10469253472103901,0.07244595885276794,-0.25359678268432617,-0.03147868922962971,0.061030834913253784,-0.36422330141067505,-0.06190899497880764,0.0501631498336792,-0.4405319392681122,-0.08293219021572895,0.035657912492752075,-0.5051372349262238,-0.09488948545470066,0.0334048867225647,-0.2521759867668152,-0.02340758702769108,0.05261853337287903,-0.3776894211769104,-0.061429911470554543,0.05464738607406616,-0.4553329348564148,-0.08323092124476261,0.05065128207206726,-0.5185539126396179,-0.08913177362694569,-0.00882008671760559,-0.22903043031692505,-0.02270725294067688,-0.026177972555160522,-0.2873430848121643,-0.08478666207804508,-0.021407753229141235,-0.20576387643814087,-0.09828825405850239,-0.013083726167678833,-0.1473226547241211,-0.08652462176098652,-0.04850190877914429,-0.1938667893409729,-0.025366901597521974,-0.05664855241775513,-0.2289590835571289,-0.0776062767864687,-0.04882553219795227,-0.1623159646987915,-0.08156647644057102,-0.039490967988967896,-0.11501425504684448,-0.07040476164831944
R,0.0,0.0,0.0,0.033116817474365234,-0.043770670890808105,-0.05821885736338572,0.04088214039802551,-0.13596320152282715,-0.07982847662322001,0.0180911123752594,-0.21465224027633667,-0.0961522740279861,0.005488872528076172,-0.2836185693740845,-0.10839696796290355,0.07135239243507385,-0.2524317502975464,-0.03275729166023211,0.06052467226982117,-0.3631317615509033,-0.06356180281989054,0.04990631341934204,-0.4398585557937622,-0.08491901131026225,0.035716861486434937,-0.5045959651470184,-0.09722360791317897,0.03285086154937744,-0.25070297718048096,-0.02439274461619334,0.053651779890060425,-0.37511932849884033,-0.06310567082516627,0.0563797652721405,-0.4540919065475464,-0.0855527278935142,0.05286550521850586,-0.5193407535552979,-0.09204204948298411,-0.009120583534240723,-0.2272617220878601,-0.023585876539868877,-0.025749623775482178,-0.2870509624481201,-0.08699548067204432,-0.02152782678604126,-0.2045493721961975,-0.10115901948563533,-0.013377577066421509,-0.14539086818695068,-0.08955554486863093,-0.048778921365737915,-0.19154024124145508,-0.026190841660422848,-0.056310445070266724,-0.22915548086166382,-0.07939404816977458,-0.04897773265838623,-0.16242444515228271,-0.0838105735336967,-0.040282756090164185,-0.11440169811248779,-0.0729383212482162
R,0.0,0.0,0.0,0.032868921756744385,-0.044606566429138184,-0.055075832859301954,0.04169917106628418,-0.13796716928482056,-0.07567081342699566,0.018885433673858643,-0.21721380949020386,-0.0913996372676138,0.004313349723815918,-0.28615647554397583,-0.10315207879307309,0.07220458984375,-0.2539812922477722,-0.031143094629669577,0.06225311756134033,-0.3660898208618164,-0.06185766796829739,0.05280846357345581,-0.4429321885108948,-0.08309863250019589,0.03956082463264465,-0.507756233215332,-0.09528781215908566,0.03309062123298645,-0.25229978561401367,-0.024294329092526823,0.052159130573272705,-0.37666773796081543,-0.06313299875023404,0.053446054458618164,-0.45364460349082947,-0.08531494180920163,0.04845520853996277,-0.5166491866111755,-0.09149715046646634,-0.00923013687133789,-0.22881674766540527,-0.02457802857520619,-0.025842279195785522,-0.2881675958633423,-0.08704475055697003,-0.021073758602142334,-0.20604068040847778,-0.09989303092720547,-0.01332402229309082,-0.14709794521331787,-0.0877004612541441,-0.0489354133605957,-0.19267970323562622,-0.028100260750079542,-0.05631941556930542,-0.22984087467193604,-0.08047622929575482,-0.048792481422424316,-0.16332334280014038,-0.0838145513391737,-0.040502846240997314,-0.11554747819900513,-0.07218185554506817
R,0.0,0.0,0.0,0.032583802938461304,-0.04481452703475952,-0.05560479445250621,0.040943801403045654,-0.1374557614326477,-0.07637100798876872,0.017709404230117798,-0.216885507106781,-0.09234851730855098,0.004068583250045776,-0.285883367061615,-0.10431386662514797,0.07147353887557983,-0.25347256660461426,-0.030121344531494287,0.0614050030708313,-0.36556416749954224,-0.06068316234143367,0.05218023061752319,-0.44268250465393066,-0.08205525709183803,0.039071500301361084,-0.5074208378791809,-0.0943369580605804,0.03273609280586243,-0.25152283906936646,-0.022994679788666872,0.0525374710559845,-0.3755767345428467,-0.06190656257660976,0.05372902750968933,-0.4531991481781006,-0.08463942391665569,0.0484161376953125,-0.5172502100467682,-0.09112982584031215,-0.009383827447891235,-0.2280908226966858,-0.02311588210852733,-0.02575451135635376,-0.28670620918273926,-0.08575566990168682,-0.021448791027069092,-0.20520853996276855,-0.09936207664998165,-0.01395907998085022,-0.1469818353652954,-0.08754769844802013,-0.04931303858757019,-0.19230633974075317,-0.02649217044802299,-0.056668996810913086,-0.22915440797805786,-0.0788061855533897,-0.049215346574783325,-0.16269725561141968,-0.08245758844407192,-0.04077214002609253,-0.11505633592605591,-0.07101719213517299
R,0.0,0.0,0.0,0.032281726598739624,-0.044697344303131104,-0.05566168736822874,0.040763139724731445,-0.13766604661941528,-0.07627393093116552,0.018208414316177368,-0.21678543090820312,-0.09203067954786093,0.004809558391571045,-0.2859453558921814,-0.10381435390718252,0.07213470339775085,-0.2536221146583557,-0.02977907259173662,0.06146731972694397,-0.36517852544784546,-0.06014106583006651,0.05164018273353577,-0.4419995844364166,-0.08132794287212164,0.03796449303627014,-0.5066129267215729,-0.09343486812122137,0.033124059438705444,-0.2516443133354187,-0.02250184651620657,0.0523604154586792,-0.37675654888153076,-0.06109534736879141,0.053413599729537964,-0.45367753505706787,-0.08363155808456213,0.048203885555267334,-0.5164906084537506,-0.0899342426300791,-0.009129464626312256,-0.22827833890914917,-0.02248133134253294,-0.02583831548690796,-0.28675681352615356,-0.08490624066598684,-0.021838843822479248,-0.20546042919158936,-0.09865933444507391,-0.014354974031448364,-0.14692020416259766,-0.08697051342733175,-0.04928851127624512,-0.1928013563156128,-0.02571742769487173,-0.057131797075271606,-0.22875630855560303,-0.07793425556428701,-0.04980558156967163,-0.1621335744857788,-0.0817143597842005,-0.04130098223686218,-0.11425411701202393,-0.0703969353080538
R,0.0,0.0,0.0,0.032134801149368286,-0.04410189390182495,-0.0555761033221529,0.04064524173736572,-0.1368192434310913,-0.07618850334728222,0.01719018816947937,-0.21638143062591553,-0.09194286777818661,0.0025505125522613525,-0.28544121980667114,-0.10362958773220043,0.0718071460723877,-0.2529783248901367,-0.03035779348755341,0.06106436252593994,-0.3651524782180786,-0.060989188544397166,0.051313161849975586,-0.4424113631248474,-0.0823143409117506,0.037536680698394775,-0.5072891712188721,-0.09450217201555233,0.0333118736743927,-0.25155264139175415,-0.023174180231933406,0.05357682704925537,-0.3757765293121338,-0.06211165203893643,0.05499488115310669,-0.4540609121322632,-0.08465192332113247,0.04965141415596008,-0.5186852812767029,-0.09087104215467434,-0.008557498455047607,-0.22847813367843628,-0.023250701419954112,-0.025772124528884888,-0.2873494029045105,-0.08594148471200924,-0.02144142985343933,-0.20544248819351196,-0.0993886949046896,-0.013670176267623901,-0.1471056342124939,-0.0872758687957571,-0.0480879545211792,-0.1927449107170105,-0.026569648228530696,-0.05597236752510071,-0.2297985553741455,-0.07888339325035076,-0.04856365919113159,-0.16329199075698853,-0.08236821606004696,-0.03991258144378662,-0.11577695608139038,-0.07067517801368695
