label,f0,f1,f2,f3,f4,f5,f6,f7,f8,f9,f10,f11,f12,f13,f14,f15,f16,f17,f18,f19,f20,f21,f22,f23,f24,f25,f26,f27,f28,f29,f30,f31,f32,f33,f34,f35,f36,f37,f38,f39,f40,f41,f42,f43,f44,f45,f46,f47,f48,f49,f50,f51,f52,f53,f54,f55,f56,f57,f58,f59,f60,f61,f62
T,0.0,0.0,0.0,0.061699867248535156,-0.05855375528335571,-0.04250926732524363,0.0934215784072876,-0.16546213626861572,-0.05645213484271494,0.08080238103866577,-0.26040560007095337,-0.06659822746618715,0.0707969069480896,-0.3395577669143677,-0.07002881004913775,0.08523094654083252,-0.23088222742080688,-0.02188344507916895,0.10618376731872559,-0.3019716739654541,-0.0726539252649161,0.07801765203475952,-0.24246948957443237,-0.09891608193024126,0.058070480823516846,-0.17610198259353638,-0.1066238714705321,0.03188514709472656,-0.23226481676101685,-0.015360636855206167,0.034586191177368164,-0.3059682846069336,-0.07864155455931154,0.023268789052963257,-0.22246968746185303,-0.09762089535101381,0.026775866746902466,-0.14368879795074463,-0.09175667002304522,-0.015224933624267578,-0.22204869985580444,-0.016992151955804502,-0.013654708862304688,-0.24247628450393677,-0.0786438344369742,-0.009319961071014404,-0.1472063660621643,-0.07670423969133822,-0.00046771764755249023,-0.08236140012741089,-0.0546856021831843,-0.06138724088668823,-0.20454555749893188,-0.021552872131309186,-0.051087379455566406,-0.21355432271957397,-0.06230012908085314,-0.04375532269477844,-0.14157253503799438,-0.05870428144439188,-0.03552249073982239,-0.10068178176879883,-0.042292649144968664
T,0.0,0.0,0.0,0.06077486276626587,-0.0578688383102417,-0.04167297954475657,0.09214115142822266,-0.16395121812820435,-0.055331138025877635,0.0783231258392334,-0.2589292526245117,-0.06535875524198786,0.06892818212509155,-0.3380299508571625,-0.06881658459818141,0.0847398042678833,-0.22973835468292236,-0.02092495660102145,0.10470044612884521,-0.3026387691497803,-0.07047257299339549,0.07730913162231445,-0.24264734983444214,-0.09603310103332774,0.058122217655181885,-0.176227867603302,-0.10338031227504985,0.03147691488265991,-0.23035681247711182,-0.014541193906126182,0.03356653451919556,-0.30529940128326416,-0.07604070479786174,0.02294224500656128,-0.22114920616149902,-0.0942510786167361,0.026728808879852295,-0.14295321702957153,-0.0882403301707484,-0.015606790781021118,-0.2197757363319397,-0.01617651532208697,-0.014691680669784546,-0.2426707148551941,-0.07670120621835963,-0.009935945272445679,-0.14716428518295288,-0.07443431491768138,-0.0009124577045440674,-0.08248871564865112,-0.05252268264806048,-0.06182166934013367,-0.20179015398025513,-0.020605071511027973,-0.05189594626426697,-0.21455979347229004,-0.060761448990461986,-0.04458427429199219,-0.14226043224334717,-0.056555205088017146,-0.0367431640625,-0.10034310817718506,-0.039878201734182994
T,0.0,0.0,0.0,0.061645448207855225,-0.05687272548675537,-0.04086853984935601,0.09354519844055176,-0.1658206582069397,-0.053457156309917764,0.07888132333755493,-0.2614592909812927,-0.062420942375496224,0.06933295726776123,-0.3402169942855835,-0.06471287880285104,0.08465826511383057,-0.22985976934432983,-0.020635115468934373,0.10502660274505615,-0.303101122379303,-0.06892391715391,0.07717996835708618,-0.24224090576171875,-0.09322698835475762,0.057810187339782715,-0.17522454261779785,-0.09999744270189126,0.030778318643569946,-0.23009967803955078,-0.014696090968385533,0.033587872982025146,-0.3051025867462158,-0.07513074998004754,0.023055732250213623,-0.22047817707061768,-0.09240811739309152,0.02706754207611084,-0.14198362827301025,-0.08605399403913339,-0.01672348380088806,-0.21858066320419312,-0.01663685824914296,-0.014430344104766846,-0.24236679077148438,-0.07682329837425073,-0.009693503379821777,-0.14564746618270874,-0.07402230475290139,-0.0004769563674926758,-0.08070087432861328,-0.05191599626286347,-0.06276321411132812,-0.19941920042037964,-0.02124533292098363,-0.05140030384063721,-0.21299272775650024,-0.06148033265216668,-0.0443878173828125,-0.13985216617584229,-0.05710695360048135,-0.036918193101882935,-0.09770679473876953,-0.040451333412960366
T,0.0,0.0,0.0,0.06161549687385559,-0.05580013990402222,-0.040282704225859334,0.09457454085350037,-0.16496169567108154,-0.05234893067844837,0.08007034659385681,-0.26108038425445557,-0.06075810297497242,0.06999042630195618,-0.3399316072463989,-0.06260042666562526,0.08553013205528259,-0.22916114330291748,-0.021182725495776822,0.10602030158042908,-0.30376899242401123,-0.0686602595365855,0.07698610424995422,-0.24354511499404907,-0.09220640390284984,0.057254523038864136,-0.1765877604484558,-0.09862235962518184,0.03143247961997986,-0.22990518808364868,-0.015306819520077397,0.03390726447105408,-0.30585092306137085,-0.07494828879006832,0.022804617881774902,-0.22082728147506714,-0.09135305165418117,0.026953399181365967,-0.14161133766174316,-0.08441601722606151,-0.016125023365020752,-0.21907156705856323,-0.017182853362641026,-0.014589190483093262,-0.2424410581588745,-0.07643967895873516,-0.010234266519546509,-0.1457672119140625,-0.0733367282069537,-0.0008457005023956299,-0.08080822229385376,-0.05121926619776218,-0.06204572319984436,-0.20028328895568848,-0.021694565481624295,-0.05125907063484192,-0.21344661712646484,-0.06119813053973644,-0.04462084174156189,-0.1405172348022461,-0.05677209450968235,-0.03701409697532654,-0.09847897291183472,-0.04025837062962978
T,0.0,0.0,0.0,0.06079524755477905,-0.05723273754119873,-0.039647830490650904,0.0925130844116211,-0.16595202684402466,-0.052384147260966074,0.07772433757781982,-0.2610248327255249,-0.061754470531525385,0.06871378421783447,-0.33908408880233765,-0.06471477619248844,0.0834130048751831,-0.2287123203277588,-0.021315945152821314,0.10347974300384521,-0.30222654342651367,-0.06923668256837345,0.07689255475997925,-0.2418198585510254,-0.09360207042533375,0.05815404653549194,-0.17496609687805176,-0.10062057695228077,0.029715538024902344,-0.22879540920257568,-0.01611159167129017,0.03270524740219116,-0.30404525995254517,-0.07525377145844914,0.0229872465133667,-0.21997010707855225,-0.09188268503982044,0.02694001793861389,-0.1420009732246399,-0.08565462550956227,-0.01779279112815857,-0.21720361709594727,-0.018579507087054026,-0.015306532382965088,-0.24261409044265747,-0.07762585750657536,-0.009863317012786865,-0.14660406112670898,-0.07423947921830631,-0.00039008259773254395,-0.08205491304397583,-0.052368981604161036,-0.06332793831825256,-0.19761496782302856,-0.023626047958316576,-0.05217394232749939,-0.2123870849609375,-0.0633333491428516,-0.0444161593914032,-0.13982635736465454,-0.05847592449623562,-0.036652326583862305,-0.09770578145980835,-0.04179877213078953
T,0.0,0.0,0.0,0.06116795539855957,-0.05532127618789673,-0.03996437269651665,0.09355658292770386,-0.1635156273841858,-0.05191241058909668,0.0783466100692749,-0.2595076560974121,-0.06023568886720909,0.06874829530715942,-0.33900803327560425,-0.06211966502868904,0.08540654182434082,-0.2268967628479004,-0.02014874707364811,0.10463643074035645,-0.3031657934188843,-0.06707274395429863,0.07666540145874023,-0.24291890859603882,-0.0904565550705172,0.05780768394470215,-0.17586594820022583,-0.09669162559711708,0.0316353440284729,-0.22736626863479614,-0.01422750338369383,0.03303259611129761,-0.3049243688583374,-0.07282981503212227,0.022634446620941162,-0.2204381823539734,-0.08930762338840736,0.027003824710845947,-0.14228743314743042,-0.08253982889854683,-0.015912353992462158,-0.2167675495147705,-0.015989236937997475,-0.015415608882904053,-0.24250471591949463,-0.07446247565948738,-0.010323584079742432,-0.14590388536453247,-0.07142991054260506,-0.0008544921875,-0.0814286470413208,-0.049498094650147095,-0.06188175082206726,-0.19838875532150269,-0.02030598598921074,-0.05247294902801514,-0.21307998895645142,-0.059337737443087235,-0.04520237445831299,-0.140264093875885,-0.054574331673023835,-0.03755781054496765,-0.09829622507095337,-0.037822822513220444
T,0.0,0.0,0.0,0.060370445251464844,-0.055888235569000244,-0.03974112672648289,0.09260189533233643,-0.1653355360031128,-0.05186500577173092,0.07722806930541992,-0.2609748840332031,-0.060688426624153635,0.068045973777771,-0.33911630511283875,-0.06302127418956616,0.08456814289093018,-0.22924888134002686,-0.019251579324816248,0.10336834192276001,-0.3032495975494385,-0.06722254482946255,0.07728379964828491,-0.2420598864555359,-0.09182568071327069,0.05898630619049072,-0.17466527223587036,-0.09869867740115978,0.030764371156692505,-0.22887617349624634,-0.013826740811680338,0.032581448554992676,-0.30462950468063354,-0.0728705915614114,0.023242950439453125,-0.22006428241729736,-0.08981258599004605,0.02748146653175354,-0.1422136425971985,-0.08343532858333447,-0.01664566993713379,-0.21724897623062134,-0.016259264106963656,-0.014944404363632202,-0.2418871521949768,-0.0753577741785989,-0.0097980797290802,-0.14534199237823486,-0.07247659740886547,-0.0008422136306762695,-0.08110684156417847,-0.05057960553011753,-0.0622333288192749,-0.198167622089386,-0.02129228217444279,-0.05139666795730591,-0.21272510290145874,-0.060532206575487635,-0.044293224811553955,-0.13990849256515503,-0.05559805584988453,-0.037183940410614014,-0.09775316715240479,-0.03872930062851765
T,0.0,0.0,0.0,0.060862600803375244,-0.056554555892944336,-0.03885755728188656,0.09288167953491211,-0.1653626561164856,-0.050550949230824926,0.07705634832382202,-0.2610211968421936,-0.05901751707497738,0.0679897665977478,-0.3389010429382324,-0.06104753579202793,0.08274596929550171,-0.22972744703292847,-0.019133642718230703,0.10209488868713379,-0.30345314741134644,-0.06575587432089947,0.07600432634353638,-0.2416599988937378,-0.08920785079899929,0.05793708562850952,-0.17473405599594116,-0.09567739109698437,0.029331356287002563,-0.22916555404663086,-0.01389906223121784,0.031971871852874756,-0.30414968729019165,-0.07135354022685192,0.022651731967926025,-0.21964865922927856,-0.08720272819701336,0.02704748511314392,-0.1424950361251831,-0.08062855939570568,-0.017677664756774902,-0.21730774641036987,-0.016379401490127066,-0.015582770109176636,-0.24199771881103516,-0.07395228038731716,-0.010326892137527466,-0.1464887261390686,-0.07050167064372204,-0.0010384619235992432,-0.08265841007232666,-0.048853353068267324,-0.06321507692337036,-0.19756591320037842,-0.021428578004275778,-0.0521237850189209,-0.21201622486114502,-0.05995003546777866,-0.04439884424209595,-0.14026904106140137,-0.05512804578248165,-0.0365486741065979,-0.09846794605255127,-0.03867585624757908
T,0.0,0.0,0.0,0.06061053276062012,-0.05645257234573364,-0.0385548107391287,0.09277510643005371,-0.16489237546920776,-0.05009235889372121,0.07751333713531494,-0.2608391046524048,-0.058422968543140996,0.0684921145439148,-0.33923518657684326,-0.060438484705059636,0.08422666788101196,-0.22848087549209595,-0.017738335586159337,0.10280740261077881,-0.3033703565597534,-0.0639323525196005,0.07638657093048096,-0.24291330575942993,-0.0874180577760626,0.05771368741989136,-0.17518848180770874,-0.09376802370604764,0.030570775270462036,-0.22788399457931519,-0.012466553418903459,0.0318206250667572,-0.30476927757263184,-0.0692501522665907,0.02294868230819702,-0.2218092679977417,-0.08555711880978834,0.027658790349960327,-0.14483338594436646,-0.07928799912986051,-0.016845256090164185,-0.21613723039627075,-0.014828745095996965,-0.015317678451538086,-0.2426062822341919,-0.07231459841784726,-0.009296029806137085,-0.1471962332725525,-0.06936366931256543,0.000376969575881958,-0.08331072330474854,-0.04787102044281255,-0.06245964765548706,-0.1963261365890503,-0.019617711014120687,-0.05176103115081787,-0.21319228410720825,-0.058039155608980764,-0.043876707553863525,-0.14123272895812988,-0.0529821075564314,-0.036254823207855225,-0.09926652908325195,-0.03623738960084211
T,0.0,0.0,0.0,0.060418516397476196,-0.05710160732269287,-0.038728784251901516,0.0922178328037262,-0.1660732626914978,-0.05049099348852337,0.0771152675151825,-0.2619544267654419,-0.05915543012687863,0.06771466135978699,-0.34020400047302246,-0.061411775130721935,0.08279481530189514,-0.22950077056884766,-0.017923812795373806,0.10185310244560242,-0.3039401173591614,-0.06519655086466969,0.07604405283927917,-0.24256634712219238,-0.08931430377433003,0.057587653398513794,-0.17463910579681396,-0.09586461581656636,0.029451072216033936,-0.2285875678062439,-0.01277710818121136,0.0316145122051239,-0.30497080087661743,-0.07039180346200169,0.022609293460845947,-0.2212918996810913,-0.0868068481273383,0.026865780353546143,-0.1442926526069641,-0.08050420828530491,-0.017702728509902954,-0.2165297269821167,-0.01542627945909203,-0.015567749738693237,-0.24281585216522217,-0.07358603872725666,-0.009737640619277954,-0.1469002366065979,-0.0705334837026328,-0.0003898143768310547,-0.08280140161514282,-0.04884793930122555,-0.0632375180721283,-0.19684487581253052,-0.02056909114489258,-0.052105218172073364,-0.21270990371704102,-0.059405393380615124,-0.04423165321350098,-0.14052355289459229,-0.054447058070394405,-0.0365884006023407,-0.09850889444351196,-0.03769425250956715
T,0.0,0.0,0.0,0.061061084270477295,-0.05669903755187988,-0.03935822936847444,0.09295541048049927,-0.165141761302948,-0.05117907094910379,0.0774604082107544,-0.2608523368835449,-0.05973992589071031,0.06866174936294556,-0.3389817476272583,-0.061918267040994124,0.08454775810241699,-0.22956949472427368,-0.017888790919926123,0.10308104753494263,-0.30333131551742554,-0.06514701339557405,0.07652425765991211,-0.24227768182754517,-0.08918583485439058,0.0582578182220459,-0.17468637228012085,-0.09570884796931978,0.03093850612640381,-0.2283926010131836,-0.012522990807440237,0.03256708383560181,-0.3052740693092346,-0.07115712854221101,0.02301827073097229,-0.220617413520813,-0.08801563921525712,0.02750253677368164,-0.1420840620994568,-0.08141477498367067,-0.0164109468460083,-0.21623682975769043,-0.014972921452965693,-0.015450507402420044,-0.24217498302459717,-0.07404221686675783,-0.009788334369659424,-0.14599144458770752,-0.07138476613118883,-9.778141975402832e-05,-0.08145749568939209,-0.04945065173461671,-0.062244683504104614,-0.19625765085220337,-0.019914711817648367,-0.05215442180633545,-0.2123124599456787,-0.05940685513570543,-0.044438958168029785,-0.13921129703521729,-0.054632456033971266,-0.03668144345283508,-0.09641271829605103,-0.03769610542013879
T,0.0,0.0,0.0,0.06066572666168213,-0.059539854526519775,-0.03924320677162996,0.09215694665908813,-0.16877877712249756,-0.05121143573762765,0.07734173536300659,-0.26393502950668335,-0.06018064955117097,0.06842124462127686,-0.3405230641365051,-0.06271744185926309,0.08255046606063843,-0.23075038194656372,-0.018096175434607176,0.10164564847946167,-0.3027840852737427,-0.0667740594768702,0.07546025514602661,-0.24099069833755493,-0.0918747823858439,0.05716729164123535,-0.1732642650604248,-0.09872921967746606,0.028844863176345825,-0.22909152507781982,-0.012786357122081426,0.03098982572555542,-0.30364441871643066,-0.07334378773214212,0.021406471729278564,-0.21827733516693115,-0.09101289177181116,0.025939881801605225,-0.13887566328048706,-0.08461561465503564,-0.018119096755981445,-0.21733790636062622,-0.015389820950645117,-0.016191303730010986,-0.24234825372695923,-0.0752378668809115,-0.011602520942687988,-0.14633595943450928,-0.07267474794628015,-0.002564072608947754,-0.08060622215270996,-0.05046470502259126,-0.06405949592590332,-0.1988159418106079,-0.02057857850434175,-0.053144365549087524,-0.21627271175384521,-0.05960113221647134,-0.046343833208084106,-0.14406442642211914,-0.05458632150532594,-0.038946330547332764,-0.10077875852584839,-0.037426956387776045
T,0.0,0.0,0.0,0.06042441725730896,-0.05715757608413696,-0.03922872888989559,0.09202000498771667,-0.1643000841140747,-0.05082839253492466,0.07786837220191956,-0.2593308687210083,-0.05915433067031017,0.06784036755561829,-0.33786001801490784,-0.061207576572371636,0.08502820134162903,-0.22876065969467163,-0.017981759190035973,0.10372522473335266,-0.30354613065719604,-0.0649981563086044,0.07569471001625061,-0.24444133043289185,-0.08862937140412441,0.05700269341468811,-0.17731666564941406,-0.09473089027352444,0.031168997287750244,-0.22849881649017334,-0.012157483875228081,0.03116169571876526,-0.3030485510826111,-0.0707153444284927,0.020763427019119263,-0.21748721599578857,-0.08696273612923733,0.026091307401657104,-0.13846659660339355,-0.07968868213839642,-0.01616474986076355,-0.21747297048568726,-0.01419688287325016,-0.016199469566345215,-0.240703284740448,-0.07277832823939434,-0.011335253715515137,-0.1449381709098816,-0.07030174779839626,-0.0012820959091186523,-0.07998508214950562,-0.048384505241585885,-0.0620521605014801,-0.19852745532989502,-0.018748856067134057,-0.05294123291969299,-0.2129083275794983,-0.05765473741240612,-0.04618257284164429,-0.14011818170547485,-0.053256246178818856,-0.03815567493438721,-0.0969686508178711,-0.036518759011698876
T,0.0,0.0,0.0,0.06153234839439392,-0.05639117956161499,-0.03910160228434734,0.09413883090019226,-0.16688251495361328,-0.05061555445018939,0.07843181490898132,-0.2620534300804138,-0.05895984709087543,0.06896808743476868,-0.33859434723854065,-0.06086503505531482,0.08349975943565369,-0.23000019788742065,-0.019017522929345887,0.10242769122123718,-0.3027690052986145,-0.06657585665408305,0.0758453905582428,-0.24162566661834717,-0.09057591274205379,0.05765315890312195,-0.1736711859703064,-0.09708419605914287,0.029378443956375122,-0.22912061214447021,-0.013837991057073395,0.03176504373550415,-0.3042382001876831,-0.07306433632794551,0.02185499668121338,-0.21927201747894287,-0.08967056289139919,0.026372909545898438,-0.14000540971755981,-0.08289905801240138,-0.017920762300491333,-0.21742969751358032,-0.01648307569149665,-0.015941709280014038,-0.24166011810302734,-0.0756460146588438,-0.011086314916610718,-0.14538437128067017,-0.07285560831252269,-0.0015079081058502197,-0.08025544881820679,-0.05091179698530368,-0.06352844834327698,-0.19832152128219604,-0.021684234736596864,-0.05248180031776428,-0.21272403001785278,-0.06102287187997035,-0.045489996671676636,-0.1399317979812622,-0.0565398202818983,-0.03763025999069214,-0.09728336334228516,-0.0399699935299509
T,0.0,0.0,0.0,0.05871495604515076,-0.0549352765083313,-0.04447178792159434,0.09169480204582214,-0.16052842140197754,-0.05924340959589358,0.08012863993644714,-0.25823211669921875,-0.0697721714894044,0.06934764981269836,-0.3404553532600403,-0.07354170333545085,0.086821049451828,-0.22944587469100952,-0.02273216161827918,0.1051962673664093,-0.3031919002532959,-0.07386484246652003,0.07732066512107849,-0.24257433414459229,-0.09962141763369914,0.05901208519935608,-0.1748601198196411,-0.10642197232644435,0.033281147480010986,-0.22977066040039062,-0.01491620548020478,0.03268110752105713,-0.30426204204559326,-0.0789528663079011,0.02169620990753174,-0.21657216548919678,-0.09711723279158946,0.027112841606140137,-0.13669395446777344,-0.08980655919711467,-0.014315873384475708,-0.2198513150215149,-0.015501704699801166,-0.0171528160572052,-0.24056166410446167,-0.07888598989646312,-0.011855483055114746,-0.14350086450576782,-0.07716793071429606,-0.0007401406764984131,-0.07866573333740234,-0.054361144713567455,-0.0599883496761322,-0.20276260375976562,-0.018923801071451862,-0.05390375852584839,-0.21210652589797974,-0.061169354877876,-0.04714331030845642,-0.1373608112335205,-0.057958802841113766,-0.0378822386264801,-0.09450006484985352,-0.041131800673412044
T,0.0,0.0,0.0,0.06113287806510925,-0.05390828847885132,-0.04175722608204069,0.09455570578575134,-0.16346138715744019,-0.05499434852833929,0.0797605812549591,-0.25979936122894287,-0.06449907282228651,0.06967225670814514,-0.3395668864250183,-0.0671327934586543,0.08595618605613708,-0.2299521565437317,-0.022632425742699525,0.10672053694725037,-0.3037593960762024,-0.0725286007844943,0.07916298508644104,-0.239953875541687,-0.09724042573805036,0.06041643023490906,-0.17176753282546997,-0.10389842847223463,0.032040297985076904,-0.23023462295532227,-0.016715437265588662,0.035225123167037964,-0.30703800916671753,-0.07846082756157102,0.024386227130889893,-0.22047948837280273,-0.09544090190763654,0.028460949659347534,-0.1412830352783203,-0.08842903384800138,-0.015348494052886963,-0.21940237283706665,-0.018891884105755707,-0.014392971992492676,-0.24275028705596924,-0.08037640908594312,-0.009199053049087524,-0.14423859119415283,-0.07752612987394514,0.0008154809474945068,-0.07920610904693604,-0.055113278421117684,-0.06062617897987366,-0.20147955417633057,-0.023796551021291634,-0.05071675777435303,-0.21153336763381958,-0.06504435846443357,-0.04405695199966431,-0.13661181926727295,-0.061126228513671776,-0.035971999168395996,-0.09411543607711792,-0.04458907628293218
T,0.0,0.0,0.0,0.059552937746047974,-0.052629292011260986,-0.042143384249925475,0.09424719214439392,-0.16093480587005615,-0.05542564603877054,0.08104917407035828,-0.2586321234703064,-0.06500465262126909,0.07213017344474792,-0.33916395902633667,-0.06804895240259157,0.08801600337028503,-0.22793877124786377,-0.020883117126345496,0.10772958397865295,-0.303478479385376,-0.07033950674724565,0.07904526591300964,-0.24283796548843384,-0.09559772747945772,0.05946895480155945,-0.1748477816581726,-0.10256276118946062,0.03440120816230774,-0.22778111696243286,-0.01450714960139976,0.035880595445632935,-0.30597609281539917,-0.07597921627950655,0.02425655722618103,-0.22071689367294312,-0.09397560197305665,0.027692973613739014,-0.141152024269104,-0.08731026041698442,-0.013079434633255005,-0.21706557273864746,-0.016198717312931876,-0.014705836772918701,-0.24118256568908691,-0.07806096810293184,-0.009572118520736694,-0.1436977982521057,-0.07630172956180559,0.0005389750003814697,-0.07870632410049438,-0.05407726976466165,-0.05846241116523743,-0.1993294358253479,-0.020471306772947173,-0.05098605155944824,-0.21288418769836426,-0.061851347120523315,-0.04453781247138977,-0.13783514499664307,-0.057655884208202224,-0.036541104316711426,-0.09425795078277588,-0.0405435732324122
T,0.0,0.0,0.0,0.06008383631706238,-0.05753594636917114,-0.044512237765331975,0.09361138939857483,-0.16405391693115234,-0.060215647675534,0.08207228779792786,-0.2602865695953369,-0.07216263503624987,0.071135014295578,-0.33991408348083496,-0.07726321310593676,0.08445754647254944,-0.2313331961631775,-0.023172648035426846,0.10499247908592224,-0.3026283383369446,-0.07708135188414644,0.07835248112678528,-0.24238407611846924,-0.10578692645623278,0.05947712063789368,-0.17425251007080078,-0.11445172817303728,0.030994147062301636,-0.2298986315727234,-0.01633628585233282,0.03343549370765686,-0.3029068112373352,-0.08356027991368364,0.023029446601867676,-0.21540015935897827,-0.10411537379815172,0.027193695306777954,-0.13342070579528809,-0.09846330375268053,-0.0159568190574646,-0.21762651205062866,-0.018003332771797886,-0.01439395546913147,-0.24126547574996948,-0.08413977862193178,-0.009962618350982666,-0.14375877380371094,-0.08272475690438341,-0.0009889304637908936,-0.07700520753860474,-0.059812101878662816,-0.061711907386779785,-0.2000288963317871,-0.022545348264713994,-0.05166485905647278,-0.2137303352355957,-0.0666972392876346,-0.04577341675758362,-0.13818317651748657,-0.06296701670481752,-0.038366615772247314,-0.09384536743164062,-0.04554349870278429
T,0.0,0.0,0.0,0.05955231189727783,-0.05391883850097656,-0.04356596339994212,0.09357196092605591,-0.16271251440048218,-0.05784901697688838,0.081024169921875,-0.259365975856781,-0.0680357897704198,0.0709463357925415,-0.33932700753211975,-0.07140468154602786,0.08669650554656982,-0.2283940315246582,-0.02468418423586627,0.10677152872085571,-0.30372029542922974,-0.0754038253849103,0.0776793360710144,-0.24292141199111938,-0.10094251577311297,0.057798802852630615,-0.17494451999664307,-0.10811681394034167,0.03241318464279175,-0.227855384349823,-0.017886205581362447,0.03297799825668335,-0.3030710816383362,-0.08128803317003985,0.02189844846725464,-0.21604907512664795,-0.09922008310013553,0.026924490928649902,-0.13651347160339355,-0.09264279250555774,-0.015279114246368408,-0.21639931201934814,-0.019189377320344647,-0.01547151803970337,-0.2412814497947693,-0.08224398736410876,-0.010609149932861328,-0.14366471767425537,-0.07945644949131747,-0.0005817413330078125,-0.07889342308044434,-0.05665751267724772,-0.061251431703567505,-0.1986204981803894,-0.023212864068682393,-0.05265268683433533,-0.21419233083724976,-0.06545326952391406,-0.04641765356063843,-0.13902968168258667,-0.060883031231696805,-0.03858530521392822,-0.0959969162940979,-0.043525674385364255
T,0.0,0.0,0.0,0.0618414580821991,-0.05816298723220825,-0.044055544954858306,0.09489819407463074,-0.1646530032157898,-0.05918632186683226,0.08165809512138367,-0.26078087091445923,-0.07072271890672255,0.07106062769889832,-0.34073054790496826,-0.07534737623961973,0.08561256527900696,-0.23040539026260376,-0.021992738542280676,0.10586962103843689,-0.3031073808670044,-0.07566509134801436,0.07900741696357727,-0.24195772409439087,-0.10376370437177229,0.05995640158653259,-0.17389583587646484,-0.11188181973727751,0.032046228647232056,-0.22830021381378174,-0.01524820103975344,0.034123629331588745,-0.30180811882019043,-0.08257458843024779,0.023836642503738403,-0.21323013305664062,-0.102946740758739,0.02820277214050293,-0.1311631202697754,-0.09692636616262007,-0.014673978090286255,-0.21601009368896484,-0.017097777870617392,-0.013239949941635132,-0.23985129594802856,-0.08306406922372389,-0.008325517177581787,-0.14235353469848633,-0.08186750597985792,0.0005518198013305664,-0.07596969604492188,-0.05896905548604536,-0.06072583794593811,-0.1990830898284912,-0.021786139530263426,-0.05032825469970703,-0.2131829857826233,-0.06530633307727385,-0.04420262575149536,-0.1377425193786621,-0.06162453181775618,-0.03668421506881714,-0.09370839595794678,-0.044301723313651564
T,0.0,0.0,0.0,0.06099820137023926,-0.057514071464538574,-0.04424056144955557,0.09487539529800415,-0.16418737173080444,-0.05946409436467093,0.08231651782989502,-0.26081377267837524,-0.07083903359773558,0.07232493162155151,-0.34068116545677185,-0.07543029742839735,0.0868527889251709,-0.22945457696914673,-0.023835777440694983,0.10697907209396362,-0.3029855489730835,-0.07686298447254103,0.07906615734100342,-0.24166518449783325,-0.10419971602561873,0.05979037284851074,-0.17420828342437744,-0.11190682011249464,0.033049821853637695,-0.22801709175109863,-0.01675732540491026,0.0354732871055603,-0.30433428287506104,-0.08264789837005537,0.023751497268676758,-0.21661430597305298,-0.10194724904897612,0.027501225471496582,-0.13531553745269775,-0.0954586874187271,-0.013726979494094849,-0.2168073058128357,-0.01811911458673876,-0.013286054134368896,-0.2412862777709961,-0.0825272064149658,-0.009439975023269653,-0.14479517936706543,-0.08074253904226225,-0.0006895959377288818,-0.0791240930557251,-0.057838001424102004,-0.05988609790802002,-0.2008589506149292,-0.022327841395167525,-0.050711870193481445,-0.21748346090316772,-0.0639776151120941,-0.04519695043563843,-0.1438807249069214,-0.05943589391711157,-0.03775206208229065,-0.10055512189865112,-0.041930639320639784
T,0.0,0.0,0.0,0.06130918860435486,-0.05743288993835449,-0.04461544429486253,0.09544280171394348,-0.1638782024383545,-0.06002873604720094,0.08264955878257751,-0.26079028844833374,-0.07162604903405168,0.07248613238334656,-0.3402429223060608,-0.07642970656578996,0.08694180846214294,-0.22998476028442383,-0.023563916362576265,0.10669276118278503,-0.3019344210624695,-0.0772697893304155,0.07941856980323792,-0.24088340997695923,-0.10536554878180482,0.0606171190738678,-0.17293834686279297,-0.11348087763016679,0.033132702112197876,-0.22882026433944702,-0.01645653185968854,0.03612944483757019,-0.30386167764663696,-0.08322914367144563,0.02471420168876648,-0.21591204404830933,-0.10309296523755052,0.028080850839614868,-0.1339472532272339,-0.09670278107350327,-0.013704270124435425,-0.21792852878570557,-0.017920775837950487,-0.012753546237945557,-0.24134933948516846,-0.08306733196204164,-0.008766323328018188,-0.1447862982749939,-0.0817062449974344,-0.00029206275939941406,-0.07873135805130005,-0.058825381599120874,-0.05975145101547241,-0.20218175649642944,-0.02230657687013604,-0.04969903826713562,-0.21702313423156738,-0.06459225391571977,-0.044343501329422,-0.14336729049682617,-0.06052259778206803,-0.037327200174331665,-0.09997040033340454,-0.043159928671769876
T,0.0,0.0,0.0,0.060382455587387085,-0.05744504928588867,-0.04377167757749589,0.09429582953453064,-0.16166836023330688,-0.05869343217611345,0.08111199736595154,-0.2583361268043518,-0.0699528315305713,0.07092681527137756,-0.3379178047180176,-0.07451555218696626,0.08861121535301208,-0.22749125957489014,-0.021208672711253485,0.10608837008476257,-0.3016989231109619,-0.07378348793983491,0.07883653044700623,-0.24214404821395874,-0.10128168102502855,0.06039038300514221,-0.17431819438934326,-0.10901802119016679,0.034890204668045044,-0.22689282894134521,-0.014094930069148859,0.0356956422328949,-0.3042678236961365,-0.07939104821682008,0.02339845895767212,-0.2164497971534729,-0.09900239195823701,0.026818454265594482,-0.13439571857452393,-0.09238486077785524,-0.011909842491149902,-0.21661770343780518,-0.01550653569549354,-0.013899654150009155,-0.24106818437576294,-0.07947470333576234,-0.010490000247955322,-0.145252525806427,-0.07825680907964738,-0.0016512572765350342,-0.07982301712036133,-0.055519123488664945,-0.05835321545600891,-0.201002836227417,-0.019752661624551138,-0.05090704560279846,-0.21687835454940796,-0.06118537571430238,-0.04578849673271179,-0.14400416612625122,-0.05690529655814203,-0.03814646601676941,-0.10097330808639526,-0.039384187126159986
T,0.0,0.0,0.0,0.058989018201828,-0.05566823482513428,-0.043275325384627195,0.09292963147163391,-0.16098880767822266,-0.05838311353016934,0.08059772849082947,-0.25777125358581543,-0.06983557232905468,0.07100662589073181,-0.33718574047088623,-0.07462294289160809,0.0873662531375885,-0.22815799713134766,-0.021650423121343465,0.10603484511375427,-0.3017674684524536,-0.07403837778855404,0.07932481169700623,-0.2425125241279602,-0.10171958693553051,0.06026604771614075,-0.1740543246269226,-0.10961947479535183,0.033922165632247925,-0.22773456573486328,-0.015045292501042695,0.036005109548568726,-0.3064330220222473,-0.07926226296712002,0.024445533752441406,-0.22038137912750244,-0.09852149972010693,0.02691471576690674,-0.13922464847564697,-0.09201012441207013,-0.012941122055053711,-0.21746981143951416,-0.01686195732344231,-0.012984931468963623,-0.2430998682975769,-0.08004809060383877,-0.009521245956420898,-0.14672571420669556,-0.07841768005181393,-0.0016293227672576904,-0.08126097917556763,-0.055720685806761594,-0.05895960330963135,-0.2010359764099121,-0.021508493286262365,-0.04996982216835022,-0.21694618463516235,-0.06274057814169964,-0.04449501633644104,-0.14412492513656616,-0.05823984631587109,-0.037572771310806274,-0.10150110721588135,-0.040729551401625486
T,0.0,0.0,0.0,0.0595056414604187,-0.055039823055267334,-0.0417462052601536,0.09381496906280518,-0.15997767448425293,-0.05566868798911173,0.08056730031967163,-0.2568058967590332,-0.06602594496786196,0.07110601663589478,-0.33608973026275635,-0.0698190057474335,0.08767563104629517,-0.2275112271308899,-0.020154862274523566,0.10612112283706665,-0.3022318482398987,-0.07069032134592135,0.0790141224861145,-0.24294006824493408,-0.09686739238082964,0.06048727035522461,-0.17520707845687866,-0.10407823564588625,0.03396892547607422,-0.22767376899719238,-0.013950883020754645,0.03673523664474487,-0.3069761395454407,-0.0759748318988045,0.02463054656982422,-0.22096455097198486,-0.09405038001119692,0.0273706316947937,-0.14061850309371948,-0.08713217320024569,-0.013132035732269287,-0.21797043085098267,-0.01597554290771086,-0.012604713439941406,-0.24398624897003174,-0.07747686894714434,-0.009604692459106445,-0.14778321981430054,-0.07543254884063799,-0.001547306776046753,-0.08305245637893677,-0.05290472747861941,-0.059523552656173706,-0.20165222883224487,-0.02067803273081381,-0.05004274845123291,-0.21844244003295898,-0.06094236912309725,-0.044755250215530396,-0.1453757882118225,-0.05609492825448115,-0.03787359595298767,-0.10255581140518188,-0.03856015445768435
T,0.0,0.0,0.0,0.059492647647857666,-0.05488288402557373,-0.04079675566154606,0.09452164173126221,-0.1610509157180786,-0.054039983858643836,0.08165585994720459,-0.2582017779350281,-0.0638962824245084,0.07189422845840454,-0.3370608687400818,-0.0673188407321561,0.08740049600601196,-0.2279607057571411,-0.01897622536617405,0.10624158382415771,-0.30116039514541626,-0.06849586110311634,0.07956624031066895,-0.2415987253189087,-0.09430745880800373,0.06079673767089844,-0.17368173599243164,-0.10140195380645878,0.03368377685546875,-0.22733336687088013,-0.013244907220183677,0.03703594207763672,-0.30601346492767334,-0.07423031966882832,0.025803059339523315,-0.221135675907135,-0.09220432381826527,0.02832585573196411,-0.1413174867630005,-0.08554202209907658,-0.013505488634109497,-0.21689462661743164,-0.015570148674129314,-0.011672556400299072,-0.24441462755203247,-0.0765068296690572,-0.00833427906036377,-0.14800763130187988,-0.07428216825920231,-0.0007108449935913086,-0.08286547660827637,-0.05183762948709614,-0.059591859579086304,-0.1995282769203186,-0.020463098620354003,-0.04892861843109131,-0.21808147430419922,-0.060534755547820396,-0.04368245601654053,-0.1447007656097412,-0.055381356586991615,-0.03766202926635742,-0.10147607326507568,-0.03775800656276829
T,0.0,0.0,0.0,0.0608898401260376,-0.055742859840393066,-0.04252302967910282,0.0957040786743164,-0.16099053621292114,-0.05698736333255283,0.08356219530105591,-0.257530152797699,-0.0678751985073518,0.0732351541519165,-0.3361799716949463,-0.07218669303659908,0.08656495809555054,-0.2276816964149475,-0.022477903822107237,0.10636800527572632,-0.30039548873901367,-0.07428531297449581,0.0796765685081482,-0.24107158184051514,-0.1010972032785844,0.05997467041015625,-0.17303991317749023,-0.1085607106328439,0.03299272060394287,-0.22801899909973145,-0.01615172200803272,0.035916686058044434,-0.3038839101791382,-0.07952170767788402,0.024980992078781128,-0.21880877017974854,-0.09797164001469127,0.027750909328460693,-0.1383603811264038,-0.09146622517113201,-0.014012783765792847,-0.218145489692688,-0.018156505608601492,-0.012557178735733032,-0.2409997582435608,-0.08054275014404766,-0.008729934692382812,-0.14520227909088135,-0.07875045337681286,-0.0006126761436462402,-0.07954329252243042,-0.05643875845674984,-0.060293734073638916,-0.20208287239074707,-0.022989488625569265,-0.04973655939102173,-0.21477681398391724,-0.06375021436218731,-0.044037461280822754,-0.14230704307556152,-0.059667814010424536,-0.03693568706512451,-0.09981632232666016,-0.042775563383145254
T,0.0,0.0,0.0,0.05960005521774292,-0.05325216054916382,-0.041765059285694406,0.0947422981262207,-0.15753716230392456,-0.05581959983044271,0.08392494916915894,-0.2553582787513733,-0.0661328685813487,0.07419455051422119,-0.3361701965332031,-0.0701204938226283,0.08888167142868042,-0.22555601596832275,-0.023339026548796937,0.10713624954223633,-0.3009766936302185,-0.07293156062894468,0.07977175712585449,-0.24199753999710083,-0.09797439997726087,0.06009471416473389,-0.17495691776275635,-0.10467631643348341,0.035196661949157715,-0.22706091403961182,-0.016847410180503175,0.036253392696380615,-0.303764283657074,-0.0772170377307475,0.024992287158966064,-0.21890324354171753,-0.09387205814653043,0.02784949541091919,-0.14035183191299438,-0.08687854831748609,-0.012455284595489502,-0.2182038426399231,-0.018344658368164346,-0.013865619897842407,-0.24195557832717896,-0.07849639182620649,-0.009362190961837769,-0.14594048261642456,-0.07594929163985853,-5.900859832763672e-05,-0.08113032579421997,-0.053921687357956216,-0.05897381901741028,-0.20195215940475464,-0.0225279786967576,-0.05122464895248413,-0.21493488550186157,-0.0625821677380145,-0.044569045305252075,-0.14212530851364136,-0.058423592650228784,-0.036361873149871826,-0.09968864917755127,-0.041790324204498575
T,0.0,0.0,0.0,0.06123077869415283,-0.05301624536514282,-0.03953013587417331,0.09726852178573608,-0.15905654430389404,-0.05210917088808742,0.0838286280632019,-0.255598247051239,-0.061426509354731706,0.07285863161087036,-0.33428287506103516,-0.06449632737459865,0.08727520704269409,-0.22513550519943237,-0.020927842889449266,0.10698944330215454,-0.30088573694229126,-0.06928883883776393,0.0799834132194519,-0.24222064018249512,-0.09373171273293224,0.0609399676322937,-0.17489880323410034,-0.10023816320719448,0.03345900774002075,-0.22626185417175293,-0.01562874782504764,0.03678363561630249,-0.30436569452285767,-0.0752241054517242,0.02554488182067871,-0.2198941707611084,-0.09186555090965953,0.028383314609527588,-0.14049851894378662,-0.08491556737246242,-0.014018118381500244,-0.2168513536453247,-0.018055441041013864,-0.012272894382476807,-0.24336177110671997,-0.07769455406489101,-0.008748829364776611,-0.14661145210266113,-0.07497176173748699,-0.0003273487091064453,-0.08116036653518677,-0.05287644657911983,-0.06015321612358093,-0.19988858699798584,-0.022969659600875048,-0.04964321851730347,-0.21473687887191772,-0.0627472514254066,-0.04385533928871155,-0.1414353847503662,-0.058112979118249086,-0.03687351942062378,-0.09830141067504883,-0.041209127936980394
T,0.0,0.0,0.0,0.06082332134246826,-0.05038273334503174,-0.03975085869637951,0.09841728210449219,-0.1593518853187561,-0.05200972736088261,0.08550471067428589,-0.2569122314453125,-0.0605885754546307,0.07411456108093262,-0.33514946699142456,-0.06289656415788158,0.0883902907371521,-0.22439265251159668,-0.02360972531346306,0.10767966508865356,-0.3005892038345337,-0.07089655056802258,0.07978463172912598,-0.24084538221359253,-0.09407687887755856,0.06035083532333374,-0.1736215353012085,-0.10006781622973904,0.034159839153289795,-0.22601693868637085,-0.01814954497126564,0.03729134798049927,-0.30508798360824585,-0.07683370217887386,0.026024281978607178,-0.22150903940200806,-0.09261472478715405,0.02901327610015869,-0.14297568798065186,-0.08545565560666546,-0.013844072818756104,-0.21713441610336304,-0.020095640348472443,-0.01276138424873352,-0.24449098110198975,-0.07876722470132336,-0.008845150470733643,-0.14735865592956543,-0.07526747837869152,0.000277787446975708,-0.08211839199066162,-0.05318501174656376,-0.059818923473358154,-0.20052087306976318,-0.024530086221375313,-0.04970774054527283,-0.2142016887664795,-0.06389771357385143,-0.04346868395805359,-0.14070570468902588,-0.05917234674302563,-0.03575456142425537,-0.09813857078552246,-0.04254163384644016
T,0.0,0.0,0.0,0.06043997406959534,-0.0512700080871582,-0.03998505395065877,0.09761962294578552,-0.16085845232009888,-0.052156460249534575,0.08584949374198914,-0.25891852378845215,-0.0607119805754337,0.07452723383903503,-0.33760136365890503,-0.06295615505587193,0.08848080039024353,-0.22460263967514038,-0.02270674776445958,0.10802313685417175,-0.30045974254608154,-0.07051941078316304,0.0809386670589447,-0.24029946327209473,-0.09402713995586964,0.06148973107337952,-0.17274701595306396,-0.09991289001118275,0.03468593955039978,-0.22679954767227173,-0.0169016968102369,0.038490623235702515,-0.3052504062652588,-0.07591597806822392,0.02687552571296692,-0.22079765796661377,-0.09167865734707448,0.02892652153968811,-0.14196860790252686,-0.0842076174558315,-0.013155490159988403,-0.21871113777160645,-0.018678293341508834,-0.011400848627090454,-0.24474072456359863,-0.0773760310949001,-0.008640587329864502,-0.14731329679489136,-0.07380921464573476,-0.0009293854236602783,-0.08195561170578003,-0.051449515634885756,-0.059310466051101685,-0.20319902896881104,-0.023045281657687156,-0.048343002796173096,-0.21482205390930176,-0.06218557130705449,-0.042638033628463745,-0.14094799757003784,-0.057515398377290694,-0.03562268614768982,-0.09818840026855469,-0.04078480299722287
T,0.0,0.0,0.0,0.060908615589141846,-0.052553534507751465,-0.03956744302814741,0.09737521409988403,-0.15854257345199585,-0.052300719961579034,0.08418643474578857,-0.25525128841400146,-0.061621727839167306,0.07312577962875366,-0.33415526151657104,-0.06475891400879163,0.086647629737854,-0.22497069835662842,-0.021670956581886003,0.10578274726867676,-0.30046898126602173,-0.06992282946413297,0.07916277647018433,-0.24066632986068726,-0.09420731146639127,0.060780227184295654,-0.17344731092453003,-0.1006815679818942,0.03308182954788208,-0.22549515962600708,-0.0165283889026,0.03704714775085449,-0.30585211515426636,-0.07573446859424848,0.025843501091003418,-0.2215328812599182,-0.09224511165922422,0.028467953205108643,-0.14254415035247803,-0.08532705385988493,-0.014359593391418457,-0.21543782949447632,-0.018952338442261407,-0.013042092323303223,-0.24420416355133057,-0.07848016400640745,-0.009145140647888184,-0.14709365367889404,-0.07523223240679044,-0.00027170777320861816,-0.08184647560119629,-0.052896829739268014,-0.06034064292907715,-0.1974303126335144,-0.02380082425480623,-0.050848186016082764,-0.21392208337783813,-0.06376018603151579,-0.04467096924781799,-0.1400415301322937,-0.05860134814685125,-0.037425845861434937,-0.09652382135391235,-0.04132616747921247
T,0.0,0.0,0.0,0.06240078806877136,-0.055085062980651855,-0.03907117874121013,0.09762009978294373,-0.16169315576553345,-0.051415822214835316,0.08365681767463684,-0.2579692602157593,-0.06042409569715801,0.07239708304405212,-0.33598148822784424,-0.06324925155138317,0.08729085326194763,-0.22548651695251465,-0.02138688110505882,0.10680392384529114,-0.30132150650024414,-0.06926073015426937,0.07921645045280457,-0.2425258755683899,-0.0933937493035728,0.059418171644210815,-0.17504173517227173,-0.09988851726745906,0.033263593912124634,-0.22637510299682617,-0.01617254198288265,0.036329835653305054,-0.30294954776763916,-0.07482592642998043,0.024765461683273315,-0.21834230422973633,-0.09089030206894222,0.02782920002937317,-0.13926565647125244,-0.08409439653848949,-0.014608561992645264,-0.21637004613876343,-0.018482167951219708,-0.012581169605255127,-0.24339145421981812,-0.0770871850917274,-0.010094881057739258,-0.14692670106887817,-0.07310680926536861,-0.0018500685691833496,-0.08152240514755249,-0.05073338255976978,-0.06168663501739502,-0.1981973648071289,-0.023274288258903653,-0.0512850284576416,-0.213171124458313,-0.06277910501455608,-0.0459761917591095,-0.13835054636001587,-0.05737958357428852,-0.038956403732299805,-0.09410363435745239,-0.04008074358796421
T,0.0,0.0,0.0,0.06100073456764221,-0.0520516037940979,-0.038557995646385734,0.09945449233055115,-0.1568295955657959,-0.05069145986357171,0.08740714192390442,-0.25482821464538574,-0.059518363862423485,0.07648763060569763,-0.33457183837890625,-0.062394835590509956,0.08921411633491516,-0.22517508268356323,-0.019505719258575027,0.1065356433391571,-0.30099010467529297,-0.06656414696493584,0.080914705991745,-0.24199533462524414,-0.09056478419819314,0.0630616843700409,-0.17540186643600464,-0.09693705716648537,0.03519353270530701,-0.22559398412704468,-0.01454297320464093,0.038904160261154175,-0.3072834014892578,-0.07205315360346276,0.027803033590316772,-0.22394728660583496,-0.08862357267656762,0.02992197871208191,-0.14597409963607788,-0.08196705260792214,-0.012426763772964478,-0.21571165323257446,-0.016927611618427818,-0.012526333332061768,-0.24500519037246704,-0.07493588009396035,-0.009286999702453613,-0.1492377519607544,-0.07154556789913613,-0.0006333589553833008,-0.08541858196258545,-0.04940003582754571,-0.0586150586605072,-0.1975223422050476,-0.02162440919795472,-0.050372183322906494,-0.21623164415359497,-0.06036374398985345,-0.04479318857192993,-0.14211905002593994,-0.05436579564133126,-0.0376356840133667,-0.09833937883377075,-0.03659589642205674
T,0.0,0.0,0.0,0.06285133957862854,-0.05400693416595459,-0.039354660221988524,0.09984323382377625,-0.16122281551361084,-0.051734839239770736,0.0860690176486969,-0.2589864134788513,-0.060867246845418777,0.0743953287601471,-0.3385263979434967,-0.06391515270775017,0.08847507834434509,-0.22701358795166016,-0.01899043531125244,0.10738226771354675,-0.29814422130584717,-0.06774059371059593,0.08175292611122131,-0.23718315362930298,-0.09319029436414894,0.06248137354850769,-0.17023390531539917,-0.10035335705583748,0.03473535180091858,-0.22791266441345215,-0.014075680309588279,0.040979593992233276,-0.3061913847923279,-0.07355382726495918,0.029639869928359985,-0.22210419178009033,-0.09117651418750938,0.029586583375930786,-0.14282244443893433,-0.08482481227224525,-0.012908011674880981,-0.21832579374313354,-0.01682218969767746,-0.010117441415786743,-0.24434912204742432,-0.07648732201164421,-0.007393062114715576,-0.14720600843429565,-0.07346208826606926,-0.0008974671363830566,-0.0821799635887146,-0.05104325027173218,-0.05905619263648987,-0.2006562352180481,-0.02204219126110729,-0.04764389991760254,-0.2140616774559021,-0.06214325935548004,-0.04227173328399658,-0.1380050778388977,-0.05679240883296188,-0.03660863637924194,-0.09357130527496338,-0.039145663985664214
T,0.0,0.0,0.0,0.05910477042198181,-0.05184358358383179,-0.04012885045065673,0.09657874703407288,-0.15722990036010742,-0.052437999358318166,0.08654186129570007,-0.2554931044578552,-0.061324377616784886,0.07633897662162781,-0.3357387185096741,-0.06411690365328582,0.0893414318561554,-0.22614020109176636,-0.018814534952781514,0.10602244734764099,-0.3011500835418701,-0.06669920783295424,0.08033522963523865,-0.24288535118103027,-0.09128141503586562,0.06166312098503113,-0.17577815055847168,-0.09765391897215636,0.03536972403526306,-0.2264462113380432,-0.013090366570196466,0.038243621587753296,-0.3046688437461853,-0.07088455658211501,0.026701658964157104,-0.21997058391571045,-0.08729502659096511,0.028881460428237915,-0.14221632480621338,-0.08033771168246062,-0.012617766857147217,-0.21583867073059082,-0.015184920353732423,-0.012025326490402222,-0.2425931692123413,-0.07426906477465423,-0.009887278079986572,-0.1466759443283081,-0.07112128387942107,-0.001850515604019165,-0.08304446935653687,-0.04868114840044768,-0.05987855792045593,-0.19749736785888672,-0.019710811858914212,-0.05061236023902893,-0.21603673696517944,-0.05939154054775031,-0.04549059271812439,-0.1413593292236328,-0.05349930103673728,-0.038607656955718994,-0.09703916311264038,-0.03538115050449164
T,0.0,0.0,0.0,0.060884058475494385,-0.05534076690673828,-0.038776428604450075,0.0966748595237732,-0.16126608848571777,-0.05072841530474648,0.08397966623306274,-0.2574502229690552,-0.05967445036205277,0.07397252321243286,-0.3361288905143738,-0.062399917447891085,0.09005939960479736,-0.22699815034866333,-0.017027498388614504,0.10655927658081055,-0.3020830750465393,-0.064644624644842,0.07928037643432617,-0.24353158473968506,-0.0890857923570536,0.061124444007873535,-0.17706149816513062,-0.09567000454100594,0.03576713800430298,-0.22732269763946533,-0.011980707922901956,0.03869926929473877,-0.30625420808792114,-0.07089307641419396,0.026283323764801025,-0.22088623046875,-0.08780380820664391,0.028998255729675293,-0.14182710647583008,-0.08098239933880791,-0.012291669845581055,-0.21727097034454346,-0.014681302176740019,-0.011297464370727539,-0.24570709466934204,-0.07435968255433067,-0.009404778480529785,-0.14884650707244873,-0.07137332593831047,-0.001331239938735962,-0.08394026756286621,-0.04886644070776924,-0.05978319048881531,-0.19977188110351562,-0.019730801859822122,-0.04982522130012512,-0.21896594762802124,-0.0596627380493544,-0.0449906587600708,-0.1437506079673767,-0.05408086364897713,-0.038389116525650024,-0.09887814521789551,-0.03622308855685219
T,0.0,0.0,0.0,0.06168070435523987,-0.05412060022354126,-0.03931225882658396,0.0990934669971466,-0.16164064407348633,-0.05164602817782793,0.08612039685249329,-0.2584463357925415,-0.06074603320845995,0.07575014233589172,-0.3369329869747162,-0.06362918065676126,0.09029582142829895,-0.22566038370132446,-0.019638846160859202,0.10806551575660706,-0.301067590713501,-0.06774205760845575,0.08050546050071716,-0.24239873886108398,-0.09231152431854639,0.06226423382759094,-0.1758461594581604,-0.09906055824646387,0.03563353419303894,-0.2264416217803955,-0.014739201867968177,0.04064050316810608,-0.3080860376358032,-0.07487331377157602,0.027726024389266968,-0.22389650344848633,-0.09240002976545725,0.029270201921463013,-0.14402765035629272,-0.0857572411168519,-0.012801319360733032,-0.21716755628585815,-0.017372452186435794,-0.01062387228012085,-0.24674487113952637,-0.07774137006887827,-0.008636236190795898,-0.1494237184524536,-0.07469593034872446,-0.0009859204292297363,-0.08377295732498169,-0.05203255312332544,-0.06017056107521057,-0.20051413774490356,-0.022380849810332393,-0.049192875623703,-0.2193499207496643,-0.06288211094030771,-0.04405662417411804,-0.1434583067893982,-0.057258509563297366,-0.03783252835273743,-0.09844756126403809,-0.0393329863418046
T,0.0,0.0,0.0,0.060675233602523804,-0.05570340156555176,-0.03992976709139384,0.09593889117240906,-0.1616133451461792,-0.05254579051268138,0.08445653319358826,-0.2581747770309448,-0.06206113560926951,0.07487937808036804,-0.33724546432495117,-0.0652405591202978,0.0896482765674591,-0.22811025381088257,-0.017222712699890508,0.10820475220680237,-0.3017885684967041,-0.0660156132174734,0.08058694005012512,-0.2423865795135498,-0.09133215709459819,0.061519473791122437,-0.1747766137123108,-0.09820037050974406,0.035832613706588745,-0.2290903925895691,-0.011762637597144021,0.03981843590736389,-0.3071686029434204,-0.07193690999281444,0.026751428842544556,-0.22118878364562988,-0.08938811435234584,0.028812438249588013,-0.14126938581466675,-0.08248975588810481,-0.012109488248825073,-0.21945405006408691,-0.014291709241092576,-0.009517818689346313,-0.2473604679107666,-0.07477312995922603,-0.008399218320846558,-0.15013283491134644,-0.07196810557377376,-0.001217186450958252,-0.08426415920257568,-0.049221099306464566,-0.05958035588264465,-0.2019747495651245,-0.01934229484629668,-0.04799622297286987,-0.2189977765083313,-0.059915841509223355,-0.0433732271194458,-0.14356356859207153,-0.054751590777755155,-0.03728222846984863,-0.09856092929840088,-0.036910627920747174
T,0.0,0.0,0.0,0.06073594093322754,-0.05576968193054199,-0.04130191725374743,0.09655869007110596,-0.16088581085205078,-0.05447868999721095,0.08560341596603394,-0.2577176094055176,-0.0643824897396712,0.0753830075263977,-0.3366483449935913,-0.06789070737244174,0.08956092596054077,-0.2286267876625061,-0.01844130453349635,0.10762274265289307,-0.3025074005126953,-0.0683536491978316,0.07869929075241089,-0.24401485919952393,-0.09437116604925677,0.0589943528175354,-0.17612648010253906,-0.10144578289867923,0.03558015823364258,-0.22936636209487915,-0.012279446205809563,0.038344740867614746,-0.3060795068740845,-0.0741563476312308,0.024891316890716553,-0.21936136484146118,-0.09215617549301669,0.027531147003173828,-0.13769632577896118,-0.08517551791550204,-0.012067079544067383,-0.21951067447662354,-0.014351732997909039,-0.011048853397369385,-0.24541640281677246,-0.0760200880158095,-0.009887218475341797,-0.14870768785476685,-0.07388060909391925,-0.002025514841079712,-0.08193230628967285,-0.05106161159159228,-0.05940321087837219,-0.2028025984764099,-0.019067242710605115,-0.049320340156555176,-0.2221207618713379,-0.059620816229596585,-0.04542019963264465,-0.1479066014289856,-0.05457982790352389,-0.03913003206253052,-0.10220152139663696,-0.03667825084806964
T,0.0,0.0,0.0,0.061565935611724854,-0.05593240261077881,-0.03983127072689285,0.0987197756767273,-0.16333025693893433,-0.05228513226148834,0.0875236988067627,-0.2596381902694702,-0.061542098673555756,0.0772937536239624,-0.33680447936058044,-0.06440550953385582,0.09000962972640991,-0.22752630710601807,-0.01969648644563904,0.10808652639389038,-0.30099713802337646,-0.0686276268982624,0.07930076122283936,-0.24065029621124268,-0.09378032505748024,0.0595209002494812,-0.1726880669593811,-0.10066224009034386,0.03590857982635498,-0.22880125045776367,-0.014143650683138276,0.03915226459503174,-0.30548369884490967,-0.07548904538390389,0.02599775791168213,-0.21993058919906616,-0.093253859581921,0.02817666530609131,-0.1387711763381958,-0.08655863374707451,-0.011802464723587036,-0.21979010105133057,-0.016356035398814583,-0.010170459747314453,-0.24661791324615479,-0.07661990195748558,-0.00858190655708313,-0.15011060237884521,-0.07380464047429314,-0.001148313283920288,-0.08307421207427979,-0.05127247169849625,-0.05899837613105774,-0.2037639021873474,-0.021190916451189423,-0.04837557673454285,-0.21918731927871704,-0.06135769307849159,-0.043691039085388184,-0.14443838596343994,-0.056661659183475876,-0.03721460700035095,-0.09937804937362671,-0.039374375047657395
T,0.0,0.0,0.0,0.06310209631919861,-0.055849671363830566,-0.03922246394355966,0.09970715641975403,-0.16364705562591553,-0.051170565166074766,0.08666655421257019,-0.26008009910583496,-0.05997236443360521,0.0754258930683136,-0.33768463134765625,-0.062360856660205854,0.08866897225379944,-0.22580701112747192,-0.019685469545919432,0.10870638489723206,-0.299771249294281,-0.06783610580166055,0.08038344979286194,-0.23951613903045654,-0.0922999307294674,0.059986621141433716,-0.1718822717666626,-0.09891879556377603,0.03442719578742981,-0.22724848985671997,-0.014401339903969301,0.03944167494773865,-0.3033636212348938,-0.07446542380054666,0.027063637971878052,-0.21927160024642944,-0.09176837650736047,0.028800994157791138,-0.13928759098052979,-0.08543284980257226,-0.01334148645401001,-0.21823906898498535,-0.01674769816597177,-0.009215503931045532,-0.2448682188987732,-0.07611098138292505,-0.007796108722686768,-0.1480109691619873,-0.07279443738659097,-0.0014189481735229492,-0.081118643283844,-0.050457328536111845,-0.06060627102851868,-0.2022383213043213,-0.021691657580930723,-0.04756250977516174,-0.21659636497497559,-0.061345126458007826,-0.04299497604370117,-0.14193624258041382,-0.056396290638048185,-0.03742453455924988,-0.09724795818328857,-0.03928329793413354
T,0.0,0.0,0.0,0.06081536412239075,-0.05180692672729492,-0.03978682769201214,0.09829637408256531,-0.15855354070663452,-0.05184865830204899,0.08668133616447449,-0.25602084398269653,-0.06048621697090084,0.07583513855934143,-0.33499395847320557,-0.06280397711060459,0.08976760506629944,-0.22599488496780396,-0.019529699289421387,0.10793396830558777,-0.3008103370666504,-0.0666460254576009,0.079954594373703,-0.24175268411636353,-0.09042912063858921,0.060782045125961304,-0.17468154430389404,-0.09670700220129902,0.035657018423080444,-0.22769904136657715,-0.013780601264159031,0.0383056104183197,-0.30419349670410156,-0.07247042743227894,0.02652803063392639,-0.2207127809524536,-0.08919157920144016,0.02947816252708435,-0.14249861240386963,-0.08251570997498447,-0.012329250574111938,-0.2186671495437622,-0.015666059159855195,-0.010655730962753296,-0.24509668350219727,-0.07470515457652027,-0.00823909044265747,-0.14887648820877075,-0.07176278618834431,-4.8607587814331055e-05,-0.083560049533844,-0.04966412944457943,-0.05902746319770813,-0.20178264379501343,-0.02004311693571026,-0.04819396138191223,-0.2172914743423462,-0.059850596764306374,-0.043261200189590454,-0.14296144247055054,-0.055085734405736275,-0.036661893129348755,-0.0986815094947815,-0.03798944217822964
T,0.0,0.0,0.0,0.06077572703361511,-0.05308341979980469,-0.03974330343987731,0.09784552454948425,-0.16038310527801514,-0.05174121924426345,0.08638504147529602,-0.25839805603027344,-0.06044082262303618,0.07524362206459045,-0.33709776401519775,-0.06285980635072974,0.08931681513786316,-0.22576123476028442,-0.018559971011541165,0.10826954245567322,-0.29997724294662476,-0.06603014015342978,0.08071783185005188,-0.24141275882720947,-0.09048312448646811,0.06091359257698059,-0.17405426502227783,-0.09717155539181022,0.03544875979423523,-0.22764134407043457,-0.012930881350598611,0.038779765367507935,-0.3040490746498108,-0.07169205241586951,0.02723410725593567,-0.2208372950553894,-0.08880071633245734,0.02948853373527527,-0.1420741081237793,-0.08241528563883094,-0.012435674667358398,-0.21880292892456055,-0.015061887099705018,-0.009770184755325317,-0.24541819095611572,-0.0742693572559574,-0.007396191358566284,-0.14910292625427246,-0.0715794443407276,-4.8220157623291016e-05,-0.0833844542503357,-0.04961127706553725,-0.05923667550086975,-0.20213204622268677,-0.01973519951786784,-0.04707363247871399,-0.216891348361969,-0.0598427905955532,-0.04230135679244995,-0.14218080043792725,-0.05527856492187766,-0.03637516498565674,-0.09768742322921753,-0.03829904191877631
T,0.0,0.0,0.0,0.06028646230697632,-0.051398277282714844,-0.04032297407431429,0.09759819507598877,-0.1580348014831543,-0.05257448901576822,0.08538556098937988,-0.2553172707557678,-0.061308830726574115,0.07416987419128418,-0.3339217007160187,-0.06366542329234903,0.08902812004089355,-0.22379857301712036,-0.02041969609601324,0.10691225528717041,-0.29915642738342285,-0.06806057294053858,0.07947999238967896,-0.23857027292251587,-0.09187277753991907,0.060640037059783936,-0.1710963249206543,-0.09801365037603205,0.035181283950805664,-0.22514307498931885,-0.014668094675670318,0.03777503967285156,-0.30435848236083984,-0.07384226073665445,0.025924623012542725,-0.21998357772827148,-0.09047086139364069,0.028522372245788574,-0.14075177907943726,-0.08346763600749796,-0.012626826763153076,-0.21606630086898804,-0.016625137749741725,-0.011671215295791626,-0.2430374026298523,-0.07621896614475077,-0.009212523698806763,-0.1461787223815918,-0.07312605877561396,-0.0013387799263000488,-0.08078348636627197,-0.05071285342020815,-0.05930843949317932,-0.1996890902519226,-0.021127639088462047,-0.04924333095550537,-0.21489816904067993,-0.06126491327924555,-0.04442057013511658,-0.14001750946044922,-0.05629107703609293,-0.038288235664367676,-0.09557086229324341,-0.03897210558099573
T,0.0,0.0,0.0,0.06031721830368042,-0.05148303508758545,-0.040398304049944045,0.09854310750961304,-0.1602345108985901,-0.05247811663625157,0.08710616827011108,-0.2582496404647827,-0.06099693167683995,0.07587039470672607,-0.33635973930358887,-0.06315041396496213,0.08892649412155151,-0.226046621799469,-0.020095127333974006,0.10697805881500244,-0.29779648780822754,-0.0682379535186044,0.07933634519577026,-0.23688584566116333,-0.09275406662104047,0.05930894613265991,-0.1690080761909485,-0.09917993161556637,0.03479576110839844,-0.22796177864074707,-0.014255972278391482,0.037962377071380615,-0.3039669990539551,-0.07363464001295483,0.0260237455368042,-0.22058671712875366,-0.09060532662746823,0.027875185012817383,-0.14120465517044067,-0.08375016662952817,-0.013174116611480713,-0.21946829557418823,-0.01621030520377076,-0.011223047971725464,-0.2429509162902832,-0.07580915156481183,-0.009538114070892334,-0.14630556106567383,-0.07303302053091443,-0.002390146255493164,-0.0805814266204834,-0.05070068377730763,-0.059736669063568115,-0.20365464687347412,-0.020767894272779586,-0.048312097787857056,-0.21605247259140015,-0.060576961075042846,-0.04412013292312622,-0.14131003618240356,-0.055812173222278716,-0.03838345408439636,-0.09702503681182861,-0.03859201136705792
T,0.0,0.0,0.0,0.06021440029144287,-0.052402496337890625,-0.04000821002986754,0.09673720598220825,-0.15914076566696167,-0.05228536241915549,0.08494579792022705,-0.2559112310409546,-0.061128233012226474,0.07365870475769043,-0.3344583809375763,-0.0636756684747013,0.087116539478302,-0.22593086957931519,-0.020054420840409648,0.10586601495742798,-0.29939043521881104,-0.06831443720724906,0.07944107055664062,-0.23925364017486572,-0.09275588059094275,0.060311317443847656,-0.17186099290847778,-0.09910154008534278,0.033574700355529785,-0.22753262519836426,-0.01433686298545922,0.03724473714828491,-0.30338263511657715,-0.07335532867577399,0.025731921195983887,-0.2188410758972168,-0.08980083131459082,0.027702748775482178,-0.1400623917579651,-0.08279388063814963,-0.014060258865356445,-0.21859455108642578,-0.01642592848506297,-0.011708438396453857,-0.24368321895599365,-0.07592892312672461,-0.009732186794281006,-0.14653319120407104,-0.07267795914080466,-0.0025863051414489746,-0.08082282543182373,-0.050176419701841724,-0.06089150905609131,-0.20214056968688965,-0.021062571939495456,-0.04970717430114746,-0.2154982089996338,-0.06106630378630484,-0.04508236050605774,-0.1403214931488037,-0.056121725973156344,-0.039176374673843384,-0.09569495916366577,-0.038780574139622104
T,0.0,0.0,0.0,0.06030559539794922,-0.052667856216430664,-0.040188157848888295,0.09684324264526367,-0.15747708082199097,-0.052707755856090444,0.08486449718475342,-0.25391489267349243,-0.06178638144569959,0.07440012693405151,-0.331989586353302,-0.06462097346025075,0.08828872442245483,-0.22610962390899658,-0.019763005815320867,0.10570549964904785,-0.29823482036590576,-0.06774899541574086,0.07791191339492798,-0.23851901292800903,-0.09223868875938024,0.059276044368743896,-0.1713811755180359,-0.09878907530742254,0.03450042009353638,-0.22685503959655762,-0.013878445990258115,0.03692752122879028,-0.3019896149635315,-0.07330487101512517,0.024934470653533936,-0.21744787693023682,-0.09004387437539663,0.0281447172164917,-0.13833630084991455,-0.08306769459682073,-0.012899816036224365,-0.21720564365386963,-0.015776663936549085,-0.011876910924911499,-0.2426775097846985,-0.075500124983364,-0.00987464189529419,-0.14684706926345825,-0.07270567297177877,-0.0016348659992218018,-0.08124476671218872,-0.050348305992656606,-0.05939808487892151,-0.1999402642250061,-0.02020707345741357,-0.049547404050827026,-0.21563106775283813,-0.060364494018131154,-0.04513409733772278,-0.14135849475860596,-0.05573411836462583,-0.038610607385635376,-0.0963483452796936,-0.038514779798560994
T,0.0,0.0,0.0,0.06018754839897156,-0.05267220735549927,-0.04014327688665276,0.09614458680152893,-0.1580967903137207,-0.05254287584276085,0.08398321270942688,-0.25463199615478516,-0.0615628839895237,0.07350191473960876,-0.3324640095233917,-0.06426988853664284,0.08760550618171692,-0.22553402185440063,-0.019204619662474443,0.1054474413394928,-0.2969176173210144,-0.06750865592212563,0.07840082049369812,-0.23673897981643677,-0.09220997555704002,0.0593588650226593,-0.16933155059814453,-0.09873676611633186,0.03398659825325012,-0.22653675079345703,-0.013446384431432534,0.03701356053352356,-0.3018301725387573,-0.07283131344766502,0.02526870369911194,-0.21796762943267822,-0.0897245512768734,0.027611583471298218,-0.13919955492019653,-0.08287533684224968,-0.013362854719161987,-0.21709555387496948,-0.015561836162220288,-0.011447221040725708,-0.24207627773284912,-0.07542666359395866,-0.0095120370388031,-0.14589905738830566,-0.07274745716304665,-0.002045869827270508,-0.08027011156082153,-0.05040740160794144,-0.05971834063529968,-0.20014142990112305,-0.02022834433765297,-0.04880034923553467,-0.21489828824996948,-0.060399036245058824,-0.044528305530548096,-0.14050614833831787,-0.055791314081858445,-0.0386221706867218,-0.09570205211639404,-0.038596111671637345
T,0.0,0.0,0.0,0.06004646420478821,-0.05136221647262573,-0.03996822361372665,0.09684601426124573,-0.15617060661315918,-0.05279560883067802,0.08392509818077087,-0.25191110372543335,-0.06201714773200706,0.07254847884178162,-0.3292664587497711,-0.0649380211951609,0.08748343586921692,-0.22305172681808472,-0.02225356486164287,0.10553190112113953,-0.29611414670944214,-0.07043907542251304,0.07788708806037903,-0.2358739972114563,-0.09453548986934379,0.05900976061820984,-0.1691080927848816,-0.10079455126546577,0.03390660881996155,-0.22379428148269653,-0.01665976766966537,0.03768053650856018,-0.30166125297546387,-0.07630706329368309,0.025586873292922974,-0.2177712321281433,-0.0928417344810839,0.02776351571083069,-0.13877874612808228,-0.08579065401576713,-0.013172715902328491,-0.21458983421325684,-0.018591112759935413,-0.011861473321914673,-0.24076956510543823,-0.07799246658109382,-0.009639173746109009,-0.14488250017166138,-0.07462197293065742,-0.0019382834434509277,-0.07979267835617065,-0.052095246803986583,-0.05932152271270752,-0.1984163522720337,-0.023017031443345104,-0.04914715886116028,-0.2150173783302307,-0.06248116616629318,-0.04475918412208557,-0.1407492756843567,-0.05712654564999298,-0.03886193037033081,-0.09630483388900757,-0.039666549605357204
T,0.0,0.0,0.0,0.05953943729400635,-0.05169135332107544,-0.03877760836132893,0.09590214490890503,-0.15399610996246338,-0.05109697574027905,0.08379507064819336,-0.24871379137039185,-0.060162279691780896,0.07373994588851929,-0.3253139853477478,-0.06312935420521626,0.0875014066696167,-0.21965056657791138,-0.020200122084702343,0.10476547479629517,-0.29229098558425903,-0.06673699983605275,0.0769992470741272,-0.2327471375465393,-0.08989602693566212,0.05843400955200195,-0.16698533296585083,-0.09578612067946324,0.03440260887145996,-0.21978318691253662,-0.015040573600913376,0.03681468963623047,-0.29680436849594116,-0.07310677685984501,0.024876773357391357,-0.21373051404953003,-0.08916515478142628,0.027798950672149658,-0.1360674500465393,-0.08225053169974217,-0.012594252824783325,-0.2102375626564026,-0.017274917971576542,-0.011538505554199219,-0.23782813549041748,-0.07595667609223256,-0.009725838899612427,-0.14252835512161255,-0.07265807309397587,-0.001940995454788208,-0.07738161087036133,-0.05036847659596333,-0.05813416838645935,-0.1935827136039734,-0.02186813199170956,-0.04829901456832886,-0.21297770738601685,-0.06092390411743054,-0.044379234313964844,-0.13993126153945923,-0.05546953150280842,-0.038982123136520386,-0.09499561786651611,-0.038093037840212673
T,0.0,0.0,0.0,0.060449689626693726,-0.04946470260620117,-0.03911602175725193,0.09816291928291321,-0.15372687578201294,-0.05131185478461475,0.08541133999824524,-0.24882173538208008,-0.060019236569530676,0.07405653595924377,-0.32483580708503723,-0.06251670843852253,0.08707812428474426,-0.21819007396697998,-0.022344787185318182,0.10600581765174866,-0.29078590869903564,-0.06906214035046787,0.07885286211967468,-0.23057085275650024,-0.09170545316231937,0.05965372920036316,-0.16465401649475098,-0.09709692425025196,0.03395882248878479,-0.21891385316848755,-0.01706474325550289,0.03788653016090393,-0.29586517810821533,-0.07518468475831241,0.026126831769943237,-0.21278148889541626,-0.0906946626950571,0.02825590968132019,-0.13511067628860474,-0.0834339079905817,-0.012928754091262817,-0.20997852087020874,-0.01912615313125343,-0.010127365589141846,-0.2371010184288025,-0.07752736336482258,-0.008848190307617188,-0.14121657609939575,-0.07363506085170002,-0.0021504461765289307,-0.07603013515472412,-0.05113122290862293,-0.058504968881607056,-0.1941375732421875,-0.023604238917357634,-0.04684600234031677,-0.21256792545318604,-0.062265258793956946,-0.04344263672828674,-0.13922357559204102,-0.05648972145212383,-0.03895244002342224,-0.0946739912033081,-0.039067201827890585
T,0.0,0.0,0.0,0.06126144528388977,-0.04952603578567505,-0.03872273274549798,0.09819212555885315,-0.14882820844650269,-0.051887949638455666,0.0846281349658966,-0.24309968948364258,-0.06161979743131951,0.07415696978569031,-0.3187703490257263,-0.06529997073897675,0.08663740754127502,-0.21395349502563477,-0.02271599479803399,0.10475733876228333,-0.2856713533401489,-0.06979292415866212,0.07814422249794006,-0.22630542516708374,-0.09297596447953538,0.060000091791152954,-0.1607530117034912,-0.09888742648848847,0.03425291180610657,-0.21309304237365723,-0.017873618461578644,0.038338273763656616,-0.29070329666137695,-0.07701466762313203,0.02649673819541931,-0.20837736129760742,-0.0935627722073491,0.02851232886314392,-0.13062632083892822,-0.08706472598800019,-0.012093991041183472,-0.20286214351654053,-0.02010340028294877,-0.010004818439483643,-0.23163777589797974,-0.0796729155708249,-0.00807565450668335,-0.13709896802902222,-0.07611368381270722,-0.0005922615528106689,-0.0721784234046936,-0.05360728659519509,-0.05704638361930847,-0.18553078174591064,-0.024545902096122063,-0.04697689414024353,-0.20701313018798828,-0.06421569519528703,-0.0433526337146759,-0.13393765687942505,-0.05838026636132554,-0.038799166679382324,-0.08899521827697754,-0.040768703155606545
T,0.0,0.0,0.0,0.05875614285469055,-0.05142533779144287,-0.03561653641821749,0.09335508942604065,-0.14499038457870483,-0.04968068821193583,0.08108159899711609,-0.23337560892105103,-0.06125789580704577,0.0663747489452362,-0.3062801957130432,-0.06714517695667155,0.08422854542732239,-0.20547997951507568,-0.021031725013870073,0.09993395209312439,-0.2746199369430542,-0.06844153327705271,0.07615938782691956,-0.2182859182357788,-0.0933429531550587,0.05920317769050598,-0.15710878372192383,-0.10040639413358576,0.03332677483558655,-0.20266610383987427,-0.017872464636582208,0.037224799394607544,-0.2802843451499939,-0.07689017874957926,0.028210550546646118,-0.20270860195159912,-0.09491743219854243,0.030100375413894653,-0.12862324714660645,-0.08987854493619807,-0.011640995740890503,-0.1924189329147339,-0.02133407702507384,-0.008779168128967285,-0.22144824266433716,-0.08011668247939951,-0.005922764539718628,-0.13121646642684937,-0.07731844557287104,0.0002333223819732666,-0.07039463520050049,-0.0556052855944813,-0.054319173097610474,-0.1774318814277649,-0.02672221584083445,-0.0433214008808136,-0.20107394456863403,-0.06453253401281245,-0.039253830909729004,-0.13068324327468872,-0.05787186769606478,-0.03530389070510864,-0.08773267269134521,-0.04014496950270541
T,0.0,0.0,0.0,0.056715190410614014,-0.045986831188201904,-0.03610022045594974,0.09287005662918091,-0.14357900619506836,-0.047655031605785325,0.0828428864479065,-0.2330191731452942,-0.05640978790742679,0.06952422857284546,-0.3037048578262329,-0.05941446177584453,0.08153504133224487,-0.2021227478981018,-0.019359758644526437,0.09941959381103516,-0.26981544494628906,-0.06459588609558864,0.07504928112030029,-0.21410101652145386,-0.08765456132513805,0.057266175746917725,-0.15274488925933838,-0.09390629134995265,0.03265833854675293,-0.20184540748596191,-0.015132975354021028,0.03636902570724487,-0.27276143431663513,-0.07184503279549403,0.026593565940856934,-0.1939833164215088,-0.08809223078114314,0.0287589430809021,-0.12028235197067261,-0.08218205027205272,-0.010826259851455688,-0.19204944372177124,-0.017899135648434594,-0.010145634412765503,-0.21659904718399048,-0.07457307778221889,-0.006601691246032715,-0.1275753378868103,-0.07190714083534999,0.0009775161743164062,-0.06724625825881958,-0.051055927350347474,-0.05297595262527466,-0.17673885822296143,-0.022820923998182252,-0.04403039813041687,-0.1930212378501892,-0.060338888838117555,-0.03988194465637207,-0.12352991104125977,-0.055390656515186265,-0.034486234188079834,-0.08171528577804565,-0.03921913035136981
T,0.0,0.0,0.0,0.055476248264312744,-0.043930113315582275,-0.035802407654728086,0.09365373849868774,-0.1429334282875061,-0.04664824763199249,0.0840417742729187,-0.23311281204223633,-0.054502392652238996,0.07002437114715576,-0.3030463457107544,-0.05665440717598358,0.08480203151702881,-0.1995278000831604,-0.018740909638609082,0.10246354341506958,-0.26786965131759644,-0.06297669419905105,0.07561987638473511,-0.21475589275360107,-0.08548914501329818,0.056662797927856445,-0.15489673614501953,-0.09148564049860397,0.035465359687805176,-0.19964951276779175,-0.014584155286456735,0.03856456279754639,-0.2745805084705353,-0.07015902409216324,0.02614724636077881,-0.20034414529800415,-0.08643912384172836,0.027343809604644775,-0.12789571285247803,-0.08067770907541671,-0.008558928966522217,-0.19083571434020996,-0.01721537532171169,-0.00858047604560852,-0.2177625298500061,-0.073197773190941,-0.0076437294483184814,-0.12991857528686523,-0.0705638215865747,-0.0008004605770111084,-0.06990432739257812,-0.04980410495659271,-0.05079969763755798,-0.17665934562683105,-0.021906378212179334,-0.04242753982543945,-0.1953449845314026,-0.058854470493997724,-0.040212273597717285,-0.1263267993927002,-0.05340275401135841,-0.035769522190093994,-0.08460652828216553,-0.03691958123704353
T,0.0,0.0,0.0,0.05649906396865845,-0.042289018630981445,-0.038214277747130154,0.09274452924728394,-0.13559234142303467,-0.05122012672111964,0.08120208978652954,-0.22462844848632812,-0.06087060672328448,0.06866651773452759,-0.297128289937973,-0.06457884636805034,0.08352065086364746,-0.1957411766052246,-0.021745750951623677,0.10152590274810791,-0.26373404264450073,-0.06805533197805858,0.07647603750228882,-0.20872247219085693,-0.09160525378868556,0.05773085355758667,-0.14835292100906372,-0.09788431999371028,0.03551703691482544,-0.19731396436691284,-0.01643255938873267,0.04023808240890503,-0.271831750869751,-0.07423234758064723,0.02870231866836548,-0.19599109888076782,-0.09149473187611079,0.028065919876098633,-0.1228521466255188,-0.08572766956970668,-0.007165014743804932,-0.19033479690551758,-0.01814416264281249,-0.008817881345748901,-0.21399664878845215,-0.075874053212857,-0.006182670593261719,-0.12524759769439697,-0.07457571503803706,0.00039064884185791016,-0.06520676612854004,-0.054038513722872494,-0.0477634072303772,-0.1783856749534607,-0.022070471468424557,-0.04086512327194214,-0.19224697351455688,-0.05989923727796054,-0.03750646114349365,-0.1240350604057312,-0.05583818656489825,-0.032693713903427124,-0.08341455459594727,-0.040083844485735654
T,0.0,0.0,0.0,0.05431744456291199,-0.04244774580001831,-0.03878253736726833,0.08993604779243469,-0.12922030687332153,-0.05310449042551113,0.07765635848045349,-0.21556270122528076,-0.06413507499925686,0.0639508068561554,-0.2866272032260895,-0.06915715375177456,0.08431634306907654,-0.19390392303466797,-0.020083655055685767,0.10130372643470764,-0.25976669788360596,-0.06775551327697826,0.07678040862083435,-0.2051018476486206,-0.09320767262212826,0.05958327651023865,-0.1443384885787964,-0.10052493998043133,0.0370844304561615,-0.19441819190979004,-0.014619537081642875,0.041579097509384155,-0.2696409821510315,-0.07446059622995449,0.02986648678779602,-0.19402873516082764,-0.09407492765419079,0.030134886503219604,-0.12131601572036743,-0.08935624399416042,-0.0048278868198394775,-0.18652665615081787,-0.016150715213342437,-0.0071992576122283936,-0.2109096646308899,-0.07503414937488628,-0.005035728216171265,-0.12436944246292114,-0.0744605813287933,0.0011966228485107422,-0.06612497568130493,-0.05397276246182514,-0.04583039879798889,-0.174446702003479,-0.019890576984806785,-0.040775150060653687,-0.19177842140197754,-0.058002815034313926,-0.03733152151107788,-0.12428998947143555,-0.05318141021959377,-0.0325678288936615,-0.08411186933517456,-0.03650685438148571
T,0.0,0.0,0.0,0.05655905604362488,-0.04141509532928467,-0.03829143447404704,0.09193703532218933,-0.13035428524017334,-0.05234309909468493,0.077887624502182,-0.21696650981903076,-0.063117327816542,0.06502166390419006,-0.2878305912017822,-0.06787009788280329,0.08381345868110657,-0.19211280345916748,-0.02042047557955584,0.10014906525611877,-0.25668078660964966,-0.06816575182205042,0.0770539939403534,-0.20256543159484863,-0.09351662052398524,0.06038501858711243,-0.14300835132598877,-0.10085367662435374,0.035925716161727905,-0.19224321842193604,-0.015546563729401441,0.04000428318977356,-0.2661382555961609,-0.07521025342470011,0.02928951382637024,-0.19293296337127686,-0.09510301304584345,0.029413491487503052,-0.12185370922088623,-0.09117307765012583,-0.0064164698123931885,-0.18444275856018066,-0.0175901900005897,-0.007640838623046875,-0.21062195301055908,-0.07670572651153407,-0.005889087915420532,-0.123299241065979,-0.07595905912643275,-0.0006823539733886719,-0.06498700380325317,-0.0557325693739017,-0.047545045614242554,-0.17294567823410034,-0.021777027003224703,-0.041275978088378906,-0.18838965892791748,-0.0602191301954349,-0.03768232464790344,-0.12078320980072021,-0.05558801693445048,-0.033309221267700195,-0.08182424306869507,-0.03929459182148776
T,0.0,0.0,0.0,0.05398988723754883,-0.04056030511856079,-0.036815152529044326,0.08966690301895142,-0.12761783599853516,-0.049319916430278,0.07851940393447876,-0.21352678537368774,-0.058673975083394225,0.06578540802001953,-0.2827824354171753,-0.06203930548147696,0.0850171446800232,-0.18988323211669922,-0.017230686757130798,0.10049444437026978,-0.2559628486633301,-0.062295929554267104,0.07633167505264282,-0.20456403493881226,-0.0854638675482704,0.05893301963806152,-0.14468145370483398,-0.09153195566253203,0.038435280323028564,-0.19259774684906006,-0.0117841428400709,0.04027301073074341,-0.2639731764793396,-0.06900808310822981,0.02903050184249878,-0.1890120506286621,-0.08698286211804884,0.029781997203826904,-0.11760944128036499,-0.08159960902051466,-0.0028741061687469482,-0.1857469081878662,-0.013277037094695743,-0.0069005489349365234,-0.20835191011428833,-0.07015457099990385,-0.004110127687454224,-0.12367063760757446,-0.06978239214734572,0.002996295690536499,-0.06738454103469849,-0.04999263307766455,-0.04376780986785889,-0.17364352941513062,-0.016764228257699187,-0.03918454051017761,-0.18963098526000977,-0.054018785271210845,-0.03539782762527466,-0.12340819835662842,-0.050058987948460754,-0.029640644788742065,-0.08529853820800781,-0.03427781632856863
T,0.0,0.0,0.0,0.05548927187919617,-0.04018127918243408,-0.035851319867163056,0.09027358889579773,-0.1301056146621704,-0.04805281161048924,0.0763651430606842,-0.2164149284362793,-0.05739587320664441,0.06605973839759827,-0.2855032980442047,-0.060571411239891404,0.08477643132209778,-0.18929904699325562,-0.016692604484944695,0.10178616642951965,-0.2544122338294983,-0.06186539455035245,0.07868000864982605,-0.2022155523300171,-0.08500686808207547,0.06081607937812805,-0.1431778073310852,-0.0908865012107185,0.03750154376029968,-0.1907726526260376,-0.012278752948134297,0.041054219007492065,-0.26333361864089966,-0.06886090858557736,0.030975669622421265,-0.19057530164718628,-0.08677597864249265,0.03109338879585266,-0.12059587240219116,-0.08186818434575116,-0.003989428281784058,-0.18382477760314941,-0.014770678791194314,-0.004365116357803345,-0.20904481410980225,-0.07094515635350263,-0.0031904876232147217,-0.1234862208366394,-0.06969062759259259,0.0016140341758728027,-0.0671224594116211,-0.04968829973319089,-0.044367581605911255,-0.1726999282836914,-0.01928968875387227,-0.035993099212646484,-0.1906145215034485,-0.05477652474024808,-0.032874107360839844,-0.12592673301696777,-0.04958310871103322,-0.029032498598098755,-0.08909988403320312,-0.03353645800331151
T,0.0,0.0,0.0,0.052908360958099365,-0.04125690460205078,-0.0357915178087751,0.08852267265319824,-0.12882405519485474,-0.04789190517340103,0.07578444480895996,-0.2122288942337036,-0.057073389753441006,0.062063634395599365,-0.2796192765235901,-0.060244844868520886,0.08273732662200928,-0.18878817558288574,-0.015417601555327565,0.09880286455154419,-0.25584399700164795,-0.05921696649465957,0.07595056295394897,-0.2038835883140564,-0.08190397696171203,0.05908024311065674,-0.14658623933792114,-0.0879484616366426,0.036734819412231445,-0.18982434272766113,-0.010774436048905045,0.04045403003692627,-0.26407548785209656,-0.06598035024080673,0.029440879821777344,-0.19148921966552734,-0.08382934854898849,0.028670907020568848,-0.1231691837310791,-0.07879758404169479,-0.003989458084106445,-0.18202674388885498,-0.012945256769398839,-0.007531225681304932,-0.20873546600341797,-0.06813048349295059,-0.004902780055999756,-0.12548381090164185,-0.06730007903252044,0.0011654198169708252,-0.07130342721939087,-0.04775834606562057,-0.04378384351730347,-0.16942757368087769,-0.01710320414576927,-0.03892788290977478,-0.1883867383003235,-0.05287110955987373,-0.03505316376686096,-0.1241217851638794,-0.04785619454059997,-0.030386239290237427,-0.0870734453201294,-0.031773039713243634
T,0.0,0.0,0.0,0.05347713828086853,-0.042637646198272705,-0.032814905895520496,0.09023085236549377,-0.12968236207962036,-0.04345544884972696,0.07877257466316223,-0.21197634935379028,-0.051559214397002506,0.06560280919075012,-0.2775830626487732,-0.05426896820836191,0.07955750823020935,-0.18607276678085327,-0.01552316724382763,0.09521046280860901,-0.25288137793540955,-0.05673265541963701,0.07376006245613098,-0.20093566179275513,-0.07781672562532549,0.056885093450546265,-0.1446075439453125,-0.08352916772537355,0.03409269452095032,-0.18731921911239624,-0.012126782825816917,0.036536961793899536,-0.2615472078323364,-0.0634230458276761,0.027174323797225952,-0.18991965055465698,-0.07948467220239763,0.02618005871772766,-0.12214416265487671,-0.07455676878862505,-0.006449669599533081,-0.17899757623672485,-0.015048185280193138,-0.011335790157318115,-0.20533961057662964,-0.06715534712247972,-0.007048934698104858,-0.12369924783706665,-0.06584250266723757,-0.0005598962306976318,-0.07015693187713623,-0.04722555811576967,-0.045597195625305176,-0.1648867130279541,-0.01970687034599905,-0.04226610064506531,-0.183632493019104,-0.0534239568846715,-0.0369318425655365,-0.12192338705062866,-0.04803381572537546,-0.03175383806228638,-0.08590221405029297,-0.03264699961118822
T,0.0,0.0,0.0,0.051674604415893555,-0.04093825817108154,-0.03323311067202894,0.087119460105896,-0.12617617845535278,-0.04492921463230459,0.07899701595306396,-0.2087477445602417,-0.05386801890114157,0.06760579347610474,-0.27581632137298584,-0.057530180430205746,0.08055639266967773,-0.18408572673797607,-0.017635720661075993,0.09567701816558838,-0.2485423982143402,-0.05932874686101286,0.074826180934906,-0.19832372665405273,-0.0809237071035227,0.058351755142211914,-0.1436920166015625,-0.0869192042110285,0.035547077655792236,-0.18547743558883667,-0.013750600507648869,0.038182616233825684,-0.2562098205089569,-0.06502562842348425,0.029559671878814697,-0.18648821115493774,-0.08069659850576727,0.029720425605773926,-0.12143844366073608,-0.07589749327877371,-0.004604995250701904,-0.17792540788650513,-0.016060252553018017,-0.006957381963729858,-0.202556312084198,-0.06774169287660925,-0.003702104091644287,-0.12183022499084473,-0.06564804247597067,0.002644956111907959,-0.06917881965637207,-0.04672898433187811,-0.04317691922187805,-0.16437500715255737,-0.02019017084518282,-0.03775930404663086,-0.1817835569381714,-0.053799019074233456,-0.033492863178253174,-0.1196596622467041,-0.04843092418292372,-0.028527498245239258,-0.0840533971786499,-0.03304170898178427
T,0.0,0.0,0.0,0.05296701192855835,-0.04492294788360596,-0.03182014830454705,0.0864608883857727,-0.1267944574356079,-0.04241207249506829,0.07615619897842407,-0.2063812017440796,-0.050980687216366505,0.06532639265060425,-0.2707034945487976,-0.05426802866205094,0.0799834132194519,-0.18340355157852173,-0.010067186393285965,0.09521180391311646,-0.2452237606048584,-0.050887629464710926,0.073769211769104,-0.19720858335494995,-0.07316919796213028,0.05807149410247803,-0.1429629921913147,-0.07970347635492203,0.0360032320022583,-0.18363267183303833,-0.0065752636459421865,0.0402563214302063,-0.2530521750450134,-0.05769735954746125,0.03085535764694214,-0.18388229608535767,-0.07491889976009247,0.03126305341720581,-0.11770349740982056,-0.07088951401456711,-0.0028583109378814697,-0.17484229803085327,-0.009571057819272255,-0.002597302198410034,-0.20353513956069946,-0.06056933857544777,-0.0003428161144256592,-0.12488102912902832,-0.05945802114948151,0.004629611968994141,-0.07150256633758545,-0.04116598151668427,-0.041298627853393555,-0.16046088933944702,-0.0144650843743932,-0.033802926540374756,-0.18107831478118896,-0.04773980014070389,-0.0305023193359375,-0.12025177478790283,-0.04275603599890587,-0.026731431484222412,-0.08357864618301392,-0.027557810843433117
T,0.0,0.0,0.0,0.05255576968193054,-0.044229865074157715,-0.030782035351222703,0.08420315384864807,-0.12777888774871826,-0.04118817931455965,0.07393577694892883,-0.20713824033737183,-0.04966503641051645,0.06586912274360657,-0.2717844247817993,-0.05282183250827188,0.07798931002616882,-0.18052685260772705,-0.012334039234048078,0.09411022067070007,-0.24435535073280334,-0.05296973398370142,0.07230845093727112,-0.19524520635604858,-0.07440196982068414,0.055111318826675415,-0.14072585105895996,-0.0803726266924798,0.034318357706069946,-0.18120265007019043,-0.009396824785000035,0.037997156381607056,-0.2507282793521881,-0.059556471914476106,0.028444677591323853,-0.18129241466522217,-0.07525145521802301,0.028775185346603394,-0.11558258533477783,-0.07080364486617441,-0.0042618513107299805,-0.17304569482803345,-0.012777113154953668,-0.0034193992614746094,-0.20283883810043335,-0.06298084816378946,-0.0025842487812042236,-0.12267535924911499,-0.06046908235592241,0.0021328330039978027,-0.0685262680053711,-0.04168635866088266,-0.04206150770187378,-0.15940672159194946,-0.018000571787780473,-0.03403857350349426,-0.1806197166442871,-0.050646560997194,-0.03143876791000366,-0.11992692947387695,-0.045141353071159074,-0.027695506811141968,-0.08325004577636719,-0.029929796964353272
T,0.0,0.0,0.0,0.052784085273742676,-0.0452083945274353,-0.031892899652660844,0.08572697639465332,-0.12827664613723755,-0.04218640946382379,0.07626491785049438,-0.20802032947540283,-0.05053072818154192,0.06752520799636841,-0.2722598612308502,-0.05357924126619196,0.07818114757537842,-0.18150877952575684,-0.010601009471059797,0.09412384033203125,-0.24081337451934814,-0.05154223017925119,0.07063508033752441,-0.1912750005722046,-0.07382249482506609,0.052857279777526855,-0.1367998719215393,-0.08038621791237688,0.034661173820495605,-0.18195903301239014,-0.006838119817615507,0.03892296552658081,-0.24736839532852173,-0.05818383418554163,0.02827274799346924,-0.17902636528015137,-0.07515500136250353,0.028121352195739746,-0.1131356954574585,-0.07116773374909258,-0.003592848777770996,-0.17364931106567383,-0.009643776571095941,-0.0026932358741760254,-0.20027518272399902,-0.0606635699474225,-0.0017258524894714355,-0.1214948296546936,-0.05954353161686754,0.0029050707817077637,-0.06681638956069946,-0.04126635216707086,-0.04121783375740051,-0.16062039136886597,-0.014415000794173238,-0.033323466777801514,-0.17855554819107056,-0.04757288866275644,-0.030840516090393066,-0.11859655380249023,-0.04320867755049562,-0.026734769344329834,-0.08189672231674194,-0.028545534467042444
T,0.0,0.0,0.0,0.05308675765991211,-0.04393237829208374,-0.03134377674010125,0.08550214767456055,-0.12758076190948486,-0.04126721621301499,0.07592374086380005,-0.20722872018814087,-0.049117658294704825,0.06742548942565918,-0.2716146409511566,-0.051653280861643225,0.07798075675964355,-0.18026769161224365,-0.011122016243604094,0.09433209896087646,-0.2394832968711853,-0.05124956370141831,0.07108873128890991,-0.18952691555023193,-0.07253088057782975,0.05281728506088257,-0.13560080528259277,-0.07849190384891358,0.034581780433654785,-0.18114417791366577,-0.00737888133895126,0.038375139236450195,-0.246177077293396,-0.057864960290459067,0.02855360507965088,-0.17686939239501953,-0.07400120050456849,0.028620481491088867,-0.11128771305084229,-0.06965236366536942,-0.0036412179470062256,-0.1730262041091919,-0.010008842691746622,-0.002396523952484131,-0.1990288496017456,-0.06036506966498223,-0.001371920108795166,-0.11930680274963379,-0.05866337568309632,0.0028673112392425537,-0.06490027904510498,-0.04018751532581177,-0.04124730825424194,-0.15977191925048828,-0.014510851360824972,-0.03231734037399292,-0.1775783896446228,-0.04712329805639115,-0.02979874610900879,-0.11727648973464966,-0.04244513810422745,-0.026151955127716064,-0.0811532735824585,-0.027739726014402777
T,0.0,0.0,0.0,0.052279114723205566,-0.04422783851623535,-0.029191647266401333,0.08440035581588745,-0.12682104110717773,-0.03839929083491711,0.07565289735794067,-0.20468801259994507,-0.04581421295310406,0.06695157289505005,-0.2673536539077759,-0.04830885732675938,0.07691425085067749,-0.17818337678909302,-0.011235937086297554,0.09204834699630737,-0.23668727278709412,-0.04962291250134854,0.06884682178497314,-0.18909800052642822,-0.07011029550935177,0.051637113094329834,-0.135880708694458,-0.07609473595525174,0.03372001647949219,-0.17899870872497559,-0.00839509962256102,0.03729814291000366,-0.2428707480430603,-0.05699358189608006,0.026851654052734375,-0.17552387714385986,-0.07227687964345364,0.027366578578948975,-0.11022001504898071,-0.06799206564332394,-0.004443615674972534,-0.1707414984703064,-0.011512516607893986,-0.003910630941390991,-0.195542573928833,-0.05996154302860646,-0.00322645902633667,-0.11857974529266357,-0.05811420509721188,0.00209730863571167,-0.06510728597640991,-0.04035231525207905,-0.0414121150970459,-0.15689533948898315,-0.016349934582962078,-0.0339755117893219,-0.173289954662323,-0.04816376099492459,-0.031069457530975342,-0.11445456743240356,-0.04372495094443707,-0.0261765718460083,-0.07873296737670898,-0.029635262285722774
T,0.0,0.0,0.0,0.052373647689819336,-0.045950114727020264,-0.028662204507583056,0.08370769023895264,-0.1277543306350708,-0.0379709189271864,0.07541203498840332,-0.20418387651443481,-0.04571176296829549,0.06645196676254272,-0.26575905084609985,-0.04872686764954892,0.07425904273986816,-0.1771811842918396,-0.010569300267690096,0.08964502811431885,-0.2345445454120636,-0.049538314107650194,0.06738591194152832,-0.18836313486099243,-0.0711783987915453,0.049980998039245605,-0.13477694988250732,-0.07791883474945394,0.031866371631622314,-0.17712974548339844,-0.007977012310021792,0.03530991077423096,-0.23891466856002808,-0.05692638805865613,0.025841176509857178,-0.17267340421676636,-0.07306500500797597,0.026636838912963867,-0.10749280452728271,-0.06961311376451818,-0.005471587181091309,-0.16786432266235352,-0.011339300077253256,-0.003962516784667969,-0.19340753555297852,-0.059495687249892626,-0.003187835216522217,-0.11813819408416748,-0.057723462346785936,0.0014622211456298828,-0.06481927633285522,-0.040307402375930224,-0.042307138442993164,-0.1535038948059082,-0.01647579832732049,-0.03389549255371094,-0.17014139890670776,-0.048012431476109896,-0.031171828508377075,-0.11218118667602539,-0.04343343130111066,-0.026780307292938232,-0.07656794786453247,-0.029387729007595453
T,0.0,0.0,0.0,0.05128365755081177,-0.04318469762802124,-0.029662399785479465,0.08349192142486572,-0.12561190128326416,-0.0393774372058715,0.07460135221481323,-0.2024857997894287,-0.04705609870131866,0.06549137830734253,-0.26426488161087036,-0.049902529688438335,0.07448464632034302,-0.17569178342819214,-0.013564165914317527,0.09028208255767822,-0.23384705185890198,-0.052440841914972225,0.06804460287094116,-0.18835115432739258,-0.07316031050856964,0.05044287443161011,-0.13470596075057983,-0.0792457361238803,0.03199821710586548,-0.17541927099227905,-0.010625010589023987,0.0350193977355957,-0.2378661036491394,-0.05919863772567169,0.025567352771759033,-0.1721184253692627,-0.07442282629187957,0.026282012462615967,-0.10802537202835083,-0.07048281026061431,-0.0054631829261779785,-0.1659395694732666,-0.013555377954503456,-0.004662364721298218,-0.19186866283416748,-0.06197161716397659,-0.003777921199798584,-0.11622101068496704,-0.05962308985169784,0.0010527372360229492,-0.0637507438659668,-0.04188441601570503,-0.04226100444793701,-0.15112584829330444,-0.018218116136154094,-0.03453779220581055,-0.16825562715530396,-0.05027018231328384,-0.031607627868652344,-0.11012566089630127,-0.0454223391133155,-0.027240991592407227,-0.07528722286224365,-0.03114408743556396
T,0.0,0.0,0.0,0.05126488208770752,-0.041959941387176514,-0.02974601624541151,0.08266836404800415,-0.12285846471786499,-0.039629101511167164,0.07281249761581421,-0.19930964708328247,-0.04735826304190027,0.06479412317276001,-0.2609146535396576,-0.05025050764911043,0.07508838176727295,-0.17234140634536743,-0.013666105214582558,0.08998197317123413,-0.23157191276550293,-0.052344005312846775,0.06768196821212769,-0.1873723268508911,-0.0729488877021538,0.05071389675140381,-0.1342869997024536,-0.07909038638703692,0.032764434814453125,-0.17241543531417847,-0.010702883582638378,0.03526955842971802,-0.23630642890930176,-0.05934418713681566,0.025804460048675537,-0.1706986427307129,-0.07467518722646105,0.02687358856201172,-0.10643833875656128,-0.07066204374663698,-0.004479944705963135,-0.16320103406906128,-0.013533374983893509,-0.005024850368499756,-0.1898329257965088,-0.062229886408971424,-0.0036886930465698242,-0.1141015887260437,-0.060010161008762,0.0021709203720092773,-0.06206786632537842,-0.042223211135791416,-0.04080086946487427,-0.148185133934021,-0.018060676511453266,-0.03452780842781067,-0.16551589965820312,-0.05071162035696375,-0.03147256374359131,-0.1071392297744751,-0.04606042033069002,-0.026520073413848877,-0.07220661640167236,-0.03176359063022005
T,0.0,0.0,0.0,0.05090534687042236,-0.04068100452423096,-0.030368979436246946,0.08221018314361572,-0.1188308596611023,-0.04084475093790729,0.07242286205291748,-0.19496750831604004,-0.04916636401125629,0.06467056274414062,-0.2567904591560364,-0.05253240221449573,0.07630085945129395,-0.16957539319992065,-0.012879356157867505,0.09015041589736938,-0.22788968682289124,-0.051988871184079244,0.0679025650024414,-0.18314588069915771,-0.07303379976460178,0.05160790681838989,-0.13090091943740845,-0.07939639442869861,0.034641921520233154,-0.16973769664764404,-0.00977126171150644,0.037180423736572266,-0.2352004051208496,-0.05892874055811603,0.02728325128555298,-0.17126137018203735,-0.07514316343971927,0.027385354042053223,-0.10836571455001831,-0.07156339788147648,-0.0023213624954223633,-0.161099374294281,-0.012587516915885999,-0.0038260221481323242,-0.1875840425491333,-0.061783188369958,-0.002269566059112549,-0.11286646127700806,-0.060578891423432424,0.003104090690612793,-0.06193077564239502,-0.04325073712774952,-0.038281381130218506,-0.14689260721206665,-0.017129368496028974,-0.03318408131599426,-0.1633373498916626,-0.04980185383269031,-0.030028432607650757,-0.1059601902961731,-0.04569925868221958,-0.025445997714996338,-0.07203143835067749,-0.0317834293217345
T,0.0,0.0,0.0,0.051447272300720215,-0.0392494797706604,-0.02843381967733194,0.08107119798660278,-0.11703085899353027,-0.0379865238476782,0.06966716051101685,-0.19176965951919556,-0.04581880886445333,0.06262952089309692,-0.2532912790775299,-0.04888256583700468,0.07671225070953369,-0.16724658012390137,-0.010668817352154747,0.0907476544380188,-0.22711116075515747,-0.04841342885384847,0.06880277395248413,-0.1847994327545166,-0.0685561666298895,0.052801311016082764,-0.13336163759231567,-0.07436826024542142,0.03508514165878296,-0.16730719804763794,-0.008493516970077053,0.03738117218017578,-0.2341603934764862,-0.056005589108565346,0.027569591999053955,-0.17174530029296875,-0.07170520667324354,0.02774733304977417,-0.10972684621810913,-0.0680918613482504,-0.0022748708724975586,-0.1583106517791748,-0.012066415886977211,-0.003341585397720337,-0.1870773434638977,-0.06029737312684347,-0.002567291259765625,-0.11184102296829224,-0.05885705296287824,0.0022238492965698242,-0.0609356164932251,-0.041603400747874275,-0.03858870267868042,-0.14372622966766357,-0.0171494385261326,-0.03329265117645264,-0.1624462604522705,-0.04905100483784963,-0.030551433563232422,-0.10535955429077148,-0.04435457233677198,-0.0265367329120636,-0.07135665416717529,-0.030199484344223038
T,0.0,0.0,0.0,0.05000758171081543,-0.03993046283721924,-0.029337760251365808,0.0805048942565918,-0.11492675542831421,-0.039273489456974175,0.06827592849731445,-0.18834513425827026,-0.04746223260124793,0.058780133724212646,-0.24900639057159424,-0.050653595667682794,0.07612645626068115,-0.16683536767959595,-0.009337868731819299,0.0903504490852356,-0.22855651378631592,-0.048120875101886895,0.06904613971710205,-0.18542271852493286,-0.06935677696426978,0.0534818172454834,-0.1329752802848816,-0.07540945727785697,0.03490161895751953,-0.16693758964538574,-0.006460774880252984,0.03741079568862915,-0.23605984449386597,-0.05499598402937522,0.02734971046447754,-0.17201286554336548,-0.07187626529892555,0.02790546417236328,-0.10900169610977173,-0.06836923975905052,-0.0013688206672668457,-0.15822768211364746,-0.009539055828355458,-0.002903670072555542,-0.1875145435333252,-0.05838242192228904,-0.0023050904273986816,-0.11306232213973999,-0.057798143666587976,0.0022000670433044434,-0.06268149614334106,-0.040557187240921166,-0.03714659810066223,-0.1449471116065979,-0.014202681560419705,-0.03187301754951477,-0.1667972207069397,-0.04595894013007751,-0.029527932405471802,-0.11051410436630249,-0.040983852189384606,-0.02612215280532837,-0.0763314962387085,-0.026295747798286584
T,0.0,0.0,0.0,0.04908090829849243,-0.041078388690948486,-0.027957282951547313,0.07878732681274414,-0.11543160676956177,-0.03821580111093681,0.06616133451461792,-0.1861945390701294,-0.0469423904926316,0.05537092685699463,-0.24348562955856323,-0.05084455757446449,0.07531481981277466,-0.16559714078903198,-0.010614703400506187,0.08802008628845215,-0.2269224226474762,-0.04886050148911636,0.06773680448532104,-0.1847825050354004,-0.07008475809402626,0.05353224277496338,-0.13279223442077637,-0.07658159731931846,0.033680856227874756,-0.1647096872329712,-0.0086173461661474,0.0356673002243042,-0.2326967716217041,-0.05652956663675468,0.026229798793792725,-0.16971194744110107,-0.07321485876150291,0.027725636959075928,-0.10737979412078857,-0.07010409980125587,-0.0028585195541381836,-0.15504294633865356,-0.012178642666412998,-0.0047577619552612305,-0.18466782569885254,-0.059846866867019344,-0.0033356547355651855,-0.11272823810577393,-0.05874739213891189,0.00230485200881958,-0.0638689398765564,-0.041908677658511806,-0.03845101594924927,-0.14086806774139404,-0.017255086442901302,-0.033574849367141724,-0.16296935081481934,-0.04825087635822456,-0.030278563499450684,-0.10767996311187744,-0.04279462992258232,-0.025785237550735474,-0.07392972707748413,-0.028205493456198383
T,0.0,0.0,0.0,0.049980998039245605,-0.0402073860168457,-0.02712402586570306,0.07980233430862427,-0.11495167016983032,-0.0360698206417851,0.06757587194442749,-0.18579530715942383,-0.04362143856218381,0.05760550498962402,-0.2431682050228119,-0.04648686852982564,0.07366806268692017,-0.16586267948150635,-0.008766994818358853,0.08721822500228882,-0.2253740429878235,-0.04569320288231893,0.0664556622505188,-0.18094509840011597,-0.06586262491276784,0.05137580633163452,-0.1292315125465393,-0.07175291237166448,0.033034324645996094,-0.16565406322479248,-0.006705752580671742,0.036275267601013184,-0.23171555995941162,-0.052852659492998555,0.02613729238510132,-0.1679019331932068,-0.068325451581984,0.026013612747192383,-0.10533970594406128,-0.06446336862376256,-0.0025769472122192383,-0.1561705470085144,-0.010309785611241296,-0.0032197237014770508,-0.18327343463897705,-0.05668453779748006,-0.002536177635192871,-0.11039644479751587,-0.055444109260349705,0.0020807981491088867,-0.06087547540664673,-0.03864142951300664,-0.03718048334121704,-0.14133131504058838,-0.015427024110465481,-0.03122025728225708,-0.16006958484649658,-0.045889205306082204,-0.028903722763061523,-0.10416322946548462,-0.04091251549056096,-0.02511158585548401,-0.0699576735496521,-0.02675512713125272
T,0.0,0.0,0.0,0.04923802614212036,-0.03992283344268799,-0.027306156259754744,0.0797504186630249,-0.11447370052337646,-0.0366584528505598,0.0671127438545227,-0.18420171737670898,-0.044517507803419676,0.05456644296646118,-0.2398369014263153,-0.04765434007046565,0.07452529668807983,-0.16358119249343872,-0.009297107373157587,0.0866745114326477,-0.2226552963256836,-0.04592830131647929,0.06628596782684326,-0.17769372463226318,-0.06581178123948916,0.052744150161743164,-0.12778818607330322,-0.07178430075643405,0.03402447700500488,-0.16321814060211182,-0.007479844641665068,0.03691059350967407,-0.22986871004104614,-0.05346363226769313,0.027417480945587158,-0.1676476001739502,-0.06900653059480533,0.027982473373413086,-0.10760033130645752,-0.06549841727016315,-0.0019180774688720703,-0.15419435501098633,-0.011225204941609945,-0.002396225929260254,-0.18209046125411987,-0.05744644443390712,-0.0012650489807128906,-0.10995543003082275,-0.05597164298293933,0.0033044815063476562,-0.06194943189620972,-0.03928283790943965,-0.03687378764152527,-0.14022713899612427,-0.016512008410671797,-0.03117603063583374,-0.15879952907562256,-0.04693272153733119,-0.027869701385498047,-0.10350441932678223,-0.041791560155132856,-0.02397066354751587,-0.07036685943603516,-0.027689389911273565
T,0.0,0.0,0.0,0.04981034994125366,-0.03770720958709717,-0.02844344967357415,0.07913655042648315,-0.11277282238006592,-0.03813363381974,0.0666770339012146,-0.1835407018661499,-0.046122105357568444,0.057555556297302246,-0.24127650260925293,-0.049348005590360344,0.07670086622238159,-0.1636161208152771,-0.009806700547557057,0.0877993106842041,-0.22142088413238525,-0.046749235627572716,0.06662607192993164,-0.17813116312026978,-0.06692831361047524,0.05250537395477295,-0.1291235089302063,-0.073121556577604,0.036182940006256104,-0.1636677384376526,-0.007444383141915978,0.03782588243484497,-0.22691252827644348,-0.053893329141061486,0.027832746505737305,-0.16535258293151855,-0.06960833215467233,0.028122365474700928,-0.106514573097229,-0.0661717891072442,7.742643356323242e-05,-0.15501785278320312,-0.010851763685565174,-0.0019196867942810059,-0.18154144287109375,-0.05792043500892419,-0.00116807222366333,-0.10936164855957031,-0.05696170919887322,0.003937184810638428,-0.06156831979751587,-0.0404282561814,-0.03456902503967285,-0.14082419872283936,-0.015863649112503708,-0.02987876534461975,-0.15797078609466553,-0.04749587321035165,-0.027088582515716553,-0.10212069749832153,-0.043316253957669915,-0.022738724946975708,-0.06914162635803223,-0.029636803579847992
T,0.0,0.0,0.0,0.04898571968078613,-0.03613990545272827,-0.0269857836427434,0.07891130447387695,-0.11328977346420288,-0.03600850193819838,0.0656733512878418,-0.1834874153137207,-0.043605180970047286,0.05332392454147339,-0.23909658193588257,-0.04633176936826544,0.07543772459030151,-0.16247200965881348,-0.009186705155883601,0.08803409337997437,-0.22141095995903015,-0.04537509246787863,0.06671541929244995,-0.17604762315750122,-0.0645486773463233,0.05248528718948364,-0.12664580345153809,-0.07001888617000418,0.034959375858306885,-0.1622081995010376,-0.007741256664161256,0.03781259059906006,-0.22671237587928772,-0.05300983651599722,0.028203189373016357,-0.16489028930664062,-0.06760322912654715,0.0287439227104187,-0.10645401477813721,-0.06359352781495886,-0.0012586116790771484,-0.15379613637924194,-0.011966432957564166,-0.0010009407997131348,-0.18120354413986206,-0.057799516758535674,-0.0010299086570739746,-0.10848736763000488,-0.05592451109609442,0.0030721426010131836,-0.06121641397476196,-0.03912160410604315,-0.03585106134414673,-0.14052826166152954,-0.01772701791546183,-0.0291709303855896,-0.15797162055969238,-0.04766216366610365,-0.026810497045516968,-0.1022307276725769,-0.04238117351255255,-0.023353934288024902,-0.06965094804763794,-0.028336093342517188
T,0.0,0.0,0.0,0.04903292655944824,-0.03915029764175415,-0.02664724587171463,0.07779306173324585,-0.11407893896102905,-0.035676492738417664,0.06433635950088501,-0.1845163106918335,-0.04340931250422386,0.054204463958740234,-0.24090170860290527,-0.0463890455540934,0.07498860359191895,-0.1619126796722412,-0.007837238150528947,0.08603358268737793,-0.221847802400589,-0.043703774350575486,0.06617617607116699,-0.17763805389404297,-0.06315767987339882,0.05346804857254028,-0.12871217727661133,-0.06896219624846367,0.034796059131622314,-0.16022950410842896,-0.006347823317042867,0.03619420528411865,-0.2266424298286438,-0.05099121703474907,0.027369141578674316,-0.16539394855499268,-0.06587486191361336,0.02875584363937378,-0.10755044221878052,-0.06249106525152115,-0.0009591579437255859,-0.15029394626617432,-0.010483700211040059,-0.00197446346282959,-0.18152910470962524,-0.055881815391472855,-0.0013876557350158691,-0.11009889841079712,-0.05394744722812561,0.0030723214149475098,-0.06296336650848389,-0.03740111588209061,-0.03558945655822754,-0.13529592752456665,-0.016148772450975457,-0.030508071184158325,-0.15715402364730835,-0.046169644581965485,-0.027571886777877808,-0.1028929352760315,-0.040795212971858064,-0.024000585079193115,-0.07018333673477173,-0.02678820713131813
T,0.0,0.0,0.0,0.04906994104385376,-0.04028475284576416,-0.02598625133572341,0.0770416259765625,-0.11529034376144409,-0.03502814556298972,0.06394624710083008,-0.18416714668273926,-0.04297960261641265,0.05321323871612549,-0.23918285965919495,-0.046216343443973074,0.07416361570358276,-0.161665678024292,-0.0080706979223919,0.08615672588348389,-0.22018858790397644,-0.04376579533158065,0.06549221277236938,-0.17588704824447632,-0.06306324983773948,0.05238586664199829,-0.12694478034973145,-0.06888806904493094,0.0341641902923584,-0.16073662042617798,-0.0069994017557633015,0.036320269107818604,-0.22504359483718872,-0.051623762499673376,0.026949524879455566,-0.16470634937286377,-0.0662954011076522,0.02844160795211792,-0.10683625936508179,-0.0629590609186721,-0.0016767382621765137,-0.15142923593521118,-0.011482695032043466,-0.0013197660446166992,-0.18114972114562988,-0.05631774748502494,-0.0015064477920532227,-0.1104806661605835,-0.05399533073244811,0.0028592348098754883,-0.06300008296966553,-0.0374582269304824,-0.036433249711990356,-0.13700389862060547,-0.017540664326531896,-0.03030109405517578,-0.15742558240890503,-0.04703550125299216,-0.027247220277786255,-0.10366582870483398,-0.04157288084564925,-0.023350238800048828,-0.07090878486633301,-0.027682634916288862
T,0.0,0.0,0.0,0.04987281560897827,-0.03962188959121704,-0.02612834066772507,0.07783961296081543,-0.11393475532531738,-0.03509456679844902,0.06489336490631104,-0.18310445547103882,-0.042839732176304324,0.05531531572341919,-0.2388336956501007,-0.045938741570950015,0.07412856817245483,-0.16219162940979004,-0.008195704935729964,0.08657550811767578,-0.21919581294059753,-0.04404659584784554,0.06557846069335938,-0.17630624771118164,-0.06354587913179444,0.051512837409973145,-0.12778234481811523,-0.0695383140506749,0.03431856632232666,-0.16205066442489624,-0.006885019751877053,0.0371820330619812,-0.22500070929527283,-0.05228241548562096,0.02731645107269287,-0.164110004901886,-0.06744322568798111,0.027909398078918457,-0.1051480770111084,-0.06413469106578873,-0.0012170076370239258,-0.15292197465896606,-0.011072484000266059,-0.0008514523506164551,-0.18060755729675293,-0.05660086885714577,-0.0007405281066894531,-0.10955810546875,-0.05484775096797989,0.0037271976470947266,-0.06162750720977783,-0.038400799191236956,-0.03593835234642029,-0.13814514875411987,-0.01678037286424683,-0.029568463563919067,-0.1564551591873169,-0.04722240582728432,-0.026377320289611816,-0.10189366340637207,-0.04254328847551392,-0.022225618362426758,-0.06917423009872437,-0.028941011211514933
T,0.0,0.0,0.0,0.04869347810745239,-0.03852957487106323,-0.025606022355731284,0.07784759998321533,-0.11382442712783813,-0.03443679693120316,0.06468456983566284,-0.1828782558441162,-0.042033919272597586,0.05364948511123657,-0.2376686930656433,-0.04500985252636269,0.07368159294128418,-0.16168975830078125,-0.00933358645963267,0.08543938398361206,-0.21972647309303284,-0.04479878502863244,0.065218985080719,-0.17506754398345947,-0.06370497602003411,0.05237233638763428,-0.12656646966934204,-0.06938336151617364,0.03371363878250122,-0.16051214933395386,-0.00841923351364926,0.03586244583129883,-0.22534102201461792,-0.05290459203499154,0.026858925819396973,-0.16397035121917725,-0.06718223649042443,0.028024792671203613,-0.10582965612411499,-0.0635524030305703,-0.0018385648727416992,-0.1506386399269104,-0.01284896782564715,-0.002261638641357422,-0.1803780198097229,-0.05733280735987023,-0.0015730857849121094,-0.10896944999694824,-0.05468617859261826,0.0030391812324523926,-0.06166785955429077,-0.03807261320727662,-0.03626364469528198,-0.13535982370376587,-0.018784633976991927,-0.030689984560012817,-0.1551942229270935,-0.04803536566871003,-0.02714034914970398,-0.1014593243598938,-0.04251561048405961,-0.023113489151000977,-0.06954461336135864,-0.028731213090594565
T,0.0,0.0,0.0,0.047152578830718994,-0.03774428367614746,-0.025446569428510202,0.07733339071273804,-0.11342465877532959,-0.034813543663091195,0.06421244144439697,-0.18249595165252686,-0.04275941650635673,0.04992491006851196,-0.2363472878932953,-0.04607550601727439,0.07397395372390747,-0.1597720980644226,-0.012395553172297014,0.08461236953735352,-0.21987557411193848,-0.047632111117906106,0.06574738025665283,-0.1747257113456726,-0.06587293918497039,0.0542488694190979,-0.12613683938980103,-0.0711696537888713,0.0337180495262146,-0.15790700912475586,-0.011671239391631616,0.03408026695251465,-0.2242775857448578,-0.05497744108802749,0.02653682231903076,-0.16369205713272095,-0.0680508109486766,0.028869450092315674,-0.10721594095230103,-0.0642392727292247,-0.002064228057861328,-0.14803743362426758,-0.016079706952638162,-0.0037316083908081055,-0.17950546741485596,-0.05958440329200698,-0.002270996570587158,-0.10916084051132202,-0.05596061597830726,0.002750694751739502,-0.06356382369995117,-0.03929697896606399,-0.03634822368621826,-0.13345962762832642,-0.0219454093582101,-0.03184810280799866,-0.1560651659965515,-0.05011623154646827,-0.028156369924545288,-0.10325098037719727,-0.04361031751400901,-0.024167150259017944,-0.07174539566040039,-0.029580915228194726
T,0.0,0.0,0.0,0.047865092754364014,-0.03802311420440674,-0.02513277195018304,0.0780060887336731,-0.11312371492385864,-0.034383006762681134,0.06464505195617676,-0.18224471807479858,-0.04228097237270845,0.049530208110809326,-0.23544225096702576,-0.04559542275589479,0.07286238670349121,-0.1597920060157776,-0.011406978029725678,0.08404308557510376,-0.2197158932685852,-0.04652695767205728,0.06567114591598511,-0.17487239837646484,-0.06473200805109514,0.05412733554840088,-0.12643319368362427,-0.0699576292149402,0.03282761573791504,-0.15820980072021484,-0.010735530775008328,0.03418385982513428,-0.2241532802581787,-0.05441146380823625,0.02677750587463379,-0.16276592016220093,-0.06788548864048494,0.02874457836151123,-0.10534095764160156,-0.06410411037128938,-0.0027611851692199707,-0.14829367399215698,-0.015148302908954747,-0.003710329532623291,-0.1789565086364746,-0.059298646073756345,-0.0019439458847045898,-0.10814595222473145,-0.05628795958679689,0.0031591057777404785,-0.061965346336364746,-0.03969681299847139,-0.036860764026641846,-0.13335084915161133,-0.02090246080976499,-0.03199031949043274,-0.15557235479354858,-0.049724866073546536,-0.028080344200134277,-0.10196244716644287,-0.04362008757513536,-0.024144858121871948,-0.06987130641937256,-0.029644746702132352
T,0.0,0.0,0.0,0.047646939754486084,-0.03848409652709961,-0.02467183977626064,0.07680922746658325,-0.11395502090454102,-0.03348320931456783,0.06311869621276855,-0.1820751428604126,-0.04103631735108593,0.047967731952667236,-0.2356662154197693,-0.044122452142460133,0.07395714521408081,-0.1593008041381836,-0.010959911386294152,0.08367925882339478,-0.22043576836585999,-0.04538006916902759,0.06421780586242676,-0.17769736051559448,-0.06332817137501934,0.052690863609313965,-0.1289178729057312,-0.06843796581290462,0.034112513065338135,-0.15789395570755005,-0.010308411198479916,0.03402751684188843,-0.2238866686820984,-0.053233715000374104,0.0255204439163208,-0.16423702239990234,-0.0664008578684161,0.028079688549041748,-0.1071353554725647,-0.06241178348921039,-0.0016665458679199219,-0.14867889881134033,-0.014729009236020829,-0.003851652145385742,-0.1784077286720276,-0.05786179587505558,-0.002740204334259033,-0.10909706354141235,-0.054952046128732945,0.003244161605834961,-0.06354016065597534,-0.038635360303146626,-0.035902053117752075,-0.13465631008148193,-0.020528869929535176,-0.03164207935333252,-0.15588384866714478,-0.04852224722765186,-0.028618961572647095,-0.1030765175819397,-0.04240076825283268,-0.02422553300857544,-0.07112836837768555,-0.028527314069492604
T,0.0,0.0,0.0,0.0474511981010437,-0.03872060775756836,-0.025189047332162318,0.07593613862991333,-0.11317318677902222,-0.034398119549507555,0.06232130527496338,-0.1817989945411682,-0.04244898597454494,0.04911535978317261,-0.2356809675693512,-0.04595823178743785,0.07289320230484009,-0.15966832637786865,-0.010602726253921446,0.08333593606948853,-0.21932047605514526,-0.0460334491238541,0.06454437971115112,-0.17586469650268555,-0.06474351103162235,0.05314457416534424,-0.1272183656692505,-0.07020523364400333,0.033053457736968994,-0.15789014101028442,-0.009921298015171942,0.03345447778701782,-0.22245118021965027,-0.053792964319939074,0.025502562522888184,-0.16225796937942505,-0.0673398074016518,0.028166532516479492,-0.105255126953125,-0.06349770690059131,-0.0025049448013305664,-0.14839887619018555,-0.014550210560912546,-0.003863215446472168,-0.17773377895355225,-0.05878756533121532,-0.0029143095016479492,-0.10772961378097534,-0.05608634988521999,0.002604365348815918,-0.06159400939941406,-0.03961509431456989,-0.03651043772697449,-0.13407176733016968,-0.020638502787107882,-0.031449586153030396,-0.15464061498641968,-0.04948979953979915,-0.028407961130142212,-0.10172706842422485,-0.04380805010652011,-0.024251937866210938,-0.06980085372924805,-0.03007193061267799
T,0.0,0.0,0.0,0.04702955484390259,-0.04015195369720459,-0.025980621173317786,0.07341057062149048,-0.11372041702270508,-0.035406555577452536,0.061359286308288574,-0.18269115686416626,-0.043618887259896155,0.053750038146972656,-0.23889511823654175,-0.047292135252888556,0.07249325513839722,-0.16063356399536133,-0.00867456436836278,0.08301055431365967,-0.2181221842765808,-0.044482484056885596,0.06357026100158691,-0.17577141523361206,-0.06419300992720878,0.05136615037918091,-0.12740987539291382,-0.07032579888337409,0.03308051824569702,-0.1587390899658203,-0.007506975966776963,0.03377377986907959,-0.22317767143249512,-0.05176559795373237,0.025084376335144043,-0.1637851595878601,-0.06647593487733161,0.02697354555130005,-0.10679465532302856,-0.06340789754622733,-0.002064526081085205,-0.14830005168914795,-0.011795631206865664,-0.0034796595573425293,-0.17934036254882812,-0.056680872633393165,-0.0029230713844299316,-0.10951733589172363,-0.054411548718150016,0.0022304654121398926,-0.06278419494628906,-0.038003798171217795,-0.03579270839691162,-0.13242942094802856,-0.017579568146999236,-0.03129267692565918,-0.1551874279975891,-0.04755176190965926,-0.028344780206680298,-0.10196250677108765,-0.04212988127702033,-0.024268150329589844,-0.06931263208389282,-0.028208313106830474
T,0.0,0.0,0.0,0.04669123888015747,-0.039039433002471924,-0.02754314077671438,0.07330304384231567,-0.11076474189758301,-0.037532579355200824,0.06322342157363892,-0.17984402179718018,-0.04593591412182718,0.057609379291534424,-0.23760131001472473,-0.049838986449202594,0.07370758056640625,-0.1575998067855835,-0.010090243272742327,0.08453595638275146,-0.2149287462234497,-0.046149797939023074,0.06447863578796387,-0.17480677366256714,-0.06612571349020868,0.05124175548553467,-0.1274448037147522,-0.07252743115301996,0.034667372703552246,-0.1572643518447876,-0.007972588032743033,0.03541344404220581,-0.22101297974586487,-0.05305012335654169,0.02591836452484131,-0.16159212589263916,-0.06833811869498163,0.02706897258758545,-0.10442829132080078,-0.0653978588211146,-0.00032407045364379883,-0.14841628074645996,-0.011373887971302565,-0.0026826858520507812,-0.17829322814941406,-0.05696850662704378,-0.002291262149810791,-0.1090620756149292,-0.05538136904712587,0.0030257701873779297,-0.06264466047286987,-0.03918829207893282,-0.03394326567649841,-0.13383835554122925,-0.016346382178625163,-0.030194908380508423,-0.15482187271118164,-0.04723405485626131,-0.02743285894393921,-0.10152208805084229,-0.04267139007922083,-0.02314719557762146,-0.06912708282470703,-0.029137293078264292
T,0.0,0.0,0.0,0.04768341779708862,-0.04018712043762207,-0.025905968000046187,0.07352262735366821,-0.11136466264724731,-0.03510643665944713,0.061527252197265625,-0.17949658632278442,-0.04316803564583438,0.054017066955566406,-0.23589664697647095,-0.046721891810051375,0.07189887762069702,-0.1590721607208252,-0.006425465301475697,0.08341777324676514,-0.2156984806060791,-0.04182347034370082,0.06443285942077637,-0.17499303817749023,-0.06168612961923259,0.051523685455322266,-0.12735819816589355,-0.06780419622813838,0.03299993276596069,-0.15809184312820435,-0.004946790479920082,0.03528153896331787,-0.2213962972164154,-0.04919147615586894,0.02654409408569336,-0.16263139247894287,-0.06483881299649852,0.02738475799560547,-0.10546702146530151,-0.06208931778823512,-0.0019131302833557129,-0.14870864152908325,-0.00897909638737815,-0.001958191394805908,-0.17863738536834717,-0.05394642924224513,-0.001781463623046875,-0.10925459861755371,-0.052710120876184874,0.0024054646492004395,-0.062447428703308105,-0.036688876648298674,-0.03585377335548401,-0.13361895084381104,-0.014462599840811663,-0.02984514832496643,-0.15473544597625732,-0.044761234273067885,-0.027058422565460205,-0.10094976425170898,-0.04001025607144015,-0.02350980043411255,-0.06823664903640747,-0.02631324840044158
T,0.0,0.0,0.0,0.047749876976013184,-0.039070963859558105,-0.027017056191823485,0.07415217161178589,-0.10987108945846558,-0.036406154925487044,0.06281262636184692,-0.17848718166351318,-0.04442946165289641,0.05642753839492798,-0.23564660549163818,-0.047889358545205596,0.07287633419036865,-0.15754938125610352,-0.0071687462688601045,0.08468383550643921,-0.21432983875274658,-0.04305301904167891,0.06516671180725098,-0.174588143825531,-0.0631149403699851,0.051832616329193115,-0.12701863050460815,-0.06925828679885626,0.03404498100280762,-0.15713214874267578,-0.005132512370607856,0.03581184148788452,-0.22078415751457214,-0.04999038502063513,0.026893973350524902,-0.16216570138931274,-0.06584098115052939,0.02792942523956299,-0.10455322265625,-0.06297387852754355,-0.0007584095001220703,-0.1484583616256714,-0.008732126275560859,-0.0013338923454284668,-0.17720556259155273,-0.05464444606985808,-0.0012828707695007324,-0.10731959342956543,-0.05382757931437254,0.0029962658882141113,-0.060246050357818604,-0.03768880217756987,-0.03471344709396362,-0.13437247276306152,-0.013815186167619231,-0.029012680053710938,-0.15408331155776978,-0.04467466771092177,-0.02648046612739563,-0.10025620460510254,-0.040232210601232055,-0.02294248342514038,-0.06775641441345215,-0.02654126397754908
T,0.0,0.0,0.0,0.04716527462005615,-0.03863745927810669,-0.025844405802544657,0.0734635591506958,-0.10970282554626465,-0.03511149196570784,0.06266248226165771,-0.1777859926223755,-0.04316845296567351,0.05520594120025635,-0.2343793511390686,-0.04673940076177985,0.07204675674438477,-0.15813767910003662,-0.0074726314531829985,0.08355456590652466,-0.21394416689872742,-0.04341199381893546,0.06451660394668579,-0.1742105484008789,-0.0635387314731446,0.05104243755340576,-0.1262277364730835,-0.06971235706156165,0.03327387571334839,-0.15767520666122437,-0.006040756056663099,0.0340045690536499,-0.218990296125412,-0.05085352941101462,0.02575165033340454,-0.15982264280319214,-0.06632241739576727,0.027110517024993896,-0.10236978530883789,-0.06339571757858664,-0.0016323328018188477,-0.14832663536071777,-0.010109998683091703,-0.0024820566177368164,-0.17636114358901978,-0.05568826703971297,-0.001969456672668457,-0.10679900646209717,-0.05446777253096968,0.002700984477996826,-0.06031465530395508,-0.0383413782591191,-0.0354447066783905,-0.13313543796539307,-0.015584513011035028,-0.02993464469909668,-0.1525292992591858,-0.0462640686208573,-0.02713492512702942,-0.09859263896942139,-0.04169748483842284,-0.023250281810760498,-0.06625616550445557,-0.02806164643412501
T,0.0,0.0,0.0,0.047768354415893555,-0.03888159990310669,-0.025718444353515224,0.07391119003295898,-0.11003023386001587,-0.03498489907997282,0.06184351444244385,-0.17778688669204712,-0.04304331294315489,0.05340754985809326,-0.2336457073688507,-0.04668993628638418,0.0714489221572876,-0.15723419189453125,-0.008132431982630806,0.08318084478378296,-0.2132672667503357,-0.04371373108642729,0.06405049562454224,-0.17335838079452515,-0.06352864704149397,0.05070263147354126,-0.1259307861328125,-0.06967734298723371,0.032640278339385986,-0.1566312313079834,-0.006770821614736633,0.0338132381439209,-0.21760812401771545,-0.0512500864924732,0.02549278736114502,-0.1584274172782898,-0.06649305424707563,0.026805639266967773,-0.10111671686172485,-0.06362267336862715,-0.0020981431007385254,-0.1474568247795105,-0.010814609332555847,-0.0024815797805786133,-0.17544329166412354,-0.05587268373983534,-0.0018158555030822754,-0.10591542720794678,-0.054305223143273906,0.0026850104331970215,-0.059204936027526855,-0.038210229343349056,-0.03587782382965088,-0.13267165422439575,-0.016291567450934963,-0.03010699152946472,-0.15250533819198608,-0.046560594207221584,-0.027234643697738647,-0.09890562295913696,-0.0417019700171295,-0.023688852787017822,-0.06654345989227295,-0.02804640992599161
T,0.0,0.0,0.0,0.047892749309539795,-0.038888394832611084,-0.02501346409673033,0.07433128356933594,-0.11117863655090332,-0.033539288271015266,0.062084853649139404,-0.17920786142349243,-0.04098413192087946,0.054542481899261475,-0.23502805829048157,-0.04401441716009913,0.07171672582626343,-0.15737974643707275,-0.00688931445012031,0.0830765962600708,-0.213800847530365,-0.04173467360789118,0.06388258934020996,-0.17361730337142944,-0.06102575786763964,0.05071300268173218,-0.12624138593673706,-0.06692190520817576,0.03296458721160889,-0.15636718273162842,-0.0057054800575429,0.03396576642990112,-0.217662513256073,-0.04938565992171107,0.02572256326675415,-0.15843743085861206,-0.06424709461981593,0.027198970317840576,-0.10137557983398438,-0.06126491032893,-0.0015326142311096191,-0.14699500799179077,-0.009898908030038456,-0.002005338668823242,-0.17593330144882202,-0.054175906408374885,-0.001225292682647705,-0.10634702444076538,-0.052411992627924064,0.0033769607543945312,-0.05975914001464844,-0.036403317529504875,-0.03511497378349304,-0.13210225105285645,-0.01550505083406506,-0.029244929552078247,-0.15250349044799805,-0.04507995821887789,-0.026293128728866577,-0.09932470321655273,-0.04010249726826487,-0.022691786289215088,-0.06736510992050171,-0.026567139256542305
T,0.0,0.0,0.0,0.047222793102264404,-0.03814595937728882,-0.0248103050855093,0.07366585731506348,-0.10957705974578857,-0.033456064980953215,0.061827778816223145,-0.1775568723678589,-0.041020985913007735,0.053748250007629395,-0.23294886946678162,-0.04413318656060028,0.07156240940093994,-0.15549826622009277,-0.007188663572549103,0.08296865224838257,-0.21311703324317932,-0.04174818865629959,0.06333845853805542,-0.1729225516319275,-0.06067769251438904,0.05026036500930786,-0.1257932186126709,-0.06638937838050651,0.032909095287323,-0.15426498651504517,-0.006187233828484295,0.0338129997253418,-0.2169424295425415,-0.04972074202868271,0.025451600551605225,-0.15783923864364624,-0.06446841008636284,0.02715468406677246,-0.10113781690597534,-0.06142124183151054,-0.001647651195526123,-0.14481335878372192,-0.010454621386259078,-0.002618849277496338,-0.1746617555618286,-0.05467982612225342,-0.0016173124313354492,-0.10538965463638306,-0.05294578916999626,0.003244936466217041,-0.05917483568191528,-0.03695126644942093,-0.034987837076187134,-0.1300022006034851,-0.01606551766070652,-0.029822975397109985,-0.15159010887145996,-0.04540997765633392,-0.026955395936965942,-0.09896373748779297,-0.04023669309589195,-0.023474514484405518,-0.06710934638977051,-0.026626344990461348
T,0.0,0.0,0.0,0.04735606908798218,-0.03845947980880737,-0.02357915517376341,0.07331675291061401,-0.1104021668434143,-0.03174441781328596,0.06043583154678345,-0.17779552936553955,-0.03899121758030333,0.05212682485580444,-0.2323213517665863,-0.04186819594787039,0.07062762975692749,-0.15497267246246338,-0.007088305507465975,0.0826570987701416,-0.2128026783466339,-0.04061734032319464,0.06335991621017456,-0.172268807888031,-0.05859216031120695,0.05061805248260498,-0.12566131353378296,-0.06382180106328406,0.03182631731033325,-0.15375059843063354,-0.006571814031019585,0.033558189868927,-0.21722978353500366,-0.04877322640703596,0.02535313367843628,-0.15869051218032837,-0.0626080046264974,0.026949703693389893,-0.1025611162185669,-0.05935196306990065,-0.002795398235321045,-0.1444258689880371,-0.011143053029343264,-0.002729952335357666,-0.17555081844329834,-0.05394838851378836,-0.0018045902252197266,-0.10635054111480713,-0.051566862580045836,0.0028516650199890137,-0.06009942293167114,-0.0356278094320146,-0.036125242710113525,-0.12959563732147217,-0.016988144335016386,-0.03000912070274353,-0.1536540389060974,-0.045092248436674254,-0.027142316102981567,-0.10170894861221313,-0.03939578410671629,-0.024095743894577026,-0.06990551948547363,-0.02583486501561083
T,0.0,0.0,0.0,0.04760199785232544,-0.03890395164489746,-0.02440838387127542,0.07365691661834717,-0.11007356643676758,-0.03301300352330827,0.05950361490249634,-0.176369309425354,-0.040564085001904004,0.05056202411651611,-0.22964197397232056,-0.04372738173123025,0.07054483890533447,-0.155085027217865,-0.007596443517911666,0.08148235082626343,-0.21128153800964355,-0.0416142927658143,0.06203871965408325,-0.17034578323364258,-0.06022630503292703,0.049615681171417236,-0.12396496534347534,-0.06601064151044511,0.03181600570678711,-0.15368181467056274,-0.0068323347892942365,0.033528149127960205,-0.21679067611694336,-0.049807878787476056,0.02519536018371582,-0.1586207151412964,-0.06436598544831895,0.026632606983184814,-0.10241198539733887,-0.061405772919613355,-0.0024352669715881348,-0.14403927326202393,-0.01118935143466615,-0.002847135066986084,-0.17399388551712036,-0.05447349568720483,-0.0014797449111938477,-0.10532879829406738,-0.05251960700269365,0.003419041633605957,-0.05930298566818237,-0.03674935420866632,-0.03550836443901062,-0.1288057565689087,-0.01693467480953359,-0.029529303312301636,-0.15010780096054077,-0.04576319327469491,-0.02575141191482544,-0.09812843799591064,-0.040654330159384244,-0.021969527006149292,-0.0667797327041626,-0.027349562029201024
T,0.0,0.0,0.0,0.0466042160987854,-0.038009464740753174,-0.024803002412852493,0.07322007417678833,-0.1096758246421814,-0.03352926210635587,0.061184585094451904,-0.1769067645072937,-0.04098822088116094,0.05265939235687256,-0.23151645064353943,-0.04402768151038572,0.07018911838531494,-0.15387970209121704,-0.009408674250778404,0.08140838146209717,-0.21020644903182983,-0.04362287656539365,0.062147319316864014,-0.16968649625778198,-0.06200034828060552,0.049532175064086914,-0.12364214658737183,-0.0676374426590769,0.032030463218688965,-0.15284794569015503,-0.008427783894774166,0.03286623954772949,-0.2155618667602539,-0.05151258320682928,0.024782896041870117,-0.15738177299499512,-0.06548857600563451,0.026578068733215332,-0.10147476196289062,-0.0622881455826132,-0.00183790922164917,-0.1436551809310913,-0.012557295198973861,-0.0025482773780822754,-0.17350441217422485,-0.055730382959779945,-0.0015798211097717285,-0.10517477989196777,-0.05319956601732656,0.003238499164581299,-0.05967193841934204,-0.03723763586157247,-0.03439256548881531,-0.12910306453704834,-0.018148486550387588,-0.029106587171554565,-0.1492282748222351,-0.04682797850244924,-0.025790512561798096,-0.09772008657455444,-0.04170690761083051,-0.0219266414642334,-0.06702297925949097,-0.028528484563764778
T,0.0,0.0,0.0,0.04697000980377197,-0.038448870182037354,-0.024325766597939946,0.07311350107192993,-0.11011528968811035,-0.03272372949595592,0.060447752475738525,-0.17664939165115356,-0.039940063838912465,0.05172455310821533,-0.2307458519935608,-0.04284015018220089,0.0696791410446167,-0.15344059467315674,-0.008865178559972264,0.08096122741699219,-0.21080061793327332,-0.04289003181929729,0.06163311004638672,-0.17112094163894653,-0.06120872590418003,0.04891467094421387,-0.12508106231689453,-0.0667593637454047,0.031793832778930664,-0.15224438905715942,-0.008006365967048623,0.032703518867492676,-0.21603119373321533,-0.050834235732509114,0.02419036626815796,-0.15809690952301025,-0.06483014020795963,0.025761723518371582,-0.10193765163421631,-0.06158278230304859,-0.0018032193183898926,-0.14286565780639648,-0.012207404707623937,-0.002683281898498535,-0.1742415428161621,-0.055336398069812276,-0.002139568328857422,-0.10556596517562866,-0.0528830671655669,0.002718031406402588,-0.05961501598358154,-0.036901024167491414,-0.03412666916847229,-0.12794679403305054,-0.017786213194085576,-0.029251277446746826,-0.14957362413406372,-0.046721604649974324,-0.026383399963378906,-0.09749448299407959,-0.04157421830768726,-0.022558271884918213,-0.06597840785980225,-0.028261882250262715
