label,f0,f1,f2,f3,f4,f5,f6,f7,f8,f9,f10,f11,f12,f13,f14,f15,f16,f17,f18,f19,f20,f21,f22,f23,f24,f25,f26,f27,f28,f29,f30,f31,f32,f33,f34,f35,f36,f37,f38,f39,f40,f41,f42,f43,f44,f45,f46,f47,f48,f49,f50,f51,f52,f53,f54,f55,f56,f57,f58,f59,f60,f61,f62
U,0.0,0.0,0.0,0.06398147344589233,-0.06645065546035767,-0.041572142220445585,0.10173845291137695,-0.18630409240722656,-0.04985086975187869,0.09275621175765991,-0.29095757007598877,-0.05660242942661853,0.042112529277801514,-0.34631216526031494,-0.060424301601358366,0.07497602701187134,-0.2840399146080017,-0.009337389669724416,0.07894831895828247,-0.41327202320098877,-0.03357127291650386,0.07199293375015259,-0.4922395348548889,-0.047831877894111585,0.06562292575836182,-0.5638746023178101,-0.05476111901492686,0.025360047817230225,-0.2807239294052124,-0.007321256506600093,0.03264415264129639,-0.4159083366394043,-0.0507838053771934,0.030888915061950684,-0.5132821202278137,-0.07744805497617335,0.030771613121032715,-0.5894020795822144,-0.08614245784968944,-0.02189534902572632,-0.2539796233177185,-0.010693353428848695,-0.018936634063720703,-0.3057764172554016,-0.07793721539468379,-0.012480080127716064,-0.21328461170196533,-0.08815468085498424,-0.006345927715301514,-0.14422553777694702,-0.07094515097827525,-0.06632295250892639,-0.22012710571289062,-0.015882232985802602,-0.05799722671508789,-0.2655107378959656,-0.06598950160235972,-0.049452126026153564,-0.19134235382080078,-0.06392487866372676,-0.04632154107093811,-0.1369694471359253,-0.04755907116026492
U,0.0,0.0,0.0,0.06397867202758789,-0.06604349613189697,-0.040614907877397854,0.10187095403671265,-0.1859228014945984,-0.04894522322888406,0.09314489364624023,-0.2913382053375244,-0.05605083076829942,0.04213172197341919,-0.3463277220726013,-0.060298190699768384,0.07453382015228271,-0.2829171419143677,-0.00964282384688886,0.07903611660003662,-0.4122846722602844,-0.0345754709708217,0.07225501537322998,-0.4918035864830017,-0.04925093545193704,0.06603294610977173,-0.5639966428279877,-0.05641545100684198,0.024614930152893066,-0.2799118161201477,-0.008348210962367375,0.03257209062576294,-0.41475069522857666,-0.05253339676733049,0.03106135129928589,-0.5123977363109589,-0.079435815350962,0.03112250566482544,-0.5891067683696747,-0.08830512060399087,-0.02278083562850952,-0.2534935474395752,-0.012262830758345444,-0.01878279447555542,-0.30519890785217285,-0.07977818443055185,-0.012808471918106079,-0.2124232053756714,-0.08931733413214715,-0.007254302501678467,-0.14248687028884888,-0.0716163118052009,-0.06714409589767456,-0.2193264365196228,-0.017939112396788914,-0.05794626474380493,-0.265796959400177,-0.06767340494866403,-0.04951903223991394,-0.19193243980407715,-0.0646599729227546,-0.04677319526672363,-0.13685286045074463,-0.04763464747543367
U,0.0,0.0,0.0,0.0641632080078125,-0.06558221578598022,-0.04045325136928568,0.10193312168121338,-0.18596327304840088,-0.048450272448349097,0.09305804967880249,-0.2910221219062805,-0.05519655711202631,0.041987061500549316,-0.3456020951271057,-0.05913636080174456,0.07468080520629883,-0.2832496762275696,-0.009448910981404879,0.07872813940048218,-0.41251564025878906,-0.034014735288906195,0.07181751728057861,-0.49157488346099854,-0.048333022661495306,0.06569850444793701,-0.5632715821266174,-0.055213697172689535,0.024819791316986084,-0.2802257537841797,-0.008082874968636133,0.032428205013275146,-0.4147801399230957,-0.05175825200228701,0.030878663063049316,-0.5121737718582153,-0.07824442899971018,0.03105747699737549,-0.5884296298027039,-0.08677608884124766,-0.022422373294830322,-0.2536907196044922,-0.011947551660227873,-0.018674373626708984,-0.3047388195991516,-0.07919234401731501,-0.012679129838943481,-0.21206814050674438,-0.08889422930030833,-0.0069876909255981445,-0.1422734260559082,-0.07130559153108607,-0.06678777933120728,-0.21940088272094727,-0.017538616351771452,-0.05780091881752014,-0.26514339447021484,-0.06720945603399286,-0.049509525299072266,-0.1912049651145935,-0.0644363722875596,-0.046696752309799194,-0.13627487421035767,-0.0475846267416955
U,0.0,0.0,0.0,0.06394791603088379,-0.06639891862869263,-0.04058276313304532,0.10167807340621948,-0.18646055459976196,-0.04868587675451863,0.09297102689743042,-0.2913740277290344,-0.05545753809570897,0.04229152202606201,-0.3464362621307373,-0.05941591608285535,0.07523393630981445,-0.28334182500839233,-0.009687804718907955,0.07912176847457886,-0.4127848148345947,-0.034008948234315994,0.07204008102416992,-0.49199044704437256,-0.04823523956298459,0.06597387790679932,-0.5638124942779541,-0.054976651546951416,0.025536000728607178,-0.2803151607513428,-0.007904939455386284,0.03280884027481079,-0.41459590196609497,-0.05107568028330434,0.030989527702331543,-0.5123114585876465,-0.07739691260218251,0.031047582626342773,-0.5886170566082001,-0.08591832789539922,-0.021620333194732666,-0.2538914680480957,-0.011305591193433884,-0.01826155185699463,-0.3050360679626465,-0.07794267508148778,-0.012524902820587158,-0.2128313183784485,-0.08781686249136555,-0.00703015923500061,-0.14240586757659912,-0.07044222774862874,-0.0660097599029541,-0.21977227926254272,-0.01642812239884961,-0.0573994517326355,-0.2665553092956543,-0.06553958925366032,-0.049032628536224365,-0.19319027662277222,-0.06275416734575856,-0.04616832733154297,-0.1376652717590332,-0.045943742719884995
U,0.0,0.0,0.0,0.06282547116279602,-0.0653080940246582,-0.04093242197171776,0.10147807002067566,-0.18512952327728271,-0.049093415428558274,0.09499064087867737,-0.2910972833633423,-0.05594880639449684,0.04521438479423523,-0.34782999753952026,-0.0601290887488517,0.07652845978736877,-0.2848178744316101,-0.009331493106344624,0.07980814576148987,-0.4140052795410156,-0.03375737129584877,0.07273408770561218,-0.4932917356491089,-0.04851468040482132,0.06667539477348328,-0.5652220249176025,-0.055552696277061386,0.02715739607810974,-0.28307974338531494,-0.00721185740889041,0.034060388803482056,-0.41673213243484497,-0.04902639000550835,0.03194376826286316,-0.5144482851028442,-0.07480543239847748,0.031891316175460815,-0.589916318655014,-0.08302819861904709,-0.020114630460739136,-0.2581990361213684,-0.010509377744654103,-0.018470793962478638,-0.30686891078948975,-0.07600269599691956,-0.01281622052192688,-0.21472668647766113,-0.08610129489437668,-0.006567478179931641,-0.14318108558654785,-0.06908755882517426,-0.06462535262107849,-0.22509193420410156,-0.015672038708487435,-0.057212769985198975,-0.2700690031051636,-0.06440685822502701,-0.04934656620025635,-0.19530647993087769,-0.06172513349787323,-0.04536491632461548,-0.1370893120765686,-0.0448889484895858
U,0.0,0.0,0.0,0.06221359968185425,-0.06945401430130005,-0.04219352913798957,0.10154616832733154,-0.18745273351669312,-0.05014963907899528,0.09273189306259155,-0.291320264339447,-0.05664069292845397,0.0413132905960083,-0.34460723400115967,-0.06046508339943557,0.0738753080368042,-0.2891714572906494,-0.006039729749431899,0.07740449905395508,-0.4141063690185547,-0.02945772459509044,0.07065004110336304,-0.49092185497283936,-0.04429425013961463,0.06568670272827148,-0.5610777735710144,-0.05112263647617965,0.025264978408813477,-0.2891947031021118,-0.0022288872279432326,0.03122180700302124,-0.41638725996017456,-0.04195502860250144,0.028901994228363037,-0.5125823616981506,-0.06736403418483405,0.029086649417877197,-0.5865397751331329,-0.07521854055823951,-0.02167382836341858,-0.2662128806114197,-0.004393175186237386,-0.02421894669532776,-0.307006299495697,-0.06908569944801002,-0.016535311937332153,-0.2139938473701477,-0.08162640495004325,-0.007392823696136475,-0.1408434510231018,-0.06587211502494483,-0.06559306383132935,-0.2349478006362915,-0.008518129529079488,-0.062079936265945435,-0.2745027542114258,-0.05744699848594337,-0.05246996879577637,-0.19713670015335083,-0.05668887210788398,-0.04551476240158081,-0.13544100522994995,-0.04070351732673316
U,0.0,0.0,0.0,0.06260982155799866,-0.07182347774505615,-0.038106724459566976,0.10039326548576355,-0.1899767518043518,-0.04453848286334505,0.09077605605125427,-0.2908560037612915,-0.050219204116501714,0.04208371043205261,-0.34536486864089966,-0.05329800753656855,0.07296475768089294,-0.29053646326065063,-0.005532305527367498,0.07666787505149841,-0.4145861268043518,-0.028757029984035398,0.06973400712013245,-0.49052706360816956,-0.0426535418516778,0.06409218907356262,-0.5604462325572968,-0.04851713760558596,0.02343854308128357,-0.29320913553237915,-0.0031469423117869155,0.030116349458694458,-0.41759055852890015,-0.04245438783232203,0.02713492512702942,-0.5121840238571167,-0.06706207974616518,0.026626259088516235,-0.5872229039669037,-0.07411805524293413,-0.024765431880950928,-0.27252060174942017,-0.006095669537671711,-0.027092456817626953,-0.30434781312942505,-0.06895440055791369,-0.018510490655899048,-0.21017718315124512,-0.08074938489858141,-0.00866711139678955,-0.1356492042541504,-0.0646525917834424,-0.07076078653335571,-0.24237245321273804,-0.010897215295472051,-0.06720271706581116,-0.27039843797683716,-0.05784529058996668,-0.05306887626647949,-0.19631212949752808,-0.05718002824846735,-0.042874813079833984,-0.13698184490203857,-0.04126601650182238
U,0.0,0.0,0.0,0.06416445970535278,-0.07373744249343872,-0.039320233574983376,0.10136455297470093,-0.19179284572601318,-0.0466211394582956,0.09041720628738403,-0.2941023111343384,-0.05301899026977708,0.04014068841934204,-0.3491063117980957,-0.05665055971491029,0.07297754287719727,-0.2917461395263672,-0.006195661443200606,0.07732737064361572,-0.41498661041259766,-0.03090328659760644,0.07077568769454956,-0.4919915795326233,-0.0455973551784723,0.0650666356086731,-0.5629494488239288,-0.052289045712825555,0.022779226303100586,-0.2936890125274658,-0.003735426644709605,0.030444443225860596,-0.41945576667785645,-0.04597545351731469,0.028090357780456543,-0.5156516134738922,-0.07234046544778039,0.027872323989868164,-0.592746376991272,-0.08029494371163537,-0.026021450757980347,-0.2712451219558716,-0.006700397300448913,-0.02558082342147827,-0.3048713803291321,-0.07289365615594079,-0.015288233757019043,-0.20972168445587158,-0.0855334916328161,-0.005194604396820068,-0.1350632905960083,-0.06916812743889977,-0.07214093208312988,-0.23861312866210938,-0.011506051122125882,-0.06512311100959778,-0.2626771926879883,-0.06170544709908654,-0.04884612560272217,-0.18840479850769043,-0.06289359863745858,-0.03868052363395691,-0.13028156757354736,-0.04767727788436105
U,0.0,0.0,0.0,0.06478726863861084,-0.07398736476898193,-0.03979388566187936,0.10164439678192139,-0.19101423025131226,-0.04755410866312104,0.09045875072479248,-0.2919454574584961,-0.05434766726068574,0.03980916738510132,-0.3454991579055786,-0.05833010689786988,0.0731692910194397,-0.2901684045791626,-0.006696996627965746,0.077339768409729,-0.4129387140274048,-0.03157683031133729,0.07079154253005981,-0.4896339476108551,-0.0463993916051777,0.06518065929412842,-0.5603997111320496,-0.05316659004859048,0.023206233978271484,-0.2919611930847168,-0.00396067404619771,0.030895352363586426,-0.41694319248199463,-0.047113458974877176,0.028131484985351562,-0.5131884515285492,-0.07393775077036935,0.02755725383758545,-0.5898678302764893,-0.08210609049967843,-0.025450855493545532,-0.26978641748428345,-0.006679977639237222,-0.02578943967819214,-0.3025771975517273,-0.07335394562653619,-0.015387654304504395,-0.20793211460113525,-0.08620541484526711,-0.004765689373016357,-0.13364046812057495,-0.06993202806881982,-0.0713871419429779,-0.2386133074760437,-0.011292047216215906,-0.06484079360961914,-0.26174676418304443,-0.06159612850717622,-0.048834264278411865,-0.18701571226119995,-0.06303105445078927,-0.038277000188827515,-0.12906938791275024,-0.04805493296555596
U,0.0,0.0,0.0,0.06326693296432495,-0.07084256410598755,-0.03873384004384661,0.1017499566078186,-0.19101852178573608,-0.045783005709949975,0.09134852886199951,-0.29570919275283813,-0.051586721147600656,0.04082822799682617,-0.35055577754974365,-0.05482646828443194,0.07308095693588257,-0.29347795248031616,-0.008235659505430704,0.0778036117553711,-0.4174422025680542,-0.032556809540096765,0.07144057750701904,-0.4939635694026947,-0.04658192029148722,0.0661270022392273,-0.5650594830513,-0.05275785183459902,0.022555530071258545,-0.29614710807800293,-0.00594051653445149,0.030631542205810547,-0.4222319722175598,-0.046848703230921274,0.029015302658081055,-0.5172576010227203,-0.07173244660646105,0.0293007493019104,-0.5944126546382904,-0.07868038123399401,-0.026323914527893066,-0.27363061904907227,-0.008702147807184701,-0.02625495195388794,-0.305820107460022,-0.0742483288601079,-0.01490318775177002,-0.20972365140914917,-0.0862013027623334,-0.003949999809265137,-0.13461387157440186,-0.06954914336949969,-0.07234764099121094,-0.23887717723846436,-0.013172923642400747,-0.06442230939865112,-0.25893646478652954,-0.06422366207391406,-0.04779285192489624,-0.1817382574081421,-0.06536180531531954,-0.03694489598274231,-0.12216174602508545,-0.04979954665452624
U,0.0,0.0,0.0,0.06346383690834045,-0.0697217583656311,-0.038099057037584316,0.10269168019294739,-0.19027942419052124,-0.04473233129476739,0.09176215529441833,-0.2957316040992737,-0.05037218238805963,0.04065790772438049,-0.35013389587402344,-0.05358683596944047,0.07302489876747131,-0.2945159077644348,-0.007789413906834852,0.07745996117591858,-0.4179919362068176,-0.03242623712515069,0.07070890069007874,-0.49425914883613586,-0.04643387626504136,0.06556692719459534,-0.5651679039001465,-0.05243026744221879,0.022491663694381714,-0.296572744846344,-0.0058083077857418175,0.029431253671646118,-0.4228549003601074,-0.046454506922714245,0.02779635787010193,-0.5177515745162964,-0.070882982570879,0.028331607580184937,-0.5951564311981201,-0.07758761103843881,-0.025749266147613525,-0.2731584906578064,-0.008885683488301765,-0.028196722269058228,-0.30422770977020264,-0.07404156680797769,-0.016530871391296387,-0.2082587480545044,-0.0859656697103901,-0.004541724920272827,-0.13265377283096313,-0.06945333536361886,-0.07080015540122986,-0.23783624172210693,-0.013675572347096931,-0.06558659672737122,-0.2551223039627075,-0.0641322797129078,-0.049523621797561646,-0.17791837453842163,-0.06538048293089105,-0.0378974974155426,-0.11871117353439331,-0.05010497476553155
U,0.0,0.0,0.0,0.06483697891235352,-0.06977677345275879,-0.038477119810124805,0.10276246070861816,-0.18978643417358398,-0.04528857842757361,0.09248363971710205,-0.29496586322784424,-0.05106080398633139,0.04094892740249634,-0.34883397817611694,-0.05434962064697402,0.072837233543396,-0.2923209071159363,-0.008440237312754562,0.0776066780090332,-0.4181179404258728,-0.032553897059699466,0.07069504261016846,-0.4946941137313843,-0.04601555765344756,0.06529492139816284,-0.5662333965301514,-0.05178059340192931,0.02203136682510376,-0.29395198822021484,-0.006044137112041881,0.02913069725036621,-0.42091506719589233,-0.047350709146996905,0.027811765670776367,-0.5169965028762817,-0.07197103352024214,0.028350412845611572,-0.5941388309001923,-0.07885712087824004,-0.026893794536590576,-0.2711859941482544,-0.008736478916546275,-0.028436005115509033,-0.30292677879333496,-0.07429089844896453,-0.016261816024780273,-0.20693594217300415,-0.0866568729348387,-0.004265964031219482,-0.13000494241714478,-0.07046203017904418,-0.0727854073047638,-0.23837053775787354,-0.013196443959316184,-0.06600850820541382,-0.2537265419960022,-0.0638747930593695,-0.04998365044593811,-0.17672032117843628,-0.06618617922737258,-0.0386616587638855,-0.11775851249694824,-0.051838346577426364
U,0.0,0.0,0.0,0.06399691104888916,-0.07094025611877441,-0.0384613610086717,0.10348737239837646,-0.1901533007621765,-0.044942244815615595,0.09306573867797852,-0.2957388758659363,-0.05047345526793379,0.041517674922943115,-0.3492342233657837,-0.05374768741705793,0.07300186157226562,-0.29386281967163086,-0.0062869707336403735,0.07782268524169922,-0.4192183017730713,-0.030086316096571863,0.07137191295623779,-0.4962526261806488,-0.044014193045882166,0.06593775749206543,-0.5673488676548004,-0.049896798956183375,0.02296757698059082,-0.294131338596344,-0.004347960858581246,0.029658496379852295,-0.4248104691505432,-0.04357414312937635,0.028128385543823242,-0.5209700763225555,-0.06750769533493894,0.028337419033050537,-0.5979263186454773,-0.07403125234225172,-0.02452179789543152,-0.2692146301269531,-0.007761420610336245,-0.028781026601791382,-0.3046160936355591,-0.072383593696145,-0.017596453428268433,-0.21054327487945557,-0.08482210703471083,-0.005721479654312134,-0.13563841581344604,-0.06867345042803663,-0.06976759433746338,-0.23337942361831665,-0.01280331325062889,-0.0666215717792511,-0.26065289974212646,-0.062147665697125376,-0.05195605754852295,-0.18426060676574707,-0.06222113587239164,-0.040780603885650635,-0.12369358539581299,-0.046366471725491465
U,0.0,0.0,0.0,0.06496205925941467,-0.07018417119979858,-0.03916442330034897,0.10385963320732117,-0.18897759914398193,-0.04709301452191994,0.09579363465309143,-0.2946130037307739,-0.053971032901131366,0.04475930333137512,-0.3497462272644043,-0.058464600993715976,0.07392343878746033,-0.29057246446609497,-0.010188603131496166,0.07859066128730774,-0.41870540380477905,-0.03504288504871056,0.07170179486274719,-0.49644461274147034,-0.04951677034648583,0.06616571545600891,-0.5684748888015747,-0.05611820082219765,0.023627668619155884,-0.2900155186653137,-0.008521494744741176,0.030929535627365112,-0.42177116870880127,-0.05089698295148537,0.028997987508773804,-0.5189294517040253,-0.07656878913792298,0.02890416979789734,-0.5959426462650299,-0.08443505252751038,-0.024210214614868164,-0.2651766538619995,-0.01187252095940039,-0.025996237993240356,-0.30506396293640137,-0.07803590531500504,-0.014727890491485596,-0.21058374643325806,-0.08949948783072159,-0.003512263298034668,-0.135198175907135,-0.07295668805988953,-0.06942838430404663,-0.2310287356376648,-0.016963963685952876,-0.06413531303405762,-0.26108717918395996,-0.06718694354447052,-0.04934743046760559,-0.18507754802703857,-0.0669268810287349,-0.03910067677497864,-0.12560200691223145,-0.05107674683483765
U,0.0,0.0,0.0,0.06448951363563538,-0.07006680965423584,-0.038905611753534686,0.10326185822486877,-0.18871033191680908,-0.046615032970976245,0.09539666771888733,-0.29426825046539307,-0.05330197003490866,0.04457727074623108,-0.3488929271697998,-0.05762155589468421,0.07325252890586853,-0.2899587154388428,-0.009791776098381888,0.07797619700431824,-0.41857844591140747,-0.03442056339986266,0.07138624787330627,-0.49630701541900635,-0.048861610263656985,0.06615033745765686,-0.5683780610561371,-0.0554078393877262,0.022914737462997437,-0.2894635796546936,-0.008095767840814005,0.030444353818893433,-0.4209343194961548,-0.049782274782728564,0.028869837522506714,-0.5179834961891174,-0.07518698883063735,0.02919784188270569,-0.5954334735870361,-0.08295319092280806,-0.024909526109695435,-0.264911413192749,-0.011420833438705813,-0.02675187587738037,-0.3039001226425171,-0.07673001897342147,-0.015593111515045166,-0.20989352464675903,-0.08812483263022841,-0.004339158535003662,-0.13489484786987305,-0.07172252100713195,-0.07010197639465332,-0.23082929849624634,-0.01650984448201598,-0.06512454152107239,-0.25985831022262573,-0.06575680387027205,-0.050608664751052856,-0.18449687957763672,-0.06521589916951598,-0.04018294811248779,-0.12547123432159424,-0.0493316822946781
U,0.0,0.0,0.0,0.06412822008132935,-0.06977826356887817,-0.03894742370601989,0.10413271188735962,-0.18777096271514893,-0.046780304769242775,0.09638452529907227,-0.2936539649963379,-0.053532754788363945,0.04562795162200928,-0.3489037752151489,-0.05804496423360206,0.07414042949676514,-0.29125404357910156,-0.009912413330937397,0.0793256163597107,-0.41819995641708374,-0.03424456880446769,0.0731545090675354,-0.49523431062698364,-0.04827323720809318,0.0679783821105957,-0.5663807094097137,-0.05431047619339324,0.023845970630645752,-0.2907084822654724,-0.008197786072457802,0.031203091144561768,-0.42267560958862305,-0.048356687436069024,0.029067635536193848,-0.518706738948822,-0.07277549223061897,0.028861045837402344,-0.5952150523662567,-0.07981905506011344,-0.023735642433166504,-0.2655310034751892,-0.011497603515351784,-0.026183485984802246,-0.3027784824371338,-0.07610509709473945,-0.015455305576324463,-0.20966017246246338,-0.08775864706393577,-0.0041841864585876465,-0.135503888130188,-0.07144466952439643,-0.06895714998245239,-0.23009371757507324,-0.0164536421841035,-0.06509509682655334,-0.26036369800567627,-0.06547687367555,-0.05004996061325073,-0.1846987009048462,-0.06453967259284354,-0.03887477517127991,-0.12394315004348755,-0.04814610795136787
U,0.0,0.0,0.0,0.06373876333236694,-0.07079833745956421,-0.037073461050340484,0.10287034511566162,-0.18924343585968018,-0.04425248661095793,0.09514093399047852,-0.29505813121795654,-0.050743663394996474,0.04439091682434082,-0.34878790378570557,-0.05507416808063681,0.07324445247650146,-0.29128068685531616,-0.008385454015979121,0.07835853099822998,-0.41908979415893555,-0.03208521910960371,0.071865975856781,-0.49583354592323303,-0.045802550101825545,0.06653952598571777,-0.5668326020240784,-0.05173221760446722,0.023449838161468506,-0.29045534133911133,-0.007331578703769992,0.030816733837127686,-0.4223296642303467,-0.04677190416509802,0.029085159301757812,-0.5184679925441742,-0.07094194897467787,0.02920842170715332,-0.5952642858028412,-0.07807884522731001,-0.023742586374282837,-0.26516300439834595,-0.011092396164485763,-0.026411384344100952,-0.30468201637268066,-0.07446769037301237,-0.015723347663879395,-0.21171587705612183,-0.08569945552403624,-0.004739999771118164,-0.13678967952728271,-0.06953576364571745,-0.06830939650535583,-0.22931218147277832,-0.016408985192128966,-0.06461715698242188,-0.2604678273200989,-0.06429857173020537,-0.05010989308357239,-0.185832679271698,-0.06308801629597838,-0.03952151536941528,-0.12563443183898926,-0.04683466413075621
U,0.0,0.0,0.0,0.06468230485916138,-0.07085937261581421,-0.039433955909828455,0.10329240560531616,-0.18830686807632446,-0.04736885404787472,0.09567475318908691,-0.29316282272338867,-0.05419144010744503,0.04557448625564575,-0.3490205407142639,-0.05856802290878704,0.07385778427124023,-0.2899859547615051,-0.009413951771477969,0.07924216985702515,-0.41748422384262085,-0.03385159722171238,0.0725288987159729,-0.4945037364959717,-0.04815201437673977,0.06664347648620605,-0.5657127797603607,-0.05455128079853466,0.023883521556854248,-0.2888385057449341,-0.00725227477602175,0.03186601400375366,-0.42081862688064575,-0.048657994480947764,0.030354797840118408,-0.518005907535553,-0.0741035079082053,0.030406415462493896,-0.5950173437595367,-0.08189417025647572,-0.02368178963661194,-0.263877809047699,-0.01027114200047663,-0.02561315894126892,-0.3028477430343628,-0.07521775713763645,-0.01479107141494751,-0.21019107103347778,-0.08714986196360996,-0.0037052035331726074,-0.13624924421310425,-0.07119680544934681,-0.06864750385284424,-0.23014014959335327,-0.01509485463253668,-0.06305766105651855,-0.2580856680870056,-0.06404644599757603,-0.04900810122489929,-0.18338114023208618,-0.06407965323529652,-0.038882315158843994,-0.1251906156539917,-0.04870938113532475
U,0.0,0.0,0.0,0.06517082452774048,-0.07006973028182983,-0.03775723606605652,0.10472559928894043,-0.18868249654769897,-0.044203314485741885,0.09653663635253906,-0.2955002784729004,-0.04985796243209961,0.04512596130371094,-0.34834665060043335,-0.053339186611367495,0.07416081428527832,-0.29039448499679565,-0.006497068817509444,0.07927680015563965,-0.4177875518798828,-0.029205038699103625,0.07278287410736084,-0.4948243200778961,-0.042602519991589816,0.06735408306121826,-0.5660558938980103,-0.04852510199208382,0.02452141046524048,-0.29001176357269287,-0.004676300587846072,0.03157496452331543,-0.4210125803947449,-0.043600640746547015,0.03019315004348755,-0.5178699195384979,-0.06805773407478455,0.030449628829956055,-0.5948331952095032,-0.07547320753593567,-0.0226900577545166,-0.26555776596069336,-0.007943976226044924,-0.024997204542160034,-0.30473989248275757,-0.07151720255870941,-0.014161616563796997,-0.21183353662490845,-0.08404393077154282,-0.003346055746078491,-0.1365445852279663,-0.06863223344345215,-0.06744211912155151,-0.23135197162628174,-0.012800258139861853,-0.06307053565979004,-0.2619701623916626,-0.06136760071177605,-0.04875403642654419,-0.1874719262123108,-0.06162559569139603,-0.038325339555740356,-0.12692224979400635,-0.0464073191608918
U,0.0,0.0,0.0,0.06572762131690979,-0.06951117515563965,-0.039615699332216536,0.10485348105430603,-0.186467707157135,-0.047675443124035155,0.09763434529304504,-0.29156678915023804,-0.0546197865717204,0.046575695276260376,-0.34620869159698486,-0.05915103970096425,0.07439026236534119,-0.2890318036079407,-0.009415649119773661,0.07934913039207458,-0.41636842489242554,-0.03381472943351582,0.07269063591957092,-0.49316540360450745,-0.04849148659036473,0.067567378282547,-0.564213752746582,-0.05531245587394551,0.02442881464958191,-0.28769439458847046,-0.0070398722402842395,0.032225579023361206,-0.41738754510879517,-0.048693591039636885,0.030902177095413208,-0.513993114233017,-0.07470293087885693,0.031767576932907104,-0.5903723537921906,-0.08302212251351193,-0.02297508716583252,-0.26299601793289185,-0.009837871659556185,-0.02420821785926819,-0.30087947845458984,-0.07505864394829587,-0.013772934675216675,-0.208013653755188,-0.08756166441366986,-0.0027199089527130127,-0.13339781761169434,-0.07208386553452328,-0.06748577952384949,-0.22939229011535645,-0.014431486148396289,-0.06194391846656799,-0.25678789615631104,-0.06415430201218442,-0.04775145649909973,-0.1818150281906128,-0.06484305603430585,-0.03701278567314148,-0.12285107374191284,-0.04987782729790524
U,0.0,0.0,0.0,0.06556615233421326,-0.06953716278076172,-0.03823520533262581,0.10620638728141785,-0.18825805187225342,-0.045514847258914415,0.09643992781639099,-0.293631911277771,-0.051830678353894655,0.044455140829086304,-0.34604960680007935,-0.0559528685313353,0.07363501191139221,-0.290829062461853,-0.009423490720678274,0.07811680436134338,-0.4182708263397217,-0.03363201684771866,0.07112142443656921,-0.49526432156562805,-0.04772696561633438,0.06523582339286804,-0.5658277869224548,-0.053886476079810564,0.023157328367233276,-0.28976285457611084,-0.007919292072642747,0.030105680227279663,-0.42052745819091797,-0.04779567859588951,0.02884534001350403,-0.5161281228065491,-0.07203110970078797,0.029428690671920776,-0.5916872322559357,-0.07898751563845963,-0.024287402629852295,-0.2643101215362549,-0.011448289374698106,-0.026812344789505005,-0.299498975276947,-0.07511546380339951,-0.015549331903457642,-0.20719867944717407,-0.08670588500319809,-0.004120916128158569,-0.13327926397323608,-0.07071356392918915,-0.06934854388237,-0.2282339334487915,-0.016703412975061838,-0.06505274772644043,-0.2544381022453308,-0.0648463062149176,-0.05005753040313721,-0.17968350648880005,-0.06426748550950379,-0.038877516984939575,-0.1204981803894043,-0.048448211620439
U,0.0,0.0,0.0,0.06431883573532104,-0.07089841365814209,-0.03894158418546567,0.10447525978088379,-0.18923944234848022,-0.047112121836050846,0.09557992219924927,-0.2951790690422058,-0.05411647971044431,0.04452270269393921,-0.3491988182067871,-0.05892990122805486,0.07336997985839844,-0.28941285610198975,-0.01161367970775018,0.07884031534194946,-0.4177621603012085,-0.03620007227431188,0.07224798202514648,-0.49503421783447266,-0.05038035999308477,0.06688034534454346,-0.566079169511795,-0.05659330229531179,0.02299332618713379,-0.2879430055618286,-0.00995834323833833,0.030084550380706787,-0.421378493309021,-0.04989994655619512,0.028683602809906006,-0.5179347991943359,-0.0740129869736279,0.0294458270072937,-0.5948150455951691,-0.0812332999266232,-0.024138599634170532,-0.26186448335647583,-0.01320294256578336,-0.02699863910675049,-0.3020036220550537,-0.07680623944173703,-0.016308128833770752,-0.21001571416854858,-0.08746743168006788,-0.005317389965057373,-0.13579750061035156,-0.07106687839399228,-0.0687025785446167,-0.22487282752990723,-0.01815918798814664,-0.06490647792816162,-0.25791484117507935,-0.06607812608848462,-0.05062076449394226,-0.18322324752807617,-0.0642597373879994,-0.040593355894088745,-0.12296628952026367,-0.04769342358480344
U,0.0,0.0,0.0,0.06325855851173401,-0.07122302055358887,-0.039148696646350345,0.1028735339641571,-0.1882244348526001,-0.04783539561952921,0.09386184811592102,-0.2940223217010498,-0.055516560510056934,0.044489890336990356,-0.35047823190689087,-0.06101765571560236,0.07273444533348083,-0.28885138034820557,-0.012192650646227321,0.07783141732215881,-0.4167688488960266,-0.037539427116769275,0.07103744149208069,-0.4941457211971283,-0.05224584130968424,0.0655926764011383,-0.565248966217041,-0.05871838791694017,0.022625893354415894,-0.2875605821609497,-0.010561999812978229,0.029972821474075317,-0.4208257794380188,-0.05057015730466219,0.02806439995765686,-0.5174158215522766,-0.07475444762434336,0.02864345908164978,-0.59388068318367,-0.08201015083517404,-0.024451643228530884,-0.262175977230072,-0.013892180234449825,-0.027491241693496704,-0.3024688959121704,-0.07707137702431055,-0.017677754163742065,-0.211350679397583,-0.08735270141090723,-0.007003575563430786,-0.1371544599533081,-0.07076776115621897,-0.06898108124732971,-0.2257775068283081,-0.019054108247416934,-0.06552627682685852,-0.25886213779449463,-0.06634234724964472,-0.05133029818534851,-0.18533635139465332,-0.0642436975094256,-0.04092681407928467,-0.12478482723236084,-0.04746465845431658
U,0.0,0.0,0.0,0.06303703784942627,-0.07014697790145874,-0.03892526363307525,0.10234075784683228,-0.1873757243156433,-0.04754208733612586,0.09345448017120361,-0.29303205013275146,-0.055130753268542776,0.04428976774215698,-0.34970545768737793,-0.06055469026142646,0.07238882780075073,-0.28829896450042725,-0.012727352392914781,0.07733786106109619,-0.41589081287384033,-0.0381525080400138,0.07063263654708862,-0.4930201768875122,-0.05277345289761115,0.06534004211425781,-0.5640060603618622,-0.05917952915007163,0.022353172302246094,-0.28699779510498047,-0.011161811252179632,0.029474079608917236,-0.41982680559158325,-0.05123239715868522,0.027669668197631836,-0.5158719122409821,-0.07520606701547194,0.028297781944274902,-0.5919117629528046,-0.08229239617759276,-0.024671614170074463,-0.2616906762123108,-0.014487846356871614,-0.02755245566368103,-0.30169957876205444,-0.07767597918683578,-0.01743754744529724,-0.20993775129318237,-0.08773293678933669,-0.006654530763626099,-0.13534510135650635,-0.07103588764840651,-0.06892058253288269,-0.22527778148651123,-0.019637841333690176,-0.06492000818252563,-0.25703370571136475,-0.0671209577220111,-0.05075681209564209,-0.18311280012130737,-0.06514901255542327,-0.04052814841270447,-0.12267309427261353,-0.04845213850313712
U,0.0,0.0,0.0,0.06357279419898987,-0.06979960203170776,-0.0372532946219053,0.10310766100883484,-0.18715447187423706,-0.04448239926000497,0.09418788552284241,-0.2922285795211792,-0.05094572949906251,0.04602620005607605,-0.34804731607437134,-0.055361439024409265,0.07255509495735168,-0.2888866662979126,-0.010554314141472787,0.07802757620811462,-0.41538071632385254,-0.03500741023322007,0.0718933641910553,-0.49148815870285034,-0.04902631465097329,0.06680276989936829,-0.5613647401332855,-0.054877635573348016,0.02245691418647766,-0.28798389434814453,-0.009297310856482,0.02988758683204651,-0.4205472469329834,-0.04709849927326104,0.028942257165908813,-0.5153922140598297,-0.06978968579073808,0.029916316270828247,-0.591566413640976,-0.07607035387059113,-0.02457377314567566,-0.2627211809158325,-0.01289195429285428,-0.026856571435928345,-0.30179184675216675,-0.07453890193005464,-0.016110002994537354,-0.20957589149475098,-0.084638365094861,-0.00524255633354187,-0.13511943817138672,-0.06808880764742753,-0.06867614388465881,-0.22514480352401733,-0.018137159307798356,-0.06481200456619263,-0.2560868263244629,-0.06463417459031007,-0.05024319887161255,-0.18247497081756592,-0.0623539914538469,-0.039942920207977295,-0.12170720100402832,-0.045445938145121545
U,0.0,0.0,0.0,0.06403782963752747,-0.0699843168258667,-0.03832676367574095,0.10372796654701233,-0.18816858530044556,-0.04580686347298979,0.09444192051887512,-0.29410457611083984,-0.05230024562888502,0.04491785168647766,-0.348354697227478,-0.05660395430140852,0.07370540499687195,-0.2883933186531067,-0.009634901897243253,0.07904157042503357,-0.41534119844436646,-0.033768077508739225,0.07277873158454895,-0.4920359253883362,-0.047941793815425626,0.06762203574180603,-0.5625944435596466,-0.05415053026490568,0.023562699556350708,-0.2872282862663269,-0.00795346418135523,0.030998677015304565,-0.41944921016693115,-0.046899915800622693,0.02938804030418396,-0.5146205425262451,-0.07073174895458578,0.029565125703811646,-0.5904060006141663,-0.07771850110702871,-0.02345728874206543,-0.2620561718940735,-0.011264668905369035,-0.026513010263442993,-0.3024631142616272,-0.07421164693050741,-0.015552788972854614,-0.20944350957870483,-0.08502341540270208,-0.004590153694152832,-0.13449174165725708,-0.06868198992424368,-0.06780385971069336,-0.2258269190788269,-0.016284427733353368,-0.06395584344863892,-0.2583317160606384,-0.0639168518941915,-0.04939267039299011,-0.1839328408241272,-0.06238340319805502,-0.03903663158416748,-0.12327766418457031,-0.045930107251933805
U,0.0,0.0,0.0,0.06375846266746521,-0.06916838884353638,-0.03812026209220676,0.10306820273399353,-0.1862506866455078,-0.04591117030963687,0.09525510668754578,-0.2913413643836975,-0.05278293765172748,0.04617401957511902,-0.34633857011795044,-0.057376160985086244,0.07306841015815735,-0.287486732006073,-0.010226462735090536,0.07806411385536194,-0.41525888442993164,-0.034700147574994844,0.07154610753059387,-0.49159228801727295,-0.04910324863180904,0.0664166510105133,-0.5622474849224091,-0.05552737019047527,0.023164480924606323,-0.2862994074821472,-0.008611336117837709,0.030441194772720337,-0.4185470938682556,-0.048198774224374574,0.029396861791610718,-0.5136822462081909,-0.07232811651215343,0.030203014612197876,-0.5895556509494781,-0.07962274155602245,-0.02384740114212036,-0.2617637515068054,-0.011930553941283506,-0.027080297470092773,-0.3012409806251526,-0.07480333349690227,-0.016225576400756836,-0.20865917205810547,-0.08542299619898586,-0.0052030980587005615,-0.13357609510421753,-0.06923031411156444,-0.06798192858695984,-0.22683626413345337,-0.01701662293658046,-0.06364136934280396,-0.25620895624160767,-0.06445591500983028,-0.04968702793121338,-0.18140554428100586,-0.06313775829062251,-0.03952983021736145,-0.1210552453994751,-0.04703393555269031
U,0.0,0.0,0.0,0.06454497575759888,-0.0690811276435852,-0.03864536761642512,0.10457026958465576,-0.1862621307373047,-0.04644016876221713,0.09616732597351074,-0.29118233919143677,-0.05317131384612139,0.04608464241027832,-0.34592700004577637,-0.057578432852039896,0.07307350635528564,-0.28863924741744995,-0.010417663039277159,0.07874327898025513,-0.41500258445739746,-0.034990317666540705,0.07248055934906006,-0.4915124177932739,-0.04937418877483424,0.06753349304199219,-0.5622486472129822,-0.05582376151681956,0.0230025053024292,-0.28771698474884033,-0.00863041776568707,0.03030109405517578,-0.41920197010040283,-0.04893765925766047,0.029542744159698486,-0.5145099759101868,-0.07356522559524592,0.03066420555114746,-0.5909013748168945,-0.08108452289701518,-0.024167805910110474,-0.2630111575126648,-0.011783570529530607,-0.027343004941940308,-0.3015022873878479,-0.07568153321147975,-0.015783876180648804,-0.20875906944274902,-0.08695926844478663,-0.004357039928436279,-0.1340930461883545,-0.07092901646495875,-0.06890469789505005,-0.22816836833953857,-0.016676662036786638,-0.06472662091255188,-0.25592970848083496,-0.06512712269426402,-0.04982411861419678,-0.1809510588645935,-0.06450749515892085,-0.03917691111564636,-0.12117302417755127,-0.04869952380062159
U,0.0,0.0,0.0,0.06479540467262268,-0.06946766376495361,-0.03987842232584171,0.10530886054039001,-0.1866171956062317,-0.048348570173970984,0.09649291634559631,-0.2924414873123169,-0.05546432912944965,0.04533568024635315,-0.347250759601593,-0.060196923023454474,0.07305243611335754,-0.2890896797180176,-0.011395067839316653,0.07903280854225159,-0.4154883623123169,-0.03585966483353786,0.07258197665214539,-0.4920172691345215,-0.050277693128577994,0.06741288304328918,-0.5631859600543976,-0.056867016410819815,0.022765785455703735,-0.2885128855705261,-0.009052869795254992,0.030840307474136353,-0.41920018196105957,-0.04935893595813923,0.029850274324417114,-0.5152799487113953,-0.0740685518145483,0.03075811266899109,-0.591864138841629,-0.08176814571618252,-0.0245228111743927,-0.26375502347946167,-0.011758310651771353,-0.027284741401672363,-0.30183279514312744,-0.07611570314168148,-0.015903204679489136,-0.20861715078353882,-0.08792552158831768,-0.004071325063705444,-0.13316720724105835,-0.07220330641268902,-0.06938588619232178,-0.2288861870765686,-0.016252122750870512,-0.06530889868736267,-0.25516819953918457,-0.06573067412375622,-0.05016860365867615,-0.1796932816505432,-0.06605022207497768,-0.03854262828826904,-0.11968046426773071,-0.05078816593288593
U,0.0,0.0,0.0,0.06497204303741455,-0.07010900974273682,-0.03962689310708356,0.10558640956878662,-0.1873590350151062,-0.04794941887655568,0.09678536653518677,-0.2934415936470032,-0.05499104082980466,0.04542887210845947,-0.3478471636772156,-0.05965102881589246,0.07324469089508057,-0.2894323468208313,-0.010813953805950405,0.07954061031341553,-0.41568195819854736,-0.035274591747906925,0.07337439060211182,-0.49248701333999634,-0.049650069777158023,0.06843435764312744,-0.563736617565155,-0.05621124104061437,0.02295440435409546,-0.2888824939727783,-0.00861185461678815,0.030850231647491455,-0.42007607221603394,-0.04899734676280332,0.02984166145324707,-0.5165198147296906,-0.07381508917012525,0.030671417713165283,-0.593551367521286,-0.08155366450944257,-0.024231135845184326,-0.26392537355422974,-0.011447404962268592,-0.027150839567184448,-0.30198347568511963,-0.07593187362351728,-0.015477955341339111,-0.20908409357070923,-0.08783213466801953,-0.0034820139408111572,-0.13397330045700073,-0.07207404494681668,-0.06904876232147217,-0.22874927520751953,-0.01603639543452573,-0.06517672538757324,-0.25514549016952515,-0.06550384730496717,-0.04991987347602844,-0.17997395992279053,-0.06581131041446042,-0.03843080997467041,-0.12023162841796875,-0.050512161556866886
U,0.0,0.0,0.0,0.06511339545249939,-0.06969952583312988,-0.03822977830992613,0.10510709881782532,-0.1881871223449707,-0.045878540625437836,0.09591880440711975,-0.2943935990333557,-0.05246972655282889,0.04423430562019348,-0.3469507694244385,-0.05677955215202246,0.07303902506828308,-0.2897656559944153,-0.009785964985951523,0.07857832312583923,-0.4165634512901306,-0.033630121400221924,0.0719936192035675,-0.4930408298969269,-0.04769526412115965,0.06673189997673035,-0.5639342069625854,-0.05409340177999411,0.02256295084953308,-0.2884323000907898,-0.008233358984455208,0.030615895986557007,-0.41887789964675903,-0.04783700024114523,0.029390543699264526,-0.5149781405925751,-0.07213518386112128,0.02983739972114563,-0.5918737351894379,-0.07961853211151038,-0.024856925010681152,-0.2628817558288574,-0.011606733215614895,-0.027808845043182373,-0.30106228590011597,-0.07540540014730368,-0.01560249924659729,-0.20796746015548706,-0.08709054057823096,-0.003414243459701538,-0.13249075412750244,-0.07136135165916357,-0.06957677006721497,-0.22682195901870728,-0.01662578796373282,-0.06541049480438232,-0.2538400888442993,-0.06553596620784674,-0.04990959167480469,-0.17906886339187622,-0.06554320817218695,-0.03813508152961731,-0.11934787034988403,-0.050190795113906006
U,0.0,0.0,0.0,0.06506502628326416,-0.06887388229370117,-0.03931140793747545,0.10588490962982178,-0.1876317262649536,-0.047644852532812365,0.09634315967559814,-0.2941130995750427,-0.05471678717321993,0.04436624050140381,-0.3472106456756592,-0.05945500625557543,0.0729643702507019,-0.28921592235565186,-0.011601927562423953,0.078277587890625,-0.4172792434692383,-0.03652347890920282,0.07172942161560059,-0.49476388096809387,-0.051169949455925234,0.06667840480804443,-0.5662233829498291,-0.057790516747900256,0.022254765033721924,-0.2879534959793091,-0.009790502360829123,0.03021782636642456,-0.4191933870315552,-0.05073403833694101,0.028869807720184326,-0.5161704123020172,-0.07563194899148584,0.029483795166015625,-0.5940906405448914,-0.08331404147929788,-0.02510809898376465,-0.2626338005065918,-0.012915444432564982,-0.028266191482543945,-0.3001328706741333,-0.0777789306480372,-0.01606982946395874,-0.20705759525299072,-0.08930474786347986,-0.0035446584224700928,-0.13169658184051514,-0.07320315657443643,-0.069918692111969,-0.22691261768341064,-0.017741578503319033,-0.06632810831069946,-0.2538737654685974,-0.06706894455737711,-0.05095142126083374,-0.17836105823516846,-0.06655835626906992,-0.03926071524620056,-0.11827760934829712,-0.05068240953869463
U,0.0,0.0,0.0,0.06496399641036987,-0.0697278380393982,-0.03902790668877287,0.10522699356079102,-0.1879490613937378,-0.047266702833496765,0.09601855278015137,-0.2940693497657776,-0.05435503247650786,0.04408341646194458,-0.34741783142089844,-0.059083956959568695,0.0726122260093689,-0.28926509618759155,-0.010736163440071778,0.07800179719924927,-0.417188823223114,-0.035353753450237946,0.07149475812911987,-0.49451887607574463,-0.04985618192228003,0.06646168231964111,-0.5660621821880341,-0.05640532422336264,0.02192467451095581,-0.2879006862640381,-0.009040697212242321,0.02999800443649292,-0.4193989038467407,-0.049788884553038315,0.02858138084411621,-0.5164036750793457,-0.07471611696752234,0.029115378856658936,-0.5942183434963226,-0.08246042925389929,-0.025631815195083618,-0.26239585876464844,-0.012287782239639,-0.028487026691436768,-0.30078786611557007,-0.07703592974218054,-0.016234874725341797,-0.20749765634536743,-0.08855494457753821,-0.0036975443363189697,-0.13199830055236816,-0.07244856256517096,-0.07060256600379944,-0.2267358899116516,-0.01721448610993548,-0.06639695167541504,-0.2546929121017456,-0.06644212800534888,-0.0508614182472229,-0.17910128831863403,-0.06588338661464377,-0.03910687565803528,-0.11885535717010498,-0.04998798641832991
U,0.0,0.0,0.0,0.06548488140106201,-0.06950247287750244,-0.03864321941148319,0.10538101196289062,-0.1877155303955078,-0.0466496878267435,0.09573405981063843,-0.2933667302131653,-0.05352298626314678,0.04404646158218384,-0.3472427725791931,-0.05811100909124889,0.07307106256484985,-0.2892325520515442,-0.01108643216650762,0.07833677530288696,-0.4166714549064636,-0.035620530039182086,0.0714111328125,-0.4941120743751526,-0.04983933725964107,0.06593656539916992,-0.5653947591781616,-0.05612566033016719,0.022092342376708984,-0.2874452471733093,-0.009522588826825995,0.02977919578552246,-0.4192313551902771,-0.049991329103818316,0.028361141681671143,-0.5162342190742493,-0.07446518623839893,0.028770804405212402,-0.5939809679985046,-0.0818652966023592,-0.025596529245376587,-0.26150375604629517,-0.01284350538264789,-0.027856945991516113,-0.2997004985809326,-0.07721030050527133,-0.015590012073516846,-0.20634132623672485,-0.08836653912078418,-0.0034506618976593018,-0.1311294436454773,-0.07206883364926853,-0.07059857249259949,-0.22536224126815796,-0.01783618600677528,-0.06564578413963318,-0.25380754470825195,-0.06650000894080677,-0.05024313926696777,-0.17880338430404663,-0.06563871437322177,-0.0391048789024353,-0.11924046277999878,-0.04963525095593013
U,0.0,0.0,0.0,0.0655989944934845,-0.06982159614562988,-0.03718429830604464,0.10569468140602112,-0.1881558895111084,-0.044840514927443564,0.09603264927864075,-0.2943442463874817,-0.05159542736345202,0.04421165585517883,-0.346535325050354,-0.05616452944212824,0.07258746027946472,-0.2885175943374634,-0.010617899976011813,0.07809033989906311,-0.4164472818374634,-0.034856662421759665,0.07150289416313171,-0.4938604235649109,-0.048821412294444144,0.06624451279640198,-0.5652187764644623,-0.05505187463694483,0.021629780530929565,-0.28671562671661377,-0.009945726289686263,0.028966695070266724,-0.41961801052093506,-0.049958210706051887,0.02780863642692566,-0.5161511898040771,-0.0741583819382754,0.028379827737808228,-0.5943349897861481,-0.08156744790011317,-0.025729984045028687,-0.2604231834411621,-0.013867857202228606,-0.027320951223373413,-0.3001900911331177,-0.07744171124630839,-0.01502564549446106,-0.20712679624557495,-0.08780803930693537,-0.003360182046890259,-0.13237208127975464,-0.07127757769757181,-0.07040965557098389,-0.22300589084625244,-0.019339315860804618,-0.06548011302947998,-0.2542092204093933,-0.06700207692318827,-0.04994088411331177,-0.18017160892486572,-0.06497592133217722,-0.039240092039108276,-0.12078207731246948,-0.048373505740698874
U,0.0,0.0,0.0,0.06547746062278748,-0.06914877891540527,-0.03823850948515428,0.1065584123134613,-0.18796205520629883,-0.0460889850944568,0.09566053748130798,-0.29361408948898315,-0.05271678317490114,0.04357495903968811,-0.34506213665008545,-0.05705629933777345,0.07308641076087952,-0.28947675228118896,-0.011274960750370155,0.07804790139198303,-0.415965735912323,-0.035534161070017944,0.07117471098899841,-0.492800772190094,-0.04948828268948091,0.0656040608882904,-0.5634202659130096,-0.055701917895703446,0.022340446710586548,-0.28806012868881226,-0.010060901680617462,0.029073566198349,-0.41944074630737305,-0.05008254844847215,0.028053373098373413,-0.5151322782039642,-0.07410626385512842,0.028830379247665405,-0.5921476483345032,-0.08120292697253717,-0.024507522583007812,-0.26236122846603394,-0.013647077532141338,-0.02638024091720581,-0.2991059422492981,-0.07732676986756815,-0.014357298612594604,-0.20653748512268066,-0.08825203303399576,-0.0029681622982025146,-0.13235163688659668,-0.07201425258222116,-0.06870350241661072,-0.22579824924468994,-0.018899639064102303,-0.06359553337097168,-0.25464296340942383,-0.06670224938693536,-0.048470914363861084,-0.18090051412582397,-0.06533309344354166,-0.03805878758430481,-0.12215042114257812,-0.0491882217318107
U,0.0,0.0,0.0,0.06404179334640503,-0.06859314441680908,-0.03831416381956387,0.10409724712371826,-0.18631833791732788,-0.04657770706774045,0.09441179037094116,-0.2901896834373474,-0.05389593555094052,0.04454523324966431,-0.34499984979629517,-0.058780044451964386,0.07190948724746704,-0.2889057993888855,-0.011010445789111145,0.07577824592590332,-0.41508662700653076,-0.035667926207793244,0.0683252215385437,-0.4914310574531555,-0.04996602623225499,0.06253576278686523,-0.561158299446106,-0.05633042021156598,0.021652817726135254,-0.2865416407585144,-0.009757411800933369,0.0285799503326416,-0.415921688079834,-0.04993771775127698,0.027815043926239014,-0.510698676109314,-0.07387995360852528,0.02882927656173706,-0.585642397403717,-0.08097220598222066,-0.02541142702102661,-0.26130008697509766,-0.013530591637504585,-0.027130991220474243,-0.29842936992645264,-0.0764995926475649,-0.01508834958076477,-0.20597553253173828,-0.0866910034275179,-0.0038946866989135742,-0.1316133737564087,-0.07030851034880925,-0.06967556476593018,-0.22607648372650146,-0.019161164895308502,-0.0637112557888031,-0.2539132833480835,-0.06619268296719838,-0.04915285110473633,-0.18024146556854248,-0.06467867283583928,-0.03912919759750366,-0.12176132202148438,-0.048667274550211914
U,0.0,0.0,0.0,0.06311041116714478,-0.06946682929992676,-0.037756779415985875,0.10360705852508545,-0.1862233281135559,-0.04584360979356461,0.09339630603790283,-0.2899020314216614,-0.052790970726391606,0.043062448501586914,-0.34330451488494873,-0.05741950981177979,0.07151943445205688,-0.2879151701927185,-0.011584597824594312,0.07579165697097778,-0.4128350019454956,-0.035813366247793965,0.0685579776763916,-0.4883460998535156,-0.04967830814280205,0.062440335750579834,-0.5577971339225769,-0.055677016450545125,0.02172565460205078,-0.286151647567749,-0.010263857616564565,0.0278814435005188,-0.41631191968917847,-0.04940118379749947,0.026669859886169434,-0.5101191997528076,-0.07281107194580727,0.02705603837966919,-0.585652083158493,-0.07955279685415917,-0.024405479431152344,-0.26072096824645996,-0.013671787640532784,-0.027507811784744263,-0.2963186502456665,-0.07568748034395867,-0.015742719173431396,-0.20510458946228027,-0.08612146712698632,-0.004670828580856323,-0.13222342729568481,-0.07002885378756218,-0.06777960062026978,-0.22468632459640503,-0.018775700776359372,-0.06382527947425842,-0.2528807520866394,-0.06481113023914986,-0.0492478609085083,-0.18019849061965942,-0.06276616938271218,-0.03925451636314392,-0.12226110696792603,-0.046469112111708455
U,0.0,0.0,0.0,0.06279826164245605,-0.06772029399871826,-0.03761476899660465,0.10210299491882324,-0.18446266651153564,-0.04563142980612156,0.09264832735061646,-0.2874377965927124,-0.05264396469272015,0.043661296367645264,-0.3422105312347412,-0.05730597923673031,0.07129323482513428,-0.2859845757484436,-0.011182091824480267,0.07471400499343872,-0.4113388657569885,-0.03520684193051693,0.06689637899398804,-0.4872369170188904,-0.048951464399465294,0.06051278114318848,-0.5563613772392273,-0.0548323827532613,0.02169191837310791,-0.2839687466621399,-0.009994166597493859,0.027761399745941162,-0.4150524139404297,-0.04882496471680042,0.02654135227203369,-0.5091398060321808,-0.0719273040739381,0.02704441547393799,-0.5832365453243256,-0.07843407492316601,-0.024641871452331543,-0.2585892677307129,-0.013620118304856987,-0.02820393443107605,-0.2956753373146057,-0.07528008769429562,-0.016536593437194824,-0.20405679941177368,-0.08521829049266216,-0.005415290594100952,-0.13064604997634888,-0.06890081118024227,-0.06807759404182434,-0.22278600931167603,-0.0189972358492696,-0.06361675262451172,-0.2510996460914612,-0.06508162121451733,-0.04912179708480835,-0.1775110363960266,-0.06303374718106625,-0.03889700770378113,-0.11895453929901123,-0.04673757652915356
U,0.0,0.0,0.0,0.06160512566566467,-0.06845521926879883,-0.036858369703963945,0.10103103518486023,-0.18381065130233765,-0.04494010760970468,0.09090527892112732,-0.28601741790771484,-0.052067970033363054,0.041750699281692505,-0.33945345878601074,-0.05689828946776743,0.06915143132209778,-0.2837809920310974,-0.011645192388073156,0.0729990303516388,-0.4092184901237488,-0.03557412057705278,0.06614908576011658,-0.484504759311676,-0.04912396996803636,0.06009897589683533,-0.5528836250305176,-0.05473534121699686,0.01983395218849182,-0.2814658284187317,-0.010595468911901662,0.025323480367660522,-0.4122235178947449,-0.048395735319331834,0.02425578236579895,-0.504709005355835,-0.07070038944073076,0.0242786705493927,-0.578483909368515,-0.07674436002560014,-0.02593645453453064,-0.2562689185142517,-0.014185269470885942,-0.028489887714385986,-0.2926732897758484,-0.07407026469297762,-0.016661494970321655,-0.2033286690711975,-0.08340196042843218,-0.006329089403152466,-0.13196086883544922,-0.06710712343044634,-0.06888410449028015,-0.22055089473724365,-0.019519399027899453,-0.064048171043396,-0.24884957075119019,-0.0634012567956006,-0.04948219656944275,-0.17761605978012085,-0.06029377609081621,-0.040122002363204956,-0.1202194094657898,-0.04359847038574571
U,0.0,0.0,0.0,0.06081283092498779,-0.06776446104049683,-0.037117171212798894,0.09965801239013672,-0.18108820915222168,-0.04514077968872243,0.08927768468856812,-0.28180134296417236,-0.0519978731123274,0.04041486978530884,-0.3338469862937927,-0.05658017389453107,0.0680195689201355,-0.28133392333984375,-0.011705790757901013,0.07266169786453247,-0.4051227569580078,-0.03539482422149831,0.06693816184997559,-0.4789069890975952,-0.04858002729690725,0.06104356050491333,-0.5460273027420044,-0.053759711906081975,0.02018493413925171,-0.2788901925086975,-0.010059161223239244,0.02625030279159546,-0.4084208607673645,-0.04769777424610311,0.025317788124084473,-0.49932506680488586,-0.06990456871665174,0.024644017219543457,-0.572163313627243,-0.07571348838484937,-0.02448710799217224,-0.2533370852470398,-0.013050185628003419,-0.027536898851394653,-0.28621357679367065,-0.0732020019737547,-0.015681922435760498,-0.19922417402267456,-0.08368835143721753,-0.0053369104862213135,-0.13009190559387207,-0.06794189207232648,-0.0667804479598999,-0.218123197555542,-0.017613233178622067,-0.06335416436195374,-0.24493426084518433,-0.061565554812318624,-0.048735976219177246,-0.17468810081481934,-0.05896333895600492,-0.03956019878387451,-0.11784803867340088,-0.04252827830589467
U,0.0,0.0,0.0,0.0598335862159729,-0.06507670879364014,-0.03862292098500575,0.09852492809295654,-0.17903077602386475,-0.0477264762172922,0.08909904956817627,-0.2789965867996216,-0.05550281854965533,0.04116445779800415,-0.3332703709602356,-0.06095566006996478,0.06809395551681519,-0.27768707275390625,-0.015266880045317066,0.07104671001434326,-0.40324532985687256,-0.040622578586123836,0.0643039345741272,-0.47844627499580383,-0.054831878865741146,0.05821502208709717,-0.5464581251144409,-0.060663258309148205,0.01982247829437256,-0.27441465854644775,-0.013538289467476261,0.02541673183441162,-0.4046363830566406,-0.05275047721960391,0.024184226989746094,-0.4971497654914856,-0.0752034500489458,0.02383023500442505,-0.5702096521854401,-0.08108988555767382,-0.02514508366584778,-0.2499883770942688,-0.016672489816926372,-0.028192907571792603,-0.2847352623939514,-0.07785057427980746,-0.01665407419204712,-0.19685149192810059,-0.08756776305534686,-0.006304830312728882,-0.12664753198623657,-0.07132793369390811,-0.06750026345252991,-0.21663087606430054,-0.021687220434330357,-0.0628030002117157,-0.24306684732437134,-0.06658023747303332,-0.049156248569488525,-0.17151689529418945,-0.06407998653747882,-0.04025393724441528,-0.11432206630706787,-0.04770610632994021
U,0.0,0.0,0.0,0.0596545934677124,-0.06689625978469849,-0.036137397857658016,0.09788203239440918,-0.17775046825408936,-0.04373505291556512,0.08912461996078491,-0.2790794372558594,-0.050508614154807674,0.03958714008331299,-0.3276510238647461,-0.05528882098411714,0.06657099723815918,-0.27371686697006226,-0.010552985118977176,0.07071065902709961,-0.3995515704154968,-0.03356122178053056,0.06496530771255493,-0.47320330142974854,-0.046585767986528026,0.05932152271270752,-0.5406526923179626,-0.05173872736310159,0.019334018230438232,-0.27222132682800293,-0.008779644491426097,0.025524556636810303,-0.40081971883773804,-0.04506457177018319,0.025074422359466553,-0.49194633960723877,-0.06653175828074609,0.02448028326034546,-0.5648782253265381,-0.07208393094157373,-0.025055915117263794,-0.24835115671157837,-0.01168573414003049,-0.02726086974143982,-0.28326672315597534,-0.07017382559394036,-0.016205430030822754,-0.19668346643447876,-0.08037680712556039,-0.006726294755935669,-0.12535876035690308,-0.064859319003574,-0.06688717007637024,-0.21477454900741577,-0.016231901468984233,-0.06251946091651917,-0.24195480346679688,-0.058930567922345745,-0.049317002296447754,-0.17316043376922607,-0.05653429356431161,-0.040937453508377075,-0.11493003368377686,-0.040542128952495204
U,0.0,0.0,0.0,0.061066269874572754,-0.06751924753189087,-0.03654353344165884,0.09883242845535278,-0.17573100328445435,-0.04416463547670446,0.09014791250228882,-0.2768628001213074,-0.0509605223807057,0.03962153196334839,-0.32415199279785156,-0.05581857287609182,0.0670323371887207,-0.2716292142868042,-0.009272352096672876,0.07192552089691162,-0.3943970799446106,-0.03183631622516714,0.06624507904052734,-0.46678438782691956,-0.04483195417844854,0.061335206031799316,-0.5337125062942505,-0.05014699721061788,0.021046698093414307,-0.27101457118988037,-0.0070828034105261395,0.027115821838378906,-0.39858317375183105,-0.043749392268296106,0.02699720859527588,-0.489792138338089,-0.06617018976533018,0.02768528461456299,-0.5620789527893066,-0.07250547805153928,-0.02208694815635681,-0.247641921043396,-0.009623207387562616,-0.025112956762313843,-0.2831439971923828,-0.06883221515738569,-0.014512360095977783,-0.19811809062957764,-0.08026665845238767,-0.004482835531234741,-0.12757813930511475,-0.06541017839037977,-0.06308126449584961,-0.21509283781051636,-0.013733215865727288,-0.060379624366760254,-0.24589967727661133,-0.057464190063114984,-0.047444939613342285,-0.17708253860473633,-0.05611784407221876,-0.03873741626739502,-0.11827456951141357,-0.04073940986120306
U,0.0,0.0,0.0,0.05887496471405029,-0.06663084030151367,-0.03564110203285509,0.0964391827583313,-0.17263847589492798,-0.04353746949334436,0.08899414539337158,-0.2706446051597595,-0.05057753054995828,0.04152679443359375,-0.31917279958724976,-0.05565123437543207,0.06572377681732178,-0.26871341466903687,-0.011744832532599503,0.0698779821395874,-0.3928343653678894,-0.034857096063092285,0.06437891721725464,-0.46406617760658264,-0.04785180641908937,0.05890172719955444,-0.5295919179916382,-0.0528011563291102,0.020388424396514893,-0.2672837972640991,-0.009614332491651112,0.027722179889678955,-0.39389151334762573,-0.04511948479910188,0.02774190902709961,-0.48239290714263916,-0.06619380964536958,0.028065860271453857,-0.5528136789798737,-0.07151588602562242,-0.022022098302841187,-0.24401748180389404,-0.011970776977136666,-0.026376307010650635,-0.2742859721183777,-0.06839423431654268,-0.016115128993988037,-0.19133496284484863,-0.0785674209763556,-0.00580209493637085,-0.12308311462402344,-0.0635699759294539,-0.06214499473571777,-0.210837721824646,-0.015976205380752617,-0.06049764156341553,-0.23513758182525635,-0.05692177443404489,-0.04750800132751465,-0.16777551174163818,-0.05432948647637659,-0.038072437047958374,-0.11080527305603027,-0.038389725523188645
U,0.0,0.0,0.0,0.05903655290603638,-0.06445074081420898,-0.03606004069041546,0.09679198265075684,-0.1723182201385498,-0.044155133761876186,0.08816331624984741,-0.2701571583747864,-0.05130791092705067,0.040682196617126465,-0.32078784704208374,-0.05641479218792256,0.06589299440383911,-0.2696611285209656,-0.012354552619569859,0.06920868158340454,-0.3924487829208374,-0.035656453915350994,0.06294435262680054,-0.4645662307739258,-0.04859291935753163,0.05751144886016846,-0.5303581655025482,-0.05362449387502011,0.019704461097717285,-0.26764172315597534,-0.01059895275574263,0.026433289051055908,-0.3930291533470154,-0.04695843706321057,0.026566028594970703,-0.4817533791065216,-0.0677977519709998,0.027352869510650635,-0.5516136586666107,-0.0728544684727126,-0.023516714572906494,-0.24425148963928223,-0.013478276193552574,-0.026171207427978516,-0.27523237466812134,-0.07135491991829213,-0.015871018171310425,-0.1899755597114563,-0.08100019568991002,-0.006075441837310791,-0.1202128529548645,-0.06543412978243168,-0.0645325779914856,-0.2113439440727234,-0.018073962875121197,-0.0603393018245697,-0.23477530479431152,-0.06061022157263096,-0.047684043645858765,-0.16601741313934326,-0.058437583841794094,-0.039051055908203125,-0.10946565866470337,-0.042690923311226925
U,0.0,0.0,0.0,0.05935990810394287,-0.06731784343719482,-0.03327035438536541,0.09574037790298462,-0.1737964153289795,-0.0402995822977914,0.0877377986907959,-0.26963454484939575,-0.04691231530426876,0.04163426160812378,-0.31818121671676636,-0.05167688709019558,0.06558310985565186,-0.2674078345298767,-0.009290300312329691,0.06992113590240479,-0.38824623823165894,-0.031653224493254584,0.06454885005950928,-0.4597019553184509,-0.044350883926142615,0.05929458141326904,-0.5247288644313812,-0.04931979161023037,0.020185887813568115,-0.26530206203460693,-0.008643834854353827,0.027669191360473633,-0.3898819088935852,-0.044350276703823965,0.027185440063476562,-0.4776940941810608,-0.06544669624685184,0.027184903621673584,-0.5471110045909882,-0.07089772727607624,-0.022059917449951172,-0.241291344165802,-0.012272436174441737,-0.02557504177093506,-0.2739908695220947,-0.06853574421523945,-0.01601618528366089,-0.19073456525802612,-0.07755023893236057,-0.00637468695640564,-0.12311983108520508,-0.062007068659056586,-0.062213897705078125,-0.20765990018844604,-0.017338053326000136,-0.0603238046169281,-0.23775994777679443,-0.0574696091961755,-0.048383116722106934,-0.17071747779846191,-0.053380723114003104,-0.03989773988723755,-0.11494261026382446,-0.03675385099171535
U,0.0,0.0,0.0,0.05921280384063721,-0.06805336475372314,-0.0326068692396575,0.09597206115722656,-0.17049628496170044,-0.0393999323736125,0.08691269159317017,-0.26581770181655884,-0.04568186332687674,0.04113119840621948,-0.31134235858917236,-0.050007689047902204,0.0658155083656311,-0.2632361650466919,-0.007439047798811771,0.07117325067520142,-0.3809221386909485,-0.02865820494696436,0.06655240058898926,-0.44977566599845886,-0.0412949316690856,0.06188380718231201,-0.5133969187736511,-0.04661046643957434,0.021794021129608154,-0.2624305486679077,-0.005790211960970737,0.03021770715713501,-0.3822890520095825,-0.03973377053841887,0.02954399585723877,-0.46759146451950073,-0.061388097007125,0.02907860279083252,-0.536788135766983,-0.06785670970782576,-0.019093215465545654,-0.2398119568824768,-0.008219309386163332,-0.02480703592300415,-0.26903343200683594,-0.060817736435978986,-0.015176087617874146,-0.19008958339691162,-0.07058573072060881,-0.005370020866394043,-0.12574398517608643,-0.05677850474819479,-0.05705934762954712,-0.20712608098983765,-0.01223295578017769,-0.05776757001876831,-0.22984319925308228,-0.04927476425871191,-0.0453856885433197,-0.16757971048355103,-0.04640357499226866,-0.035870879888534546,-0.11584872007369995,-0.031428630698769666
U,0.0,0.0,0.0,0.060446858406066895,-0.06809478998184204,-0.032060606298671246,0.09621995687484741,-0.16782814264297485,-0.03845517140410948,0.0870700478553772,-0.2615976333618164,-0.0449105593242507,0.04156017303466797,-0.30781835317611694,-0.04949793395184088,0.0667526125907898,-0.25841212272644043,-0.0041703720443706516,0.07171642780303955,-0.3739992380142212,-0.024921268118248463,0.06619971990585327,-0.44206660985946655,-0.03750537138961363,0.061560988426208496,-0.505064845085144,-0.04301716190360594,0.0229758620262146,-0.25699418783187866,-0.0030817181204270128,0.030265510082244873,-0.3751060962677002,-0.03769063007615614,0.029780030250549316,-0.46019017696380615,-0.05989144173048544,0.02998983860015869,-0.5281031131744385,-0.06690219220303106,-0.01792791485786438,-0.23468559980392456,-0.006370095429645062,-0.021375715732574463,-0.2675049901008606,-0.060920478669629574,-0.012651443481445312,-0.18853580951690674,-0.07175704267405081,-0.004024326801300049,-0.12279164791107178,-0.05833136465929556,-0.05673015117645264,-0.20348966121673584,-0.011136193653271675,-0.05502411723136902,-0.23014867305755615,-0.0509503762104373,-0.04274448752403259,-0.16756397485733032,-0.049845887241588116,-0.034184664487838745,-0.11431324481964111,-0.03582050081871557
U,0.0,0.0,0.0,0.05912911891937256,-0.06664788722991943,-0.032583059420232985,0.09399300813674927,-0.16728687286376953,-0.03906716560328505,0.08502936363220215,-0.260614275932312,-0.04568639924133322,0.04026705026626587,-0.3081682324409485,-0.050243338247184965,0.06555438041687012,-0.2579304575920105,-0.002772137898375604,0.06937426328659058,-0.37324637174606323,-0.023823646505718443,0.06312477588653564,-0.44149285554885864,-0.03698134948814413,0.058568358421325684,-0.5042189657688141,-0.043076650848036024,0.02187967300415039,-0.2558750510215759,-0.001865951137972388,0.028456807136535645,-0.37219566106796265,-0.03755556573474905,0.028302133083343506,-0.45702695846557617,-0.060503059675340864,0.02943819761276245,-0.5235847532749176,-0.06794117545092604,-0.019421756267547607,-0.2333558201789856,-0.005667306625639412,-0.02200990915298462,-0.2676888108253479,-0.06118973871076605,-0.0129508376121521,-0.18798762559890747,-0.07166034882271788,-0.004305243492126465,-0.12127500772476196,-0.05789720793569586,-0.05885753035545349,-0.202503502368927,-0.011068401535396788,-0.05519232153892517,-0.2306079864501953,-0.05165137877071402,-0.04338940978050232,-0.16825342178344727,-0.05060019498074553,-0.03559359908103943,-0.11582320928573608,-0.036633418550138686
U,0.0,0.0,0.0,0.05994933843612671,-0.0641249418258667,-0.033435185121845734,0.09527438879013062,-0.1659379005432129,-0.03973386125500156,0.08655411005020142,-0.2608399987220764,-0.0458098954134698,0.04065424203872681,-0.3070547580718994,-0.04991735951836063,0.06596732139587402,-0.2565789818763733,-0.0040433608540411115,0.07014650106430054,-0.372134804725647,-0.02463053600723697,0.0639258623123169,-0.44072097539901733,-0.03724766211445285,0.05963444709777832,-0.5038977265357971,-0.04301524596149875,0.022048890590667725,-0.2545846700668335,-0.002458776494961512,0.028840065002441406,-0.3709886074066162,-0.037923496829819214,0.029150664806365967,-0.4556463062763214,-0.060357545184444916,0.030502915382385254,-0.5220869481563568,-0.06739319549734546,-0.019488215446472168,-0.23233181238174438,-0.00555715678120805,-0.02118930220603943,-0.26753973960876465,-0.06202536510164691,-0.011745870113372803,-0.18651890754699707,-0.07298247204954578,-0.003345668315887451,-0.1182146668434143,-0.05923575596744968,-0.059284359216690063,-0.2020469307899475,-0.010169840099763405,-0.054031938314437866,-0.23069769144058228,-0.05220047073299838,-0.04212760925292969,-0.16728144884109497,-0.051871117817711365,-0.03472381830215454,-0.11354625225067139,-0.03817168684537364
U,0.0,0.0,0.0,0.05890166759490967,-0.06386411190032959,-0.0314748209207778,0.09404963254928589,-0.1648433804512024,-0.03752794081862021,0.08603912591934204,-0.2582254409790039,-0.04355622420604277,0.040989041328430176,-0.30332136154174805,-0.04777084256107855,0.06512129306793213,-0.25488531589508057,-0.0055823667212848704,0.06920504570007324,-0.37007516622543335,-0.02601828018720198,0.06327497959136963,-0.4381682872772217,-0.03831204364593077,0.058697640895843506,-0.5007016956806183,-0.04378883505756903,0.021852433681488037,-0.2527099847793579,-0.004684471176517491,0.028163671493530273,-0.3682383894920349,-0.038932121941400055,0.028115391731262207,-0.45145416259765625,-0.06051235238606978,0.02889782190322876,-0.5177140235900879,-0.06734104419643927,-0.018714457750320435,-0.2303491234779358,-0.007981222705495838,-0.022083163261413574,-0.26443183422088623,-0.06179391557867575,-0.012628495693206787,-0.18580758571624756,-0.0718321275203948,-0.0039313435554504395,-0.12006449699401855,-0.05841099063451338,-0.05725288391113281,-0.1997024416923523,-0.012715476216328625,-0.05462580919265747,-0.22860217094421387,-0.05208153615291167,-0.04254201054573059,-0.16722476482391357,-0.05054457823331404,-0.03462567925453186,-0.11490631103515625,-0.036595202633691315
U,0.0,0.0,0.0,0.058171987533569336,-0.06427079439163208,-0.03180094598798178,0.09268581867218018,-0.16409844160079956,-0.038368334760946254,0.08460617065429688,-0.2565302848815918,-0.04489539354113958,0.03951096534729004,-0.30229032039642334,-0.04954087524680517,0.06337589025497437,-0.2527291774749756,-0.0055677278433563515,0.06729066371917725,-0.3674634099006653,-0.02627905062405489,0.061261534690856934,-0.43502986431121826,-0.03885509236721418,0.05671173334121704,-0.4973481595516205,-0.044585125288051586,0.0202522873878479,-0.25030428171157837,-0.0047454161104383275,0.027328550815582275,-0.36558282375335693,-0.03959130658773802,0.02707618474960327,-0.44909459352493286,-0.061340296408218364,0.027652382850646973,-0.5149042904376984,-0.06827069981960676,-0.02023056149482727,-0.2278345823287964,-0.008239826886040191,-0.022060394287109375,-0.26389265060424805,-0.06265241070656202,-0.013156354427337646,-0.184032142162323,-0.07222537114290617,-0.004813492298126221,-0.11709481477737427,-0.05844506039289854,-0.05854237079620361,-0.19713091850280762,-0.01321828807709835,-0.054615318775177,-0.2268972396850586,-0.05303799151448629,-0.04337966442108154,-0.16509175300598145,-0.0513922141399803,-0.036100804805755615,-0.11296981573104858,-0.03740994050173185
U,0.0,0.0,0.0,0.05853790044784546,-0.06399369239807129,-0.03126886952759378,0.09280794858932495,-0.1637672781944275,-0.03752133343459718,0.08299952745437622,-0.25476551055908203,-0.04381810594441049,0.03832602500915527,-0.29946810007095337,-0.048256681301609206,0.0619884729385376,-0.25258868932724,-0.0052133970903014415,0.06575405597686768,-0.3644770383834839,-0.025690455921903776,0.05939900875091553,-0.4311021566390991,-0.03818933758975618,0.05438423156738281,-0.49295732378959656,-0.04395388532520883,0.018603980541229248,-0.2503618597984314,-0.004687034060225415,0.026710152626037598,-0.3616899847984314,-0.03921057749630563,0.026068150997161865,-0.4442390501499176,-0.060602203943744826,0.025955796241760254,-0.5096152126789093,-0.06739600468517892,-0.022067546844482422,-0.22835057973861694,-0.008487422020152735,-0.02271503210067749,-0.26233094930648804,-0.06276193726898782,-0.013278484344482422,-0.18204081058502197,-0.07233728934170358,-0.004655063152313232,-0.11498010158538818,-0.058646635153309035,-0.060138195753097534,-0.19789093732833862,-0.013756341301814246,-0.05519053339958191,-0.22608381509780884,-0.05402674619199388,-0.04313141107559204,-0.16373968124389648,-0.05283340904952638,-0.03479161858558655,-0.11104142665863037,-0.039113038220421004
U,0.0,0.0,0.0,0.057849228382110596,-0.06291711330413818,-0.031993025786221096,0.0926937460899353,-0.16469430923461914,-0.0381875986819864,0.08273297548294067,-0.25691038370132446,-0.04399769181662805,0.03721415996551514,-0.3004235029220581,-0.04805500233823068,0.06259894371032715,-0.2526245713233948,-0.006968409161061118,0.0665484070777893,-0.36403393745422363,-0.02704863423758752,0.06035053730010986,-0.430403470993042,-0.03907907555156953,0.05516785383224487,-0.49187061190605164,-0.044505553192436764,0.01920992136001587,-0.2509692907333374,-0.006006072147727082,0.02631676197052002,-0.3635323643684387,-0.039824424183905194,0.025368690490722656,-0.4459986090660095,-0.0607606860464216,0.024845421314239502,-0.5118930041790009,-0.06719759280139215,-0.0211908221244812,-0.22877222299575806,-0.009233635722637246,-0.02409377694129944,-0.2627965807914734,-0.06330224300080545,-0.014057457447052002,-0.1831967830657959,-0.07301377678567178,-0.005066275596618652,-0.11715954542160034,-0.0593551824455858,-0.05929085612297058,-0.19789201021194458,-0.013861826493382523,-0.05634802579879761,-0.22835510969161987,-0.053889127320587704,-0.04394984245300293,-0.16608881950378418,-0.05222875798398263,-0.03546956181526184,-0.11316424608230591,-0.0381490829055906
U,0.0,0.0,0.0,0.058519184589385986,-0.06424915790557861,-0.03169628233348476,0.0922582745552063,-0.16346609592437744,-0.03844359145199405,0.08069700002670288,-0.25309354066848755,-0.04510507360731708,0.03674209117889404,-0.2974233627319336,-0.05006733164822208,0.06190270185470581,-0.25129491090774536,-0.006849023054144254,0.06488347053527832,-0.36240220069885254,-0.02787828818594562,0.05850917100906372,-0.42826324701309204,-0.04064435884987461,0.05341881513595581,-0.4890895187854767,-0.04629450664555179,0.01830190420150757,-0.24904865026474,-0.006254255777946582,0.024151504039764404,-0.3621132969856262,-0.039940617984882465,0.022887885570526123,-0.44354623556137085,-0.060506168759218326,0.02231729030609131,-0.5080595016479492,-0.06654650346075641,-0.021852761507034302,-0.22737795114517212,-0.009993963881186119,-0.02469608187675476,-0.2593931555747986,-0.06339888647829639,-0.013965964317321777,-0.18159449100494385,-0.07299869880711185,-0.004429519176483154,-0.11660540103912354,-0.05941239372526752,-0.05989062786102295,-0.1961667537689209,-0.015229240997484794,-0.05592647194862366,-0.2225480079650879,-0.05452096835409748,-0.042785823345184326,-0.16146457195281982,-0.052716996527067295,-0.03359535336494446,-0.10932266712188721,-0.038560569292656055
U,0.0,0.0,0.0,0.05782580375671387,-0.06300961971282959,-0.03114945903973876,0.09082895517349243,-0.16139864921569824,-0.03771836214320956,0.07873213291168213,-0.250118613243103,-0.04428700633900462,0.03537595272064209,-0.29567354917526245,-0.0492301685418397,0.06094115972518921,-0.24890393018722534,-0.006418526140919312,0.06343609094619751,-0.35924267768859863,-0.0274264560695201,0.05705446004867554,-0.42439889907836914,-0.04011569448368846,0.05205589532852173,-0.48440322279930115,-0.04556388311641513,0.01752859354019165,-0.24643856287002563,-0.005964607899954899,0.02204751968383789,-0.3599381446838379,-0.03899959751026927,0.020232081413269043,-0.4411921203136444,-0.05911386661784945,0.01916438341140747,-0.5057081580162048,-0.0648287897612363,-0.022391915321350098,-0.2244882583618164,-0.009820885924568756,-0.026760220527648926,-0.25608688592910767,-0.06276050113694964,-0.015188455581665039,-0.17949903011322021,-0.07230148368137179,-0.005206763744354248,-0.11554622650146484,-0.05877921633975802,-0.06007814407348633,-0.19287395477294922,-0.015106960168054684,-0.05658692121505737,-0.2187051773071289,-0.05405929588334857,-0.04333868622779846,-0.1582430601119995,-0.05205104403751193,-0.03447476029396057,-0.10666805505752563,-0.03779541604774295
U,0.0,0.0,0.0,0.05785810947418213,-0.06166940927505493,-0.03292186394844521,0.09252655506134033,-0.16211587190628052,-0.03943159267817009,0.08070003986358643,-0.25339412689208984,-0.04529551998291481,0.03593134880065918,-0.29735976457595825,-0.04952205926690567,0.06142908334732056,-0.2494114637374878,-0.00850038067017067,0.06433910131454468,-0.3592061996459961,-0.028912078817825204,0.057863593101501465,-0.42439162731170654,-0.04104780987415779,0.052389323711395264,-0.4844473600387573,-0.04626649082217682,0.018145442008972168,-0.24718713760375977,-0.006862896723191625,0.023090004920959473,-0.36007630825042725,-0.038703063731531984,0.021838605403900146,-0.4414767622947693,-0.057957226639132386,0.021074771881103516,-0.50647833943367,-0.06333060771737564,-0.021600574254989624,-0.22489672899246216,-0.009657334764938241,-0.026128053665161133,-0.2574574947357178,-0.06250363797460068,-0.014793246984481812,-0.18056100606918335,-0.072625966971259,-0.0048233866691589355,-0.11593508720397949,-0.059476087098460084,-0.059245169162750244,-0.19316953420639038,-0.013926415001492387,-0.05668079853057861,-0.22095203399658203,-0.05359542578969467,-0.04320859909057617,-0.16084027290344238,-0.052577754711251146,-0.03374066948890686,-0.10870712995529175,-0.0389997234991597
U,0.0,0.0,0.0,0.057099997997283936,-0.06266748905181885,-0.03099872567742068,0.08987933397293091,-0.16142112016677856,-0.037272716174413745,0.07795089483261108,-0.24996185302734375,-0.04360614926605422,0.03480875492095947,-0.2951769232749939,-0.048393925885250155,0.06023061275482178,-0.2487562894821167,-0.005918532377620522,0.06247568130493164,-0.35720038414001465,-0.02665409096567828,0.0558200478553772,-0.4218326210975647,-0.03908011526851851,0.05051475763320923,-0.48109492659568787,-0.04436639160900313,0.016888201236724854,-0.2461720108985901,-0.005530493101616685,0.02116924524307251,-0.35901403427124023,-0.037962900708009784,0.01888859272003174,-0.4400584101676941,-0.057520089904357974,0.017531752586364746,-0.504082053899765,-0.06287939683585364,-0.02304285764694214,-0.22393667697906494,-0.009568924317647998,-0.028031498193740845,-0.2568240165710449,-0.06255003646998603,-0.01641404628753662,-0.17925769090652466,-0.07208774820952613,-0.005887627601623535,-0.11451911926269531,-0.05848567024855811,-0.06037905812263489,-0.19189101457595825,-0.015002174536277835,-0.05740886926651001,-0.21904093027114868,-0.05432638735561568,-0.04412916302680969,-0.1583438515663147,-0.052641587565233294,-0.034420907497406006,-0.10639721155166626,-0.038575692335655276
U,0.0,0.0,0.0,0.05737912654876709,-0.06310886144638062,-0.031206668401353,0.09054863452911377,-0.16139984130859375,-0.03725466788768017,0.07999581098556519,-0.251176118850708,-0.043120569596283076,0.035216569900512695,-0.2937425374984741,-0.04722699434518063,0.06117349863052368,-0.24713921546936035,-0.005391873000405667,0.06307375431060791,-0.3553701639175415,-0.02522211805938923,0.056003570556640625,-0.42007753252983093,-0.037164027849428294,0.05024474859237671,-0.4799669682979584,-0.04263566718458378,0.01884782314300537,-0.24555766582489014,-0.004629701422743437,0.0230177640914917,-0.35701531171798706,-0.03810145244955265,0.020753026008605957,-0.4377073645591736,-0.058924774686090586,0.019607126712799072,-0.5012417137622833,-0.06531010107158863,-0.020347505807876587,-0.22347265481948853,-0.008112638304226039,-0.02521374821662903,-0.25625717639923096,-0.061671144375793574,-0.014290302991867065,-0.17907947301864624,-0.07181256548523152,-0.004140079021453857,-0.11496514081954956,-0.05866672755240643,-0.05739074945449829,-0.19247698783874512,-0.012945984536997912,-0.05551034212112427,-0.22011959552764893,-0.053112897137395976,-0.0422804057598114,-0.15935832262039185,-0.052421602467290995,-0.03274080157279968,-0.10815727710723877,-0.03910851762651646
U,0.0,0.0,0.0,0.05649518966674805,-0.06262832880020142,-0.032319511860464445,0.09007906913757324,-0.16032463312149048,-0.03880835288748585,0.07878309488296509,-0.25009775161743164,-0.04494522848710858,0.03476351499557495,-0.2942087650299072,-0.049169771015499464,0.06032627820968628,-0.24551457166671753,-0.0054947897939428,0.06283837556838989,-0.35444360971450806,-0.025295408084843984,0.05611521005630493,-0.41933947801589966,-0.03719966822848164,0.05089843273162842,-0.47910043597221375,-0.04258841612920605,0.017845511436462402,-0.243943452835083,-0.0042585270626886995,0.02217787504196167,-0.3555110692977905,-0.03745347598180615,0.020047783851623535,-0.43653881549835205,-0.057949456959818235,0.018947720527648926,-0.5000683069229126,-0.06416771525130116,-0.021438956260681152,-0.2222604751586914,-0.007523552156840196,-0.025051653385162354,-0.2571377158164978,-0.06078554654106938,-0.014646440744400024,-0.1789325475692749,-0.07050525361285054,-0.005174160003662109,-0.11390703916549683,-0.057147670179460874,-0.05847260355949402,-0.1921883225440979,-0.012314049169276586,-0.0558224618434906,-0.2211931347846985,-0.05177050420627438,-0.04335892200469971,-0.1614578366279602,-0.05085848981127583,-0.03465092182159424,-0.1110880970954895,-0.037619564324472776
U,0.0,0.0,0.0,0.055858612060546875,-0.0628480315208435,-0.0322906473694502,0.0905809998512268,-0.160228431224823,-0.038744738888567554,0.07970398664474487,-0.2495015263557434,-0.04468387980443822,0.03518784046173096,-0.29257357120513916,-0.04871755335909711,0.06114470958709717,-0.24442058801651,-0.005639053512936698,0.06369274854660034,-0.3535507917404175,-0.025072310682958232,0.05723637342453003,-0.41821593046188354,-0.03680041674954282,0.05177587270736694,-0.47762757539749146,-0.0419417122421919,0.019314289093017578,-0.24310821294784546,-0.003900665654441582,0.024248957633972168,-0.3535747528076172,-0.036280686598843204,0.022104978561401367,-0.43433305621147156,-0.05659556631428586,0.020622074604034424,-0.4986620247364044,-0.06267791483981,-0.019592314958572388,-0.2219315767288208,-0.006550664179599153,-0.023342639207839966,-0.2556689381599426,-0.05910602454525815,-0.013614743947982788,-0.178142249584198,-0.06900438163859235,-0.0048749446868896484,-0.11379635334014893,-0.05578369889838086,-0.05664253234863281,-0.19219952821731567,-0.010625762496715652,-0.0545201301574707,-0.22184652090072632,-0.049357826453274356,-0.042657703161239624,-0.16180944442749023,-0.047816789340799914,-0.034835219383239746,-0.11026257276535034,-0.034059899490898715
U,0.0,0.0,0.0,0.055617690086364746,-0.06164669990539551,-0.03094300977875264,0.08987152576446533,-0.15895313024520874,-0.03653402604152234,0.07879465818405151,-0.24813556671142578,-0.04190080963064702,0.03500044345855713,-0.29146814346313477,-0.04565816722799809,0.061263203620910645,-0.24402207136154175,-0.0037802683747258925,0.06439566612243652,-0.3515467047691345,-0.02279694728542836,0.05850011110305786,-0.4149366021156311,-0.03425976611663373,0.052971601486206055,-0.47306933999061584,-0.0390837972610143,0.01987135410308838,-0.24240922927856445,-0.0025202648340609812,0.024990320205688477,-0.35338544845581055,-0.032953135445609405,0.02344125509262085,-0.43225550651550293,-0.05176282651711972,0.02175694704055786,-0.4948625862598419,-0.056841280087724044,-0.018740952014923096,-0.22104287147521973,-0.005779977664246871,-0.023602932691574097,-0.2534789443016052,-0.05707154773165257,-0.013222754001617432,-0.1764543652534485,-0.06703100331117184,-0.003973245620727539,-0.11260676383972168,-0.05411125324656041,-0.05571579933166504,-0.19086241722106934,-0.010396277308359458,-0.053919970989227295,-0.21771442890167236,-0.04845410935570271,-0.04223427176475525,-0.15816396474838257,-0.04719150789071591,-0.034113287925720215,-0.1072530746459961,-0.03381662793447049
U,0.0,0.0,0.0,0.05555325746536255,-0.062102437019348145,-0.031053063976230533,0.08946394920349121,-0.15880340337753296,-0.03684250410145751,0.07850527763366699,-0.24729925394058228,-0.042384380059900195,0.03468477725982666,-0.2903437614440918,-0.04629930626100531,0.06053352355957031,-0.24367189407348633,-0.004080127044232995,0.06352418661117554,-0.35046929121017456,-0.02328959065920344,0.05772590637207031,-0.4136834144592285,-0.03501287620014182,0.05259484052658081,-0.47179731726646423,-0.040044048386278064,0.018975436687469482,-0.2424742579460144,-0.0028618027499192067,0.02386707067489624,-0.3523660898208618,-0.03318169857806197,0.022425591945648193,-0.4311184883117676,-0.051823662179174335,0.021149516105651855,-0.49377989768981934,-0.05687961127108565,-0.019648343324661255,-0.22144412994384766,-0.006218673712226064,-0.023475289344787598,-0.2538328766822815,-0.05734873335308066,-0.013320624828338623,-0.17648464441299438,-0.0671253889376544,-0.004263579845428467,-0.11246418952941895,-0.05420753877109519,-0.056236475706100464,-0.19104576110839844,-0.01098626251763335,-0.05348941683769226,-0.2173590064048767,-0.04893218498176566,-0.042063742876052856,-0.15796613693237305,-0.04767933632678023,-0.03393673896789551,-0.10729265213012695,-0.03438793267554274
U,0.0,0.0,0.0,0.05609816312789917,-0.061638057231903076,-0.029742801548479747,0.09010988473892212,-0.15824943780899048,-0.03473360462629671,0.08028918504714966,-0.2466282844543457,-0.039665140198110294,0.03674876689910889,-0.2879083752632141,-0.04305875300013895,0.06225377321243286,-0.24239039421081543,-0.0032859579525279514,0.06495553255081177,-0.3487929701805115,-0.02207290193581457,0.05912691354751587,-0.4116498529911041,-0.033525560037730884,0.05370211601257324,-0.46937844157218933,-0.038486793623803806,0.02130967378616333,-0.24144792556762695,-0.0024900410655277483,0.02600574493408203,-0.3514060378074646,-0.03308715297424669,0.024138569831848145,-0.42925509810447693,-0.05246999113404627,0.022362709045410156,-0.49162253737449646,-0.05803124977791185,-0.016954362392425537,-0.22023475170135498,-0.005883186576454591,-0.02223736047744751,-0.25193357467651367,-0.056853555129407596,-0.011985242366790771,-0.17675048112869263,-0.06691431625330324,-0.0026712417602539062,-0.11491119861602783,-0.054237525896667194,-0.05400347709655762,-0.1892884373664856,-0.010520191849707317,-0.05277624726295471,-0.21623337268829346,-0.04869006200277681,-0.0402703583240509,-0.15684759616851807,-0.04742157830440874,-0.03166642785072327,-0.10607987642288208,-0.03397468476140375
U,0.0,0.0,0.0,0.055399537086486816,-0.062155306339263916,-0.030115709789015455,0.08881419897079468,-0.15824252367019653,-0.03543988350770633,0.07910925149917603,-0.24661129713058472,-0.040836048461414975,0.03670448064804077,-0.2897135019302368,-0.04438399631521861,0.05948185920715332,-0.2424362301826477,-0.0027433151005880063,0.06275856494903564,-0.35014474391937256,-0.02160068709395091,0.057475745677948,-0.4129983186721802,-0.03328278396270434,0.05258166790008545,-0.47074609994888306,-0.03862041715524356,0.018664419651031494,-0.24067264795303345,-0.0021013646944538777,0.022796034812927246,-0.35088634490966797,-0.03313647691152255,0.021879374980926514,-0.4288981258869171,-0.05290880907318751,0.02093827724456787,-0.4909249544143677,-0.058978797085501355,-0.019535958766937256,-0.2190207839012146,-0.005828588884241981,-0.02137705683708191,-0.2530860900878906,-0.05652076859018962,-0.011303961277008057,-0.17788481712341309,-0.06599539253852527,-0.0033499598503112793,-0.11584174633026123,-0.05324860770247142,-0.05645561218261719,-0.18805992603302002,-0.011002262271858854,-0.05272340774536133,-0.2160053253173828,-0.04863496605298678,-0.04035559296607971,-0.15844261646270752,-0.04743342209599177,-0.032929837703704834,-0.10939276218414307,-0.03437306839964549
U,0.0,0.0,0.0,0.055436909198760986,-0.06225991249084473,-0.02982235794013377,0.08908826112747192,-0.15882891416549683,-0.03533099313324328,0.0792609453201294,-0.246917724609375,-0.040739887403901776,0.03587836027145386,-0.28851789236068726,-0.04439131264632579,0.060508012771606445,-0.24347442388534546,-0.004101813315060099,0.06334280967712402,-0.3498731851577759,-0.02290358674770232,0.057668089866638184,-0.41211915016174316,-0.034345486211236675,0.052151381969451904,-0.4696469008922577,-0.03943861370032664,0.019556403160095215,-0.24222886562347412,-0.003509426033701857,0.023913085460662842,-0.35146766901016235,-0.03409309779351588,0.022526085376739502,-0.4285157024860382,-0.053305380987580975,0.020925462245941162,-0.49045175313949585,-0.05894199107831355,-0.01890847086906433,-0.22075605392456055,-0.0070660882728361685,-0.0212862491607666,-0.2526140809059143,-0.05710129533952113,-0.011041343212127686,-0.17705035209655762,-0.0661309296364152,-0.0029726624488830566,-0.11540472507476807,-0.05316476990526553,-0.05579972267150879,-0.18952804803848267,-0.012025926272031029,-0.052130699157714844,-0.21591037511825562,-0.04891168792789813,-0.039838433265686035,-0.15742230415344238,-0.047006380754169186,-0.032538384199142456,-0.10775232315063477,-0.033465758907254894
U,0.0,0.0,0.0,0.055918991565704346,-0.0632394552230835,-0.029838782280251053,0.08847224712371826,-0.15827709436416626,-0.035578428312703636,0.07883286476135254,-0.24532324075698853,-0.04135227437274125,0.03663355112075806,-0.28730517625808716,-0.04540706659810212,0.06050997972488403,-0.2410600185394287,-0.003989344939157036,0.06393885612487793,-0.3463755249977112,-0.022769498183890846,0.058505237102508545,-0.4085547924041748,-0.03432068090097573,0.05335211753845215,-0.46619412302970886,-0.03964714194790986,0.019711434841156006,-0.23929792642593384,-0.003479881921350625,0.02458566427230835,-0.3479466438293457,-0.03441444273249772,0.023190438747406006,-0.42520368099212646,-0.05394578213946488,0.021925926208496094,-0.4869421422481537,-0.060023131325408485,-0.018634527921676636,-0.2177220582962036,-0.00716065569923785,-0.020137310028076172,-0.2514888048171997,-0.05769702281014588,-0.010528385639190674,-0.17624884843826294,-0.06702776114599374,-0.002815425395965576,-0.1144266128540039,-0.054299222781821754,-0.05546313524246216,-0.18712514638900757,-0.012208168871268299,-0.05196785926818848,-0.21610873937606812,-0.0496117607797828,-0.039943039417266846,-0.1581707000732422,-0.048099892690345314,-0.03269839286804199,-0.10849690437316895,-0.03492221097604897
U,0.0,0.0,0.0,0.054543137550354004,-0.06474310159683228,-0.027180060200635126,0.0875023603439331,-0.15765786170959473,-0.032267847486082246,0.07803201675415039,-0.24311840534210205,-0.03748685625964754,0.034725189208984375,-0.28029918670654297,-0.04124421385699861,0.06012403964996338,-0.23811787366867065,-0.00383988131420665,0.0644945502281189,-0.34149056673049927,-0.021875626795235803,0.06011158227920532,-0.40228521823883057,-0.03327342254692667,0.05539250373840332,-0.45858579874038696,-0.03845735398704164,0.02016901969909668,-0.23645871877670288,-0.003727655546981623,0.02601712942123413,-0.34330475330352783,-0.0331502979772722,0.023663222789764404,-0.41882288455963135,-0.052720752932373216,0.020849525928497314,-0.47943049669265747,-0.05906936658197992,-0.0167769193649292,-0.2156682014465332,-0.007194518964979579,-0.02313178777694702,-0.24616730213165283,-0.054643654652181795,-0.013338029384613037,-0.17548805475234985,-0.06458212194615953,-0.0039937496185302734,-0.11732059717178345,-0.053180967845264604,-0.05158054828643799,-0.18554508686065674,-0.011808354795221021,-0.05321335792541504,-0.2128586769104004,-0.04621258137399309,-0.04129230976104736,-0.15746694803237915,-0.0443211993353998,-0.03245574235916138,-0.10898786783218384,-0.03144604472095125
U,0.0,0.0,0.0,0.05538445711135864,-0.06174945831298828,-0.027350006023937112,0.08672970533370972,-0.153933584690094,-0.03246390386908615,0.07796651124954224,-0.23793357610702515,-0.037888325149708635,0.03641617298126221,-0.2783360481262207,-0.04189466624944771,0.059872329235076904,-0.23533403873443604,-0.0043364384719666305,0.0647197961807251,-0.33767157793045044,-0.023105682204061395,0.060553669929504395,-0.39860814809799194,-0.034642971450978166,0.05624246597290039,-0.45526695251464844,-0.04002231671898926,0.020932257175445557,-0.23434436321258545,-0.004523931867026931,0.0275534987449646,-0.3398546576499939,-0.03528296514838303,0.02629762887954712,-0.4152705669403076,-0.05490352898328865,0.024639368057250977,-0.47564324736595154,-0.06118052020161713,-0.015905916690826416,-0.21348410844802856,-0.008423003698283082,-0.019734680652618408,-0.2447609305381775,-0.05762630268424118,-0.010517120361328125,-0.1723964810371399,-0.06707537486641968,-0.002002120018005371,-0.11313307285308838,-0.05503319143741692,-0.05101877450942993,-0.18323850631713867,-0.013495336616927034,-0.049836814403533936,-0.2091808319091797,-0.05036948933690155,-0.03798523545265198,-0.15187466144561768,-0.049369058901959306,-0.030044615268707275,-0.10319387912750244,-0.03674586057155693
U,0.0,0.0,0.0,0.054919302463531494,-0.061669230461120605,-0.028641609876444818,0.08690333366394043,-0.1532435417175293,-0.03395466174094963,0.07860994338989258,-0.2373223900794983,-0.039385211124113084,0.037261247634887695,-0.27903664112091064,-0.04326880018322754,0.061311185359954834,-0.23267054557800293,-0.003217746206587435,0.06628376245498657,-0.33555662631988525,-0.021394487871816636,0.061973392963409424,-0.3965190649032593,-0.03263293619363594,0.057786405086517334,-0.45335668325424194,-0.03780175413101006,0.021985769271850586,-0.2325049638748169,-0.0028023495627849115,0.02795201539993286,-0.33837080001831055,-0.03292750234811592,0.02720785140991211,-0.4140879511833191,-0.052147541596582414,0.026050686836242676,-0.4748089611530304,-0.05809489305227089,-0.015289902687072754,-0.21267157793045044,-0.006465408886811019,-0.017741799354553223,-0.24597769975662231,-0.05596554319470215,-0.008284151554107666,-0.17224383354187012,-0.06547534133403587,-0.0005688071250915527,-0.11227792501449585,-0.05323400016038704,-0.05104339122772217,-0.18367499113082886,-0.01137025508194256,-0.0476895272731781,-0.21296244859695435,-0.04846945445149231,-0.03599536418914795,-0.15484774112701416,-0.04727015684454727,-0.02889537811279297,-0.1052095890045166,-0.03441747318117905
U,0.0,0.0,0.0,0.05469238758087158,-0.0632636547088623,-0.028590972761719513,0.08637595176696777,-0.15373003482818604,-0.03334264572998791,0.07728993892669678,-0.2375010848045349,-0.03844561171075611,0.03585916757583618,-0.28006988763809204,-0.04174460586449413,0.06118553876876831,-0.23299694061279297,0.001616283675559771,0.06744730472564697,-0.334835410118103,-0.015218494686394024,0.06370526552200317,-0.3952934741973877,-0.02588070672294407,0.06032305955886841,-0.45157650113105774,-0.030792405123918343,0.02208232879638672,-0.23274677991867065,0.002249541000367117,0.028086423873901367,-0.33715999126434326,-0.027645922492354202,0.02742868661880493,-0.4135114550590515,-0.04747735824724941,0.026714205741882324,-0.4736464321613312,-0.05380957316896229,-0.015194058418273926,-0.21295231580734253,-0.0015839921479141594,-0.016566455364227295,-0.24558669328689575,-0.05199419077774792,-0.0073844194412231445,-0.17138004302978516,-0.06291204806706219,0.0002824068069458008,-0.11072432994842529,-0.051220190937726784,-0.05146670341491699,-0.1846761703491211,-0.0065781895472696306,-0.047017842531204224,-0.2131325602531433,-0.044879724498002815,-0.03525558114051819,-0.155351459980011,-0.045290791655986595,-0.027851879596710205,-0.10645091533660889,-0.03339462470552235
U,0.0,0.0,0.0,0.054892539978027344,-0.06230366230010986,-0.02852287134425069,0.0864936113357544,-0.1530005931854248,-0.032997870727342615,0.07739114761352539,-0.23726534843444824,-0.037783121599716196,0.03631424903869629,-0.28014498949050903,-0.040732407851976404,0.061778128147125244,-0.23262590169906616,0.002217472388508668,0.06811469793319702,-0.3343665599822998,-0.014357449396413813,0.06446230411529541,-0.39480841159820557,-0.02475634767012025,0.06117004156112671,-0.45089757442474365,-0.02949007964031125,0.022617876529693604,-0.23211419582366943,0.002901659903216114,0.028445899486541748,-0.33697670698165894,-0.026946259572071085,0.027832090854644775,-0.41306161880493164,-0.046725546850723276,0.027182579040527344,-0.47292137145996094,-0.05295305876330758,-0.014691650867462158,-0.2118961215019226,-0.0008741534225578107,-0.016406357288360596,-0.2444382905960083,-0.05138359023527528,-0.007044732570648193,-0.1705719232559204,-0.06238301648096467,0.0007430911064147949,-0.1102290153503418,-0.05069356588916207,-0.05116450786590576,-0.18322467803955078,-0.005780954289150486,-0.04660633206367493,-0.21075856685638428,-0.04424427254394914,-0.03465321660041809,-0.1531531810760498,-0.044826632275146494,-0.02728062868118286,-0.10485637187957764,-0.033028753383916865
U,0.0,0.0,0.0,0.056324303150177,-0.06398093700408936,-0.0280867224710164,0.08761662244796753,-0.15479695796966553,-0.03207835239936685,0.0776982307434082,-0.23789632320404053,-0.036606517262953275,0.03616321086883545,-0.27980732917785645,-0.03924495039154863,0.061302781105041504,-0.23395156860351562,0.004091019168299681,0.06816476583480835,-0.33463793992996216,-0.012676641918915266,0.06496977806091309,-0.3952637314796448,-0.023742288924950117,0.06225943565368652,-0.45153915882110596,-0.02912899722923612,0.021733880043029785,-0.23283708095550537,0.004456386327547079,0.02793806791305542,-0.33658504486083984,-0.02616389898230409,0.027245044708251953,-0.4135444462299347,-0.04710240346958017,0.02674764394760132,-0.4741353392601013,-0.0541591575520215,-0.015825092792510986,-0.21188396215438843,0.0002550513681853772,-0.017299771308898926,-0.24496519565582275,-0.051325966246622556,-0.0072876811027526855,-0.17100679874420166,-0.0630891850369153,0.0011107921600341797,-0.11073607206344604,-0.05170411301423883,-0.052161216735839844,-0.18215078115463257,-0.005034846361922973,-0.04721027612686157,-0.20992136001586914,-0.04493760747482156,-0.03457462787628174,-0.1517682671546936,-0.04639598412086343,-0.02660536766052246,-0.10333913564682007,-0.03498823253084993
U,0.0,0.0,0.0,0.05540663003921509,-0.06037747859954834,-0.029220069987900388,0.08773934841156006,-0.15103650093078613,-0.03437622752619518,0.07758510112762451,-0.23468798398971558,-0.0394885961396767,0.036254167556762695,-0.27707332372665405,-0.04271784540844692,0.06161034107208252,-0.2326684594154358,-0.0006360202643236335,0.06829935312271118,-0.3330749273300171,-0.01792698469591869,0.06507015228271484,-0.393477201461792,-0.028863621173627507,0.06246107816696167,-0.44968181848526,-0.03409125026894344,0.021722137928009033,-0.23156189918518066,0.0003892821295039539,0.028222978115081787,-0.3339022397994995,-0.03025787812305225,0.02766430377960205,-0.40912917256355286,-0.05044341203404201,0.027485132217407227,-0.46838417649269104,-0.05709779751134647,-0.015864074230194092,-0.21111726760864258,-0.002857015231825244,-0.016867339611053467,-0.2418615221977234,-0.05353562277389301,-0.007313728332519531,-0.16845417022705078,-0.06425908323956264,0.0008842349052429199,-0.10893923044204712,-0.05262675624919666,-0.05176830291748047,-0.1821608543395996,-0.007296675114162099,-0.04694157838821411,-0.20733660459518433,-0.04637108114195598,-0.03469794988632202,-0.14898759126663208,-0.047186062900550496,-0.02683126926422119,-0.10113060474395752,-0.03551295143199695
U,0.0,0.0,0.0,0.05603182315826416,-0.06299525499343872,-0.028347625280900957,0.08828085660934448,-0.15239602327346802,-0.03324270888714409,0.07726621627807617,-0.23432350158691406,-0.038476656074806215,0.03554338216781616,-0.2749159336090088,-0.04183582484273529,0.061618149280548096,-0.23316943645477295,0.0021173016864963756,0.06772148609161377,-0.33207452297210693,-0.014798903721555234,0.06398004293441772,-0.391637921333313,-0.025947400252505304,0.06098824739456177,-0.4468615651130676,-0.03154729574470139,0.022396385669708252,-0.2311449646949768,0.0024733828611829267,0.028250038623809814,-0.33260273933410645,-0.02837007201759434,0.027457356452941895,-0.40656137466430664,-0.04935076355485535,0.026937544345855713,-0.4652341306209564,-0.05666421621589279,-0.01483982801437378,-0.20960158109664917,-0.0014989917401067032,-0.016344785690307617,-0.2419809103012085,-0.052078022505327226,-0.006118357181549072,-0.1693638563156128,-0.06293450191168404,0.0021618008613586426,-0.1109195351600647,-0.05159064650086975,-0.05110025405883789,-0.17972415685653687,-0.006639823666944267,-0.04698440432548523,-0.20781081914901733,-0.045304938103242876,-0.03422343730926514,-0.150584876537323,-0.04585743963269806,-0.02646028995513916,-0.10364627838134766,-0.03425983234791374
U,0.0,0.0,0.0,0.056385934352874756,-0.06154358386993408,-0.027994968251732644,0.08731740713119507,-0.15039420127868652,-0.03276495102181798,0.076840341091156,-0.23200470209121704,-0.03786804366245633,0.03641486167907715,-0.27366209030151367,-0.04113999220862752,0.061320602893829346,-0.23076945543289185,0.0009205835303873755,0.0667073130607605,-0.3288509249687195,-0.01631723183527356,0.06187403202056885,-0.38849562406539917,-0.027484379963425454,0.05835455656051636,-0.4436934292316437,-0.033023944379237946,0.021463632583618164,-0.22926408052444458,0.0012403138462104835,0.027212798595428467,-0.3304360508918762,-0.029677357779291924,0.026168763637542725,-0.40516459941864014,-0.05023730385437375,0.02617955207824707,-0.464237242937088,-0.05737931120529538,-0.016213834285736084,-0.2084815502166748,-0.002673962175322231,-0.017039954662322998,-0.24092471599578857,-0.05321448508038884,-0.007797658443450928,-0.16831207275390625,-0.06373810234799748,0.0003396272659301758,-0.10905766487121582,-0.05226716238394147,-0.052479952573776245,-0.17921853065490723,-0.007758465384540614,-0.047448694705963135,-0.20603281259536743,-0.04667217868700391,-0.034450799226760864,-0.14903461933135986,-0.04752973306312924,-0.025864362716674805,-0.10205388069152832,-0.03614518630638486
U,0.0,0.0,0.0,0.05656707286834717,-0.06111985445022583,-0.02787524146378928,0.08808022737503052,-0.1502547264099121,-0.03188883756638461,0.07750076055526733,-0.23352527618408203,-0.03607672323823863,0.03588879108428955,-0.2735639214515686,-0.038579704811581905,0.06149095296859741,-0.22939342260360718,0.002323291391348903,0.06706929206848145,-0.32743287086486816,-0.01385092326790982,0.06267654895782471,-0.38700252771377563,-0.024445755978831585,0.05964982509613037,-0.4421950876712799,-0.029653894355305965,0.021945178508758545,-0.22804808616638184,0.003041151339402859,0.027308344841003418,-0.329529345035553,-0.026559925278434093,0.026764869689941406,-0.4038277864456177,-0.04672793914915019,0.027328670024871826,-0.46304112672805786,-0.053693103244313534,-0.01531904935836792,-0.20708215236663818,-0.00045895217454017256,-0.016812682151794434,-0.2401450276374817,-0.050517483254679973,-0.007385611534118652,-0.1678084135055542,-0.06156758462429934,0.0008860230445861816,-0.1085503101348877,-0.05045185854078227,-0.051703810691833496,-0.17728811502456665,-0.004999403016427095,-0.04704037308692932,-0.20496702194213867,-0.04394938295126849,-0.03412371873855591,-0.14776426553726196,-0.04503295814038211,-0.02566826343536377,-0.1001441478729248,-0.03376633917332583
U,0.0,0.0,0.0,0.056265413761138916,-0.06126511096954346,-0.02856976496423158,0.08780044317245483,-0.15028011798858643,-0.03386195892835531,0.07638543844223022,-0.2315232753753662,-0.03914130250359449,0.03552442789077759,-0.27286314964294434,-0.04252918953443441,0.06036078929901123,-0.22952121496200562,-0.0012670521800828283,0.06551879644393921,-0.32667696475982666,-0.018988132052072615,0.060920655727386475,-0.38609403371810913,-0.030128251336464018,0.05735766887664795,-0.4409882128238678,-0.03563881809259328,0.020172476768493652,-0.22836965322494507,-0.0009999646981668775,0.026089191436767578,-0.33004939556121826,-0.03265199954057607,0.025630056858062744,-0.4040544033050537,-0.053272326983460516,0.026152968406677246,-0.4624585807323456,-0.06024067247653875,-0.01754140853881836,-0.20702356100082397,-0.004778959829309315,-0.017891645431518555,-0.2389088273048401,-0.055671711958893866,-0.0077440738677978516,-0.1669641137123108,-0.0657397746517745,0.001074075698852539,-0.10934746265411377,-0.0539052500798789,-0.05403280258178711,-0.17641937732696533,-0.009720851242491335,-0.048074573278427124,-0.2021350860595703,-0.04891986171151075,-0.03379577398300171,-0.1455698013305664,-0.04947590971733007,-0.024725615978240967,-0.10026603937149048,-0.03779917726660642
U,0.0,0.0,0.0,0.0556488037109375,-0.05861920118331909,-0.029754458099887415,0.08834528923034668,-0.14863091707229614,-0.03547717827586894,0.07746118307113647,-0.23163056373596191,-0.04067109721927409,0.03525876998901367,-0.2721593976020813,-0.044033171713635966,0.06106072664260864,-0.2280624508857727,-0.004062506474838301,0.06615340709686279,-0.32713615894317627,-0.021789103851006075,0.06172943115234375,-0.3866676092147827,-0.0326107871833301,0.05821937322616577,-0.4421096444129944,-0.03780245977668528,0.021235227584838867,-0.22697597742080688,-0.002878590824366256,0.02714824676513672,-0.3289971947669983,-0.034284742653653666,0.02672964334487915,-0.4027003049850464,-0.054498547792718455,0.026943504810333252,-0.4616422951221466,-0.06121380823879008,-0.016031622886657715,-0.20614826679229736,-0.005579082399890467,-0.016985535621643066,-0.23811638355255127,-0.05618461045651202,-0.006923079490661621,-0.16618531942367554,-0.06619953560857539,0.0016541481018066406,-0.10811710357666016,-0.054384226084039256,-0.0520455539226532,-0.1765480637550354,-0.009465418860600039,-0.046922117471694946,-0.20263057947158813,-0.04849126759199862,-0.03336712718009949,-0.1454852819442749,-0.048834798962161585,-0.02509176731109619,-0.09900403022766113,-0.036984024673984095
U,0.0,0.0,0.0,0.05571180582046509,-0.06036972999572754,-0.02803452445249377,0.0863078236579895,-0.14923614263534546,-0.032996769454882724,0.07596909999847412,-0.23115569353103638,-0.03801345026175795,0.03480404615402222,-0.27074795961380005,-0.04127855544965087,0.05919063091278076,-0.22732466459274292,-0.0011314677964833209,0.06432324647903442,-0.3255178928375244,-0.01866303702871619,0.0597456693649292,-0.3851575255393982,-0.02987769192139922,0.05652719736099243,-0.44058293104171753,-0.035526964273856265,0.019867241382598877,-0.22575491666793823,-0.0008003286044981905,0.02620798349380493,-0.3270041346549988,-0.032355244663165195,0.025944888591766357,-0.4015371799468994,-0.05312831273357688,0.02653402090072632,-0.46080586314201355,-0.060467943009541614,-0.017154037952423096,-0.2044914960861206,-0.004396954943047149,-0.01774698495864868,-0.23834162950515747,-0.055031574722931964,-0.00799107551574707,-0.16646379232406616,-0.06516493057887374,0.0004417896270751953,-0.10754311084747314,-0.05359560942332564,-0.0527920126914978,-0.17466455698013306,-0.009124437738762481,-0.047205179929733276,-0.20168715715408325,-0.0481514701811534,-0.03401455283164978,-0.14534211158752441,-0.04878997003714858,-0.025689303874969482,-0.09926319122314453,-0.03736062293927489
U,0.0,0.0,0.0,0.055767953395843506,-0.059204161167144775,-0.028858391226833646,0.08770060539245605,-0.14855962991714478,-0.03405162844211418,0.0760653018951416,-0.23072761297225952,-0.03881559673101265,0.034204304218292236,-0.27022284269332886,-0.0418626234248336,0.05945342779159546,-0.22633278369903564,-0.003246896559005563,0.06460344791412354,-0.3254815936088562,-0.02063518169671852,0.06058782339096069,-0.38477689027786255,-0.03141473385841209,0.05744600296020508,-0.4399842321872711,-0.036575058133905713,0.01989150047302246,-0.22491616010665894,-0.00212441699915189,0.026234567165374756,-0.3267289996147156,-0.03278156894594986,0.026092886924743652,-0.40021687746047974,-0.05270455557257492,0.02641505002975464,-0.45930215716362,-0.05937084707767326,-0.017033278942108154,-0.20417964458465576,-0.004834741012757604,-0.018198013305664062,-0.2365574836730957,-0.054653791369503324,-0.00794219970703125,-0.16515392065048218,-0.06473066809923012,0.0008155107498168945,-0.10714423656463623,-0.053199113936727827,-0.05272683501243591,-0.17464721202850342,-0.00866218994707424,-0.04778897762298584,-0.2002677321434021,-0.04710893857628662,-0.03411269187927246,-0.14367735385894775,-0.04753487336785156,-0.025560081005096436,-0.09740501642227173,-0.03590621578842956
U,0.0,0.0,0.0,0.05538421869277954,-0.05856204032897949,-0.028784728559799078,0.08610624074935913,-0.1472337245941162,-0.03429527296418655,0.07660120725631714,-0.22947752475738525,-0.03960198997253883,0.03601980209350586,-0.2705298066139221,-0.04314648820752609,0.058784544467926025,-0.22571098804473877,-0.003407115533150318,0.06412637233734131,-0.32380467653274536,-0.021403470027394178,0.05952024459838867,-0.383785605430603,-0.032715738701767805,0.05646485090255737,-0.4395930767059326,-0.03841367079610336,0.019382774829864502,-0.22374528646469116,-0.002783541751227858,0.026468515396118164,-0.325198769569397,-0.035229832816071394,0.026378333568572998,-0.3997182250022888,-0.05628587393755424,0.02727609872817993,-0.4590631425380707,-0.06378788589233864,-0.017581582069396973,-0.20224952697753906,-0.005916310425050142,-0.018101632595062256,-0.23731166124343872,-0.05711569725269783,-0.00815349817276001,-0.1656673550605774,-0.06689391373390663,0.000509798526763916,-0.1068732738494873,-0.055081517386383894,-0.05305415391921997,-0.17248260974884033,-0.010178541715390566,-0.047260820865631104,-0.20089101791381836,-0.04970167292947281,-0.033664047718048096,-0.14433062076568604,-0.05005688308472145,-0.02528601884841919,-0.09824788570404053,-0.03836499615306366
U,0.0,0.0,0.0,0.05487316846847534,-0.058622777462005615,-0.029365882649528885,0.0867147445678711,-0.14725083112716675,-0.03517225235651722,0.07607990503311157,-0.22933518886566162,-0.04051019102286091,0.03492385149002075,-0.2695099115371704,-0.044096185266482735,0.059145331382751465,-0.2258690595626831,-0.004393279924499893,0.06375765800476074,-0.3236663341522217,-0.022262283041584396,0.05905783176422119,-0.3825671374797821,-0.03333098292301884,0.05541682243347168,-0.43742305040359497,-0.038708163797366524,0.01972484588623047,-0.2244362235069275,-0.0032607201947598696,0.026053190231323242,-0.3251534700393677,-0.03430291116188755,0.02546936273574829,-0.39826613664627075,-0.05419408380936375,0.025606989860534668,-0.4565902650356293,-0.06082857996176472,-0.01702183485031128,-0.20358556509017944,-0.005980640090513134,-0.017963528633117676,-0.23540574312210083,-0.05591305568765392,-0.008005499839782715,-0.16437989473342896,-0.06566123887847652,0.0007112026214599609,-0.10635107755661011,-0.053962132334220314,-0.05231770873069763,-0.17389410734176636,-0.00991735830854168,-0.047311633825302124,-0.1986905336380005,-0.048540177195775414,-0.03347659111022949,-0.14260876178741455,-0.04900833442758312,-0.024512887001037598,-0.09673219919204712,-0.03741820007513752
U,0.0,0.0,0.0,0.054270803928375244,-0.057756900787353516,-0.027925024188334646,0.08545452356338501,-0.14609158039093018,-0.033675844229037466,0.07301247119903564,-0.22541624307632446,-0.039268995083148184,0.032812535762786865,-0.26437908411026,-0.04324009121137351,0.05832546949386597,-0.22339534759521484,-0.0052785681627938175,0.06246507167816162,-0.3210493326187134,-0.023642506829673948,0.05735480785369873,-0.37976521253585815,-0.03458938226776809,0.053789377212524414,-0.43334877490997314,-0.03948506937103957,0.01844257116317749,-0.22180956602096558,-0.0049050668321797275,0.023849189281463623,-0.3234383463859558,-0.034864655143792334,0.02297794818878174,-0.3957612216472626,-0.0533288329907009,0.023298680782318115,-0.453294038772583,-0.059052257246548834,-0.018082141876220703,-0.20199215412139893,-0.008205635852391424,-0.019256532192230225,-0.2347533106803894,-0.0563464485176155,-0.009298503398895264,-0.16503065824508667,-0.06465046331959456,-0.0008019804954528809,-0.10740476846694946,-0.052521275735671225,-0.05291065573692322,-0.17272603511810303,-0.012734802819068136,-0.047188520431518555,-0.19832628965377808,-0.04906321168618888,-0.033870697021484375,-0.1436365246772766,-0.04785823301153869,-0.025430381298065186,-0.09788179397583008,-0.03549998477774352
U,0.0,0.0,0.0,0.053708553314208984,-0.058844566345214844,-0.027937042951293733,0.08502161502838135,-0.14534378051757812,-0.03397996672958925,0.07326960563659668,-0.2237420678138733,-0.039840954780288484,0.03363692760467529,-0.2643677592277527,-0.044159918516584185,0.05933874845504761,-0.22362208366394043,-0.004929302684672621,0.06339192390441895,-0.3194347023963928,-0.02308366955787733,0.058608055114746094,-0.3770444095134735,-0.03420318612427309,0.05489081144332886,-0.4303666949272156,-0.03929494643182352,0.02010136842727661,-0.22265750169754028,-0.004595878492750671,0.024571239948272705,-0.32387882471084595,-0.033766064285941866,0.02352243661880493,-0.3950435519218445,-0.05208970183105066,0.023184537887573242,-0.4515908658504486,-0.05770876207918718,-0.0160977840423584,-0.20248186588287354,-0.0080259791162689,-0.01900625228881836,-0.2332679033279419,-0.055510397493549135,-0.008514463901519775,-0.16494745016098022,-0.0643944884237726,6.139278411865234e-06,-0.1088404655456543,-0.05270416611404016,-0.05058020353317261,-0.17254000902175903,-0.012642978183635023,-0.04673260450363159,-0.19806945323944092,-0.048494066536136415,-0.03323781490325928,-0.1439265012741089,-0.047437481075235155,-0.024866104125976562,-0.09815347194671631,-0.03516624817223146
U,0.0,0.0,0.0,0.05348020792007446,-0.05867481231689453,-0.02780619212194324,0.08386814594268799,-0.14512014389038086,-0.03400639951928497,0.07267117500305176,-0.22336310148239136,-0.04009685055120826,0.033192574977874756,-0.2634826898574829,-0.044582565731843715,0.05788904428482056,-0.22187185287475586,-0.005349579218318468,0.06197994947433472,-0.3176712989807129,-0.02390282177134395,0.05728936195373535,-0.37551209330558777,-0.03527108342154861,0.05399274826049805,-0.42905253171920776,-0.040631172664006954,0.018658041954040527,-0.22089344263076782,-0.005213729522665744,0.023464500904083252,-0.32142341136932373,-0.03572303191526771,0.02230173349380493,-0.39328593015670776,-0.054754556573470836,0.022134482860565186,-0.45024344325065613,-0.06080863014562965,-0.017518341541290283,-0.20090895891189575,-0.008755355558832889,-0.020572125911712646,-0.23227709531784058,-0.057213184840520626,-0.00959688425064087,-0.16342777013778687,-0.0659960186551416,-0.0002886056900024414,-0.10680186748504639,-0.054130015380223995,-0.05170571804046631,-0.17121827602386475,-0.013467246152004009,-0.0476628839969635,-0.19646596908569336,-0.05006671086653114,-0.03381088376045227,-0.14213275909423828,-0.04918290436967254,-0.024925529956817627,-0.09691077470779419,-0.0370110994647348
U,0.0,0.0,0.0,0.05384945869445801,-0.058235228061676025,-0.028114701082870397,0.0851934552192688,-0.14548444747924805,-0.03389783987955752,0.07306051254272461,-0.22445732355117798,-0.03930624241189662,0.03259056806564331,-0.2635091543197632,-0.04313803875999156,0.05866813659667969,-0.2216721773147583,-0.005161555876895818,0.062489330768585205,-0.31651729345321655,-0.022906104495689306,0.05763053894042969,-0.373853862285614,-0.0337571729178876,0.053700268268585205,-0.42687922716140747,-0.038874134814307126,0.019625484943389893,-0.22061896324157715,-0.0046014435793608754,0.02430671453475952,-0.3208409547805786,-0.033911616003081235,0.023251056671142578,-0.3917645812034607,-0.05244759509520236,0.022906363010406494,-0.4479084014892578,-0.05830117726878825,-0.01625114679336548,-0.20024001598358154,-0.007714734805688295,-0.01934880018234253,-0.23126107454299927,-0.05535059834079448,-0.008867383003234863,-0.16275370121002197,-0.06423637310223285,1.6689300537109375e-06,-0.10682225227355957,-0.052596249079272184,-0.05059802532196045,-0.17016130685806274,-0.01199310684756938,-0.04715931415557861,-0.19595932960510254,-0.04838916326121989,-0.03345826268196106,-0.14145129919052124,-0.0476620573754758,-0.02474421262741089,-0.09585678577423096,-0.03564045245008174
U,0.0,0.0,0.0,0.053904056549072266,-0.058253705501556396,-0.02800193579594179,0.08456361293792725,-0.14472222328186035,-0.033484646693864306,0.07379031181335449,-0.22375917434692383,-0.038697776959338626,0.03401714563369751,-0.26327985525131226,-0.042288487420478305,0.058297038078308105,-0.2207280993461609,-0.0038571633557467067,0.062302589416503906,-0.3165719509124756,-0.02172175386647268,0.05757594108581543,-0.374153733253479,-0.03279952482978388,0.05399864912033081,-0.4275546073913574,-0.03804347814718767,0.019419372081756592,-0.22012829780578613,-0.0031778338524190985,0.024432063102722168,-0.320029079914093,-0.03335461916128679,0.02337867021560669,-0.3912104368209839,-0.05262041987577959,0.0230865478515625,-0.44777974486351013,-0.05875682981411501,-0.016400456428527832,-0.20020288228988647,-0.0062699658955125415,-0.020096898078918457,-0.23065191507339478,-0.05492087976733728,-0.009105861186981201,-0.16185516119003296,-0.06463303940097376,0.0005512237548828125,-0.1054755449295044,-0.05327612684766336,-0.05044311285018921,-0.17054474353790283,-0.010466377825537165,-0.047080665826797485,-0.1941956877708435,-0.0477823853651671,-0.03319886326789856,-0.13955378532409668,-0.04791577683488413,-0.02377420663833618,-0.0946354866027832,-0.03634922357002779
U,0.0,0.0,0.0,0.05376863479614258,-0.0589524507522583,-0.028231371454012333,0.08509671688079834,-0.1451352834701538,-0.03428311113179916,0.07322156429290771,-0.223682701587677,-0.040152305997025906,0.03324788808822632,-0.26361411809921265,-0.04433072943152183,0.058386147022247314,-0.22174501419067383,-0.004153672399979769,0.062158167362213135,-0.3161020874977112,-0.022132940850269733,0.05695652961730957,-0.373457670211792,-0.03334139499725097,0.05306190252304077,-0.4267086386680603,-0.038753388709437786,0.019381940364837646,-0.2209199070930481,-0.0038258580295860156,0.024326086044311523,-0.3200111985206604,-0.033821383751046596,0.02300041913986206,-0.3914305865764618,-0.05300443086684936,0.022662758827209473,-0.4481789469718933,-0.059307830668103634,-0.016714274883270264,-0.2007894515991211,-0.007314983549576937,-0.01939910650253296,-0.2322843074798584,-0.055689288563144146,-0.00931394100189209,-0.16277062892913818,-0.06466765914024108,-0.0005318522453308105,-0.10597026348114014,-0.05292225841344589,-0.05142390727996826,-0.17112237215042114,-0.012023553512108265,-0.04767230153083801,-0.1975715160369873,-0.04893668580712074,-0.033739060163497925,-0.14285218715667725,-0.04836866471828216,-0.02466028928756714,-0.09712529182434082,-0.03636642757714981
U,0.0,0.0,0.0,0.05318582057952881,-0.057894110679626465,-0.028076201741328077,0.08574026823043823,-0.1443832516670227,-0.033606352348556356,0.07400023937225342,-0.22441816329956055,-0.038825901289214926,0.03330427408218384,-0.26241952180862427,-0.04240032478116973,0.05877101421356201,-0.22072571516036987,-0.003983805485745506,0.06209993362426758,-0.3156166672706604,-0.021396393020381765,0.05645090341567993,-0.3727584779262543,-0.0321431030228041,0.052060723304748535,-0.4257109761238098,-0.03730729787491782,0.019849658012390137,-0.22024106979370117,-0.003251864638855295,0.02451986074447632,-0.31930863857269287,-0.03245967446707709,0.023148179054260254,-0.39089706540107727,-0.051336871524085836,0.022734463214874268,-0.44780486822128296,-0.05751439004086478,-0.0161895751953125,-0.20066308975219727,-0.00625790755145772,-0.018608152866363525,-0.23259574174880981,-0.053780486871232824,-0.008704841136932373,-0.16336673498153687,-0.06276388286494239,-6.335973739624023e-05,-0.1071045994758606,-0.05112977518581374,-0.050738394260406494,-0.17140519618988037,-0.010476083558728533,-0.04718172550201416,-0.19757914543151855,-0.046817896951665716,-0.03376650810241699,-0.14346462488174438,-0.0464638304605387,-0.025207459926605225,-0.098361074924469,-0.034672727872361975
U,0.0,0.0,0.0,0.05296140909194946,-0.05904543399810791,-0.02753711932001579,0.0836898684501648,-0.14389848709106445,-0.033317235043625715,0.07238799333572388,-0.2228420376777649,-0.0391042351037072,0.03297758102416992,-0.26305538415908813,-0.043290865352730634,0.05722200870513916,-0.21904098987579346,-0.0034788492847042107,0.06100142002105713,-0.31398773193359375,-0.021171449428777578,0.05567723512649536,-0.3713497519493103,-0.03221727975306976,0.05189657211303711,-0.4243314266204834,-0.03751542114315498,0.018387138843536377,-0.21773618459701538,-0.003195719305779221,0.022383451461791992,-0.3174799084663391,-0.03263500400481689,0.02083796262741089,-0.38962894678115845,-0.0514824918716954,0.020584940910339355,-0.4464081823825836,-0.05779362537560928,-0.01761329174041748,-0.1979876160621643,-0.006744541438649776,-0.01893937587738037,-0.23179608583450317,-0.05450041287241447,-0.009416818618774414,-0.16327327489852905,-0.06330760263500679,-0.001341402530670166,-0.10633903741836548,-0.05163917758164871,-0.05209037661552429,-0.16922307014465332,-0.011476740917544248,-0.047856152057647705,-0.19840776920318604,-0.047771134158949735,-0.0347820520401001,-0.14516746997833252,-0.04719579659996498,-0.02670109272003174,-0.0996168851852417,-0.03537352078257072
U,0.0,0.0,0.0,0.05247795581817627,-0.056478142738342285,-0.028029509491375393,0.08446872234344482,-0.14248931407928467,-0.0337061198866877,0.07432138919830322,-0.222220778465271,-0.039048599681905216,0.034613847732543945,-0.2614772319793701,-0.042791607461026615,0.057208478450775146,-0.21861428022384644,-0.005305363933644003,0.061201274394989014,-0.3133993148803711,-0.022975499413064426,0.05576038360595703,-0.37071332335472107,-0.033734279356053776,0.05157047510147095,-0.4236603379249573,-0.0388216885245356,0.018317461013793945,-0.21748584508895874,-0.004581401261589235,0.023202717304229736,-0.3166772723197937,-0.034280984333804554,0.022146224975585938,-0.3882502317428589,-0.05304842688804001,0.022185683250427246,-0.4449109137058258,-0.0592110665953669,-0.01775038242340088,-0.19756591320037842,-0.007470790899446911,-0.018755972385406494,-0.23097336292266846,-0.055274787030271,-0.009090542793273926,-0.1620345115661621,-0.06364155062203736,-0.0006572604179382324,-0.10539877414703369,-0.0516613597488913,-0.052355408668518066,-0.1684473752975464,-0.011525535627356476,-0.048097044229507446,-0.19769299030303955,-0.04789876811867089,-0.034976452589035034,-0.14368629455566406,-0.04685183115964264,-0.026878058910369873,-0.09804052114486694,-0.03462176643972725
U,0.0,0.0,0.0,0.05252307653427124,-0.05778378248214722,-0.02738787879610527,0.0835188627243042,-0.14248979091644287,-0.03290721674824226,0.07364833354949951,-0.22202372550964355,-0.03835628082418907,0.03442394733428955,-0.26141005754470825,-0.04224361752534378,0.05612224340438843,-0.21817761659622192,-0.004024959107880477,0.06046396493911743,-0.3129633665084839,-0.02141253550911415,0.05532658100128174,-0.3701215386390686,-0.03212150087023247,0.051159560680389404,-0.4230058789253235,-0.037185194840674285,0.01764237880706787,-0.2167743444442749,-0.0035948482658909597,0.022533118724822998,-0.3162534832954407,-0.032692938050274734,0.021378517150878906,-0.38810449838638306,-0.05133044247889984,0.02116161584854126,-0.4452855587005615,-0.05756967042947281,-0.018101930618286133,-0.19650352001190186,-0.006830134367589835,-0.018698811531066895,-0.23028892278671265,-0.05412577738428581,-0.009145677089691162,-0.16215693950653076,-0.0628039417173909,-0.000982820987701416,-0.10527575016021729,-0.05115334217811096,-0.05259895324707031,-0.16699296236038208,-0.011208834996466521,-0.04829692840576172,-0.19609254598617554,-0.04715363209510315,-0.03475591540336609,-0.14375954866409302,-0.04638662462497223,-0.026292085647583008,-0.09830451011657715,-0.03445499291086662
U,0.0,0.0,0.0,0.052949607372283936,-0.05758386850357056,-0.02824389664795035,0.08403521776199341,-0.14305657148361206,-0.03396305917169684,0.07408750057220459,-0.2231091856956482,-0.039320656194945514,0.03371083736419678,-0.2623509168624878,-0.04304228825833434,0.05690109729766846,-0.21910834312438965,-0.004894379157235562,0.060514211654663086,-0.31412017345428467,-0.022628528162499606,0.05512577295303345,-0.3715519309043884,-0.0336306068148815,0.051149845123291016,-0.4247789680957794,-0.03892866252328986,0.018276631832122803,-0.21834206581115723,-0.0038307587184363,0.023228824138641357,-0.31686902046203613,-0.03389406307007903,0.02208608388900757,-0.38842684030532837,-0.05320905251767272,0.022327840328216553,-0.4449180066585541,-0.05970434574749106,-0.01761537790298462,-0.1986401081085205,-0.006410465672274768,-0.018538713455200195,-0.23110973834991455,-0.054629989996215045,-0.008699357509613037,-0.16289198398590088,-0.06387470392849082,0.00017786026000976562,-0.10612648725509644,-0.05238830773498648,-0.052161216735839844,-0.16944050788879395,-0.010152629673143565,-0.0477558970451355,-0.19603687524795532,-0.04752460969950789,-0.033712416887283325,-0.14227741956710815,-0.047715169474145114,-0.02466052770614624,-0.09673255681991577,-0.0361432257142269
U,0.0,0.0,0.0,0.052623212337493896,-0.05765146017074585,-0.02887265239411363,0.0843348503112793,-0.14314895868301392,-0.03492177319282064,0.07411283254623413,-0.22419250011444092,-0.040463626799521535,0.03348672389984131,-0.26344507932662964,-0.04438493442290792,0.05689048767089844,-0.21833044290542603,-0.005656348024842828,0.06077253818511963,-0.31482911109924316,-0.02316300426178941,0.05552828311920166,-0.3723943829536438,-0.03386182006948957,0.05132627487182617,-0.42588356137275696,-0.03888953518622884,0.018338799476623535,-0.2174106240272522,-0.004348587193874209,0.02376258373260498,-0.3177812695503235,-0.033460762766537755,0.02284616231918335,-0.38981878757476807,-0.0519945066844798,0.022753655910491943,-0.447155624628067,-0.05811394047492513,-0.01744896173477173,-0.19788068532943726,-0.0067669390192008905,-0.018211424350738525,-0.232019305229187,-0.054347500619826405,-0.008296370506286621,-0.16365927457809448,-0.06332682487123975,0.000316619873046875,-0.10646635293960571,-0.05174081068986425,-0.05202829837799072,-0.16910463571548462,-0.010426792730925172,-0.04745236039161682,-0.19771170616149902,-0.04705447000020513,-0.0333406925201416,-0.14481109380722046,-0.04682624381536016,-0.024457454681396484,-0.09884494543075562,-0.035094496277508824
U,0.0,0.0,0.0,0.0525587797164917,-0.05830103158950806,-0.0291426880646668,0.08314555883407593,-0.14266067743301392,-0.035663262977095656,0.07273578643798828,-0.2225537896156311,-0.04178786001989465,0.032621145248413086,-0.2630564570426941,-0.0461737970251761,0.05603605508804321,-0.21891427040100098,-0.004943138490261845,0.060064613819122314,-0.31459885835647583,-0.022947971745225004,0.05474960803985596,-0.37188613414764404,-0.03417006231734376,0.050937652587890625,-0.42575809359550476,-0.039709773882123045,0.01766955852508545,-0.21747362613677979,-0.003918670619668774,0.022843122482299805,-0.3168982267379761,-0.034245234950276426,0.021816551685333252,-0.38917821645736694,-0.05358975477406602,0.021945595741271973,-0.4468376040458679,-0.060254645570012144,-0.01792013645172119,-0.19713139533996582,-0.006800570561381392,-0.019227445125579834,-0.23025578260421753,-0.05574949182459932,-0.009020686149597168,-0.16189950704574585,-0.06528072900960069,0.00018388032913208008,-0.10506850481033325,-0.053893641604872755,-0.0522426962852478,-0.16805964708328247,-0.010932407378049902,-0.04797351360321045,-0.19482004642486572,-0.04895903639385324,-0.033683061599731445,-0.14145386219024658,-0.049612266047688536,-0.024205386638641357,-0.09653639793395996,-0.03840325124451738
U,0.0,0.0,0.0,0.05251425504684448,-0.05746877193450928,-0.02942135023482706,0.0828428864479065,-0.14214617013931274,-0.03577233130641844,0.07254093885421753,-0.22204923629760742,-0.04158835137792494,0.03227114677429199,-0.2625613212585449,-0.04564524094172384,0.05587148666381836,-0.21835041046142578,-0.005103592542639035,0.0599062442779541,-0.31401413679122925,-0.022935191416820544,0.054543495178222656,-0.37148720026016235,-0.03390187049814131,0.05079662799835205,-0.4253711700439453,-0.03927037144609358,0.01761925220489502,-0.21672862768173218,-0.003846218125602263,0.02244579792022705,-0.3164939880371094,-0.0343681241066065,0.021365761756896973,-0.38868075609207153,-0.053761549541434306,0.02164846658706665,-0.4460243284702301,-0.06038537273713018,-0.017807185649871826,-0.19617879390716553,-0.006470288863113183,-0.019488990306854248,-0.22958379983901978,-0.05568286056228544,-0.009336888790130615,-0.16130006313323975,-0.0652756656200495,-1.9848346710205078e-05,-0.10460466146469116,-0.053874198594769496,-0.052028775215148926,-0.16722381114959717,-0.010332186022480983,-0.04802241921424866,-0.194102942943573,-0.048618491986474055,-0.03391838073730469,-0.14052438735961914,-0.04936553562589552,-0.02446824312210083,-0.09584671258926392,-0.03820536682911779
U,0.0,0.0,0.0,0.05257529020309448,-0.057976722717285156,-0.029000268102208793,0.08221793174743652,-0.14237147569656372,-0.03500259739212197,0.07221239805221558,-0.22139841318130493,-0.040547602594415366,0.03180670738220215,-0.26138579845428467,-0.04430399906686944,0.05532181262969971,-0.21842098236083984,-0.0038364976817319985,0.059524595737457275,-0.312991738319397,-0.021426423237244308,0.054399967193603516,-0.37030547857284546,-0.03248029646329087,0.050823211669921875,-0.4241056442260742,-0.037999436975042045,0.017196357250213623,-0.21683239936828613,-0.0026439081584612723,0.022288620471954346,-0.31551122665405273,-0.033614785194913566,0.021406352519989014,-0.3871011734008789,-0.05361525040916604,0.021693527698516846,-0.4440060257911682,-0.06053932455233735,-0.018268048763275146,-0.196097731590271,-0.005292040546009957,-0.020124614238739014,-0.22866582870483398,-0.05467268523625535,-0.009547531604766846,-0.1602569818496704,-0.06452676725439233,-5.072355270385742e-05,-0.10398644208908081,-0.05327111926726502,-0.05247291922569275,-0.16698968410491943,-0.009132390626291453,-0.04831549525260925,-0.19300121068954468,-0.04750147533468407,-0.033905088901519775,-0.13909155130386353,-0.04838671979359788,-0.024295806884765625,-0.09497493505477905,-0.03733480048231286
U,0.0,0.0,0.0,0.05256450176239014,-0.055991411209106445,-0.02887263218008229,0.08347493410110474,-0.14162105321884155,-0.034571151007639855,0.07317537069320679,-0.22084182500839233,-0.039623188544737786,0.03269606828689575,-0.2597693204879761,-0.0429265599145765,0.056403160095214844,-0.2179114818572998,-0.004886502158569783,0.06051206588745117,-0.3119770288467407,-0.022146842200982064,0.0553663969039917,-0.3691977262496948,-0.032608340252863854,0.05160039663314819,-0.4222312569618225,-0.03761926921151826,0.01815849542617798,-0.21645420789718628,-0.0036390770605976286,0.0229339599609375,-0.31569617986679077,-0.03327837469123551,0.021998882293701172,-0.3862684369087219,-0.05207588406346986,0.02220594882965088,-0.44296613335609436,-0.05827904002808282,-0.017192363739013672,-0.1956188678741455,-0.006099676471876592,-0.01956111192703247,-0.22841113805770874,-0.05452924477003762,-0.009164929389953613,-0.15968561172485352,-0.06374068813465783,2.288818359375e-05,-0.10370522737503052,-0.05227331699870774,-0.05137178301811218,-0.16594278812408447,-0.009723383691834897,-0.047448813915252686,-0.19240742921829224,-0.04729220153831193,-0.033205270767211914,-0.13853514194488525,-0.04748576017163941,-0.023937702178955078,-0.09433001279830933,-0.036091069449412316
