label,f0,f1,f2,f3,f4,f5,f6,f7,f8,f9,f10,f11,f12,f13,f14,f15,f16,f17,f18,f19,f20,f21,f22,f23,f24,f25,f26,f27,f28,f29,f30,f31,f32,f33,f34,f35,f36,f37,f38,f39,f40,f41,f42,f43,f44,f45,f46,f47,f48,f49,f50,f51,f52,f53,f54,f55,f56,f57,f58,f59,f60,f61,f62
W,0.0,0.0,0.0,0.031213998794555664,-0.04931366443634033,-0.04451911638528827,0.034395694732666016,-0.1292780637741089,-0.057231762661047014,-0.008144557476043701,-0.19159162044525146,-0.0652639802828503,-0.04721039533615112,-0.23520278930664062,-0.0700002398625088,0.05692082643508911,-0.220659077167511,-0.019982175184793505,0.0802079439163208,-0.3107852339744568,-0.042099544061727556,0.0933656096458435,-0.370782732963562,-0.056322557134933504,0.10047459602355957,-0.4206874966621399,-0.06350913758427623,0.016202092170715332,-0.2200426459312439,-0.012195327533788713,0.004227697849273682,-0.3208150863647461,-0.039580610795326265,-0.002478659152984619,-0.3855636715888977,-0.0566761914923859,-0.0089913010597229,-0.43954551219940186,-0.06152254085094455,-0.018669962882995605,-0.19689267873764038,-0.010385610377795729,-0.03460431098937988,-0.22638851404190063,-0.05864475782067302,-0.022047221660614014,-0.1672520637512207,-0.07402503605038646,-0.013440132141113281,-0.1303011178970337,-0.06692775453478816,-0.04427182674407959,-0.16639387607574463,-0.010869242465503248,-0.052263468503952026,-0.1934916377067566,-0.05062583203465465,-0.040287137031555176,-0.15074098110198975,-0.05627780149728778,-0.03162258863449097,-0.11886149644851685,-0.04859566430599216
W,0.0,0.0,0.0,0.03058004379272461,-0.05038046836853027,-0.044501710152530904,0.03291386365890503,-0.13008075952529907,-0.05721001273980164,-0.009069561958312988,-0.1921405792236328,-0.0653762178777697,-0.04814791679382324,-0.23511284589767456,-0.07026682368507409,0.05656343698501587,-0.22081393003463745,-0.019268072610998388,0.07965224981307983,-0.3106244206428528,-0.04133028856506371,0.09270238876342773,-0.37060970067977905,-0.055846325522566076,0.09967505931854248,-0.4206085503101349,-0.06334685853710198,0.015874922275543213,-0.22008180618286133,-0.011449867328906294,0.003794550895690918,-0.32061636447906494,-0.0387983167826178,-0.0031664371490478516,-0.3857543468475342,-0.056102141207361456,-0.009903013706207275,-0.44022101163864136,-0.06123732349863076,-0.019110143184661865,-0.19703924655914307,-0.009701361349129911,-0.03499579429626465,-0.2272181510925293,-0.05775359964957261,-0.02287393808364868,-0.168562650680542,-0.07330307683935189,-0.014517009258270264,-0.1317330002784729,-0.06643484107246422,-0.044835805892944336,-0.16688013076782227,-0.010317969536686178,-0.05268862843513489,-0.1945551633834839,-0.04996940440526032,-0.04092514514923096,-0.1523018479347229,-0.05594590253224396,-0.032207369804382324,-0.120547354221344,-0.04861297032823586
W,0.0,0.0,0.0,0.030729591846466064,-0.050113677978515625,-0.044935820508044344,0.03325057029724121,-0.129433274269104,-0.05788688908819495,-0.008581697940826416,-0.19173580408096313,-0.06617774989013014,-0.04765152931213379,-0.23514342308044434,-0.07118825044040022,0.05663037300109863,-0.21996456384658813,-0.020201520878117663,0.07959306240081787,-0.31019848585128784,-0.04259728069905577,0.09257614612579346,-0.37031280994415283,-0.05725359718803702,0.09963983297348022,-0.4204881191253662,-0.06475603010062514,0.016113460063934326,-0.21960067749023438,-0.012156795594137293,0.003975331783294678,-0.3201068043708801,-0.0398142951310092,-0.0031038522720336914,-0.38536566495895386,-0.05729629274014769,-0.00995492935180664,-0.43980729579925537,-0.06258125777844725,-0.01880723237991333,-0.19733405113220215,-0.010200731340091806,-0.03513866662979126,-0.22717273235321045,-0.05837639968399344,-0.023034214973449707,-0.16864991188049316,-0.0740579384148532,-0.014647424221038818,-0.1316695213317871,-0.06732668902282057,-0.04457056522369385,-0.168451189994812,-0.010660902480822187,-0.05277639627456665,-0.19690126180648804,-0.04996594961289702,-0.041073620319366455,-0.15575265884399414,-0.05593793268803893,-0.03238391876220703,-0.12468832731246948,-0.0487838069677764
W,0.0,0.0,0.0,0.030551671981811523,-0.04935997724533081,-0.04605542173459298,0.033610403537750244,-0.12986809015274048,-0.05827536856605775,-0.008118152618408203,-0.1931236982345581,-0.06540663963033921,-0.0471683144569397,-0.23700016736984253,-0.06920447623207338,0.05797606706619263,-0.22140365839004517,-0.019410159940264293,0.0800676941871643,-0.3117671012878418,-0.040878184641144344,0.09291410446166992,-0.37195494771003723,-0.05493837645127542,0.09976911544799805,-0.42164796590805054,-0.06193656151964433,0.01739025115966797,-0.22064924240112305,-0.010572571808836528,0.004768311977386475,-0.3220740556716919,-0.037355922663948604,-0.0026621222496032715,-0.3874867260456085,-0.054758251214764186,-0.010066032409667969,-0.44151562452316284,-0.05976546978428132,-0.01760631799697876,-0.1978784203529358,-0.007984925562880107,-0.034745991230010986,-0.22738492488861084,-0.05654376050307519,-0.02230513095855713,-0.16746622323989868,-0.07325627332403428,-0.013595402240753174,-0.1300722360610962,-0.06677495365812547,-0.04368811845779419,-0.16875267028808594,-0.00776594880818493,-0.052103638648986816,-0.1982642412185669,-0.047870100045940944,-0.040650129318237305,-0.15541136264801025,-0.05436398139073617,-0.03229743242263794,-0.12303656339645386,-0.04724222471787698
W,0.0,0.0,0.0,0.029713869094848633,-0.05043572187423706,-0.04587339481537356,0.03148621320724487,-0.13142293691635132,-0.057944411991286415,-0.00999671220779419,-0.19399809837341309,-0.06488751491730227,-0.0490800142288208,-0.2374436855316162,-0.06842855235760226,0.055180370807647705,-0.2217317819595337,-0.020335807113099236,0.07815057039260864,-0.3126017451286316,-0.04150189703528895,0.09094482660293579,-0.37287437915802,-0.05530502146308436,0.09741342067718506,-0.4226362705230713,-0.06227533390944018,0.014932215213775635,-0.22009730339050293,-0.011632918959605831,0.003204166889190674,-0.32189565896987915,-0.03780777251546397,-0.004259586334228516,-0.3876701593399048,-0.055161184279370445,-0.011851906776428223,-0.4422053098678589,-0.06070388725225939,-0.019888460636138916,-0.19658058881759644,-0.009117979204404492,-0.03503984212875366,-0.22877734899520874,-0.056387553570914406,-0.023124277591705322,-0.17159247398376465,-0.07357427349512591,-0.01518326997756958,-0.13573437929153442,-0.06823108962004198,-0.04510766267776489,-0.16638529300689697,-0.009035624211776394,-0.05237036943435669,-0.19709324836730957,-0.04805248474900736,-0.04016828536987305,-0.15779495239257812,-0.05522393306915774,-0.03150582313537598,-0.1271786093711853,-0.049246697334695
W,0.0,0.0,0.0,0.03015035390853882,-0.04850810766220093,-0.046815079025009254,0.032567739486694336,-0.12955224514007568,-0.05980302797911463,-0.009239137172698975,-0.19290977716445923,-0.06760212438462077,-0.048908233642578125,-0.23722600936889648,-0.07198221640942393,0.056212782859802246,-0.22184228897094727,-0.02055948073325453,0.07819408178329468,-0.3119337558746338,-0.04294994132874308,0.09110850095748901,-0.3722514510154724,-0.05756306307671366,0.09830516576766968,-0.4223228394985199,-0.06507792728302775,0.0159304141998291,-0.2209317684173584,-0.011654307453909496,0.0031295418739318848,-0.32251548767089844,-0.03917405041215716,-0.003949880599975586,-0.38803666830062866,-0.05663949283120928,-0.010426342487335205,-0.44249022006988525,-0.06180330770371256,-0.018785178661346436,-0.19767498970031738,-0.009106594457307438,-0.03666079044342041,-0.22716408967971802,-0.05804092468974886,-0.0246126651763916,-0.1686498522758484,-0.07441725241301356,-0.015640735626220703,-0.1323680281639099,-0.06792552428601084,-0.044593751430511475,-0.16752970218658447,-0.009066160156407932,-0.0541539192199707,-0.19281578063964844,-0.049978226742723564,-0.042275071144104004,-0.14944690465927124,-0.05702752279398737,-0.03313720226287842,-0.11812543869018555,-0.05033299731371699
W,0.0,0.0,0.0,0.030260801315307617,-0.049117207527160645,-0.045624961888734106,0.03286862373352051,-0.12967342138290405,-0.058272076582852605,-0.009332716464996338,-0.19243967533111572,-0.0659370923399365,-0.04858916997909546,-0.2363290786743164,-0.07027923110717893,0.05655890703201294,-0.2216247320175171,-0.020520750245395902,0.07894080877304077,-0.31198650598526,-0.042785396611634496,0.09187400341033936,-0.372240275144577,-0.057085135763827566,0.09888726472854614,-0.42183437943458557,-0.06421080771679044,0.016000747680664062,-0.2210397720336914,-0.012204076906982664,0.0038597583770751953,-0.3232154846191406,-0.03966203499430776,-0.0028433799743652344,-0.3879583775997162,-0.057048687523547414,-0.009376943111419678,-0.4418233335018158,-0.06205840203756452,-0.018963158130645752,-0.19814211130142212,-0.010013535430971388,-0.03539156913757324,-0.2282705307006836,-0.05861715022319913,-0.022842466831207275,-0.16924071311950684,-0.07478709313863874,-0.01405942440032959,-0.13254302740097046,-0.06815431807035566,-0.044764041900634766,-0.16837620735168457,-0.010184893196765188,-0.05284905433654785,-0.1974799633026123,-0.049991423076335195,-0.04045957326889038,-0.15603423118591309,-0.056175129300299886,-0.031322598457336426,-0.12527018785476685,-0.04903429541582227
W,0.0,0.0,0.0,0.030651092529296875,-0.04948920011520386,-0.04554824626217169,0.03341144323348999,-0.1302262544631958,-0.05764114579329771,-0.008712828159332275,-0.19330662488937378,-0.0647028358853845,-0.047588467597961426,-0.23743277788162231,-0.06834958216319365,0.05723649263381958,-0.22242754697799683,-0.019840897080996456,0.07968229055404663,-0.31309938430786133,-0.04183616956839842,0.09241974353790283,-0.3734065592288971,-0.055952423272231044,0.09923005104064941,-0.4234203100204468,-0.06290464570889753,0.016702592372894287,-0.22214919328689575,-0.011420367305674972,0.004867076873779297,-0.3232612609863281,-0.038349886444905223,-0.0022476911544799805,-0.3883518576622009,-0.05539480691919607,-0.009263277053833008,-0.4427325129508972,-0.0601811567522077,-0.01824575662612915,-0.19941741228103638,-0.009217537028291645,-0.035221993923187256,-0.22880029678344727,-0.05776922872433943,-0.022458910942077637,-0.1683272123336792,-0.07409380844006819,-0.01338815689086914,-0.13072121143341064,-0.06743046363959593,-0.04398220777511597,-0.169322669506073,-0.00937253518173975,-0.052857786417007446,-0.197634756565094,-0.04954972213278097,-0.04060935974121094,-0.15479308366775513,-0.055977416244843425,-0.03166401386260986,-0.12267351150512695,-0.04881572073469442
W,0.0,0.0,0.0,0.03023165464401245,-0.0494038462638855,-0.04606123224999692,0.033080220222473145,-0.13023865222930908,-0.05821009309198644,-0.008622288703918457,-0.19361895322799683,-0.0651648040225723,-0.04749804735183716,-0.23810040950775146,-0.06865213767792966,0.05746638774871826,-0.22211366891860962,-0.020477758284471292,0.07983022928237915,-0.3133021593093872,-0.04230314449574735,0.09259951114654541,-0.37356364727020264,-0.056288774620554705,0.09940576553344727,-0.42339879274368286,-0.0630958895495155,0.016873061656951904,-0.22142887115478516,-0.011810683209262152,0.00524747371673584,-0.3233453631401062,-0.03853199214842107,-0.0018132925033569336,-0.3886335492134094,-0.055619980703852434,-0.008923053741455078,-0.44283974170684814,-0.060541931103728075,-0.018171489238739014,-0.1987709403038025,-0.009403562668524046,-0.03431737422943115,-0.2294764518737793,-0.05769375668074872,-0.021574199199676514,-0.16970187425613403,-0.07436521307732846,-0.012682974338531494,-0.13254475593566895,-0.06809277043845441,-0.04375624656677246,-0.16920852661132812,-0.009399986389837522,-0.05165499448776245,-0.19980740547180176,-0.04893215329553868,-0.03908175230026245,-0.15915298461914062,-0.055407665233872194,-0.030017733573913574,-0.1283249855041504,-0.04856490672733571
W,0.0,0.0,0.0,0.03087526559829712,-0.050377488136291504,-0.04558969963909476,0.03362929821014404,-0.13097220659255981,-0.05784274940015166,-0.00800091028213501,-0.1934869885444641,-0.0650663629603514,-0.04655659198760986,-0.23707610368728638,-0.06886808876515715,0.05714982748031616,-0.22220516204833984,-0.020472188709391048,0.07974094152450562,-0.31343573331832886,-0.041972070230258396,0.09216749668121338,-0.3736809492111206,-0.05604625423075049,0.09891563653945923,-0.42389050126075745,-0.0632704377603659,0.01659148931503296,-0.22170698642730713,-0.011961722044361522,0.004783451557159424,-0.32283127307891846,-0.03830575500251143,-0.0020145773887634277,-0.3884272873401642,-0.0554940171969065,-0.00846022367477417,-0.4434700012207031,-0.060899514002812793,-0.018356025218963623,-0.1987675428390503,-0.009578627763403347,-0.0344579815864563,-0.23006784915924072,-0.05692158569218009,-0.02201366424560547,-0.1715404987335205,-0.07318884436608641,-0.013333916664123535,-0.13484740257263184,-0.06715739820720046,-0.04391294717788696,-0.1686006784439087,-0.009636975122703006,-0.05206134915351868,-0.198381245136261,-0.048797014398587635,-0.0396997332572937,-0.15770721435546875,-0.05532396514536231,-0.030646681785583496,-0.12656861543655396,-0.048747143937362125
W,0.0,0.0,0.0,0.0309675931930542,-0.04956018924713135,-0.047773856654714564,0.03391212224960327,-0.12843912839889526,-0.06059728561336897,-0.007591426372528076,-0.19087308645248413,-0.06794944031531713,-0.04585808515548706,-0.23417973518371582,-0.07181116564566992,0.05792516469955444,-0.22026395797729492,-0.02249179592723749,0.0810624361038208,-0.31171923875808716,-0.04440063236648939,0.09306275844573975,-0.37213435769081116,-0.05852728335554502,0.09991323947906494,-0.4227513372898102,-0.06559087707097433,0.01798844337463379,-0.2195502519607544,-0.012843732707153777,0.006353020668029785,-0.31988829374313354,-0.040021132662843684,-0.0007742047309875488,-0.38637587428092957,-0.05788491292292974,-0.006814062595367432,-0.44171732664108276,-0.06367741896207235,-0.016500115394592285,-0.19717299938201904,-0.00949740967149637,-0.03393745422363281,-0.22761821746826172,-0.058236490920137385,-0.023264586925506592,-0.16834712028503418,-0.07561546190078161,-0.014972031116485596,-0.13043701648712158,-0.06989144159848593,-0.041334331035614014,-0.16798394918441772,-0.008641825973938921,-0.051460981369018555,-0.19957047700881958,-0.0483814626782646,-0.03998845815658569,-0.1589917540550232,-0.05522315947706602,-0.03108614683151245,-0.126581072807312,-0.04872835798556707
W,0.0,0.0,0.0,0.030840694904327393,-0.050564587116241455,-0.047266472349235755,0.03337019681930542,-0.12951797246932983,-0.05984747059113715,-0.008525431156158447,-0.19104230403900146,-0.06697724781400893,-0.04606223106384277,-0.23430776596069336,-0.07056736222870086,0.05718880891799927,-0.2208477258682251,-0.02209064386255477,0.08044970035552979,-0.31194090843200684,-0.04337909839517806,0.09277456998825073,-0.3723304867744446,-0.057167053440878135,0.09940153360366821,-0.42253825068473816,-0.06416319332487319,0.016973435878753662,-0.2197887897491455,-0.01266842636681531,0.00590968132019043,-0.32011914253234863,-0.039269343236753684,-0.0013255476951599121,-0.3862776756286621,-0.05703622497088645,-0.008162140846252441,-0.4415515065193176,-0.06292781255609725,-0.01764845848083496,-0.19691264629364014,-0.009476922670671684,-0.033756911754608154,-0.22916513681411743,-0.05736899025208686,-0.022467195987701416,-0.1707392930984497,-0.07478658876783584,-0.014207124710083008,-0.13370132446289062,-0.06943498573667739,-0.04274427890777588,-0.1674214005470276,-0.008756290408143741,-0.051588237285614014,-0.20074695348739624,-0.04788652084238265,-0.03970825672149658,-0.16181576251983643,-0.05493338055379127,-0.030554354190826416,-0.13085484504699707,-0.04887306712038253
W,0.0,0.0,0.0,0.03044438362121582,-0.04985088109970093,-0.04820488613921725,0.033020853996276855,-0.13020920753479004,-0.060065100313011044,-0.009017646312713623,-0.1926003098487854,-0.06620669213015162,-0.04766690731048584,-0.23453259468078613,-0.06879503873068415,0.05810493230819702,-0.22161275148391724,-0.021127092064205044,0.08100950717926025,-0.31329530477523804,-0.04202394035536372,0.09315848350524902,-0.373965322971344,-0.05546737310368144,0.10016775131225586,-0.42433005571365356,-0.062008800328555935,0.018045127391815186,-0.22003597021102905,-0.011070594535055989,0.006477653980255127,-0.3205852508544922,-0.03786893037039363,-0.0005162954330444336,-0.3877367377281189,-0.05587209981757724,-0.006720602512359619,-0.44362181425094604,-0.06150745076018893,-0.01656818389892578,-0.19672346115112305,-0.007425191224399441,-0.03378015756607056,-0.22805315256118774,-0.057087431073966854,-0.022504568099975586,-0.1665058732032776,-0.07547800836044871,-0.013807594776153564,-0.1278841495513916,-0.06983850744444453,-0.041235506534576416,-0.16696393489837646,-0.006126570858839386,-0.05052882432937622,-0.20139914751052856,-0.047041742474618786,-0.03871035575866699,-0.16037333011627197,-0.05448330041843974,-0.02964574098587036,-0.1277826428413391,-0.048080506146732205
W,0.0,0.0,0.0,0.030598759651184082,-0.050168752670288086,-0.04861689856244311,0.03274571895599365,-0.13025635480880737,-0.06107209747625575,-0.008569717407226562,-0.1926550269126892,-0.06785807510806308,-0.04714995622634888,-0.23591208457946777,-0.07111864289237246,0.05601125955581665,-0.2231355905532837,-0.021244689207208012,0.0787743330001831,-0.31358689069747925,-0.04205452775551066,0.09096473455429077,-0.37359297275543213,-0.05571641152693019,0.09777826070785522,-0.42387720942497253,-0.06259702643347964,0.01598578691482544,-0.22169828414916992,-0.011218890864086006,0.004092812538146973,-0.32210028171539307,-0.03765823071790919,-0.0028862357139587402,-0.38840121030807495,-0.055469611044657086,-0.00917142629623413,-0.4431532621383667,-0.06121429925752864,-0.018750309944152832,-0.19798696041107178,-0.007697165794354532,-0.035005271434783936,-0.2287917137145996,-0.05675278728796229,-0.023092806339263916,-0.16808956861495972,-0.07509571811152682,-0.014036774635314941,-0.12970596551895142,-0.06979276737166629,-0.043512165546417236,-0.16804224252700806,-0.006668145619016741,-0.05257579684257507,-0.20048177242279053,-0.0469772083122848,-0.040372490882873535,-0.16030174493789673,-0.05469659095598445,-0.030867040157318115,-0.1285029649734497,-0.04879826432062373
W,0.0,0.0,0.0,0.03184610605239868,-0.050763070583343506,-0.04672433139205623,0.03490716218948364,-0.13104021549224854,-0.05940932856321979,-0.008478641510009766,-0.1925385594367981,-0.06688375474334407,-0.047913193702697754,-0.23515355587005615,-0.07088686974168468,0.0569920539855957,-0.22372221946716309,-0.02067565993786502,0.07997685670852661,-0.31528371572494507,-0.04235064314127612,0.09217715263366699,-0.3756887912750244,-0.05624005274296451,0.09876435995101929,-0.42563650012016296,-0.06307846756101299,0.016388654708862305,-0.22130882740020752,-0.011945880776352169,0.004377245903015137,-0.3223089575767517,-0.039242182685143234,-0.002249479293823242,-0.3879127502441406,-0.05672684387684512,-0.008713781833648682,-0.4419982433319092,-0.0618126735222404,-0.018629729747772217,-0.196891188621521,-0.009544335132545712,-0.033972084522247314,-0.22715961933135986,-0.05886655004144359,-0.021271347999572754,-0.16655051708221436,-0.07561926247001338,-0.012545347213745117,-0.1289578676223755,-0.06901987345338512,-0.04388272762298584,-0.16588473320007324,-0.009494040919548752,-0.05200713872909546,-0.1981649398803711,-0.04966880829454112,-0.03986203670501709,-0.1570974588394165,-0.05576474295378375,-0.031227052211761475,-0.1255226731300354,-0.0483992405366962
W,0.0,0.0,0.0,0.031559884548187256,-0.05011540651321411,-0.04830165152418431,0.034560978412628174,-0.1293434500694275,-0.06159600188004788,-0.007651627063751221,-0.19067871570587158,-0.06937026177513417,-0.04696398973464966,-0.23409748077392578,-0.07357902769911107,0.05715823173522949,-0.2226630449295044,-0.02245023046600636,0.08010554313659668,-0.3144580125808716,-0.044604889498828015,0.09193682670593262,-0.37494957447052,-0.05886022319066342,0.09804964065551758,-0.4253233075141907,-0.06594023798572834,0.016672611236572266,-0.22079873085021973,-0.013036330612180791,0.004762172698974609,-0.32171398401260376,-0.04065277744996365,-0.002373933792114258,-0.38747870922088623,-0.05809355099665936,-0.00943082571029663,-0.4415102005004883,-0.0631908694373351,-0.018623828887939453,-0.19751113653182983,-0.010158709632037244,-0.03436475992202759,-0.22735923528671265,-0.05946909953820523,-0.021262288093566895,-0.16681814193725586,-0.07620182578432377,-0.011936366558074951,-0.1294497847557068,-0.06970832441913899,-0.044329941272735596,-0.16824954748153687,-0.009893887126622758,-0.05293872952461243,-0.19884079694747925,-0.049865368203995786,-0.04052531719207764,-0.1580544114112854,-0.056302517102835736,-0.03128618001937866,-0.12697142362594604,-0.04935370703208264
W,0.0,0.0,0.0,0.03138542175292969,-0.05132400989532471,-0.048875711046434844,0.03384143114089966,-0.13150829076766968,-0.06156515248892447,-0.00824427604675293,-0.19231271743774414,-0.06850568123934409,-0.04753905534744263,-0.23550069332122803,-0.07181982614872595,0.05696690082550049,-0.22580808401107788,-0.02145672322092196,0.07978826761245728,-0.3171777129173279,-0.04296578013179442,0.09183388948440552,-0.3780255913734436,-0.057036063753344024,0.09820705652236938,-0.4283047616481781,-0.0640667817818894,0.016699552536010742,-0.22266584634780884,-0.011748060703553165,0.004869401454925537,-0.3237215280532837,-0.03876801499006888,-0.0023314356803894043,-0.3902837038040161,-0.056415199421621764,-0.00968170166015625,-0.44486695528030396,-0.061726077579237426,-0.018677711486816406,-0.19750648736953735,-0.008719127744711841,-0.03403228521347046,-0.22845768928527832,-0.0585033885466828,-0.021227359771728516,-0.16740691661834717,-0.07622451254007956,-0.01240915060043335,-0.1300426721572876,-0.07017721154568335,-0.04454261064529419,-0.1661786437034607,-0.008237074248768295,-0.052515268325805664,-0.19926011562347412,-0.049332405559994186,-0.04027366638183594,-0.15760815143585205,-0.05652280070660254,-0.031780898571014404,-0.1256312131881714,-0.04992244311449667
W,0.0,0.0,0.0,0.0313761830329895,-0.0511588454246521,-0.04782552862297962,0.034171462059020996,-0.13267117738723755,-0.06048219868671367,-0.008087635040283203,-0.1946638822555542,-0.06764159941803882,-0.04830282926559448,-0.23688840866088867,-0.0712768643511481,0.056289494037628174,-0.22626793384552002,-0.021381201536769368,0.07895147800445557,-0.31785935163497925,-0.04305304059516857,0.0908503532409668,-0.37831300497055054,-0.05717635372411678,0.09716981649398804,-0.42868369817733765,-0.06431283646952579,0.015679776668548584,-0.22426456212997437,-0.012237202690357663,0.004080414772033691,-0.32532232999801636,-0.038963301421517826,-0.0032120347023010254,-0.3913964629173279,-0.05621965819727848,-0.010312676429748535,-0.4462483525276184,-0.06145447710287044,-0.019712090492248535,-0.200079083442688,-0.009617367142254807,-0.035456061363220215,-0.23135823011398315,-0.05856744045149753,-0.02250051498413086,-0.17069333791732788,-0.07569836670290897,-0.013223111629486084,-0.13267916440963745,-0.06961554879080722,-0.04514509439468384,-0.16890627145767212,-0.009552361757869221,-0.05414456129074097,-0.2004317045211792,-0.04988870614897678,-0.04139047861099243,-0.1590489149093628,-0.0567836857749171,-0.03199797868728638,-0.12657785415649414,-0.05015466207396457
W,0.0,0.0,0.0,0.0321807861328125,-0.05157548189163208,-0.04266976979391757,0.03706115484237671,-0.13361889123916626,-0.054951649576594264,-0.005920886993408203,-0.19787031412124634,-0.06319680479185763,-0.04784893989562988,-0.23585885763168335,-0.06864222553389254,0.05869138240814209,-0.21654760837554932,-0.020293044343759448,0.07758057117462158,-0.3112146258354187,-0.043008927673270136,0.08737045526504517,-0.3701799511909485,-0.05778480362909022,0.09271329641342163,-0.4216158092021942,-0.06533953216688815,0.018390774726867676,-0.21573668718338013,-0.013814256943931014,0.0071457624435424805,-0.31941670179367065,-0.041660469442774684,-0.0002478361129760742,-0.38438230752944946,-0.05994078186171237,-0.006621062755584717,-0.4401143491268158,-0.06624339190142337,-0.016421198844909668,-0.19411146640777588,-0.012895593837072283,-0.03197568655014038,-0.22624659538269043,-0.060871500939299494,-0.0199468731880188,-0.16826313734054565,-0.07641566959040347,-0.011057794094085693,-0.12925255298614502,-0.06988994446413699,-0.04214388132095337,-0.16449427604675293,-0.014128653749992282,-0.04954567551612854,-0.19737499952316284,-0.05116517138498011,-0.03615826368331909,-0.15907883644104004,-0.05511284288780871,-0.026773929595947266,-0.12660813331604004,-0.04718009424226466
W,0.0,0.0,0.0,0.033162057399749756,-0.0687633752822876,-0.023437387371529894,0.03407710790634155,-0.15214389562606812,-0.027465143302549677,-0.0038756728172302246,-0.21348494291305542,-0.030743564540614443,-0.03707265853881836,-0.24777066707611084,-0.027914830545057612,0.053453266620635986,-0.19891279935836792,0.006689919562916202,0.053719162940979004,-0.28652316331863403,-0.016759700203408556,0.04166644811630249,-0.23958289623260498,-0.030826567733754473,0.040959715843200684,-0.1928226351737976,-0.03518243047045644,0.01815009117126465,-0.19749385118484497,0.010986698729823274,0.011359870433807373,-0.2844035029411316,-0.014807822244335966,0.0046419501304626465,-0.23156893253326416,-0.02865415538298066,0.013025999069213867,-0.19301676750183105,-0.030408985043038683,-0.01573103666305542,-0.18830037117004395,0.009340742541382951,-0.030162394046783447,-0.24268651008605957,-0.01649796875761922,-0.027420878410339355,-0.20123976469039917,-0.02672665665494378,-0.017707109451293945,-0.16894418001174927,-0.025675022104849177,-0.04474443197250366,-0.1740555763244629,0.00604780896929924,-0.04970914125442505,-0.21406739950180054,-0.007572866106499987,-0.046466708183288574,-0.1957734227180481,-0.011009580517281847,-0.04161649942398071,-0.17458951473236084,-0.009602339068521815
W,0.0,0.0,0.0,0.03149247169494629,-0.0663192868232727,-0.021199005220950085,0.03298908472061157,-0.1424160599708557,-0.024028111745536762,-0.003115057945251465,-0.2040911316871643,-0.027018350114047962,-0.03371226787567139,-0.23929113149642944,-0.02384256807428642,0.05902022123336792,-0.18857133388519287,0.015522156345724625,0.06014680862426758,-0.27707451581954956,-0.006826890197515922,0.0475655198097229,-0.230540931224823,-0.021047924210250812,0.04434370994567871,-0.18266940116882324,-0.025439272199690777,0.022016465663909912,-0.18584281206130981,0.018872977669417423,0.014899373054504395,-0.26914411783218384,-0.006698952087134558,0.00978785753250122,-0.2156432867050171,-0.02048146588069244,0.01784151792526245,-0.1758260726928711,-0.021094177414596516,-0.012315928936004639,-0.17582190036773682,0.016068743045508427,-0.02393198013305664,-0.230418860912323,-0.01040799965423389,-0.02155137062072754,-0.18776625394821167,-0.017614808429897266,-0.015274405479431152,-0.15590626001358032,-0.013064764936387974,-0.04181104898452759,-0.15935832262039185,0.01164262133377747,-0.04269188642501831,-0.19879376888275146,-0.003234927573174673,-0.03749936819076538,-0.17131692171096802,-0.003385303572684961,-0.03313899040222168,-0.14601320028305054,0.002071771740048689
W,0.0,0.0,0.0,0.03203195333480835,-0.061525046825408936,-0.022539204521535794,0.03207153081893921,-0.14121925830841064,-0.031981168849824826,-0.0008729696273803711,-0.19651448726654053,-0.04185091198837654,-0.0336531400680542,-0.22975748777389526,-0.04632587598121063,0.050784528255462646,-0.19647371768951416,0.0008495012768889865,0.055859148502349854,-0.2637372612953186,-0.027088411687373082,0.04604053497314453,-0.21223783493041992,-0.04534919799721138,0.044323861598968506,-0.16194695234298706,-0.052806387259124676,0.015034794807434082,-0.19804108142852783,0.002171856747509082,0.017955005168914795,-0.26946622133255005,-0.03222698958074943,0.01073843240737915,-0.20316261053085327,-0.04765278713261978,0.01434546709060669,-0.1513899564743042,-0.048520343913196484,-0.02053612470626831,-0.19379687309265137,-0.0024039129023094574,-0.021678686141967773,-0.2548154592514038,-0.028624624548911015,-0.02078145742416382,-0.21538221836090088,-0.03557056055819885,-0.017418324947357178,-0.1758948564529419,-0.031794144375680844,-0.05407679080963135,-0.18402594327926636,-0.009294943487702767,-0.05357003211975098,-0.2331581711769104,-0.02067522013044254,-0.05167883634567261,-0.22842353582382202,-0.02335831948971645,-0.05037564039230347,-0.21483099460601807,-0.021663487492560307
W,0.0,0.0,0.0,0.03727036714553833,-0.062458813190460205,-0.0019461257718660363,0.048816800117492676,-0.12759238481521606,-0.005889613540858818,0.030574917793273926,-0.1772577166557312,-0.015192395435661865,-0.0006653070449829102,-0.20875060558319092,-0.022933639945478035,0.05361366271972656,-0.18116015195846558,0.007869572019188809,0.053858399391174316,-0.24502241611480713,-0.014304147461444927,0.05803954601287842,-0.2015671730041504,-0.029999783622116638,0.05918097496032715,-0.16095566749572754,-0.03643801471778829,0.02275848388671875,-0.18526917695999146,-0.0005980816306703218,0.027120590209960938,-0.24521732330322266,-0.0231147691477247,0.03401690721511841,-0.1881636381149292,-0.034897331507892204,0.034431278705596924,-0.14715057611465454,-0.03736459499785383,-0.010370373725891113,-0.18469256162643433,-0.012049601772815777,-0.006007254123687744,-0.23821043968200684,-0.029107297198862625,0.005412042140960693,-0.19027960300445557,-0.029767830284328056,0.00835418701171875,-0.15116316080093384,-0.02489740809986074,-0.04586184024810791,-0.17911535501480103,-0.024012055607528282,-0.04071229696273804,-0.22970354557037354,-0.028757093833775116,-0.02661675214767456,-0.21274793148040771,-0.022444630401224686,-0.01983731985092163,-0.19068753719329834,-0.015311507867664886
W,0.0,0.0,0.0,0.03931009769439697,-0.06204104423522949,0.0004231053721639455,0.049773216247558594,-0.12463754415512085,-0.0034789624947109132,0.025113821029663086,-0.17118364572525024,-0.013230090061853161,-0.012047171592712402,-0.19720029830932617,-0.022155946152935257,0.051783621311187744,-0.17606979608535767,0.011326756296028861,0.049975812435150146,-0.2385675311088562,-0.01035310983164095,0.05881297588348389,-0.20537960529327393,-0.025378637048135033,0.06380623579025269,-0.16701704263687134,-0.03048891204846882,0.0206415057182312,-0.17725598812103271,0.002199630220701465,0.02347695827484131,-0.233845055103302,-0.018682638215551606,0.03166162967681885,-0.18408823013305664,-0.028709797220955124,0.032918691635131836,-0.1447240114212036,-0.02946577224386715,-0.01106327772140503,-0.17417436838150024,-0.009856481137404671,-0.007891356945037842,-0.2234300971031189,-0.026084538581500283,0.003136575222015381,-0.17949968576431274,-0.025150360571871033,0.005150794982910156,-0.14335644245147705,-0.018597293677458993,-0.04424971342086792,-0.1654287576675415,-0.02225166003657364,-0.04432398080825806,-0.2184826135635376,-0.026750609310994378,-0.028597533702850342,-0.20010048151016235,-0.018988283383379212,-0.01903069019317627,-0.1745557188987732,-0.009924225541482201
W,0.0,0.0,0.0,0.03253132104873657,-0.03200995922088623,-0.019851592459872336,0.0365791916847229,-0.08454680442810059,-0.034321720802381606,0.011030495166778564,-0.11936211585998535,-0.04675464248020944,-0.017847657203674316,-0.13686597347259521,-0.05875292336304483,0.050002455711364746,-0.1275707483291626,-0.04441738044579324,0.07822465896606445,-0.20171940326690674,-0.06862454777319726,0.08874505758285522,-0.2526947259902954,-0.08127417331297693,0.09594523906707764,-0.29687952995300293,-0.08740695481856164,0.020004332065582275,-0.14042162895202637,-0.046421217822626204,0.022478103637695312,-0.21666836738586426,-0.0749040610130578,0.02226155996322632,-0.27446532249450684,-0.08845005100329217,0.024779200553894043,-0.32388973236083984,-0.09477989291508493,-0.011367440223693848,-0.13545966148376465,-0.04877570932467279,-0.019557058811187744,-0.16576439142227173,-0.07885111784298715,-0.015067875385284424,-0.1323305368423462,-0.08090486293394861,-0.010293900966644287,-0.10154449939727783,-0.07352297669012842,-0.04026708006858826,-0.1249132752418518,-0.05214959671457109,-0.05988204479217529,-0.18605411052703857,-0.07234004800875482,-0.06744608283042908,-0.22581177949905396,-0.07395282303650674,-0.07199239730834961,-0.2584538459777832,-0.07096905177195367
W,0.0,0.0,0.0,0.04419076442718506,-0.044304490089416504,-0.0190939038839133,0.04565989971160889,-0.10396319627761841,-0.027596819385507843,0.014146745204925537,-0.149833083152771,-0.03222495427689864,-0.0196303129196167,-0.17717379331588745,-0.03599474689326598,0.048922598361968994,-0.13171136379241943,-0.02610790653488948,0.06730133295059204,-0.1976112723350525,-0.03492583817205741,0.07612627744674683,-0.24731630086898804,-0.041332555174449226,0.08248698711395264,-0.29077231884002686,-0.04641640296540572,0.012286782264709473,-0.1488032341003418,-0.021744682624557754,0.016001880168914795,-0.219659686088562,-0.03533174207768752,0.018375396728515625,-0.28287726640701294,-0.04527587926349952,0.020403504371643066,-0.3336789011955261,-0.050910570829728385,-0.021010518074035645,-0.1545107364654541,-0.017520268618682167,-0.03694221377372742,-0.2386518120765686,-0.0327700164016278,-0.03675618767738342,-0.2701007127761841,-0.038664908319333335,-0.03553357720375061,-0.2860226631164551,-0.03915866947136237,-0.04394605755805969,-0.1495758295059204,-0.013763244434812805,-0.04853326082229614,-0.2076699137687683,-0.024507004007318756,-0.03744685649871826,-0.2029646635055542,-0.022373440846422454,-0.02842050790786743,-0.18405014276504517,-0.017735365017870208
W,0.0,0.0,0.0,0.03551584482192993,-0.04180419445037842,-0.02786161247314567,0.03694206476211548,-0.1013062596321106,-0.03856722321035022,0.0007826089859008789,-0.14738601446151733,-0.045795132030264085,-0.035549163818359375,-0.17459022998809814,-0.05162542741419429,0.04240447282791138,-0.16248321533203125,-0.02079638335527534,0.07157081365585327,-0.22303509712219238,-0.03330186064960117,0.08582413196563721,-0.2676849961280823,-0.04269160385848636,0.09658867120742798,-0.3098990321159363,-0.04887257944466228,0.004920601844787598,-0.17725342512130737,-0.015259185430124944,-0.0049634575843811035,-0.24968218803405762,-0.03052111770631427,-0.013760149478912354,-0.305203914642334,-0.04324857946159,-0.018752753734588623,-0.3536057472229004,-0.049294818748251146,-0.024915337562561035,-0.17320537567138672,-0.011611077558711713,-0.04046511650085449,-0.21966171264648438,-0.03867029081703777,-0.036030352115631104,-0.19774705171585083,-0.048039533753410524,-0.03346753120422363,-0.1748417615890503,-0.045070000548378175,-0.04300278425216675,-0.15613317489624023,-0.008839491378978437,-0.051646888256073,-0.19640564918518066,-0.031109078411475366,-0.03938871622085571,-0.17220497131347656,-0.03127994443894977,-0.028075993061065674,-0.14058899879455566,-0.023967115764037317
W,0.0,0.0,0.0,0.031228721141815186,-0.03292644023895264,-0.03144048189432169,0.0369686484336853,-0.09713631868362427,-0.04075574164897944,-0.0054399967193603516,-0.14748281240463257,-0.04339739715368296,-0.04338979721069336,-0.17831218242645264,-0.04519945418149973,0.0528867244720459,-0.18254339694976807,-0.023728510715670836,0.08057886362075806,-0.2541254162788391,-0.03436179494173075,0.09515762329101562,-0.3014569878578186,-0.04313637723834063,0.1070103645324707,-0.3457610607147217,-0.05034009402305628,0.013251900672912598,-0.19430476427078247,-0.018982928597040427,0.01666736602783203,-0.2792683243751526,-0.029566860177226317,0.016621947288513184,-0.33102095127105713,-0.04107594525129343,0.018362760543823242,-0.37869060039520264,-0.04750325193316485,-0.018985211849212646,-0.18243467807769775,-0.01673789357454325,-0.04650461673736572,-0.2578808665275574,-0.04157429223567988,-0.06236878037452698,-0.30127882957458496,-0.0591511543622687,-0.07295697927474976,-0.34470051527023315,-0.06783336808592821,-0.04298838973045349,-0.15244513750076294,-0.015389804147787345,-0.05572175979614258,-0.19282007217407227,-0.0432451929679587,-0.0481792688369751,-0.16362017393112183,-0.04801824723989512,-0.039140790700912476,-0.13541728258132935,-0.04681083222538973
W,0.0,0.0,0.0,0.03004908561706543,-0.03373360633850098,-0.03155182235980192,0.03209829330444336,-0.09646326303482056,-0.04357346081280866,-0.010061979293823242,-0.1461472511291504,-0.05025684022450605,-0.04880794882774353,-0.17839914560317993,-0.05663327061677137,0.049630045890808105,-0.18971675634384155,-0.027696046318055778,0.07705140113830566,-0.26680976152420044,-0.04087720745349088,0.09235423803329468,-0.3171815276145935,-0.05172440343642393,0.10265100002288818,-0.3632434010505676,-0.06061811679148832,0.008512139320373535,-0.20101147890090942,-0.024870756353379875,0.01234900951385498,-0.2942618131637573,-0.037056933428289085,0.011597633361816406,-0.34997498989105225,-0.05021697961831251,0.010197997093200684,-0.3986032009124756,-0.0587936446919457,-0.025140821933746338,-0.18624454736709595,-0.024632360126020103,-0.05443081259727478,-0.26362478733062744,-0.047901909138204246,-0.07249695062637329,-0.3111492991447449,-0.0662515603854672,-0.08635404706001282,-0.3525993227958679,-0.07703114980006376,-0.05008041858673096,-0.15428674221038818,-0.02588157476031938,-0.0645708441734314,-0.19876527786254883,-0.05172642254376569,-0.05831032991409302,-0.17468976974487305,-0.058001074279786735,-0.049415409564971924,-0.14832818508148193,-0.05927279153013387
W,0.0,0.0,0.0,0.02987968921661377,-0.04167360067367554,-0.033079374809688034,0.029879748821258545,-0.11229217052459717,-0.04364587389392227,-0.0132293701171875,-0.16746914386749268,-0.048447124888127746,-0.05340009927749634,-0.20337069034576416,-0.05231146537227005,0.050276219844818115,-0.20556259155273438,-0.022968316678827705,0.07604807615280151,-0.2863966226577759,-0.03528799139422745,0.0909690260887146,-0.33746087551116943,-0.045930419345324935,0.10123813152313232,-0.3847505450248718,-0.054906584550565185,0.009510576725006104,-0.2151108980178833,-0.01950211287004322,0.012843191623687744,-0.30885201692581177,-0.03027326450211376,0.012470424175262451,-0.36353474855422974,-0.04306658380193085,0.013155102729797363,-0.41161638498306274,-0.05160488956136078,-0.024443209171295166,-0.19901275634765625,-0.019523782883709373,-0.05308067798614502,-0.27828437089920044,-0.043677062024300994,-0.07181042432785034,-0.32747262716293335,-0.06405586399597496,-0.08546820282936096,-0.3716045022010803,-0.0762727151112017,-0.04884904623031616,-0.16620999574661255,-0.021193810035413208,-0.06432509422302246,-0.20959019660949707,-0.049857426662867965,-0.05726867914199829,-0.18371403217315674,-0.058302249987548294,-0.047635436058044434,-0.15718936920166016,-0.06089875124854416
W,0.0,0.0,0.0,0.02994382381439209,-0.04695314168930054,-0.0340011420998394,0.028408706188201904,-0.120181143283844,-0.044529326573353956,-0.018492132425308228,-0.17539548873901367,-0.04907872931693191,-0.0605810284614563,-0.21104353666305542,-0.05260518969629402,0.04833918809890747,-0.21198219060897827,-0.022507971465927312,0.07488799095153809,-0.2958688735961914,-0.033718042388898084,0.0895645022392273,-0.34834975004196167,-0.04388497801159019,0.09902286529541016,-0.3974655270576477,-0.05262280286882515,0.007689237594604492,-0.22069817781448364,-0.018236516356807897,0.01048576831817627,-0.3186156153678894,-0.027692053780299375,0.009339570999145508,-0.37522512674331665,-0.04000603438947792,0.008308708667755127,-0.4255778193473816,-0.048560697898608396,-0.026684463024139404,-0.20462751388549805,-0.017496200591665456,-0.05595436692237854,-0.28309065103530884,-0.03995776207779045,-0.07437241077423096,-0.3334161639213562,-0.059731729641896436,-0.0886402428150177,-0.3790407180786133,-0.07193245397542114,-0.05199912190437317,-0.17296373844146729,-0.018663062095981786,-0.06925958395004272,-0.21788907051086426,-0.04534001679752464,-0.06276702880859375,-0.1907520890235901,-0.05268833072517509,-0.0537337064743042,-0.1623590588569641,-0.05493697182868118
W,0.0,0.0,0.0,0.0277060866355896,-0.04419201612472534,-0.04003548750097252,0.02492070198059082,-0.11958527565002441,-0.05109426879698731,-0.02234065532684326,-0.17681819200515747,-0.054462083963699115,-0.06478604674339294,-0.21372359991073608,-0.05622496956402756,0.0451202392578125,-0.2141333818435669,-0.02759458811397053,0.07326221466064453,-0.2982572913169861,-0.03897020348722435,0.08779263496398926,-0.34977495670318604,-0.049202283261365665,0.0977625846862793,-0.3996332287788391,-0.05810264998490311,0.004796087741851807,-0.22283130884170532,-0.020378406507916225,0.009203672409057617,-0.3226768970489502,-0.03004611970300175,0.00808495283126831,-0.37962788343429565,-0.04294283070976235,0.005892157554626465,-0.43039190769195557,-0.052325588999337924,-0.029662400484085083,-0.20777684450149536,-0.017256549907870067,-0.05850943922996521,-0.28661948442459106,-0.04052370169574715,-0.07602626085281372,-0.3382422924041748,-0.0628457342963884,-0.09083709120750427,-0.3832428455352783,-0.07680392765814759,-0.054467618465423584,-0.1774308681488037,-0.016497777191943896,-0.07008916139602661,-0.22548776865005493,-0.04299849027211167,-0.06244751811027527,-0.20066267251968384,-0.051946566788501514,-0.0549699068069458,-0.17135173082351685,-0.05587762722188927
W,0.0,0.0,0.0,0.026987135410308838,-0.04994559288024902,-0.03401084468367799,0.02412945032119751,-0.12698298692703247,-0.04383187965157731,-0.022298544645309448,-0.18348437547683716,-0.047943698620827035,-0.06455767154693604,-0.21834510564804077,-0.05093646646145089,0.04319339990615845,-0.22119343280792236,-0.020587114995748834,0.07074129581451416,-0.30553972721099854,-0.0316701628327678,0.08541440963745117,-0.3574731945991516,-0.04228635728958352,0.09539997577667236,-0.4066043496131897,-0.05148992911580308,0.002276182174682617,-0.22943127155303955,-0.016589628911049203,0.005096316337585449,-0.32967573404312134,-0.025480293116004304,0.0043225884437561035,-0.3869994878768921,-0.03778121099475129,0.003930211067199707,-0.4385751485824585,-0.046753293281824426,-0.032176434993743896,-0.21208101511001587,-0.016377084335715608,-0.062361955642700195,-0.292808473110199,-0.037925890094072656,-0.08003008365631104,-0.3444864749908447,-0.057964148378403024,-0.09336894750595093,-0.38997119665145874,-0.07071321681740983,-0.057588279247283936,-0.17901074886322021,-0.01819619574251874,-0.07634633779525757,-0.22744256258010864,-0.04367069751623376,-0.06887656450271606,-0.20456331968307495,-0.05099289715889199,-0.05861017107963562,-0.1789286732673645,-0.053726295387775735
W,0.0,0.0,0.0,0.027546226978302002,-0.04871398210525513,-0.03750335638142133,0.026615440845489502,-0.12751871347427368,-0.04683819626188779,-0.0209520161151886,-0.18494057655334473,-0.049209730967049836,-0.06526213884353638,-0.21976059675216675,-0.050037218525176286,0.04325711727142334,-0.22601854801177979,-0.02076462869263196,0.0713810920715332,-0.3097150921821594,-0.03196934451079869,0.08739060163497925,-0.3617008924484253,-0.04280183304763341,0.09830892086029053,-0.41074633598327637,-0.05194674272752309,0.0015141963958740234,-0.23504751920700073,-0.015483443892662763,0.004238992929458618,-0.33709949254989624,-0.023746660246615647,0.0038405656814575195,-0.3935489058494568,-0.03550296862340474,0.0037164390087127686,-0.44385403394699097,-0.04380052749729657,-0.03392407298088074,-0.21721285581588745,-0.014712126261656522,-0.06180974841117859,-0.296251118183136,-0.03675750856018567,-0.07886147499084473,-0.3489863872528076,-0.05738938440299535,-0.0920625627040863,-0.39674657583236694,-0.07021394957519078,-0.05961763858795166,-0.18226736783981323,-0.01634527210808301,-0.07748764753341675,-0.22992628812789917,-0.04185109425998235,-0.0689932107925415,-0.20455998182296753,-0.048478545888428926,-0.058885931968688965,-0.17531085014343262,-0.05055752982116246
W,0.0,0.0,0.0,0.026144027709960938,-0.053573429584503174,-0.0388982356915335,0.02119910717010498,-0.13053399324417114,-0.04927370188926261,-0.024488121271133423,-0.188687264919281,-0.0529668466577391,-0.06778061389923096,-0.2263593077659607,-0.05519082261417907,0.043610334396362305,-0.2353876233100891,-0.02257605133746665,0.07038098573684692,-0.3245495557785034,-0.034381693733678276,0.08591550588607788,-0.37845611572265625,-0.04618038473819297,0.0962667465209961,-0.42763978242874146,-0.056193287057624275,0.0008022487163543701,-0.24184298515319824,-0.0168319722095589,0.002162545919418335,-0.3442779779434204,-0.025003321973429138,0.0012223422527313232,-0.40188169479370117,-0.038623126728282386,0.0017619729042053223,-0.45157918334007263,-0.04895413903687995,-0.03627574443817139,-0.22127878665924072,-0.01576104810629886,-0.06776630878448486,-0.304793119430542,-0.03727247057651084,-0.08696982264518738,-0.3617454171180725,-0.06118326498364013,-0.10048198699951172,-0.4114345908164978,-0.07707319272850555,-0.062251925468444824,-0.18315649032592773,-0.017179661003694946,-0.08175191283226013,-0.23272264003753662,-0.04293852536176246,-0.07415184378623962,-0.21860343217849731,-0.05300901321862739,-0.06337013840675354,-0.19940662384033203,-0.05818657441233199
W,0.0,0.0,0.0,0.026181519031524658,-0.050299882888793945,-0.04392343069986282,0.02148735523223877,-0.13182824850082397,-0.054341897923507076,-0.02633810043334961,-0.19403624534606934,-0.056381807286300045,-0.07217007875442505,-0.23282039165496826,-0.05643692295626579,0.04453986883163452,-0.23464953899383545,-0.025044270414866787,0.07144755125045776,-0.32709693908691406,-0.036028668839492184,0.08657854795455933,-0.3824467062950134,-0.04649048726633964,0.09693962335586548,-0.4347552955150604,-0.05544526557997642,0.0021644234657287598,-0.2419600486755371,-0.01618297267333446,0.004243701696395874,-0.3467801809310913,-0.023808438885964733,0.002501249313354492,-0.40778404474258423,-0.03584630470351158,0.0008437037467956543,-0.4597073495388031,-0.0447351081259626,-0.03461050987243652,-0.22358447313308716,-0.012581904042519909,-0.06296122074127197,-0.3072769045829773,-0.03561336975172935,-0.08122557401657104,-0.36368435621261597,-0.05995070244745193,-0.09629642963409424,-0.4133697748184204,-0.07548539023474632,-0.06020838022232056,-0.18954402208328247,-0.011842243928469998,-0.07491657137870789,-0.2362760305404663,-0.04063312019781051,-0.06586217880249023,-0.2119312286376953,-0.05185797866062103,-0.057707637548446655,-0.1833808422088623,-0.057102073539056164
W,0.0,0.0,0.0,0.02652919292449951,-0.05207550525665283,-0.04354115042269768,0.02191174030303955,-0.1328621506690979,-0.05422633725584092,-0.026221096515655518,-0.19489997625350952,-0.05654116931737008,-0.0716596245765686,-0.23130661249160767,-0.05686554897010865,0.04452502727508545,-0.2343772053718567,-0.026938123883610388,0.07278281450271606,-0.328280508518219,-0.03755615490854325,0.08822399377822876,-0.38364583253860474,-0.04739467638910355,0.09908413887023926,-0.4356384575366974,-0.05578049111545624,0.0022967755794525146,-0.24133241176605225,-0.017722081648116728,0.0041224658489227295,-0.34695398807525635,-0.024434689687495847,0.0025167763233184814,-0.40744534134864807,-0.035170534880762716,0.0011124014854431152,-0.45889753103256226,-0.04329323235333504,-0.03412044048309326,-0.22261375188827515,-0.013449981132453104,-0.0654878318309784,-0.3039184808731079,-0.03395663041055741,-0.08350595831871033,-0.36031782627105713,-0.05583308103859963,-0.09739542007446289,-0.40922409296035767,-0.07005549806535782,-0.059380531311035156,-0.18836349248886108,-0.012234558606451174,-0.07841846346855164,-0.23585933446884155,-0.037635898472672125,-0.06878429651260376,-0.21484792232513428,-0.04661103549779,-0.05843457579612732,-0.18745601177215576,-0.05066248986304345
W,0.0,0.0,0.0,0.026294052600860596,-0.0504874587059021,-0.04766021870364057,0.020674526691436768,-0.13171887397766113,-0.05833821945179807,-0.02785104513168335,-0.19394075870513916,-0.059364730644119845,-0.07420569658279419,-0.23053741455078125,-0.05774234436739789,0.0439302921295166,-0.23356837034225464,-0.030426822754634486,0.07207262516021729,-0.32829296588897705,-0.040992519038809405,0.08709555864334106,-0.3827349543571472,-0.050399540144098864,0.09804409742355347,-0.4342986047267914,-0.05832503937472211,0.0017528831958770752,-0.24061423540115356,-0.01964892089654313,0.0037385523319244385,-0.34795230627059937,-0.024855449947608577,0.0020143985748291016,-0.40842321515083313,-0.034681631404055224,0.000307232141494751,-0.45784690976142883,-0.042631244438780413,-0.03557047247886658,-0.2223799228668213,-0.014554276282979117,-0.0665166974067688,-0.30524319410324097,-0.035265607911242114,-0.08499389886856079,-0.3605697751045227,-0.059635030257595645,-0.1005830466747284,-0.40691596269607544,-0.07556795902837621,-0.06125703454017639,-0.18863040208816528,-0.012840331683946715,-0.08050018548965454,-0.240153968334198,-0.03855025969733106,-0.07176625728607178,-0.221471905708313,-0.049677675741804705,-0.06447085738182068,-0.1933743953704834,-0.05560539491762029
W,0.0,0.0,0.0,0.02857843041419983,-0.05150991678237915,-0.04375377351334464,0.023820966482162476,-0.13104063272476196,-0.05563855597665679,-0.02562612295150757,-0.1914634108543396,-0.059314165803698415,-0.0710318386554718,-0.23016905784606934,-0.06087529713204276,0.045766621828079224,-0.2336355447769165,-0.029786512794999,0.07393857836723328,-0.32884514331817627,-0.04125810841014754,0.08874598145484924,-0.38401275873184204,-0.05119866559198272,0.09898045659065247,-0.43590348958969116,-0.059677567872313375,0.0027033090591430664,-0.24113839864730835,-0.021246251258162374,0.004731506109237671,-0.3479781150817871,-0.02858169244518649,0.003635406494140625,-0.4085901379585266,-0.0396918846099652,0.002295464277267456,-0.45927906036376953,-0.048327159675864095,-0.03443428874015808,-0.22268790006637573,-0.017664917352703924,-0.06560719013214111,-0.3058910369873047,-0.039237525853422994,-0.08434143662452698,-0.3625357151031494,-0.06289700472643744,-0.09996864199638367,-0.4100061357021332,-0.07845095598986518,-0.06033807992935181,-0.1891447901725769,-0.016996291074065084,-0.07972976565361023,-0.23985183238983154,-0.043443400952128286,-0.0722285807132721,-0.2228221297264099,-0.05441744679501426,-0.06464961171150208,-0.19806474447250366,-0.060138095709589834
W,0.0,0.0,0.0,0.02690938115119934,-0.05019259452819824,-0.044830569479643145,0.021864384412765503,-0.13034814596176147,-0.056040791276871005,-0.027038365602493286,-0.19030410051345825,-0.05859647825735692,-0.07332280278205872,-0.22635453939437866,-0.058885270211874285,0.043146878480911255,-0.23273664712905884,-0.03029975802081708,0.07140204310417175,-0.3279827833175659,-0.04107568920034055,0.08626660704612732,-0.38269537687301636,-0.05050774053114537,0.0969066321849823,-0.43447145819664,-0.05857439473646764,0.000736624002456665,-0.2399921417236328,-0.02110188030081872,0.003106445074081421,-0.34725379943847656,-0.02702166274565343,0.0022256076335906982,-0.4074234366416931,-0.037343812588630954,0.0010156035423278809,-0.45681312680244446,-0.04575600982087735,-0.03644415736198425,-0.22164374589920044,-0.017061924044071475,-0.06776899099349976,-0.30530017614364624,-0.03764833644407872,-0.0861285924911499,-0.3607723116874695,-0.06157424062865857,-0.10154598951339722,-0.40627771615982056,-0.07745921746271733,-0.06228792667388916,-0.18834054470062256,-0.016098098311601916,-0.08188179135322571,-0.2415478229522705,-0.04146960512179021,-0.07342526316642761,-0.224728524684906,-0.05238613248246793,-0.06554228067398071,-0.1982736587524414,-0.05833787978070859
W,0.0,0.0,0.0,0.02907225489616394,-0.05223584175109863,-0.043611240148436536,0.02432158589363098,-0.13241028785705566,-0.05448733693350505,-0.026484012603759766,-0.19053637981414795,-0.057093520223986616,-0.07285740971565247,-0.2251015305519104,-0.057605978608023634,0.045324474573135376,-0.23348063230514526,-0.028859295457493772,0.07411554455757141,-0.3281477093696594,-0.0402468895017023,0.08918878436088562,-0.3836626410484314,-0.050082788377892484,0.10006716847419739,-0.43532446026802063,-0.05833964100469302,0.0023328065872192383,-0.24105119705200195,-0.020518862217556944,0.0046468377113342285,-0.3483884334564209,-0.027011374518167486,0.0034962594509124756,-0.4087945818901062,-0.03761841034878444,0.002588808536529541,-0.45811405777931213,-0.04599840989698123,-0.03473493456840515,-0.22263377904891968,-0.017312726512443533,-0.06613647937774658,-0.30586832761764526,-0.03832891261566829,-0.08523967862129211,-0.362021267414093,-0.06223686462629985,-0.10078462958335876,-0.40861213207244873,-0.07807131162275027,-0.06066015362739563,-0.18857085704803467,-0.017090769991170873,-0.08066177368164062,-0.23843806982040405,-0.04288295334566783,-0.0726747214794159,-0.22023743391036987,-0.05368619090307902,-0.06496444344520569,-0.19352197647094727,-0.05946283093084048
W,0.0,0.0,0.0,0.02881932258605957,-0.049830079078674316,-0.04403734921038449,0.024503648281097412,-0.1296788454055786,-0.055716514275673035,-0.0251787006855011,-0.1884310245513916,-0.059102173582914475,-0.070942223072052,-0.22479397058486938,-0.06047651513040364,0.04623138904571533,-0.2324587106704712,-0.0307733227175504,0.07519102096557617,-0.3267466425895691,-0.042387921051386,0.09021353721618652,-0.381935715675354,-0.052317216680648926,0.10066157579421997,-0.43317538499832153,-0.060755595253112915,0.002826392650604248,-0.2401525378227234,-0.022190114171507958,0.004668593406677246,-0.347522497177124,-0.029463158608677986,0.003398507833480835,-0.40703490376472473,-0.04082966564715207,0.00229761004447937,-0.456419974565506,-0.04974542899549306,-0.03436240553855896,-0.2216152548789978,-0.01852710513890088,-0.06607010960578918,-0.304057240486145,-0.03995267643153966,-0.08559295535087585,-0.36165791749954224,-0.06470544605076611,-0.10124620795249939,-0.40947723388671875,-0.08120693235218823,-0.06031143665313721,-0.18770712614059448,-0.017736127288344505,-0.08035445213317871,-0.2363376021385193,-0.04384825720012486,-0.07282760739326477,-0.22089922428131104,-0.05553628473103345,-0.06491875648498535,-0.19751852750778198,-0.0620686222475797
W,0.0,0.0,0.0,0.02763468027114868,-0.04805862903594971,-0.04541321230169615,0.02339160442352295,-0.12916207313537598,-0.05740811807152113,-0.02483496069908142,-0.19028884172439575,-0.060751353772843686,-0.07115286588668823,-0.22662705183029175,-0.062004537703955975,0.04643207788467407,-0.23199814558029175,-0.03200732302900633,0.07518494129180908,-0.3262309432029724,-0.04362303522464117,0.09040683507919312,-0.38132715225219727,-0.05359007549520811,0.10121244192123413,-0.4321180582046509,-0.0619427202367433,0.003170311450958252,-0.23964989185333252,-0.02256162223454794,0.004834949970245361,-0.3479268550872803,-0.029565130742753354,0.0034735798835754395,-0.40796715021133423,-0.04056387153502783,0.002185344696044922,-0.45673662424087524,-0.04918082562323889,-0.034064024686813354,-0.2213348150253296,-0.01811966803904852,-0.06563127040863037,-0.30508869886398315,-0.039294735910857526,-0.08505797386169434,-0.36204802989959717,-0.06371336189147314,-0.10068166255950928,-0.4082716107368469,-0.07991972324487051,-0.06007346510887146,-0.18768620491027832,-0.016694044145310727,-0.07869690656661987,-0.2375825047492981,-0.04257678744431814,-0.07121306657791138,-0.22137945890426636,-0.0539691498601087,-0.0640055239200592,-0.1965867280960083,-0.06024180484052977
W,0.0,0.0,0.0,0.027455687522888184,-0.04863625764846802,-0.04482013819745134,0.02270573377609253,-0.13032305240631104,-0.05571194080641817,-0.027174651622772217,-0.18857342004776,-0.05774433625867914,-0.07562461495399475,-0.22044426202774048,-0.05785969359806131,0.044382333755493164,-0.2330493927001953,-0.0309572675638492,0.07353568077087402,-0.32746291160583496,-0.0408134804480369,0.08788490295410156,-0.38200509548187256,-0.049650193136244525,0.09808748960494995,-0.4328843355178833,-0.05749937979510378,0.0004717111587524414,-0.2399255633354187,-0.021585891898780574,0.002246081829071045,-0.3488292694091797,-0.027236363794713725,0.001096278429031372,-0.4095926880836487,-0.038050462435990084,-0.00021770596504211426,-0.45943206548690796,-0.04689934192231249,-0.03717756271362305,-0.22067099809646606,-0.017107487600355853,-0.06951722502708435,-0.30738455057144165,-0.038128280025034655,-0.08839747309684753,-0.36462223529815674,-0.06372121436527323,-0.10412028431892395,-0.41077765822410583,-0.08083031786611627,-0.06250622868537903,-0.18569296598434448,-0.015431355629175414,-0.08200722932815552,-0.24041467905044556,-0.04142305342486452,-0.07234838604927063,-0.22220367193222046,-0.052966390680580844,-0.06341037154197693,-0.19352763891220093,-0.05948511971166681
W,0.0,0.0,0.0,0.02902469038963318,-0.04966336488723755,-0.04348702077180633,0.026018232107162476,-0.13069289922714233,-0.05445874203354606,-0.022429168224334717,-0.19070708751678467,-0.05728367809564361,-0.0687001645565033,-0.22545403242111206,-0.058213842104976266,0.0475408136844635,-0.23270940780639648,-0.02969728503734359,0.07629236578941345,-0.32728564739227295,-0.04130472336322555,0.0910581648349762,-0.38203930854797363,-0.05127180461198577,0.10134312510490417,-0.4327991008758545,-0.059643250893657296,0.004338651895523071,-0.2410813570022583,-0.02151278313607463,0.006215006113052368,-0.3496536612510681,-0.028896349485819428,0.004522055387496948,-0.41003623604774475,-0.040470824580495446,0.002796649932861328,-0.4597421884536743,-0.0494312429836441,-0.03285232186317444,-0.2232372760772705,-0.01827121619493255,-0.06474912166595459,-0.3074255585670471,-0.04005931783825645,-0.08419269323348999,-0.36440324783325195,-0.06529450882584342,-0.09955793619155884,-0.41114580631256104,-0.08197887707859763,-0.059386104345321655,-0.1895098090171814,-0.017814577560727685,-0.0794815719127655,-0.2392997145652771,-0.04409346823007354,-0.07162728905677795,-0.22327041625976562,-0.0558084407857109,-0.06331256031990051,-0.19912362098693848,-0.06230171490818748
W,0.0,0.0,0.0,0.026948094367980957,-0.04668867588043213,-0.046175530656682895,0.023834824562072754,-0.12618517875671387,-0.059763821318256305,-0.02360910177230835,-0.18700939416885376,-0.06503301720272248,-0.07078218460083008,-0.22349244356155396,-0.06858298043857758,0.04566472768783569,-0.23283612728118896,-0.03277684237014,0.07381457090377808,-0.3274472951889038,-0.04503535340677445,0.08842521905899048,-0.3824603259563446,-0.05605192343841736,0.09845513105392456,-0.43396899104118347,-0.06537329266916458,0.0021024346351623535,-0.24070167541503906,-0.023332801192509578,0.0032137632369995117,-0.34930819272994995,-0.03207448731313889,0.001291900873184204,-0.4101105332374573,-0.04521666328560059,-0.0011346638202667236,-0.4610254764556885,-0.055412618919717715,-0.035157591104507446,-0.2225356101989746,-0.018689530446636127,-0.06671616435050964,-0.30717867612838745,-0.041189639374124454,-0.08496788144111633,-0.36346864700317383,-0.06647308032165711,-0.09969761967658997,-0.408305823802948,-0.08324482898365204,-0.061503827571868896,-0.18994498252868652,-0.0170644098068351,-0.07974660396575928,-0.2410954236984253,-0.04455457116614525,-0.07194793224334717,-0.2224637269973755,-0.05649644742857163,-0.06389367580413818,-0.195537269115448,-0.06292850385557358
W,0.0,0.0,0.0,0.029570281505584717,-0.04637432098388672,-0.04542026979294178,0.027364730834960938,-0.12416529655456543,-0.059229485070375176,-0.0206892192363739,-0.18395352363586426,-0.06481563982930538,-0.06605938076972961,-0.2227209210395813,-0.06878423628774044,0.04749882221221924,-0.2303755283355713,-0.03576121044721958,0.07602721452713013,-0.32705503702163696,-0.04962063518729565,0.0908973217010498,-0.38336706161499023,-0.06118412998881695,0.10120928287506104,-0.43625903129577637,-0.07074169752564785,0.004002511501312256,-0.23904746770858765,-0.027338040372399064,0.00597807765007019,-0.34820741415023804,-0.036990943675903054,0.004201680421829224,-0.40927761793136597,-0.05039734331336376,0.0022239089012145996,-0.4610026776790619,-0.060908946519759866,-0.03331834077835083,-0.2218078374862671,-0.023530998578337403,-0.06474554538726807,-0.30616819858551025,-0.04647414324250576,-0.0840604305267334,-0.3637409806251526,-0.07207389113870022,-0.09948375821113586,-0.4106111526489258,-0.08938839224543926,-0.06051698327064514,-0.18870067596435547,-0.022636925181416245,-0.08099126815795898,-0.23967903852462769,-0.05001833227839825,-0.07311129570007324,-0.22345244884490967,-0.0621678338703191,-0.06431803107261658,-0.19886726140975952,-0.06906257507768032
W,0.0,0.0,0.0,0.028598159551620483,-0.04499232769012451,-0.04513640331396118,0.027174264192581177,-0.12324643135070801,-0.05948330836662308,-0.021110892295837402,-0.1845201849937439,-0.06584662946232811,-0.06740492582321167,-0.22235822677612305,-0.07075104119547859,0.045122891664505005,-0.23247826099395752,-0.035067725948181305,0.07452508807182312,-0.3292316794395447,-0.04856965320476547,0.08965590596199036,-0.38590288162231445,-0.05998250844248787,0.09965965151786804,-0.4388386607170105,-0.06953763963946358,0.0016484260559082031,-0.24115991592407227,-0.026744376889553223,0.004868417978286743,-0.35051387548446655,-0.03682556750544563,0.0038634836673736572,-0.4128488600254059,-0.050682775697794114,0.0015011429786682129,-0.4659537076950073,-0.061287801734295044,-0.03525623679161072,-0.22366595268249512,-0.02285387741693512,-0.06613531708717346,-0.30933433771133423,-0.04620558398136154,-0.08468496799468994,-0.3669525384902954,-0.07165567579039589,-0.10015711188316345,-0.41354864835739136,-0.08861118557223335,-0.0624670684337616,-0.1906464695930481,-0.02177185939916626,-0.08151552081108093,-0.24265313148498535,-0.04997177796730057,-0.07338693737983704,-0.22399187088012695,-0.06197531150945679,-0.06484904885292053,-0.19752448797225952,-0.06835395844944969
W,0.0,0.0,0.0,0.028722018003463745,-0.04639321565628052,-0.04461184257502282,0.02682635188102722,-0.12492978572845459,-0.058714390935847405,-0.02124720811843872,-0.18639594316482544,-0.06516342351073945,-0.06725910305976868,-0.2245376706123352,-0.07019443550939286,0.04746940732002258,-0.23317331075668335,-0.033850216510245446,0.07655951380729675,-0.33009958267211914,-0.04823810348148072,0.0914326012134552,-0.387347936630249,-0.060417854430625084,0.10136237740516663,-0.44112104177474976,-0.07049166152114594,0.003808915615081787,-0.2422751784324646,-0.026220244558999184,0.007122904062271118,-0.3515927195549011,-0.03722347060079301,0.0056810081005096436,-0.41459566354751587,-0.05166733005876267,0.0036069154739379883,-0.46851012110710144,-0.0626497242772075,-0.0336897075176239,-0.2250484824180603,-0.02317786702747071,-0.06490597128868103,-0.31070905923843384,-0.04749706128473008,-0.08381563425064087,-0.36847901344299316,-0.0734662611209842,-0.09877899289131165,-0.4156652092933655,-0.0906871382319423,-0.06143510341644287,-0.19231778383255005,-0.02294308060641015,-0.0816304087638855,-0.24296504259109497,-0.051998437585780266,-0.07409101724624634,-0.22495216131210327,-0.0645975072109195,-0.06543871760368347,-0.20010918378829956,-0.07138682642812455
W,0.0,0.0,0.0,0.028541743755340576,-0.04581606388092041,-0.0451014805765908,0.026816606521606445,-0.1253477931022644,-0.059060456249312665,-0.02222353219985962,-0.18613892793655396,-0.06508366206605842,-0.06941938400268555,-0.22296440601348877,-0.06970166603048256,0.047358155250549316,-0.23332220315933228,-0.034839602205352094,0.07581537961959839,-0.3300288915634155,-0.04883353972752502,0.09022289514541626,-0.3871849477291107,-0.06061030739863327,0.09987962245941162,-0.44080793857574463,-0.07049752959926536,0.003192216157913208,-0.24253106117248535,-0.02687401698847225,0.006037116050720215,-0.3515278100967407,-0.037233920785979535,0.004309594631195068,-0.4143751561641693,-0.051382111403540875,0.002084881067276001,-0.4682849645614624,-0.06233684534151962,-0.03456565737724304,-0.2252327799797058,-0.023465814086989667,-0.06612545251846313,-0.3112397789955139,-0.04747401365955284,-0.08497130870819092,-0.36904388666152954,-0.07372064331491401,-0.10007995367050171,-0.4163401126861572,-0.0912777353258889,-0.06197553873062134,-0.19229912757873535,-0.022878577950791623,-0.08216893672943115,-0.2425471544265747,-0.05204454624970367,-0.0742887556552887,-0.22448521852493286,-0.06500674972255638,-0.06574356555938721,-0.1992003321647644,-0.07211634704788139
W,0.0,0.0,0.0,0.02847045660018921,-0.04523807764053345,-0.04588859045696836,0.026988744735717773,-0.12294715642929077,-0.06074035802674871,-0.020237594842910767,-0.18568706512451172,-0.06777657830906492,-0.06628668308258057,-0.2256394624710083,-0.07321621740055662,0.04894012212753296,-0.23499679565429688,-0.03413406649423223,0.07818603515625,-0.33167678117752075,-0.04889928439450841,0.09256142377853394,-0.3890778422355652,-0.06157950946879964,0.1017729640007019,-0.442855566740036,-0.07203880214882474,0.004881024360656738,-0.2443087100982666,-0.026080005632763914,0.008170068264007568,-0.3543180823326111,-0.037475409748083166,0.0065000057220458984,-0.4172019064426422,-0.05213294813228231,0.0038617849349975586,-0.4710119962692261,-0.0630996775050221,-0.033056825399398804,-0.22714132070541382,-0.02278305293810945,-0.0630253255367279,-0.3135448694229126,-0.047443854453092626,-0.08102291822433472,-0.37029409408569336,-0.07299766951990705,-0.09596988558769226,-0.4167019724845886,-0.08975841367436033,-0.06111535429954529,-0.19438135623931885,-0.022454618306881002,-0.07944512367248535,-0.24458366632461548,-0.052094152959114126,-0.07253342866897583,-0.2247270941734314,-0.06443338358593564,-0.0655348002910614,-0.1986050009727478,-0.07070715987873655
W,0.0,0.0,0.0,0.028191566467285156,-0.04573094844818115,-0.04635896854864541,0.02643585205078125,-0.12445569038391113,-0.061107564203609854,-0.02184733748435974,-0.1869106888771057,-0.06781790354119721,-0.06883770227432251,-0.22548556327819824,-0.07295851358043137,0.047996699810028076,-0.2357005476951599,-0.03513534688221398,0.07719111442565918,-0.33250898122787476,-0.049350197844376,0.09179925918579102,-0.3899005353450775,-0.061632897190918357,0.10114634037017822,-0.4436623752117157,-0.07184463688003007,0.003896772861480713,-0.24456417560577393,-0.02669309587048474,0.00688973069190979,-0.3553552031517029,-0.03725540586577836,0.005201399326324463,-0.4183620810508728,-0.05150267057882729,0.0024089515209198,-0.47207915782928467,-0.06228554569946709,-0.0336490273475647,-0.22687971591949463,-0.022938569493760497,-0.06439629197120667,-0.31393951177597046,-0.0469686085806984,-0.08224967122077942,-0.37202656269073486,-0.07289235987531129,-0.09714993834495544,-0.41932928562164307,-0.09000671603547516,-0.06097167730331421,-0.193412184715271,-0.022163819007744223,-0.07964140176773071,-0.24398964643478394,-0.051217469804157645,-0.07216399908065796,-0.2252732515335083,-0.06369089283811036,-0.06488204002380371,-0.1993541121482849,-0.0702278608904976
W,0.0,0.0,0.0,0.02929919958114624,-0.04440075159072876,-0.04843192193334289,0.02782958745956421,-0.12346822023391724,-0.06307734567349144,-0.020468056201934814,-0.18589544296264648,-0.06887096929972358,-0.06784072518348694,-0.22544586658477783,-0.07296457904999443,0.047570228576660156,-0.23656970262527466,-0.03724570218150802,0.07615429162979126,-0.33357012271881104,-0.05175754073684402,0.09065860509872437,-0.39090991020202637,-0.06425658631746956,0.10084724426269531,-0.44570446014404297,-0.07459164429133125,0.003592938184738159,-0.24613535404205322,-0.02796931210582443,0.006473243236541748,-0.35597705841064453,-0.03809049371307083,0.004448980093002319,-0.4190900921821594,-0.05217038485830017,0.002071887254714966,-0.47344666719436646,-0.06313657778923698,-0.03448382019996643,-0.22915661334991455,-0.02365220915203281,-0.06498086452484131,-0.31627601385116577,-0.04788650218074508,-0.08335298299789429,-0.374470591545105,-0.07433476317351051,-0.09858882427215576,-0.4223906993865967,-0.09202630091135688,-0.06216073036193848,-0.19545602798461914,-0.022530537281681973,-0.08135905861854553,-0.2470935583114624,-0.05185461062615104,-0.07241612672805786,-0.22610163688659668,-0.0644068868798513,-0.06377401947975159,-0.1966426968574524,-0.0711309092087049
W,0.0,0.0,0.0,0.030489325523376465,-0.04629695415496826,-0.04527792461635727,0.02882552146911621,-0.12693434953689575,-0.059379377741834105,-0.021895945072174072,-0.18768376111984253,-0.06524865083815712,-0.06973737478256226,-0.22427600622177124,-0.0697442417633738,0.0461612343788147,-0.23597848415374756,-0.036617336202880324,0.07523095607757568,-0.3344682455062866,-0.050562461246272505,0.09003400802612305,-0.39190301299095154,-0.06205627076747078,0.09976065158843994,-0.4468386173248291,-0.0716774886143412,0.0020114481449127197,-0.24510574340820312,-0.028416660953780593,0.0051901936531066895,-0.35538172721862793,-0.038182908077260436,0.0036292970180511475,-0.4181199073791504,-0.051364855248948516,0.0011189579963684082,-0.47273749113082886,-0.06162502371194023,-0.03557783365249634,-0.2277829647064209,-0.024625118230005683,-0.06615853309631348,-0.31372350454330444,-0.047456284393092574,-0.0848778784275055,-0.37360185384750366,-0.07221343867900032,-0.10048940777778625,-0.4237459897994995,-0.08899051450612205,-0.06288361549377441,-0.19443118572235107,-0.023749958131929816,-0.08357930183410645,-0.2458794116973877,-0.05103736497881073,-0.07503628730773926,-0.22753751277923584,-0.06205980979325432,-0.06564480066299438,-0.2012428641319275,-0.06801161669613975
W,0.0,0.0,0.0,0.03025597333908081,-0.046179115772247314,-0.045608187439597714,0.0284501314163208,-0.1265299916267395,-0.059766525747932064,-0.022689878940582275,-0.187536358833313,-0.06567128968492852,-0.07079553604125977,-0.22450464963912964,-0.07008222711340295,0.04535853862762451,-0.23625224828720093,-0.03607458096996652,0.07271319627761841,-0.3346666097640991,-0.05029838753000604,0.08674311637878418,-0.3917900323867798,-0.062328787865794766,0.09605824947357178,-0.4471394419670105,-0.07240784389034616,0.0012225806713104248,-0.2448088526725769,-0.028089914816177952,0.003535926342010498,-0.354947030544281,-0.03800248202935563,0.0015021562576293945,-0.41736480593681335,-0.051535403701223004,-0.001385718584060669,-0.4724910259246826,-0.062121415856040585,-0.03637602925300598,-0.22708791494369507,-0.02464383130029546,-0.0674804151058197,-0.3132234215736389,-0.04793642309562074,-0.08603790402412415,-0.37189221382141113,-0.07275793177143441,-0.10169035196304321,-0.4214338958263397,-0.08951348287121164,-0.06378430128097534,-0.19322359561920166,-0.024166265847838986,-0.08403727412223816,-0.24541354179382324,-0.051818075003779995,-0.07541239261627197,-0.22554606199264526,-0.06258984875933038,-0.0666472315788269,-0.1980089545249939,-0.06830794585005151
W,0.0,0.0,0.0,0.029331326484680176,-0.04602253437042236,-0.045392327594129256,0.027614057064056396,-0.12488847970962524,-0.06018207280573051,-0.02197444438934326,-0.18699002265930176,-0.06724890379842918,-0.0688917338848114,-0.2266521453857422,-0.07287081389364403,0.0459975004196167,-0.23650747537612915,-0.03439189924534958,0.07311111688613892,-0.33400285243988037,-0.049298797386256865,0.08735185861587524,-0.39142173528671265,-0.06237135140833061,0.09694474935531616,-0.44653964042663574,-0.0732906168573777,0.0017523765563964844,-0.24527400732040405,-0.026826877730457,0.003855586051940918,-0.35517317056655884,-0.03799981682237785,0.001763075590133667,-0.41773366928100586,-0.05298181681570213,-0.001216977834701538,-0.4729641377925873,-0.06454259215530556,-0.03591999411582947,-0.22723853588104248,-0.023871191429464034,-0.06627464294433594,-0.3130075931549072,-0.04798241763052147,-0.08434668183326721,-0.3705008625984192,-0.07326075493034523,-0.09958451986312866,-0.4182126522064209,-0.0902503883713166,-0.06379905343055725,-0.19317692518234253,-0.023881838309137038,-0.08301454782485962,-0.24554824829101562,-0.0523725046091954,-0.07518523931503296,-0.22680670022964478,-0.06380081235107582,-0.06689906120300293,-0.20123910903930664,-0.06989480613407295
W,0.0,0.0,0.0,0.030131369829177856,-0.04592841863632202,-0.04679158571445896,0.027639538049697876,-0.12679588794708252,-0.06082294377767994,-0.023298650979995728,-0.18837642669677734,-0.06622651460850193,-0.07128563523292542,-0.22594588994979858,-0.06986923757278873,0.04550686478614807,-0.23705828189849854,-0.03588257598960354,0.07255867123603821,-0.3360835313796997,-0.049660394520401496,0.08654198050498962,-0.3932031989097595,-0.0614120723613496,0.09587231278419495,-0.4481886625289917,-0.07127668950045063,0.0013376176357269287,-0.244889497756958,-0.027214857370495338,0.002748548984527588,-0.35544532537460327,-0.036670612723469276,0.0008079409599304199,-0.4177687466144562,-0.049948646307825584,-0.0019503235816955566,-0.47218260169029236,-0.06036656218850567,-0.03646346926689148,-0.22678130865097046,-0.02332933674836113,-0.0679527223110199,-0.3136470913887024,-0.04675964135014965,-0.08634838461875916,-0.3722531199455261,-0.07192792239868595,-0.10204800963401794,-0.42170149087905884,-0.08881851527178242,-0.06373682618141174,-0.19263672828674316,-0.0225078580834861,-0.08427539467811584,-0.24669766426086426,-0.05048287901365711,-0.07543730735778809,-0.22574299573898315,-0.06142728272163822,-0.06660449504852295,-0.1963590383529663,-0.06720181050980045
W,0.0,0.0,0.0,0.02925071120262146,-0.04630833864212036,-0.04585177326134726,0.026681214570999146,-0.12587159872055054,-0.060497174649754015,-0.02343839406967163,-0.18793576955795288,-0.06721096733144805,-0.07064604759216309,-0.22670137882232666,-0.07236697772077605,0.044636279344558716,-0.23782312870025635,-0.034344049780884234,0.07184776663780212,-0.33541154861450195,-0.04840638735822722,0.08561739325523376,-0.3925098478794098,-0.060747834532776324,0.09478214383125305,-0.4472513496875763,-0.0711693937473683,0.00038909912109375,-0.24588263034820557,-0.026300751283088175,0.001778334379196167,-0.3556209206581116,-0.03679852062396094,-0.0001385509967803955,-0.41825467348098755,-0.051074172049084154,-0.0029745399951934814,-0.4733770489692688,-0.062138854204931704,-0.03724423050880432,-0.22744685411453247,-0.022957001491704432,-0.06845459342002869,-0.3141671419143677,-0.04684425392679259,-0.08656767010688782,-0.3716955780982971,-0.07216003784469649,-0.10188409686088562,-0.4193870425224304,-0.08907936760715529,-0.06472963094711304,-0.19335514307022095,-0.02259798595241591,-0.08439332246780396,-0.24689573049545288,-0.05099950605563208,-0.07619360089302063,-0.22717678546905518,-0.06248404705456778,-0.06758308410644531,-0.19997477531433105,-0.0685839007192044
W,0.0,0.0,0.0,0.029280900955200195,-0.04611140489578247,-0.04572741191680052,0.027078211307525635,-0.12597870826721191,-0.060338801404782316,-0.022917181253433228,-0.18678778409957886,-0.06705884139830687,-0.07026788592338562,-0.22393715381622314,-0.07232235621506788,0.04364478588104248,-0.23732662200927734,-0.035535934081622145,0.07126760482788086,-0.33591318130493164,-0.04979027684623816,0.08546280860900879,-0.3935481607913971,-0.06200039636189558,0.09494704008102417,-0.44839251041412354,-0.07222146045262434,-0.0005367100238800049,-0.24541717767715454,-0.027476901820250532,0.0007459819316864014,-0.3559654951095581,-0.03800396498138525,-0.0016207993030548096,-0.4188479781150818,-0.05220098670417883,-0.00493699312210083,-0.47391554713249207,-0.06321168195302107,-0.037837594747543335,-0.227078378200531,-0.023970259985276243,-0.06886857748031616,-0.3131876587867737,-0.04711269464189627,-0.08735805749893188,-0.3709622025489807,-0.07211151223475554,-0.1028701663017273,-0.41874146461486816,-0.0889936263471327,-0.06519347429275513,-0.19279372692108154,-0.023480591064640066,-0.08577919006347656,-0.24629253149032593,-0.05061429988438704,-0.07776463031768799,-0.22887182235717773,-0.06170508514935591,-0.06882420182228088,-0.20345216989517212,-0.06779185186917402
W,0.0,0.0,0.0,0.029992103576660156,-0.04680633544921875,-0.0452849056582636,0.02796560525894165,-0.12633925676345825,-0.05922813452889386,-0.021735846996307373,-0.1870153546333313,-0.0653085347275919,-0.0685972273349762,-0.2243335247039795,-0.06979868672897283,0.04476386308670044,-0.23786896467208862,-0.03396563343812886,0.0722230076789856,-0.3365311026573181,-0.04781551398446027,0.08654171228408813,-0.3940770924091339,-0.059783739225167665,0.09610503911972046,-0.44866520166397095,-0.06979895494987431,0.0006732642650604248,-0.2456548810005188,-0.026100442932147416,0.0016366243362426758,-0.3561846613883972,-0.035971523449916276,-0.0007120668888092041,-0.4188571572303772,-0.04985040538122121,-0.0038318932056427,-0.47322994470596313,-0.06067849062492314,-0.036731332540512085,-0.22704142332077026,-0.022934337333936128,-0.0680975615978241,-0.3131225109100342,-0.04583578668643895,-0.0868796706199646,-0.3710208535194397,-0.07108864300062123,-0.10254397988319397,-0.4188832640647888,-0.08815586678792897,-0.0643562376499176,-0.19245439767837524,-0.022773345188397798,-0.08533984422683716,-0.24579089879989624,-0.049834692106742295,-0.0767393410205841,-0.22906631231307983,-0.06115578226854268,-0.06706506013870239,-0.2041284441947937,-0.06742481999208394
W,0.0,0.0,0.0,0.030127286911010742,-0.04499465227127075,-0.04639064395388459,0.028079450130462646,-0.12489008903503418,-0.06028134623130654,-0.022265702486038208,-0.1849173903465271,-0.06576622152289247,-0.07012304663658142,-0.2211633324623108,-0.06968802088459825,0.04442882537841797,-0.2370430827140808,-0.03593719252904748,0.07252901792526245,-0.33595502376556396,-0.04959044480284547,0.08678621053695679,-0.39352381229400635,-0.06107053035458421,0.09606480598449707,-0.44790080189704895,-0.07063696408232545,0.0001780688762664795,-0.24505150318145752,-0.027275570347512712,0.0013864636421203613,-0.35624581575393677,-0.036893612384403696,-0.000914454460144043,-0.4189814031124115,-0.05037619420846795,-0.004186779260635376,-0.4730753004550934,-0.06082078689297532,-0.03720000386238098,-0.2268708348274231,-0.02327537783941125,-0.068993479013443,-0.31328409910202026,-0.046461264282072534,-0.08776459097862244,-0.3714808225631714,-0.07197891050537919,-0.10342997312545776,-0.419811487197876,-0.08908943706711625,-0.06414255499839783,-0.19273889064788818,-0.0222783448692212,-0.08464589715003967,-0.2456393837928772,-0.04997932040652131,-0.07607454061508179,-0.22633785009384155,-0.061442753910625925,-0.06700855493545532,-0.1988353133201599,-0.06763233119210099
W,0.0,0.0,0.0,0.030221909284591675,-0.045204877853393555,-0.04637546439050766,0.028309553861618042,-0.12491953372955322,-0.06032236639737221,-0.022048771381378174,-0.18524610996246338,-0.06593539167522522,-0.06974980235099792,-0.22169649600982666,-0.06999059368251892,0.045124560594558716,-0.23690378665924072,-0.03547702703951927,0.07300803065299988,-0.3358435034751892,-0.04924120728253456,0.08709916472434998,-0.3934169411659241,-0.06091727663158508,0.09636041522026062,-0.44791439175605774,-0.07063546378492447,0.0008594691753387451,-0.24506008625030518,-0.02688046891569229,0.0019896626472473145,-0.35637176036834717,-0.036640487353793105,-0.0007186532020568848,-0.4191838502883911,-0.050300836305609664,-0.0042788684368133545,-0.4733547568321228,-0.06085758630513283,-0.03655433654785156,-0.22704434394836426,-0.02297162797628971,-0.06807968020439148,-0.31357061862945557,-0.04630527247070404,-0.08668187260627747,-0.37121105194091797,-0.07179285187601181,-0.10228073596954346,-0.41893476247787476,-0.08883890111326309,-0.06363794207572937,-0.1931239366531372,-0.022074056531778297,-0.08357730507850647,-0.24573981761932373,-0.0500454713809404,-0.07509353756904602,-0.22563624382019043,-0.06149437625288101,-0.06636929512023926,-0.19763684272766113,-0.06758348245500656
W,0.0,0.0,0.0,0.029901981353759766,-0.04621094465255737,-0.045471459665009206,0.027739226818084717,-0.12611514329910278,-0.059400875159212774,-0.023332178592681885,-0.18534457683563232,-0.06517239663810415,-0.07198283076286316,-0.22055786848068237,-0.06945228580445928,0.04452061653137207,-0.23715674877166748,-0.035097274967142766,0.07221698760986328,-0.33587491512298584,-0.048449005969473546,0.08590799570083618,-0.39308059215545654,-0.059726614542910283,0.09458750486373901,-0.4475030303001404,-0.0692960024258582,-0.00015842914581298828,-0.24511605501174927,-0.02690664123804254,0.0009875595569610596,-0.35573989152908325,-0.03653874252051992,-0.001602083444595337,-0.41801464557647705,-0.04999367151469869,-0.005327820777893066,-0.47179609537124634,-0.06049929563016576,-0.03780147433280945,-0.22675740718841553,-0.0232834965369193,-0.0693749189376831,-0.31316351890563965,-0.046688847281643575,-0.08853232860565186,-0.37110215425491333,-0.07209183279485387,-0.10497808456420898,-0.41907697916030884,-0.08905746791572255,-0.06470561027526855,-0.19306200742721558,-0.022541467138239568,-0.08448183536529541,-0.24714922904968262,-0.050473392047592824,-0.07627767324447632,-0.22745907306671143,-0.061847850718208974,-0.06821808218955994,-0.19934964179992676,-0.06792340431422872
W,0.0,0.0,0.0,0.02971792221069336,-0.04657059907913208,-0.04457155000613966,0.027116715908050537,-0.12627053260803223,-0.058300425672996425,-0.024194389581680298,-0.18453258275985718,-0.064082109743822,-0.07268887758255005,-0.21843934059143066,-0.06853749733613768,0.043364107608795166,-0.2367148995399475,-0.03464471306847372,0.07118833065032959,-0.33518296480178833,-0.047781889701354885,0.08499735593795776,-0.39220619201660156,-0.05891498308824339,0.09369629621505737,-0.44632187485694885,-0.06836515050576963,-0.0012465417385101318,-0.24432528018951416,-0.026823074931371593,-0.00015425682067871094,-0.35588908195495605,-0.03639214243935385,-0.002763301134109497,-0.4178318977355957,-0.049817772025335216,-0.006498366594314575,-0.47173839807510376,-0.060174328649509334,-0.03851833939552307,-0.22567641735076904,-0.023396690750587368,-0.07026061415672302,-0.3119041323661804,-0.046331962013709926,-0.0894758403301239,-0.36992090940475464,-0.07128457110570707,-0.10569795966148376,-0.41850748658180237,-0.08797222506450453,-0.06500983238220215,-0.19151347875595093,-0.022770754436123752,-0.08549311757087708,-0.24583649635314941,-0.04977866392778196,-0.0769774317741394,-0.2257293462753296,-0.06028008964108267,-0.06779024004936218,-0.19741714000701904,-0.0658538354580287
W,0.0,0.0,0.0,0.0295620858669281,-0.04658883810043335,-0.04515909191508172,0.027030080556869507,-0.1263178586959839,-0.05850595396299241,-0.024028778076171875,-0.1848663091659546,-0.06377618920345185,-0.07203742861747742,-0.2189239263534546,-0.06760714363593934,0.04414674639701843,-0.23678559064865112,-0.03380394887466309,0.07170924544334412,-0.3352842330932617,-0.04695431676049111,0.08548972010612488,-0.392404168844223,-0.05835478540797112,0.0945831835269928,-0.4467608630657196,-0.06793157171745179,-0.0003032088279724121,-0.24434715509414673,-0.02566654209334729,0.000494152307510376,-0.35580796003341675,-0.03495460909147141,-0.0024896562099456787,-0.4178863763809204,-0.04834325027007935,-0.00614243745803833,-0.47196975350379944,-0.058693712319325186,-0.037615448236465454,-0.22589486837387085,-0.02211921077508805,-0.06928282976150513,-0.31193405389785767,-0.04490186434526322,-0.08811533451080322,-0.36878520250320435,-0.06977498691816209,-0.10383477807044983,-0.41636228561401367,-0.08638492387075303,-0.06437930464744568,-0.19156020879745483,-0.021501630286763884,-0.0849408209323883,-0.2451600432395935,-0.048470565791319586,-0.07654190063476562,-0.2238660454750061,-0.05879603486795304,-0.06751859188079834,-0.19462013244628906,-0.06419606667299149
W,0.0,0.0,0.0,0.029415935277938843,-0.048333704471588135,-0.04373650849618116,0.02601417899131775,-0.12734198570251465,-0.05678207279004255,-0.024996668100357056,-0.18608629703521729,-0.06164057032026449,-0.07381412386894226,-0.21987873315811157,-0.06497550607480207,0.043553680181503296,-0.2379910945892334,-0.03416466937221685,0.07115069031715393,-0.33668941259384155,-0.04674607739605108,0.0850687325000763,-0.39353030920028687,-0.05731525496400991,0.09398004412651062,-0.4478569030761719,-0.06638955176629224,-0.0010156631469726562,-0.24575787782669067,-0.0265634901896874,-0.0005367696285247803,-0.3568124771118164,-0.03569456414140859,-0.003259003162384033,-0.41938266158103943,-0.048312822736875205,-0.007101655006408691,-0.4733792841434479,-0.05800542832173505,-0.03839746117591858,-0.2268465757369995,-0.02335584760464826,-0.07171615958213806,-0.3140847682952881,-0.04656861201681295,-0.09132567048072815,-0.3736761212348938,-0.0717917442397038,-0.10795232653617859,-0.4235031306743622,-0.08846782744683424,-0.06422814726829529,-0.1917378306388855,-0.0227788224891583,-0.08470931649208069,-0.24530506134033203,-0.050273968286887794,-0.07545807957649231,-0.22440123558044434,-0.06101486311115423,-0.06618022918701172,-0.19465631246566772,-0.06653851867474714
W,0.0,0.0,0.0,0.030024796724319458,-0.04640758037567139,-0.044807504845664425,0.027551382780075073,-0.12390321493148804,-0.059903338534638806,-0.02327480912208557,-0.18317711353302002,-0.06729575989942305,-0.07195839285850525,-0.21990454196929932,-0.07344100622634642,0.04357448220252991,-0.2370116114616394,-0.03598570449452154,0.07120350003242493,-0.33538705110549927,-0.05001878364186041,0.08497312664985657,-0.3928655982017517,-0.06187328694562666,0.09384575486183167,-0.4474286735057831,-0.07192564753989927,-0.0014543235301971436,-0.24552905559539795,-0.028342673538134022,-0.0008150637149810791,-0.3568687438964844,-0.039146956039473935,-0.003195136785507202,-0.41919001936912537,-0.053383547795817776,-0.006465107202529907,-0.47354355454444885,-0.0643163025210356,-0.03901335597038269,-0.22718286514282227,-0.02501153944234602,-0.07188370823860168,-0.3146156668663025,-0.048839554173753186,-0.09117880463600159,-0.3729363679885864,-0.07416298238734953,-0.1069314181804657,-0.42124199867248535,-0.0911710411141371,-0.06574466824531555,-0.1931997537612915,-0.0244376864115452,-0.08658969402313232,-0.24754095077514648,-0.052335850877568646,-0.07793265581130981,-0.22813838720321655,-0.06358648834924452,-0.06739485263824463,-0.2007703185081482,-0.06964953987102263
W,0.0,0.0,0.0,0.029105037450790405,-0.04587137699127197,-0.04634330272074294,0.026567667722702026,-0.12344241142272949,-0.061697656655269384,-0.023336827754974365,-0.1841931939125061,-0.06915295346971106,-0.07157379388809204,-0.22243666648864746,-0.0752217493891294,0.04432538151741028,-0.23699992895126343,-0.036158876860099554,0.07131645083427429,-0.33577120304107666,-0.050632851564841985,0.0849742591381073,-0.3935130834579468,-0.06305012329812598,0.09416410326957703,-0.44833216071128845,-0.07346490248437476,-0.00028121471405029297,-0.24545550346374512,-0.02782480455334735,0.00013300776481628418,-0.35642385482788086,-0.03885385244484496,-0.002554178237915039,-0.41925048828125,-0.0534072503387506,-0.005749017000198364,-0.4735680818557739,-0.06458931639190268,-0.0378764271736145,-0.22740715742111206,-0.024099361517983198,-0.07053914666175842,-0.3150518536567688,-0.048254130774694204,-0.08985021710395813,-0.37288832664489746,-0.07411983832116675,-0.10548970103263855,-0.42036113142967224,-0.09145546182389808,-0.06484490633010864,-0.19361770153045654,-0.02332314699287963,-0.08568301796913147,-0.24690252542495728,-0.051930724078374624,-0.07775959372520447,-0.2278236746788025,-0.06405541523690772,-0.0682404637336731,-0.20098018646240234,-0.07065537794824195
W,0.0,0.0,0.0,0.029775649309158325,-0.04845249652862549,-0.04437595496835911,0.025909513235092163,-0.12887364625930786,-0.058237000209715006,-0.026375770568847656,-0.18745815753936768,-0.0642027285224458,-0.07518875598907471,-0.22233670949935913,-0.06876391435923779,0.042615145444869995,-0.23912960290908813,-0.03511639575424397,0.07085010409355164,-0.3378797769546509,-0.04846623058381283,0.08488348126411438,-0.39589130878448486,-0.05969367812338078,0.09379008412361145,-0.4502982795238495,-0.0692121934420129,-0.00237351655960083,-0.24712300300598145,-0.027300390256073115,-0.0012845396995544434,-0.35852569341659546,-0.03689348216119015,-0.003674834966659546,-0.42154306173324585,-0.050337142152216074,-0.006976485252380371,-0.47566255927085876,-0.06074202696743214,-0.03980490565299988,-0.22840625047683716,-0.023858318877842066,-0.07320016622543335,-0.3157174587249756,-0.046650159013893244,-0.09285286068916321,-0.3747355341911316,-0.07211759949984753,-0.10899987816810608,-0.4232634902000427,-0.08925032879176342,-0.06622552871704102,-0.19389265775680542,-0.02317798959973061,-0.08796897530555725,-0.24719971418380737,-0.05026665220918858,-0.07949325442314148,-0.23098516464233398,-0.06191710273685658,-0.0694742202758789,-0.2063218355178833,-0.06837495679917538
W,0.0,0.0,0.0,0.03024926781654358,-0.04778224229812622,-0.04669535295732885,0.02702370285987854,-0.12646454572677612,-0.061030948028644616,-0.024804025888442993,-0.18465256690979004,-0.0669576986289826,-0.07322457432746887,-0.2206970453262329,-0.0712737529135552,0.0425473153591156,-0.23871475458145142,-0.036246003077110345,0.07003602385520935,-0.3368139863014221,-0.04988737167485624,0.08364012837409973,-0.39427047967910767,-0.06151698665388494,0.09244832396507263,-0.4488222599029541,-0.07135158167847067,-0.0018895268440246582,-0.2464476227760315,-0.027751089499076897,-0.001659989356994629,-0.3579563498497009,-0.03714306415685087,-0.004643619060516357,-0.42048585414886475,-0.05078129606016546,-0.008324354887008667,-0.47408291697502136,-0.06156991185315519,-0.03940260410308838,-0.2277098298072815,-0.024022954941472108,-0.07318148016929626,-0.3143937587738037,-0.04715885357626348,-0.09348279237747192,-0.37282711267471313,-0.07339137183197408,-0.11005944013595581,-0.4210696518421173,-0.09118781374462515,-0.06628808379173279,-0.1930069923400879,-0.02330508591302305,-0.08884042501449585,-0.24594473838806152,-0.0504438108361569,-0.08039706945419312,-0.2287585735321045,-0.062395644799551064,-0.0703306794166565,-0.2029286026954651,-0.06932993368872076
W,0.0,0.0,0.0,0.02953517436981201,-0.047913432121276855,-0.04693090294040303,0.025955796241760254,-0.12660562992095947,-0.06092992548383336,-0.02549991011619568,-0.1847609281539917,-0.0663309482160912,-0.07358172535896301,-0.22162389755249023,-0.06998383377231221,0.04290628433227539,-0.23731017112731934,-0.036474746954809234,0.07015490531921387,-0.3355882167816162,-0.049937256914745376,0.08388066291809082,-0.3931437134742737,-0.06133399282134633,0.09287065267562866,-0.44769495725631714,-0.07093361143506627,-0.0013046860694885254,-0.24415498971939087,-0.027603647974501655,-0.0014459192752838135,-0.354677677154541,-0.03688461829460721,-0.004821181297302246,-0.41725921630859375,-0.050408584368597076,-0.008533746004104614,-0.47097867727279663,-0.06117621187604527,-0.038894832134246826,-0.22532135248184204,-0.02355431702471833,-0.07286512851715088,-0.3111821413040161,-0.04662671808637242,-0.09358316659927368,-0.3702874779701233,-0.07307301585115056,-0.11050570011138916,-0.4192045331001282,-0.09105590854323964,-0.06553390622138977,-0.19105029106140137,-0.02255559277273278,-0.08782526850700378,-0.24382120370864868,-0.04966578010953526,-0.07951632142066956,-0.22766607999801636,-0.061938488227497146,-0.0698113739490509,-0.20254021883010864,-0.06915028516687016
W,0.0,0.0,0.0,0.0287611186504364,-0.04628944396972656,-0.0471112094264754,0.025465339422225952,-0.12439197301864624,-0.06141247222240054,-0.024650245904922485,-0.1840611696243286,-0.06720575312192523,-0.07134643197059631,-0.22257381677627563,-0.0712854973417052,0.043232113122940063,-0.23802834749221802,-0.036422606502128474,0.0698218047618866,-0.3358840346336365,-0.05056565249378764,0.08375224471092224,-0.3936012387275696,-0.062684368286682,0.0931558907032013,-0.44816651940345764,-0.07274978974874102,-0.0010752379894256592,-0.24535328149795532,-0.027732124496651522,-0.0013848841190338135,-0.3557317852973938,-0.03761921444947802,-0.0043888092041015625,-0.41791635751724243,-0.05144433671648585,-0.007626712322235107,-0.47136396169662476,-0.06217031920368754,-0.038677334785461426,-0.2265782356262207,-0.023896492962194316,-0.07254496216773987,-0.3125419616699219,-0.0474725625854262,-0.09267407655715942,-0.37031394243240356,-0.0735527313690909,-0.10895967483520508,-0.4184556007385254,-0.0910645089488753,-0.06593894958496094,-0.19167882204055786,-0.023145733345700137,-0.08831790089607239,-0.24445492029190063,-0.051058299784017436,-0.07989159226417542,-0.22654318809509277,-0.06310404459054553,-0.070105642080307,-0.20054876804351807,-0.06978904822881304
W,0.0,0.0,0.0,0.027768731117248535,-0.04548001289367676,-0.048115232631801064,0.024388909339904785,-0.12333399057388306,-0.06284913946711868,-0.02421414852142334,-0.18432766199111938,-0.06892289002263396,-0.07067608833312988,-0.22454345226287842,-0.07319322754466384,0.04347705841064453,-0.23715847730636597,-0.037186981782554085,0.070606529712677,-0.3348259925842285,-0.05200978522026389,0.08459204435348511,-0.39257821440696716,-0.06453895349824279,0.09419596195220947,-0.44710609316825867,-0.07481743921363204,-0.0006598532199859619,-0.24503332376480103,-0.028151912287114556,-0.0006993710994720459,-0.35546302795410156,-0.03886582855903953,-0.00419539213180542,-0.41785871982574463,-0.053144624129174645,-0.007700324058532715,-0.4718295633792877,-0.06407457371079772,-0.03853648900985718,-0.2266048789024353,-0.024089349106191094,-0.07157117128372192,-0.31208330392837524,-0.04856549356901496,-0.0916803777217865,-0.369600772857666,-0.07494991053664535,-0.10794490575790405,-0.4176768660545349,-0.09250157852494567,-0.06595206260681152,-0.19178497791290283,-0.02318679136061519,-0.08683133125305176,-0.2430952787399292,-0.05207693730318397,-0.0783236026763916,-0.22521525621414185,-0.06457470883452743,-0.0689871609210968,-0.19959211349487305,-0.07137915273034423
W,0.0,0.0,0.0,0.02840670943260193,-0.04668229818344116,-0.046753081952488174,0.025021225214004517,-0.12512356042861938,-0.06054099974528526,-0.02444249391555786,-0.1845431923866272,-0.06572093767420029,-0.07092145085334778,-0.2227931022644043,-0.0690889726330397,0.043253570795059204,-0.23625224828720093,-0.03615337190524315,0.07068982720375061,-0.3337726593017578,-0.05017508146659111,0.08481326699256897,-0.39122870564460754,-0.0619689407695887,0.09440693259239197,-0.44553273916244507,-0.07170911086097931,-0.0008380413055419922,-0.24382871389389038,-0.027551995118415107,-0.0008584260940551758,-0.35442447662353516,-0.03729298291102623,-0.004277318716049194,-0.41662561893463135,-0.05070758563772415,-0.007777601480484009,-0.4700153172016144,-0.06109637719885086,-0.038613468408584595,-0.22536957263946533,-0.023822146927273025,-0.07224887609481812,-0.3110923171043396,-0.047321747516548385,-0.09242841601371765,-0.36929047107696533,-0.07310126674667572,-0.1088324785232544,-0.4178279936313629,-0.0903594861675856,-0.0656512975692749,-0.19062340259552002,-0.023162552614962806,-0.08699992299079895,-0.24301904439926147,-0.050719998304998626,-0.07808953523635864,-0.2250453233718872,-0.06230625463024353,-0.06844490766525269,-0.1984008550643921,-0.06868082982794022
W,0.0,0.0,0.0,0.028609037399291992,-0.04652172327041626,-0.046675580545297635,0.025288283824920654,-0.1251462697982788,-0.06034204642378427,-0.02398449182510376,-0.18466949462890625,-0.0653950376351986,-0.0708613395690918,-0.22215163707733154,-0.06865692417227365,0.0435062050819397,-0.2367134690284729,-0.035676388992897046,0.07097887992858887,-0.3340860605239868,-0.04958784113728143,0.08491170406341553,-0.39152970910072327,-0.061320289029708874,0.09428673982620239,-0.44579315185546875,-0.07102422694765664,-0.0006924867630004883,-0.24461984634399414,-0.02711852173410989,-0.0005930960178375244,-0.35508155822753906,-0.03688264916740991,-0.004016011953353882,-0.4171450138092041,-0.05026578809224702,-0.007620304822921753,-0.4703972041606903,-0.060538089825740826,-0.03851228952407837,-0.22636687755584717,-0.02344592380427457,-0.07170546054840088,-0.3119646906852722,-0.04718900750481225,-0.09168115258216858,-0.3695952892303467,-0.07297821621500589,-0.10812926292419434,-0.4177226424217224,-0.09008015970789529,-0.06556671857833862,-0.1917809247970581,-0.022820116012326253,-0.08639508485794067,-0.24414324760437012,-0.050866081370941174,-0.07729864120483398,-0.2251855731010437,-0.06251981387936212,-0.06779319047927856,-0.19768941402435303,-0.06874574999415017
W,0.0,0.0,0.0,0.02896466851234436,-0.045712053775787354,-0.046884828232805376,0.026513904333114624,-0.1242208480834961,-0.06103502678183759,-0.022900164127349854,-0.18425428867340088,-0.06654736863879407,-0.069906085729599,-0.22256392240524292,-0.07034767883328641,0.043908268213272095,-0.23623955249786377,-0.03668385463265622,0.07132115960121155,-0.33372074365615845,-0.05087666677741254,0.08523014187812805,-0.39125382900238037,-0.06279602365998471,0.09422394633293152,-0.44577789306640625,-0.07264604883698667,-0.00042298436164855957,-0.24426805973052979,-0.02804088870493615,-0.00016453862190246582,-0.35526537895202637,-0.038178724222461824,-0.0034064054489135742,-0.417375773191452,-0.05184513794688428,-0.0071777403354644775,-0.47097069025039673,-0.06228239180950368,-0.038107603788375854,-0.22603672742843628,-0.024143536560814027,-0.0709754228591919,-0.31135737895965576,-0.04792297350672925,-0.0909271240234375,-0.36948245763778687,-0.07353312986401761,-0.10747551918029785,-0.4180331230163574,-0.09056385325698102,-0.06515249609947205,-0.19151604175567627,-0.02328807207254613,-0.08550432324409485,-0.24365168809890747,-0.05120547207502568,-0.07689785957336426,-0.2252727746963501,-0.06266494559554303,-0.06778192520141602,-0.1987476944923401,-0.06878296750096524
W,0.0,0.0,0.0,0.029440492391586304,-0.04502326250076294,-0.04738762896835169,0.026706784963607788,-0.1228896975517273,-0.06196648922144732,-0.023853540420532227,-0.18139982223510742,-0.06791258152901491,-0.0717523992061615,-0.21793818473815918,-0.07215004708945116,0.04330351948738098,-0.2368173599243164,-0.036959885771864265,0.07048586010932922,-0.33425527811050415,-0.050866819139116615,0.08417698740959167,-0.39159059524536133,-0.06264896985470614,0.09322628378868103,-0.4461126923561096,-0.07248440679489931,-0.0011811554431915283,-0.2445635199546814,-0.02796801288008055,-0.0008184611797332764,-0.3546408414840698,-0.03792791363179049,-0.004062056541442871,-0.4170186519622803,-0.051643706079119056,-0.007773607969284058,-0.47102218866348267,-0.06228050511657557,-0.03883013129234314,-0.22641438245773315,-0.023776929046505302,-0.07170936465263367,-0.3119654059410095,-0.04725926664053759,-0.0917218029499054,-0.3695406913757324,-0.07314002063452563,-0.10815823078155518,-0.41737744212150574,-0.09047217216669878,-0.06564733386039734,-0.19234824180603027,-0.02270230386733374,-0.08624204993247986,-0.24498939514160156,-0.05040996443807444,-0.07750555872917175,-0.2258385419845581,-0.06221667599260172,-0.06806457042694092,-0.19827836751937866,-0.06869290318667254
W,0.0,0.0,0.0,0.030035942792892456,-0.0452803373336792,-0.04563512210955878,0.02776387333869934,-0.12329047918319702,-0.060105256040003496,-0.02276727557182312,-0.18215250968933105,-0.06647593085875769,-0.07027527689933777,-0.2185688614845276,-0.07133978163113852,0.0428982675075531,-0.23661845922470093,-0.0361014783870246,0.07032325863838196,-0.33405447006225586,-0.05033953045716544,0.08456423878669739,-0.3914793133735657,-0.06228244235029479,0.09423258900642395,-0.44584643840789795,-0.07229736005177756,-0.001787334680557251,-0.24500787258148193,-0.028217104498651224,-0.0014837086200714111,-0.35517698526382446,-0.03866536473145743,-0.004412472248077393,-0.41727185249328613,-0.052625279177334505,-0.00787353515625,-0.47127577662467957,-0.06336994772067328,-0.039207905530929565,-0.22660833597183228,-0.02492424589803477,-0.072355717420578,-0.3126332759857178,-0.04865042795648833,-0.09230577945709229,-0.37052297592163086,-0.07425526087394019,-0.10859879851341248,-0.4190790057182312,-0.09145120089164038,-0.0662461519241333,-0.191677987575531,-0.024544476766493517,-0.08766934275627136,-0.2451002597808838,-0.05243489076605101,-0.07878908514976501,-0.22690516710281372,-0.06407103990426322,-0.0685616135597229,-0.20093214511871338,-0.07044366304984351
W,0.0,0.0,0.0,0.029584676027297974,-0.04587799310684204,-0.046429074439686246,0.02655598521232605,-0.12435257434844971,-0.06051194209186406,-0.024672508239746094,-0.18285208940505981,-0.06610167312948079,-0.07235783338546753,-0.21939361095428467,-0.07005848276941151,0.043008655309677124,-0.23613685369491577,-0.03651859525172085,0.07047340273857117,-0.33372360467910767,-0.05046559039084286,0.08448395133018494,-0.3910391628742218,-0.062183241430204816,0.09405079483985901,-0.4455944001674652,-0.07201392489997716,-0.0017004609107971191,-0.2438596487045288,-0.028127948823851057,-0.00151902437210083,-0.3542631268501282,-0.038004024955910154,-0.004434913396835327,-0.4161263108253479,-0.051591104898136564,-0.00771823525428772,-0.4701441824436188,-0.06221466797916264,-0.03930613398551941,-0.225347101688385,-0.024467763561290212,-0.07244959473609924,-0.3108699321746826,-0.04811713013378949,-0.09233790636062622,-0.3685373067855835,-0.07402631926862568,-0.10877645015716553,-0.41689836978912354,-0.09141660768119664,-0.06597396731376648,-0.1908368468284607,-0.023792903009336897,-0.08759540319442749,-0.24461132287979126,-0.051651529106777616,-0.07860597968101501,-0.22611743211746216,-0.06337474572984547,-0.06888055801391602,-0.19906800985336304,-0.06986347872344822
W,0.0,0.0,0.0,0.0297396183013916,-0.045992374420166016,-0.04632024181785255,0.02671635150909424,-0.12444651126861572,-0.06027677370013862,-0.024474799633026123,-0.18278640508651733,-0.06574885261954933,-0.07201918959617615,-0.21945828199386597,-0.06956576270761161,0.04312098026275635,-0.2362620234489441,-0.03644826350512176,0.0706624984741211,-0.3336866497993469,-0.05048155499400764,0.08496421575546265,-0.39105433225631714,-0.06224341405334144,0.09487044811248779,-0.4455830454826355,-0.07207814318837791,-0.001522362232208252,-0.2439703345298767,-0.028142015391608766,-0.001224428415298462,-0.3540205955505371,-0.037949667254110864,-0.004117906093597412,-0.41601547598838806,-0.05154331860842376,-0.007292330265045166,-0.4700814187526703,-0.062198129424473336,-0.03913375735282898,-0.22535985708236694,-0.024600625911375573,-0.07228401303291321,-0.3107156753540039,-0.04826682520808845,-0.09235244989395142,-0.36868852376937866,-0.0744282500237432,-0.10892465710639954,-0.4173426628112793,-0.09200902743043571,-0.0657961368560791,-0.19055670499801636,-0.024033120775243333,-0.08756908774375916,-0.24399667978286743,-0.051942628750225595,-0.0787087082862854,-0.22639024257659912,-0.06398029340209632,-0.06911110877990723,-0.2002577781677246,-0.07072627259196906
W,0.0,0.0,0.0,0.03009214997291565,-0.046357691287994385,-0.0462553363047391,0.027028888463974,-0.12534749507904053,-0.05977514495475589,-0.024325817823410034,-0.18334132432937622,-0.06467498575671016,-0.07194536924362183,-0.2194799780845642,-0.06779268120749293,0.04382464289665222,-0.23630505800247192,-0.03623625372870265,0.07115009427070618,-0.3347460627555847,-0.05007907857520877,0.08556845784187317,-0.39210307598114014,-0.06160767858250438,0.09557655453681946,-0.44676005840301514,-0.07120101635678111,-0.0009217560291290283,-0.2443985939025879,-0.027867977669075117,-0.000327378511428833,-0.354714035987854,-0.03728600328190623,-0.0035023391246795654,-0.4169463813304901,-0.05052691062314807,-0.006999611854553223,-0.47084686160087585,-0.06088793387039004,-0.03880038857460022,-0.22647839784622192,-0.024313460265830145,-0.07204025983810425,-0.31229788064956665,-0.04762432088477908,-0.09236541390419006,-0.3701751232147217,-0.07368834053499995,-0.10928371548652649,-0.4187292158603668,-0.09117929374201594,-0.06576353311538696,-0.19216954708099365,-0.023750440379217252,-0.08747071027755737,-0.24563360214233398,-0.05126638074739276,-0.07872572541236877,-0.22699159383773804,-0.06301480268462001,-0.0696592628955841,-0.19966524839401245,-0.0695388067267686
W,0.0,0.0,0.0,0.029440194368362427,-0.0468670129776001,-0.04685059589780849,0.02615073323249817,-0.12601345777511597,-0.06052525741495174,-0.025115936994552612,-0.1839788556098938,-0.06537610319890064,-0.07302573323249817,-0.22010254859924316,-0.06843841848410648,0.042819052934646606,-0.23677104711532593,-0.03690288615860027,0.07032272219657898,-0.33413493633270264,-0.050801594084873614,0.08472499251365662,-0.39160966873168945,-0.06249438626207393,0.09459283947944641,-0.44646334648132324,-0.07225883034504932,-0.001770317554473877,-0.24469053745269775,-0.028306259116902766,-0.0012436509132385254,-0.35487794876098633,-0.03759948191679996,-0.004311800003051758,-0.41707518696784973,-0.05096416575349849,-0.007756233215332031,-0.47132793068885803,-0.061514012790098604,-0.039534926414489746,-0.22644954919815063,-0.024541188305988726,-0.07272282242774963,-0.31138890981674194,-0.047879047966375765,-0.0927756130695343,-0.3696995973587036,-0.07422331748045963,-0.1095416247844696,-0.4187891483306885,-0.0919550511006264,-0.06605550646781921,-0.1919596791267395,-0.023818379542603907,-0.08761945366859436,-0.2446521520614624,-0.0513960014048962,-0.07876339554786682,-0.2271130084991455,-0.06339373467005771,-0.06978154182434082,-0.20077550411224365,-0.07015851912535709
W,0.0,0.0,0.0,0.029294103384017944,-0.045942842960357666,-0.04671648265968997,0.026316016912460327,-0.12440448999404907,-0.06093964101921756,-0.024782449007034302,-0.18228507041931152,-0.06659857304941852,-0.07278582453727722,-0.21827608346939087,-0.07064628722321231,0.042543262243270874,-0.23634272813796997,-0.03714803727518756,0.07008305191993713,-0.3334078788757324,-0.05138964327227313,0.08439233899116516,-0.3907460868358612,-0.06334570916544635,0.09413507580757141,-0.4452459216117859,-0.07333377869974811,-0.00205230712890625,-0.24427765607833862,-0.028699483072273324,-0.0015208721160888672,-0.3539131283760071,-0.038723127266280244,-0.004519462585449219,-0.41578954458236694,-0.05256162705074985,-0.007843852043151855,-0.4698735773563385,-0.063418747207038,-0.039746612310409546,-0.22597843408584595,-0.024999081438295434,-0.07306498289108276,-0.31105148792266846,-0.04883998008619983,-0.09356698393821716,-0.3688538074493408,-0.0751822975481673,-0.11028432846069336,-0.41754990816116333,-0.09291745098482806,-0.0664854347705841,-0.19157826900482178,-0.024286608492843698,-0.08878302574157715,-0.24409079551696777,-0.05235593887221057,-0.08044800162315369,-0.2263026237487793,-0.06453514965426166,-0.0710006058216095,-0.20034736394882202,-0.07140966626059253
W,0.0,0.0,0.0,0.02994522452354431,-0.047653377056121826,-0.04517116852673553,0.02642926573753357,-0.12678217887878418,-0.058634099444475396,-0.025442540645599365,-0.18387818336486816,-0.06359093718799613,-0.07335132360458374,-0.2195655107498169,-0.0670121171382334,0.042689770460128784,-0.23634463548660278,-0.03660250537666343,0.0703682005405426,-0.33440279960632324,-0.05026406132253669,0.0843290388584137,-0.3915008306503296,-0.06166134112152122,0.09344765543937683,-0.44615501165390015,-0.0712799885180857,-0.0022467970848083496,-0.24364030361175537,-0.028688684931125863,-0.0018298625946044922,-0.35414624214172363,-0.03833035089644454,-0.004623860120773315,-0.41588160395622253,-0.05193907105001472,-0.008260726928710938,-0.47009173035621643,-0.06256888144287132,-0.03993228077888489,-0.2250017523765564,-0.02522455797168277,-0.07367479801177979,-0.31085455417633057,-0.04881381698521636,-0.09421467781066895,-0.36883682012557983,-0.07453087054761909,-0.11157476902008057,-0.41813480854034424,-0.09177003138336204,-0.06645098328590393,-0.19018828868865967,-0.024523206880417092,-0.08804786205291748,-0.2443680763244629,-0.051970903655615075,-0.07899153232574463,-0.22535645961761475,-0.06292016886743568,-0.06946718692779541,-0.19785678386688232,-0.0688911386636164
W,0.0,0.0,0.0,0.02934706211090088,-0.04648995399475098,-0.047088391648230754,0.025701284408569336,-0.12487667798995972,-0.06113735543340226,-0.025625556707382202,-0.18264740705490112,-0.06636655660122415,-0.07308122515678406,-0.2192668318748474,-0.06990483732670327,0.04184424877166748,-0.23681384325027466,-0.037308688776192866,0.0691756010055542,-0.3342319130897522,-0.051191504614052974,0.08352792263031006,-0.391096293926239,-0.06286818118542215,0.09323596954345703,-0.44572123885154724,-0.07262771906107446,-0.0026921331882476807,-0.244054913520813,-0.02843942822664758,-0.0021716058254241943,-0.3540993332862854,-0.03824986474364778,-0.004641801118850708,-0.4157143831253052,-0.051909151987729274,-0.007940083742141724,-0.46982142329216003,-0.06256337793320199,-0.040306419134140015,-0.22556453943252563,-0.024308790953455173,-0.07416599988937378,-0.31021004915237427,-0.04788951905220529,-0.09475487470626831,-0.3672587275505066,-0.07364157171696206,-0.11168846487998962,-0.41566962003707886,-0.09083317549675485,-0.0668872594833374,-0.19107753038406372,-0.023189352394638263,-0.08989965915679932,-0.2455044388771057,-0.050243302749095164,-0.08156946301460266,-0.2268323302268982,-0.06126388864367982,-0.07201701402664185,-0.19961345195770264,-0.06737000824659845
W,0.0,0.0,0.0,0.02827751636505127,-0.04603087902069092,-0.046601130367321275,0.025337010622024536,-0.12281453609466553,-0.06142309188942363,-0.023813247680664062,-0.1821293830871582,-0.06790590167145183,-0.07023227214813232,-0.22102123498916626,-0.07282278567652156,0.04312795400619507,-0.2369978427886963,-0.0372302371273463,0.07106983661651611,-0.3343154191970825,-0.052001605481905244,0.08542567491531372,-0.39199620485305786,-0.0643705192218249,0.09517282247543335,-0.44652998447418213,-0.07456681758264949,-0.0011610984802246094,-0.2443714141845703,-0.028782334850234292,-0.00020423531532287598,-0.35421222448349,-0.039671702981991075,-0.0027310848236083984,-0.416784405708313,-0.054010702968639634,-0.005688279867172241,-0.4713183045387268,-0.06503739088873317,-0.0388144850730896,-0.2255987524986267,-0.025024265722436212,-0.07306060194969177,-0.3104550838470459,-0.049181951881450914,-0.09379220008850098,-0.36831343173980713,-0.07543682932953288,-0.11032974720001221,-0.41641855239868164,-0.09297527998785426,-0.06567215919494629,-0.1908816695213318,-0.024216604159278177,-0.08771258592605591,-0.2432345151901245,-0.05224408835272243,-0.08015987277030945,-0.22706562280654907,-0.0644523862014239,-0.0710943341255188,-0.20346009731292725,-0.07127218574385097
W,0.0,0.0,0.0,0.027928292751312256,-0.04539459943771362,-0.04889471622396968,0.024398475885391235,-0.1232723593711853,-0.06334603371311687,-0.025379180908203125,-0.18200916051864624,-0.06861999424387477,-0.07277527451515198,-0.2202433943748474,-0.07207498492886089,0.041620075702667236,-0.23769229650497437,-0.03832726346541904,0.06901884078979492,-0.33511584997177124,-0.05242311375428699,0.08334898948669434,-0.39252015948295593,-0.06449027152945064,0.09319746494293213,-0.4473285675048828,-0.07454834671904109,-0.002656698226928711,-0.2446308135986328,-0.028626052459969742,-0.0019309818744659424,-0.35438311100006104,-0.038255044987693054,-0.004361152648925781,-0.416730672121048,-0.05232961269308589,-0.007126808166503906,-0.47104308009147644,-0.06347694041420482,-0.040452420711517334,-0.22583389282226562,-0.023927032744779808,-0.07445064187049866,-0.3110547661781311,-0.04777214842130206,-0.09523552656173706,-0.36872971057891846,-0.07492832632948421,-0.1120198667049408,-0.41717734932899475,-0.09319759698797725,-0.06686985492706299,-0.19113820791244507,-0.022385541146888954,-0.08902445435523987,-0.24491643905639648,-0.05039260329891704,-0.08083698153495789,-0.22786873579025269,-0.06308531554628871,-0.07169511914253235,-0.20233267545700073,-0.07040808143307231
W,0.0,0.0,0.0,0.028363913297653198,-0.04666072130203247,-0.04730681737322584,0.024626314640045166,-0.12350934743881226,-0.06211535667438284,-0.025012314319610596,-0.18151205778121948,-0.06840823625583425,-0.07147744297981262,-0.2200722098350525,-0.07301957195062414,0.04198911786079407,-0.23616623878479004,-0.038302764644811305,0.06965294480323792,-0.33307647705078125,-0.05314111744422689,0.08406826853752136,-0.39057350158691406,-0.06546253000755087,0.09414413571357727,-0.44514378905296326,-0.07567828928489462,-0.0020402073860168457,-0.243599534034729,-0.02975262177545801,-0.0013820230960845947,-0.3533672094345093,-0.040431969216058405,-0.0036474764347076416,-0.41579577326774597,-0.054733839234302195,-0.006117373704910278,-0.47027701139450073,-0.06595696543712393,-0.03954118490219116,-0.22484076023101807,-0.02601417188901678,-0.07412141561508179,-0.30963629484176636,-0.05020520498413816,-0.09499266743659973,-0.36758148670196533,-0.07705430721301809,-0.11159786581993103,-0.41587626934051514,-0.09517395531196371,-0.06614121794700623,-0.1900883913040161,-0.025307601666042956,-0.08898124098777771,-0.2430019974708557,-0.05317834799546972,-0.08099114894866943,-0.22793525457382202,-0.06589300220269934,-0.07134312391281128,-0.2045467495918274,-0.07335881923694387
W,0.0,0.0,0.0,0.028135031461715698,-0.046157240867614746,-0.0475711673922774,0.024288475513458252,-0.12357890605926514,-0.06191182140781848,-0.025457322597503662,-0.18098682165145874,-0.0674928464420077,-0.07242140173912048,-0.21831947565078735,-0.07134357471539943,0.04101040959358215,-0.23651224374771118,-0.038020931226753873,0.06868168711662292,-0.33364933729171753,-0.05228979517295329,0.08318093419075012,-0.3910984396934509,-0.06423694272115199,0.09328731894493103,-0.44574981927871704,-0.07415403057410686,-0.0031671524047851562,-0.24394673109054565,-0.02910581049098937,-0.002316385507583618,-0.35389649868011475,-0.0389954932458636,-0.004443377256393433,-0.4162094295024872,-0.05278350789620845,-0.006836146116256714,-0.4703276455402374,-0.06363210458829371,-0.04077842831611633,-0.22538137435913086,-0.02505419221296279,-0.07495623826980591,-0.3104991316795349,-0.04872269560172526,-0.09568813443183899,-0.36799800395965576,-0.0753504001028773,-0.11236795783042908,-0.41614270210266113,-0.09328072149827449,-0.06724902987480164,-0.19078963994979858,-0.024077856955670995,-0.08985647559165955,-0.24431389570236206,-0.05161320049836604,-0.08132514357566833,-0.22794228792190552,-0.06392999370171992,-0.07150563597679138,-0.2029518485069275,-0.07103520263507335
W,0.0,0.0,0.0,0.02812179923057556,-0.04600626230239868,-0.046606022432285954,0.025248825550079346,-0.12307530641555786,-0.06159871400876682,-0.023420006036758423,-0.18432408571243286,-0.06833125607653301,-0.06961873173713684,-0.22434955835342407,-0.0733552943317477,0.04535374045372009,-0.23485147953033447,-0.03717482419295948,0.07284840941429138,-0.33258897066116333,-0.05261598111673038,0.08698967099189758,-0.3905806541442871,-0.0652429531662051,0.09652063250541687,-0.4451318681240082,-0.07555177764578502,0.0011117160320281982,-0.24366265535354614,-0.02903306440992992,0.0021332204341888428,-0.35377931594848633,-0.04033491717262905,-0.0006514489650726318,-0.416225790977478,-0.054467957034546544,-0.0035068094730377197,-0.47054582834243774,-0.06525850252791088,-0.03673309087753296,-0.22597992420196533,-0.02568935745938461,-0.07005172967910767,-0.31016552448272705,-0.04990941987915676,-0.09076067805290222,-0.36854153871536255,-0.07569138662501018,-0.10732337832450867,-0.41741883754730225,-0.09297069863958995,-0.0640622079372406,-0.1918814778327942,-0.02539185577614944,-0.08517661690711975,-0.24194490909576416,-0.05348321752234142,-0.07786944508552551,-0.22784745693206787,-0.06584208415432613,-0.06920984387397766,-0.20697736740112305,-0.07278461711092632
W,0.0,0.0,0.0,0.027944475412368774,-0.04565846920013428,-0.04719671804087966,0.025151193141937256,-0.12364977598190308,-0.061734942827399664,-0.024757176637649536,-0.18476349115371704,-0.06770683649557441,-0.07196208834648132,-0.22324639558792114,-0.07191014114397376,0.04394325613975525,-0.23605436086654663,-0.036342883590634756,0.07157734036445618,-0.33330029249191284,-0.05061064485090583,0.08579596877098083,-0.390997052192688,-0.06254803213852256,0.09503999352455139,-0.4455781579017639,-0.07254440161960929,-0.00036093592643737793,-0.24485152959823608,-0.02766444917398303,0.0003708302974700928,-0.3547677993774414,-0.03788256469744056,-0.0024404823780059814,-0.4171100854873657,-0.05158889863270133,-0.005804538726806641,-0.47103187441825867,-0.06213829118388503,-0.038059234619140625,-0.2269192934036255,-0.023841725770409994,-0.07108378410339355,-0.3119104504585266,-0.04790973487871497,-0.09121629595756531,-0.36957699060440063,-0.07384048226850837,-0.10784938931465149,-0.4180224537849426,-0.0911317673661074,-0.0650639533996582,-0.19281888008117676,-0.02310529548304885,-0.08495405316352844,-0.24292021989822388,-0.052184319231685095,-0.07630869746208191,-0.22445398569107056,-0.06478268477695792,-0.06739392876625061,-0.19909042119979858,-0.07155369046705573
W,0.0,0.0,0.0,0.027832865715026855,-0.04655057191848755,-0.04581104816236348,0.024471133947372437,-0.1259303092956543,-0.05928777755536885,-0.025642991065979004,-0.18619370460510254,-0.06440841631331296,-0.07315084338188171,-0.22274184226989746,-0.06788940207400174,0.04384571313858032,-0.23700380325317383,-0.03454455585517735,0.07117456197738647,-0.33404064178466797,-0.04810993598141522,0.08533751964569092,-0.39145344495773315,-0.05984606818594784,0.0946381688117981,-0.4462277889251709,-0.06979932860770077,-0.0006493628025054932,-0.24543511867523193,-0.026324585464976735,-0.00013241171836853027,-0.35533273220062256,-0.03584765867628903,-0.003231137990951538,-0.41740062832832336,-0.049505761278055616,-0.006651639938354492,-0.4717710614204407,-0.06014803649225087,-0.03837689757347107,-0.22723567485809326,-0.02283673213162274,-0.07115143537521362,-0.31181150674819946,-0.04638923184313626,-0.0915922224521637,-0.3696278929710388,-0.07251207010187954,-0.10855776071548462,-0.4184238612651825,-0.09000800029673428,-0.06512451171875,-0.19277912378311157,-0.02231488042809815,-0.08531621098518372,-0.24344319105148315,-0.050849670929096646,-0.07671874761581421,-0.22446298599243164,-0.06314365790524334,-0.06778571009635925,-0.1981602907180786,-0.06981987730898709
W,0.0,0.0,0.0,0.028876662254333496,-0.047273337841033936,-0.045410856576040715,0.025279462337493896,-0.12715882062911987,-0.058350212843492955,-0.02554112672805786,-0.18608856201171875,-0.06286100667841765,-0.07328352332115173,-0.2212802767753601,-0.06566646319754454,0.04362064599990845,-0.2375718355178833,-0.034530784906223744,0.07090061902999878,-0.3347376585006714,-0.047726169200018376,0.08493280410766602,-0.39197880029678345,-0.05904342603810164,0.09414535760879517,-0.44668519496917725,-0.06873254847653243,-0.0009434223175048828,-0.24576514959335327,-0.02647107464201781,-0.0007468163967132568,-0.3556760549545288,-0.03547909480460021,-0.0038206875324249268,-0.41726434230804443,-0.048789612920359104,-0.00708886981010437,-0.47097206115722656,-0.0593128539336476,-0.03865981101989746,-0.22742986679077148,-0.02312254902847144,-0.07197141647338867,-0.3119203448295593,-0.046288769663647145,-0.09278377890586853,-0.3697702884674072,-0.07246653360255095,-0.10984402894973755,-0.41862648725509644,-0.09011142325527999,-0.06529828906059265,-0.19271636009216309,-0.022697253124192684,-0.08660799264907837,-0.243904709815979,-0.05053186786301467,-0.07801908254623413,-0.2258303165435791,-0.06268269193299147,-0.06883159279823303,-0.19996315240859985,-0.06949861717350814
W,0.0,0.0,0.0,0.028959065675735474,-0.04668426513671875,-0.04557881783932771,0.026066571474075317,-0.1253489851951599,-0.059417924846115966,-0.024191975593566895,-0.18467098474502563,-0.06496117916196908,-0.07141456007957458,-0.22132861614227295,-0.06889738794654932,0.044239550828933716,-0.23561418056488037,-0.03592863213509645,0.07163456082344055,-0.33315277099609375,-0.04986913781851854,0.08580127358436584,-0.3904644846916199,-0.061547036285105605,0.09533336758613586,-0.44478851556777954,-0.07132738735765543,-0.00014889240264892578,-0.24403983354568481,-0.027809833178821464,-9.047985076904297e-05,-0.35421323776245117,-0.037460966969433684,-0.0030663609504699707,-0.4159034490585327,-0.05083412584156122,-0.006121397018432617,-0.4690915644168854,-0.06129479687899675,-0.037723392248153687,-0.22600752115249634,-0.02432693634420957,-0.07125166058540344,-0.3105931282043457,-0.04734085034817781,-0.09158894419670105,-0.36909931898117065,-0.07306220289558496,-0.10816755890846252,-0.41783520579338074,-0.09049089160055246,-0.06460648775100708,-0.1917273998260498,-0.023802454585734267,-0.08528956770896912,-0.24209725856781006,-0.05137601774424638,-0.07695606350898743,-0.2248358130455017,-0.06340435799450006,-0.06804788112640381,-0.19984793663024902,-0.07015118655056085
W,0.0,0.0,0.0,0.027904778718948364,-0.04548144340515137,-0.04709162218534857,0.024540215730667114,-0.12408506870269775,-0.061187632661699354,-0.025196492671966553,-0.18398958444595337,-0.06667135311329275,-0.07252368330955505,-0.22058916091918945,-0.07031485093796164,0.04377737641334534,-0.23575085401535034,-0.036173530202745496,0.07082077860832214,-0.33315128087997437,-0.050265629124282896,0.08480212092399597,-0.39056718349456787,-0.06213780147993475,0.09424969553947449,-0.4450647830963135,-0.07201903713905722,-0.0004004836082458496,-0.24410516023635864,-0.02730588829183489,-0.0004286468029022217,-0.3534116744995117,-0.037024420034526884,-0.0036496222019195557,-0.4153063893318176,-0.05025454638564497,-0.006950050592422485,-0.46833258867263794,-0.060583625268577634,-0.0381714403629303,-0.22640037536621094,-0.02337098708414942,-0.0716194212436676,-0.3112912178039551,-0.04663781104648024,-0.09183451533317566,-0.3688505291938782,-0.07229650421106726,-0.1083357036113739,-0.41665077209472656,-0.08954377872908026,-0.06503349542617798,-0.19269335269927979,-0.02260681083464533,-0.08577364683151245,-0.2432592511177063,-0.05045189736449629,-0.07781890034675598,-0.22455096244812012,-0.06255429638588339,-0.06959474086761475,-0.19807595014572144,-0.06924552125894934
W,0.0,0.0,0.0,0.02887141704559326,-0.046049296855926514,-0.045487540904730395,0.025339901447296143,-0.12451714277267456,-0.05996850425407274,-0.024635791778564453,-0.18385815620422363,-0.06652386033937319,-0.0717669129371643,-0.2210661768913269,-0.07148310834571703,0.044406354427337646,-0.23541277647018433,-0.03512848833605631,0.07128012180328369,-0.3323240876197815,-0.049477885607927874,0.08552026748657227,-0.38955801725387573,-0.06170232141420229,0.0950850248336792,-0.4434056878089905,-0.0719305157105623,7.149577140808105e-05,-0.24351352453231812,-0.027114455718844965,-9.328126907348633e-05,-0.3523411154747009,-0.03763815680548532,-0.003404945135116577,-0.41408008337020874,-0.05180727610394342,-0.006693720817565918,-0.46711885929107666,-0.06284760231181963,-0.03751331567764282,-0.22509676218032837,-0.023777914364188746,-0.07120084762573242,-0.3098556399345398,-0.04716408172652109,-0.091715008020401,-0.3681946396827698,-0.0728833555619417,-0.10784053802490234,-0.41615229845046997,-0.09037421936199053,-0.06464993953704834,-0.19079917669296265,-0.023423521910160616,-0.08599001169204712,-0.24161988496780396,-0.05100938597723825,-0.07836854457855225,-0.22571629285812378,-0.06323778921768053,-0.06901746988296509,-0.20244204998016357,-0.07028187358781679
W,0.0,0.0,0.0,0.02907654643058777,-0.04582852125167847,-0.04534847004117637,0.025881201028823853,-0.12440556287765503,-0.05973731441201835,-0.024276793003082275,-0.1833673119544983,-0.06606899661721854,-0.07171112298965454,-0.22000432014465332,-0.07082844240369468,0.04378804564476013,-0.23527288436889648,-0.035622605064531854,0.0708223283290863,-0.3322145342826843,-0.04990251077117591,0.0853097140789032,-0.38958942890167236,-0.06202291412057548,0.0951242744922638,-0.4435701370239258,-0.07215440733136802,-0.0004932582378387451,-0.24360644817352295,-0.027607989439388803,-0.0003152191638946533,-0.3526045083999634,-0.037905746081492,-0.0031640231609344482,-0.414264976978302,-0.05177491618098884,-0.006395429372787476,-0.4673899710178375,-0.06250548077525764,-0.03766506910324097,-0.2252395749092102,-0.02417532814445167,-0.07099980115890503,-0.31007814407348633,-0.04772554425301223,-0.09096986055374146,-0.3679719567298889,-0.07333019835652976,-0.10727792978286743,-0.4155716001987457,-0.09053580922784477,-0.06443670392036438,-0.19086861610412598,-0.023637906590124658,-0.08558833599090576,-0.24208605289459229,-0.05170390097202926,-0.07801944017410278,-0.22483354806900024,-0.06375948799552589,-0.06946888566017151,-0.1999710202217102,-0.0704081626028028
W,0.0,0.0,0.0,0.02973926067352295,-0.045949459075927734,-0.046147396820515496,0.026733338832855225,-0.12403172254562378,-0.05984261821481596,-0.023195385932922363,-0.18312454223632812,-0.06507109667631994,-0.0699511170387268,-0.22036254405975342,-0.0684884246763886,0.044439852237701416,-0.23524713516235352,-0.03538882549378286,0.0714067816734314,-0.33218955993652344,-0.04947322051498304,0.08571809530258179,-0.3891403377056122,-0.061485992777079446,0.09566181898117065,-0.4432835578918457,-0.0715024080452622,0.00023379921913146973,-0.2436378002166748,-0.027049113097518784,0.0004938840866088867,-0.352883517742157,-0.036659749257296426,-0.0024132132530212402,-0.41441747546195984,-0.050320269572466714,-0.005427449941635132,-0.4676121473312378,-0.06102160181376348,-0.03724032640457153,-0.2257530689239502,-0.02353846285018335,-0.07044190168380737,-0.31063687801361084,-0.047012379425495965,-0.09046614170074463,-0.3683869242668152,-0.07313417460295568,-0.10673767328262329,-0.4167236089706421,-0.09071689661118398,-0.06413435935974121,-0.1915227174758911,-0.023027427527040345,-0.08529651165008545,-0.24288594722747803,-0.05115293155881773,-0.0772043764591217,-0.22494399547576904,-0.06342932398888479,-0.06859961152076721,-0.19928604364395142,-0.07025761719319235
W,0.0,0.0,0.0,0.028968632221221924,-0.04559016227722168,-0.046441910874079895,0.025932103395462036,-0.12299370765686035,-0.06068403841180725,-0.02353769540786743,-0.182819664478302,-0.06650832862777634,-0.06994414329528809,-0.22144204378128052,-0.0706297588459961,0.04494976997375488,-0.2344943881034851,-0.035874372433852386,0.07194411754608154,-0.33167028427124023,-0.05019306586308403,0.08614844083786011,-0.38886478543281555,-0.06250074328107758,0.09582537412643433,-0.44316965341567993,-0.07277377517146988,0.0006660819053649902,-0.24273377656936646,-0.027375137519072723,0.001088947057723999,-0.3527383804321289,-0.03764927954597397,-0.0020121335983276367,-0.41434013843536377,-0.05208553941173477,-0.005485087633132935,-0.4678630530834198,-0.0632720869891159,-0.03676801919937134,-0.22498518228530884,-0.023589551534485054,-0.06983157992362976,-0.31032639741897583,-0.04761136890573425,-0.08982148766517639,-0.3676548898220062,-0.07409440548343582,-0.1062321662902832,-0.41537147760391235,-0.09182096095008774,-0.06358155608177185,-0.19117283821105957,-0.022744549524020385,-0.08365780115127563,-0.24283111095428467,-0.051411768507193756,-0.07582828402519226,-0.2240164875984192,-0.06389102162046356,-0.06766724586486816,-0.19786351919174194,-0.07074848384780807
W,0.0,0.0,0.0,0.0295259952545166,-0.045982182025909424,-0.04539609271284917,0.02652031183242798,-0.1242111325263977,-0.05909763592478612,-0.024473637342453003,-0.18211406469345093,-0.0644653843640981,-0.07173508405685425,-0.218542218208313,-0.06821143198010304,0.04388153553009033,-0.23492079973220825,-0.0355230899452863,0.07111310958862305,-0.332100510597229,-0.049022040694922,0.08533471822738647,-0.3889119029045105,-0.06058381441232541,0.09467041492462158,-0.4431850016117096,-0.07042058128115514,-0.00045430660247802734,-0.24263989925384521,-0.02732352855798581,0.00014907121658325195,-0.351698637008667,-0.03684571328756192,-0.002825826406478882,-0.4128844738006592,-0.050787608504265336,-0.006698250770568848,-0.4664798080921173,-0.06176318916675427,-0.03750842809677124,-0.22442877292633057,-0.023643042325943497,-0.07063385844230652,-0.30900925397872925,-0.04691979232427457,-0.09100326895713806,-0.3666415810585022,-0.07295155841109136,-0.10806363821029663,-0.4152780771255493,-0.09051923769709447,-0.06376326084136963,-0.19043958187103271,-0.022790830016106156,-0.08454760909080505,-0.2427629828453064,-0.05044517236945012,-0.07647711038589478,-0.2241165041923523,-0.06219017821547368,-0.06796985864639282,-0.1978142261505127,-0.0687266917824445
