label,f0,f1,f2,f3,f4,f5,f6,f7,f8,f9,f10,f11,f12,f13,f14,f15,f16,f17,f18,f19,f20,f21,f22,f23,f24,f25,f26,f27,f28,f29,f30,f31,f32,f33,f34,f35,f36,f37,f38,f39,f40,f41,f42,f43,f44,f45,f46,f47,f48,f49,f50,f51,f52,f53,f54,f55,f56,f57,f58,f59,f60,f61,f62
Y,0.0,0.0,0.0,0.05987274646759033,-0.09011691808700562,-0.03201545502042791,0.09465545415878296,-0.2262117862701416,-0.045399130387068,0.12951582670211792,-0.32342660427093506,-0.06227870757675191,0.1827816367149353,-0.3456578254699707,-0.07405503193831464,0.00844961404800415,-0.29459214210510254,-0.016665843380451406,-0.03525608777999878,-0.32556766271591187,-0.062496633333921636,-0.026642560958862305,-0.2273179292678833,-0.08491146664118787,-0.0044672489166259766,-0.1582205891609192,-0.08767644415593168,-0.04962271451950073,-0.2648010849952698,-0.015311689181089605,-0.0881941020488739,-0.28975987434387207,-0.07745479146933576,-0.06367319822311401,-0.1820417046546936,-0.0953496108481886,-0.03401494026184082,-0.11049211025238037,-0.08893327514624616,-0.09762230515480042,-0.2302296757698059,-0.020805862797260488,-0.13879257440567017,-0.2572783827781677,-0.07860197971558591,-0.10813802480697632,-0.15861129760742188,-0.08426822821593305,-0.07432541251182556,-0.08832389116287231,-0.06626605342125913,-0.13828614354133606,-0.19650357961654663,-0.0287975641617777,-0.19408535957336426,-0.2657945156097412,-0.05473030830717107,-0.23775184154510498,-0.3020849823951721,-0.060061358911752905,-0.2737368047237396,-0.3396909236907959,-0.05431839178299924
Y,0.0,0.0,0.0,0.060233473777770996,-0.09182572364807129,-0.031108647141195434,0.09555000066757202,-0.2322525978088379,-0.043387775796986716,0.13161128759384155,-0.32908666133880615,-0.059362204301692145,0.18440765142440796,-0.34838688373565674,-0.07028892405662646,0.008641719818115234,-0.2987133264541626,-0.014880059774554866,-0.035088300704956055,-0.3321840763092041,-0.06000812493596186,-0.028314650058746338,-0.23279958963394165,-0.08179846175346484,-0.007397174835205078,-0.1613439917564392,-0.08400799848470797,-0.048674702644348145,-0.26927298307418823,-0.013816908489502566,-0.0885477066040039,-0.2958788275718689,-0.07570338018570055,-0.0664716362953186,-0.1871451735496521,-0.09336514540348162,-0.03787994384765625,-0.11285454034805298,-0.08640582628879656,-0.09649324417114258,-0.23532003164291382,-0.019756424728370803,-0.13830530643463135,-0.26237964630126953,-0.07704914130601992,-0.10944998264312744,-0.1642313003540039,-0.08337211378250231,-0.07598340511322021,-0.09289348125457764,-0.06555249311361422,-0.1372298300266266,-0.20226603746414185,-0.028171270642019408,-0.19182223081588745,-0.27379488945007324,-0.053658490556813376,-0.23590534925460815,-0.31108319759368896,-0.05945091091427912,-0.27158865332603455,-0.34737277030944824,-0.05401444949541201
Y,0.0,0.0,0.0,0.06122356653213501,-0.09121465682983398,-0.030361705771952074,0.09756475687026978,-0.22838658094406128,-0.04230949779537241,0.1330505609512329,-0.3244447708129883,-0.05795766537573854,0.18543684482574463,-0.3449232578277588,-0.0685095911243252,0.01220327615737915,-0.2930130958557129,-0.014500957294671935,-0.029671072959899902,-0.33024370670318604,-0.05893270423200647,-0.02336275577545166,-0.23191523551940918,-0.0798461337902836,-0.0025357604026794434,-0.16175776720046997,-0.08169525613573114,-0.04478311538696289,-0.26433616876602173,-0.013651200882463854,-0.0840233564376831,-0.2944049835205078,-0.07511546959665338,-0.06049501895904541,-0.18667298555374146,-0.0921779026606373,-0.030966341495513916,-0.1146392822265625,-0.08509935190465967,-0.09253081679344177,-0.23142105340957642,-0.019665348655848902,-0.13400539755821228,-0.25979191064834595,-0.07638331254509012,-0.10334593057632446,-0.16239863634109497,-0.08190823098209421,-0.06925630569458008,-0.09336644411087036,-0.06403596451070825,-0.1336464285850525,-0.19916754961013794,-0.02807457310643713,-0.18884482979774475,-0.2702783942222595,-0.05319736649778406,-0.2327067255973816,-0.30687230825424194,-0.05858584990289728,-0.2688366770744324,-0.343636691570282,-0.05320014556434671
Y,0.0,0.0,0.0,0.0606844425201416,-0.09183269739151001,-0.0316717764711143,0.09781348705291748,-0.22628837823867798,-0.04437384292242541,0.13384675979614258,-0.32260197401046753,-0.060744184104180476,0.18577450513839722,-0.34715938568115234,-0.07158604174611582,0.0102347731590271,-0.3000107407569885,-0.013313988258516929,-0.031406939029693604,-0.3344630002975464,-0.06029551386592402,-0.023945212364196777,-0.23484760522842407,-0.08259656935689463,-0.002879202365875244,-0.16605478525161743,-0.08452542781589045,-0.04621732234954834,-0.2698097229003906,-0.01232424568144097,-0.08427512645721436,-0.29842638969421387,-0.07674702912328257,-0.06032484769821167,-0.18829309940338135,-0.0949557712650062,-0.03133976459503174,-0.11646276712417603,-0.08747427820918574,-0.0932091474533081,-0.23598015308380127,-0.01866448208448901,-0.13367992639541626,-0.26297110319137573,-0.07854323744533076,-0.10326170921325684,-0.16414320468902588,-0.08452113628146662,-0.06995832920074463,-0.09510552883148193,-0.06556742548701777,-0.13368886709213257,-0.2031537890434265,-0.02736169755218043,-0.18970182538032532,-0.2746202349662781,-0.05369303658363833,-0.23257243633270264,-0.3112475872039795,-0.05859624504802241,-0.26732781529426575,-0.3486862778663635,-0.051858126220679424
Y,0.0,0.0,0.0,0.06109505891799927,-0.09148341417312622,-0.031808735410777444,0.0985913872718811,-0.22674494981765747,-0.04409764481624734,0.13479280471801758,-0.32355350255966187,-0.059847680459824915,0.18780934810638428,-0.346754252910614,-0.07002236841162812,0.01267629861831665,-0.3004005551338196,-0.013128824140039796,-0.028188109397888184,-0.33744168281555176,-0.06010927406987321,-0.022583365440368652,-0.23926925659179688,-0.08215070662936341,-0.0026178956031799316,-0.16923099756240845,-0.08372064081868302,-0.04358893632888794,-0.27050554752349854,-0.012079342807737703,-0.08251643180847168,-0.302109956741333,-0.07683956770142686,-0.06030482053756714,-0.19307637214660645,-0.09518525151452195,-0.03148329257965088,-0.12082850933074951,-0.08741964546879899,-0.09083747863769531,-0.23706966638565063,-0.01844439616343152,-0.1316697895526886,-0.26235026121139526,-0.07862483112057816,-0.1019085943698883,-0.16535162925720215,-0.08537405876359117,-0.0683937668800354,-0.09771406650543213,-0.06665212808093202,-0.1324985921382904,-0.20475101470947266,-0.027137711252180452,-0.18753710389137268,-0.27706271409988403,-0.05354663131674897,-0.23120838403701782,-0.31513530015945435,-0.05873905641874444,-0.266762375831604,-0.35352855920791626,-0.052169261108247156
Y,0.0,0.0,0.0,0.060202836990356445,-0.091946542263031,-0.03108397581166855,0.09798216819763184,-0.22587072849273682,-0.043544997354217685,0.13535773754119873,-0.3209725022315979,-0.05941989355272881,0.1886434555053711,-0.34500858187675476,-0.06976668246574036,0.011817216873168945,-0.29695242643356323,-0.014477239814766563,-0.029700756072998047,-0.33395397663116455,-0.0606638722915136,-0.022852778434753418,-0.23650223016738892,-0.08205371805019013,-0.0020028352737426758,-0.16727960109710693,-0.08347892471141449,-0.04455214738845825,-0.2667991518974304,-0.01354723599291674,-0.08358505368232727,-0.29793643951416016,-0.07762903430051438,-0.060020625591278076,-0.19038593769073486,-0.09514308430738083,-0.03032827377319336,-0.11905902624130249,-0.08722278930730454,-0.09141430258750916,-0.2329479455947876,-0.019815302347012675,-0.13154566287994385,-0.2580254077911377,-0.07923540927953354,-0.1000775694847107,-0.16260075569152832,-0.08541784890479676,-0.06553256511688232,-0.09615492820739746,-0.0668417484361612,-0.13235124945640564,-0.20046764612197876,-0.028345520501204646,-0.18735897541046143,-0.2722349762916565,-0.05473046087212197,-0.23078352212905884,-0.310870885848999,-0.06021940045542351,-0.2663305699825287,-0.3501218557357788,-0.054226268907257236
Y,0.0,0.0,0.0,0.06014174222946167,-0.09381556510925293,-0.028721965669774363,0.09741228818893433,-0.22720056772232056,-0.039987770660900424,0.1348276138305664,-0.32108980417251587,-0.055130200280927966,0.18798601627349854,-0.34379762411117554,-0.06528426502563889,0.00941687822341919,-0.29631465673446655,-0.01324714981683428,-0.029147982597351074,-0.33238422870635986,-0.05797089804627831,-0.022624433040618896,-0.23464840650558472,-0.07918856833794052,-0.0028231143951416016,-0.16394120454788208,-0.08110447768785889,-0.04726618528366089,-0.26669442653656006,-0.013106336637520144,-0.08290669322013855,-0.29744791984558105,-0.0749687084994548,-0.06066769361495972,-0.18880724906921387,-0.09228664432384903,-0.03244578838348389,-0.11485111713409424,-0.08520523254492218,-0.09398028254508972,-0.23248010873794556,-0.01977761071839268,-0.13218954205513,-0.261019766330719,-0.07711401377537186,-0.10207515954971313,-0.165230393409729,-0.08331338857033188,-0.06842255592346191,-0.09677249193191528,-0.06573877279379303,-0.13400989770889282,-0.19917720556259155,-0.02860905398347313,-0.1886453628540039,-0.26984572410583496,-0.05498336423852379,-0.23182258009910583,-0.30783915519714355,-0.061371648504518816,-0.26706284284591675,-0.3463435769081116,-0.0564510988137954
Y,0.0,0.0,0.0,0.06091529130935669,-0.09229302406311035,-0.03158455905958135,0.09757781028747559,-0.22748816013336182,-0.04451793251081426,0.1338757872581482,-0.32414084672927856,-0.0607359950010391,0.18712890148162842,-0.34689241647720337,-0.07181135383888204,0.008704960346221924,-0.298397958278656,-0.01613205862685163,-0.029496610164642334,-0.3340284824371338,-0.06197079089923818,-0.022872745990753174,-0.23594796657562256,-0.08425563392682989,-0.003625333309173584,-0.1645626425743103,-0.08684753445430715,-0.048689067363739014,-0.26939040422439575,-0.014827680825135303,-0.0842968225479126,-0.2991214990615845,-0.07689999607845266,-0.061903417110443115,-0.18998247385025024,-0.0945407506589504,-0.03394317626953125,-0.1156187653541565,-0.08779619452997167,-0.09599372744560242,-0.235368549823761,-0.020540429330310417,-0.1341915726661682,-0.2637174725532532,-0.0777439680461498,-0.10457843542098999,-0.1670132875442505,-0.08378483173891027,-0.07132554054260254,-0.09708636999130249,-0.06621187744184454,-0.13615676760673523,-0.20141422748565674,-0.02872213353856523,-0.19026237726211548,-0.27207785844802856,-0.05461026546998937,-0.23321107029914856,-0.30990368127822876,-0.06068068189068754,-0.2683507204055786,-0.3475254774093628,-0.05558218253298719
Y,0.0,0.0,0.0,0.06174743175506592,-0.09193390607833862,-0.03162521209259239,0.098702073097229,-0.225854754447937,-0.044170738120271835,0.134393572807312,-0.32099324464797974,-0.06018969874520508,0.1870153546333313,-0.3439443111419678,-0.07077179189462868,0.010214507579803467,-0.2947918772697449,-0.015500891876115475,-0.027621567249298096,-0.33112630248069763,-0.06191860597272125,-0.020281314849853516,-0.23355096578598022,-0.08368598010082451,-0.00048530101776123047,-0.16412407159805298,-0.08580847914953438,-0.046607136726379395,-0.2651742696762085,-0.014636760499968204,-0.0822150707244873,-0.2970619797706604,-0.07750269110937325,-0.06001412868499756,-0.18915718793869019,-0.09473104115267006,-0.03227341175079346,-0.11784040927886963,-0.08757429655332771,-0.0936322808265686,-0.23079252243041992,-0.02106489885289875,-0.13246184587478638,-0.2584412693977356,-0.0799749651147863,-0.10267561674118042,-0.16213375329971313,-0.08589041318435875,-0.0691918134689331,-0.09445393085479736,-0.0678401076390287,-0.13420984148979187,-0.1968764066696167,-0.029890832413627777,-0.18896356225013733,-0.26827627420425415,-0.056950774897529755,-0.23269706964492798,-0.30632299184799194,-0.06307116236229149,-0.26841217279434204,-0.34461039304733276,-0.05791965212364403
Y,0.0,0.0,0.0,0.06157815456390381,-0.09169352054595947,-0.03185196537754109,0.09775859117507935,-0.22779381275177002,-0.04413880352160504,0.1323554515838623,-0.32407939434051514,-0.0593068705894666,0.18482786417007446,-0.3454330563545227,-0.06898185182592442,0.010159611701965332,-0.29524463415145874,-0.017681417430253532,-0.028094172477722168,-0.3343812823295593,-0.06368336398384145,-0.021850883960723877,-0.23709964752197266,-0.08523583729049733,-0.0027422308921813965,-0.16510850191116333,-0.08721337784311345,-0.04690343141555786,-0.26558852195739746,-0.01600777674696019,-0.08346092700958252,-0.2987068295478821,-0.07859818954250386,-0.06125146150588989,-0.1920413374900818,-0.09541557301065495,-0.03346735239028931,-0.11894470453262329,-0.08798566777488759,-0.09424018859863281,-0.2320873737335205,-0.02148280050835183,-0.13369229435920715,-0.2607097625732422,-0.07929922957202962,-0.1031792163848877,-0.16702884435653687,-0.08547861445924809,-0.06917107105255127,-0.09920400381088257,-0.0680179329611974,-0.1348264217376709,-0.1991819143295288,-0.02938326392552426,-0.18976277112960815,-0.27051979303359985,-0.055958497712822464,-0.23388749361038208,-0.309636652469635,-0.0628248782851415,-0.27030816674232483,-0.3479890525341034,-0.058514221946211364
Y,0.0,0.0,0.0,0.05903548002243042,-0.0953829288482666,-0.03079373403994623,0.09488636255264282,-0.23453837633132935,-0.043045511614366205,0.13142144680023193,-0.3310388922691345,-0.05828455663828436,0.18480944633483887,-0.3530152142047882,-0.0683501829913098,0.007534027099609375,-0.304291307926178,-0.018083784874363573,-0.031156599521636963,-0.3407943844795227,-0.06253304533271375,-0.02444934844970703,-0.2424858808517456,-0.08401856027154508,-0.005048155784606934,-0.17045634984970093,-0.08663630686311308,-0.04998815059661865,-0.2745969295501709,-0.01699276469258848,-0.08468478918075562,-0.3049434423446655,-0.07725416324643675,-0.063385009765625,-0.19866549968719482,-0.09400074384717527,-0.03611123561859131,-0.12449908256530762,-0.08748150817660871,-0.09778258204460144,-0.2394629716873169,-0.022710777964277895,-0.13512012362480164,-0.26968085765838623,-0.07777784965543333,-0.10614344477653503,-0.17601853609085083,-0.08353693239001814,-0.07257986068725586,-0.10605329275131226,-0.06692125849036756,-0.13830575346946716,-0.20433712005615234,-0.03098616204766813,-0.19280391931533813,-0.27637940645217896,-0.056822674494071634,-0.23744148015975952,-0.316125750541687,-0.0639498328378636,-0.2738552391529083,-0.3545650541782379,-0.06024319134263578
Y,0.0,0.0,0.0,0.0591052770614624,-0.09379076957702637,-0.030963555376331442,0.0942339301109314,-0.23117733001708984,-0.044367641608516806,0.13055866956710815,-0.32893306016921997,-0.06114818195561611,0.18411093950271606,-0.3494747281074524,-0.07329522113064968,0.00860893726348877,-0.29972386360168457,-0.018516609843175047,-0.030708789825439453,-0.33710795640945435,-0.06267871747473919,-0.023628592491149902,-0.23925787210464478,-0.08447700778702938,-0.0036163926124572754,-0.16697704792022705,-0.08770218531350338,-0.04891824722290039,-0.2700784206390381,-0.017722111593286627,-0.08302170038223267,-0.30201900005340576,-0.07781922111968242,-0.06148111820220947,-0.19460409879684448,-0.09506686071614467,-0.03407251834869385,-0.11870002746582031,-0.08936299423436367,-0.09703510999679565,-0.2346070408821106,-0.023549212540785902,-0.13291609287261963,-0.2693009376525879,-0.07842151860455715,-0.10483789443969727,-0.1737983226776123,-0.08366975228051388,-0.07218927145004272,-0.1012570858001709,-0.06699041316966259,-0.13777655363082886,-0.19900798797607422,-0.03202363888482296,-0.1925988793373108,-0.27195626497268677,-0.05734813998202526,-0.23705720901489258,-0.31171905994415283,-0.06381669680337154,-0.27295348048210144,-0.35017791390419006,-0.05993817786435329
Y,0.0,0.0,0.0,0.05808591842651367,-0.09273409843444824,-0.031255298233588746,0.09230703115463257,-0.22775405645370483,-0.045297433561643174,0.12838727235794067,-0.3239777684211731,-0.06257775140460353,0.18111318349838257,-0.3450578451156616,-0.07530247134621959,0.007521331310272217,-0.2941351532936096,-0.02080040139611583,-0.03151977062225342,-0.3326118588447571,-0.06528794480021816,-0.024554729461669922,-0.23502367734909058,-0.08739471150096279,-0.00510638952255249,-0.16236543655395508,-0.09095012856181484,-0.05024266242980957,-0.26406705379486084,-0.020134429386814645,-0.08348816633224487,-0.297860324382782,-0.08054022205527644,-0.061886489391326904,-0.19033408164978027,-0.09782316995318752,-0.03523510694503784,-0.11224544048309326,-0.09217729879077297,-0.09828609228134155,-0.22859811782836914,-0.025993849090298227,-0.13318562507629395,-0.26331788301467896,-0.08058435929473262,-0.10454815626144409,-0.16887497901916504,-0.08585140568669658,-0.07206350564956665,-0.09578287601470947,-0.06940296751912456,-0.13812991976737976,-0.19289487600326538,-0.03456537885125499,-0.193742036819458,-0.2643165588378906,-0.059884157902558854,-0.23713263869285583,-0.30485469102859497,-0.06676384521182399,-0.2721504271030426,-0.34433358907699585,-0.06341179919894557
Y,0.0,0.0,0.0,0.059309184551239014,-0.09216636419296265,-0.03057251552041862,0.09351491928100586,-0.2260991334915161,-0.0437470810293803,0.1279636025428772,-0.32178792357444763,-0.060247699338162874,0.17867493629455566,-0.34172534942626953,-0.07233828173872325,0.005044460296630859,-0.29264432191848755,-0.01906550170775745,-0.03200465440750122,-0.3316759169101715,-0.06304427103992793,-0.02571582794189453,-0.2348393201828003,-0.0853006304978976,-0.007162213325500488,-0.16073459386825562,-0.08890248702761028,-0.05203592777252197,-0.2627183794975281,-0.01825886273678634,-0.08422744274139404,-0.2979421019554138,-0.07850846515890453,-0.06336426734924316,-0.18973028659820557,-0.09649152921434734,-0.03711193799972534,-0.10891437530517578,-0.0910725580334315,-0.09963333606719971,-0.2279178500175476,-0.023847446384991144,-0.13396990299224854,-0.26352787017822266,-0.07822172211405132,-0.10626772046089172,-0.16878944635391235,-0.08421785252090785,-0.07459890842437744,-0.09402710199356079,-0.06801514940258357,-0.1394173502922058,-0.19314277172088623,-0.032028796690667605,-0.19466763734817505,-0.26446568965911865,-0.05711634324785564,-0.23745691776275635,-0.30532073974609375,-0.06410915272232387,-0.27181223034858704,-0.34431591629981995,-0.06070922182794902
Y,0.0,0.0,0.0,0.05908483266830444,-0.09077835083007812,-0.03241682408287261,0.09284728765487671,-0.22352981567382812,-0.046901635657093266,0.12790066003799438,-0.3191969692707062,-0.06452211348249648,0.17958664894104004,-0.33978891372680664,-0.07758643088772033,0.00568544864654541,-0.2936820983886719,-0.020931098441621998,-0.03174591064453125,-0.32920318841934204,-0.06600328145458434,-0.024364888668060303,-0.23170989751815796,-0.08859513310625289,-0.004623591899871826,-0.15916657447814941,-0.09223939834072326,-0.05116724967956543,-0.26252567768096924,-0.019756743515870312,-0.08294379711151123,-0.2945628762245178,-0.0804536825223181,-0.06065559387207031,-0.18664437532424927,-0.09800326434805129,-0.033595502376556396,-0.10843098163604736,-0.0923056489033911,-0.0987246036529541,-0.22628217935562134,-0.025245388801238278,-0.132364422082901,-0.25750547647476196,-0.0805183684630606,-0.10307946801185608,-0.1632629632949829,-0.08610078303053115,-0.07037436962127686,-0.09106117486953735,-0.06936381367876265,-0.13897833228111267,-0.1900782585144043,-0.03346759064032767,-0.19337612390518188,-0.26048117876052856,-0.05863539857699607,-0.23592078685760498,-0.30009639263153076,-0.064840089361212,-0.2701224982738495,-0.3383072316646576,-0.060688849370023945
Y,0.0,0.0,0.0,0.05795466899871826,-0.09092080593109131,-0.030986126339996645,0.09155231714248657,-0.22354620695114136,-0.04494777863379795,0.12624305486679077,-0.3190162479877472,-0.06218571384903271,0.17751067876815796,-0.3398985266685486,-0.07498426159378369,0.005629777908325195,-0.2907859683036804,-0.0195879189437278,-0.03300207853317261,-0.3304736018180847,-0.06350196321960766,-0.025738239288330078,-0.23446673154830933,-0.0856782289361604,-0.0059119462966918945,-0.16191613674163818,-0.08933784981724102,-0.05132490396499634,-0.26030945777893066,-0.0186782030528434,-0.08430993556976318,-0.2963731288909912,-0.07853500714060146,-0.061985790729522705,-0.18886661529541016,-0.09627851267811138,-0.03482860326766968,-0.110088050365448,-0.09096791019197781,-0.09891366958618164,-0.2252955436706543,-0.024135660207832643,-0.13398811221122742,-0.2619677186012268,-0.07798664440866787,-0.10557413101196289,-0.16802990436553955,-0.08325819095131237,-0.07374650239944458,-0.09483838081359863,-0.06687253137585003,-0.1387135088443756,-0.1902347207069397,-0.03224706446286518,-0.19419029355049133,-0.26044440269470215,-0.056510740718806574,-0.23631078004837036,-0.3008715510368347,-0.06265574117657025,-0.2703258693218231,-0.34028160572052,-0.058864274821246454
Y,0.0,0.0,0.0,0.05897867679595947,-0.08831518888473511,-0.03177611949274706,0.09346377849578857,-0.21825897693634033,-0.045888834170796144,0.1286541223526001,-0.31363025307655334,-0.06304437714049982,0.17985087633132935,-0.33527427911758423,-0.07564256387183832,0.008346855640411377,-0.2832251787185669,-0.020630456976391542,-0.030765771865844727,-0.3232056498527527,-0.06476372527311014,-0.023955047130584717,-0.2272815704345703,-0.08639106201360391,-0.00424957275390625,-0.15600210428237915,-0.0895361010951774,-0.048674821853637695,-0.2527012228965759,-0.01927015604803728,-0.08199876546859741,-0.2889013886451721,-0.07899973588416742,-0.06077760457992554,-0.1825365424156189,-0.09587996499965357,-0.03401869535446167,-0.10707968473434448,-0.09010709124038385,-0.09613317251205444,-0.21789133548736572,-0.024386503271557558,-0.13149970769882202,-0.2544310688972473,-0.07861629175374674,-0.10389658808708191,-0.15973055362701416,-0.08309534239003824,-0.07216507196426392,-0.08769851922988892,-0.06612035679052042,-0.1360398828983307,-0.1836390495300293,-0.03220771300027536,-0.1910804808139801,-0.253879189491272,-0.05687398137877153,-0.2336517572402954,-0.293468177318573,-0.06263610767553018,-0.26784461736679077,-0.33273085951805115,-0.05848258408138918
Y,0.0,0.0,0.0,0.05844908952713013,-0.09051322937011719,-0.03117498397733698,0.09254807233810425,-0.22312027215957642,-0.04485363155509958,0.1270849108695984,-0.3196490705013275,-0.06158773615862856,0.17800426483154297,-0.34202373027801514,-0.073558271079321,0.008224844932556152,-0.2894158363342285,-0.019756132884879207,-0.03118884563446045,-0.33044856786727905,-0.06438347712065706,-0.025351285934448242,-0.23404020071029663,-0.08647722765709887,-0.006222903728485107,-0.16200941801071167,-0.09000281259324083,-0.04892683029174805,-0.2589288353919983,-0.018677611052055454,-0.08276289701461792,-0.2970343828201294,-0.07958587273861895,-0.06228506565093994,-0.18915903568267822,-0.09728895887639055,-0.03583109378814697,-0.1115681529045105,-0.09177401676680574,-0.09667453169822693,-0.2247070074081421,-0.02407014571036825,-0.13244634866714478,-0.2645246386528015,-0.07894397541787157,-0.10583758354187012,-0.16985124349594116,-0.08381757900025377,-0.07462954521179199,-0.0967361330986023,-0.06702777758147249,-0.13663092255592346,-0.19098901748657227,-0.03212736561800966,-0.19165533781051636,-0.2615576982498169,-0.05747172996308336,-0.23416581749916077,-0.3011122941970825,-0.06397586330677996,-0.2679828405380249,-0.34062984585762024,-0.06027824446465502
Y,0.0,0.0,0.0,0.06008172035217285,-0.08949214220046997,-0.03134014971089982,0.09489226341247559,-0.22184062004089355,-0.04491861678195619,0.1286219358444214,-0.3176429569721222,-0.06140912465286874,0.1789158582687378,-0.3372217118740082,-0.07357286430431031,0.00836491584777832,-0.28592491149902344,-0.020971845383769505,-0.0305788516998291,-0.32597219944000244,-0.064903234611279,-0.024846374988555908,-0.231087327003479,-0.08696353204084062,-0.006167590618133545,-0.15870147943496704,-0.09055587417913102,-0.0488893985748291,-0.2558786869049072,-0.019713716129786008,-0.08272668719291687,-0.29198384284973145,-0.07921136684251451,-0.06266450881958008,-0.18697816133499146,-0.09691498942208909,-0.036396563053131104,-0.11006778478622437,-0.0918175703985753,-0.0967569649219513,-0.22164958715438843,-0.02476238227916383,-0.1323755979537964,-0.2587905526161194,-0.07827539510560655,-0.10555404424667358,-0.16485345363616943,-0.08354017652106904,-0.07408469915390015,-0.09139746427536011,-0.06739883638454103,-0.13689646124839783,-0.18768423795700073,-0.0325088291568818,-0.1914801001548767,-0.2579895257949829,-0.056971830795532696,-0.2338874340057373,-0.29778122901916504,-0.06332037366462373,-0.26773568987846375,-0.33641666173934937,-0.0597414053185048
Y,0.0,0.0,0.0,0.05875980854034424,-0.09025508165359497,-0.030963249023386652,0.09310835599899292,-0.2210039496421814,-0.044718920703360254,0.12697362899780273,-0.31617534160614014,-0.06148231726450604,0.17758429050445557,-0.33725398778915405,-0.073737639452645,0.007295668125152588,-0.2855474352836609,-0.020676970000693018,-0.03133118152618408,-0.3258137106895447,-0.06489711579246205,-0.02544116973876953,-0.23135578632354736,-0.08722739991111439,-0.006654798984527588,-0.15906554460525513,-0.09108776923579853,-0.04997682571411133,-0.2554614543914795,-0.019703035692998583,-0.08303213119506836,-0.2918277978897095,-0.07949351843757313,-0.06289476156234741,-0.18629169464111328,-0.09730316277904194,-0.036839306354522705,-0.1089557409286499,-0.092395025755593,-0.09763646125793457,-0.2213737964630127,-0.025026913251110727,-0.1332029402256012,-0.2594493627548218,-0.0788144650713889,-0.1066579818725586,-0.1655423641204834,-0.08384870317144077,-0.07545268535614014,-0.09196454286575317,-0.06767540004415196,-0.13746321201324463,-0.18748998641967773,-0.03305029075903576,-0.1923096776008606,-0.2572628855705261,-0.05797815647287052,-0.23493647575378418,-0.29710882902145386,-0.06447378870410603,-0.26908499002456665,-0.3364003300666809,-0.06103767779035252
Y,0.0,0.0,0.0,0.05843228101730347,-0.09159344434738159,-0.030476167122799325,0.09273505210876465,-0.2223588228225708,-0.04402138784058707,0.12684130668640137,-0.3179609179496765,-0.06081441163547652,0.176935613155365,-0.34097906947135925,-0.0728357110870661,0.007606565952301025,-0.2884419560432434,-0.018838268960791993,-0.03164619207382202,-0.32967114448547363,-0.06345087036021368,-0.024937808513641357,-0.23453903198242188,-0.08571204289324896,-0.005555629730224609,-0.16350215673446655,-0.08932766809590476,-0.04952722787857056,-0.25807100534439087,-0.018274850468117165,-0.08341753482818604,-0.2952260971069336,-0.07852329059966223,-0.06260699033737183,-0.19018787145614624,-0.09622094526417868,-0.03627312183380127,-0.11481344699859619,-0.09096595391162055,-0.09725934267044067,-0.22378915548324585,-0.024201703513938355,-0.1336458921432495,-0.2630341053009033,-0.07813007130749838,-0.10622304677963257,-0.16911053657531738,-0.08248983814843314,-0.07435804605484009,-0.09657555818557739,-0.06572031721003668,-0.13720905780792236,-0.1895022988319397,-0.032892239536124634,-0.19166499376296997,-0.25965243577957153,-0.057707124645787644,-0.23425930738449097,-0.2995911240577698,-0.06393296017773764,-0.2685714662075043,-0.33932292461395264,-0.060184155846911835
Y,0.0,0.0,0.0,0.05953776836395264,-0.09123820066452026,-0.03012204471986024,0.094135582447052,-0.22334766387939453,-0.04275541309277742,0.12715280055999756,-0.3193357288837433,-0.058411809839412854,0.177329421043396,-0.341675341129303,-0.06947065819065301,0.007112741470336914,-0.2882561683654785,-0.01866621267060964,-0.031287968158721924,-0.328385591506958,-0.06178478825847833,-0.02484726905822754,-0.2337697148323059,-0.0832382284478399,-0.005849182605743408,-0.16267859935760498,-0.08664948422472207,-0.04966104030609131,-0.258243203163147,-0.01777236092846124,-0.08347758650779724,-0.29432880878448486,-0.07678338814537256,-0.06272178888320923,-0.1895691156387329,-0.09421180862943856,-0.036322712898254395,-0.11394083499908447,-0.08905289251367776,-0.09672048687934875,-0.22408580780029297,-0.023182700611755536,-0.13298481702804565,-0.2617587447166443,-0.07662746239464013,-0.10530853271484375,-0.16834700107574463,-0.08174210716049402,-0.07328271865844727,-0.09584414958953857,-0.06565340537588327,-0.13620871305465698,-0.18995583057403564,-0.031197537891671345,-0.19060516357421875,-0.25935208797454834,-0.0564023845271322,-0.23354238271713257,-0.29886162281036377,-0.0634042241052839,-0.26845160126686096,-0.3379291594028473,-0.060273646600649045
Y,0.0,0.0,0.0,0.05972087383270264,-0.08897477388381958,-0.02992189314340976,0.09480655193328857,-0.22021281719207764,-0.04283479612445262,0.12883532047271729,-0.3154198229312897,-0.058838088178390535,0.17998439073562622,-0.3362409472465515,-0.07034009706353572,0.008737325668334961,-0.2830584645271301,-0.019927036130184206,-0.02944958209991455,-0.32552051544189453,-0.0626947657403889,-0.023251116275787354,-0.2310260534286499,-0.08347090345000652,-0.004456758499145508,-0.160178542137146,-0.0866539777455273,-0.048316776752471924,-0.25334280729293823,-0.019129276388639482,-0.08199518918991089,-0.2906411290168762,-0.07782105367755321,-0.06084024906158447,-0.18583393096923828,-0.09428804379081157,-0.03431594371795654,-0.11120617389678955,-0.08872229617213634,-0.09566545486450195,-0.21981966495513916,-0.02451791066800979,-0.132257342338562,-0.2598610520362854,-0.07744742196177867,-0.10398241877555847,-0.16640031337738037,-0.0816006661591473,-0.07157152891159058,-0.09490293264389038,-0.0652335585293713,-0.13520672917366028,-0.18651390075683594,-0.03252026822542575,-0.18789762258529663,-0.25593817234039307,-0.057466834896558794,-0.23089370131492615,-0.29396969079971313,-0.06403017055367854,-0.26647621393203735,-0.33237424492836,-0.06079488631462482
Y,0.0,0.0,0.0,0.05935245752334595,-0.08889347314834595,-0.030363628284192146,0.09358209371566772,-0.21872496604919434,-0.04346359671757227,0.1278935670852661,-0.3141462206840515,-0.05962774680659777,0.17864352464675903,-0.3367732763290405,-0.07142430321977145,0.006988823413848877,-0.2822337746620178,-0.020749790237402976,-0.030596375465393066,-0.326491117477417,-0.06425572709844118,-0.024492979049682617,-0.23250973224639893,-0.08602165208861834,-0.0065354108810424805,-0.15998220443725586,-0.0895901151160956,-0.04947131872177124,-0.2523782253265381,-0.019876828060603202,-0.08229970932006836,-0.2911195158958435,-0.07894957588717944,-0.06213599443435669,-0.18653541803359985,-0.09650023059651858,-0.0367809534072876,-0.10893833637237549,-0.09157624618813998,-0.09656134247779846,-0.21916276216506958,-0.02520117873058325,-0.1322612762451172,-0.2600095868110657,-0.07807884143397814,-0.1056181788444519,-0.16728705167770386,-0.08322463707730776,-0.0748855471611023,-0.09369194507598877,-0.06744377093122012,-0.13567706942558289,-0.18585073947906494,-0.03318695129559046,-0.1894109845161438,-0.2559669017791748,-0.05789877997443682,-0.23178523778915405,-0.29558950662612915,-0.06476484762237078,-0.26631656289100647,-0.3339288830757141,-0.06170608998939997
Y,0.0,0.0,0.0,0.059348464012145996,-0.0896574854850769,-0.03059625572996083,0.09353631734848022,-0.22029590606689453,-0.04350358753936234,0.12730145454406738,-0.315860390663147,-0.059325539912151726,0.1776338815689087,-0.3393753170967102,-0.07056848093407098,0.007616102695465088,-0.2814222574234009,-0.02115629747049752,-0.03093421459197998,-0.32646214962005615,-0.06457843020098153,-0.024806439876556396,-0.2320815920829773,-0.08583073451654855,-0.006338715553283691,-0.16000205278396606,-0.08910849824087563,-0.04869484901428223,-0.2515827417373657,-0.01990602299110833,-0.08290725946426392,-0.29196542501449585,-0.07933266594545785,-0.062432050704956055,-0.18717283010482788,-0.09656404092447701,-0.036478281021118164,-0.11025083065032959,-0.09143296017782632,-0.09582266211509705,-0.2188664674758911,-0.024865937824415596,-0.13273370265960693,-0.26144421100616455,-0.07816091313497964,-0.1053440272808075,-0.16868048906326294,-0.08300512417690697,-0.07375138998031616,-0.0956648588180542,-0.06695126130716744,-0.13532257080078125,-0.1864369511604309,-0.03249716147320214,-0.18894314765930176,-0.25718188285827637,-0.05786698072688523,-0.23168930411338806,-0.29676538705825806,-0.06520610436336938,-0.26660287380218506,-0.33536988496780396,-0.062463188017773064
Y,0.0,0.0,0.0,0.05937695503234863,-0.08944952487945557,-0.029561057762407472,0.09358882904052734,-0.21949869394302368,-0.04191633880247991,0.1271669864654541,-0.31468597054481506,-0.05738318532814901,0.17709827423095703,-0.3385048508644104,-0.06837281033506315,0.0072920918464660645,-0.2814602255821228,-0.019843576551579645,-0.03082585334777832,-0.3259183168411255,-0.06301462099065702,-0.024594783782958984,-0.23179256916046143,-0.08432100907077711,-0.006195783615112305,-0.1598331332206726,-0.08763276234378736,-0.04880422353744507,-0.25166285037994385,-0.019091030658387353,-0.08304816484451294,-0.29178714752197266,-0.07816102549543302,-0.06232386827468872,-0.18736940622329712,-0.09538209632148664,-0.036184847354888916,-0.11088687181472778,-0.09023626342525404,-0.09574425220489502,-0.21879631280899048,-0.024498891160988023,-0.13241010904312134,-0.260120689868927,-0.07737147256841581,-0.10472965240478516,-0.16733717918395996,-0.08209943220128935,-0.07319200038909912,-0.09464818239212036,-0.06602733776082914,-0.13508173823356628,-0.18606775999069214,-0.032506818027400186,-0.18884068727493286,-0.2564162015914917,-0.05751621171941679,-0.2314142882823944,-0.29629504680633545,-0.0645659957837097,-0.26624795794487,-0.33518725633621216,-0.0616459903131954
Y,0.0,0.0,0.0,0.057940125465393066,-0.09003019332885742,-0.0294326418414812,0.09287804365158081,-0.21398615837097168,-0.041309319935749045,0.1246711015701294,-0.3080350160598755,-0.05645408903808402,0.17161571979522705,-0.3474462926387787,-0.06662068193406867,0.00763171911239624,-0.2822774052619934,-0.017639495931575766,-0.031409263610839844,-0.32650184631347656,-0.06175346722454833,-0.02495419979095459,-0.23237299919128418,-0.08327030067891883,-0.0063629150390625,-0.16175329685211182,-0.08617053603381919,-0.048331260681152344,-0.2530311942100525,-0.016835677005360594,-0.08317932486534119,-0.29399752616882324,-0.07756496643276023,-0.06232482194900513,-0.18826282024383545,-0.09564797257633018,-0.035592734813690186,-0.11283707618713379,-0.09044629757852363,-0.09523138403892517,-0.2203311324119568,-0.022381293155262938,-0.13237321376800537,-0.26172155141830444,-0.07717788641900825,-0.10512268543243408,-0.16761571168899536,-0.08168202316016959,-0.07335114479064941,-0.09536844491958618,-0.06473616188020515,-0.13479399681091309,-0.18703210353851318,-0.03039898587019252,-0.18864008784294128,-0.2578936219215393,-0.05721304243058967,-0.2317650020122528,-0.2979084253311157,-0.06427189385146903,-0.26687222719192505,-0.3372412323951721,-0.06059658949823188
Y,0.0,0.0,0.0,0.05722421407699585,-0.09007227420806885,-0.0315257920339036,0.09180623292922974,-0.216203510761261,-0.04440014571093798,0.12260085344314575,-0.3146575093269348,-0.06006555766009569,0.16730457544326782,-0.3615275025367737,-0.07046853140138865,0.006967782974243164,-0.2878878116607666,-0.01837257243835211,-0.0331341028213501,-0.3256027102470398,-0.06348166003965616,-0.025139212608337402,-0.23050206899642944,-0.08577422931932688,-0.005732357501983643,-0.1615060567855835,-0.0888346447064805,-0.049699246883392334,-0.25782400369644165,-0.016775592641465664,-0.08455640077590942,-0.29059338569641113,-0.07733883097910166,-0.06243586540222168,-0.18661051988601685,-0.09520855680250406,-0.035713016986846924,-0.11323881149291992,-0.0898007838442254,-0.09703171253204346,-0.22348898649215698,-0.021918959395520687,-0.13441741466522217,-0.26052725315093994,-0.07704502478384256,-0.10612308979034424,-0.16641390323638916,-0.08074154094003916,-0.07353293895721436,-0.09500622749328613,-0.06308978185199976,-0.13644766807556152,-0.187941312789917,-0.02973588690304041,-0.19019180536270142,-0.2564131021499634,-0.056744967998497486,-0.23325484991073608,-0.2944035530090332,-0.06298276916288614,-0.2682381272315979,-0.3325779139995575,-0.05821954220675707
Y,0.0,0.0,0.0,0.05735456943511963,-0.09030354022979736,-0.031235036472480715,0.09205126762390137,-0.2155667543411255,-0.04402137644092363,0.12231552600860596,-0.31351742148399353,-0.05958575851718706,0.16642355918884277,-0.3606158494949341,-0.06987859777609629,0.0069220662117004395,-0.2871355414390564,-0.018077113697927416,-0.03280371427536011,-0.3249387741088867,-0.06280006192127985,-0.024696648120880127,-0.2300398349761963,-0.08501898966233057,-0.00539708137512207,-0.16077864170074463,-0.08812842986981195,-0.049690425395965576,-0.2571273446083069,-0.01650009400646013,-0.08455926179885864,-0.29042118787765503,-0.07699752322832865,-0.06197911500930786,-0.18656200170516968,-0.09509815744559091,-0.035260796546936035,-0.11266863346099854,-0.08989674321810526,-0.09710630774497986,-0.22288477420806885,-0.021546627427142084,-0.13458383083343506,-0.2605459690093994,-0.07660641245047373,-0.10606551170349121,-0.16613531112670898,-0.08044099531571192,-0.07381844520568848,-0.09399878978729248,-0.06292605868975443,-0.1365801990032196,-0.187513530254364,-0.029228028873603762,-0.19052231311798096,-0.255615770816803,-0.05636039472619814,-0.23365753889083862,-0.29363828897476196,-0.0627573253909759,-0.2691521942615509,-0.3317592740058899,-0.058158130417268694
Y,0.0,0.0,0.0,0.05739772319793701,-0.08993977308273315,-0.037517590085769825,0.09437882900238037,-0.21696901321411133,-0.0549574732880842,0.12635159492492676,-0.32014307379722595,-0.07439179495980852,0.16780906915664673,-0.3811315894126892,-0.08808579073360079,0.0039223432540893555,-0.2961162328720093,-0.02209845149030798,-0.035321712493896484,-0.32919010519981384,-0.07124434189012163,-0.026625990867614746,-0.23322641849517822,-0.09680718706061953,-0.007117927074432373,-0.1632246971130371,-0.10133293048551195,-0.05319356918334961,-0.2657947540283203,-0.01903073267152422,-0.08649337291717529,-0.29587703943252563,-0.08247651682307833,-0.06371819972991943,-0.18922734260559082,-0.1029192410509836,-0.0373077392578125,-0.11401540040969849,-0.09878671691825502,-0.10041102766990662,-0.22980117797851562,-0.023417502279187374,-0.13614600896835327,-0.2645648717880249,-0.0816153191130411,-0.10847926139831543,-0.16885912418365479,-0.08638160453250521,-0.07681465148925781,-0.09687656164169312,-0.06855338589360827,-0.1392926573753357,-0.19254183769226074,-0.03082292118182295,-0.19325575232505798,-0.2616550922393799,-0.05909539164116495,-0.2366085946559906,-0.29972201585769653,-0.06469608620813005,-0.27207499742507935,-0.3380938172340393,-0.058681340525652104
Y,0.0,0.0,0.0,0.05748951435089111,-0.08869755268096924,-0.038144048883737014,0.09366744756698608,-0.21773761510849,-0.055602059348643706,0.12605738639831543,-0.32216984033584595,-0.07525238080245344,0.16585636138916016,-0.38564324378967285,-0.08915482146960585,0.003693819046020508,-0.29837852716445923,-0.023441207244218276,-0.03685814142227173,-0.3296657204627991,-0.07248941494447081,-0.026863157749176025,-0.2327163815498352,-0.09688062651378004,-0.006704270839691162,-0.16344869136810303,-0.10044837428552,-0.05383610725402832,-0.2672242522239685,-0.020330481811583923,-0.08699768781661987,-0.2942555546760559,-0.08384482248050062,-0.06265431642532349,-0.1860184669494629,-0.10348207934123366,-0.03629428148269653,-0.11081534624099731,-0.0989169372461447,-0.10185965895652771,-0.2302861213684082,-0.024716789483250068,-0.13773900270462036,-0.26350653171539307,-0.08379090262872069,-0.10851719975471497,-0.16516834497451782,-0.08812619431239455,-0.07672518491744995,-0.09246170520782471,-0.06983904226046889,-0.14207351207733154,-0.19235068559646606,-0.03211869729977934,-0.19602978229522705,-0.2616029977798462,-0.06050927622538893,-0.23827338218688965,-0.2986338138580322,-0.06563452316743223,-0.2733170688152313,-0.3366256356239319,-0.05926819948774664
Y,0.0,0.0,0.0,0.05738377571105957,-0.08936643600463867,-0.03766240007644228,0.09375745058059692,-0.21861964464187622,-0.054778518298917334,0.1265581250190735,-0.3230692744255066,-0.07423616773849062,0.16677480936050415,-0.38623571395874023,-0.08806315637593798,0.004546821117401123,-0.29822641611099243,-0.022394646102839033,-0.036645472049713135,-0.3292270302772522,-0.07077547735934786,-0.027336597442626953,-0.23232942819595337,-0.09523141212230257,-0.00739443302154541,-0.16263991594314575,-0.09907053239112429,-0.05314546823501587,-0.267151415348053,-0.01943386919265322,-0.08708855509757996,-0.2940429449081421,-0.08220221675401262,-0.06344372034072876,-0.185982346534729,-0.10203802413707308,-0.036848604679107666,-0.1105031967163086,-0.0979207513428264,-0.10119906067848206,-0.2302381992340088,-0.02391147627895407,-0.13810205459594727,-0.2638658285140991,-0.08232802725797228,-0.10956418514251709,-0.1662050485610962,-0.08681318737035326,-0.07733660936355591,-0.09362411499023438,-0.06894095815187029,-0.14148736000061035,-0.1922067403793335,-0.03142253510122828,-0.1949785351753235,-0.2616073489189148,-0.05948519162302546,-0.23826777935028076,-0.2985343933105469,-0.06461247629886202,-0.2741239368915558,-0.3361888527870178,-0.058475693831496756
Y,0.0,0.0,0.0,0.05724400281906128,-0.08861982822418213,-0.038755306382995514,0.09321850538253784,-0.2173832654953003,-0.056566090663295654,0.12603384256362915,-0.3216400444507599,-0.07640872650347319,0.16426223516464233,-0.3875300884246826,-0.09026580058537093,0.004154086112976074,-0.2979726195335388,-0.024046988566738037,-0.03603488206863403,-0.33095481991767883,-0.07272253685198393,-0.027005553245544434,-0.2339690923690796,-0.09697708987198439,-0.006846189498901367,-0.1649937629699707,-0.1007622083326396,-0.05398458242416382,-0.2674292325973511,-0.020788683896284965,-0.08636373281478882,-0.2958027720451355,-0.08411933236322966,-0.06279045343399048,-0.18689864873886108,-0.10382053010664549,-0.036116063594818115,-0.11140817403793335,-0.0995243092676219,-0.10249245166778564,-0.23102116584777832,-0.025034991433244613,-0.13804057240486145,-0.26594775915145874,-0.08382339530191985,-0.10963144898414612,-0.1677490472793579,-0.08798815809689131,-0.07771867513656616,-0.09501564502716064,-0.06986782454453078,-0.1425890326499939,-0.19384318590164185,-0.03240193553767767,-0.19659775495529175,-0.26357364654541016,-0.0607195248504695,-0.23950105905532837,-0.30034613609313965,-0.06574167065821257,-0.274784654378891,-0.3380395770072937,-0.05947916709385481
Y,0.0,0.0,0.0,0.05758070945739746,-0.08921074867248535,-0.03986238629244099,0.09377515316009521,-0.21799838542938232,-0.058012939399702645,0.1258130669593811,-0.3226533532142639,-0.07817658350489864,0.16116905212402344,-0.39112913608551025,-0.09238928869984875,0.003405630588531494,-0.3036286234855652,-0.02345813938103447,-0.037012457847595215,-0.33300304412841797,-0.07357965723298321,-0.027685940265655518,-0.2355518937110901,-0.09906059817097912,-0.00794905424118042,-0.16529035568237305,-0.10313298121712933,-0.054415225982666016,-0.2729322910308838,-0.01985764630757103,-0.08792316913604736,-0.29768556356430054,-0.08419982657454739,-0.06368303298950195,-0.18831318616867065,-0.10474848315737972,-0.03705352544784546,-0.11200302839279175,-0.10059592441342602,-0.10267603397369385,-0.23565304279327393,-0.02412930630765686,-0.13911843299865723,-0.26534146070480347,-0.08400704280160198,-0.10997915267944336,-0.1679389476776123,-0.08905119762442837,-0.07766014337539673,-0.09616535902023315,-0.0710065023662878,-0.14307862520217896,-0.19692885875701904,-0.03156164974592457,-0.1975879669189453,-0.2659382224082947,-0.06030981183670292,-0.2402321696281433,-0.3028773069381714,-0.06545093224070797,-0.27536967396736145,-0.34039437770843506,-0.05890465468786488
Y,0.0,0.0,0.0,0.058581531047821045,-0.08886420726776123,-0.03906003258390456,0.0960434079170227,-0.21574246883392334,-0.056504907675218874,0.12755632400512695,-0.31901103258132935,-0.07599325350685149,0.1600055694580078,-0.38767677545547485,-0.08928656450672179,0.005415201187133789,-0.30001169443130493,-0.022769105278086954,-0.0359724760055542,-0.331573486328125,-0.0718312101737979,-0.026223301887512207,-0.2341446876525879,-0.09589218965930968,-0.005502879619598389,-0.16537326574325562,-0.09909989557428389,-0.05326718091964722,-0.2691389322280884,-0.019412259228658968,-0.08731624484062195,-0.2960495948791504,-0.08363187185688048,-0.06209707260131836,-0.1865147352218628,-0.10346861056251555,-0.033837854862213135,-0.11207711696624756,-0.09867969772977858,-0.10208189487457275,-0.23234939575195312,-0.023765158496928507,-0.1383381187915802,-0.2645221948623657,-0.08367746941013365,-0.108300119638443,-0.16603273153305054,-0.08800639084739714,-0.07488512992858887,-0.09494978189468384,-0.06938185415430098,-0.14274314045906067,-0.1947048306465149,-0.031198014162612253,-0.19732660055160522,-0.2643694281578064,-0.060117850668859774,-0.24067342281341553,-0.30056095123291016,-0.06503974518938094,-0.27620190382003784,-0.3381609618663788,-0.058235856361818605
Y,0.0,0.0,0.0,0.057897865772247314,-0.08961772918701172,-0.038227811231934083,0.09607088565826416,-0.21539753675460815,-0.055515479072653307,0.12761640548706055,-0.3179030120372772,-0.07511326275738384,0.15951454639434814,-0.38641268014907837,-0.08872764907749797,0.004203677177429199,-0.30060088634490967,-0.02090851008864547,-0.036017417907714844,-0.3306848704814911,-0.06955311797531749,-0.02622044086456299,-0.2345028519630432,-0.09441448353203441,-0.005803823471069336,-0.16497361660003662,-0.09827477090033199,-0.05418050289154053,-0.2695574164390564,-0.018229840099536432,-0.0876213014125824,-0.29611778259277344,-0.08143884293707515,-0.06274467706680298,-0.1886359453201294,-0.10221696995171214,-0.034468889236450195,-0.11381250619888306,-0.09845041833790447,-0.10281702876091003,-0.23238426446914673,-0.02320127725573684,-0.138372540473938,-0.262900710105896,-0.08202188067110683,-0.1092265248298645,-0.16644901037216187,-0.08707224182757045,-0.07609361410140991,-0.09570890665054321,-0.06939046435030605,-0.14367228746414185,-0.1939849853515625,-0.03127489961656238,-0.19844183325767517,-0.2626972198486328,-0.05944485194953586,-0.24245113134384155,-0.29918748140335083,-0.06420413754852916,-0.27822843194007874,-0.33638596534729004,-0.05755512766512538
Y,0.0,0.0,0.0,0.058338284492492676,-0.08954375982284546,-0.03881630693433635,0.0961562991142273,-0.2155134677886963,-0.05607974548695438,0.12708795070648193,-0.31830066442489624,-0.07555459459183567,0.1579374074935913,-0.38728684186935425,-0.0888608919536864,0.003457486629486084,-0.3017779588699341,-0.02055749875364654,-0.03570818901062012,-0.3302803039550781,-0.06930451859591358,-0.025333106517791748,-0.23354440927505493,-0.09404999782202594,-0.005132138729095459,-0.1646718978881836,-0.0978318454777991,-0.05455964803695679,-0.27118080854415894,-0.01752083022950046,-0.08754852414131165,-0.2958742380142212,-0.08066453804133289,-0.061479926109313965,-0.18738538026809692,-0.10105224718211048,-0.033536672592163086,-0.11314857006072998,-0.09705314059613102,-0.10262835025787354,-0.23378431797027588,-0.02229255084751003,-0.13874086737632751,-0.26255470514297485,-0.08164021392224186,-0.10841402411460876,-0.16572701930999756,-0.08651285637972705,-0.0754404067993164,-0.09568291902542114,-0.06859321166632526,-0.14300104975700378,-0.19485968351364136,-0.030158246130326916,-0.19785922765731812,-0.2630345821380615,-0.05884659309742801,-0.24160191416740417,-0.2986356019973755,-0.06360284258482807,-0.2780984342098236,-0.33567357063293457,-0.05683956687209957
Y,0.0,0.0,0.0,0.05877506732940674,-0.08820652961730957,-0.038863154863918226,0.0979810357093811,-0.21198254823684692,-0.056304941689575116,0.1288720965385437,-0.313985675573349,-0.07596418893893997,0.15773063898086548,-0.3836897015571594,-0.08966130650600235,0.005614817142486572,-0.29821890592575073,-0.02054446077903549,-0.033847033977508545,-0.3263344168663025,-0.06949832177718918,-0.02459949254989624,-0.23037195205688477,-0.09489169604142944,-0.004880130290985107,-0.1606042981147766,-0.09910324848254959,-0.052671611309051514,-0.2678987383842468,-0.01747889704068939,-0.08634293079376221,-0.2936522960662842,-0.08072643614372055,-0.06195622682571411,-0.18523532152175903,-0.10159202552398483,-0.034240782260894775,-0.1099778413772583,-0.0978897798713092,-0.1010216474533081,-0.2308771014213562,-0.022184480717385213,-0.13778933882713318,-0.2593153715133667,-0.081524616843069,-0.10908091068267822,-0.16219526529312134,-0.0866108897980098,-0.07609361410140991,-0.09165674448013306,-0.06879380977710525,-0.14161470532417297,-0.19247281551361084,-0.029989522686207692,-0.19549784064292908,-0.2603205442428589,-0.05870314947327415,-0.23994684219360352,-0.29529625177383423,-0.0633719701226596,-0.2768208086490631,-0.3316015601158142,-0.056529103582704465
Y,0.0,0.0,0.0,0.05839937925338745,-0.08832228183746338,-0.03970902965954792,0.09602272510528564,-0.2143927812576294,-0.057460425361909984,0.12700092792510986,-0.31733864545822144,-0.07719417469195378,0.15709030628204346,-0.38716572523117065,-0.09078039781741154,0.005230605602264404,-0.3026052713394165,-0.022066572621383784,-0.0356975793838501,-0.33015257120132446,-0.07139976130417836,-0.026262283325195312,-0.23226398229599,-0.0962707679121877,-0.005897641181945801,-0.16340941190719604,-0.10005458252123844,-0.0531843900680542,-0.27140676975250244,-0.01869746850422871,-0.08659833669662476,-0.2971617579460144,-0.0828914548604871,-0.06096619367599487,-0.18679052591323853,-0.10330115066460621,-0.03292369842529297,-0.11231982707977295,-0.09896278934172642,-0.10144084692001343,-0.23339158296585083,-0.02312200883022797,-0.13734161853790283,-0.26302093267440796,-0.08343445317439091,-0.10754111409187317,-0.16458654403686523,-0.08800772385291111,-0.0747794508934021,-0.09418714046478271,-0.06947021739176762,-0.14176681637763977,-0.19416487216949463,-0.03063243435315144,-0.19693773984909058,-0.2633821368217468,-0.059798186585226176,-0.2403317391872406,-0.29916316270828247,-0.06430139200381291,-0.2761503756046295,-0.3366003632545471,-0.05709257157138836
Y,0.0,0.0,0.0,0.05918401479721069,-0.08840519189834595,-0.03878375668205081,0.09852588176727295,-0.21282219886779785,-0.055264977404249294,0.1275085210800171,-0.3154844641685486,-0.07381973568476496,0.15001070499420166,-0.3879702687263489,-0.08627116087950526,0.005637228488922119,-0.3039400577545166,-0.020289534368885143,-0.03385704755783081,-0.327656626701355,-0.06908737275875865,-0.02405083179473877,-0.23120558261871338,-0.09457374517000972,-0.004218161106109619,-0.16149920225143433,-0.09883199039973078,-0.05330008268356323,-0.273967981338501,-0.017161233016622646,-0.08699458837509155,-0.29719650745391846,-0.0804630235222703,-0.06277316808700562,-0.18796885013580322,-0.10178454373158274,-0.03517836332321167,-0.11146962642669678,-0.09838008288420497,-0.10220679640769958,-0.23586690425872803,-0.021751761102450473,-0.13894203305244446,-0.26085442304611206,-0.08160582337654887,-0.1110302209854126,-0.162753164768219,-0.08717099730051814,-0.07847905158996582,-0.09166008234024048,-0.06957724098242579,-0.14311236143112183,-0.19542962312698364,-0.02935522575057803,-0.19748347997665405,-0.2635840177536011,-0.059060269632709606,-0.24252238869667053,-0.2989174723625183,-0.06432585571087657,-0.27957645058631897,-0.33550921082496643,-0.05772401917852221
Y,0.0,0.0,0.0,0.06044715642929077,-0.08962976932525635,-0.04039195771690629,0.10188537836074829,-0.2138919234275818,-0.05621242369886659,0.1284186840057373,-0.316873162984848,-0.07380491714354775,0.1386547088623047,-0.3917863667011261,-0.08503129552480004,0.005585849285125732,-0.3048544228076935,-0.019083088593447428,-0.03327441215515137,-0.32674139738082886,-0.06759029101010583,-0.02309715747833252,-0.22932308912277222,-0.09321694295283578,-0.0035035014152526855,-0.15897005796432495,-0.09721484999533914,-0.05349653959274292,-0.27433639764785767,-0.01508771754231475,-0.08585262298583984,-0.2952015995979309,-0.07797745834466241,-0.0621412992477417,-0.18598395586013794,-0.10023462246533654,-0.03507554531097412,-0.10939478874206543,-0.09748198311206124,-0.10251593589782715,-0.2355937957763672,-0.019072991194093447,-0.13848406076431274,-0.2600473165512085,-0.07897711019393228,-0.11118429899215698,-0.16244125366210938,-0.08546983669873498,-0.07866930961608887,-0.0911092758178711,-0.0682811237442138,-0.14325731992721558,-0.19488364458084106,-0.0262228160667064,-0.1979832649230957,-0.2637721300125122,-0.05584597061749719,-0.24323660135269165,-0.29907941818237305,-0.06117573227163575,-0.27976059913635254,-0.3347604274749756,-0.05437839995499871
Y,0.0,0.0,0.0,0.06002002954483032,-0.08923828601837158,-0.040505815634503506,0.10153430700302124,-0.2135027050971985,-0.056648213753476284,0.1281225085258484,-0.31677648425102234,-0.0744716379437591,0.13790923357009888,-0.39180076122283936,-0.08594014529325023,0.005606472492218018,-0.3046140670776367,-0.020446475932374142,-0.033307790756225586,-0.3262662887573242,-0.06881508264876857,-0.02334696054458618,-0.22861415147781372,-0.09415485743619456,-0.003840506076812744,-0.15843510627746582,-0.09812643412686839,-0.05362814664840698,-0.27394920587539673,-0.01644639890827193,-0.0849716067314148,-0.2958453297615051,-0.0792306963000442,-0.06108325719833374,-0.1859644651412964,-0.10125438902713313,-0.03441166877746582,-0.10893326997756958,-0.09855478290654673,-0.10271292924880981,-0.23490828275680542,-0.02025536108948245,-0.13775917887687683,-0.2606016993522644,-0.07999637756682887,-0.11047142744064331,-0.16261577606201172,-0.08609387312270655,-0.07873070240020752,-0.0911443829536438,-0.06887108121253505,-0.14351746439933777,-0.1939074993133545,-0.027223337778821133,-0.19845294952392578,-0.2632531523704529,-0.05687066946364894,-0.2429298460483551,-0.29917222261428833,-0.062088966706767224,-0.2791112959384918,-0.3357691764831543,-0.055348281154408596
Y,0.0,0.0,0.0,0.060265958309173584,-0.0903579592704773,-0.04171456275003038,0.10288304090499878,-0.21466737985610962,-0.05739857507364832,0.12803256511688232,-0.31914016604423523,-0.07442723465578638,0.12782829999923706,-0.3943018317222595,-0.08469218266623102,0.005791604518890381,-0.30411380529403687,-0.021471836319733484,-0.03338509798049927,-0.32589849829673767,-0.07008847100155435,-0.022932231426239014,-0.227938711643219,-0.09511672211306177,-0.0033101439476013184,-0.15819686651229858,-0.09865044308321558,-0.05346107482910156,-0.2738569378852844,-0.016818259558249338,-0.0859518051147461,-0.2955515384674072,-0.08044605208056055,-0.06195557117462158,-0.18552851676940918,-0.10273025435822092,-0.03480887413024902,-0.10833489894866943,-0.1000549296797999,-0.10296660661697388,-0.23525887727737427,-0.020151030919123514,-0.13899832963943481,-0.26090574264526367,-0.08059470606463037,-0.11152774095535278,-0.1630738377571106,-0.087247970229555,-0.07891404628753662,-0.09129494428634644,-0.0702494109930285,-0.14383238554000854,-0.19479882717132568,-0.02679108147935949,-0.19844868779182434,-0.26420915126800537,-0.05711852637546144,-0.2442026138305664,-0.29984837770462036,-0.06336368126289926,-0.2811078131198883,-0.33570924401283264,-0.05731714022772394
Y,0.0,0.0,0.0,0.05848336219787598,-0.09201925992965698,-0.04206460099516107,0.1024012565612793,-0.21298432350158691,-0.0585813237339039,0.12917131185531616,-0.3170193135738373,-0.0764486392944832,0.12185287475585938,-0.3910839259624481,-0.08732923623023225,0.004404842853546143,-0.30075132846832275,-0.02216239962575628,-0.03503739833831787,-0.3291724920272827,-0.07136858012376024,-0.024952054023742676,-0.23137420415878296,-0.09680311884579851,-0.00528794527053833,-0.16132515668869019,-0.1005107885211487,-0.05447453260421753,-0.27051812410354614,-0.01743312124011709,-0.08606112003326416,-0.2961351275444031,-0.0815121507257004,-0.06183815002441406,-0.1865035891532898,-0.10387073960004045,-0.03470659255981445,-0.10976701974868774,-0.10127402599749757,-0.10378074645996094,-0.23293358087539673,-0.020806658452727333,-0.13846200704574585,-0.2631845474243164,-0.08067425098118974,-0.11026117205619812,-0.1657683253288269,-0.0867982184499283,-0.0771780014038086,-0.09335029125213623,-0.06968507673440172,-0.1438351273536682,-0.19398409128189087,-0.02772906739113523,-0.19849860668182373,-0.2636226415634155,-0.057485466262676255,-0.24345970153808594,-0.30035650730133057,-0.06391096617875291,-0.27936771512031555,-0.3371827006340027,-0.05818832795915796
Y,0.0,0.0,0.0,0.05895739793777466,-0.09070682525634766,-0.0427204611335128,0.10265165567398071,-0.2119196057319641,-0.05917685279587204,0.12868309020996094,-0.3162277340888977,-0.07681816244462425,0.11940896511077881,-0.389820396900177,-0.08722878420689995,0.003437936305999756,-0.2971231937408447,-0.022966511416825597,-0.03583937883377075,-0.3277161121368408,-0.07151638144591743,-0.0254172682762146,-0.22868412733078003,-0.09562110329011375,-0.005576431751251221,-0.1597609519958496,-0.09850370312074119,-0.055081844329833984,-0.2665356397628784,-0.017757257315906827,-0.0867769718170166,-0.29411035776138306,-0.08196138763764793,-0.06151843070983887,-0.18395674228668213,-0.10350310975650245,-0.03386622667312622,-0.10827428102493286,-0.10021560812333519,-0.10381963849067688,-0.22936773300170898,-0.02063079537788326,-0.13853800296783447,-0.26181137561798096,-0.08047730648854667,-0.10888972878456116,-0.16400355100631714,-0.08575360650161201,-0.07555246353149414,-0.09210950136184692,-0.06799219721892769,-0.14326483011245728,-0.19154822826385498,-0.027102082837018315,-0.1979944109916687,-0.26197606325149536,-0.05676961118319923,-0.24220234155654907,-0.29925620555877686,-0.06299179965594703,-0.2778438329696655,-0.33667561411857605,-0.0571320185993045
Y,0.0,0.0,0.0,0.05955696105957031,-0.08946609497070312,-0.04326221953090226,0.1042223572731018,-0.20863252878189087,-0.05999842147286927,0.12950831651687622,-0.311624139547348,-0.07762770588453805,0.11844956874847412,-0.3832302689552307,-0.08826773102339303,0.003133237361907959,-0.29206323623657227,-0.025387811017594686,-0.035598158836364746,-0.32138848304748535,-0.07344003255423104,-0.025136351585388184,-0.22299718856811523,-0.09727503593023812,-0.005462944507598877,-0.1526615023612976,-0.10007725144680535,-0.05539250373840332,-0.2615668773651123,-0.019623049077949872,-0.0866323709487915,-0.2882643938064575,-0.08327122266348397,-0.06146883964538574,-0.1786772608757019,-0.10479480261858498,-0.0334625244140625,-0.10183435678482056,-0.10186333442982232,-0.10399433970451355,-0.22440552711486816,-0.02166783298309838,-0.13789016008377075,-0.25621283054351807,-0.08079586411770379,-0.10866928100585938,-0.15930813550949097,-0.08629710460957085,-0.07529807090759277,-0.08678948879241943,-0.06905346597488915,-0.14329922199249268,-0.18644440174102783,-0.027324516800604215,-0.19745656847953796,-0.25659674406051636,-0.05688533048089539,-0.2415696382522583,-0.29381006956100464,-0.06335012848433053,-0.27692747116088867,-0.33049917221069336,-0.057857422632537236
Y,0.0,0.0,0.0,0.0584721565246582,-0.09016907215118408,-0.04357996955627641,0.10231226682662964,-0.21177726984024048,-0.060805268586818784,0.1279926300048828,-0.31513211131095886,-0.07900441065544328,0.11849480867385864,-0.3876113295555115,-0.09001410380119523,0.0024309158325195312,-0.2986888885498047,-0.02592831105107507,-0.03682839870452881,-0.3251757025718689,-0.07540785148853502,-0.02637612819671631,-0.22457224130630493,-0.10001925006622514,-0.006669819355010986,-0.15425461530685425,-0.10304158553594789,-0.056718647480010986,-0.2682259678840637,-0.02033521607631883,-0.08750706911087036,-0.29199695587158203,-0.08494926616663179,-0.06255388259887695,-0.17990189790725708,-0.10636356100553712,-0.03432673215866089,-0.10305631160736084,-0.1029819585394307,-0.10566970705986023,-0.23042190074920654,-0.022730059922878354,-0.13873028755187988,-0.2601965069770813,-0.08265247568601808,-0.11021038889884949,-0.16177129745483398,-0.08781814947838029,-0.07670408487319946,-0.08942055702209473,-0.06993285194153032,-0.14520353078842163,-0.19150537252426147,-0.02876496687645158,-0.19905579090118408,-0.26175951957702637,-0.058511503041927426,-0.24330061674118042,-0.29840773344039917,-0.06456392631048402,-0.2780285179615021,-0.3345005214214325,-0.05841021239871225
Y,0.0,0.0,0.0,0.05921781063079834,-0.08985388278961182,-0.043558398019513334,0.103645920753479,-0.2104308009147644,-0.06038148118182107,0.1290798783302307,-0.3136170208454132,-0.07818447588010713,0.11939465999603271,-0.38544395565986633,-0.08885201601310655,0.003126978874206543,-0.2942194938659668,-0.02486171921714231,-0.03572714328765869,-0.3222622871398926,-0.07376424012704774,-0.02545177936553955,-0.22340494394302368,-0.09804744808002397,-0.00588679313659668,-0.15292584896087646,-0.1008438521437256,-0.055321455001831055,-0.26389795541763306,-0.01906100263818189,-0.08621370792388916,-0.28949815034866333,-0.08337505696340486,-0.06169170141220093,-0.17898422479629517,-0.10500123886390611,-0.033841848373413086,-0.10224050283432007,-0.10177920548244401,-0.10389068722724915,-0.22699904441833496,-0.021254360433658803,-0.1378108561038971,-0.25762563943862915,-0.08107231346889421,-0.1094481348991394,-0.15992242097854614,-0.08649196265264436,-0.07600212097167969,-0.08759891986846924,-0.06876829801126405,-0.1436510682106018,-0.18927115201950073,-0.02708400202914163,-0.1971413791179657,-0.25980156660079956,-0.05674233449622079,-0.24173545837402344,-0.296211838722229,-0.0627617814950554,-0.2771175801753998,-0.3321686387062073,-0.056646076720198835
Y,0.0,0.0,0.0,0.058329641819000244,-0.09223240613937378,-0.04330706294155107,0.10258495807647705,-0.21439647674560547,-0.06008653413033471,0.12790417671203613,-0.3180486559867859,-0.07783824275708184,0.1176367998123169,-0.3902069330215454,-0.0882768265483378,0.0021062493324279785,-0.2988632321357727,-0.024622360947489597,-0.03775012493133545,-0.3265133500099182,-0.07386698644137368,-0.02664858102798462,-0.22597259283065796,-0.09834680031514154,-0.006048619747161865,-0.15638792514801025,-0.10128302197432504,-0.05694162845611572,-0.26802778244018555,-0.018821407812595226,-0.08868253231048584,-0.2927532196044922,-0.08358226041769967,-0.06323075294494629,-0.1809699535369873,-0.10502257268404946,-0.0343092679977417,-0.10526388883590698,-0.10157729010558114,-0.10574492812156677,-0.2304542064666748,-0.021075128349423267,-0.13964799046516418,-0.2622138261795044,-0.08124053548550592,-0.11084812879562378,-0.16352015733718872,-0.08644146542525277,-0.07679939270019531,-0.09114187955856323,-0.06847246806597695,-0.1450570821762085,-0.1922614574432373,-0.02698436263477788,-0.19809895753860474,-0.2631150484085083,-0.05706506292796121,-0.24250251054763794,-0.29963409900665283,-0.06362748216366754,-0.27753129601478577,-0.33591723442077637,-0.057770800548553325
Y,0.0,0.0,0.0,0.059026896953582764,-0.09152621030807495,-0.04335648043695528,0.10324931144714355,-0.21276205778121948,-0.05999636127296526,0.12875866889953613,-0.3159145712852478,-0.07774367033186991,0.12037599086761475,-0.3881233036518097,-0.08813278971854288,0.003850698471069336,-0.2974514365196228,-0.023420578228865452,-0.03553074598312378,-0.32468879222869873,-0.07277621178570826,-0.02470684051513672,-0.22396528720855713,-0.09702181665841181,-0.0043048858642578125,-0.15527355670928955,-0.0997056722516163,-0.05517721176147461,-0.2666516900062561,-0.017657591390047855,-0.08734744787216187,-0.2920953035354614,-0.08296039550248224,-0.062241196632385254,-0.18014395236968994,-0.10438055394831736,-0.033286452293395996,-0.10561937093734741,-0.10056636332217295,-0.10362803936004639,-0.22886162996292114,-0.020033378514085598,-0.13743579387664795,-0.2584737539291382,-0.08090552537385065,-0.10837072134017944,-0.16009998321533203,-0.08587873576823313,-0.07408881187438965,-0.08948105573654175,-0.06727272866908152,-0.1431160271167755,-0.19055122137069702,-0.026031148048673458,-0.19445526599884033,-0.26274025440216064,-0.05576338096204836,-0.2373044490814209,-0.3020327091217041,-0.06158477662745554,-0.2709929943084717,-0.3414502441883087,-0.05506832374874193
Y,0.0,0.0,0.0,0.05872899293899536,-0.09095984697341919,-0.043542139905923705,0.10278725624084473,-0.21229475736618042,-0.06013117425464998,0.12866473197937012,-0.31585806608200073,-0.07773846455239664,0.11956733465194702,-0.38806092739105225,-0.08780701525830636,0.0029320120811462402,-0.29840153455734253,-0.02373723939382444,-0.03682941198348999,-0.32629191875457764,-0.07370027222060571,-0.025601983070373535,-0.22488880157470703,-0.09786346622132669,-0.00470423698425293,-0.15656280517578125,-0.1002522937240542,-0.055926501750946045,-0.2676618695259094,-0.017980494278901915,-0.08878353238105774,-0.2929760813713074,-0.0839791677179278,-0.06311434507369995,-0.18048465251922607,-0.10481453754329095,-0.03381776809692383,-0.10623574256896973,-0.10018143870257745,-0.10434478521347046,-0.22979962825775146,-0.020555599335068564,-0.13870668411254883,-0.2589343786239624,-0.08207635648869882,-0.10865303874015808,-0.15999150276184082,-0.0865700102629603,-0.07368552684783936,-0.08965545892715454,-0.06726522811078439,-0.1436995267868042,-0.19125938415527344,-0.026785422790283064,-0.1955796480178833,-0.26333093643188477,-0.057106842029327254,-0.23851004242897034,-0.3024880886077881,-0.06312834538840661,-0.2721303701400757,-0.34185653924942017,-0.056453057307237486
Y,0.0,0.0,0.0,0.05885183811187744,-0.09157240390777588,-0.04274340681240574,0.10286307334899902,-0.2139146327972412,-0.059097151825881156,0.12854623794555664,-0.3179733157157898,-0.07653281054899708,0.12106168270111084,-0.39117151498794556,-0.08644945136711613,0.0038014650344848633,-0.30051273107528687,-0.02331954016790405,-0.03573477268218994,-0.32664424180984497,-0.07252546362087742,-0.02476632595062256,-0.22537386417388916,-0.0963008623521091,-0.004276275634765625,-0.15740686655044556,-0.09847546331093326,-0.055424630641937256,-0.2703709006309509,-0.01769825592145935,-0.08691573143005371,-0.29341113567352295,-0.0824858766000034,-0.06122851371765137,-0.18136173486709595,-0.10288374833271519,-0.032296061515808105,-0.10806071758270264,-0.09822110048935428,-0.10407552123069763,-0.23268646001815796,-0.020182814071631583,-0.13711559772491455,-0.26149463653564453,-0.08069132230684772,-0.10712525248527527,-0.1624605655670166,-0.08460672161982075,-0.0726010799407959,-0.09226381778717041,-0.06511310450241581,-0.14392495155334473,-0.19415217638015747,-0.02624193727478996,-0.1950918436050415,-0.267917275428772,-0.055894385645842704,-0.23735445737838745,-0.30833756923675537,-0.06121303475902096,-0.2704874873161316,-0.3485102355480194,-0.05401381067440525
Y,0.0,0.0,0.0,0.059198200702667236,-0.08923524618148804,-0.041742276167781256,0.10671871900558472,-0.2116411328315735,-0.05820243037334194,0.13459473848342896,-0.31609246134757996,-0.07624177611461391,0.12946975231170654,-0.3905313014984131,-0.08684378094068279,0.011437654495239258,-0.3017193675041199,-0.02142891823342552,-0.028563082218170166,-0.3294880986213684,-0.07165246433606853,-0.020299851894378662,-0.2282930612564087,-0.09585398412338009,-0.0016108155250549316,-0.15884995460510254,-0.09770355350366344,-0.04679924249649048,-0.2754889130592346,-0.01616248465171566,-0.08075869083404541,-0.29901450872421265,-0.08217827207437267,-0.057356417179107666,-0.1849733591079712,-0.10279966122499218,-0.02957206964492798,-0.10931682586669922,-0.09734237915864696,-0.09579494595527649,-0.24145019054412842,-0.019049871480376623,-0.1310550570487976,-0.26814544200897217,-0.07954606390586605,-0.10335111618041992,-0.16715610027313232,-0.08281306899181118,-0.06996148824691772,-0.09601098299026489,-0.06221045530429592,-0.13761049509048462,-0.20596086978912354,-0.025467691710503004,-0.180681049823761,-0.283979594707489,-0.05310831195703258,-0.21804845333099365,-0.3282923102378845,-0.056743435329110525,-0.24820953607559204,-0.37217721343040466,-0.0482009982227396
Y,0.0,0.0,0.0,0.06032055616378784,-0.08603554964065552,-0.04248882186300307,0.10902172327041626,-0.20755380392074585,-0.05772117626554518,0.13806653022766113,-0.31246092915534973,-0.07387083497530966,0.13359951972961426,-0.3870507478713989,-0.08258514580018073,0.0157928466796875,-0.30220770835876465,-0.020156624807782464,-0.029045939445495605,-0.32791411876678467,-0.06965734538323431,-0.019919753074645996,-0.22690695524215698,-0.09337514367587119,0.0002594590187072754,-0.16034477949142456,-0.09460737284905463,-0.04125988483428955,-0.2775978446006775,-0.013221568508811288,-0.07972210645675659,-0.299943208694458,-0.07744988527781516,-0.05736273527145386,-0.18656158447265625,-0.09636375781781226,-0.031161367893218994,-0.11327141523361206,-0.08971291509158164,-0.08974918723106384,-0.2447652816772461,-0.014676490879423909,-0.12884002923965454,-0.2723381519317627,-0.0752016353297904,-0.10257726907730103,-0.1688632369041443,-0.07775781777388602,-0.0707363486289978,-0.09717702865600586,-0.05609770220405608,-0.13060373067855835,-0.21011734008789062,-0.019587109877534203,-0.1709931492805481,-0.2932965159416199,-0.04822640967256575,-0.2071366310119629,-0.33748555183410645,-0.05179764804131537,-0.23723724484443665,-0.37947753071784973,-0.04239641603714972
Y,0.0,0.0,0.0,0.059491515159606934,-0.08350354433059692,-0.04298756883287069,0.10618162155151367,-0.20677459239959717,-0.05746061221503851,0.13634324073791504,-0.31190311908721924,-0.07269601763033506,0.13545656204223633,-0.38549116253852844,-0.08038299024843809,0.014732658863067627,-0.3046991229057312,-0.017616043396230907,-0.027512848377227783,-0.3308830261230469,-0.06772089243673918,-0.018995463848114014,-0.23081082105636597,-0.09095912665867445,1.3470649719238281e-05,-0.16417467594146729,-0.09103110671782133,-0.04007565975189209,-0.2802712917327881,-0.010049217909511299,-0.07728016376495361,-0.29963308572769165,-0.07421518356346724,-0.05612105131149292,-0.18668442964553833,-0.09253321082138655,-0.03174936771392822,-0.11507576704025269,-0.08464340359711287,-0.08761990070343018,-0.2484002709388733,-0.011411743767496318,-0.12607374787330627,-0.27041149139404297,-0.07284686208510038,-0.09961876273155212,-0.16969507932662964,-0.07665752858662245,-0.06867945194244385,-0.10134142637252808,-0.05504746601724264,-0.12926337122917175,-0.21453702449798584,-0.016012451209064693,-0.16785821318626404,-0.29693347215652466,-0.04421234370016691,-0.20231151580810547,-0.3394494950771332,-0.04735365004086134,-0.23157480359077454,-0.3799881935119629,-0.037140274949308605
Y,0.0,0.0,0.0,0.0591127872467041,-0.08248758316040039,-0.044516256336180504,0.10763484239578247,-0.20761597156524658,-0.058541672561375435,0.13890963792800903,-0.3144935965538025,-0.07267113241931611,0.13632363080978394,-0.3891103267669678,-0.07907745454093629,0.015554547309875488,-0.3075879216194153,-0.016211826611367997,-0.027283191680908203,-0.3333604335784912,-0.0652653223611992,-0.01961958408355713,-0.23237210512161255,-0.0882980919220131,-0.0009086132049560547,-0.16577935218811035,-0.0881418681480568,-0.038155198097229004,-0.2843998670578003,-0.007051427174417313,-0.07611942291259766,-0.3039652109146118,-0.070689210925309,-0.05564373731613159,-0.18962299823760986,-0.08933081689855271,-0.03147357702255249,-0.11665016412734985,-0.08117009166261369,-0.08527272939682007,-0.2532375454902649,-0.006926389668194588,-0.12435197830200195,-0.27779585123062134,-0.06780278894683534,-0.09950494766235352,-0.17595285177230835,-0.07184557828685456,-0.06913882493972778,-0.10588592290878296,-0.050017217431275185,-0.1269296109676361,-0.21993345022201538,-0.010132672522274788,-0.16205912828445435,-0.30507028102874756,-0.03784447375318223,-0.19562238454818726,-0.34721118211746216,-0.04079910952231103,-0.2243502140045166,-0.38612043857574463,-0.03008411850413495
Y,0.0,0.0,0.0,0.059715092182159424,-0.08166015148162842,-0.04491963107028596,0.10868096351623535,-0.20716524124145508,-0.059032707101494,0.1404857039451599,-0.31428825855255127,-0.07309747356811158,0.13772207498550415,-0.3900178074836731,-0.07954906541743867,0.015681684017181396,-0.31058812141418457,-0.016411115041762514,-0.025466859340667725,-0.33488592505455017,-0.0659691454831659,-0.018018782138824463,-0.2341141700744629,-0.08910199124255769,3.796815872192383e-05,-0.16743457317352295,-0.08866289127507798,-0.03707855939865112,-0.2872900366783142,-0.007089027761310263,-0.07178175449371338,-0.3053811192512512,-0.07094088066259019,-0.052076637744903564,-0.19087862968444824,-0.0899317624036371,-0.029288113117218018,-0.11742138862609863,-0.08162280041614167,-0.08379703760147095,-0.2559170126914978,-0.0068773218419551085,-0.11998063325881958,-0.27698951959609985,-0.0678333925072252,-0.09551873803138733,-0.1762850284576416,-0.07256308067479722,-0.06627649068832397,-0.10719490051269531,-0.05093760285416238,-0.1258355975151062,-0.22252780199050903,-0.009919423236340208,-0.1614753007888794,-0.3063560724258423,-0.037475189751773996,-0.19475677609443665,-0.3476794958114624,-0.040399769878774805,-0.22274130582809448,-0.3855109214782715,-0.029356675780206842
Y,0.0,0.0,0.0,0.06040012836456299,-0.08326876163482666,-0.045386011358800715,0.10888057947158813,-0.2078075408935547,-0.05959034210115988,0.13988935947418213,-0.31479430198669434,-0.07401548197537977,0.13824963569641113,-0.3905375003814697,-0.08031698932916242,0.016837358474731445,-0.3079290986061096,-0.014001834784153289,-0.025527536869049072,-0.33620190620422363,-0.06425192078620512,-0.016720235347747803,-0.2346002459526062,-0.08740910759240705,0.002897977828979492,-0.16989737749099731,-0.08707713952333052,-0.036389172077178955,-0.2837827205657959,-0.005010165852013415,-0.07202106714248657,-0.3067120909690857,-0.07067208608657438,-0.05124551057815552,-0.1924077272415161,-0.0899150582221182,-0.02767777442932129,-0.12191689014434814,-0.08147562166720945,-0.08356887102127075,-0.2522072196006775,-0.005595425721708125,-0.12043565511703491,-0.27658164501190186,-0.06870750954419691,-0.09488797187805176,-0.17515230178833008,-0.07329132279426176,-0.06478464603424072,-0.10700869560241699,-0.05107779299885351,-0.12530368566513062,-0.21969497203826904,-0.009547182936671561,-0.16192913055419922,-0.3026247024536133,-0.038701477107110804,-0.19558459520339966,-0.34322428703308105,-0.04243691509634573,-0.22385579347610474,-0.3816731572151184,-0.031847226080003566
Y,0.0,0.0,0.0,0.06013768911361694,-0.08305293321609497,-0.04436309453620879,0.10791683197021484,-0.2091977596282959,-0.058209395078563375,0.13907647132873535,-0.316547691822052,-0.07242524441852538,0.1378762125968933,-0.392297625541687,-0.07846412625684707,0.018736958503723145,-0.309004008769989,-0.015829363880300207,-0.026355624198913574,-0.33898013830184937,-0.06597158130779235,-0.017565429210662842,-0.2363550066947937,-0.08799487915410964,0.0029826760292053223,-0.17230123281478882,-0.0871380772866246,-0.03538113832473755,-0.28584903478622437,-0.007340489929163141,-0.07290959358215332,-0.3093879818916321,-0.07320293602123229,-0.05229783058166504,-0.19354385137557983,-0.09098172750844924,-0.02838301658630371,-0.12373340129852295,-0.08177142408266036,-0.08350339531898499,-0.2544211745262146,-0.008308616509282274,-0.12173175811767578,-0.28042858839035034,-0.07164568272008864,-0.0954735279083252,-0.17754393815994263,-0.07522298213615386,-0.06415742635726929,-0.10944056510925293,-0.052623590496921224,-0.12599006295204163,-0.22120004892349243,-0.012589288917922659,-0.16306787729263306,-0.3045220971107483,-0.04281013649477927,-0.19777154922485352,-0.3451912999153137,-0.04739184495582549,-0.2265491485595703,-0.3844887614250183,-0.03754866686239211
Y,0.0,0.0,0.0,0.05994462966918945,-0.08233833312988281,-0.04375216867885001,0.10784584283828735,-0.2090623378753662,-0.05737898256739982,0.1395583152770996,-0.3158196806907654,-0.07155145462712653,0.13804376125335693,-0.3914423882961273,-0.07754558827838309,0.018802225589752197,-0.31116461753845215,-0.01517288610449441,-0.02672666311264038,-0.33968913555145264,-0.06561264898738273,-0.017399609088897705,-0.23673313856124878,-0.08784948792418845,0.004033684730529785,-0.17224371433258057,-0.08695344384869941,-0.035537123680114746,-0.2869073152542114,-0.007348794863730745,-0.07317543029785156,-0.30919522047042847,-0.07326837387046226,-0.05166548490524292,-0.19438189268112183,-0.09125011172255881,-0.02672523260116577,-0.12498408555984497,-0.08216380085906394,-0.08354976773262024,-0.25462937355041504,-0.00900382772198327,-0.12154734134674072,-0.27914297580718994,-0.07251100000104316,-0.09514042735099792,-0.17661434412002563,-0.07632696386536963,-0.06370645761489868,-0.10915553569793701,-0.0538539974029959,-0.12566596269607544,-0.22113651037216187,-0.013923662156969385,-0.16326522827148438,-0.3034682869911194,-0.043826253527015524,-0.19780874252319336,-0.34438204765319824,-0.0481084598239363,-0.22603565454483032,-0.3840106725692749,-0.038058915549129324
Y,0.0,0.0,0.0,0.05994993448257446,-0.08355969190597534,-0.04370248332855908,0.10688120126724243,-0.21032756567001343,-0.05730702743170468,0.13784641027450562,-0.31707990169525146,-0.07156395182249753,0.13678377866744995,-0.39247894287109375,-0.07762331530688016,0.017589271068572998,-0.31007319688796997,-0.014763600344338101,-0.027034521102905273,-0.3398039937019348,-0.06582192346689908,-0.01768571138381958,-0.23708099126815796,-0.08834114685890881,0.0035199522972106934,-0.17258483171463013,-0.08745266512272565,-0.0367664098739624,-0.2854178547859192,-0.007250528468318862,-0.0739980936050415,-0.31023991107940674,-0.07395114019749371,-0.05261141061782837,-0.19582170248031616,-0.0923874379718086,-0.02757817506790161,-0.1262880563735962,-0.08325649067995755,-0.08477067947387695,-0.2532879114151001,-0.009305841440834683,-0.12243211269378662,-0.2782108187675476,-0.07354045674441068,-0.09581908583641052,-0.1760789155960083,-0.0777268932783386,-0.0642511248588562,-0.1088743805885315,-0.05510572359202115,-0.12695986032485962,-0.22013753652572632,-0.014614949154236001,-0.16545230150222778,-0.3029763698577881,-0.044897191377856416,-0.20026373863220215,-0.3446768522262573,-0.04935140922901837,-0.2285633087158203,-0.38496747612953186,-0.03926305487988202
Y,0.0,0.0,0.0,0.05910146236419678,-0.08466517925262451,-0.0426914667899041,0.10619926452636719,-0.21355777978897095,-0.0557587942296891,0.13808506727218628,-0.3211480975151062,-0.06952837986892746,0.13594448566436768,-0.3945609927177429,-0.07531421763843582,0.01619565486907959,-0.31302154064178467,-0.015152867343488197,-0.02701038122177124,-0.3420169949531555,-0.06573281569427536,-0.01820242404937744,-0.2394399642944336,-0.08813442422098205,0.0018770694732666016,-0.1739371418952942,-0.08722354603952454,-0.037943482398986816,-0.28848373889923096,-0.007791890688451986,-0.0739448070526123,-0.3119516968727112,-0.07398778332418487,-0.05362117290496826,-0.1977636218070984,-0.09240102900213287,-0.02983170747756958,-0.1267338991165161,-0.08341975642389343,-0.08575126528739929,-0.25606757402420044,-0.009738250095608691,-0.12286543846130371,-0.28262650966644287,-0.07319525761550949,-0.09712323546409607,-0.18039339780807495,-0.07742817832178162,-0.06642425060272217,-0.11181813478469849,-0.05509972332066582,-0.12795287370681763,-0.22200548648834229,-0.014873037506106357,-0.1662338376045227,-0.3074570894241333,-0.044904430788221816,-0.20134007930755615,-0.3524673283100128,-0.04968996850794838,-0.23002198338508606,-0.395817369222641,-0.039970071446362
Y,0.0,0.0,0.0,0.05906057357788086,-0.08406692743301392,-0.04251847877287673,0.10610276460647583,-0.21259987354278564,-0.055491109333274835,0.13822799921035767,-0.32045072317123413,-0.06910609915041732,0.13682615756988525,-0.39466947317123413,-0.07474958612704086,0.01628941297531128,-0.31347280740737915,-0.014719264536438459,-0.026173412799835205,-0.34054839611053467,-0.064603847406147,-0.017724275588989258,-0.23794251680374146,-0.08690042509817886,0.0018825531005859375,-0.1729699969291687,-0.08615613444828796,-0.03815019130706787,-0.2895835041999817,-0.007207204542396539,-0.07376712560653687,-0.3101876974105835,-0.07248006477141189,-0.05340200662612915,-0.19550180435180664,-0.09066746845030593,-0.029645979404449463,-0.12512224912643433,-0.08185505583071517,-0.08601310849189758,-0.2571790814399719,-0.008911238937912458,-0.12290483713150024,-0.2826196551322937,-0.07191793336653518,-0.09718847274780273,-0.1792629361152649,-0.07591371699356841,-0.0665542483329773,-0.11024719476699829,-0.05361497118258285,-0.12799033522605896,-0.22298544645309448,-0.013766110829351419,-0.16596990823745728,-0.3087453246116638,-0.04393204017662811,-0.20114260911941528,-0.3535420894622803,-0.04862234830045509,-0.23019671440124512,-0.3969739079475403,-0.038827569178579324
Y,0.0,0.0,0.0,0.05862313508987427,-0.08385109901428223,-0.04285008267476087,0.10510176420211792,-0.21169567108154297,-0.05618523986055379,0.13664233684539795,-0.31834572553634644,-0.07018906802846914,0.13586246967315674,-0.39254140853881836,-0.07635580182983404,0.013268649578094482,-0.3115496039390564,-0.015543683366615824,-0.028849005699157715,-0.3377535939216614,-0.06625411094142919,-0.01982170343399048,-0.23600786924362183,-0.08885739923431402,0.00022864341735839844,-0.17013776302337646,-0.08791107119037633,-0.04073822498321533,-0.28687381744384766,-0.008048108713467172,-0.07597804069519043,-0.30574142932891846,-0.07403524399711614,-0.055076420307159424,-0.19177043437957764,-0.09254485548450475,-0.03095000982284546,-0.12092947959899902,-0.08356308371736532,-0.08803966641426086,-0.2540462017059326,-0.009815175020833067,-0.12464562058448792,-0.2768058180809021,-0.07340332300378805,-0.09859740734100342,-0.17451059818267822,-0.0778774041028214,-0.06779038906097412,-0.10602593421936035,-0.05548440099670415,-0.12955278158187866,-0.21962982416152954,-0.014681820692260317,-0.16777533292770386,-0.30496102571487427,-0.044638832965631536,-0.20246827602386475,-0.350361704826355,-0.049008103022117666,-0.2308211326599121,-0.3940470814704895,-0.03877383650257116
Y,0.0,0.0,0.0,0.05847883224487305,-0.0850447416305542,-0.04373116818192102,0.10443347692489624,-0.21284127235412598,-0.057363361389661804,0.1354559063911438,-0.3212512731552124,-0.07147543159248926,0.13517296314239502,-0.3961849808692932,-0.07758747813227274,0.013264954090118408,-0.3102930784225464,-0.016376873747731224,-0.029985010623931885,-0.3400344252586365,-0.06645237681391336,-0.02043360471725464,-0.23787015676498413,-0.08854114291193582,-0.0003668665885925293,-0.17287123203277588,-0.0876026528787861,-0.04057377576828003,-0.28576427698135376,-0.008272905172134415,-0.07721728086471558,-0.306940495967865,-0.0738774987769375,-0.05576258897781372,-0.19282841682434082,-0.0920102598977337,-0.03150653839111328,-0.12307047843933105,-0.08312252935888864,-0.08770361542701721,-0.2529992461204529,-0.009463971750165001,-0.12566080689430237,-0.27709048986434937,-0.0723361226630459,-0.09862586855888367,-0.17568612098693848,-0.07632881429913141,-0.06704741716384888,-0.10821133852005005,-0.05400871512415506,-0.12923085689544678,-0.21827822923660278,-0.01393089004727699,-0.16822975873947144,-0.30410104990005493,-0.04354313042881586,-0.20347261428833008,-0.35093843936920166,-0.048261471362138764,-0.23227530717849731,-0.39589256048202515,-0.038648452879215256
Y,0.0,0.0,0.0,0.05895555019378662,-0.08523166179656982,-0.04360993149771275,0.10557335615158081,-0.21322715282440186,-0.05721111538900914,0.1366158127784729,-0.32189249992370605,-0.07125955018295826,0.13597989082336426,-0.39731279015541077,-0.07731583657755436,0.014829039573669434,-0.3110162615776062,-0.01658676507963719,-0.029368996620178223,-0.3402014672756195,-0.06674685272469105,-0.020438790321350098,-0.23806291818618774,-0.088947310476442,0.00012254714965820312,-0.17304563522338867,-0.08826127591623845,-0.03933453559875488,-0.2870640158653259,-0.008592964514036794,-0.07669585943222046,-0.3094310164451599,-0.07463253232731404,-0.0563010573387146,-0.1949869990348816,-0.09295278730883183,-0.03199559450149536,-0.12413144111633301,-0.08421367350115361,-0.08694297075271606,-0.25444769859313965,-0.00987934916361155,-0.12540316581726074,-0.279601514339447,-0.07326112630858006,-0.0994824767112732,-0.1775130033493042,-0.07749346586956563,-0.0678032636642456,-0.10908496379852295,-0.0553363071669537,-0.12884557247161865,-0.21956145763397217,-0.014441645136912484,-0.16811203956604004,-0.3059825301170349,-0.045127588688274045,-0.2045055329799652,-0.3526052236557007,-0.050716105281253476,-0.23399817943572998,-0.3971348702907562,-0.0416731493462521
Y,0.0,0.0,0.0,0.05936288833618164,-0.08363968133926392,-0.044311952945747635,0.10556119680404663,-0.21109116077423096,-0.0579294238062289,0.1362183690071106,-0.31840085983276367,-0.07201973458842303,0.13575255870819092,-0.39369240403175354,-0.0783166225822356,0.014216423034667969,-0.30879533290863037,-0.01690727396027114,-0.030335545539855957,-0.3348280191421509,-0.0670539375217345,-0.02097994089126587,-0.2327653169631958,-0.08931075146512057,-0.00025516748428344727,-0.16729754209518433,-0.08843975624159839,-0.04024273157119751,-0.283769428730011,-0.008681367319979927,-0.07746618986129761,-0.3020782470703125,-0.07468464335516956,-0.05645251274108887,-0.18800252676010132,-0.09338409563616779,-0.031824707984924316,-0.11709034442901611,-0.08483256509617831,-0.08768442273139954,-0.25051772594451904,-0.009762204420724174,-0.12589967250823975,-0.2726556658744812,-0.07361272087410953,-0.09991288185119629,-0.17142438888549805,-0.07871499022559192,-0.06826651096343994,-0.10338020324707031,-0.05683438589886691,-0.12912070751190186,-0.2152574062347412,-0.01408356258735921,-0.16868558526039124,-0.30104899406433105,-0.04477379208520915,-0.2051314115524292,-0.3474956750869751,-0.05028364544824626,-0.2344503402709961,-0.3913538455963135,-0.04100847726778056
Y,0.0,0.0,0.0,0.05858051776885986,-0.08474040031433105,-0.04409040712573642,0.10388857126235962,-0.21377414464950562,-0.05767429076888675,0.1340317726135254,-0.32175707817077637,-0.07176050000646228,0.13379371166229248,-0.3975715637207031,-0.07796649836757297,0.011282503604888916,-0.3104686737060547,-0.017043402575041,-0.03330385684967041,-0.33699309825897217,-0.06767552547910327,-0.023583531379699707,-0.23527628183364868,-0.08989618920543307,-0.0023443102836608887,-0.16995584964752197,-0.08881867878892535,-0.042230844497680664,-0.2846325635910034,-0.00905202251681203,-0.07939612865447998,-0.30369114875793457,-0.07547953181722278,-0.05783891677856445,-0.1908218264579773,-0.09410821103313083,-0.032802462577819824,-0.12078940868377686,-0.08531189166762942,-0.08905869722366333,-0.25074291229248047,-0.010419686481441204,-0.1274707019329071,-0.27226632833480835,-0.07460353725412006,-0.10091513395309448,-0.1716092824935913,-0.07960555159309024,-0.06906616687774658,-0.10455763339996338,-0.057453872792507354,-0.1305416226387024,-0.21534454822540283,-0.01498930171885604,-0.17108088731765747,-0.30168378353118896,-0.045738944940353576,-0.20752620697021484,-0.349345862865448,-0.051171926938081924,-0.23671001195907593,-0.3944489359855652,-0.041727410785938446
Y,0.0,0.0,0.0,0.058734357357025146,-0.0849953293800354,-0.04355137081887506,0.10366952419281006,-0.21446210145950317,-0.05706719340827249,0.1341800093650818,-0.32249751687049866,-0.07103857057239793,0.135281503200531,-0.39774030447006226,-0.07714623617079042,0.012938857078552246,-0.31140822172164917,-0.017393937651775104,-0.030113637447357178,-0.3367072343826294,-0.06782862203266404,-0.021005451679229736,-0.2344847321510315,-0.09026589648868821,-0.000914156436920166,-0.16910523176193237,-0.08961242096569322,-0.0415005087852478,-0.2868685722351074,-0.00952423954453252,-0.07796251773834229,-0.30524998903274536,-0.07522799478914521,-0.05684107542037964,-0.19077295064926147,-0.0932389761700847,-0.03222554922103882,-0.12048804759979248,-0.08440158175375245,-0.08887240290641785,-0.2530089020729065,-0.0109005471139767,-0.12692856788635254,-0.27485930919647217,-0.07441121744062684,-0.10043102502822876,-0.17222076654434204,-0.07818344639684938,-0.06886380910873413,-0.10418438911437988,-0.05553561108257554,-0.1306866705417633,-0.2164909839630127,-0.015504276697299701,-0.1699022650718689,-0.305436372756958,-0.045912973900101406,-0.20558741688728333,-0.35366952419281006,-0.05057070063497804,-0.2346072494983673,-0.3994584381580353,-0.04077776925709031
Y,0.0,0.0,0.0,0.05910170078277588,-0.08485323190689087,-0.04298732153097262,0.10454344749450684,-0.21327894926071167,-0.05623628294983973,0.13479411602020264,-0.3215201199054718,-0.06983673668423762,0.134660005569458,-0.3965155780315399,-0.07570321208754649,0.013420939445495605,-0.3096171021461487,-0.018558013280426167,-0.03012913465499878,-0.33400803804397583,-0.06917389578143229,-0.021271944046020508,-0.2323458194732666,-0.09159198499241938,-0.0010946989059448242,-0.16758650541305542,-0.09083576596299281,-0.041376709938049316,-0.28564274311065674,-0.0107598426095592,-0.07842272520065308,-0.3022971749305725,-0.07662747896233668,-0.056858718395233154,-0.18859243392944336,-0.09442583567420115,-0.031281352043151855,-0.11985540390014648,-0.08540883011141887,-0.08888483047485352,-0.2522503733634949,-0.011995887411330841,-0.12698161602020264,-0.27285104990005493,-0.07582301742354502,-0.10003229975700378,-0.1702280044555664,-0.07960283107081523,-0.06800180673599243,-0.10291916131973267,-0.056816012626086376,-0.13092631101608276,-0.21608227491378784,-0.016310856705104015,-0.16988205909729004,-0.3054393529891968,-0.04732074684420695,-0.20576441287994385,-0.35352349281311035,-0.05207754022399058,-0.23500317335128784,-0.3990033268928528,-0.04211830443659892
Y,0.0,0.0,0.0,0.058638155460357666,-0.08484625816345215,-0.04365819984963082,0.10325807332992554,-0.2120392918586731,-0.05733187043955468,0.13334882259368896,-0.3200162351131439,-0.07126729110171937,0.13423269987106323,-0.39478594064712524,-0.07733154216697358,0.0128098726272583,-0.3090054392814636,-0.01889732399871491,-0.03051137924194336,-0.3343746066093445,-0.06962473610332154,-0.021294116973876953,-0.23240125179290771,-0.09195307562043809,-0.0011246800422668457,-0.16795557737350464,-0.0911607883303418,-0.04175877571105957,-0.28455621004104614,-0.010839502456690298,-0.07873302698135376,-0.3016074299812317,-0.07709998557260178,-0.05650252103805542,-0.18772953748703003,-0.09497846582820557,-0.03100377321243286,-0.1191217303276062,-0.08593615809371613,-0.08906388282775879,-0.2514052987098694,-0.011921347248460279,-0.12664660811424255,-0.2715378403663635,-0.07589889982631348,-0.09918719530105591,-0.16953051090240479,-0.0799010089962735,-0.06740832328796387,-0.10245877504348755,-0.05725533062508248,-0.13082563877105713,-0.21611464023590088,-0.016137995886708723,-0.17017698287963867,-0.3042844533920288,-0.047032776418234334,-0.20548486709594727,-0.3527337610721588,-0.052042040172125326,-0.23434174060821533,-0.3985428512096405,-0.042354161980654226
Y,0.0,0.0,0.0,0.05930030345916748,-0.0824352502822876,-0.04425080099480283,0.10409653186798096,-0.21088963747024536,-0.05809722819702756,0.13451236486434937,-0.31959813833236694,-0.07215669730084073,0.13432002067565918,-0.3953348994255066,-0.07841818013565671,0.014203548431396484,-0.3083851933479309,-0.020036127207447407,-0.02942478656768799,-0.33442336320877075,-0.07078263887541425,-0.021084189414978027,-0.23256194591522217,-0.0932393444456352,-0.001319587230682373,-0.1669263243675232,-0.09260928609745633,-0.04061996936798096,-0.284529447555542,-0.011921734338272927,-0.07807272672653198,-0.30178016424179077,-0.07834442683832776,-0.05662435293197632,-0.188032329082489,-0.09649223813192975,-0.030911266803741455,-0.11796003580093384,-0.08759878554718625,-0.08831867575645447,-0.2515196204185486,-0.012962788132597325,-0.1266418993473053,-0.2722471356391907,-0.07692056128161084,-0.09967517852783203,-0.16987109184265137,-0.08115330317394864,-0.06737589836120605,-0.10181409120559692,-0.05866427698509824,-0.13049405813217163,-0.21567076444625854,-0.017243524802495358,-0.16951018571853638,-0.3039676547050476,-0.04826705881731641,-0.20557844638824463,-0.3524360656738281,-0.053576674101520894,-0.2348220944404602,-0.39837831258773804,-0.04414504745381009
Y,0.0,0.0,0.0,0.059022486209869385,-0.0832865834236145,-0.04444967530196209,0.10446685552597046,-0.20978128910064697,-0.05857568181579609,0.1346176266670227,-0.3183189034461975,-0.07287368498271007,0.1362851858139038,-0.39507704973220825,-0.0793319674534132,0.014002978801727295,-0.3071192502975464,-0.019366319696359824,-0.029828190803527832,-0.3334709405899048,-0.0700686605972578,-0.020979642868041992,-0.23157137632369995,-0.09253117016976375,-0.0007153749465942383,-0.16636931896209717,-0.09192544541781444,-0.040536463260650635,-0.2828783392906189,-0.01097296405112047,-0.07791310548782349,-0.30085182189941406,-0.07754990778391857,-0.05636471509933472,-0.18680107593536377,-0.0957983913225462,-0.03071647882461548,-0.11696350574493408,-0.08700049243395824,-0.08803284168243408,-0.25001949071884155,-0.011762672509007643,-0.12611675262451172,-0.2722128629684448,-0.07587097905104656,-0.09956908226013184,-0.1699082851409912,-0.07995222083752651,-0.06743800640106201,-0.1015540361404419,-0.05739641882007618,-0.12986725568771362,-0.2149519920349121,-0.015799976359062384,-0.1694241762161255,-0.30275291204452515,-0.0472514549595644,-0.205733060836792,-0.3514794409275055,-0.05285745061462421,-0.23503196239471436,-0.3973982036113739,-0.04358398489182491
Y,0.0,0.0,0.0,0.05900990962982178,-0.08375740051269531,-0.044203893298345065,0.10393410921096802,-0.21027368307113647,-0.05818485935969875,0.133661687374115,-0.31810757517814636,-0.07244484221382663,0.13535892963409424,-0.3943082094192505,-0.07895457094355152,0.013595163822174072,-0.30713462829589844,-0.019096189195352054,-0.02947235107421875,-0.3332241177558899,-0.0699034864251189,-0.020963847637176514,-0.231367290019989,-0.09245848005457447,-0.0011960864067077637,-0.16579830646514893,-0.09190370982332752,-0.0406915545463562,-0.28260475397109985,-0.01076648386015222,-0.077309250831604,-0.2996877431869507,-0.07743481641455219,-0.05656057596206665,-0.1857595443725586,-0.09564158415241764,-0.03151118755340576,-0.11591601371765137,-0.08681950812979267,-0.08811461925506592,-0.249489426612854,-0.011641872132258868,-0.1258423626422882,-0.27148711681365967,-0.07583910321636722,-0.09989726543426514,-0.16939187049865723,-0.07993347292585895,-0.06819111108779907,-0.10107749700546265,-0.05738526677532718,-0.1300736665725708,-0.21439039707183838,-0.015735770592527842,-0.16993391513824463,-0.3014289140701294,-0.04733117764635608,-0.20621925592422485,-0.34978246688842773,-0.052947518432574725,-0.23532521724700928,-0.39562609791755676,-0.043652107024627185
Y,0.0,0.0,0.0,0.05889803171157837,-0.08363544940948486,-0.043962652052471185,0.10386377573013306,-0.21142160892486572,-0.057850448603460336,0.13390737771987915,-0.3192860782146454,-0.07201423701150134,0.13394039869308472,-0.395135760307312,-0.07845293935639575,0.01360398530960083,-0.30778074264526367,-0.019395087103077913,-0.029984235763549805,-0.33208513259887695,-0.07049459424121096,-0.02176058292388916,-0.23054808378219604,-0.09343487229449465,-0.002064645290374756,-0.16485947370529175,-0.09302347358567431,-0.041204988956451416,-0.2832432985305786,-0.011255923847386384,-0.07786905765533447,-0.29950881004333496,-0.07774374094111636,-0.05701756477355957,-0.18605172634124756,-0.09599431809289172,-0.0315777063369751,-0.11648201942443848,-0.0872513076315613,-0.08892190456390381,-0.25004100799560547,-0.012264181117245698,-0.12640291452407837,-0.27149391174316406,-0.07622985001904681,-0.10049587488174438,-0.16937506198883057,-0.08012075182301714,-0.0686572790145874,-0.10122734308242798,-0.05746306684119418,-0.1311611533164978,-0.21464091539382935,-0.016509354303309465,-0.17112815380096436,-0.301963746547699,-0.047757221574613595,-0.20745408535003662,-0.35001039505004883,-0.052851429397890115,-0.23649060726165771,-0.39588266611099243,-0.043166337723562265
Y,0.0,0.0,0.0,0.05848151445388794,-0.08358198404312134,-0.0440230587665269,0.1029168963432312,-0.21087956428527832,-0.05838553553263637,0.132851243019104,-0.31868499517440796,-0.07317333614270183,0.1344100832939148,-0.39485472440719604,-0.08028280680815669,0.012906968593597412,-0.30637091398239136,-0.020851529592675888,-0.030012667179107666,-0.3332860469818115,-0.07181747948567363,-0.021119117736816406,-0.23128795623779297,-0.09438635354678127,-0.001285254955291748,-0.16576886177062988,-0.09412970339695903,-0.04173320531845093,-0.2817923426628113,-0.013105772824985706,-0.07881981134414673,-0.2990051507949829,-0.07960040068070384,-0.05758488178253174,-0.18518447875976562,-0.09748021459023448,-0.03224855661392212,-0.11546450853347778,-0.0889175603334138,-0.08907610177993774,-0.24825096130371094,-0.014496704952819073,-0.12717586755752563,-0.2701641321182251,-0.07820167338292094,-0.10029780864715576,-0.16830027103424072,-0.08183266913334819,-0.06790304183959961,-0.10041511058807373,-0.05953812544981929,-0.1305750608444214,-0.212263822555542,-0.0191960403863618,-0.17154842615127563,-0.2987275719642639,-0.050577960366410935,-0.20836663246154785,-0.34707051515579224,-0.05625748580138179,-0.23777228593826294,-0.39307600259780884,-0.04744459634463283
Y,0.0,0.0,0.0,0.05901390314102173,-0.08303385972976685,-0.04446429120673656,0.1040613055229187,-0.209905207157135,-0.058769931218762395,0.13410496711730957,-0.3176251947879791,-0.07328257071151256,0.13320565223693848,-0.393166720867157,-0.08004364477767467,0.013737738132476807,-0.30496495962142944,-0.021240278280515668,-0.029116570949554443,-0.33150139451026917,-0.0719719167269659,-0.02068161964416504,-0.22909486293792725,-0.09443426983727932,-0.0012879371643066406,-0.16326773166656494,-0.09404131131543636,-0.041461050510406494,-0.28072869777679443,-0.013123197614390847,-0.07791656255722046,-0.29981476068496704,-0.07930149244441509,-0.0570409893989563,-0.18615984916687012,-0.0973247449315977,-0.03188961744308472,-0.11593616008758545,-0.08884161817206859,-0.08928951621055603,-0.24744391441345215,-0.014042655139405724,-0.1268380880355835,-0.2703726887702942,-0.07743543492927074,-0.10058948397636414,-0.1685338020324707,-0.08102652537002086,-0.06876921653747559,-0.1004297137260437,-0.05871096732391834,-0.13129591941833496,-0.21152931451797485,-0.018300037033100125,-0.17166286706924438,-0.29877644777297974,-0.04928564014210224,-0.20832830667495728,-0.3462817668914795,-0.054428589663643834,-0.2378218173980713,-0.3913159966468811,-0.04520960631145954
Y,0.0,0.0,0.0,0.05871790647506714,-0.08262717723846436,-0.045177058198191844,0.10304868221282959,-0.20858347415924072,-0.0601918109438202,0.13332730531692505,-0.3166577219963074,-0.07534334144804689,0.13441228866577148,-0.39305058121681213,-0.08285744569514009,0.013150572776794434,-0.3025627136230469,-0.022194073416926585,-0.029178142547607422,-0.33107247948646545,-0.07336532405827256,-0.02098137140274048,-0.22915226221084595,-0.09629273495886537,-0.002005279064178467,-0.1629621386528015,-0.09620364836666795,-0.04162472486495972,-0.2780451774597168,-0.013735031590499602,-0.0782727599143982,-0.29852181673049927,-0.07986615679476472,-0.05751305818557739,-0.18546456098556519,-0.0979810365221283,-0.03255784511566162,-0.11528539657592773,-0.08976656279776307,-0.08912050724029541,-0.2451878786087036,-0.014382175051309787,-0.12697243690490723,-0.26877981424331665,-0.07746929011557313,-0.10064804553985596,-0.16782712936401367,-0.08107295713637086,-0.06884020566940308,-0.0997820496559143,-0.05898552841756555,-0.13108870387077332,-0.2101888656616211,-0.018435620584227763,-0.17191439867019653,-0.2971639037132263,-0.04894739843223306,-0.2083417773246765,-0.34543031454086304,-0.05398211336944314,-0.23770031332969666,-0.3909790515899658,-0.04492096684191438
Y,0.0,0.0,0.0,0.05962926149368286,-0.08391863107681274,-0.04441750175641346,0.10581135749816895,-0.21068501472473145,-0.05877143270657825,0.13577920198440552,-0.31875839829444885,-0.0734321152357893,0.1349499225616455,-0.39461225271224976,-0.08030108115957546,0.014382243156433105,-0.3061012625694275,-0.01963129206882286,-0.02792191505432129,-0.3331395983695984,-0.07016040883348751,-0.019395291805267334,-0.23065930604934692,-0.09280660502003002,-0.00033223628997802734,-0.1645371913909912,-0.09247539691017437,-0.04076570272445679,-0.2824268341064453,-0.011435444795949934,-0.07698094844818115,-0.3014087677001953,-0.07679143301533031,-0.055740952491760254,-0.1874186396598816,-0.09489990524338054,-0.031181514263153076,-0.11774808168411255,-0.08665562174604702,-0.08830547332763672,-0.24949520826339722,-0.012328403399749277,-0.12598904967308044,-0.27245795726776123,-0.0752229442386465,-0.09958139061927795,-0.16968977451324463,-0.07870369158075619,-0.06846010684967041,-0.10122358798980713,-0.05637914440916347,-0.12998074293136597,-0.2137848138809204,-0.016570537680252073,-0.1705087125301361,-0.30081653594970703,-0.046734930345280645,-0.20685487985610962,-0.3482745885848999,-0.051230849096043585,-0.23675906658172607,-0.3935204744338989,-0.041629483321173666
Y,0.0,0.0,0.0,0.06066972017288208,-0.08386588096618652,-0.043838822568375235,0.10765761137008667,-0.20806682109832764,-0.05854433151574767,0.13801437616348267,-0.31495189666748047,-0.07363934564085639,0.13939064741134644,-0.39072537422180176,-0.08108640211315787,0.017088711261749268,-0.30588555335998535,-0.02088283310325778,-0.024906277656555176,-0.33284980058670044,-0.07129099714251197,-0.016536295413970947,-0.230135977268219,-0.09366086619587577,0.002458930015563965,-0.16433805227279663,-0.09332843619080222,-0.03871309757232666,-0.28339946269989014,-0.012891910324412947,-0.07476413249969482,-0.3009127378463745,-0.07787889736385978,-0.05434495210647583,-0.1855008602142334,-0.09532963233681357,-0.02992844581604004,-0.11626207828521729,-0.08690348016710914,-0.08671247959136963,-0.25077950954437256,-0.01376275560500062,-0.12365734577178955,-0.27224665880203247,-0.07684229808540977,-0.09806561470031738,-0.16829997301101685,-0.08003996061773933,-0.06723451614379883,-0.09978115558624268,-0.05770289274545348,-0.12842416763305664,-0.21500295400619507,-0.017826616118270522,-0.16920053958892822,-0.3011232018470764,-0.04856184991689361,-0.20552146434783936,-0.347919225692749,-0.05308173346014655,-0.23495781421661377,-0.39300331473350525,-0.04348461824150718
Y,0.0,0.0,0.0,0.060469985008239746,-0.08582669496536255,-0.04346476006600142,0.10824942588806152,-0.20974361896514893,-0.057981665016143324,0.13974100351333618,-0.3173002600669861,-0.0733323160121131,0.141265869140625,-0.3949364423751831,-0.08079425874444723,0.01944553852081299,-0.3108326196670532,-0.015933020741670134,-0.022541046142578125,-0.33816224336624146,-0.06705395761224509,-0.014762163162231445,-0.23526793718338013,-0.09084716323110342,0.0044705867767333984,-0.16932231187820435,-0.0913350123474288,-0.037096500396728516,-0.2889217138290405,-0.008697931424705985,-0.07250368595123291,-0.3094647526741028,-0.07537597301694632,-0.0527876615524292,-0.19228577613830566,-0.09472818556520224,-0.02845454216003418,-0.12098342180252075,-0.08676407370063544,-0.0863075852394104,-0.2565622329711914,-0.010702786737113001,-0.12285810708999634,-0.2794899344444275,-0.07513742777797461,-0.09824484586715698,-0.1738220453262329,-0.07927594217750311,-0.06724387407302856,-0.10384094715118408,-0.056738740534513,-0.1290508508682251,-0.22128087282180786,-0.015966784910290244,-0.16959083080291748,-0.3074547052383423,-0.04715442168804884,-0.2063831090927124,-0.35438287258148193,-0.05199412140342474,-0.23575305938720703,-0.40033841133117676,-0.04223003494831801
Y,0.0,0.0,0.0,0.05991661548614502,-0.08431261777877808,-0.04370691447536501,0.10626935958862305,-0.20825541019439697,-0.05879887013713869,0.13865691423416138,-0.3147706389427185,-0.0747561697570518,0.1437300443649292,-0.3913228213787079,-0.0828270707933143,0.01896899938583374,-0.306884765625,-0.018694935431881277,-0.023821651935577393,-0.3366345465183258,-0.06941729976813349,-0.01493847370147705,-0.23412245512008667,-0.09212691529671702,0.004814326763153076,-0.16866451501846313,-0.09211212589423212,-0.03777223825454712,-0.2839049696922302,-0.011754813669426767,-0.07295572757720947,-0.3055030107498169,-0.07814779325406107,-0.05197423696517944,-0.1904340386390686,-0.09679313196818384,-0.02775704860687256,-0.12054276466369629,-0.0888506714908317,-0.0868070125579834,-0.251819908618927,-0.013911042427821485,-0.12313973903656006,-0.27783799171447754,-0.07757123752514872,-0.09711906313896179,-0.1732667088508606,-0.08084166987816843,-0.06631147861480713,-0.10326433181762695,-0.05839734717289957,-0.12895742058753967,-0.21704578399658203,-0.01946910663525614,-0.16997918486595154,-0.303276002407074,-0.05020396231691393,-0.20599216222763062,-0.35170048475265503,-0.05497603683750185,-0.2349798083305359,-0.3985465466976166,-0.04569850309769663
Y,0.0,0.0,0.0,0.059977054595947266,-0.08457481861114502,-0.04326165057932485,0.10617369413375854,-0.20996564626693726,-0.05820238180672277,0.13799792528152466,-0.31729406118392944,-0.07404760979329694,0.14247167110443115,-0.3948034644126892,-0.08195694498931516,0.018479645252227783,-0.3114149570465088,-0.018178831415525565,-0.024831116199493408,-0.3394347131252289,-0.0690120678416406,-0.015760064125061035,-0.2361663579940796,-0.09197254441892255,0.003956973552703857,-0.1705605387687683,-0.09207945279990781,-0.03810298442840576,-0.2878873944282532,-0.011419351773611197,-0.07358133792877197,-0.30782371759414673,-0.07791792564307798,-0.052207112312316895,-0.19225943088531494,-0.09660057686483015,-0.02789473533630371,-0.12206053733825684,-0.08855731748258222,-0.08692780137062073,-0.2551933526992798,-0.013744768316200862,-0.12382164597511292,-0.2810889482498169,-0.0775509323946153,-0.0974612832069397,-0.17632168531417847,-0.080855801331154,-0.0662611722946167,-0.10628312826156616,-0.05827944688712705,-0.1290091872215271,-0.21996068954467773,-0.019416877629510054,-0.17035821080207825,-0.3065548539161682,-0.05050369687592138,-0.206839919090271,-0.3549715578556061,-0.05548113547479261,-0.2361462116241455,-0.4016619622707367,-0.04610388316427816
Y,0.0,0.0,0.0,0.05980008840560913,-0.08381164073944092,-0.04279409005096113,0.1070554256439209,-0.21010714769363403,-0.05736168502619421,0.1393955945968628,-0.31748872995376587,-0.07278941227843916,0.14280802011489868,-0.39539021253585815,-0.08047673507383024,0.01955127716064453,-0.31122416257858276,-0.017884923431779498,-0.022918403148651123,-0.3375794291496277,-0.06770607485225355,-0.014682769775390625,-0.23505592346191406,-0.09019124909093534,0.004942357540130615,-0.16915899515151978,-0.09017219050576841,-0.03735607862472534,-0.28826087713241577,-0.01139441161205923,-0.07158362865447998,-0.3092280626296997,-0.07704496784856474,-0.05119001865386963,-0.19347697496414185,-0.09590893639972364,-0.027222871780395508,-0.12154948711395264,-0.08810092909982359,-0.08659690618515015,-0.2555578351020813,-0.013750206965710277,-0.1224052906036377,-0.28072696924209595,-0.07684312416961347,-0.09712940454483032,-0.17527908086776733,-0.08023218466689741,-0.06661003828048706,-0.10477358102798462,-0.05791348992636358,-0.12902933359146118,-0.21995151042938232,-0.019386608440186137,-0.17040666937828064,-0.30592209100723267,-0.0497325549905554,-0.2068617343902588,-0.35312652587890625,-0.053999312508608455,-0.2360101044178009,-0.3994017541408539,-0.04425649001052534
Y,0.0,0.0,0.0,0.06047213077545166,-0.08549308776855469,-0.04265275219125897,0.10711777210235596,-0.2100132703781128,-0.05744672560734898,0.13910740613937378,-0.31693631410598755,-0.07319429138345868,0.14489507675170898,-0.39379411935806274,-0.08119375625295788,0.0203821063041687,-0.30929893255233765,-0.019043665320111813,-0.023578345775604248,-0.3353464603424072,-0.06962807098074109,-0.015058279037475586,-0.23256313800811768,-0.0921422428791061,0.004672706127166748,-0.16735363006591797,-0.09205519029541165,-0.03662329912185669,-0.2856632471084595,-0.012559771478606763,-0.07326126098632812,-0.30389416217803955,-0.07850084075374753,-0.052191853523254395,-0.1890939474105835,-0.09669404843492657,-0.027598023414611816,-0.11986058950424194,-0.08868351945324093,-0.08558320999145508,-0.25276875495910645,-0.014984718464745583,-0.12321293354034424,-0.2755308151245117,-0.07871050009174496,-0.09654155373573303,-0.17162811756134033,-0.08209316054029614,-0.06499117612838745,-0.10298013687133789,-0.059828445256187024,-0.12795627117156982,-0.21703588962554932,-0.020602550298406186,-0.16941124200820923,-0.30226755142211914,-0.05178152018828541,-0.2057684361934662,-0.3500685393810272,-0.056698672414256635,-0.23524481058120728,-0.39660635590553284,-0.04746599489493519
Y,0.0,0.0,0.0,0.05994415283203125,-0.08410662412643433,-0.043215424263337354,0.10602211952209473,-0.21101462841033936,-0.057848748260596494,0.13768041133880615,-0.31873834133148193,-0.07320783703909228,0.14216351509094238,-0.39623385667800903,-0.08092061846838305,0.01857626438140869,-0.31039392948150635,-0.01934133886680911,-0.023229479789733887,-0.33739838004112244,-0.07050333588705371,-0.01567375659942627,-0.23449647426605225,-0.09354240863905261,0.003088235855102539,-0.16750693321228027,-0.09352124153957675,-0.03804373741149902,-0.2867652177810669,-0.01260050150887082,-0.0729990005493164,-0.30708038806915283,-0.07904046445474933,-0.052245378494262695,-0.19205451011657715,-0.09779377698288272,-0.027821123600006104,-0.1208810806274414,-0.08973037123070071,-0.08686596155166626,-0.25401878356933594,-0.0148495281799228,-0.12306216359138489,-0.27654510736465454,-0.07900212376699756,-0.09648710489273071,-0.17300570011138916,-0.08315243988619159,-0.0654638409614563,-0.10428869724273682,-0.06104235767708133,-0.12943154573440552,-0.2187443971633911,-0.02023382901535342,-0.17165762186050415,-0.3035151958465576,-0.0513305593966038,-0.20794248580932617,-0.3504432439804077,-0.05608655556426356,-0.23735231161117554,-0.3963555693626404,-0.046516433799126844
Y,0.0,0.0,0.0,0.059831082820892334,-0.08446043729782104,-0.04296637203174214,0.10653561353683472,-0.21163517236709595,-0.057587939012819334,0.13837987184524536,-0.3199046850204468,-0.0728644828088818,0.14317166805267334,-0.39763742685317993,-0.08041351537781338,0.020196735858917236,-0.3127061128616333,-0.01854845944421868,-0.021858632564544678,-0.3374810814857483,-0.06848876427488904,-0.014123797416687012,-0.2348197102546692,-0.09105143945294003,0.004849255084991455,-0.16857624053955078,-0.09114980201798062,-0.036828041076660156,-0.28994590044021606,-0.011772553134733243,-0.07141357660293579,-0.30916303396224976,-0.07637137423830609,-0.050948917865753174,-0.19405347108840942,-0.09456910442190747,-0.027478814125061035,-0.1233452558517456,-0.08685506384449582,-0.08601471781730652,-0.256869912147522,-0.013863806311064764,-0.12214154005050659,-0.27997928857803345,-0.07661289225893597,-0.09609341621398926,-0.17506134510040283,-0.07982421170549969,-0.06578922271728516,-0.10516321659088135,-0.057773871976905866,-0.1285719871520996,-0.22038793563842773,-0.019160861779027982,-0.17118698358535767,-0.30517131090164185,-0.0496471586413918,-0.20792120695114136,-0.35172539949417114,-0.05391115571933369,-0.23802700638771057,-0.3977224826812744,-0.04433552052455525
Y,0.0,0.0,0.0,0.05982547998428345,-0.08396261930465698,-0.042602085998908024,0.1058771014213562,-0.20979434251785278,-0.05733155228818987,0.1376214623451233,-0.31714683771133423,-0.0728925406249914,0.14356279373168945,-0.39439529180526733,-0.08079297982777689,0.01912778615951538,-0.31018680334091187,-0.019131570613637905,-0.023372113704681396,-0.33624935150146484,-0.06955434524144266,-0.015609204769134521,-0.2336747646331787,-0.09206108891095255,0.003214240074157715,-0.16668570041656494,-0.09195542477692698,-0.03767228126525879,-0.286702036857605,-0.012619656069830398,-0.07288748025894165,-0.30528414249420166,-0.07818363749112223,-0.05203324556350708,-0.19079214334487915,-0.0964419483455572,-0.028126239776611328,-0.12059301137924194,-0.08854220204676722,-0.08662557601928711,-0.25354641675949097,-0.014940025775388222,-0.12323057651519775,-0.2771206498146057,-0.07865710698689554,-0.09695979952812195,-0.17223209142684937,-0.08193158500517939,-0.06648945808410645,-0.10216730833053589,-0.059642442992583256,-0.12888890504837036,-0.2176303267478943,-0.02037805274750326,-0.1709083914756775,-0.3025040626525879,-0.051649676195040684,-0.20756834745407104,-0.3488643169403076,-0.05611312159027193,-0.23793435096740723,-0.39458101987838745,-0.04648124568785761
Y,0.0,0.0,0.0,0.059622764587402344,-0.08369100093841553,-0.04304980741187592,0.10646206140518188,-0.21053797006607056,-0.05775517852350731,0.13929086923599243,-0.3181024193763733,-0.0732249456767704,0.1449567675590515,-0.3955470323562622,-0.08098642410084267,0.019354045391082764,-0.31080150604248047,-0.018713212323632433,-0.023306727409362793,-0.3378669023513794,-0.06904762865349312,-0.01600348949432373,-0.23487865924835205,-0.09167116017385979,0.0030114054679870605,-0.1677364706993103,-0.09170636416718025,-0.037391483783721924,-0.28745758533477783,-0.012007828553464606,-0.07290607690811157,-0.307476282119751,-0.0776236119990017,-0.05216413736343384,-0.19261032342910767,-0.09598506869122048,-0.027818799018859863,-0.1218576431274414,-0.0880935403828289,-0.08652019500732422,-0.2542409300804138,-0.014272129846062853,-0.12342023849487305,-0.27901309728622437,-0.07747725279375572,-0.0971350371837616,-0.17432183027267456,-0.08065586419149895,-0.06604456901550293,-0.10434287786483765,-0.05838547156497498,-0.12918254733085632,-0.21785426139831543,-0.019822961402383044,-0.17034000158309937,-0.30370980501174927,-0.05078504489108582,-0.20729026198387146,-0.3505896329879761,-0.0554789888982441,-0.23787236213684082,-0.3965966999530792,-0.04609514282390137
Y,0.0,0.0,0.0,0.06056809425354004,-0.08415234088897705,-0.044155239522183365,0.10766440629959106,-0.2099282145500183,-0.059723007887328095,0.14051872491836548,-0.31747275590896606,-0.0758239211735372,0.1474761962890625,-0.3956717252731323,-0.08401017209860129,0.022216081619262695,-0.3146090507507324,-0.01914197897883696,-0.021055400371551514,-0.34041938185691833,-0.06949123313995642,-0.014484167098999023,-0.23726165294647217,-0.09215659967037482,0.004579603672027588,-0.17025774717330933,-0.09223967364403052,-0.034988224506378174,-0.29183465242385864,-0.011852219164097733,-0.06977576017379761,-0.3107316493988037,-0.07776016315790457,-0.050242066383361816,-0.19447702169418335,-0.09645899704071326,-0.0267217755317688,-0.12311065196990967,-0.08864364346834464,-0.08468705415725708,-0.25841224193573,-0.013552159465575642,-0.1205451488494873,-0.28149914741516113,-0.07749106308790488,-0.09512609243392944,-0.17599183320999146,-0.08126707693907065,-0.06447011232376099,-0.10566282272338867,-0.05913859924646658,-0.1275900900363922,-0.22179514169692993,-0.018508124559843964,-0.17001265287399292,-0.30602240562438965,-0.04980490303012175,-0.20744067430496216,-0.3515700101852417,-0.05460924974056525,-0.2379058599472046,-0.3967929482460022,-0.04514253830882353
Y,0.0,0.0,0.0,0.060019731521606445,-0.0869479775428772,-0.043178034392894915,0.1079491376876831,-0.21182340383529663,-0.05859199669748705,0.1411917805671692,-0.3186759352684021,-0.07459988575965326,0.14806699752807617,-0.39670082926750183,-0.0826605571487562,0.021476149559020996,-0.3143894672393799,-0.018983672750891856,-0.021187663078308105,-0.33982542157173157,-0.0695004550793783,-0.013935327529907227,-0.23676800727844238,-0.09240885209828775,0.004934966564178467,-0.1705036163330078,-0.09267760199099939,-0.036429643630981445,-0.2922634482383728,-0.012153097806276492,-0.07060575485229492,-0.3097378611564636,-0.07784853261500757,-0.050647854804992676,-0.19370174407958984,-0.0964046133735792,-0.026946425437927246,-0.12349444627761841,-0.08872713279515665,-0.08601939678192139,-0.25949716567993164,-0.014179698569478205,-0.12147879600524902,-0.28250205516815186,-0.07779774200707834,-0.0963183343410492,-0.17650586366653442,-0.08104405683070581,-0.06566309928894043,-0.10608744621276855,-0.058789377478660754,-0.12831932306289673,-0.22357147932052612,-0.0194435076841728,-0.1710386872291565,-0.30595511198043823,-0.05075241011172693,-0.20860067009925842,-0.3508341312408447,-0.05537095051795404,-0.23893895745277405,-0.39598721265792847,-0.045779393432439974
Y,0.0,0.0,0.0,0.060739755630493164,-0.08601182699203491,-0.041588052970723766,0.10842430591583252,-0.20951920747756958,-0.05652540908511128,0.14087629318237305,-0.3148816227912903,-0.07263682023938145,0.14807450771331787,-0.39175957441329956,-0.08131311820204701,0.020301342010498047,-0.30826157331466675,-0.018191797522263187,-0.02087622880935669,-0.3343072533607483,-0.0684950424855515,-0.013338327407836914,-0.23252183198928833,-0.09178247289116825,0.005125701427459717,-0.16473162174224854,-0.0924283041184708,-0.03706842660903931,-0.2850568890571594,-0.012375713189499038,-0.07032972574234009,-0.30443519353866577,-0.07782134400065388,-0.04971027374267578,-0.19000506401062012,-0.09696947769577946,-0.0260809063911438,-0.11766111850738525,-0.08991502211745228,-0.08635663986206055,-0.25205183029174805,-0.015194753979699271,-0.12146684527397156,-0.2767050862312317,-0.07815160588677372,-0.09542542695999146,-0.17189699411392212,-0.08148356513436283,-0.0647619366645813,-0.10050725936889648,-0.05958807827289547,-0.12878650426864624,-0.21601903438568115,-0.02115795561428513,-0.17176467180252075,-0.298264741897583,-0.05195634053404774,-0.20884999632835388,-0.343895822763443,-0.05629290626700367,-0.2391875684261322,-0.38950440287590027,-0.04682820649202313
Y,0.0,0.0,0.0,0.06119644641876221,-0.08503347635269165,-0.04282038283491829,0.10877901315689087,-0.20904356241226196,-0.05816253644371727,0.14029663801193237,-0.31533968448638916,-0.07440907505298355,0.1473800539970398,-0.3918376863002777,-0.08307532963300446,0.02132779359817505,-0.30702465772628784,-0.020364494965917856,-0.021347522735595703,-0.33525577187538147,-0.07107871768022278,-0.014103829860687256,-0.23192143440246582,-0.09410874542737702,0.005061745643615723,-0.16440975666046143,-0.09451800581956604,-0.0359683632850647,-0.2828523516654968,-0.013836655737407,-0.07123363018035889,-0.30583882331848145,-0.08041355011010864,-0.05007821321487427,-0.19101232290267944,-0.09941086915279129,-0.025063157081604004,-0.11838394403457642,-0.09197592732454041,-0.0853387713432312,-0.2501479387283325,-0.015971153946168215,-0.12183475494384766,-0.2758033275604248,-0.07968287912154892,-0.0946706235408783,-0.17160892486572266,-0.08327736702705124,-0.06291764974594116,-0.10058337450027466,-0.06125993651295403,-0.128057062625885,-0.21540188789367676,-0.02125741352284649,-0.171125590801239,-0.298725962638855,-0.05191372704649666,-0.2079952359199524,-0.3445056676864624,-0.056421376736409456,-0.23804810643196106,-0.38915538787841797,-0.047127082915551455
Y,0.0,0.0,0.0,0.06086277961730957,-0.08551454544067383,-0.0417912077854794,0.10845762491226196,-0.20970535278320312,-0.05662440478312192,0.139959454536438,-0.31555819511413574,-0.07262787192570386,0.14722055196762085,-0.3927759528160095,-0.08111356913553891,0.022037982940673828,-0.3083229660987854,-0.01862398504721341,-0.019688963890075684,-0.33634716272354126,-0.06863655864702878,-0.012154340744018555,-0.23368340730667114,-0.0912631076525372,0.007074475288391113,-0.16623783111572266,-0.09155828475462613,-0.035584449768066406,-0.28426963090896606,-0.01293485208856282,-0.06975793838500977,-0.30826741456985474,-0.07917295366036115,-0.04918098449707031,-0.19384217262268066,-0.09843030541645703,-0.02467566728591919,-0.12056982517242432,-0.09117393910395322,-0.0852733850479126,-0.2511444091796875,-0.015864507923595284,-0.12070071697235107,-0.27731990814208984,-0.07950426607834515,-0.09444296360015869,-0.17343813180923462,-0.08344584673153577,-0.06331229209899902,-0.10238438844680786,-0.061724140937201355,-0.12808802723884583,-0.2157490849494934,-0.021864698896877144,-0.17149460315704346,-0.29844164848327637,-0.05267002030717549,-0.2088819146156311,-0.34415826201438904,-0.05732438683020291,-0.23921063542366028,-0.3891215920448303,-0.04818979620443997
Y,0.0,0.0,0.0,0.061387479305267334,-0.0866428017616272,-0.041366632100846346,0.1095004677772522,-0.21084481477737427,-0.056102312174346025,0.1408390998840332,-0.3163082003593445,-0.07193360012462335,0.14719194173812866,-0.39364099502563477,-0.0801385892598887,0.02350449562072754,-0.3078117370605469,-0.01918642130186754,-0.01757150888442993,-0.33791810274124146,-0.06942579430034357,-0.010531008243560791,-0.23511701822280884,-0.09219704848220545,0.00797879695892334,-0.16773635149002075,-0.09266708326032358,-0.03392589092254639,-0.28429555892944336,-0.013592856009211118,-0.06879764795303345,-0.31011420488357544,-0.07999094855478006,-0.04879415035247803,-0.19613796472549438,-0.09911795985391336,-0.02421647310256958,-0.12293064594268799,-0.09183268528869348,-0.08395099639892578,-0.2519015669822693,-0.016604759734775598,-0.11961907148361206,-0.2783172130584717,-0.07978954446008402,-0.09311643242835999,-0.17575323581695557,-0.08356732409885126,-0.06129264831542969,-0.10557770729064941,-0.061995669272448595,-0.12724891304969788,-0.2174825668334961,-0.02272011805763441,-0.17041856050491333,-0.2993043065071106,-0.053448787894751604,-0.20762956142425537,-0.34524038434028625,-0.058525479403044756,-0.23754847049713135,-0.39076024293899536,-0.04989306536009508
Y,0.0,0.0,0.0,0.06169098615646362,-0.08870410919189453,-0.040431728030341674,0.10972332954406738,-0.21217894554138184,-0.05463544782509189,0.14103782176971436,-0.3169698119163513,-0.07016594093551021,0.14861994981765747,-0.3939819931983948,-0.07811348270882945,0.022829532623291016,-0.30957794189453125,-0.016363456289070655,-0.016913294792175293,-0.34022465348243713,-0.06664507221688609,-0.009950757026672363,-0.23809945583343506,-0.08984492849816661,0.008041739463806152,-0.16979700326919556,-0.090530374462503,-0.03444772958755493,-0.28640180826187134,-0.01101630497981887,-0.06834238767623901,-0.312240332365036,-0.07739564907063823,-0.04861253499984741,-0.19783812761306763,-0.09678057711829524,-0.024937868118286133,-0.1242750883102417,-0.0895143313359199,-0.08438384532928467,-0.2540610432624817,-0.014430513049262572,-0.11919942498207092,-0.28080862760543823,-0.07778886836280208,-0.0927373468875885,-0.17798572778701782,-0.0816509736727653,-0.061289846897125244,-0.10720878839492798,-0.05996615197767596,-0.1273198127746582,-0.21947771310806274,-0.020890082607763816,-0.16979050636291504,-0.3022928833961487,-0.052155097390311767,-0.2067297101020813,-0.3493844270706177,-0.057561819816726256,-0.23697158694267273,-0.3961223363876343,-0.04898854848255496
Y,0.0,0.0,0.0,0.06118220090866089,-0.08552992343902588,-0.040196464911730345,0.1084173321723938,-0.20804136991500854,-0.055061338052780684,0.14010077714920044,-0.3121539354324341,-0.07119916151526695,0.1490945816040039,-0.38874274492263794,-0.07995479326012855,0.023517370223999023,-0.30716049671173096,-0.01876122276547676,-0.017178773880004883,-0.33736860752105713,-0.06879072408440834,-0.010883688926696777,-0.2360285520553589,-0.09160821656945473,0.0072397589683532715,-0.16833090782165527,-0.0921823061561895,-0.03425842523574829,-0.2839575409889221,-0.013756462887556609,-0.0684577226638794,-0.3102112412452698,-0.0797056979990316,-0.0490950345993042,-0.19644016027450562,-0.09867591182950264,-0.025041639804840088,-0.12259793281555176,-0.09120776276353126,-0.084389328956604,-0.251994788646698,-0.01716677057805782,-0.11919301748275757,-0.277698278427124,-0.07980133365157371,-0.0933336615562439,-0.17522579431533813,-0.08347077439788109,-0.06225478649139404,-0.10522270202636719,-0.061919165358574446,-0.12756124138832092,-0.21792876720428467,-0.023532686338455733,-0.16983142495155334,-0.29948294162750244,-0.05382088343861824,-0.20616382360458374,-0.3449096977710724,-0.05837555001738792,-0.23567456007003784,-0.3900640606880188,-0.049321682707102354
Y,0.0,0.0,0.0,0.06127345561981201,-0.08657342195510864,-0.041453825130588484,0.10846030712127686,-0.2058417797088623,-0.056948082342273665,0.13998138904571533,-0.3101353645324707,-0.07343590055359073,0.14875781536102295,-0.3877341151237488,-0.0824936235393352,0.02386641502380371,-0.30570340156555176,-0.018223484798795653,-0.016784310340881348,-0.333926796913147,-0.06847937945974536,-0.010744571685791016,-0.23370236158370972,-0.0925067791785068,0.007123112678527832,-0.16617625951766968,-0.09425825421465106,-0.03411358594894409,-0.2833215594291687,-0.012630997046358061,-0.0684540867805481,-0.30865126848220825,-0.0784115472878284,-0.04932814836502075,-0.19556033611297607,-0.09828682784689136,-0.025608062744140625,-0.12186563014984131,-0.09196612034691043,-0.08425462245941162,-0.25109773874282837,-0.01568418723297782,-0.11901003122329712,-0.27683335542678833,-0.07867549155605502,-0.09375542402267456,-0.1752915382385254,-0.08304314111126132,-0.06275767087936401,-0.10485225915908813,-0.062211973413354826,-0.12688973546028137,-0.21665889024734497,-0.021841704666144324,-0.16941982507705688,-0.2976425290107727,-0.053225951089984846,-0.2065873146057129,-0.343258798122406,-0.05884167720330424,-0.23691058158874512,-0.38847848773002625,-0.050660954609043074
Y,0.0,0.0,0.0,0.0613439679145813,-0.08539021015167236,-0.04148956075255228,0.10845673084259033,-0.20508325099945068,-0.05686641544048143,0.1398506760597229,-0.3093561828136444,-0.07330823749248339,0.14878743886947632,-0.38686060905456543,-0.08252707928363634,0.023934543132781982,-0.3039228618144989,-0.018795977010768183,-0.016736328601837158,-0.33377742767333984,-0.0691677337879355,-0.011072397232055664,-0.233354389667511,-0.09333173990194155,0.006630122661590576,-0.1649525761604309,-0.09512223362867189,-0.03393632173538208,-0.2811504006385803,-0.013106245211702117,-0.06844824552536011,-0.30759406089782715,-0.07912321448270632,-0.049694955348968506,-0.1944405436515808,-0.09919841647092653,-0.025710999965667725,-0.1198468804359436,-0.09294983059112383,-0.0841977596282959,-0.24899816513061523,-0.01601954050306631,-0.11895141005516052,-0.27585315704345703,-0.07914619952384783,-0.09402060508728027,-0.17401880025863647,-0.08380462288801027,-0.06310540437698364,-0.10285526514053345,-0.0630744105571921,-0.1269872784614563,-0.21474063396453857,-0.02201393864993406,-0.16981124877929688,-0.2964708209037781,-0.053622563033741244,-0.2069714069366455,-0.3424909710884094,-0.059524685739916094,-0.23697999119758606,-0.38754650950431824,-0.05149801880065752
Y,0.0,0.0,0.0,0.06145763397216797,-0.0844956636428833,-0.04113682467959734,0.10877817869186401,-0.20422184467315674,-0.05649382357023569,0.1400461196899414,-0.30791088938713074,-0.0729219514551005,0.14859288930892944,-0.384805828332901,-0.08203553144358011,0.022976338863372803,-0.30309346318244934,-0.019549013269170246,-0.0170135498046875,-0.33251723647117615,-0.06929728124760004,-0.010415852069854736,-0.2321740984916687,-0.09262485538147303,0.0074152350425720215,-0.16476547718048096,-0.09394836161754938,-0.0348505973815918,-0.28045767545700073,-0.014188194801135978,-0.06833547353744507,-0.3052383065223694,-0.0792524192156634,-0.04839521646499634,-0.1927051544189453,-0.09850842986725183,-0.024099647998809814,-0.12032449245452881,-0.09199052785061212,-0.0846361517906189,-0.24825841188430786,-0.017270400342567882,-0.11871939897537231,-0.27399080991744995,-0.079354626280292,-0.09263479709625244,-0.1725773811340332,-0.08318050686739298,-0.06153106689453125,-0.10268795490264893,-0.062304501575454196,-0.12723404169082642,-0.21393269300460815,-0.023451554742678127,-0.16972097754478455,-0.2948307991027832,-0.054205470872148,-0.2064036726951599,-0.3408307731151581,-0.05936940495394083,-0.23623239994049072,-0.3862847685813904,-0.05103883628271433
